method,speedup,ssim,samples
all_c,3.842703233179022,0.20266811695779158,5
all_q,1.0513652247633691,0.6768883808339677,5
dense,1.0,1.0,5
