noise_mode,layer,flow_point,timestep,method,activation_relative_l2,activation_mean_relative_l2,activation_p95_relative_l2,rank8_energy,feature_coefficient_r2,previous_flow_coefficient_r2,flow_rank8_energy
aligned,0,0,98,raw_reuse,1.279313805385321,1.2842779159545898,1.500344043970108,0.8608798634841834,0.8105497728436684,0.999890520356553,0.6031370267258581
aligned,0,0,98,shift_reuse,0.044573255768360534,0.04564860463142395,0.0563554972410202,0.8608798634841834,0.8105497728436684,0.999890520356553,0.6031370267258581
aligned,0,0,98,shift_toeplitz_r2,0.02859550898171862,0.02925731986761093,0.03622820489108562,0.8608798634841834,0.8105497728436684,0.999890520356553,0.6031370267258581
aligned,0,0,98,shift_circular_r2,0.028357726047778843,0.029011400416493416,0.035744578950107096,0.8608798634841834,0.8105497728436684,0.999890520356553,0.6031370267258581
aligned,0,0,98,shift_rank8_feature,0.018291285451851807,0.01860051043331623,0.022860052529722452,0.8608798634841834,0.8105497728436684,0.999890520356553,0.6031370267258581
aligned,0,0,98,shift_rank8_prev_flow,0.016626306511282374,0.016916239634156227,0.020708686392754316,0.8608798634841834,0.8105497728436684,0.999890520356553,0.6031370267258581
aligned,0,0,98,shift_rank8_oracle,0.016625294802885413,0.01691512018442154,0.020703497901558877,0.8608798634841834,0.8105497728436684,0.999890520356553,0.6031370267258581
aligned,0,0,98,flow_reuse,0.007770044675453213,0.007800016552209854,0.011420885706320404,0.8608798634841834,0.8105497728436684,0.999890520356553,0.6031370267258581
aligned,0,0,98,flow_toeplitz_r2,0.007134258804214318,0.007165146991610527,0.010433033667504785,0.8608798634841834,0.8105497728436684,0.999890520356553,0.6031370267258581
aligned,0,0,98,flow_rank8_oracle,0.004894899807421055,0.004971970338374376,0.006585686770267785,0.8608798634841834,0.8105497728436684,0.999890520356553,0.6031370267258581
aligned,1,0,98,raw_reuse,0.9263106286784196,0.9245994687080383,1.0459595799446106,0.7307903683573322,0.7493854827831674,0.9997793552774931,0.5379268150220382
aligned,1,0,98,shift_reuse,0.07340652840142747,0.07423126697540283,0.09236733987927437,0.7307903683573322,0.7493854827831674,0.9997793552774931,0.5379268150220382
aligned,1,0,98,shift_toeplitz_r2,0.053869167274802184,0.05436696484684944,0.06780163645744323,0.7307903683573322,0.7493854827831674,0.9997793552774931,0.5379268150220382
aligned,1,0,98,shift_circular_r2,0.053665668150387376,0.05416347458958626,0.0673720646649599,0.7307903683573322,0.7493854827831674,0.9997793552774931,0.5379268150220382
aligned,1,0,98,shift_rank8_feature,0.041857706975169134,0.04215623810887337,0.05191755052655935,0.7307903683573322,0.7493854827831674,0.9997793552774931,0.5379268150220382
aligned,1,0,98,shift_rank8_prev_flow,0.03809076465165422,0.038372185081243515,0.046346640773117544,0.7307903683573322,0.7493854827831674,0.9997793552774931,0.5379268150220382
aligned,1,0,98,shift_rank8_oracle,0.038087282087078456,0.038368675857782364,0.04633050076663494,0.7307903683573322,0.7493854827831674,0.9997793552774931,0.5379268150220382
aligned,1,0,98,flow_reuse,0.01669231232291068,0.0168450940400362,0.02036152593791485,0.7307903683573322,0.7493854827831674,0.9997793552774931,0.5379268150220382
aligned,1,0,98,flow_toeplitz_r2,0.013079402852638656,0.013163931667804718,0.01653733467683196,0.7307903683573322,0.7493854827831674,0.9997793552774931,0.5379268150220382
aligned,1,0,98,flow_rank8_oracle,0.011346760421723837,0.011427454650402069,0.01479881969280541,0.7307903683573322,0.7493854827831674,0.9997793552774931,0.5379268150220382
aligned,2,0,98,raw_reuse,0.8011374027337733,0.7951655387878418,0.9898235559463501,0.6958306101189787,0.6289452606140319,0.9995678325204324,0.5918984522045584
aligned,2,0,98,shift_reuse,0.06508515495489876,0.06561052054166794,0.07979855351150035,0.6958306101189787,0.6289452606140319,0.9995678325204324,0.5918984522045584
aligned,2,0,98,shift_toeplitz_r2,0.04946142240235002,0.04983749985694885,0.06263281032443047,0.6958306101189787,0.6289452606140319,0.9995678325204324,0.5918984522045584
aligned,2,0,98,shift_circular_r2,0.04930416097928399,0.04967767000198364,0.06232907604426145,0.6958306101189787,0.6289452606140319,0.9995678325204324,0.5918984522045584
aligned,2,0,98,shift_rank8_feature,0.040101334497725544,0.04025451838970184,0.04849015176296234,0.6958306101189787,0.6289452606140319,0.9995678325204324,0.5918984522045584
aligned,2,0,98,shift_rank8_prev_flow,0.03590065645481929,0.03606975078582764,0.04493110403418541,0.6958306101189787,0.6289452606140319,0.9995678325204324,0.5918984522045584
aligned,2,0,98,shift_rank8_oracle,0.03589547432308145,0.03606462851166725,0.044921415857970715,0.6958306101189787,0.6289452606140319,0.9995678325204324,0.5918984522045584
aligned,2,0,98,flow_reuse,0.027761889555827254,0.028088996186852455,0.034309192933142184,0.6958306101189787,0.6289452606140319,0.9995678325204324,0.5918984522045584
aligned,2,0,98,flow_toeplitz_r2,0.02037242462743485,0.02058466710150242,0.025436027627438306,0.6958306101189787,0.6289452606140319,0.9995678325204324,0.5918984522045584
aligned,2,0,98,flow_rank8_oracle,0.017735079643171496,0.017882907763123512,0.021501220762729645,0.6958306101189787,0.6289452606140319,0.9995678325204324,0.5918984522045584
aligned,3,0,98,raw_reuse,0.6839425835420898,0.6776313185691833,0.827896797657013,0.8250115047695619,0.7712746669518146,0.9989681843855254,0.793162018080873
aligned,3,0,98,shift_reuse,0.07090606120837703,0.07110469043254852,0.08492800369858741,0.8250115047695619,0.7712746669518146,0.9989681843855254,0.793162018080873
aligned,3,0,98,shift_toeplitz_r2,0.04488071204139661,0.04491524025797844,0.05311102215200662,0.8250115047695619,0.7712746669518146,0.9989681843855254,0.793162018080873
aligned,3,0,98,shift_circular_r2,0.04468286750538608,0.044709231704473495,0.053076889179646966,0.8250115047695619,0.7712746669518146,0.9989681843855254,0.793162018080873
aligned,3,0,98,shift_rank8_feature,0.032211443589140805,0.032138291746377945,0.037463263235986234,0.8250115047695619,0.7712746669518146,0.9989681843855254,0.793162018080873
aligned,3,0,98,shift_rank8_prev_flow,0.029673158071733062,0.0295968409627676,0.03474591132253408,0.8250115047695619,0.7712746669518146,0.9989681843855254,0.793162018080873
aligned,3,0,98,shift_rank8_oracle,0.029661158492814452,0.029583865776658058,0.03474112674593925,0.8250115047695619,0.7712746669518146,0.9989681843855254,0.793162018080873
aligned,3,0,98,flow_reuse,0.04076315576529039,0.04116867110133171,0.05344966184347868,0.8250115047695619,0.7712746669518146,0.9989681843855254,0.793162018080873
aligned,3,0,98,flow_toeplitz_r2,0.023510187482156903,0.023690475150942802,0.02930101864039898,0.8250115047695619,0.7712746669518146,0.9989681843855254,0.793162018080873
aligned,3,0,98,flow_rank8_oracle,0.018538855251631778,0.018584376201033592,0.023057185113430023,0.8250115047695619,0.7712746669518146,0.9989681843855254,0.793162018080873
aligned,4,0,98,raw_reuse,0.6651425637960755,0.6540603637695312,0.828639754652977,0.8246663869556744,0.8697908219739183,0.9986456538912847,0.7782268791128987
aligned,4,0,98,shift_reuse,0.08201662696683384,0.08189954608678818,0.10367963053286075,0.8246663869556744,0.8697908219739183,0.9986456538912847,0.7782268791128987
aligned,4,0,98,shift_toeplitz_r2,0.057852332141299534,0.057239633053541183,0.07390899434685706,0.8246663869556744,0.8697908219739183,0.9986456538912847,0.7782268791128987
aligned,4,0,98,shift_circular_r2,0.05771385759642912,0.05708663538098335,0.0742754302918911,0.8246663869556744,0.8697908219739183,0.9986456538912847,0.7782268791128987
aligned,4,0,98,shift_rank8_feature,0.0368586507096183,0.03646594658493996,0.04879679568111896,0.8246663869556744,0.8697908219739183,0.9986456538912847,0.7782268791128987
aligned,4,0,98,shift_rank8_prev_flow,0.034369822863082745,0.034038372337818146,0.04448114857077598,0.8246663869556744,0.8697908219739183,0.9986456538912847,0.7782268791128987
aligned,4,0,98,shift_rank8_oracle,0.034342704701781954,0.034010082483291626,0.04446634482592343,0.8246663869556744,0.8697908219739183,0.9986456538912847,0.7782268791128987
aligned,4,0,98,flow_reuse,0.05738017049513443,0.05805152654647827,0.07178585939109325,0.8246663869556744,0.8697908219739183,0.9986456538912847,0.7782268791128987
aligned,4,0,98,flow_toeplitz_r2,0.03384714252899994,0.03408248722553253,0.041434908658266066,0.8246663869556744,0.8697908219739183,0.9986456538912847,0.7782268791128987
aligned,4,0,98,flow_rank8_oracle,0.02702192525749816,0.02713530696928501,0.03179523292928934,0.8246663869556744,0.8697908219739183,0.9986456538912847,0.7782268791128987
aligned,5,0,98,raw_reuse,0.42005840151990226,0.4155708849430084,0.5412005305290222,0.839369547574206,0.7228112888124373,0.9933151888463694,0.8526053133286555
aligned,5,0,98,shift_reuse,0.0706494202894731,0.06998948007822037,0.0838052999228239,0.839369547574206,0.7228112888124373,0.9933151888463694,0.8526053133286555
aligned,5,0,98,shift_toeplitz_r2,0.04914863332033528,0.047976303845644,0.06556853391230107,0.839369547574206,0.7228112888124373,0.9933151888463694,0.8526053133286555
aligned,5,0,98,shift_circular_r2,0.04907802911107569,0.047869276255369186,0.06614811867475509,0.839369547574206,0.7228112888124373,0.9933151888463694,0.8526053133286555
aligned,5,0,98,shift_rank8_feature,0.03261676095056408,0.03169775381684303,0.04307305086404085,0.839369547574206,0.7228112888124373,0.9933151888463694,0.8526053133286555
aligned,5,0,98,shift_rank8_prev_flow,0.02842678412318673,0.027764974161982536,0.03664491418749094,0.839369547574206,0.7228112888124373,0.9933151888463694,0.8526053133286555
aligned,5,0,98,shift_rank8_oracle,0.028315389750794024,0.027652917429804802,0.03654777519404888,0.839369547574206,0.7228112888124373,0.9933151888463694,0.8526053133286555
aligned,5,0,98,flow_reuse,0.04486014322471253,0.04484883323311806,0.052881757542490956,0.839369547574206,0.7228112888124373,0.9933151888463694,0.8526053133286555
aligned,5,0,98,flow_toeplitz_r2,0.023395431326190885,0.023249277845025063,0.030750424042344092,0.839369547574206,0.7228112888124373,0.9933151888463694,0.8526053133286555
aligned,5,0,98,flow_rank8_oracle,0.01722271321354127,0.017163828015327454,0.02044828413054347,0.839369547574206,0.7228112888124373,0.9933151888463694,0.8526053133286555
aligned,6,0,98,raw_reuse,0.2117375813203955,0.20899705588817596,0.26238684207201,0.9138865051356768,0.6791708493631237,0.9737099053147972,0.7810504230111195
aligned,6,0,98,shift_reuse,0.04436696471488825,0.04399304464459419,0.05384666342288255,0.9138865051356768,0.6791708493631237,0.9737099053147972,0.7810504230111195
aligned,6,0,98,shift_toeplitz_r2,0.02804830291967393,0.02741563878953457,0.04049383010715246,0.9138865051356768,0.6791708493631237,0.9737099053147972,0.7810504230111195
aligned,6,0,98,shift_circular_r2,0.027953530153160454,0.027320781722664833,0.04049441125243902,0.9138865051356768,0.6791708493631237,0.9737099053147972,0.7810504230111195
aligned,6,0,98,shift_rank8_feature,0.015916398987585016,0.015395683236420155,0.02276323651894927,0.9138865051356768,0.6791708493631237,0.9737099053147972,0.7810504230111195
aligned,6,0,98,shift_rank8_prev_flow,0.013280703153976357,0.012909444980323315,0.019652071688324214,0.9138865051356768,0.6791708493631237,0.9737099053147972,0.7810504230111195
aligned,6,0,98,shift_rank8_oracle,0.013019530575549602,0.012635934166610241,0.01961085870862007,0.9138865051356768,0.6791708493631237,0.9737099053147972,0.7810504230111195
aligned,6,0,98,flow_reuse,0.016064923783111647,0.015775227919220924,0.02222633026540279,0.9138865051356768,0.6791708493631237,0.9737099053147972,0.7810504230111195
aligned,6,0,98,flow_toeplitz_r2,0.011540963634035811,0.011166880838572979,0.017245818767696618,0.9138865051356768,0.6791708493631237,0.9737099053147972,0.7810504230111195
aligned,6,0,98,flow_rank8_oracle,0.007517106871540136,0.007411681115627289,0.009863094799220562,0.9138865051356768,0.6791708493631237,0.9737099053147972,0.7810504230111195
aligned,7,0,98,raw_reuse,0.3258258568829007,0.32106781005859375,0.4049858808517456,0.8744955572299036,0.8127965730575951,0.9791375598245668,0.7895012485050381
aligned,7,0,98,shift_reuse,0.02626679094980076,0.0257120281457901,0.0355611702427268,0.8744955572299036,0.8127965730575951,0.9791375598245668,0.7895012485050381
aligned,7,0,98,shift_toeplitz_r2,0.021488624094484533,0.02081497199833393,0.032162665948271746,0.8744955572299036,0.8127965730575951,0.9791375598245668,0.7895012485050381
aligned,7,0,98,shift_circular_r2,0.021483049891243226,0.020809782668948174,0.032086695358157155,0.8744955572299036,0.8127965730575951,0.9791375598245668,0.7895012485050381
aligned,7,0,98,shift_rank8_feature,0.011406377721892994,0.011087070219218731,0.016100429277867076,0.8744955572299036,0.8127965730575951,0.9791375598245668,0.7895012485050381
aligned,7,0,98,shift_rank8_prev_flow,0.009562449174813322,0.009305320680141449,0.013154909294098615,0.8744955572299036,0.8127965730575951,0.9791375598245668,0.7895012485050381
aligned,7,0,98,shift_rank8_oracle,0.009305432594318328,0.009065153077244759,0.012877311557531355,0.8744955572299036,0.8127965730575951,0.9791375598245668,0.7895012485050381
aligned,7,0,98,flow_reuse,0.008106134059710312,0.007674953434616327,0.012105706939473746,0.8744955572299036,0.8127965730575951,0.9791375598245668,0.7895012485050381
aligned,7,0,98,flow_toeplitz_r2,0.0064244261228331,0.006145216524600983,0.008657229086384177,0.8744955572299036,0.8127965730575951,0.9791375598245668,0.7895012485050381
aligned,7,0,98,flow_rank8_oracle,0.00371910628462124,0.0035869202110916376,0.004937851754948497,0.8744955572299036,0.8127965730575951,0.9791375598245668,0.7895012485050381
aligned,0,1,88,raw_reuse,1.2776472927888842,1.2823294401168823,1.5073639094829558,0.8633518829227138,0.804528830092053,0.9998764594132441,0.6387485168993223
aligned,0,1,88,shift_reuse,0.04479669691656348,0.04586594179272652,0.05621122196316719,0.8633518829227138,0.804528830092053,0.9998764594132441,0.6387485168993223
aligned,0,1,88,shift_toeplitz_r2,0.028359351962732322,0.029011791571974754,0.03558192569762468,0.8633518829227138,0.804528830092053,0.9998764594132441,0.6387485168993223
aligned,0,1,88,shift_circular_r2,0.028131972791593924,0.02877584658563137,0.03518340643495321,0.8633518829227138,0.804528830092053,0.9998764594132441,0.6387485168993223
aligned,0,1,88,shift_rank8_feature,0.0182249013120956,0.0185115784406662,0.022230239864438773,0.8633518829227138,0.804528830092053,0.9998764594132441,0.6387485168993223
aligned,0,1,88,shift_rank8_prev_flow,0.01656062782019015,0.016823258250951767,0.02043342962861061,0.8633518829227138,0.804528830092053,0.9998764594132441,0.6387485168993223
aligned,0,1,88,shift_rank8_oracle,0.01655952283496829,0.016822107136249542,0.02043211245909333,0.8633518829227138,0.804528830092053,0.9998764594132441,0.6387485168993223
aligned,0,1,88,flow_reuse,0.007731876260084959,0.0076333507895469666,0.011687633860856294,0.8633518829227138,0.804528830092053,0.9998764594132441,0.6387485168993223
aligned,0,1,88,flow_toeplitz_r2,0.006852052286373804,0.006811338942497969,0.010181799810379743,0.8633518829227138,0.804528830092053,0.9998764594132441,0.6387485168993223
aligned,0,1,88,flow_rank8_oracle,0.004647182353983365,0.004649666137993336,0.0065526386955752965,0.8633518829227138,0.804528830092053,0.9998764594132441,0.6387485168993223
aligned,1,1,88,raw_reuse,0.9147305144179497,0.9126184582710266,1.0336406469345092,0.7394397945575581,0.7609595467888868,0.9998154392629044,0.3425001500838958
aligned,1,1,88,shift_reuse,0.07402675126177606,0.0747075155377388,0.09261264391243458,0.7394397945575581,0.7609595467888868,0.9998154392629044,0.3425001500838958
aligned,1,1,88,shift_toeplitz_r2,0.0534064082275619,0.05378152057528496,0.06673328876495362,0.7394397945575581,0.7609595467888868,0.9998154392629044,0.3425001500838958
aligned,1,1,88,shift_circular_r2,0.05320815994966803,0.05358241870999336,0.06628352217376232,0.7394397945575581,0.7609595467888868,0.9998154392629044,0.3425001500838958
aligned,1,1,88,shift_rank8_feature,0.04140380463317038,0.04161590710282326,0.05180685669183731,0.7394397945575581,0.7609595467888868,0.9998154392629044,0.3425001500838958
aligned,1,1,88,shift_rank8_prev_flow,0.03778995605443605,0.0380062609910965,0.046783508919179435,0.7394397945575581,0.7609595467888868,0.9998154392629044,0.3425001500838958
aligned,1,1,88,shift_rank8_oracle,0.03778703059497113,0.03800329566001892,0.04677555672824383,0.7394397945575581,0.7609595467888868,0.9998154392629044,0.3425001500838958
aligned,1,1,88,flow_reuse,0.008338131526033186,0.008275910280644894,0.011467367876321076,0.7394397945575581,0.7609595467888868,0.9998154392629044,0.3425001500838958
aligned,1,1,88,flow_toeplitz_r2,0.008483138054970368,0.008430357091128826,0.011377639463171363,0.7394397945575581,0.7609595467888868,0.9998154392629044,0.3425001500838958
aligned,1,1,88,flow_rank8_oracle,0.006761088389445042,0.006638878490775824,0.009808124415576457,0.7394397945575581,0.7609595467888868,0.9998154392629044,0.3425001500838958
aligned,2,1,88,raw_reuse,0.7389220796168366,0.7336492538452148,0.9193200081586838,0.7124054589089647,0.6438679186637287,0.9996332053243169,0.2726844550908024
aligned,2,1,88,shift_reuse,0.0623968611212173,0.06273894757032394,0.07477992810308934,0.7124054589089647,0.6438679186637287,0.9996332053243169,0.2726844550908024
aligned,2,1,88,shift_toeplitz_r2,0.045393189495962556,0.045583922415971756,0.05378967709839344,0.7124054589089647,0.6438679186637287,0.9996332053243169,0.2726844550908024
aligned,2,1,88,shift_circular_r2,0.0452541370060242,0.04544322192668915,0.053576991148293014,0.7124054589089647,0.6438679186637287,0.9996332053243169,0.2726844550908024
aligned,2,1,88,shift_rank8_feature,0.03713278616164118,0.03715965896844864,0.04706803206354379,0.7124054589089647,0.6438679186637287,0.9996332053243169,0.2726844550908024
aligned,2,1,88,shift_rank8_prev_flow,0.033466078840773905,0.03352673724293709,0.042473098449409004,0.7124054589089647,0.6438679186637287,0.9996332053243169,0.2726844550908024
aligned,2,1,88,shift_rank8_oracle,0.033462089939910816,0.033522650599479675,0.0424680532887578,0.7124054589089647,0.6438679186637287,0.9996332053243169,0.2726844550908024
aligned,2,1,88,flow_reuse,0.011711905807709958,0.011583688668906689,0.01691865380853414,0.7124054589089647,0.6438679186637287,0.9996332053243169,0.2726844550908024
aligned,2,1,88,flow_toeplitz_r2,0.011981802077922907,0.01180965080857277,0.01834754282608628,0.7124054589089647,0.6438679186637287,0.9996332053243169,0.2726844550908024
aligned,2,1,88,flow_rank8_oracle,0.009988240844486716,0.009817970916628838,0.015019296249374745,0.7124054589089647,0.6438679186637287,0.9996332053243169,0.2726844550908024
aligned,3,1,88,raw_reuse,0.685740003836006,0.682252824306488,0.8452804863452912,0.824205611518219,0.7519456977369289,0.9981059068087345,0.4574313301939643
aligned,3,1,88,shift_reuse,0.07571640952375802,0.07601016014814377,0.09094223752617836,0.824205611518219,0.7519456977369289,0.9981059068087345,0.4574313301939643
aligned,3,1,88,shift_toeplitz_r2,0.046134519908388405,0.04604170843958855,0.05410533733665943,0.824205611518219,0.7519456977369289,0.9981059068087345,0.4574313301939643
aligned,3,1,88,shift_circular_r2,0.04591142307706362,0.045811932533979416,0.0539344523102045,0.824205611518219,0.7519456977369289,0.9981059068087345,0.4574313301939643
aligned,3,1,88,shift_rank8_feature,0.0343746219644676,0.03428131714463234,0.04193459935486316,0.824205611518219,0.7519456977369289,0.9981059068087345,0.4574313301939643
aligned,3,1,88,shift_rank8_prev_flow,0.031767147819437666,0.031625282019376755,0.03861807230859995,0.824205611518219,0.7519456977369289,0.9981059068087345,0.4574313301939643
aligned,3,1,88,shift_rank8_oracle,0.03174625344174598,0.03160281851887703,0.03858562912791967,0.824205611518219,0.7519456977369289,0.9981059068087345,0.4574313301939643
aligned,3,1,88,flow_reuse,0.021983942072165388,0.02094404585659504,0.03137724390253425,0.824205611518219,0.7519456977369289,0.9981059068087345,0.4574313301939643
aligned,3,1,88,flow_toeplitz_r2,0.023526031744896533,0.022480374202132225,0.03776049800217151,0.824205611518219,0.7519456977369289,0.9981059068087345,0.4574313301939643
aligned,3,1,88,flow_rank8_oracle,0.01619320921977203,0.015266668982803822,0.025986321736127135,0.824205611518219,0.7519456977369289,0.9981059068087345,0.4574313301939643
aligned,4,1,88,raw_reuse,0.6562332134987366,0.6475358009338379,0.8256834596395491,0.7962827311298417,0.77688363108972,0.998308989315579,0.5734947413999407
aligned,4,1,88,shift_reuse,0.08954826892833095,0.0899522677063942,0.11753134578466415,0.7962827311298417,0.77688363108972,0.998308989315579,0.5734947413999407
aligned,4,1,88,shift_toeplitz_r2,0.06319936080160908,0.06284884363412857,0.08501926213502883,0.7962827311298417,0.77688363108972,0.998308989315579,0.5734947413999407
aligned,4,1,88,shift_circular_r2,0.06305724020767643,0.06270276755094528,0.08469337001442909,0.7962827311298417,0.77688363108972,0.998308989315579,0.5734947413999407
aligned,4,1,88,shift_rank8_feature,0.04404176349940209,0.043663669377565384,0.059723358415067186,0.7962827311298417,0.77688363108972,0.998308989315579,0.5734947413999407
aligned,4,1,88,shift_rank8_prev_flow,0.04044634564921341,0.040134962648153305,0.054810528270900244,0.7962827311298417,0.77688363108972,0.998308989315579,0.5734947413999407
aligned,4,1,88,shift_rank8_oracle,0.04041765546090987,0.040106575936079025,0.05479408148676156,0.7962827311298417,0.77688363108972,0.998308989315579,0.5734947413999407
aligned,4,1,88,flow_reuse,0.03516483284343379,0.03227068856358528,0.06546978261321783,0.7962827311298417,0.77688363108972,0.998308989315579,0.5734947413999407
aligned,4,1,88,flow_toeplitz_r2,0.0374118922489795,0.03542901948094368,0.06499943621456622,0.7962827311298417,0.77688363108972,0.998308989315579,0.5734947413999407
aligned,4,1,88,flow_rank8_oracle,0.022965227521014348,0.022017961367964745,0.03608297016471624,0.7962827311298417,0.77688363108972,0.998308989315579,0.5734947413999407
aligned,5,1,88,raw_reuse,0.3981609600892951,0.3953345715999603,0.50181645154953,0.8130716738512287,0.6263487723685883,0.9831649060374604,0.5775398743599853
aligned,5,1,88,shift_reuse,0.07829012140185818,0.07771124690771103,0.1091272383928299,0.8130716738512287,0.6263487723685883,0.9831649060374604,0.5775398743599853
aligned,5,1,88,shift_toeplitz_r2,0.05611701465303543,0.05471940338611603,0.08203606344759463,0.8130716738512287,0.6263487723685883,0.9831649060374604,0.5775398743599853
aligned,5,1,88,shift_circular_r2,0.055974408291414146,0.05459018051624298,0.08119025826454163,0.8130716738512287,0.6263487723685883,0.9831649060374604,0.5775398743599853
aligned,5,1,88,shift_rank8_feature,0.03957939391529923,0.03814844414591789,0.06199945993721483,0.8130716738512287,0.6263487723685883,0.9831649060374604,0.5775398743599853
aligned,5,1,88,shift_rank8_prev_flow,0.034127795806311305,0.0329451747238636,0.05322641022503376,0.8130716738512287,0.6263487723685883,0.9831649060374604,0.5775398743599853
aligned,5,1,88,shift_rank8_oracle,0.03384889729044183,0.03271666541695595,0.051657048985362046,0.8130716738512287,0.6263487723685883,0.9831649060374604,0.5775398743599853
aligned,5,1,88,flow_reuse,0.03279456270060742,0.03027135133743286,0.04677500706166029,0.8130716738512287,0.6263487723685883,0.9831649060374604,0.5775398743599853
aligned,5,1,88,flow_toeplitz_r2,0.03383302490108217,0.03235780820250511,0.04796374980360269,0.8130716738512287,0.6263487723685883,0.9831649060374604,0.5775398743599853
aligned,5,1,88,flow_rank8_oracle,0.021315459837661598,0.019833475351333618,0.035443065129220484,0.8130716738512287,0.6263487723685883,0.9831649060374604,0.5775398743599853
aligned,6,1,88,raw_reuse,0.2114252779591281,0.20805518329143524,0.2755137771368027,0.8941043956084629,0.685821267798344,0.9032962247858626,0.6348123094944356
aligned,6,1,88,shift_reuse,0.050311530158457525,0.049325425177812576,0.06166387684643268,0.8941043956084629,0.685821267798344,0.9032962247858626,0.6348123094944356
aligned,6,1,88,shift_toeplitz_r2,0.03414572523170242,0.0330129973590374,0.048815532401204106,0.8941043956084629,0.685821267798344,0.9032962247858626,0.6348123094944356
aligned,6,1,88,shift_circular_r2,0.034052686490572665,0.03292248770594597,0.048555214330554,0.8941043956084629,0.685821267798344,0.9032962247858626,0.6348123094944356
aligned,6,1,88,shift_rank8_feature,0.02025464939874871,0.019158216193318367,0.029480962548404932,0.8941043956084629,0.685821267798344,0.9032962247858626,0.6348123094944356
aligned,6,1,88,shift_rank8_prev_flow,0.017658370197937708,0.016407085582613945,0.030711820628494015,0.8941043956084629,0.685821267798344,0.9032962247858626,0.6348123094944356
aligned,6,1,88,shift_rank8_oracle,0.016372179320388185,0.01560597587376833,0.02501077866181731,0.8941043956084629,0.685821267798344,0.9032962247858626,0.6348123094944356
aligned,6,1,88,flow_reuse,0.013985068561814163,0.011758208274841309,0.018817508965730666,0.8941043956084629,0.685821267798344,0.9032962247858626,0.6348123094944356
aligned,6,1,88,flow_toeplitz_r2,0.0146940002962434,0.012739990837872028,0.02030627531930804,0.8941043956084629,0.685821267798344,0.9032962247858626,0.6348123094944356
aligned,6,1,88,flow_rank8_oracle,0.00845128339300873,0.007543473970144987,0.011692646192386745,0.8941043956084629,0.685821267798344,0.9032962247858626,0.6348123094944356
aligned,7,1,88,raw_reuse,0.2946895763653762,0.2902924120426178,0.36970259100198744,0.8812472792876236,0.8397269717399011,0.932509666217453,0.8033908729237167
aligned,7,1,88,shift_reuse,0.028769859275129792,0.028095781803131104,0.03873475473374128,0.8812472792876236,0.8397269717399011,0.932509666217453,0.8033908729237167
aligned,7,1,88,shift_toeplitz_r2,0.024159198217009695,0.023384898900985718,0.03427171036601066,0.8812472792876236,0.8397269717399011,0.932509666217453,0.8033908729237167
aligned,7,1,88,shift_circular_r2,0.024155016938871298,0.023393260315060616,0.034064223803579805,0.8812472792876236,0.8397269717399011,0.932509666217453,0.8033908729237167
aligned,7,1,88,shift_rank8_feature,0.012076029109913436,0.011747458018362522,0.016770285088568926,0.8812472792876236,0.8397269717399011,0.932509666217453,0.8033908729237167
aligned,7,1,88,shift_rank8_prev_flow,0.010877056268773826,0.01036467682570219,0.015024374658241866,0.8812472792876236,0.8397269717399011,0.932509666217453,0.8033908729237167
aligned,7,1,88,shift_rank8_oracle,0.00991424214292778,0.009612680412828922,0.013077373430132867,0.8812472792876236,0.8397269717399011,0.932509666217453,0.8033908729237167
aligned,7,1,88,flow_reuse,0.011188633961370743,0.010256394743919373,0.0178810725454241,0.8812472792876236,0.8397269717399011,0.932509666217453,0.8033908729237167
aligned,7,1,88,flow_toeplitz_r2,0.009144984644153616,0.008508197031915188,0.014386062044650315,0.8812472792876236,0.8397269717399011,0.932509666217453,0.8033908729237167
aligned,7,1,88,flow_rank8_oracle,0.004961110930878164,0.004656695295125246,0.0076432895381003604,0.8812472792876236,0.8397269717399011,0.932509666217453,0.8033908729237167
aligned,0,2,77,raw_reuse,1.270132256486371,1.2742239236831665,1.5012548863887787,0.8651710924299661,0.7956089674499047,0.9999381671324482,0.5585037502099306
aligned,0,2,77,shift_reuse,0.04626123558238456,0.04731288179755211,0.05794227533042431,0.8651710924299661,0.7956089674499047,0.9999381671324482,0.5585037502099306
aligned,0,2,77,shift_toeplitz_r2,0.029077853050191105,0.02971443347632885,0.03620209153741598,0.8651710924299661,0.7956089674499047,0.9999381671324482,0.5585037502099306
aligned,0,2,77,shift_circular_r2,0.028849320198896043,0.029476871713995934,0.03579322081059217,0.8651710924299661,0.7956089674499047,0.9999381671324482,0.5585037502099306
aligned,0,2,77,shift_rank8_feature,0.018754099329181817,0.019011909142136574,0.022544948756694792,0.8651710924299661,0.7956089674499047,0.9999381671324482,0.5585037502099306
aligned,0,2,77,shift_rank8_prev_flow,0.016987252174561963,0.017218464985489845,0.021064971853047607,0.8651710924299661,0.7956089674499047,0.9999381671324482,0.5585037502099306
aligned,0,2,77,shift_rank8_oracle,0.016986687285964214,0.017217839136719704,0.02106216801330447,0.8651710924299661,0.7956089674499047,0.9999381671324482,0.5585037502099306
aligned,0,2,77,flow_reuse,0.00910135725282409,0.009083033539354801,0.013597290916368365,0.8651710924299661,0.7956089674499047,0.9999381671324482,0.5585037502099306
aligned,0,2,77,flow_toeplitz_r2,0.007593045098494454,0.007591042667627335,0.010919345868751406,0.8651710924299661,0.7956089674499047,0.9999381671324482,0.5585037502099306
aligned,0,2,77,flow_rank8_oracle,0.006047413587591932,0.006077652331441641,0.00853757201693952,0.8651710924299661,0.7956089674499047,0.9999381671324482,0.5585037502099306
aligned,1,2,77,raw_reuse,0.9052836098977354,0.9026258587837219,1.013998919725418,0.7482222862847473,0.7946920733563727,0.999834146877591,0.36474443003755286
aligned,1,2,77,shift_reuse,0.07645683077999949,0.07707781344652176,0.09284571558237076,0.7482222862847473,0.7946920733563727,0.999834146877591,0.36474443003755286
aligned,1,2,77,shift_toeplitz_r2,0.054722113249515855,0.05504037067294121,0.06868413016200066,0.7482222862847473,0.7946920733563727,0.999834146877591,0.36474443003755286
aligned,1,2,77,shift_circular_r2,0.054516234758126704,0.05483401194214821,0.06821386553347111,0.7482222862847473,0.7946920733563727,0.999834146877591,0.36474443003755286
aligned,1,2,77,shift_rank8_feature,0.041659232728212696,0.04183496907353401,0.05092051662504673,0.7482222862847473,0.7946920733563727,0.999834146877591,0.36474443003755286
aligned,1,2,77,shift_rank8_prev_flow,0.0383668738622459,0.03855058178305626,0.04790134932845831,0.7482222862847473,0.7946920733563727,0.999834146877591,0.36474443003755286
aligned,1,2,77,shift_rank8_oracle,0.03836409297805261,0.03854774311184883,0.04789476860314608,0.7482222862847473,0.7946920733563727,0.999834146877591,0.36474443003755286
aligned,1,2,77,flow_reuse,0.008786135865724671,0.008746744133532047,0.012327277567237616,0.7482222862847473,0.7946920733563727,0.999834146877591,0.36474443003755286
aligned,1,2,77,flow_toeplitz_r2,0.007688431782326881,0.007659261580556631,0.010338896932080387,0.7482222862847473,0.7946920733563727,0.999834146877591,0.36474443003755286
aligned,1,2,77,flow_rank8_oracle,0.007002806974142204,0.0069352383725345135,0.009878525976091623,0.7482222862847473,0.7946920733563727,0.999834146877591,0.36474443003755286
aligned,2,2,77,raw_reuse,0.7545044690810324,0.7504515647888184,0.9556887477636337,0.690969198116876,0.6460722385269838,0.9996579837814026,0.4650000524200134
aligned,2,2,77,shift_reuse,0.06642491166393473,0.06691695004701614,0.08243546336889267,0.690969198116876,0.6460722385269838,0.9996579837814026,0.4650000524200134
aligned,2,2,77,shift_toeplitz_r2,0.048582456377086136,0.048834528774023056,0.060146594792604445,0.690969198116876,0.6460722385269838,0.9996579837814026,0.4650000524200134
aligned,2,2,77,shift_circular_r2,0.04851676843708139,0.04876558482646942,0.05987982321530581,0.690969198116876,0.6460722385269838,0.9996579837814026,0.4650000524200134
aligned,2,2,77,shift_rank8_feature,0.04041799725563906,0.04042608290910721,0.05256782956421375,0.690969198116876,0.6460722385269838,0.9996579837814026,0.4650000524200134
aligned,2,2,77,shift_rank8_prev_flow,0.03692950183285026,0.03693145513534546,0.04849966559559107,0.690969198116876,0.6460722385269838,0.9996579837814026,0.4650000524200134
aligned,2,2,77,shift_rank8_oracle,0.03692596637957052,0.036927878856658936,0.04849255289882421,0.690969198116876,0.6460722385269838,0.9996579837814026,0.4650000524200134
aligned,2,2,77,flow_reuse,0.015228998513880782,0.014759228564798832,0.021771666221320627,0.690969198116876,0.6460722385269838,0.9996579837814026,0.4650000524200134
aligned,2,2,77,flow_toeplitz_r2,0.013020997632307421,0.01238954532891512,0.01690893517807126,0.690969198116876,0.6460722385269838,0.9996579837814026,0.4650000524200134
aligned,2,2,77,flow_rank8_oracle,0.011139050857579142,0.010640688240528107,0.014806073810905217,0.690969198116876,0.6460722385269838,0.9996579837814026,0.4650000524200134
aligned,3,2,77,raw_reuse,0.7079422104225765,0.7119629979133606,0.9079605996608734,0.7155366738887701,0.19818834364544924,0.9986851782962348,0.5203961239109005
aligned,3,2,77,shift_reuse,0.0837971626215803,0.08427318185567856,0.10164023488759995,0.7155366738887701,0.19818834364544924,0.9986851782962348,0.5203961239109005
aligned,3,2,77,shift_toeplitz_r2,0.056544812435238026,0.056305885314941406,0.07566430568695068,0.7155366738887701,0.19818834364544924,0.9986851782962348,0.5203961239109005
aligned,3,2,77,shift_circular_r2,0.056364502186722634,0.05612722411751747,0.07565332502126694,0.7155366738887701,0.19818834364544924,0.9986851782962348,0.5203961239109005
aligned,3,2,77,shift_rank8_feature,0.05081670212740197,0.050420988351106644,0.07071642838418483,0.7155366738887701,0.19818834364544924,0.9986851782962348,0.5203961239109005
aligned,3,2,77,shift_rank8_prev_flow,0.04470403073496637,0.044337958097457886,0.06451434940099715,0.7155366738887701,0.19818834364544924,0.9986851782962348,0.5203961239109005
aligned,3,2,77,shift_rank8_oracle,0.04469330338094819,0.04432688280940056,0.06449361387640237,0.7155366738887701,0.19818834364544924,0.9986851782962348,0.5203961239109005
aligned,3,2,77,flow_reuse,0.023842820838138108,0.023322565481066704,0.0316555380821228,0.7155366738887701,0.19818834364544924,0.9986851782962348,0.5203961239109005
aligned,3,2,77,flow_toeplitz_r2,0.020293565744257433,0.01951594650745392,0.029376642685383557,0.7155366738887701,0.19818834364544924,0.9986851782962348,0.5203961239109005
aligned,3,2,77,flow_rank8_oracle,0.01651197329475597,0.016139859333634377,0.022228825837373734,0.7155366738887701,0.19818834364544924,0.9986851782962348,0.5203961239109005
aligned,4,2,77,raw_reuse,0.6847009594230236,0.6866106986999512,0.8970643937587738,0.6847981216601882,0.10705994747183578,0.9985643529274421,0.6103045018663691
aligned,4,2,77,shift_reuse,0.10157782589229657,0.1033586859703064,0.14087507426738738,0.6847981216601882,0.10705994747183578,0.9985643529274421,0.6103045018663691
aligned,4,2,77,shift_toeplitz_r2,0.07841127018370839,0.07865346223115921,0.11287774629890918,0.6847981216601882,0.10705994747183578,0.9985643529274421,0.6103045018663691
aligned,4,2,77,shift_circular_r2,0.07827383915373863,0.07851159572601318,0.11311938911676406,0.6847981216601882,0.10705994747183578,0.9985643529274421,0.6103045018663691
aligned,4,2,77,shift_rank8_feature,0.0692426571842976,0.06858991831541061,0.0947137527167797,0.6847981216601882,0.10705994747183578,0.9985643529274421,0.6103045018663691
aligned,4,2,77,shift_rank8_prev_flow,0.05705041732427214,0.05710282921791077,0.08094601556658744,0.6847981216601882,0.10705994747183578,0.9985643529274421,0.6103045018663691
aligned,4,2,77,shift_rank8_oracle,0.05702867898130174,0.057080864906311035,0.08092859648168087,0.6847981216601882,0.10705994747183578,0.9985643529274421,0.6103045018663691
aligned,4,2,77,flow_reuse,0.03472422341554203,0.032324131578207016,0.04704856686294079,0.6847981216601882,0.10705994747183578,0.9985643529274421,0.6103045018663691
aligned,4,2,77,flow_toeplitz_r2,0.030373054335388186,0.029061103239655495,0.040444270521402356,0.6847981216601882,0.10705994747183578,0.9985643529274421,0.6103045018663691
aligned,4,2,77,flow_rank8_oracle,0.02167680327161541,0.021373765543103218,0.02740496164187789,0.6847981216601882,0.10705994747183578,0.9985643529274421,0.6103045018663691
aligned,5,2,77,raw_reuse,0.4492733355012816,0.4557131230831146,0.5971055805683135,0.7117636209511548,-0.011970552873570961,0.99652963324121,0.6781323122369995
aligned,5,2,77,shift_reuse,0.0896164426369708,0.0911715030670166,0.13043446093797684,0.7117636209511548,-0.011970552873570961,0.99652963324121,0.6781323122369995
aligned,5,2,77,shift_toeplitz_r2,0.06980601001640017,0.06960547715425491,0.10505522489547729,0.7117636209511548,-0.011970552873570961,0.99652963324121,0.6781323122369995
aligned,5,2,77,shift_circular_r2,0.0696559698222473,0.06946808844804764,0.10425027050077915,0.7117636209511548,-0.011970552873570961,0.99652963324121,0.6781323122369995
aligned,5,2,77,shift_rank8_feature,0.0630372244227829,0.06278126686811447,0.09269082173705101,0.7117636209511548,-0.011970552873570961,0.99652963324121,0.6781323122369995
aligned,5,2,77,shift_rank8_prev_flow,0.0481720465295377,0.047789067029953,0.06968017928302288,0.7117636209511548,-0.011970552873570961,0.99652963324121,0.6781323122369995
aligned,5,2,77,shift_rank8_oracle,0.04811296688465502,0.04773576185107231,0.06961928158998489,0.7117636209511548,-0.011970552873570961,0.99652963324121,0.6781323122369995
aligned,5,2,77,flow_reuse,0.026673503512549136,0.025988424196839333,0.0365527456626296,0.7117636209511548,-0.011970552873570961,0.99652963324121,0.6781323122369995
aligned,5,2,77,flow_toeplitz_r2,0.022112410931576797,0.021038569509983063,0.034496117569506164,0.7117636209511548,-0.011970552873570961,0.99652963324121,0.6781323122369995
aligned,5,2,77,flow_rank8_oracle,0.015132781215257445,0.01476378459483385,0.019939013477414846,0.7117636209511548,-0.011970552873570961,0.99652963324121,0.6781323122369995
aligned,6,2,77,raw_reuse,0.22888127596902189,0.223131462931633,0.2961446762084961,0.8349777717322334,0.19292676526042407,0.9970312653025244,0.7198810732725871
aligned,6,2,77,shift_reuse,0.060219849959337414,0.058825165033340454,0.07529811412096024,0.8349777717322334,0.19292676526042407,0.9970312653025244,0.7198810732725871
aligned,6,2,77,shift_toeplitz_r2,0.04454749492507273,0.04263949394226074,0.06270351763814687,0.8349777717322334,0.19292676526042407,0.9970312653025244,0.7198810732725871
aligned,6,2,77,shift_circular_r2,0.044500995971989664,0.04260513186454773,0.06302884109318256,0.8349777717322334,0.19292676526042407,0.9970312653025244,0.7198810732725871
aligned,6,2,77,shift_rank8_feature,0.03579229315502847,0.03400794044137001,0.05047939363867044,0.8349777717322334,0.19292676526042407,0.9970312653025244,0.7198810732725871
aligned,6,2,77,shift_rank8_prev_flow,0.02451433378173655,0.02314051426947117,0.03750703129917383,0.8349777717322334,0.19292676526042407,0.9970312653025244,0.7198810732725871
aligned,6,2,77,shift_rank8_oracle,0.024463066315775637,0.023090749979019165,0.037411002628505226,0.8349777717322334,0.19292676526042407,0.9970312653025244,0.7198810732725871
aligned,6,2,77,flow_reuse,0.011864479963604985,0.011427323333919048,0.01859587440267205,0.8349777717322334,0.19292676526042407,0.9970312653025244,0.7198810732725871
aligned,6,2,77,flow_toeplitz_r2,0.009788937654466893,0.009064498357474804,0.01619998696260154,0.8349777717322334,0.19292676526042407,0.9970312653025244,0.7198810732725871
aligned,6,2,77,flow_rank8_oracle,0.006279425815463741,0.005904043558984995,0.00956396572291851,0.8349777717322334,0.19292676526042407,0.9970312653025244,0.7198810732725871
aligned,7,2,77,raw_reuse,0.27233915049133633,0.2690456211566925,0.3648762881755829,0.8480342078116299,0.5885043944792487,0.9963498003741206,0.7287702805526997
aligned,7,2,77,shift_reuse,0.029220784011930758,0.028699956834316254,0.0384935786947608,0.8480342078116299,0.5885043944792487,0.9963498003741206,0.7287702805526997
aligned,7,2,77,shift_toeplitz_r2,0.024856303758103108,0.024234378710389137,0.03378977235406637,0.8480342078116299,0.5885043944792487,0.9963498003741206,0.7287702805526997
aligned,7,2,77,shift_circular_r2,0.024833408121010318,0.02421768568456173,0.03354512583464384,0.8480342078116299,0.5885043944792487,0.9963498003741206,0.7287702805526997
aligned,7,2,77,shift_rank8_feature,0.015828508542366258,0.01538797002285719,0.023492211475968357,0.8480342078116299,0.5885043944792487,0.9963498003741206,0.7287702805526997
aligned,7,2,77,shift_rank8_prev_flow,0.011438009694408557,0.011122704483568668,0.015775838261470197,0.8480342078116299,0.5885043944792487,0.9963498003741206,0.7287702805526997
aligned,7,2,77,shift_rank8_oracle,0.011391076889086143,0.011073348112404346,0.015760648762807247,0.8480342078116299,0.5885043944792487,0.9963498003741206,0.7287702805526997
aligned,7,2,77,flow_reuse,0.005957541763891847,0.005731287878006697,0.00823248429223895,0.8480342078116299,0.5885043944792487,0.9963498003741206,0.7287702805526997
aligned,7,2,77,flow_toeplitz_r2,0.005342845768239137,0.0050510321743786335,0.007883158000186085,0.8480342078116299,0.5885043944792487,0.9963498003741206,0.7287702805526997
aligned,7,2,77,flow_rank8_oracle,0.0031026710461788394,0.0030252665746957064,0.004649826418608427,0.8480342078116299,0.5885043944792487,0.9963498003741206,0.7287702805526997
aligned,0,3,66,raw_reuse,1.2555044045100334,1.2587717771530151,1.4926191985607147,0.869215270161953,0.7993911723640488,0.9999142358909832,0.4951056344699263
aligned,0,3,66,shift_reuse,0.04890885353111063,0.04994305968284607,0.06139886137098074,0.869215270161953,0.7993911723640488,0.9999142358909832,0.4951056344699263
aligned,0,3,66,shift_toeplitz_r2,0.030529556933225753,0.031142646446824074,0.03740244638174772,0.869215270161953,0.7993911723640488,0.9999142358909832,0.4951056344699263
aligned,0,3,66,shift_circular_r2,0.0302888525661535,0.03089209832251072,0.03713778555393219,0.869215270161953,0.7993911723640488,0.9999142358909832,0.4951056344699263
aligned,0,3,66,shift_rank8_feature,0.019528624818279928,0.019752658903598785,0.023303463030606507,0.869215270161953,0.7993911723640488,0.9999142358909832,0.4951056344699263
aligned,0,3,66,shift_rank8_prev_flow,0.01768831214083197,0.017882226034998894,0.022120603080838918,0.869215270161953,0.7993911723640488,0.9999142358909832,0.4951056344699263
aligned,0,3,66,shift_rank8_oracle,0.017687483470104244,0.01788133569061756,0.02211974048987031,0.869215270161953,0.7993911723640488,0.9999142358909832,0.4951056344699263
aligned,0,3,66,flow_reuse,0.009949610980980182,0.009951602667570114,0.014258556580170988,0.869215270161953,0.7993911723640488,0.9999142358909832,0.4951056344699263
aligned,0,3,66,flow_toeplitz_r2,0.00845073965589732,0.008455567993223667,0.011822645366191865,0.869215270161953,0.7993911723640488,0.9999142358909832,0.4951056344699263
aligned,0,3,66,flow_rank8_oracle,0.007069787994041514,0.007091321516782045,0.009443080425262452,0.869215270161953,0.7993911723640488,0.9999142358909832,0.4951056344699263
aligned,1,3,66,raw_reuse,0.8932284309197509,0.8900699615478516,1.0084212124347687,0.7544275633867643,0.8051593199809867,0.9998550566029674,0.3446868856392785
aligned,1,3,66,shift_reuse,0.08105721596867868,0.08168469369411469,0.09752791672945023,0.7544275633867643,0.8051593199809867,0.9998550566029674,0.3446868856392785
aligned,1,3,66,shift_toeplitz_r2,0.057680599554584266,0.05800599977374077,0.07073823250830173,0.7544275633867643,0.8051593199809867,0.9998550566029674,0.3446868856392785
aligned,1,3,66,shift_circular_r2,0.05746386812525953,0.057790666818618774,0.07035483829677104,0.7544275633867643,0.8051593199809867,0.9998550566029674,0.3446868856392785
aligned,1,3,66,shift_rank8_feature,0.043540638737234,0.04370570182800293,0.05410272851586342,0.7544275633867643,0.8051593199809867,0.9998550566029674,0.3446868856392785
aligned,1,3,66,shift_rank8_prev_flow,0.04017073447942222,0.040353208780288696,0.050509771890938276,0.7544275633867643,0.8051593199809867,0.9998550566029674,0.3446868856392785
aligned,1,3,66,shift_rank8_oracle,0.04016811880392444,0.040350545197725296,0.050504994764924045,0.7544275633867643,0.8051593199809867,0.9998550566029674,0.3446868856392785
aligned,1,3,66,flow_reuse,0.009390279974907519,0.009354108944535255,0.012916575977578757,0.7544275633867643,0.8051593199809867,0.9998550566029674,0.3446868856392785
aligned,1,3,66,flow_toeplitz_r2,0.00815873205595814,0.008117477409541607,0.011471314681693911,0.7544275633867643,0.8051593199809867,0.9998550566029674,0.3446868856392785
aligned,1,3,66,flow_rank8_oracle,0.007601564252954004,0.0075477734208106995,0.010494284331798553,0.7544275633867643,0.8051593199809867,0.9998550566029674,0.3446868856392785
aligned,2,3,66,raw_reuse,0.8022750023709915,0.798048734664917,0.9992261588573454,0.6622563862560507,0.6062830854007191,0.9997914715130276,0.6430510333192682
aligned,2,3,66,shift_reuse,0.0775384380103049,0.07817956060171127,0.09888133369386196,0.6622563862560507,0.6062830854007191,0.9997914715130276,0.6430510333192682
aligned,2,3,66,shift_toeplitz_r2,0.05862816000609803,0.05892932787537575,0.07485499940812587,0.6622563862560507,0.6062830854007191,0.9997914715130276,0.6430510333192682
aligned,2,3,66,shift_circular_r2,0.05858133717642078,0.05887603759765625,0.07483508214354515,0.6622563862560507,0.6062830854007191,0.9997914715130276,0.6430510333192682
aligned,2,3,66,shift_rank8_feature,0.049556392251712045,0.0493597537279129,0.06636716052889824,0.6622563862560507,0.6062830854007191,0.9997914715130276,0.6430510333192682
aligned,2,3,66,shift_rank8_prev_flow,0.04506451362424894,0.0448833703994751,0.06098784115165472,0.6622563862560507,0.6062830854007191,0.9997914715130276,0.6430510333192682
aligned,2,3,66,shift_rank8_oracle,0.045062016365200665,0.044880811125040054,0.0609819620847702,0.6622563862560507,0.6062830854007191,0.9997914715130276,0.6430510333192682
aligned,2,3,66,flow_reuse,0.019303893300872035,0.01946362480521202,0.024807797744870186,0.6622563862560507,0.6062830854007191,0.9997914715130276,0.6430510333192682
aligned,2,3,66,flow_toeplitz_r2,0.012991662880452823,0.012892335653305054,0.018324101343750954,0.6622563862560507,0.6062830854007191,0.9997914715130276,0.6430510333192682
aligned,2,3,66,flow_rank8_oracle,0.01153315086196294,0.011479121632874012,0.015592889953404663,0.6622563862560507,0.6062830854007191,0.9997914715130276,0.6430510333192682
aligned,3,3,66,raw_reuse,0.7230580714964168,0.738588809967041,0.8819413036108017,0.6288842872354103,0.23881659574970782,0.99952646108823,0.5683036947247493
aligned,3,3,66,shift_reuse,0.09345582246063455,0.09484080225229263,0.12100353688001632,0.6288842872354103,0.23881659574970782,0.99952646108823,0.5683036947247493
aligned,3,3,66,shift_toeplitz_r2,0.07045811343008324,0.07096011191606522,0.09836895056068896,0.6288842872354103,0.23881659574970782,0.99952646108823,0.5683036947247493
aligned,3,3,66,shift_circular_r2,0.07035678755015076,0.07086232304573059,0.0982317142188549,0.6288842872354103,0.23881659574970782,0.99952646108823,0.5683036947247493
aligned,3,3,66,shift_rank8_feature,0.06427018862102105,0.06438038498163223,0.09415165036916733,0.6288842872354103,0.23881659574970782,0.99952646108823,0.5683036947247493
aligned,3,3,66,shift_rank8_prev_flow,0.05693745944479985,0.056913603097200394,0.08336860686540604,0.6288842872354103,0.23881659574970782,0.99952646108823,0.5683036947247493
aligned,3,3,66,shift_rank8_oracle,0.056932602286662144,0.056908588856458664,0.08335744328796864,0.6288842872354103,0.23881659574970782,0.99952646108823,0.5683036947247493
aligned,3,3,66,flow_reuse,0.02476081897957304,0.02431553602218628,0.030212547350674867,0.6288842872354103,0.23881659574970782,0.99952646108823,0.5683036947247493
aligned,3,3,66,flow_toeplitz_r2,0.0199790222238944,0.019037285819649696,0.025781341362744566,0.6288842872354103,0.23881659574970782,0.99952646108823,0.5683036947247493
aligned,3,3,66,flow_rank8_oracle,0.016268747979635095,0.016060421243309975,0.021706123463809488,0.6288842872354103,0.23881659574970782,0.99952646108823,0.5683036947247493
aligned,4,3,66,raw_reuse,0.6655608663849307,0.6906428337097168,0.925933215022087,0.601090492874059,0.06304363274228852,0.9991904952795793,0.6753091495364323
aligned,4,3,66,shift_reuse,0.10859128834574688,0.11382792145013809,0.16346596628427504,0.601090492874059,0.06304363274228852,0.9991904952795793,0.6753091495364323
aligned,4,3,66,shift_toeplitz_r2,0.09068562007181187,0.0935811772942543,0.14230653643608093,0.601090492874059,0.06304363274228852,0.9991904952795793,0.6753091495364323
aligned,4,3,66,shift_circular_r2,0.09061054986467253,0.09350305795669556,0.14250297099351883,0.601090492874059,0.06304363274228852,0.9991904952795793,0.6753091495364323
aligned,4,3,66,shift_rank8_feature,0.08352272479852796,0.08525806665420532,0.12174724526703358,0.601090492874059,0.06304363274228852,0.9991904952795793,0.6753091495364323
aligned,4,3,66,shift_rank8_prev_flow,0.06859978457525656,0.0706382617354393,0.10124639272689817,0.601090492874059,0.06304363274228852,0.9991904952795793,0.6753091495364323
aligned,4,3,66,shift_rank8_oracle,0.06858547948228766,0.07062447816133499,0.10122355073690413,0.601090492874059,0.06304363274228852,0.9991904952795793,0.6753091495364323
aligned,4,3,66,flow_reuse,0.03500740691825338,0.03354068100452423,0.046868968009948726,0.601090492874059,0.06304363274228852,0.9991904952795793,0.6753091495364323
aligned,4,3,66,flow_toeplitz_r2,0.028831606207435675,0.027828535065054893,0.03779915980994701,0.601090492874059,0.06304363274228852,0.9991904952795793,0.6753091495364323
aligned,4,3,66,flow_rank8_oracle,0.01994779829285197,0.019915936514735222,0.026484451629221438,0.601090492874059,0.06304363274228852,0.9991904952795793,0.6753091495364323
aligned,5,3,66,raw_reuse,0.4798775993048335,0.49988749623298645,0.7103059113025665,0.6720497183822591,0.07120085059951886,0.9991660377146632,0.7132707406050389
aligned,5,3,66,shift_reuse,0.10222187938056751,0.10616090148687363,0.16581650674343107,0.6720497183822591,0.07120085059951886,0.9991660377146632,0.7132707406050389
aligned,5,3,66,shift_toeplitz_r2,0.08475083223011266,0.08604081720113754,0.14015336260199546,0.6720497183822591,0.07120085059951886,0.9991660377146632,0.7132707406050389
aligned,5,3,66,shift_circular_r2,0.08463927443623684,0.08596662431955338,0.13985460922122,0.6720497183822591,0.07120085059951886,0.9991660377146632,0.7132707406050389
aligned,5,3,66,shift_rank8_feature,0.07761393449573827,0.07869937270879745,0.11828476861119269,0.6720497183822591,0.07120085059951886,0.9991660377146632,0.7132707406050389
aligned,5,3,66,shift_rank8_prev_flow,0.05855926464090061,0.05931519344449043,0.08993833176791667,0.6720497183822591,0.07120085059951886,0.9991660377146632,0.7132707406050389
aligned,5,3,66,shift_rank8_oracle,0.05853935047165659,0.05929361656308174,0.089917653799057,0.6720497183822591,0.07120085059951886,0.9991660377146632,0.7132707406050389
aligned,5,3,66,flow_reuse,0.027245167195904692,0.027001140639185905,0.03460866492241621,0.6720497183822591,0.07120085059951886,0.9991660377146632,0.7132707406050389
aligned,5,3,66,flow_toeplitz_r2,0.02093972149858091,0.02002095617353916,0.027826966438442468,0.6720497183822591,0.07120085059951886,0.9991660377146632,0.7132707406050389
aligned,5,3,66,flow_rank8_oracle,0.01458899864215658,0.014256104826927185,0.018982559535652397,0.6720497183822591,0.07120085059951886,0.9991660377146632,0.7132707406050389
aligned,6,3,66,raw_reuse,0.24877408149042823,0.24196560680866241,0.3241499692201614,0.8061553587599586,0.12048866193003649,0.9990937096858905,0.843286429298334
aligned,6,3,66,shift_reuse,0.07300712306089392,0.07109282165765762,0.09127932526171208,0.8061553587599586,0.12048866193003649,0.9990937096858905,0.843286429298334
aligned,6,3,66,shift_toeplitz_r2,0.057191581342040256,0.054278165102005005,0.08156569302082062,0.8061553587599586,0.12048866193003649,0.9990937096858905,0.843286429298334
aligned,6,3,66,shift_circular_r2,0.05707883058435516,0.054165977984666824,0.08170434199273587,0.8061553587599586,0.12048866193003649,0.9990937096858905,0.843286429298334
aligned,6,3,66,shift_rank8_feature,0.04832976723950128,0.04510914161801338,0.06916330307722092,0.8061553587599586,0.12048866193003649,0.9990937096858905,0.843286429298334
aligned,6,3,66,shift_rank8_prev_flow,0.03216429330480249,0.03007296286523342,0.04659044574946165,0.8061553587599586,0.12048866193003649,0.9990937096858905,0.843286429298334
aligned,6,3,66,shift_rank8_oracle,0.03214342382217961,0.03005376271903515,0.046547893062233926,0.8061553587599586,0.12048866193003649,0.9990937096858905,0.843286429298334
aligned,6,3,66,flow_reuse,0.015483569592385116,0.015008660964667797,0.022240955941379068,0.8061553587599586,0.12048866193003649,0.9990937096858905,0.843286429298334
aligned,6,3,66,flow_toeplitz_r2,0.01010650714328539,0.009047210216522217,0.01694947490468621,0.8061553587599586,0.12048866193003649,0.9990937096858905,0.843286429298334
aligned,6,3,66,flow_rank8_oracle,0.006129490742630802,0.005894556641578674,0.008456465788185596,0.8061553587599586,0.12048866193003649,0.9990937096858905,0.843286429298334
aligned,7,3,66,raw_reuse,0.26095882408885623,0.25763046741485596,0.35657738596200944,0.8256645628693278,0.5078301555443323,0.9946784393159424,0.6662979739021546
aligned,7,3,66,shift_reuse,0.03259218728954253,0.03205803409218788,0.04736600872129201,0.8256645628693278,0.5078301555443323,0.9946784393159424,0.6662979739021546
aligned,7,3,66,shift_toeplitz_r2,0.028153925448770604,0.02748582325875759,0.04411019831895828,0.8256645628693278,0.5078301555443323,0.9946784393159424,0.6662979739021546
aligned,7,3,66,shift_circular_r2,0.028120934173867535,0.027455216273665428,0.044217409938573836,0.8256645628693278,0.5078301555443323,0.9946784393159424,0.6662979739021546
aligned,7,3,66,shift_rank8_feature,0.019068090925812266,0.018289078027009964,0.0293717248365283,0.8256645628693278,0.5078301555443323,0.9946784393159424,0.6662979739021546
aligned,7,3,66,shift_rank8_prev_flow,0.013679068457227305,0.013147215358912945,0.020233297068625686,0.8256645628693278,0.5078301555443323,0.9946784393159424,0.6662979739021546
aligned,7,3,66,shift_rank8_oracle,0.013608377394115304,0.013074815273284912,0.020183043181896208,0.8256645628693278,0.5078301555443323,0.9946784393159424,0.6662979739021546
aligned,7,3,66,flow_reuse,0.0054797533776982515,0.005383532959967852,0.0077698382316157225,0.8256645628693278,0.5078301555443323,0.9946784393159424,0.6662979739021546
aligned,7,3,66,flow_toeplitz_r2,0.004757124066625109,0.004624565131962299,0.006448269542306662,0.8256645628693278,0.5078301555443323,0.9946784393159424,0.6662979739021546
aligned,7,3,66,flow_rank8_oracle,0.003165486651779653,0.003098507644608617,0.004487927234731614,0.8256645628693278,0.5078301555443323,0.9946784393159424,0.6662979739021546
aligned,0,4,55,raw_reuse,1.2308543221917123,1.233305811882019,1.4690533757209778,0.8757372487083888,0.8204329779062858,0.9998663875330325,0.4137842881352273
aligned,0,4,55,shift_reuse,0.05361317605581548,0.05465655401349068,0.06747770905494689,0.8757372487083888,0.8204329779062858,0.9998663875330325,0.4137842881352273
aligned,0,4,55,shift_toeplitz_r2,0.03350435123793547,0.034098729491233826,0.041217427141964434,0.8757372487083888,0.8204329779062858,0.9998663875330325,0.4137842881352273
aligned,0,4,55,shift_circular_r2,0.033216221029587704,0.0337977297604084,0.04092331081628799,0.8757372487083888,0.8204329779062858,0.9998663875330325,0.4137842881352273
aligned,0,4,55,shift_rank8_feature,0.020816982326905584,0.020947039127349854,0.026347512751817702,0.8757372487083888,0.8204329779062858,0.9998663875330325,0.4137842881352273
aligned,0,4,55,shift_rank8_prev_flow,0.018900639755734645,0.01904611475765705,0.023924081213772295,0.8757372487083888,0.8204329779062858,0.9998663875330325,0.4137842881352273
aligned,0,4,55,shift_rank8_oracle,0.01889914088141043,0.01904449425637722,0.023921189084649085,0.8757372487083888,0.8204329779062858,0.9998663875330325,0.4137842881352273
aligned,0,4,55,flow_reuse,0.010983718338155887,0.011003942228853703,0.014739373000338674,0.8757372487083888,0.8204329779062858,0.9998663875330325,0.4137842881352273
aligned,0,4,55,flow_toeplitz_r2,0.00966160343456564,0.009677594527602196,0.01300950488075614,0.8757372487083888,0.8204329779062858,0.9998663875330325,0.4137842881352273
aligned,0,4,55,flow_rank8_oracle,0.008409654705534104,0.008419805206358433,0.010205590073019266,0.8757372487083888,0.8204329779062858,0.9998663875330325,0.4137842881352273
aligned,1,4,55,raw_reuse,0.89253082453549,0.8891374468803406,1.0257596373558044,0.757107792049716,0.7943221128272355,0.9998511825517337,0.429820688350276
aligned,1,4,55,shift_reuse,0.09096690219114269,0.09175657480955124,0.11066133864223957,0.757107792049716,0.7943221128272355,0.9998511825517337,0.429820688350276
aligned,1,4,55,shift_toeplitz_r2,0.06557641135666974,0.06602368503808975,0.08001728393137456,0.757107792049716,0.7943221128272355,0.9998511825517337,0.429820688350276
aligned,1,4,55,shift_circular_r2,0.0652961689849413,0.06574598699808121,0.07911108620464802,0.757107792049716,0.7943221128272355,0.9998511825517337,0.429820688350276
aligned,1,4,55,shift_rank8_feature,0.048858437869545066,0.04898350313305855,0.06282062046229839,0.757107792049716,0.7943221128272355,0.9998511825517337,0.429820688350276
aligned,1,4,55,shift_rank8_prev_flow,0.044835257394259274,0.044948238879442215,0.058780401013791554,0.757107792049716,0.7943221128272355,0.9998511825517337,0.429820688350276
aligned,1,4,55,shift_rank8_oracle,0.04483221504386737,0.044945184141397476,0.05877691097557544,0.757107792049716,0.7943221128272355,0.9998511825517337,0.429820688350276
aligned,1,4,55,flow_reuse,0.013423003261108053,0.013407536782324314,0.017250123713165522,0.757107792049716,0.7943221128272355,0.9998511825517337,0.429820688350276
aligned,1,4,55,flow_toeplitz_r2,0.01022298275651659,0.010177684016525745,0.013824553322046995,0.757107792049716,0.7943221128272355,0.9998511825517337,0.429820688350276
aligned,1,4,55,flow_rank8_oracle,0.010135738349170332,0.010067280381917953,0.013767145806923509,0.757107792049716,0.7943221128272355,0.9998511825517337,0.429820688350276
aligned,2,4,55,raw_reuse,0.8480608067166431,0.8462697863578796,1.0773864567279814,0.6261963486975803,0.5905378578988929,0.999878952333913,0.6621274645685068
aligned,2,4,55,shift_reuse,0.09139633366265797,0.09246859699487686,0.11475641950964928,0.6261963486975803,0.5905378578988929,0.999878952333913,0.6621274645685068
aligned,2,4,55,shift_toeplitz_r2,0.07203861580205966,0.07263368368148804,0.09015303067862987,0.6261963486975803,0.5905378578988929,0.999878952333913,0.6621274645685068
aligned,2,4,55,shift_circular_r2,0.0719440552246237,0.07253441959619522,0.08993721902370452,0.6261963486975803,0.5905378578988929,0.999878952333913,0.6621274645685068
aligned,2,4,55,shift_rank8_feature,0.061531707055780226,0.06164372339844704,0.08429632559418677,0.6261963486975803,0.5905378578988929,0.999878952333913,0.6621274645685068
aligned,2,4,55,shift_rank8_prev_flow,0.055881004022756475,0.05591827630996704,0.07777680456638336,0.6261963486975803,0.5905378578988929,0.999878952333913,0.6621274645685068
aligned,2,4,55,shift_rank8_oracle,0.05587925040797187,0.05591649189591408,0.07777572460472583,0.6261963486975803,0.5905378578988929,0.999878952333913,0.6621274645685068
aligned,2,4,55,flow_reuse,0.022501258351457394,0.022827111184597015,0.02742567826062441,0.6261963486975803,0.5905378578988929,0.999878952333913,0.6621274645685068
aligned,2,4,55,flow_toeplitz_r2,0.014247639209381074,0.014088630676269531,0.01840410493314266,0.6261963486975803,0.5905378578988929,0.999878952333913,0.6621274645685068
aligned,2,4,55,flow_rank8_oracle,0.013079262360893967,0.012959230691194534,0.01680575469508767,0.6261963486975803,0.5905378578988929,0.999878952333913,0.6621274645685068
aligned,3,4,55,raw_reuse,0.7203935713399143,0.753267765045166,0.9375604540109634,0.5600468259557403,0.2339417432397275,0.9997019114823905,0.628002522884884
aligned,3,4,55,shift_reuse,0.1042353785108223,0.10774096101522446,0.14300757721066473,0.5600468259557403,0.2339417432397275,0.9997019114823905,0.628002522884884
aligned,3,4,55,shift_toeplitz_r2,0.08503830826152677,0.0871281623840332,0.12551940269768236,0.5600468259557403,0.2339417432397275,0.9997019114823905,0.628002522884884
aligned,3,4,55,shift_circular_r2,0.08495267692281426,0.08705302327871323,0.12570496760308741,0.5600468259557403,0.2339417432397275,0.9997019114823905,0.628002522884884
aligned,3,4,55,shift_rank8_feature,0.07856896338930867,0.08042436093091965,0.11491642072796822,0.5600468259557403,0.2339417432397275,0.9997019114823905,0.628002522884884
aligned,3,4,55,shift_rank8_prev_flow,0.06914216144394698,0.07068806141614914,0.10096066817641258,0.5600468259557403,0.2339417432397275,0.9997019114823905,0.628002522884884
aligned,3,4,55,shift_rank8_oracle,0.06913824265870949,0.070684053003788,0.10095394439995288,0.5600468259557403,0.2339417432397275,0.9997019114823905,0.628002522884884
aligned,3,4,55,flow_reuse,0.02328785177566892,0.023882457986474037,0.028249320574104786,0.5600468259557403,0.2339417432397275,0.9997019114823905,0.628002522884884
aligned,3,4,55,flow_toeplitz_r2,0.01732979384688551,0.01718062348663807,0.021317474357783795,0.5600468259557403,0.2339417432397275,0.9997019114823905,0.628002522884884
aligned,3,4,55,flow_rank8_oracle,0.01420363245018639,0.01450429018586874,0.017906103935092687,0.5600468259557403,0.2339417432397275,0.9997019114823905,0.628002522884884
aligned,4,4,55,raw_reuse,0.6100946746846837,0.660487711429596,0.877036702632904,0.5367415978948438,-0.22228474305318224,0.9995783317196978,0.6391041411252172
aligned,4,4,55,shift_reuse,0.11160600521168748,0.12105824798345566,0.17450744286179543,0.5367415978948438,-0.22228474305318224,0.9995783317196978,0.6391041411252172
aligned,4,4,55,shift_toeplitz_r2,0.0983294395816321,0.10522157698869705,0.1593826524913311,0.5367415978948438,-0.22228474305318224,0.9995783317196978,0.6391041411252172
aligned,4,4,55,shift_circular_r2,0.09829413346066013,0.10516992956399918,0.1595804736018181,0.5367415978948438,-0.22228474305318224,0.9995783317196978,0.6391041411252172
aligned,4,4,55,shift_rank8_feature,0.09610252326156696,0.10317667573690414,0.1545747511088848,0.5367415978948438,-0.22228474305318224,0.9995783317196978,0.6391041411252172
aligned,4,4,55,shift_rank8_prev_flow,0.07597036837973284,0.0816233828663826,0.11513981521129607,0.5367415978948438,-0.22228474305318224,0.9995783317196978,0.6391041411252172
aligned,4,4,55,shift_rank8_oracle,0.07596249413865969,0.08161590993404388,0.11512839496135711,0.5367415978948438,-0.22228474305318224,0.9995783317196978,0.6391041411252172
aligned,4,4,55,flow_reuse,0.022454737576721038,0.023152217268943787,0.029908306431025267,0.5367415978948438,-0.22228474305318224,0.9995783317196978,0.6391041411252172
aligned,4,4,55,flow_toeplitz_r2,0.01879772694765026,0.01935805194079876,0.02366007147356868,0.5367415978948438,-0.22228474305318224,0.9995783317196978,0.6391041411252172
aligned,4,4,55,flow_rank8_oracle,0.013489595693253099,0.014428991824388504,0.01890679858624935,0.5367415978948438,-0.22228474305318224,0.9995783317196978,0.6391041411252172
aligned,5,4,55,raw_reuse,0.4927432115084753,0.5239849090576172,0.7356660783290863,0.6422773572648943,-0.04383805560009679,0.9996200668401133,0.7379008038658013
aligned,5,4,55,shift_reuse,0.11662603476373573,0.12298090010881424,0.19979025349020954,0.6422773572648943,-0.04383805560009679,0.9996200668401133,0.7379008038658013
aligned,5,4,55,shift_toeplitz_r2,0.10111096660701133,0.10452669113874435,0.17386845424771305,0.6422773572648943,-0.04383805560009679,0.9996200668401133,0.7379008038658013
aligned,5,4,55,shift_circular_r2,0.10097961682450317,0.10440955311059952,0.17358622401952742,0.6422773572648943,-0.04383805560009679,0.9996200668401133,0.7379008038658013
aligned,5,4,55,shift_rank8_feature,0.09698876087273978,0.10018826276063919,0.150957253575325,0.6422773572648943,-0.04383805560009679,0.9996200668401133,0.7379008038658013
aligned,5,4,55,shift_rank8_prev_flow,0.06976578245217234,0.07238177210092545,0.10408181250095366,0.6422773572648943,-0.04383805560009679,0.9996200668401133,0.7379008038658013
aligned,5,4,55,shift_rank8_oracle,0.06975393708660149,0.07236893475055695,0.10407347381114959,0.6422773572648943,-0.04383805560009679,0.9996200668401133,0.7379008038658013
aligned,5,4,55,flow_reuse,0.02186634348645787,0.022826192900538445,0.028985772375017402,0.6422773572648943,-0.04383805560009679,0.9996200668401133,0.7379008038658013
aligned,5,4,55,flow_toeplitz_r2,0.016270312047755992,0.016199404373764992,0.021044689137488602,0.6422773572648943,-0.04383805560009679,0.9996200668401133,0.7379008038658013
aligned,5,4,55,flow_rank8_oracle,0.011194612246332298,0.011596095748245716,0.015263344207778572,0.6422773572648943,-0.04383805560009679,0.9996200668401133,0.7379008038658013
aligned,6,4,55,raw_reuse,0.27173347197314784,0.26570752263069153,0.36372728645801544,0.7742856298715577,-0.06588136996548344,0.9996158544410946,0.8913491630501571
aligned,6,4,55,shift_reuse,0.09134378902003878,0.08866557478904724,0.11990730874240399,0.7742856298715577,-0.06588136996548344,0.9996158544410946,0.8913491630501571
aligned,6,4,55,shift_toeplitz_r2,0.07539845752735053,0.07127805799245834,0.11478046178817748,0.7742856298715577,-0.06588136996548344,0.9996158544410946,0.8913491630501571
aligned,6,4,55,shift_circular_r2,0.07520505523972566,0.07108662277460098,0.11464259289205074,0.7742856298715577,-0.06588136996548344,0.9996158544410946,0.8913491630501571
aligned,6,4,55,shift_rank8_feature,0.06764299926378707,0.06333225220441818,0.10324580483138561,0.7742856298715577,-0.06588136996548344,0.9996158544410946,0.8913491630501571
aligned,6,4,55,shift_rank8_prev_flow,0.04340807430620936,0.04107780009508133,0.060078852809965604,0.7742856298715577,-0.06588136996548344,0.9996158544410946,0.8913491630501571
aligned,6,4,55,shift_rank8_oracle,0.04339689199287138,0.04106675460934639,0.060068364255130284,0.7742856298715577,-0.06588136996548344,0.9996158544410946,0.8913491630501571
aligned,6,4,55,flow_reuse,0.017743814915252287,0.017815884202718735,0.02215234776958823,0.7742856298715577,-0.06588136996548344,0.9996158544410946,0.8913491630501571
aligned,6,4,55,flow_toeplitz_r2,0.008442734118536339,0.007731811609119177,0.012349959695711732,0.7742856298715577,-0.06588136996548344,0.9996158544410946,0.8913491630501571
aligned,6,4,55,flow_rank8_oracle,0.005848756445044997,0.005595885217189789,0.007828860054723918,0.7742856298715577,-0.06588136996548344,0.9996158544410946,0.8913491630501571
aligned,7,4,55,raw_reuse,0.25288067890568217,0.24866390228271484,0.3433381557464599,0.7780366429236087,0.4019608603676813,0.9990580721530185,0.6967281677487912
aligned,7,4,55,shift_reuse,0.037660040439522466,0.03697912022471428,0.05806990228593349,0.7780366429236087,0.4019608603676813,0.9990580721530185,0.6967281677487912
aligned,7,4,55,shift_toeplitz_r2,0.033573750305060567,0.03263011947274208,0.05170086454600095,0.7780366429236087,0.4019608603676813,0.9990580721530185,0.6967281677487912
aligned,7,4,55,shift_circular_r2,0.033527295942620126,0.03258795291185379,0.05156002268195152,0.7780366429236087,0.4019608603676813,0.9990580721530185,0.6967281677487912
aligned,7,4,55,shift_rank8_feature,0.024282868628398385,0.023381264880299568,0.0358669463545084,0.7780366429236087,0.4019608603676813,0.9990580721530185,0.6967281677487912
aligned,7,4,55,shift_rank8_prev_flow,0.01775496942532946,0.01706024259328842,0.028520592022687193,0.7780366429236087,0.4019608603676813,0.9990580721530185,0.6967281677487912
aligned,7,4,55,shift_rank8_oracle,0.01774277006318795,0.017047658562660217,0.02850394509732723,0.7780366429236087,0.4019608603676813,0.9990580721530185,0.6967281677487912
aligned,7,4,55,flow_reuse,0.0053602949752472005,0.005266709718853235,0.007851855154149233,0.7780366429236087,0.4019608603676813,0.9990580721530185,0.6967281677487912
aligned,7,4,55,flow_toeplitz_r2,0.005223603465537697,0.004987409338355064,0.008030013740062712,0.7780366429236087,0.4019608603676813,0.9990580721530185,0.6967281677487912
aligned,7,4,55,flow_rank8_oracle,0.002951920975331494,0.002896140329539776,0.0040042494423687455,0.7780366429236087,0.4019608603676813,0.9990580721530185,0.6967281677487912
aligned,0,5,44,raw_reuse,1.199336164458078,1.2014480829238892,1.436042845249176,0.8751015830458824,0.8001209320435414,0.9999002613138739,0.36488467362606847
aligned,0,5,44,shift_reuse,0.061592321767939474,0.06274215131998062,0.07641064673662185,0.8751015830458824,0.8001209320435414,0.9999002613138739,0.36488467362606847
aligned,0,5,44,shift_toeplitz_r2,0.03931691647231387,0.03995348513126373,0.04807223230600357,0.8751015830458824,0.8001209320435414,0.9999002613138739,0.36488467362606847
aligned,0,5,44,shift_circular_r2,0.0389625039329197,0.039581507444381714,0.047590920329093934,0.8751015830458824,0.8001209320435414,0.9999002613138739,0.36488467362606847
aligned,0,5,44,shift_rank8_feature,0.024344654550719613,0.02447151578962803,0.03124601924791932,0.8751015830458824,0.8001209320435414,0.9999002613138739,0.36488467362606847
aligned,0,5,44,shift_rank8_prev_flow,0.021768687898680767,0.021925264969468117,0.028286716900765896,0.8751015830458824,0.8001209320435414,0.9999002613138739,0.36488467362606847
aligned,0,5,44,shift_rank8_oracle,0.021767324036739477,0.021923869848251343,0.028285653702914713,0.8751015830458824,0.8001209320435414,0.9999002613138739,0.36488467362606847
aligned,0,5,44,flow_reuse,0.013426545127730423,0.0134136276319623,0.01683156657963991,0.8751015830458824,0.8001209320435414,0.9999002613138739,0.36488467362606847
aligned,0,5,44,flow_toeplitz_r2,0.011917825431535066,0.011934020556509495,0.014970195293426514,0.8751015830458824,0.8001209320435414,0.9999002613138739,0.36488467362606847
aligned,0,5,44,flow_rank8_oracle,0.010700168449234906,0.010646290145814419,0.01329047572799027,0.8751015830458824,0.8001209320435414,0.9999002613138739,0.36488467362606847
aligned,1,5,44,raw_reuse,0.8898445755783608,0.8857243061065674,1.0246901512145996,0.7651405148767453,0.7820102497777561,0.9998579042319269,0.4197039228402012
aligned,1,5,44,shift_reuse,0.1084488785798946,0.10955721884965897,0.13482216671109198,0.7651405148767453,0.7820102497777561,0.9998579042319269,0.4197039228402012
aligned,1,5,44,shift_toeplitz_r2,0.07963873226530342,0.08032653480768204,0.09894445054233074,0.7651405148767453,0.7820102497777561,0.9998579042319269,0.4197039228402012
aligned,1,5,44,shift_circular_r2,0.07926283119591652,0.07994483411312103,0.09838006496429443,0.7651405148767453,0.7820102497777561,0.9998579042319269,0.4197039228402012
aligned,1,5,44,shift_rank8_feature,0.05769506691974092,0.05789412185549736,0.07379040233790875,0.7651405148767453,0.7820102497777561,0.9998579042319269,0.4197039228402012
aligned,1,5,44,shift_rank8_prev_flow,0.052560341238164894,0.05265982076525688,0.06828650049865245,0.7651405148767453,0.7820102497777561,0.9998579042319269,0.4197039228402012
aligned,1,5,44,shift_rank8_oracle,0.05255682792495178,0.05265618488192558,0.06827684082090854,0.7651405148767453,0.7820102497777561,0.9998579042319269,0.4197039228402012
aligned,1,5,44,flow_reuse,0.016405206723483313,0.016476044431328773,0.01956087229773402,0.7651405148767453,0.7820102497777561,0.9998579042319269,0.4197039228402012
aligned,1,5,44,flow_toeplitz_r2,0.012902757485333084,0.012930159457027912,0.015305822668597101,0.7651405148767453,0.7820102497777561,0.9998579042319269,0.4197039228402012
aligned,1,5,44,flow_rank8_oracle,0.012497021721854289,0.012506459839642048,0.014805571222677826,0.7651405148767453,0.7820102497777561,0.9998579042319269,0.4197039228402012
aligned,2,5,44,raw_reuse,0.8842710752881386,0.8893889784812927,1.1229010879993437,0.6048599966991353,0.5592089361559016,0.9998711127956502,0.6509180608868915
aligned,2,5,44,shift_reuse,0.10946743930332326,0.11188685148954391,0.13820101395249365,0.6048599966991353,0.5592089361559016,0.9998711127956502,0.6509180608868915
aligned,2,5,44,shift_toeplitz_r2,0.08902925395642346,0.09084049612283707,0.11643146499991416,0.6048599966991353,0.5592089361559016,0.9998711127956502,0.6509180608868915
aligned,2,5,44,shift_circular_r2,0.08880728866619778,0.09059657901525497,0.11612541303038597,0.6048599966991353,0.5592089361559016,0.9998711127956502,0.6509180608868915
aligned,2,5,44,shift_rank8_feature,0.07616207171999122,0.07693010568618774,0.10433805212378501,0.6048599966991353,0.5592089361559016,0.9998711127956502,0.6509180608868915
aligned,2,5,44,shift_rank8_prev_flow,0.0688136784598643,0.06941380351781845,0.09275120794773102,0.6048599966991353,0.5592089361559016,0.9998711127956502,0.6509180608868915
aligned,2,5,44,shift_rank8_oracle,0.0688114102609787,0.06941153109073639,0.0927495889365673,0.6048599966991353,0.5592089361559016,0.9998711127956502,0.6509180608868915
aligned,2,5,44,flow_reuse,0.024210705950957354,0.024928763508796692,0.03145185075700283,0.6048599966991353,0.5592089361559016,0.9998711127956502,0.6509180608868915
aligned,2,5,44,flow_toeplitz_r2,0.015707985075055383,0.015968719497323036,0.020633638650178907,0.6048599966991353,0.5592089361559016,0.9998711127956502,0.6509180608868915
aligned,2,5,44,flow_rank8_oracle,0.014304449305461061,0.014523051679134369,0.018627784866839647,0.6048599966991353,0.5592089361559016,0.9998711127956502,0.6509180608868915
aligned,3,5,44,raw_reuse,0.6949611865895102,0.748577892780304,0.9641903370618821,0.528540196170127,0.2256906210278654,0.999787110456938,0.5935856514874562
aligned,3,5,44,shift_reuse,0.1148169171546092,0.12241655588150024,0.16472142487764357,0.528540196170127,0.2256906210278654,0.999787110456938,0.5935856514874562
aligned,3,5,44,shift_toeplitz_r2,0.09856988070264595,0.10458699613809586,0.15315326526761053,0.528540196170127,0.2256906210278654,0.999787110456938,0.5935856514874562
aligned,3,5,44,shift_circular_r2,0.09847358764418802,0.10448017716407776,0.15360243096947668,0.528540196170127,0.2256906210278654,0.999787110456938,0.5935856514874562
aligned,3,5,44,shift_rank8_feature,0.09097828664739979,0.09618296474218369,0.14124417677521706,0.528540196170127,0.2256906210278654,0.999787110456938,0.5935856514874562
aligned,3,5,44,shift_rank8_prev_flow,0.07884025282819929,0.08344542235136032,0.11828272305428982,0.528540196170127,0.2256906210278654,0.999787110456938,0.5935856514874562
aligned,3,5,44,shift_rank8_oracle,0.07883666014057379,0.08344152569770813,0.11827874705195426,0.528540196170127,0.2256906210278654,0.999787110456938,0.5935856514874562
aligned,3,5,44,flow_reuse,0.021988314141716196,0.02383340150117874,0.03098181402310729,0.528540196170127,0.2256906210278654,0.999787110456938,0.5935856514874562
aligned,3,5,44,flow_toeplitz_r2,0.016114350499869808,0.017256522551178932,0.021903189085423946,0.528540196170127,0.2256906210278654,0.999787110456938,0.5935856514874562
aligned,3,5,44,flow_rank8_oracle,0.014017689929463,0.015197083353996277,0.01957714920863509,0.528540196170127,0.2256906210278654,0.999787110456938,0.5935856514874562
aligned,4,5,44,raw_reuse,0.549855057174844,0.6174819469451904,0.8737696170806883,0.5044471338895566,-0.1666754248637734,0.9996167387002475,0.552302320552256
aligned,4,5,44,shift_reuse,0.11565115453387295,0.12861280143260956,0.180843398720026,0.5044471338895566,-0.1666754248637734,0.9996167387002475,0.552302320552256
aligned,4,5,44,shift_toeplitz_r2,0.10493196773847467,0.11529231071472168,0.1661106988787651,0.5044471338895566,-0.1666754248637734,0.9996167387002475,0.552302320552256
aligned,4,5,44,shift_circular_r2,0.10490148320391844,0.11524329334497452,0.1660608634352684,0.5044471338895566,-0.1666754248637734,0.9996167387002475,0.552302320552256
aligned,4,5,44,shift_rank8_feature,0.10282748213479889,0.1143341064453125,0.16926236152648924,0.5044471338895566,-0.1666754248637734,0.9996167387002475,0.552302320552256
aligned,4,5,44,shift_rank8_prev_flow,0.08142119432001378,0.08990522474050522,0.13134974874556063,0.5044471338895566,-0.1666754248637734,0.9996167387002475,0.552302320552256
aligned,4,5,44,shift_rank8_oracle,0.08141322689713268,0.089898020029068,0.13134406879544255,0.5044471338895566,-0.1666754248637734,0.9996167387002475,0.552302320552256
aligned,4,5,44,flow_reuse,0.01743287224597541,0.018804432824254036,0.02323623262345791,0.5044471338895566,-0.1666754248637734,0.9996167387002475,0.552302320552256
aligned,4,5,44,flow_toeplitz_r2,0.015132188853852334,0.01629534922540188,0.022361155785620212,0.5044471338895566,-0.1666754248637734,0.9996167387002475,0.552302320552256
aligned,4,5,44,flow_rank8_oracle,0.011664372200320669,0.012691971845924854,0.016918800584971905,0.5044471338895566,-0.1666754248637734,0.9996167387002475,0.552302320552256
aligned,5,5,44,raw_reuse,0.481457565572818,0.5258436799049377,0.7228650510311126,0.6279151644240851,0.0303783344821833,0.9997394136865835,0.7174256735789759
aligned,5,5,44,shift_reuse,0.1289662755040609,0.13917337357997894,0.2226138152182102,0.6279151644240851,0.0303783344821833,0.9997394136865835,0.7174256735789759
aligned,5,5,44,shift_toeplitz_r2,0.11561923538973508,0.12288569658994675,0.19782867729663847,0.6279151644240851,0.0303783344821833,0.9997394136865835,0.7174256735789759
aligned,5,5,44,shift_circular_r2,0.11546991695792899,0.12273437529802322,0.19757293984293936,0.6279151644240851,0.0303783344821833,0.9997394136865835,0.7174256735789759
aligned,5,5,44,shift_rank8_feature,0.10947044512622126,0.11706305295228958,0.19508406668901443,0.6279151644240851,0.0303783344821833,0.9997394136865835,0.7174256735789759
aligned,5,5,44,shift_rank8_prev_flow,0.07867773049402148,0.08398335427045822,0.12203278467059135,0.6279151644240851,0.0303783344821833,0.9997394136865835,0.7174256735789759
aligned,5,5,44,shift_rank8_oracle,0.07866782500893599,0.08397271484136581,0.1220147456973791,0.6279151644240851,0.0303783344821833,0.9997394136865835,0.7174256735789759
aligned,5,5,44,flow_reuse,0.01892778738300243,0.02062375284731388,0.026254809461534023,0.6279151644240851,0.0303783344821833,0.9997394136865835,0.7174256735789759
aligned,5,5,44,flow_toeplitz_r2,0.01412317051374703,0.014959360472857952,0.020714838430285452,0.6279151644240851,0.0303783344821833,0.9997394136865835,0.7174256735789759
aligned,5,5,44,flow_rank8_oracle,0.010061580341404655,0.010968106798827648,0.01440777606330812,0.6279151644240851,0.0303783344821833,0.9997394136865835,0.7174256735789759
aligned,6,5,44,raw_reuse,0.3016721220856948,0.2974936068058014,0.41698990762233734,0.7569832164956517,-0.16710641994900333,0.9996281189275118,0.9223190563042398
aligned,6,5,44,shift_reuse,0.11754976913704401,0.11461669206619263,0.1654615208506584,0.7569832164956517,-0.16710641994900333,0.9996281189275118,0.9223190563042398
aligned,6,5,44,shift_toeplitz_r2,0.10118475921285075,0.0965191125869751,0.16016418337821958,0.7569832164956517,-0.16710641994900333,0.9996281189275118,0.9223190563042398
aligned,6,5,44,shift_circular_r2,0.1008081407175457,0.09616976976394653,0.1604305550456047,0.7569832164956517,-0.16710641994900333,0.9996281189275118,0.9223190563042398
aligned,6,5,44,shift_rank8_feature,0.09182571700844784,0.0867420956492424,0.13628660961985586,0.7569832164956517,-0.16710641994900333,0.9996281189275118,0.9223190563042398
aligned,6,5,44,shift_rank8_prev_flow,0.05796214982260727,0.05500231310725212,0.08202924989163875,0.7569832164956517,-0.16710641994900333,0.9996281189275118,0.9223190563042398
aligned,6,5,44,shift_rank8_oracle,0.057948195244269585,0.05498916283249855,0.08200731948018074,0.7569832164956517,-0.16710641994900333,0.9996281189275118,0.9223190563042398
aligned,6,5,44,flow_reuse,0.02259530567488329,0.023264214396476746,0.02960185306146741,0.7569832164956517,-0.16710641994900333,0.9996281189275118,0.9223190563042398
aligned,6,5,44,flow_toeplitz_r2,0.008782346296865638,0.008450007997453213,0.012735684076324104,0.7569832164956517,-0.16710641994900333,0.9996281189275118,0.9223190563042398
aligned,6,5,44,flow_rank8_oracle,0.006297605727554589,0.00617779279127717,0.008507433347404003,0.7569832164956517,-0.16710641994900333,0.9996281189275118,0.9223190563042398
aligned,7,5,44,raw_reuse,0.25318467214272355,0.2466149777173996,0.36255804747343057,0.7733200672727798,0.3405640780341507,0.9990515221945214,0.8401711896658789
aligned,7,5,44,shift_reuse,0.046736886487853756,0.04576847329735756,0.07319764755666255,0.7733200672727798,0.3405640780341507,0.9990515221945214,0.8401711896658789
aligned,7,5,44,shift_toeplitz_r2,0.042412694451496834,0.04111698269844055,0.06653448902070522,0.7733200672727798,0.3405640780341507,0.9990515221945214,0.8401711896658789
aligned,7,5,44,shift_circular_r2,0.042354177432345215,0.04106124863028526,0.06625820845365524,0.7733200672727798,0.3405640780341507,0.9990515221945214,0.8401711896658789
aligned,7,5,44,shift_rank8_feature,0.031195322646420998,0.029956569895148277,0.04666851554065943,0.7733200672727798,0.3405640780341507,0.9990515221945214,0.8401711896658789
aligned,7,5,44,shift_rank8_prev_flow,0.022267303886517837,0.02116856724023819,0.03623292930424213,0.7733200672727798,0.3405640780341507,0.9990515221945214,0.8401711896658789
aligned,7,5,44,shift_rank8_oracle,0.02225185979086218,0.021154159680008888,0.03622752539813518,0.7733200672727798,0.3405640780341507,0.9990515221945214,0.8401711896658789
aligned,7,5,44,flow_reuse,0.009348504050818147,0.009402898140251637,0.012875735340639948,0.7733200672727798,0.3405640780341507,0.9990515221945214,0.8401711896658789
aligned,7,5,44,flow_toeplitz_r2,0.0055612183995845665,0.005385376513004303,0.008124499209225177,0.7733200672727798,0.3405640780341507,0.9990515221945214,0.8401711896658789
aligned,7,5,44,flow_rank8_oracle,0.0037374002228566334,0.0036391515750437975,0.00528163977432996,0.7733200672727798,0.3405640780341507,0.9990515221945214,0.8401711896658789
aligned,0,6,33,raw_reuse,1.1599261094634177,1.1627979278564453,1.3918994843959809,0.8656836434973765,0.8085160458316126,0.999825529235401,0.3830552172776214
aligned,0,6,33,shift_reuse,0.0739178893364001,0.07540762424468994,0.09412232562899589,0.8656836434973765,0.8085160458316126,0.999825529235401,0.3830552172776214
aligned,0,6,33,shift_toeplitz_r2,0.04881200086147568,0.04963091388344765,0.06192700192332268,0.8656836434973765,0.8085160458316126,0.999825529235401,0.3830552172776214
aligned,0,6,33,shift_circular_r2,0.048353736643504,0.0491478331387043,0.06130626760423183,0.8656836434973765,0.8085160458316126,0.999825529235401,0.3830552172776214
aligned,0,6,33,shift_rank8_feature,0.030032025901023187,0.030256055295467377,0.037978042289614676,0.8656836434973765,0.8085160458316126,0.999825529235401,0.3830552172776214
aligned,0,6,33,shift_rank8_prev_flow,0.027093136535872104,0.027324983850121498,0.03487310279160738,0.8656836434973765,0.8085160458316126,0.999825529235401,0.3830552172776214
aligned,0,6,33,shift_rank8_oracle,0.02709031211755402,0.027322033420205116,0.0348713107407093,0.8656836434973765,0.8085160458316126,0.999825529235401,0.3830552172776214
aligned,0,6,33,flow_reuse,0.019013091516708484,0.019049616530537605,0.02291078744456172,0.8656836434973765,0.8085160458316126,0.999825529235401,0.3830552172776214
aligned,0,6,33,flow_toeplitz_r2,0.016415426603145447,0.016466861590743065,0.01978634474799037,0.8656836434973765,0.8085160458316126,0.999825529235401,0.3830552172776214
aligned,0,6,33,flow_rank8_oracle,0.014933991044961193,0.014880252070724964,0.019550021085888148,0.8656836434973765,0.8085160458316126,0.999825529235401,0.3830552172776214
aligned,1,6,33,raw_reuse,0.8602652034168465,0.8555936813354492,0.9729535490274429,0.7515811188995873,0.8254949665217726,0.9997440606431991,0.3326027408510013
aligned,1,6,33,shift_reuse,0.12957283896364438,0.1311880499124527,0.15930606052279472,0.7515811188995873,0.8254949665217726,0.9997440606431991,0.3326027408510013
aligned,1,6,33,shift_toeplitz_r2,0.09784660708737147,0.09895377606153488,0.12331885658204556,0.7515811188995873,0.8254949665217726,0.9997440606431991,0.3326027408510013
aligned,1,6,33,shift_circular_r2,0.09740461296920415,0.09850279241800308,0.12295562885701657,0.7515811188995873,0.8254949665217726,0.9997440606431991,0.3326027408510013
aligned,1,6,33,shift_rank8_feature,0.06922002103697464,0.06953754276037216,0.0885707300156355,0.7515811188995873,0.8254949665217726,0.9997440606431991,0.3326027408510013
aligned,1,6,33,shift_rank8_prev_flow,0.0645882717127001,0.06473828107118607,0.08173151426017283,0.7515811188995873,0.8254949665217726,0.9997440606431991,0.3326027408510013
aligned,1,6,33,shift_rank8_oracle,0.0645812244649412,0.06473101675510406,0.08172634169459342,0.7515811188995873,0.8254949665217726,0.9997440606431991,0.3326027408510013
aligned,1,6,33,flow_reuse,0.01881006838116688,0.018871737644076347,0.023720653261989355,0.7515811188995873,0.8254949665217726,0.9997440606431991,0.3326027408510013
aligned,1,6,33,flow_toeplitz_r2,0.016461348769130767,0.016455814242362976,0.021020318288356064,0.7515811188995873,0.8254949665217726,0.9997440606431991,0.3326027408510013
aligned,1,6,33,flow_rank8_oracle,0.015366771549586345,0.015329218469560146,0.018931916821748017,0.7515811188995873,0.8254949665217726,0.9997440606431991,0.3326027408510013
aligned,2,6,33,raw_reuse,0.8932469847889268,0.9097843170166016,1.1298318386077881,0.5701873402450846,0.6292672552357342,0.999767195021459,0.6171644357520301
aligned,2,6,33,shift_reuse,0.13490087436471845,0.14048412442207336,0.17503760829567908,0.5701873402450846,0.6292672552357342,0.999767195021459,0.6171644357520301
aligned,2,6,33,shift_toeplitz_r2,0.11324446100100907,0.11760016530752182,0.14620269387960433,0.5701873402450846,0.6292672552357342,0.999767195021459,0.6171644357520301
aligned,2,6,33,shift_circular_r2,0.11283861172073631,0.11715609580278397,0.14616933315992356,0.5701873402450846,0.6292672552357342,0.999767195021459,0.6171644357520301
aligned,2,6,33,shift_rank8_feature,0.09536123685198608,0.09825525432825089,0.12749509960412977,0.5701873402450846,0.6292672552357342,0.999767195021459,0.6171644357520301
aligned,2,6,33,shift_rank8_prev_flow,0.08844566192001095,0.090932697057724,0.11563196629285813,0.5701873402450846,0.6292672552357342,0.999767195021459,0.6171644357520301
aligned,2,6,33,shift_rank8_oracle,0.08844114695677233,0.09092789143323898,0.11562834121286869,0.5701873402450846,0.6292672552357342,0.999767195021459,0.6171644357520301
aligned,2,6,33,flow_reuse,0.030656655392522564,0.03239653632044792,0.04292969293892383,0.5701873402450846,0.6292672552357342,0.999767195021459,0.6171644357520301
aligned,2,6,33,flow_toeplitz_r2,0.021674925191267784,0.022664466872811317,0.030296924896538256,0.5701873402450846,0.6292672552357342,0.999767195021459,0.6171644357520301
aligned,2,6,33,flow_rank8_oracle,0.018968410390108704,0.01967645436525345,0.0269252648577094,0.5701873402450846,0.6292672552357342,0.999767195021459,0.6171644357520301
aligned,3,6,33,raw_reuse,0.649147825334216,0.7221776843070984,0.9589409857988357,0.5031765105394763,0.20652476242130502,0.9997802035494251,0.5388166495145842
aligned,3,6,33,shift_reuse,0.12627640897458697,0.140395388007164,0.1958115518093109,0.5031765105394763,0.20652476242130502,0.9997802035494251,0.5388166495145842
aligned,3,6,33,shift_toeplitz_r2,0.11306808713811847,0.12502692639827728,0.18608970046043394,0.5031765105394763,0.20652476242130502,0.9997802035494251,0.5388166495145842
aligned,3,6,33,shift_circular_r2,0.1129591442004396,0.1248745396733284,0.1865545019507408,0.5031765105394763,0.20652476242130502,0.9997802035494251,0.5388166495145842
aligned,3,6,33,shift_rank8_feature,0.1048942491330004,0.11722246557474136,0.17467507049441336,0.5031765105394763,0.20652476242130502,0.9997802035494251,0.5388166495145842
aligned,3,6,33,shift_rank8_prev_flow,0.08901161453852875,0.0986383929848671,0.14271800518035888,0.5031765105394763,0.20652476242130502,0.9997802035494251,0.5388166495145842
aligned,3,6,33,shift_rank8_oracle,0.0890068196696471,0.09863299131393433,0.14271087124943732,0.5031765105394763,0.20652476242130502,0.9997802035494251,0.5388166495145842
aligned,3,6,33,flow_reuse,0.02471743411620202,0.02830415405333042,0.04085998628288507,0.5031765105394763,0.20652476242130502,0.9997802035494251,0.5388166495145842
aligned,3,6,33,flow_toeplitz_r2,0.019075575992923206,0.02161519229412079,0.030141425132751466,0.5031765105394763,0.20652476242130502,0.9997802035494251,0.5388166495145842
aligned,3,6,33,flow_rank8_oracle,0.016785728536029703,0.019336676225066185,0.0271676542237401,0.5031765105394763,0.20652476242130502,0.9997802035494251,0.5388166495145842
aligned,4,6,33,raw_reuse,0.4967772895418678,0.5735514163970947,0.8401289880275726,0.4723798729247284,-0.13372176431960803,0.9995375517524678,0.5044924487270298
aligned,4,6,33,shift_reuse,0.12159959577795358,0.13812829554080963,0.19473974406719208,0.4723798729247284,-0.13372176431960803,0.9995375517524678,0.5044924487270298
aligned,4,6,33,shift_toeplitz_r2,0.11337785722122679,0.12778766453266144,0.18335447907447816,0.4723798729247284,-0.13372176431960803,0.9995375517524678,0.5044924487270298
aligned,4,6,33,shift_circular_r2,0.11331944906830381,0.1276995837688446,0.18333984091877936,0.4723798729247284,-0.13372176431960803,0.9995375517524678,0.5044924487270298
aligned,4,6,33,shift_rank8_feature,0.11067551808159856,0.12646104395389557,0.20147347599267956,0.4723798729247284,-0.13372176431960803,0.9995375517524678,0.5044924487270298
aligned,4,6,33,shift_rank8_prev_flow,0.08833714682415668,0.10016318410634995,0.1464504927396774,0.4723798729247284,-0.13372176431960803,0.9995375517524678,0.5044924487270298
aligned,4,6,33,shift_rank8_oracle,0.08832686874234198,0.10015300661325455,0.1464332580566406,0.4723798729247284,-0.13372176431960803,0.9995375517524678,0.5044924487270298
aligned,4,6,33,flow_reuse,0.01830384199080972,0.020823339000344276,0.029894446581602094,0.4723798729247284,-0.13372176431960803,0.9995375517524678,0.5044924487270298
aligned,4,6,33,flow_toeplitz_r2,0.015541576770419015,0.017513958737254143,0.02362644737586379,0.4723798729247284,-0.13372176431960803,0.9995375517524678,0.5044924487270298
aligned,4,6,33,flow_rank8_oracle,0.012884494863118327,0.014859143644571304,0.021561800595372913,0.4723798729247284,-0.13372176431960803,0.9995375517524678,0.5044924487270298
aligned,5,6,33,raw_reuse,0.46028128677033214,0.5186710357666016,0.7550045520067215,0.6155707343041936,0.06651473006982234,0.9997092600723226,0.6453159775829188
aligned,5,6,33,shift_reuse,0.14230023314959842,0.15765808522701263,0.262445455789566,0.6155707343041936,0.06651473006982234,0.9997092600723226,0.6453159775829188
aligned,5,6,33,shift_toeplitz_r2,0.13090107082941377,0.14385046064853668,0.2462603062391281,0.6155707343041936,0.06651473006982234,0.9997092600723226,0.6453159775829188
aligned,5,6,33,shift_circular_r2,0.13074649148988213,0.14367841184139252,0.24666871279478073,0.6155707343041936,0.06651473006982234,0.9997092600723226,0.6453159775829188
aligned,5,6,33,shift_rank8_feature,0.1236706635861605,0.13864175975322723,0.2411195524036884,0.6155707343041936,0.06651473006982234,0.9997092600723226,0.6453159775829188
aligned,5,6,33,shift_rank8_prev_flow,0.08824275836488124,0.0978303775191307,0.14971684217453002,0.6155707343041936,0.06651473006982234,0.9997092600723226,0.6453159775829188
aligned,5,6,33,shift_rank8_oracle,0.08822950296894047,0.0978163406252861,0.14969158470630645,0.6155707343041936,0.06651473006982234,0.9997092600723226,0.6453159775829188
aligned,5,6,33,flow_reuse,0.02071755981894305,0.023557841777801514,0.03512107990682125,0.6155707343041936,0.06651473006982234,0.9997092600723226,0.6453159775829188
aligned,5,6,33,flow_toeplitz_r2,0.015722069953066256,0.017518067732453346,0.023995449021458625,0.6155707343041936,0.06651473006982234,0.9997092600723226,0.6453159775829188
aligned,5,6,33,flow_rank8_oracle,0.012338416149655156,0.01401809323579073,0.02053194846957922,0.6155707343041936,0.06651473006982234,0.9997092600723226,0.6453159775829188
aligned,6,6,33,raw_reuse,0.3429472737776029,0.3437654674053192,0.49369668513536447,0.7381487937264317,-0.3210687739266933,0.9995797365799893,0.8953434645602412
aligned,6,6,33,shift_reuse,0.15453524667326107,0.15281647443771362,0.2230540357530117,0.7381487937264317,-0.3210687739266933,0.9995797365799893,0.8953434645602412
aligned,6,6,33,shift_toeplitz_r2,0.13887987987390418,0.13547970354557037,0.22223924994468688,0.7381487937264317,-0.3210687739266933,0.9995797365799893,0.8953434645602412
aligned,6,6,33,shift_circular_r2,0.13829634894016246,0.1349465399980545,0.2224210426211357,0.7381487937264317,-0.3210687739266933,0.9995797365799893,0.8953434645602412
aligned,6,6,33,shift_rank8_feature,0.1302975495258158,0.1274118721485138,0.21955075487494466,0.7381487937264317,-0.3210687739266933,0.9995797365799893,0.8953434645602412
aligned,6,6,33,shift_rank8_prev_flow,0.07909941032504837,0.07681319862604141,0.11620007939636706,0.7381487937264317,-0.3210687739266933,0.9995797365799893,0.8953434645602412
aligned,6,6,33,shift_rank8_oracle,0.07907784747630076,0.07679128646850586,0.11618580669164656,0.7381487937264317,-0.3210687739266933,0.9995797365799893,0.8953434645602412
aligned,6,6,33,flow_reuse,0.030232834223853998,0.0318768285214901,0.038403539918363094,0.7381487937264317,-0.3210687739266933,0.9995797365799893,0.8953434645602412
aligned,6,6,33,flow_toeplitz_r2,0.01311031661195833,0.012995961122214794,0.019445989560335875,0.7381487937264317,-0.3210687739266933,0.9995797365799893,0.8953434645602412
aligned,6,6,33,flow_rank8_oracle,0.009780522118191927,0.009802162647247314,0.013333446625620126,0.7381487937264317,-0.3210687739266933,0.9995797365799893,0.8953434645602412
aligned,7,6,33,raw_reuse,0.2601323880918492,0.24982982873916626,0.38875039219856256,0.7605106435463895,0.29906823054185416,0.9994679045405502,0.8630553552728493
aligned,7,6,33,shift_reuse,0.06168509825390817,0.06035209819674492,0.09668692424893378,0.7605106435463895,0.29906823054185416,0.9994679045405502,0.8630553552728493
aligned,7,6,33,shift_toeplitz_r2,0.05684705181981871,0.05514802411198616,0.0888386394828558,0.7605106435463895,0.29906823054185416,0.9994679045405502,0.8630553552728493
aligned,7,6,33,shift_circular_r2,0.056784134155131366,0.05508580803871155,0.08855478540062904,0.7605106435463895,0.29906823054185416,0.9994679045405502,0.8630553552728493
aligned,7,6,33,shift_rank8_feature,0.04242881362360478,0.040470678359270096,0.06522878669202327,0.7605106435463895,0.29906823054185416,0.9994679045405502,0.8630553552728493
aligned,7,6,33,shift_rank8_prev_flow,0.03019841069922132,0.028342530131340027,0.04945685919374227,0.7605106435463895,0.29906823054185416,0.9994679045405502,0.8630553552728493
aligned,7,6,33,shift_rank8_oracle,0.030187237340783848,0.02832997404038906,0.04944820310920476,0.7605106435463895,0.29906823054185416,0.9994679045405502,0.8630553552728493
aligned,7,6,33,flow_reuse,0.014421765409397512,0.014468252658843994,0.019863451924175022,0.7605106435463895,0.29906823054185416,0.9994679045405502,0.8630553552728493
aligned,7,6,33,flow_toeplitz_r2,0.00868787879248803,0.00854245200753212,0.011470294138416649,0.7605106435463895,0.29906823054185416,0.9994679045405502,0.8630553552728493
aligned,7,6,33,flow_rank8_oracle,0.0053369232059339135,0.0052444725297391415,0.0071998848114162685,0.7605106435463895,0.29906823054185416,0.9994679045405502,0.8630553552728493
aligned,0,7,22,raw_reuse,1.0899339302905204,1.0962918996810913,1.348830944299698,0.8628025886459363,0.8151549549043627,0.9997477227441924,0.3851438351402613
aligned,0,7,22,shift_reuse,0.09084972153770653,0.09318969398736954,0.11659507565200328,0.8628025886459363,0.8151549549043627,0.9997477227441924,0.3851438351402613
aligned,0,7,22,shift_toeplitz_r2,0.06167161048839007,0.06313441693782806,0.08135576397180556,0.8628025886459363,0.8151549549043627,0.9997477227441924,0.3851438351402613
aligned,0,7,22,shift_circular_r2,0.061087566125415486,0.0625208169221878,0.08036316856741905,0.8628025886459363,0.8151549549043627,0.9997477227441924,0.3851438351402613
aligned,0,7,22,shift_rank8_feature,0.03718461251973013,0.03767168149352074,0.04999629072844982,0.8628025886459363,0.8151549549043627,0.9997477227441924,0.3851438351402613
aligned,0,7,22,shift_rank8_prev_flow,0.03365596639626087,0.034154877066612244,0.046405704133212565,0.8628025886459363,0.8151549549043627,0.9997477227441924,0.3851438351402613
aligned,0,7,22,shift_rank8_oracle,0.03365089031991668,0.0341494083404541,0.04639893695712089,0.8628025886459363,0.8151549549043627,0.9997477227441924,0.3851438351402613
aligned,0,7,22,flow_reuse,0.029216869421716057,0.029610218480229378,0.03660006988793611,0.8628025886459363,0.8151549549043627,0.9997477227441924,0.3851438351402613
aligned,0,7,22,flow_toeplitz_r2,0.024676557872272468,0.024966903030872345,0.029955104272812606,0.8628025886459363,0.8151549549043627,0.9997477227441924,0.3851438351402613
aligned,0,7,22,flow_rank8_oracle,0.02290975503639992,0.023084992542862892,0.029904077108949424,0.8628025886459363,0.8151549549043627,0.9997477227441924,0.3851438351402613
aligned,1,7,22,raw_reuse,0.7950885395363826,0.7941687703132629,0.8993508905172348,0.7304770601425238,0.7872406741692775,0.9993975142345423,0.2946649328505061
aligned,1,7,22,shift_reuse,0.14372141567944774,0.14593560993671417,0.1780790090560913,0.7304770601425238,0.7872406741692775,0.9993975142345423,0.2946649328505061
aligned,1,7,22,shift_toeplitz_r2,0.10994324805688786,0.11157580465078354,0.13877158612012863,0.7304770601425238,0.7872406741692775,0.9993975142345423,0.2946649328505061
aligned,1,7,22,shift_circular_r2,0.10967827698269823,0.11130525916814804,0.13876155093312262,0.7304770601425238,0.7872406741692775,0.9993975142345423,0.2946649328505061
aligned,1,7,22,shift_rank8_feature,0.08069692426247371,0.08096221089363098,0.10862790904939175,0.7304770601425238,0.7872406741692775,0.9993975142345423,0.2946649328505061
aligned,1,7,22,shift_rank8_prev_flow,0.07463175692621105,0.07471568882465363,0.09822480082511902,0.7304770601425238,0.7872406741692775,0.9993975142345423,0.2946649328505061
aligned,1,7,22,shift_rank8_oracle,0.07461383355122302,0.07469753175973892,0.09818866178393364,0.7304770601425238,0.7872406741692775,0.9993975142345423,0.2946649328505061
aligned,1,7,22,flow_reuse,0.023302770317854306,0.023297779262065887,0.028742744587361813,0.7304770601425238,0.7872406741692775,0.9993975142345423,0.2946649328505061
aligned,1,7,22,flow_toeplitz_r2,0.020561692807738903,0.020428208634257317,0.02507157875224948,0.7304770601425238,0.7872406741692775,0.9993975142345423,0.2946649328505061
aligned,1,7,22,flow_rank8_oracle,0.019570651918794316,0.01941477321088314,0.024024466797709466,0.7304770601425238,0.7872406741692775,0.9993975142345423,0.2946649328505061
aligned,2,7,22,raw_reuse,0.8418128881663147,0.8730907440185547,1.0379245102405548,0.5555034691767256,0.6013869108265953,0.9996363710770421,0.5040484103490774
aligned,2,7,22,shift_reuse,0.16011976272764025,0.17081648111343384,0.21205266937613487,0.5555034691767256,0.6013869108265953,0.9996363710770421,0.5040484103490774
aligned,2,7,22,shift_toeplitz_r2,0.13687319670231904,0.1458883434534073,0.18027345836162567,0.5555034691767256,0.6013869108265953,0.9996363710770421,0.5040484103490774
aligned,2,7,22,shift_circular_r2,0.13644828166735876,0.14539171755313873,0.17986289784312248,0.5555034691767256,0.6013869108265953,0.9996363710770421,0.5040484103490774
aligned,2,7,22,shift_rank8_feature,0.11587560683378322,0.12204103916883469,0.1663641758263111,0.5555034691767256,0.6013869108265953,0.9996363710770421,0.5040484103490774
aligned,2,7,22,shift_rank8_prev_flow,0.10676144378984513,0.11212003231048584,0.1469821460545063,0.5555034691767256,0.6013869108265953,0.9996363710770421,0.5040484103490774
aligned,2,7,22,shift_rank8_oracle,0.10675276334580527,0.11210998147726059,0.1469684340059757,0.5555034691767256,0.6013869108265953,0.9996363710770421,0.5040484103490774
aligned,2,7,22,flow_reuse,0.03669405895137678,0.039796024560928345,0.05374804101884365,0.5555034691767256,0.6013869108265953,0.9996363710770421,0.5040484103490774
aligned,2,7,22,flow_toeplitz_r2,0.029381655138108326,0.03157965466380119,0.040547908470034595,0.5555034691767256,0.6013869108265953,0.9996363710770421,0.5040484103490774
aligned,2,7,22,flow_rank8_oracle,0.025841361864421628,0.027495065703988075,0.03468180615454912,0.5555034691767256,0.6013869108265953,0.9996363710770421,0.5040484103490774
aligned,3,7,22,raw_reuse,0.5749422715975773,0.6560866832733154,0.8624561548233032,0.48415222193740215,0.11016985471771235,0.9996287170881044,0.46737302150012017
aligned,3,7,22,shift_reuse,0.1336420042873114,0.1541413515806198,0.22222482264041898,0.48415222193740215,0.11016985471771235,0.9996287170881044,0.46737302150012017
aligned,3,7,22,shift_toeplitz_r2,0.12324937253675705,0.14238162338733673,0.21044822707772254,0.48415222193740215,0.11016985471771235,0.9996287170881044,0.46737302150012017
aligned,3,7,22,shift_circular_r2,0.1231875963440974,0.1422775238752365,0.2102748766541481,0.48415222193740215,0.11016985471771235,0.9996287170881044,0.46737302150012017
aligned,3,7,22,shift_rank8_feature,0.11631351044218288,0.1359531432390213,0.19448945224285125,0.48415222193740215,0.11016985471771235,0.9996287170881044,0.46737302150012017
aligned,3,7,22,shift_rank8_prev_flow,0.0959944745990562,0.11078918725252151,0.16319757774472235,0.48415222193740215,0.11016985471771235,0.9996287170881044,0.46737302150012017
aligned,3,7,22,shift_rank8_oracle,0.09598508690371409,0.11077823489904404,0.16318750008940697,0.48415222193740215,0.11016985471771235,0.9996287170881044,0.46737302150012017
aligned,3,7,22,flow_reuse,0.027149762022271345,0.03136533126235008,0.0429658493027091,0.48415222193740215,0.11016985471771235,0.9996287170881044,0.46737302150012017
aligned,3,7,22,flow_toeplitz_r2,0.02305302090878784,0.026631055399775505,0.037490205653011796,0.48415222193740215,0.11016985471771235,0.9996287170881044,0.46737302150012017
aligned,3,7,22,flow_rank8_oracle,0.01981424859241704,0.023398036137223244,0.034290014393627645,0.48415222193740215,0.11016985471771235,0.9996287170881044,0.46737302150012017
aligned,4,7,22,raw_reuse,0.4348581868102588,0.5125007033348083,0.7607458561658859,0.45487046667213427,-0.2021490328444997,0.9994824716707414,0.5028058547497851
aligned,4,7,22,shift_reuse,0.12471107873504587,0.14550349116325378,0.20796321630477904,0.45487046667213427,-0.2021490328444997,0.9994824716707414,0.5028058547497851
aligned,4,7,22,shift_toeplitz_r2,0.11825403888456339,0.13753128051757812,0.20305259004235265,0.45487046667213427,-0.2021490328444997,0.9994824716707414,0.5028058547497851
aligned,4,7,22,shift_circular_r2,0.11819591872483434,0.13746090233325958,0.2029888309538364,0.45487046667213427,-0.2021490328444997,0.9994824716707414,0.5028058547497851
aligned,4,7,22,shift_rank8_feature,0.11755363186512444,0.1396102011203766,0.21656929552555085,0.45487046667213427,-0.2021490328444997,0.9994824716707414,0.5028058547497851
aligned,4,7,22,shift_rank8_prev_flow,0.09209026303405182,0.10819437354803085,0.15595838874578474,0.45487046667213427,-0.2021490328444997,0.9994824716707414,0.5028058547497851
aligned,4,7,22,shift_rank8_oracle,0.09207779094126659,0.10817981511354446,0.15592647343873978,0.45487046667213427,-0.2021490328444997,0.9994824716707414,0.5028058547497851
aligned,4,7,22,flow_reuse,0.023570728750912835,0.02652077190577984,0.036619754321873185,0.45487046667213427,-0.2021490328444997,0.9994824716707414,0.5028058547497851
aligned,4,7,22,flow_toeplitz_r2,0.021072374434743493,0.023472415283322334,0.0308709898032248,0.45487046667213427,-0.2021490328444997,0.9994824716707414,0.5028058547497851
aligned,4,7,22,flow_rank8_oracle,0.016620191101075658,0.019312119111418724,0.027921424340456726,0.45487046667213427,-0.2021490328444997,0.9994824716707414,0.5028058547497851
aligned,5,7,22,raw_reuse,0.4219632598674564,0.4904240667819977,0.7169707655906677,0.5887650686244752,0.05617773442272789,0.9988585774892268,0.6036965296646253
aligned,5,7,22,shift_reuse,0.15417181751820944,0.17461518943309784,0.26965712755918503,0.5887650686244752,0.05617773442272789,0.9988585774892268,0.6036965296646253
aligned,5,7,22,shift_toeplitz_r2,0.14530010925109668,0.1641009896993637,0.25647735595703125,0.5887650686244752,0.05617773442272789,0.9988585774892268,0.6036965296646253
aligned,5,7,22,shift_circular_r2,0.14517531303338418,0.1639997810125351,0.25717292428016664,0.5887650686244752,0.05617773442272789,0.9988585774892268,0.6036965296646253
aligned,5,7,22,shift_rank8_feature,0.13861420087801005,0.1625715047121048,0.2759237512946129,0.5887650686244752,0.05617773442272789,0.9988585774892268,0.6036965296646253
aligned,5,7,22,shift_rank8_prev_flow,0.09892440490530129,0.1139751747250557,0.1855771034955978,0.5887650686244752,0.05617773442272789,0.9988585774892268,0.6036965296646253
aligned,5,7,22,shift_rank8_oracle,0.09886668923955419,0.11393574625253677,0.18553966283798215,0.5887650686244752,0.05617773442272789,0.9988585774892268,0.6036965296646253
aligned,5,7,22,flow_reuse,0.026433083131671385,0.030328214168548584,0.04363005459308624,0.5887650686244752,0.05617773442272789,0.9988585774892268,0.6036965296646253
aligned,5,7,22,flow_toeplitz_r2,0.02244866870510653,0.02562710829079151,0.03666736278682947,0.5887650686244752,0.05617773442272789,0.9988585774892268,0.6036965296646253
aligned,5,7,22,flow_rank8_oracle,0.016640323287689062,0.019412444904446602,0.027734913304448126,0.5887650686244752,0.05617773442272789,0.9988585774892268,0.6036965296646253
aligned,6,7,22,raw_reuse,0.3883224407629088,0.4051980972290039,0.5723937183618545,0.7022700586893293,-0.3358674898838778,0.9989367243736852,0.8581513473626192
aligned,6,7,22,shift_reuse,0.19787848572381372,0.20416061580181122,0.2941159069538116,0.7022700586893293,-0.3358674898838778,0.9989367243736852,0.8581513473626192
aligned,6,7,22,shift_toeplitz_r2,0.18783484187474153,0.19326315820217133,0.2838597923517227,0.7022700586893293,-0.3358674898838778,0.9989367243736852,0.8581513473626192
aligned,6,7,22,shift_circular_r2,0.18722604693902065,0.19279234111309052,0.28183418065309523,0.7022700586893293,-0.3358674898838778,0.9989367243736852,0.8581513473626192
aligned,6,7,22,shift_rank8_feature,0.1808888756500732,0.18601073324680328,0.3102848410606384,0.7022700586893293,-0.3358674898838778,0.9989367243736852,0.8581513473626192
aligned,6,7,22,shift_rank8_prev_flow,0.1080492830871095,0.11175766587257385,0.1534235343337059,0.7022700586893293,-0.3358674898838778,0.9989367243736852,0.8581513473626192
aligned,6,7,22,shift_rank8_oracle,0.10797168316924648,0.11168923228979111,0.153387663513422,0.7022700586893293,-0.3358674898838778,0.9989367243736852,0.8581513473626192
aligned,6,7,22,flow_reuse,0.04190393234554688,0.04803084209561348,0.06115106679499149,0.7022700586893293,-0.3358674898838778,0.9989367243736852,0.8581513473626192
aligned,6,7,22,flow_toeplitz_r2,0.02163055536563065,0.02299640141427517,0.031056941766291857,0.7022700586893293,-0.3358674898838778,0.9989367243736852,0.8581513473626192
aligned,6,7,22,flow_rank8_oracle,0.01578219435679521,0.016748689115047455,0.02307567447423935,0.7022700586893293,-0.3358674898838778,0.9989367243736852,0.8581513473626192
aligned,7,7,22,raw_reuse,0.2766855766039569,0.2646641731262207,0.4396581962704658,0.7433878399133643,0.2594184460804213,0.9988407681397049,0.915191983397487
aligned,7,7,22,shift_reuse,0.08708934387397173,0.08547753840684891,0.13092671409249304,0.7433878399133643,0.2594184460804213,0.9988407681397049,0.915191983397487
aligned,7,7,22,shift_toeplitz_r2,0.08128932696284673,0.0792991891503334,0.1259566608816385,0.7433878399133643,0.2594184460804213,0.9988407681397049,0.915191983397487
aligned,7,7,22,shift_circular_r2,0.08123324311819011,0.07924780994653702,0.1259995013475418,0.7433878399133643,0.2594184460804213,0.9988407681397049,0.915191983397487
aligned,7,7,22,shift_rank8_feature,0.06298846213546498,0.06065698340535164,0.10545557104051113,0.7433878399133643,0.2594184460804213,0.9988407681397049,0.915191983397487
aligned,7,7,22,shift_rank8_prev_flow,0.044152605135884294,0.0413876511156559,0.07624585628509521,0.7433878399133643,0.2594184460804213,0.9988407681397049,0.915191983397487
aligned,7,7,22,shift_rank8_oracle,0.04411676255256565,0.04134516045451164,0.07622079364955424,0.7433878399133643,0.2594184460804213,0.9988407681397049,0.915191983397487
aligned,7,7,22,flow_reuse,0.027825318074796466,0.028206313028931618,0.03911124691367149,0.7433878399133643,0.2594184460804213,0.9988407681397049,0.915191983397487
aligned,7,7,22,flow_toeplitz_r2,0.012670716686128817,0.011950202286243439,0.019306965731084345,0.7433878399133643,0.2594184460804213,0.9988407681397049,0.915191983397487
aligned,7,7,22,flow_rank8_oracle,0.008103238452627996,0.007852240465581417,0.010739951720461249,0.7433878399133643,0.2594184460804213,0.9988407681397049,0.915191983397487
aligned,0,8,11,raw_reuse,0.8748374257742744,0.8966605067253113,1.1477083146572113,0.8699291472501565,0.8394665214219417,0.9990260462056185,0.3630077811043638
aligned,0,8,11,shift_reuse,0.11208600711149795,0.11762893944978714,0.15273340716958045,0.8699291472501565,0.8394665214219417,0.9990260462056185,0.3630077811043638
aligned,0,8,11,shift_toeplitz_r2,0.07707819287164897,0.08035995066165924,0.10398785583674908,0.8699291472501565,0.8394665214219417,0.9990260462056185,0.3630077811043638
aligned,0,8,11,shift_circular_r2,0.0761706390720848,0.07938288897275925,0.10234823636710644,0.8699291472501565,0.8394665214219417,0.9990260462056185,0.3630077811043638
aligned,0,8,11,shift_rank8_feature,0.0442869927758471,0.04601077362895012,0.06432538591325283,0.8699291472501565,0.8394665214219417,0.9990260462056185,0.3630077811043638
aligned,0,8,11,shift_rank8_prev_flow,0.040448742626869386,0.042152732610702515,0.05956281702965498,0.8699291472501565,0.8394665214219417,0.9990260462056185,0.3630077811043638
aligned,0,8,11,shift_rank8_oracle,0.040424196110302936,0.04212738946080208,0.05955069120973348,0.8699291472501565,0.8394665214219417,0.9990260462056185,0.3630077811043638
aligned,0,8,11,flow_reuse,0.04846341536212449,0.05072474107146263,0.06657540537416935,0.8699291472501565,0.8394665214219417,0.9990260462056185,0.3630077811043638
aligned,0,8,11,flow_toeplitz_r2,0.04038117714568092,0.041993752121925354,0.0551371606066823,0.8699291472501565,0.8394665214219417,0.9990260462056185,0.3630077811043638
aligned,0,8,11,flow_rank8_oracle,0.03867951661516314,0.04027443751692772,0.056034972332417964,0.8699291472501565,0.8394665214219417,0.9990260462056185,0.3630077811043638
aligned,1,8,11,raw_reuse,0.6734242782254792,0.6773610711097717,0.7770182162523269,0.7058593929127719,0.8131061342455763,0.9976042908945847,0.2260677946330718
aligned,1,8,11,shift_reuse,0.14686009475092332,0.14888978004455566,0.17457137554883956,0.7058593929127719,0.8131061342455763,0.9976042908945847,0.2260677946330718
aligned,1,8,11,shift_toeplitz_r2,0.11589614595788686,0.1171424463391304,0.1418476864695549,0.7058593929127719,0.8131061342455763,0.9976042908945847,0.2260677946330718
aligned,1,8,11,shift_circular_r2,0.11579571395298734,0.11705392599105835,0.14180385395884515,0.7058593929127719,0.8131061342455763,0.9976042908945847,0.2260677946330718
aligned,1,8,11,shift_rank8_feature,0.08508931649824492,0.08555050939321518,0.10676906369626522,0.7058593929127719,0.8131061342455763,0.9976042908945847,0.2260677946330718
aligned,1,8,11,shift_rank8_prev_flow,0.07972125484575808,0.0802168995141983,0.10129235871136189,0.7058593929127719,0.8131061342455763,0.9976042908945847,0.2260677946330718
aligned,1,8,11,shift_rank8_oracle,0.07964917766256474,0.08014333993196487,0.10123609639704227,0.7058593929127719,0.8131061342455763,0.9976042908945847,0.2260677946330718
aligned,1,8,11,flow_reuse,0.03676333920304892,0.03697998449206352,0.047997365705668926,0.7058593929127719,0.8131061342455763,0.9976042908945847,0.2260677946330718
aligned,1,8,11,flow_toeplitz_r2,0.034070798954971324,0.03439197316765785,0.0449704585596919,0.7058593929127719,0.8131061342455763,0.9976042908945847,0.2260677946330718
aligned,1,8,11,flow_rank8_oracle,0.03234196188707294,0.03248031809926033,0.041895861737430096,0.7058593929127719,0.8131061342455763,0.9976042908945847,0.2260677946330718
aligned,2,8,11,raw_reuse,0.7147989121958737,0.756084144115448,0.9429773628711701,0.5282194739998018,0.675820690368161,0.9970775956464097,0.24544601618300788
aligned,2,8,11,shift_reuse,0.17273633665392793,0.1865064650774002,0.23233154118061064,0.5282194739998018,0.675820690368161,0.9970775956464097,0.24544601618300788
aligned,2,8,11,shift_toeplitz_r2,0.15402778725436486,0.16625702381134033,0.21758116856217383,0.5282194739998018,0.675820690368161,0.9970775956464097,0.24544601618300788
aligned,2,8,11,shift_circular_r2,0.1537817032517136,0.16597296297550201,0.2170516163110733,0.5282194739998018,0.675820690368161,0.9970775956464097,0.24544601618300788
aligned,2,8,11,shift_rank8_feature,0.1273974822598237,0.13801023364067078,0.1887156195938587,0.5282194739998018,0.675820690368161,0.9970775956464097,0.24544601618300788
aligned,2,8,11,shift_rank8_prev_flow,0.11872794662351689,0.12860973179340363,0.17840017676353453,0.5282194739998018,0.675820690368161,0.9970775956464097,0.24544601618300788
aligned,2,8,11,shift_rank8_oracle,0.11864616636774647,0.1285179704427719,0.17828966975212096,0.5282194739998018,0.675820690368161,0.9970775956464097,0.24544601618300788
aligned,2,8,11,flow_reuse,0.04901029076341173,0.054102931171655655,0.0689107533544302,0.5282194739998018,0.675820690368161,0.9970775956464097,0.24544601618300788
aligned,2,8,11,flow_toeplitz_r2,0.05775836566203919,0.06519157439470291,0.08473827838897705,0.5282194739998018,0.675820690368161,0.9970775956464097,0.24544601618300788
aligned,2,8,11,flow_rank8_oracle,0.04257282183308586,0.047015249729156494,0.061219838634133335,0.5282194739998018,0.675820690368161,0.9970775956464097,0.24544601618300788
aligned,3,8,11,raw_reuse,0.4780532480446325,0.5451362729072571,0.73048175573349,0.4466758155031272,0.3281532383141603,0.9969762735481195,0.2163368473302305
aligned,3,8,11,shift_reuse,0.13492650508130563,0.15661238133907318,0.21070168167352676,0.4466758155031272,0.3281532383141603,0.9969762735481195,0.2163368473302305
aligned,3,8,11,shift_toeplitz_r2,0.128358589943156,0.14908723533153534,0.19675925523042678,0.4466758155031272,0.3281532383141603,0.9969762735481195,0.2163368473302305
aligned,3,8,11,shift_circular_r2,0.12836549762370092,0.14904923737049103,0.19682366997003556,0.4466758155031272,0.3281532383141603,0.9969762735481195,0.2163368473302305
aligned,3,8,11,shift_rank8_feature,0.11605843488604456,0.13713598251342773,0.19540823847055433,0.4466758155031272,0.3281532383141603,0.9969762735481195,0.2163368473302305
aligned,3,8,11,shift_rank8_prev_flow,0.10044222886779315,0.11775898933410645,0.16233877837657928,0.4466758155031272,0.3281532383141603,0.9969762735481195,0.2163368473302305
aligned,3,8,11,shift_rank8_oracle,0.1003661112723363,0.11765041947364807,0.1622389569878578,0.4466758155031272,0.3281532383141603,0.9969762735481195,0.2163368473302305
aligned,3,8,11,flow_reuse,0.036469919110920436,0.0430753119289875,0.06251988373696804,0.4466758155031272,0.3281532383141603,0.9969762735481195,0.2163368473302305
aligned,3,8,11,flow_toeplitz_r2,0.052014168955868814,0.06555786728858948,0.10386461205780505,0.4466758155031272,0.3281532383141603,0.9969762735481195,0.2163368473302305
aligned,3,8,11,flow_rank8_oracle,0.032284905056242576,0.03850054368376732,0.05767404548823833,0.4466758155031272,0.3281532383141603,0.9969762735481195,0.2163368473302305
aligned,4,8,11,raw_reuse,0.3649891206207302,0.4300621449947357,0.6354534894227981,0.44623198712432244,-0.0839943459255228,0.99686775101143,0.24294804048873098
aligned,4,8,11,shift_reuse,0.12381366529908185,0.14887624979019165,0.2143640473484993,0.44623198712432244,-0.0839943459255228,0.99686775101143,0.24294804048873098
aligned,4,8,11,shift_toeplitz_r2,0.12044205211885402,0.14604507386684418,0.2160609930753708,0.44623198712432244,-0.0839943459255228,0.99686775101143,0.24294804048873098
aligned,4,8,11,shift_circular_r2,0.12040660682613724,0.1460060179233551,0.21547000780701636,0.44623198712432244,-0.0839943459255228,0.99686775101143,0.24294804048873098
aligned,4,8,11,shift_rank8_feature,0.1173904790575652,0.14499801397323608,0.2444326743483543,0.44623198712432244,-0.0839943459255228,0.99686775101143,0.24294804048873098
aligned,4,8,11,shift_rank8_prev_flow,0.09221960989167405,0.11314421892166138,0.17022550031542777,0.44623198712432244,-0.0839943459255228,0.99686775101143,0.24294804048873098
aligned,4,8,11,shift_rank8_oracle,0.09213667031250591,0.11304458975791931,0.17013880759477615,0.44623198712432244,-0.0839943459255228,0.99686775101143,0.24294804048873098
aligned,4,8,11,flow_reuse,0.032143850891276526,0.03962719812989235,0.0639346869662404,0.44623198712432244,-0.0839943459255228,0.99686775101143,0.24294804048873098
aligned,4,8,11,flow_toeplitz_r2,0.046310352527493714,0.06138068810105324,0.11448239050805566,0.44623198712432244,-0.0839943459255228,0.99686775101143,0.24294804048873098
aligned,4,8,11,flow_rank8_oracle,0.02796795735514268,0.03486652672290802,0.06018342617899179,0.44623198712432244,-0.0839943459255228,0.99686775101143,0.24294804048873098
aligned,5,8,11,raw_reuse,0.37716085906446484,0.43563368916511536,0.6327170342206955,0.4966185225637948,0.040881194815396316,0.9969414456930072,0.3314352311689611
aligned,5,8,11,shift_reuse,0.16296402464516088,0.18377362191677094,0.3180123656988143,0.4966185225637948,0.040881194815396316,0.9969414456930072,0.3314352311689611
aligned,5,8,11,shift_toeplitz_r2,0.15702781038546051,0.1785561442375183,0.3014239743351935,0.4966185225637948,0.040881194815396316,0.9969414456930072,0.3314352311689611
aligned,5,8,11,shift_circular_r2,0.15695480311381863,0.17859141528606415,0.3005449265241622,0.4966185225637948,0.040881194815396316,0.9969414456930072,0.3314352311689611
aligned,5,8,11,shift_rank8_feature,0.15170474970969414,0.18506300449371338,0.3580551877617836,0.4966185225637948,0.040881194815396316,0.9969414456930072,0.3314352311689611
aligned,5,8,11,shift_rank8_prev_flow,0.11575491040073761,0.13342034816741943,0.20257797837257385,0.4966185225637948,0.040881194815396316,0.9969414456930072,0.3314352311689611
aligned,5,8,11,shift_rank8_oracle,0.1156219680026332,0.13325220346450806,0.20237403735518456,0.4966185225637948,0.040881194815396316,0.9969414456930072,0.3314352311689611
aligned,5,8,11,flow_reuse,0.03676223155249523,0.04412861168384552,0.06620939150452614,0.4966185225637948,0.040881194815396316,0.9969414456930072,0.3314352311689611
aligned,5,8,11,flow_toeplitz_r2,0.053198661639498636,0.06903646141290665,0.11322998031973838,0.4966185225637948,0.040881194815396316,0.9969414456930072,0.3314352311689611
aligned,5,8,11,flow_rank8_oracle,0.03005893641051412,0.03683222457766533,0.05883491598069668,0.4966185225637948,0.040881194815396316,0.9969414456930072,0.3314352311689611
aligned,6,8,11,raw_reuse,0.432589213594701,0.5040537714958191,0.6890058815479279,0.620333057249555,-0.38114136774865615,0.9976016594446218,0.6817284488499564
aligned,6,8,11,shift_reuse,0.2267542460048091,0.264336496591568,0.4039759531617165,0.620333057249555,-0.38114136774865615,0.9976016594446218,0.6817284488499564
aligned,6,8,11,shift_toeplitz_r2,0.22144301329753732,0.26194578409194946,0.3886863857507706,0.620333057249555,-0.38114136774865615,0.9976016594446218,0.6817284488499564
aligned,6,8,11,shift_circular_r2,0.2210826939597033,0.26176878809928894,0.38850454837083814,0.620333057249555,-0.38114136774865615,0.9976016594446218,0.6817284488499564
aligned,6,8,11,shift_rank8_feature,0.22980337527568742,0.2644033133983612,0.41600522249937055,0.620333057249555,-0.38114136774865615,0.9976016594446218,0.6817284488499564
aligned,6,8,11,shift_rank8_prev_flow,0.1399261364857577,0.16523294150829315,0.25677804872393606,0.620333057249555,-0.38114136774865615,0.9976016594446218,0.6817284488499564
aligned,6,8,11,shift_rank8_oracle,0.13971943495341033,0.16498494148254395,0.2565207757055759,0.620333057249555,-0.38114136774865615,0.9976016594446218,0.6817284488499564
aligned,6,8,11,flow_reuse,0.05907253000768879,0.08008959889411926,0.11858095154166222,0.620333057249555,-0.38114136774865615,0.9976016594446218,0.6817284488499564
aligned,6,8,11,flow_toeplitz_r2,0.05026328011844966,0.06830395013093948,0.1015090838074684,0.620333057249555,-0.38114136774865615,0.9976016594446218,0.6817284488499564
aligned,6,8,11,flow_rank8_oracle,0.033326101849168184,0.04089467227458954,0.05586863942444324,0.620333057249555,-0.38114136774865615,0.9976016594446218,0.6817284488499564
aligned,7,8,11,raw_reuse,0.3920235679040831,0.39167818427085876,0.6873855054378508,0.7020650244173864,0.08931365645069056,0.9903011323044503,0.9317748690510882
aligned,7,8,11,shift_reuse,0.16796205227306032,0.17646455764770508,0.30631451010704036,0.7020650244173864,0.08931365645069056,0.9903011323044503,0.9317748690510882
aligned,7,8,11,shift_toeplitz_r2,0.16718563824230157,0.1791982650756836,0.3096601381897926,0.7020650244173864,0.08931365645069056,0.9903011323044503,0.9317748690510882
aligned,7,8,11,shift_circular_r2,0.16679567605653078,0.17883281409740448,0.30904806405305857,0.7020650244173864,0.08931365645069056,0.9903011323044503,0.9317748690510882
aligned,7,8,11,shift_rank8_feature,0.1346605233257949,0.13947589695453644,0.27799041867256163,0.7020650244173864,0.08931365645069056,0.9903011323044503,0.9317748690510882
aligned,7,8,11,shift_rank8_prev_flow,0.09224275070094139,0.09327739477157593,0.18280015364289284,0.7020650244173864,0.08931365645069056,0.9903011323044503,0.9317748690510882
aligned,7,8,11,shift_rank8_oracle,0.09167943269330184,0.09271907806396484,0.18168181031942368,0.7020650244173864,0.08931365645069056,0.9903011323044503,0.9317748690510882
aligned,7,8,11,flow_reuse,0.09994652100603607,0.1097722128033638,0.18069190531969068,0.7020650244173864,0.08931365645069056,0.9903011323044503,0.9317748690510882
aligned,7,8,11,flow_toeplitz_r2,0.12181507304704767,0.13528504967689514,0.18739851489663123,0.7020650244173864,0.08931365645069056,0.9903011323044503,0.9317748690510882
aligned,7,8,11,flow_rank8_oracle,0.02610597215849169,0.026200300082564354,0.040073900111019606,0.7020650244173864,0.08931365645069056,0.9903011323044503,0.9317748690510882
aligned,0,9,0,raw_reuse,0.20627966512587012,0.21898169815540314,0.3264660969376564,0.9344687744240323,0.9227965270809374,0.9961258688826554,0.32350787279993165
aligned,0,9,0,shift_reuse,0.1269782101291622,0.14328984916210175,0.20925979241728782,0.9344687744240323,0.9227965270809374,0.9961258688826554,0.32350787279993165
aligned,0,9,0,shift_toeplitz_r2,0.08378742926881805,0.0935780480504036,0.1317324846982956,0.9344687744240323,0.9227965270809374,0.9961258688826554,0.32350787279993165
aligned,0,9,0,shift_circular_r2,0.0826450850559489,0.09218477457761765,0.12871427163481713,0.9344687744240323,0.9227965270809374,0.9961258688826554,0.32350787279993165
aligned,0,9,0,shift_rank8_feature,0.03559438270854766,0.036189038306474686,0.0579512195661664,0.9344687744240323,0.9227965270809374,0.9961258688826554,0.32350787279993165
aligned,0,9,0,shift_rank8_prev_flow,0.03266721497753319,0.03365335240960121,0.048346042260527605,0.9344687744240323,0.9227965270809374,0.9961258688826554,0.32350787279993165
aligned,0,9,0,shift_rank8_oracle,0.032505237693729594,0.03341034799814224,0.04818700682371854,0.9344687744240323,0.9227965270809374,0.9961258688826554,0.32350787279993165
aligned,0,9,0,flow_reuse,0.07253129148106205,0.08175405859947205,0.1148228894919157,0.9344687744240323,0.9227965270809374,0.9961258688826554,0.32350787279993165
aligned,0,9,0,flow_toeplitz_r2,0.06072904346980398,0.06732187420129776,0.0915788758546114,0.9344687744240323,0.9227965270809374,0.9961258688826554,0.32350787279993165
aligned,0,9,0,flow_rank8_oracle,0.059656364537845605,0.06661442667245865,0.10283889733254908,0.9344687744240323,0.9227965270809374,0.9961258688826554,0.32350787279993165
aligned,1,9,0,raw_reuse,0.20821116319595148,0.2061070203781128,0.32107437402009964,0.7919230260597059,0.9284851053244383,0.991696430087055,0.27577562949962475
aligned,1,9,0,shift_reuse,0.1507424594813719,0.15294742584228516,0.18942855298519135,0.7919230260597059,0.9284851053244383,0.991696430087055,0.27577562949962475
aligned,1,9,0,shift_toeplitz_r2,0.111913452859472,0.11269891262054443,0.15012920573353766,0.7919230260597059,0.9284851053244383,0.991696430087055,0.27577562949962475
aligned,1,9,0,shift_circular_r2,0.11195295090401618,0.11275476217269897,0.1498953230679035,0.7919230260597059,0.9284851053244383,0.991696430087055,0.27577562949962475
aligned,1,9,0,shift_rank8_feature,0.07205572851026491,0.07149951905012131,0.09639381133019924,0.7919230260597059,0.9284851053244383,0.991696430087055,0.27577562949962475
aligned,1,9,0,shift_rank8_prev_flow,0.0691523667762786,0.06878883391618729,0.09244600050151348,0.7919230260597059,0.9284851053244383,0.991696430087055,0.27577562949962475
aligned,1,9,0,shift_rank8_oracle,0.06876186670603891,0.06834638863801956,0.09202438853681087,0.7919230260597059,0.9284851053244383,0.991696430087055,0.27577562949962475
aligned,1,9,0,flow_reuse,0.08398299035772881,0.08513332158327103,0.10774506665766238,0.7919230260597059,0.9284851053244383,0.991696430087055,0.27577562949962475
aligned,1,9,0,flow_toeplitz_r2,0.06490651956531064,0.06562251597642899,0.08203493133187294,0.7919230260597059,0.9284851053244383,0.991696430087055,0.27577562949962475
aligned,1,9,0,flow_rank8_oracle,0.07147067797226146,0.07241373509168625,0.09228883050382138,0.7919230260597059,0.9284851053244383,0.991696430087055,0.27577562949962475
aligned,2,9,0,raw_reuse,0.2585127990196345,0.2758243978023529,0.43090471625328064,0.6704053696544168,0.8703050423160861,0.9919647321757831,0.4689335504919929
aligned,2,9,0,shift_reuse,0.16443240113475066,0.17339842021465302,0.19968866556882858,0.6704053696544168,0.8703050423160861,0.9919647321757831,0.4689335504919929
aligned,2,9,0,shift_toeplitz_r2,0.14249875961961028,0.1492423713207245,0.17558463364839555,0.6704053696544168,0.8703050423160861,0.9919647321757831,0.4689335504919929
aligned,2,9,0,shift_circular_r2,0.1425070451118156,0.149186372756958,0.174813312292099,0.6704053696544168,0.8703050423160861,0.9919647321757831,0.4689335504919929
aligned,2,9,0,shift_rank8_feature,0.10023790691318252,0.10443925857543945,0.12827643007040024,0.6704053696544168,0.8703050423160861,0.9919647321757831,0.4689335504919929
aligned,2,9,0,shift_rank8_prev_flow,0.09477324718079909,0.09913555532693863,0.12241490297019482,0.6704053696544168,0.8703050423160861,0.9919647321757831,0.4689335504919929
aligned,2,9,0,shift_rank8_oracle,0.09440118859717134,0.09868568181991577,0.1214634370058775,0.6704053696544168,0.8703050423160861,0.9919647321757831,0.4689335504919929
aligned,2,9,0,flow_reuse,0.13100219492240006,0.1463477462530136,0.20198531150817872,0.6704053696544168,0.8703050423160861,0.9919647321757831,0.4689335504919929
aligned,2,9,0,flow_toeplitz_r2,0.10663760554339732,0.11673321574926376,0.1495495393872261,0.6704053696544168,0.8703050423160861,0.9919647321757831,0.4689335504919929
aligned,2,9,0,flow_rank8_oracle,0.0954669294685581,0.1042969599366188,0.13157622963190077,0.6704053696544168,0.8703050423160861,0.9919647321757831,0.4689335504919929
aligned,3,9,0,raw_reuse,0.2504366090100239,0.2849777340888977,0.4800691977143287,0.5378818762953924,0.6527866765577965,0.9898224379689118,0.5392290910899676
aligned,3,9,0,shift_reuse,0.13194568511057236,0.1455022245645523,0.18206642046570778,0.5378818762953924,0.6527866765577965,0.9898224379689118,0.5392290910899676
aligned,3,9,0,shift_toeplitz_r2,0.12032036413791664,0.13204635679721832,0.16723969355225562,0.5378818762953924,0.6527866765577965,0.9898224379689118,0.5392290910899676
aligned,3,9,0,shift_circular_r2,0.12035353503220908,0.1320877969264984,0.16715461611747742,0.5378818762953924,0.6527866765577965,0.9898224379689118,0.5392290910899676
aligned,3,9,0,shift_rank8_feature,0.09922421410634671,0.10935338586568832,0.1505399852991104,0.5378818762953924,0.6527866765577965,0.9898224379689118,0.5392290910899676
aligned,3,9,0,shift_rank8_prev_flow,0.08998936530354155,0.09910285472869873,0.13256672248244286,0.5378818762953924,0.6527866765577965,0.9898224379689118,0.5392290910899676
aligned,3,9,0,shift_rank8_oracle,0.08969570796847427,0.09879857301712036,0.1323065459728241,0.5378818762953924,0.6527866765577965,0.9898224379689118,0.5392290910899676
aligned,3,9,0,flow_reuse,0.13559402170695023,0.15724211931228638,0.22190724313259125,0.5378818762953924,0.6527866765577965,0.9898224379689118,0.5392290910899676
aligned,3,9,0,flow_toeplitz_r2,0.11153593913753958,0.12862098217010498,0.1762288987636566,0.5378818762953924,0.6527866765577965,0.9898224379689118,0.5392290910899676
aligned,3,9,0,flow_rank8_oracle,0.09204137505952999,0.10476987808942795,0.14893159121274946,0.5378818762953924,0.6527866765577965,0.9898224379689118,0.5392290910899676
aligned,4,9,0,raw_reuse,0.2632929388368183,0.2984412610530853,0.48133316487073896,0.5247967951001176,0.6033178787152095,0.987984856991823,0.5968513698892868
aligned,4,9,0,shift_reuse,0.13229151235858919,0.14360958337783813,0.20387223437428476,0.5247967951001176,0.6033178787152095,0.987984856991823,0.5968513698892868
aligned,4,9,0,shift_toeplitz_r2,0.12445895910455329,0.1354801505804062,0.18663161322474478,0.5247967951001176,0.6033178787152095,0.987984856991823,0.5968513698892868
aligned,4,9,0,shift_circular_r2,0.12446060932149924,0.1354956179857254,0.18661272451281546,0.5247967951001176,0.6033178787152095,0.987984856991823,0.5968513698892868
aligned,4,9,0,shift_rank8_feature,0.10446439330733358,0.11666075140237808,0.16559840962290764,0.5247967951001176,0.6033178787152095,0.987984856991823,0.5968513698892868
aligned,4,9,0,shift_rank8_prev_flow,0.09162526413065374,0.10196248441934586,0.14429039508104324,0.5247967951001176,0.6033178787152095,0.987984856991823,0.5968513698892868
aligned,4,9,0,shift_rank8_oracle,0.09119513316483166,0.10148610919713974,0.1438695542514324,0.5247967951001176,0.6033178787152095,0.987984856991823,0.5968513698892868
aligned,4,9,0,flow_reuse,0.13105294778636764,0.1506805270910263,0.21128816083073615,0.5247967951001176,0.6033178787152095,0.987984856991823,0.5968513698892868
aligned,4,9,0,flow_toeplitz_r2,0.10731855864679087,0.12260210514068604,0.16754014417529106,0.5247967951001176,0.6033178787152095,0.987984856991823,0.5968513698892868
aligned,4,9,0,flow_rank8_oracle,0.08321074076319805,0.09412577003240585,0.1360839657485485,0.5247967951001176,0.6033178787152095,0.987984856991823,0.5968513698892868
aligned,5,9,0,raw_reuse,0.3023247802829782,0.3294846713542938,0.5040213406085968,0.5925657739938683,0.40854179880087493,0.9880266535244551,0.6773780955423749
aligned,5,9,0,shift_reuse,0.16850583458785331,0.1695534586906433,0.2535621374845505,0.5925657739938683,0.40854179880087493,0.9880266535244551,0.6773780955423749
aligned,5,9,0,shift_toeplitz_r2,0.156520194485532,0.1569082885980606,0.2237779416143894,0.5925657739938683,0.40854179880087493,0.9880266535244551,0.6773780955423749
aligned,5,9,0,shift_circular_r2,0.1563307860893159,0.1567186862230301,0.22427808195352553,0.5925657739938683,0.40854179880087493,0.9880266535244551,0.6773780955423749
aligned,5,9,0,shift_rank8_feature,0.1343404202547996,0.14496208727359772,0.21226127669215203,0.5925657739938683,0.40854179880087493,0.9880266535244551,0.6773780955423749
aligned,5,9,0,shift_rank8_prev_flow,0.10816621031491246,0.11398735642433167,0.15345420837402343,0.5925657739938683,0.40854179880087493,0.9880266535244551,0.6773780955423749
aligned,5,9,0,shift_rank8_oracle,0.10755824253504497,0.1132935881614685,0.15317394137382506,0.5925657739938683,0.40854179880087493,0.9880266535244551,0.6773780955423749
aligned,5,9,0,flow_reuse,0.1537018879526119,0.17475928366184235,0.23862336203455922,0.5925657739938683,0.40854179880087493,0.9880266535244551,0.6773780955423749
aligned,5,9,0,flow_toeplitz_r2,0.11870683677552782,0.1340596079826355,0.1885826975107193,0.5925657739938683,0.40854179880087493,0.9880266535244551,0.6773780955423749
aligned,5,9,0,flow_rank8_oracle,0.08730238882773295,0.09826737642288208,0.14968925416469572,0.5925657739938683,0.40854179880087493,0.9880266535244551,0.6773780955423749
aligned,6,9,0,raw_reuse,0.371382657146231,0.37748369574546814,0.5896042019128799,0.5863051165205784,0.16623418500918086,0.9760277401042453,0.5309868233588056
aligned,6,9,0,shift_reuse,0.1755047387434006,0.19629652798175812,0.3338704198598861,0.5863051165205784,0.16623418500918086,0.9760277401042453,0.5309868233588056
aligned,6,9,0,shift_toeplitz_r2,0.16947450638745656,0.193300262093544,0.31529667526483535,0.5863051165205784,0.16623418500918086,0.9760277401042453,0.5309868233588056
aligned,6,9,0,shift_circular_r2,0.16932156690600492,0.19312016665935516,0.31510841548442836,0.5863051165205784,0.16623418500918086,0.9760277401042453,0.5309868233588056
aligned,6,9,0,shift_rank8_feature,0.1537595168753109,0.17258842289447784,0.29432445019483566,0.5863051165205784,0.16623418500918086,0.9760277401042453,0.5309868233588056
aligned,6,9,0,shift_rank8_prev_flow,0.11426272182908534,0.12821568548679352,0.1944057121872902,0.5863051165205784,0.16623418500918086,0.9760277401042453,0.5309868233588056
aligned,6,9,0,shift_rank8_oracle,0.11288309856854305,0.1266137957572937,0.19254797622561454,0.5863051165205784,0.16623418500918086,0.9760277401042453,0.5309868233588056
aligned,6,9,0,flow_reuse,0.145172556460341,0.17167522013187408,0.2518948346376419,0.5863051165205784,0.16623418500918086,0.9760277401042453,0.5309868233588056
aligned,6,9,0,flow_toeplitz_r2,0.12227555490186728,0.13815242052078247,0.2125172361731529,0.5863051165205784,0.16623418500918086,0.9760277401042453,0.5309868233588056
aligned,6,9,0,flow_rank8_oracle,0.0994207527010331,0.1118718758225441,0.16202031597495078,0.5863051165205784,0.16623418500918086,0.9760277401042453,0.5309868233588056
aligned,7,9,0,raw_reuse,0.21515309413885608,0.19017243385314941,0.40210269689559935,0.7991052087719965,0.5245012291594283,0.9483978637961139,0.9567806125858983
aligned,7,9,0,shift_reuse,0.13101484728047824,0.13407498598098755,0.18615118637681008,0.7991052087719965,0.5245012291594283,0.9483978637961139,0.9567806125858983
aligned,7,9,0,shift_toeplitz_r2,0.11141395751428584,0.11237090826034546,0.15124351978302003,0.7991052087719965,0.5245012291594283,0.9483978637961139,0.9567806125858983
aligned,7,9,0,shift_circular_r2,0.11171802454117526,0.11276093870401382,0.15203000381588935,0.7991052087719965,0.5245012291594283,0.9483978637961139,0.9567806125858983
aligned,7,9,0,shift_rank8_feature,0.0776543705248772,0.07615185528993607,0.1362005095928907,0.7991052087719965,0.5245012291594283,0.9483978637961139,0.9567806125858983
aligned,7,9,0,shift_rank8_prev_flow,0.0610616618003296,0.058010976761579514,0.08204991854727268,0.7991052087719965,0.5245012291594283,0.9483978637961139,0.9567806125858983
aligned,7,9,0,shift_rank8_oracle,0.05872254281596721,0.05550188943743706,0.08023553304374217,0.7991052087719965,0.5245012291594283,0.9483978637961139,0.9567806125858983
aligned,7,9,0,flow_reuse,0.254064966757586,0.27587929368019104,0.3640028491616249,0.7991052087719965,0.5245012291594283,0.9483978637961139,0.9567806125858983
aligned,7,9,0,flow_toeplitz_r2,0.11643338176487204,0.12158378213644028,0.1629153691232204,0.7991052087719965,0.5245012291594283,0.9483978637961139,0.9567806125858983
aligned,7,9,0,flow_rank8_oracle,0.052818262968503386,0.053305480629205704,0.09283272139728069,0.7991052087719965,0.5245012291594283,0.9483978637961139,0.9567806125858983
independent,0,0,98,raw_reuse,1.2882112836240294,1.3189576864242554,1.6088041067123413,0.0946942654461691,-0.9786194328284896,0.9999826367763036,0.6059750729546856
independent,0,0,98,shift_reuse,1.2988585677871407,1.3290965557098389,1.6816162049770356,0.0946942654461691,-0.9786194328284896,0.9999826367763036,0.6059750729546856
independent,0,0,98,shift_toeplitz_r2,1.2926744319205856,1.3227685689926147,1.6709001183509826,0.0946942654461691,-0.9786194328284896,0.9999826367763036,0.6059750729546856
independent,0,0,98,shift_circular_r2,1.2933179035171805,1.3233920335769653,1.67296661734581,0.0946942654461691,-0.9786194328284896,0.9999826367763036,0.6059750729546856
independent,0,0,98,shift_rank8_feature,1.3549428325096102,1.3861194849014282,1.7743345499038696,0.0946942654461691,-0.9786194328284896,0.9999826367763036,0.6059750729546856
independent,0,0,98,shift_rank8_prev_flow,1.2358332558574705,1.264872431755066,1.5800000548362731,0.0946942654461691,-0.9786194328284896,0.9999826367763036,0.6059750729546856
independent,0,0,98,shift_rank8_oracle,1.235832178556957,1.2648712396621704,1.5799988329410553,0.0946942654461691,-0.9786194328284896,0.9999826367763036,0.6059750729546856
independent,0,0,98,flow_reuse,0.007887180491520507,0.008032183162868023,0.01267387429252267,0.0946942654461691,-0.9786194328284896,0.9999826367763036,0.6059750729546856
independent,0,0,98,flow_toeplitz_r2,0.007229178804252444,0.007371036801487207,0.011675240844488144,0.0946942654461691,-0.9786194328284896,0.9999826367763036,0.6059750729546856
independent,0,0,98,flow_rank8_oracle,0.004950893999850898,0.005082215182483196,0.007589119346812367,0.0946942654461691,-0.9786194328284896,0.9999826367763036,0.6059750729546856
independent,1,0,98,raw_reuse,0.9146689494709987,0.9212502837181091,1.0547988772392272,0.0896363857963044,-16.944875397360946,0.9997995935480003,0.5557409656829595
independent,1,0,98,shift_reuse,0.9161452214759156,0.9214773774147034,1.0569235444068907,0.0896363857963044,-16.944875397360946,0.9997995935480003,0.5557409656829595
independent,1,0,98,shift_toeplitz_r2,1.0064271478115752,1.0162763595581055,1.1702003538608552,0.0896363857963044,-16.944875397360946,0.9997995935480003,0.5557409656829595
independent,1,0,98,shift_circular_r2,1.0024812327143364,1.0121517181396484,1.1603594720363617,0.0896363857963044,-16.944875397360946,0.9997995935480003,0.5557409656829595
independent,1,0,98,shift_rank8_feature,1.4270530752008348,1.4410953521728516,1.7627968549728392,0.0896363857963044,-16.944875397360946,0.9997995935480003,0.5557409656829595
independent,1,0,98,shift_rank8_prev_flow,0.8741295930462217,0.8782785534858704,1.0111086666584015,0.0896363857963044,-16.944875397360946,0.9997995935480003,0.5557409656829595
independent,1,0,98,shift_rank8_oracle,0.8741213398305406,0.878270149230957,1.0110960721969604,0.0896363857963044,-16.944875397360946,0.9997995935480003,0.5557409656829595
independent,1,0,98,flow_reuse,0.017463464155581795,0.017839135602116585,0.02404713500291109,0.0896363857963044,-16.944875397360946,0.9997995935480003,0.5557409656829595
independent,1,0,98,flow_toeplitz_r2,0.013795008560516187,0.014064990915358067,0.019764521904289723,0.0896363857963044,-16.944875397360946,0.9997995935480003,0.5557409656829595
independent,1,0,98,flow_rank8_oracle,0.011639880756398371,0.011853370815515518,0.016487924940884115,0.0896363857963044,-16.944875397360946,0.9997995935480003,0.5557409656829595
independent,2,0,98,raw_reuse,0.787284247144238,0.790067195892334,0.9180177360773086,0.08808174239022437,-24.042569082233,0.9994715514109286,0.5991595420949194
independent,2,0,98,shift_reuse,0.7961476833316853,0.7986562848091125,0.9337397843599319,0.08808174239022437,-24.042569082233,0.9994715514109286,0.5991595420949194
independent,2,0,98,shift_toeplitz_r2,0.9197220432679494,0.927042543888092,1.0594854712486268,0.08808174239022437,-24.042569082233,0.9994715514109286,0.5991595420949194
independent,2,0,98,shift_circular_r2,0.9120004529328044,0.9192652702331543,1.0505049645900726,0.08808174239022437,-24.042569082233,0.9994715514109286,0.5991595420949194
independent,2,0,98,shift_rank8_feature,1.369236777435282,1.3780322074890137,1.669602620601654,0.08808174239022437,-24.042569082233,0.9994715514109286,0.5991595420949194
independent,2,0,98,shift_rank8_prev_flow,0.7602946376430211,0.7615330815315247,0.9014409065246581,0.08808174239022437,-24.042569082233,0.9994715514109286,0.5991595420949194
independent,2,0,98,shift_rank8_oracle,0.7602765427161018,0.7615137100219727,0.9014273583889008,0.08808174239022437,-24.042569082233,0.9994715514109286,0.5991595420949194
independent,2,0,98,flow_reuse,0.028457219418803834,0.029074380174279213,0.03904999494552612,0.08808174239022437,-24.042569082233,0.9994715514109286,0.5991595420949194
independent,2,0,98,flow_toeplitz_r2,0.02085457233153214,0.021264294162392616,0.029004598874598737,0.08808174239022437,-24.042569082233,0.9994715514109286,0.5991595420949194
independent,2,0,98,flow_rank8_oracle,0.018016822592392914,0.018316684290766716,0.02395842047408223,0.08808174239022437,-24.042569082233,0.9994715514109286,0.5991595420949194
independent,3,0,98,raw_reuse,0.6607010268916378,0.6612637042999268,0.8054820924997329,0.0864889526478565,-24.36993252381566,0.9990903519935377,0.7946776560853166
independent,3,0,98,shift_reuse,0.6887088309384555,0.6894481182098389,0.7823577970266342,0.0864889526478565,-24.36993252381566,0.9990903519935377,0.7946776560853166
independent,3,0,98,shift_toeplitz_r2,0.7675483787265169,0.7709965705871582,0.8639367192983627,0.0864889526478565,-24.36993252381566,0.9990903519935377,0.7946776560853166
independent,3,0,98,shift_circular_r2,0.7642251251530252,0.7674842476844788,0.8570431381464004,0.0864889526478565,-24.36993252381566,0.9990903519935377,0.7946776560853166
independent,3,0,98,shift_rank8_feature,1.172752175463432,1.1760637760162354,1.3882220566272736,0.0864889526478565,-24.36993252381566,0.9990903519935377,0.7946776560853166
independent,3,0,98,shift_rank8_prev_flow,0.6582782141161179,0.6588914394378662,0.7421867609024048,0.0864889526478565,-24.36993252381566,0.9990903519935377,0.7946776560853166
independent,3,0,98,shift_rank8_oracle,0.6582525552067966,0.6588653326034546,0.7421552509069442,0.0864889526478565,-24.36993252381566,0.9990903519935377,0.7946776560853166
independent,3,0,98,flow_reuse,0.041779578435164846,0.0426480770111084,0.057686129771172996,0.0864889526478565,-24.36993252381566,0.9990903519935377,0.7946776560853166
independent,3,0,98,flow_toeplitz_r2,0.024080196071450923,0.024459561333060265,0.03138223923742771,0.0864889526478565,-24.36993252381566,0.9990903519935377,0.7946776560853166
independent,3,0,98,flow_rank8_oracle,0.018931375087713857,0.019044164568185806,0.022117027174681423,0.0864889526478565,-24.36993252381566,0.9990903519935377,0.7946776560853166
independent,4,0,98,raw_reuse,0.6446516196405189,0.6425700187683105,0.7574767410755158,0.05105182010007259,-42.268642752915326,0.9902009809347389,0.7821789283465816
independent,4,0,98,shift_reuse,0.6679815823548932,0.6640146970748901,0.7860752612352371,0.05105182010007259,-42.268642752915326,0.9902009809347389,0.7821789283465816
independent,4,0,98,shift_toeplitz_r2,0.8431205391256695,0.8436901569366455,0.993422508239746,0.05105182010007259,-42.268642752915326,0.9902009809347389,0.7821789283465816
independent,4,0,98,shift_circular_r2,0.8341121807392406,0.8347277641296387,0.9783451318740843,0.05105182010007259,-42.268642752915326,0.9902009809347389,0.7821789283465816
independent,4,0,98,shift_rank8_feature,1.1108974612797353,1.1182656288146973,1.407815086841583,0.05105182010007259,-42.268642752915326,0.9902009809347389,0.7821789283465816
independent,4,0,98,shift_rank8_prev_flow,0.6508483381036111,0.6471182703971863,0.7650138437747955,0.05105182010007259,-42.268642752915326,0.9902009809347389,0.7821789283465816
independent,4,0,98,shift_rank8_oracle,0.6507073867380376,0.6469646096229553,0.7646381020545959,0.05105182010007259,-42.268642752915326,0.9902009809347389,0.7821789283465816
independent,4,0,98,flow_reuse,0.05863108816818142,0.0598883330821991,0.08172030262649059,0.05105182010007259,-42.268642752915326,0.9902009809347389,0.7821789283465816
independent,4,0,98,flow_toeplitz_r2,0.03461384349256773,0.035096991807222366,0.04685395285487175,0.05105182010007259,-42.268642752915326,0.9902009809347389,0.7821789283465816
independent,4,0,98,flow_rank8_oracle,0.027363892175455578,0.027577558532357216,0.03264860454946756,0.05105182010007259,-42.268642752915326,0.9902009809347389,0.7821789283465816
independent,5,0,98,raw_reuse,0.4215653092048583,0.4190963804721832,0.4949827715754509,0.08395629387162273,-115.75088627857068,0.9934379620124091,0.853367812282586
independent,5,0,98,shift_reuse,0.4348220268832016,0.4308668076992035,0.5269788116216659,0.08395629387162273,-115.75088627857068,0.9934379620124091,0.853367812282586
independent,5,0,98,shift_toeplitz_r2,0.569799025640798,0.5666664838790894,0.6991952925920486,0.08395629387162273,-115.75088627857068,0.9934379620124091,0.853367812282586
independent,5,0,98,shift_circular_r2,0.5595201654850103,0.5564299821853638,0.685032758116722,0.08395629387162273,-115.75088627857068,0.9934379620124091,0.853367812282586
independent,5,0,98,shift_rank8_feature,1.3338577736640043,1.319717288017273,1.6437002658843993,0.08395629387162273,-115.75088627857068,0.9934379620124091,0.853367812282586
independent,5,0,98,shift_rank8_prev_flow,0.41627731068036383,0.412553995847702,0.48639939874410626,0.08395629387162273,-115.75088627857068,0.9934379620124091,0.853367812282586
independent,5,0,98,shift_rank8_oracle,0.41616891066459655,0.41244325041770935,0.4863112553954124,0.08395629387162273,-115.75088627857068,0.9934379620124091,0.853367812282586
independent,5,0,98,flow_reuse,0.045912678657257316,0.04606175422668457,0.05521129909902811,0.08395629387162273,-115.75088627857068,0.9934379620124091,0.853367812282586
independent,5,0,98,flow_toeplitz_r2,0.024111883800860486,0.02404971420764923,0.030901272408664224,0.08395629387162273,-115.75088627857068,0.9934379620124091,0.853367812282586
independent,5,0,98,flow_rank8_oracle,0.017581150368705955,0.017520280554890633,0.020233087707310915,0.08395629387162273,-115.75088627857068,0.9934379620124091,0.853367812282586
independent,6,0,98,raw_reuse,0.20984371801974552,0.2081507444381714,0.24812857285141945,0.0865004535844841,-158.82315283045838,0.981709767047825,0.7679194030631453
independent,6,0,98,shift_reuse,0.21960820001213324,0.21777121722698212,0.2602436453104019,0.0865004535844841,-158.82315283045838,0.981709767047825,0.7679194030631453
independent,6,0,98,shift_toeplitz_r2,0.29867775504367083,0.29615092277526855,0.355413518846035,0.0865004535844841,-158.82315283045838,0.981709767047825,0.7679194030631453
independent,6,0,98,shift_circular_r2,0.29575632238162697,0.29320043325424194,0.3539647713303566,0.0865004535844841,-158.82315283045838,0.981709767047825,0.7679194030631453
independent,6,0,98,shift_rank8_feature,0.6941660016440544,0.6853456497192383,0.84817353785038,0.0865004535844841,-158.82315283045838,0.981709767047825,0.7679194030631453
independent,6,0,98,shift_rank8_prev_flow,0.21001460716330975,0.20799297094345093,0.25099377781152726,0.0865004535844841,-158.82315283045838,0.981709767047825,0.7679194030631453
independent,6,0,98,shift_rank8_oracle,0.20989530310697183,0.2078704833984375,0.2509043991565704,0.0865004535844841,-158.82315283045838,0.981709767047825,0.7679194030631453
independent,6,0,98,flow_reuse,0.01626003096605281,0.015997998416423798,0.02213867846876382,0.0865004535844841,-158.82315283045838,0.981709767047825,0.7679194030631453
independent,6,0,98,flow_toeplitz_r2,0.011581998996299182,0.01127564162015915,0.016313176555559035,0.0865004535844841,-158.82315283045838,0.981709767047825,0.7679194030631453
independent,6,0,98,flow_rank8_oracle,0.007833228308929152,0.007684346754103899,0.0096132542937994,0.0865004535844841,-158.82315283045838,0.981709767047825,0.7679194030631453
independent,7,0,98,raw_reuse,0.3196539764636804,0.31639406085014343,0.3676535964012146,0.19348684342844913,-15.214059506790178,0.991756377931301,0.7717821251748694
independent,7,0,98,shift_reuse,0.33325051083123575,0.32937857508659363,0.403921477496624,0.19348684342844913,-15.214059506790178,0.991756377931301,0.7717821251748694
independent,7,0,98,shift_toeplitz_r2,0.3437084658014181,0.3400665521621704,0.4132712855935097,0.19348684342844913,-15.214059506790178,0.991756377931301,0.7717821251748694
independent,7,0,98,shift_circular_r2,0.3419491685720376,0.338297039270401,0.4123081430792808,0.19348684342844913,-15.214059506790178,0.991756377931301,0.7717821251748694
independent,7,0,98,shift_rank8_feature,0.6538513220075316,0.640271008014679,0.8138012468814849,0.19348684342844913,-15.214059506790178,0.991756377931301,0.7717821251748694
independent,7,0,98,shift_rank8_prev_flow,0.2995661402242457,0.29578909277915955,0.35387721806764605,0.19348684342844913,-15.214059506790178,0.991756377931301,0.7717821251748694
independent,7,0,98,shift_rank8_oracle,0.2992792122076933,0.29548537731170654,0.3537642449140549,0.19348684342844913,-15.214059506790178,0.991756377931301,0.7717821251748694
independent,7,0,98,flow_reuse,0.008187996739557517,0.007755930069833994,0.0143040114082396,0.19348684342844913,-15.214059506790178,0.991756377931301,0.7717821251748694
independent,7,0,98,flow_toeplitz_r2,0.006682581436662716,0.006385209504514933,0.010435274895280598,0.19348684342844913,-15.214059506790178,0.991756377931301,0.7717821251748694
independent,7,0,98,flow_rank8_oracle,0.003911582061110087,0.0037468273658305407,0.005970831448212266,0.19348684342844913,-15.214059506790178,0.991756377931301,0.7717821251748694
independent,0,1,88,raw_reuse,1.2900874192936718,1.3250657320022583,1.6354397058486938,0.09517759074876542,-0.9569472811798343,0.999983049846226,0.6414837671896729
independent,0,1,88,shift_reuse,1.3009868694115037,1.3352336883544922,1.692298287153244,0.09517759074876542,-0.9569472811798343,0.999983049846226,0.6414837671896729
independent,0,1,88,shift_toeplitz_r2,1.2948162049654532,1.3288872241973877,1.6803402662277223,0.09517759074876542,-0.9569472811798343,0.999983049846226,0.6414837671896729
independent,0,1,88,shift_circular_r2,1.2954671857619566,1.3295226097106934,1.6822663247585297,0.09517759074876542,-0.9569472811798343,0.999983049846226,0.6414837671896729
independent,0,1,88,shift_rank8_feature,1.3561928808041044,1.3913966417312622,1.7936245024204254,0.09517759074876542,-0.9569472811798343,0.999983049846226,0.6414837671896729
independent,0,1,88,shift_rank8_prev_flow,1.2375277103738367,1.2702516317367554,1.5940714836120606,0.09517759074876542,-0.9569472811798343,0.999983049846226,0.6414837671896729
independent,0,1,88,shift_rank8_oracle,1.237526727349144,1.2702504396438599,1.594070428609848,0.09517759074876542,-0.9569472811798343,0.999983049846226,0.6414837671896729
independent,0,1,88,flow_reuse,0.007957131774514663,0.0081728370860219,0.013028407515957949,0.09517759074876542,-0.9569472811798343,0.999983049846226,0.6414837671896729
independent,0,1,88,flow_toeplitz_r2,0.0069879010003477664,0.007147426251322031,0.0121998677495867,0.09517759074876542,-0.9569472811798343,0.999983049846226,0.6414837671896729
independent,0,1,88,flow_rank8_oracle,0.004764430130072731,0.004908850882202387,0.007830571569502353,0.09517759074876542,-0.9569472811798343,0.999983049846226,0.6414837671896729
independent,1,1,88,raw_reuse,0.9049773007157765,0.9112257957458496,1.0460744142532348,0.09415793640317427,-16.166012312328686,0.9999118511176553,0.31958461225341583
independent,1,1,88,shift_reuse,0.9068388640302159,0.9113309979438782,1.054065215587616,0.09415793640317427,-16.166012312328686,0.9999118511176553,0.31958461225341583
independent,1,1,88,shift_toeplitz_r2,0.9931429835073722,1.0016862154006958,1.1544028103351593,0.09415793640317427,-16.166012312328686,0.9999118511176553,0.31958461225341583
independent,1,1,88,shift_circular_r2,0.9892935296701288,0.9976817965507507,1.1480861723423004,0.09415793640317427,-16.166012312328686,0.9999118511176553,0.31958461225341583
independent,1,1,88,shift_rank8_feature,1.4132668816811973,1.4252815246582031,1.7455407500267028,0.09415793640317427,-16.166012312328686,0.9999118511176553,0.31958461225341583
independent,1,1,88,shift_rank8_prev_flow,0.8630942156329654,0.8664355278015137,1.0044829308986662,0.09415793640317427,-16.166012312328686,0.9999118511176553,0.31958461225341583
independent,1,1,88,shift_rank8_oracle,0.8630905590218342,0.8664315342903137,1.0044737637043,0.09415793640317427,-16.166012312328686,0.9999118511176553,0.31958461225341583
independent,1,1,88,flow_reuse,0.008598162623644556,0.008638926781713963,0.012646575504913925,0.09415793640317427,-16.166012312328686,0.9999118511176553,0.31958461225341583
independent,1,1,88,flow_toeplitz_r2,0.008638190136378487,0.008688398636877537,0.012751313718035817,0.09415793640317427,-16.166012312328686,0.9999118511176553,0.31958461225341583
independent,1,1,88,flow_rank8_oracle,0.007092392469514053,0.007065622601658106,0.011138887936249373,0.09415793640317427,-16.166012312328686,0.9999118511176553,0.31958461225341583
independent,2,1,88,raw_reuse,0.7343800219722705,0.7373296618461609,0.8492200434207916,0.10389550710832995,-19.614770309234896,0.9998518407348448,0.2635643337364403
independent,2,1,88,shift_reuse,0.7399797283058881,0.7412088513374329,0.8795115411281585,0.10389550710832995,-19.614770309234896,0.9998518407348448,0.2635643337364403
independent,2,1,88,shift_toeplitz_r2,0.8466881763178814,0.8510790467262268,0.996548867225647,0.10389550710832995,-19.614770309234896,0.9998518407348448,0.2635643337364403
independent,2,1,88,shift_circular_r2,0.8395475823075268,0.843898355960846,0.988927137851715,0.10389550710832995,-19.614770309234896,0.9998518407348448,0.2635643337364403
independent,2,1,88,shift_rank8_feature,1.2586706993383034,1.2620567083358765,1.5595714807510375,0.10389550710832995,-19.614770309234896,0.9998518407348448,0.2635643337364403
independent,2,1,88,shift_rank8_prev_flow,0.7004910338730851,0.7004696726799011,0.836920490860939,0.10389550710832995,-19.614770309234896,0.9998518407348448,0.2635643337364403
independent,2,1,88,shift_rank8_oracle,0.700485499958843,0.7004637718200684,0.8369037538766861,0.10389550710832995,-19.614770309234896,0.9998518407348448,0.2635643337364403
independent,2,1,88,flow_reuse,0.0120137421474415,0.012001514434814453,0.017839309386909006,0.10389550710832995,-19.614770309234896,0.9998518407348448,0.2635643337364403
independent,2,1,88,flow_toeplitz_r2,0.012409813667837003,0.012381096370518208,0.01856166636571288,0.10389550710832995,-19.614770309234896,0.9998518407348448,0.2635643337364403
independent,2,1,88,flow_rank8_oracle,0.010309692526721061,0.010242058895528316,0.01564212734811008,0.10389550710832995,-19.614770309234896,0.9998518407348448,0.2635643337364403
independent,3,1,88,raw_reuse,0.6661334550722916,0.6698799133300781,0.8279988586902618,0.0913356970151844,-21.81077138399078,0.9992712258705949,0.47704349343170627
independent,3,1,88,shift_reuse,0.6964719731482075,0.7005661129951477,0.8319264262914657,0.0913356970151844,-21.81077138399078,0.9992712258705949,0.47704349343170627
independent,3,1,88,shift_toeplitz_r2,0.7710457825822926,0.7785451412200928,0.931446322798729,0.0913356970151844,-21.81077138399078,0.9992712258705949,0.47704349343170627
independent,3,1,88,shift_circular_r2,0.7674750183181854,0.7747724652290344,0.9237891793251037,0.0913356970151844,-21.81077138399078,0.9992712258705949,0.47704349343170627
independent,3,1,88,shift_rank8_feature,1.1679981290740498,1.1764832735061646,1.4163538217544556,0.0913356970151844,-21.81077138399078,0.9992712258705949,0.47704349343170627
independent,3,1,88,shift_rank8_prev_flow,0.6639263902399992,0.6678937077522278,0.7950755923986434,0.0913356970151844,-21.81077138399078,0.9992712258705949,0.47704349343170627
independent,3,1,88,shift_rank8_oracle,0.6639041419502935,0.667870283126831,0.7950441062450408,0.0913356970151844,-21.81077138399078,0.9992712258705949,0.47704349343170627
independent,3,1,88,flow_reuse,0.022668765134549854,0.021775836125016212,0.03554438948631286,0.0913356970151844,-21.81077138399078,0.9992712258705949,0.47704349343170627
independent,3,1,88,flow_toeplitz_r2,0.02412026123286383,0.023224741220474243,0.03799573201686144,0.0913356970151844,-21.81077138399078,0.9992712258705949,0.47704349343170627
independent,3,1,88,flow_rank8_oracle,0.016393083396937767,0.015457470901310444,0.025609725341200824,0.0913356970151844,-21.81077138399078,0.9992712258705949,0.47704349343170627
independent,4,1,88,raw_reuse,0.6384651967711781,0.6399962902069092,0.7839459329843521,0.0556455335592978,-38.33613007368472,0.9952657841342929,0.5594616751211017
independent,4,1,88,shift_reuse,0.6667944526380596,0.6662499308586121,0.7941308319568634,0.0556455335592978,-38.33613007368472,0.9952657841342929,0.5594616751211017
independent,4,1,88,shift_toeplitz_r2,0.836428565210951,0.8412443995475769,0.9885501563549042,0.0556455335592978,-38.33613007368472,0.9952657841342929,0.5594616751211017
independent,4,1,88,shift_circular_r2,0.8269213124650426,0.8317828178405762,0.9740507692098618,0.0556455335592978,-38.33613007368472,0.9952657841342929,0.5594616751211017
independent,4,1,88,shift_rank8_feature,1.1013587032597925,1.1131606101989746,1.4274183273315428,0.0556455335592978,-38.33613007368472,0.9952657841342929,0.5594616751211017
independent,4,1,88,shift_rank8_prev_flow,0.648050497377187,0.6477370858192444,0.7877059787511825,0.0556455335592978,-38.33613007368472,0.9952657841342929,0.5594616751211017
independent,4,1,88,shift_rank8_oracle,0.6479768606621561,0.647657573223114,0.7876530945301056,0.0556455335592978,-38.33613007368472,0.9952657841342929,0.5594616751211017
independent,4,1,88,flow_reuse,0.03564623907535785,0.03329812362790108,0.06082656439393757,0.0556455335592978,-38.33613007368472,0.9952657841342929,0.5594616751211017
independent,4,1,88,flow_toeplitz_r2,0.038058550951783655,0.03668783977627754,0.05868707988411187,0.0556455335592978,-38.33613007368472,0.9952657841342929,0.5594616751211017
independent,4,1,88,flow_rank8_oracle,0.023659500065520027,0.022724812850356102,0.031483727693557735,0.0556455335592978,-38.33613007368472,0.9952657841342929,0.5594616751211017
independent,5,1,88,raw_reuse,0.3994058801638415,0.39775633811950684,0.47564445734024047,0.09215691998544018,-106.01034575769955,0.9917910289799271,0.5649434040927395
independent,5,1,88,shift_reuse,0.41330546306885557,0.41067028045654297,0.5007858425378799,0.09215691998544018,-106.01034575769955,0.9917910289799271,0.5649434040927395
independent,5,1,88,shift_toeplitz_r2,0.5378591114203197,0.5370869040489197,0.6427790313959122,0.09215691998544018,-106.01034575769955,0.9917910289799271,0.5649434040927395
independent,5,1,88,shift_circular_r2,0.5275589177989064,0.5265995264053345,0.6308798015117645,0.09215691998544018,-106.01034575769955,0.9917910289799271,0.5649434040927395
independent,5,1,88,shift_rank8_feature,1.2428374152422896,1.2357078790664673,1.5901723086833954,0.09215691998544018,-106.01034575769955,0.9917910289799271,0.5649434040927395
independent,5,1,88,shift_rank8_prev_flow,0.3939360520349408,0.39115098118782043,0.47940652221441266,0.09215691998544018,-106.01034575769955,0.9917910289799271,0.5649434040927395
independent,5,1,88,shift_rank8_oracle,0.3938007506039242,0.39100849628448486,0.4791956409811973,0.09215691998544018,-106.01034575769955,0.9917910289799271,0.5649434040927395
independent,5,1,88,flow_reuse,0.03403435911977257,0.031541090458631516,0.049915151484310624,0.09215691998544018,-106.01034575769955,0.9917910289799271,0.5649434040927395
independent,5,1,88,flow_toeplitz_r2,0.03509559950946543,0.033621739596128464,0.05068059079349041,0.09215691998544018,-106.01034575769955,0.9917910289799271,0.5649434040927395
independent,5,1,88,flow_rank8_oracle,0.02244866173002686,0.020826265215873718,0.03734760638326406,0.09215691998544018,-106.01034575769955,0.9917910289799271,0.5649434040927395
independent,6,1,88,raw_reuse,0.20733949068649532,0.20554782450199127,0.24723447784781455,0.10763970176204807,-128.56934353313284,0.9818390855610084,0.6709983319206104
independent,6,1,88,shift_reuse,0.2173111883999867,0.21577374637126923,0.25977145731449125,0.10763970176204807,-128.56934353313284,0.9818390855610084,0.6709983319206104
independent,6,1,88,shift_toeplitz_r2,0.29514670310479046,0.2931874990463257,0.3536435842514038,0.10763970176204807,-128.56934353313284,0.9818390855610084,0.6709983319206104
independent,6,1,88,shift_circular_r2,0.29214767381034185,0.2901887893676758,0.34952752143144605,0.10763970176204807,-128.56934353313284,0.9818390855610084,0.6709983319206104
independent,6,1,88,shift_rank8_feature,0.694499285415134,0.6863555312156677,0.8432173937559128,0.10763970176204807,-128.56934353313284,0.9818390855610084,0.6709983319206104
independent,6,1,88,shift_rank8_prev_flow,0.20543286161497762,0.20376776158809662,0.2459120661020279,0.10763970176204807,-128.56934353313284,0.9818390855610084,0.6709983319206104
independent,6,1,88,shift_rank8_oracle,0.20528263175820421,0.20362459123134613,0.2455065093934536,0.10763970176204807,-128.56934353313284,0.9818390855610084,0.6709983319206104
independent,6,1,88,flow_reuse,0.015593062363146505,0.012487501837313175,0.020338121894747017,0.10763970176204807,-128.56934353313284,0.9818390855610084,0.6709983319206104
independent,6,1,88,flow_toeplitz_r2,0.01625409070807453,0.013471846468746662,0.021238724701106545,0.10763970176204807,-128.56934353313284,0.9818390855610084,0.6709983319206104
independent,6,1,88,flow_rank8_oracle,0.008943972717035781,0.007849391549825668,0.014121819986030458,0.10763970176204807,-128.56934353313284,0.9818390855610084,0.6709983319206104
independent,7,1,88,raw_reuse,0.2901451760971965,0.28701844811439514,0.3484509691596031,0.1793024358731008,-19.199023417047034,0.98835548644979,0.7992501097871916
independent,7,1,88,shift_reuse,0.3031891227993215,0.29917266964912415,0.37683663368225095,0.1793024358731008,-19.199023417047034,0.98835548644979,0.7992501097871916
independent,7,1,88,shift_toeplitz_r2,0.31638614125070835,0.31258997321128845,0.3899144232273102,0.1793024358731008,-19.199023417047034,0.98835548644979,0.7992501097871916
independent,7,1,88,shift_circular_r2,0.31446539148314595,0.3106555640697479,0.38854526579380033,0.1793024358731008,-19.199023417047034,0.98835548644979,0.7992501097871916
independent,7,1,88,shift_rank8_feature,0.6276742200592608,0.6148157715797424,0.7962681204080582,0.1793024358731008,-19.199023417047034,0.98835548644979,0.7992501097871916
independent,7,1,88,shift_rank8_prev_flow,0.27500027036442953,0.2712666988372803,0.3354196846485138,0.1793024358731008,-19.199023417047034,0.98835548644979,0.7992501097871916
independent,7,1,88,shift_rank8_oracle,0.2746661807855684,0.27091845870018005,0.33501914590597154,0.1793024358731008,-19.199023417047034,0.98835548644979,0.7992501097871916
independent,7,1,88,flow_reuse,0.011236281753038903,0.010326678864657879,0.017232555523514746,0.1793024358731008,-19.199023417047034,0.98835548644979,0.7992501097871916
independent,7,1,88,flow_toeplitz_r2,0.009198893106545907,0.008570716716349125,0.014220091653987762,0.1793024358731008,-19.199023417047034,0.98835548644979,0.7992501097871916
independent,7,1,88,flow_rank8_oracle,0.005034429678363348,0.004693672060966492,0.0071324801305308935,0.1793024358731008,-19.199023417047034,0.98835548644979,0.7992501097871916
independent,0,2,77,raw_reuse,1.2858299583246022,1.3245112895965576,1.6654516756534576,0.09036224903601664,-1.2133187297937162,0.9999791323360304,0.5545643354900929
independent,0,2,77,shift_reuse,1.2968016466742733,1.3344640731811523,1.7044991731643677,0.09036224903601664,-1.2133187297937162,0.9999791323360304,0.5545643354900929
independent,0,2,77,shift_toeplitz_r2,1.2908585122658645,1.3283289670944214,1.6930996894836425,0.09036224903601664,-1.2133187297937162,0.9999791323360304,0.5545643354900929
independent,0,2,77,shift_circular_r2,1.2915024365833985,1.3289533853530884,1.6948212146759032,0.09036224903601664,-1.2133187297937162,0.9999791323360304,0.5545643354900929
independent,0,2,77,shift_rank8_feature,1.3627160813600285,1.4015227556228638,1.801276308298111,0.09036224903601664,-1.2133187297937162,0.9999791323360304,0.5545643354900929
independent,0,2,77,shift_rank8_prev_flow,1.236824808964221,1.2728869915008545,1.601791751384735,0.09036224903601664,-1.2133187297937162,0.9999791323360304,0.5545643354900929
independent,0,2,77,shift_rank8_oracle,1.2368236788759137,1.2728856801986694,1.6017893612384795,0.09036224903601664,-1.2133187297937162,0.9999791323360304,0.5545643354900929
independent,0,2,77,flow_reuse,0.00933005232676141,0.009666447527706623,0.014856897434219717,0.09036224903601664,-1.2133187297937162,0.9999791323360304,0.5545643354900929
independent,0,2,77,flow_toeplitz_r2,0.007718280653136791,0.007948774844408035,0.01253193477168679,0.09036224903601664,-1.2133187297937162,0.9999791323360304,0.5545643354900929
independent,0,2,77,flow_rank8_oracle,0.006226966681380411,0.006418527569621801,0.009702744660899041,0.09036224903601664,-1.2133187297937162,0.9999791323360304,0.5545643354900929
independent,1,2,77,raw_reuse,0.8960494845536301,0.9021396040916443,1.0456674575805665,0.10108355546014114,-15.723907580301997,0.9998736837227326,0.3453674957393841
independent,1,2,77,shift_reuse,0.8984244636144945,0.9023392200469971,1.05406693816185,0.10108355546014114,-15.723907580301997,0.9998736837227326,0.3453674957393841
independent,1,2,77,shift_toeplitz_r2,1.000261689314034,1.008202075958252,1.1654730498790742,0.10108355546014114,-15.723907580301997,0.9998736837227326,0.3453674957393841
independent,1,2,77,shift_circular_r2,0.9952666246982335,1.003043532371521,1.1584419846534728,0.10108355546014114,-15.723907580301997,0.9998736837227326,0.3453674957393841
independent,1,2,77,shift_rank8_feature,1.4181227697991472,1.4193757772445679,1.8543076038360593,0.10108355546014114,-15.723907580301997,0.9998736837227326,0.3453674957393841
independent,1,2,77,shift_rank8_prev_flow,0.8518126396736736,0.8546319007873535,0.9952868074178696,0.10108355546014114,-15.723907580301997,0.9998736837227326,0.3453674957393841
independent,1,2,77,shift_rank8_oracle,0.8518070529482298,0.8546257615089417,0.9952781021595001,0.10108355546014114,-15.723907580301997,0.9998736837227326,0.3453674957393841
independent,1,2,77,flow_reuse,0.009164156399802337,0.009223483502864838,0.013901160657405853,0.10108355546014114,-15.723907580301997,0.9998736837227326,0.3453674957393841
independent,1,2,77,flow_toeplitz_r2,0.007954415573759761,0.008000406436622143,0.011933228140696884,0.10108355546014114,-15.723907580301997,0.9998736837227326,0.3453674957393841
independent,1,2,77,flow_rank8_oracle,0.007414660579604099,0.007423246745020151,0.011476494232192635,0.10108355546014114,-15.723907580301997,0.9998736837227326,0.3453674957393841
independent,2,2,77,raw_reuse,0.7541497339152056,0.7598972320556641,0.8704157859086991,0.1034001744661982,-13.109202940198623,0.9998086033643374,0.4865737019002755
independent,2,2,77,shift_reuse,0.76084782638072,0.7634730339050293,0.9157648921012878,0.1034001744661982,-13.109202940198623,0.9998086033643374,0.4865737019002755
independent,2,2,77,shift_toeplitz_r2,0.8886735277865074,0.8947793841362,1.0483880698680879,0.1034001744661982,-13.109202940198623,0.9998086033643374,0.4865737019002755
independent,2,2,77,shift_circular_r2,0.8816999185913067,0.8877947330474854,1.0433464527130127,0.1034001744661982,-13.109202940198623,0.9998086033643374,0.4865737019002755
independent,2,2,77,shift_rank8_feature,1.1469688868338819,1.1500723361968994,1.3961207628250123,0.1034001744661982,-13.109202940198623,0.9998086033643374,0.4865737019002755
independent,2,2,77,shift_rank8_prev_flow,0.7204463453196536,0.7221488952636719,0.8820212453603744,0.1034001744661982,-13.109202940198623,0.9998086033643374,0.4865737019002755
independent,2,2,77,shift_rank8_oracle,0.7204388582038841,0.7221409678459167,0.8820148289203643,0.1034001744661982,-13.109202940198623,0.9998086033643374,0.4865737019002755
independent,2,2,77,flow_reuse,0.015693710836449524,0.015530620701611042,0.020976740494370462,0.1034001744661982,-13.109202940198623,0.9998086033643374,0.4865737019002755
independent,2,2,77,flow_toeplitz_r2,0.01303625268303525,0.012694255448877811,0.01854999754577875,0.1034001744661982,-13.109202940198623,0.9998086033643374,0.4865737019002755
independent,2,2,77,flow_rank8_oracle,0.011245135714473477,0.011057055555284023,0.015236831502988935,0.1034001744661982,-13.109202940198623,0.9998086033643374,0.4865737019002755
independent,3,2,77,raw_reuse,0.6948153108135989,0.7064937949180603,0.8728075623512268,0.05934502327068569,-229.2875004929721,0.9977408069675355,0.518274285235252
independent,3,2,77,shift_reuse,0.7239421098460564,0.736359179019928,0.903114879131317,0.05934502327068569,-229.2875004929721,0.9977408069675355,0.518274285235252
independent,3,2,77,shift_toeplitz_r2,0.786823690828003,0.8037659525871277,0.9953528702259063,0.05934502327068569,-229.2875004929721,0.9977408069675355,0.518274285235252
independent,3,2,77,shift_circular_r2,0.7854513790852637,0.8023581504821777,0.9935811907052994,0.05934502327068569,-229.2875004929721,0.9977408069675355,0.518274285235252
independent,3,2,77,shift_rank8_feature,2.618692102890068,2.677508592605591,3.5235232591629027,0.05934502327068569,-229.2875004929721,0.9977408069675355,0.518274285235252
independent,3,2,77,shift_rank8_prev_flow,0.7021768788779533,0.7140915989875793,0.8798184633255004,0.05934502327068569,-229.2875004929721,0.9977408069675355,0.518274285235252
independent,3,2,77,shift_rank8_oracle,0.7021324062345586,0.7140430808067322,0.8797269791364669,0.05934502327068569,-229.2875004929721,0.9977408069675355,0.518274285235252
independent,3,2,77,flow_reuse,0.025295572029945677,0.025361910462379456,0.038428120128810396,0.05934502327068569,-229.2875004929721,0.9977408069675355,0.518274285235252
independent,3,2,77,flow_toeplitz_r2,0.021327363584157395,0.021024977788329124,0.033845540042966596,0.05934502327068569,-229.2875004929721,0.9977408069675355,0.518274285235252
independent,3,2,77,flow_rank8_oracle,0.017556761917185904,0.017409509047865868,0.025624314323067665,0.05934502327068569,-229.2875004929721,0.9977408069675355,0.518274285235252
independent,4,2,77,raw_reuse,0.6661859657855026,0.6784808039665222,0.8505816787481308,0.058911853309909,-312.58818312771547,0.9977251864787273,0.6075076388335662
independent,4,2,77,shift_reuse,0.697907713757307,0.7080716490745544,0.8595041364431381,0.058911853309909,-312.58818312771547,0.9977251864787273,0.6075076388335662
independent,4,2,77,shift_toeplitz_r2,0.8055184075671125,0.8237150311470032,0.9955996036529541,0.058911853309909,-312.58818312771547,0.9977251864787273,0.6075076388335662
independent,4,2,77,shift_circular_r2,0.7975435336903798,0.8157790303230286,0.9815027803182602,0.058911853309909,-312.58818312771547,0.9977251864787273,0.6075076388335662
independent,4,2,77,shift_rank8_feature,2.8323763261099235,2.904083251953125,3.7562057852745054,0.058911853309909,-312.58818312771547,0.9977251864787273,0.6075076388335662
independent,4,2,77,shift_rank8_prev_flow,0.6770786978657293,0.6875667572021484,0.8513344049453735,0.058911853309909,-312.58818312771547,0.9977251864787273,0.6075076388335662
independent,4,2,77,shift_rank8_oracle,0.6770381640263917,0.6875240802764893,0.8513099789619445,0.058911853309909,-312.58818312771547,0.9977251864787273,0.6075076388335662
independent,4,2,77,flow_reuse,0.035956247623479334,0.033676546066999435,0.056303292885422705,0.058911853309909,-312.58818312771547,0.9977251864787273,0.6075076388335662
independent,4,2,77,flow_toeplitz_r2,0.031403873913276543,0.030321890488266945,0.047556596063077446,0.058911853309909,-312.58818312771547,0.9977251864787273,0.6075076388335662
independent,4,2,77,flow_rank8_oracle,0.02252630536309514,0.022174499928951263,0.030530485231429337,0.058911853309909,-312.58818312771547,0.9977251864787273,0.6075076388335662
independent,5,2,77,raw_reuse,0.4532426424447054,0.4589698314666748,0.5740135878324508,0.08342958330983474,-215.20128588796044,0.9971686094340223,0.6808500236926278
independent,5,2,77,shift_reuse,0.4754051701382455,0.4814217984676361,0.6097875744104385,0.08342958330983474,-215.20128588796044,0.9971686094340223,0.6808500236926278
independent,5,2,77,shift_toeplitz_r2,0.5721725056985925,0.5844675898551941,0.7513445377349853,0.08342958330983474,-215.20128588796044,0.9971686094340223,0.6808500236926278
independent,5,2,77,shift_circular_r2,0.5668318634796694,0.578823983669281,0.7328689098358154,0.08342958330983474,-215.20128588796044,0.9971686094340223,0.6808500236926278
independent,5,2,77,shift_rank8_feature,1.9340581999738558,1.988194465637207,3.0174710273742673,0.08342958330983474,-215.20128588796044,0.9971686094340223,0.6808500236926278
independent,5,2,77,shift_rank8_prev_flow,0.45519274285608613,0.4605209529399872,0.6019408226013183,0.08342958330983474,-215.20128588796044,0.9971686094340223,0.6808500236926278
independent,5,2,77,shift_rank8_oracle,0.45514190023205087,0.46047070622444153,0.6019277215003966,0.08342958330983474,-215.20128588796044,0.9971686094340223,0.6808500236926278
independent,5,2,77,flow_reuse,0.026971692182989383,0.026908015832304955,0.03973868116736412,0.08342958330983474,-215.20128588796044,0.9971686094340223,0.6808500236926278
independent,5,2,77,flow_toeplitz_r2,0.0221099152904353,0.02161248028278351,0.032201477698981754,0.08342958330983474,-215.20128588796044,0.9971686094340223,0.6808500236926278
independent,5,2,77,flow_rank8_oracle,0.015237215256089478,0.01527105737477541,0.020890665613114832,0.08342958330983474,-215.20128588796044,0.9971686094340223,0.6808500236926278
independent,6,2,77,raw_reuse,0.22487403779763485,0.2214469462633133,0.27404646277427674,0.10381682676792303,-306.8723025419957,0.9969685604933447,0.7506006094727793
independent,6,2,77,shift_reuse,0.2371923556468616,0.23309092223644257,0.2958592280745506,0.10381682676792303,-306.8723025419957,0.9969685604933447,0.7506006094727793
independent,6,2,77,shift_toeplitz_r2,0.310501965864854,0.3078961968421936,0.3698589652776718,0.10381682676792303,-306.8723025419957,0.9969685604933447,0.7506006094727793
independent,6,2,77,shift_circular_r2,0.31267656937056837,0.31023576855659485,0.3718770682811737,0.10381682676792303,-306.8723025419957,0.9969685604933447,0.7506006094727793
independent,6,2,77,shift_rank8_feature,1.1426770953753342,1.1166462898254395,1.5053202152252196,0.10381682676792303,-306.8723025419957,0.9969685604933447,0.7506006094727793
independent,6,2,77,shift_rank8_prev_flow,0.22457028563722098,0.2203250378370285,0.28637480586767194,0.10381682676792303,-306.8723025419957,0.9969685604933447,0.7506006094727793
independent,6,2,77,shift_rank8_oracle,0.22454277260786112,0.22029723227024078,0.28635028302669524,0.10381682676792303,-306.8723025419957,0.9969685604933447,0.7506006094727793
independent,6,2,77,flow_reuse,0.012371389365361704,0.011703066527843475,0.020154299587011332,0.10381682676792303,-306.8723025419957,0.9969685604933447,0.7506006094727793
independent,6,2,77,flow_toeplitz_r2,0.010163736222954477,0.009158737026154995,0.01785510741174221,0.10381682676792303,-306.8723025419957,0.9969685604933447,0.7506006094727793
independent,6,2,77,flow_rank8_oracle,0.006178259840915076,0.005881717894226313,0.009101083362475037,0.10381682676792303,-306.8723025419957,0.9969685604933447,0.7506006094727793
independent,7,2,77,raw_reuse,0.2692126424960158,0.26686760783195496,0.32664838880300523,0.1584083090374544,-76.03240641342535,0.9989371824744824,0.7013766141723082
independent,7,2,77,shift_reuse,0.2835881400133526,0.27968406677246094,0.3750159367918968,0.1584083090374544,-76.03240641342535,0.9989371824744824,0.7013766141723082
independent,7,2,77,shift_toeplitz_r2,0.29204986138808325,0.28836727142333984,0.38356396853923796,0.1584083090374544,-76.03240641342535,0.9989371824744824,0.7013766141723082
independent,7,2,77,shift_circular_r2,0.2914770569439435,0.2877804934978485,0.3827326700091362,0.1584083090374544,-76.03240641342535,0.9989371824744824,0.7013766141723082
independent,7,2,77,shift_rank8_feature,1.0008321091428414,0.9828464984893799,1.2881339132785796,0.1584083090374544,-76.03240641342535,0.9989371824744824,0.7013766141723082
independent,7,2,77,shift_rank8_prev_flow,0.2601837574357107,0.25628602504730225,0.32958465218544003,0.1584083090374544,-76.03240641342535,0.9989371824744824,0.7013766141723082
independent,7,2,77,shift_rank8_oracle,0.26015895754891494,0.25626060366630554,0.32953971773386,0.1584083090374544,-76.03240641342535,0.9989371824744824,0.7013766141723082
independent,7,2,77,flow_reuse,0.005689753917652696,0.005532946437597275,0.007982473890297114,0.1584083090374544,-76.03240641342535,0.9989371824744824,0.7013766141723082
independent,7,2,77,flow_toeplitz_r2,0.005004387695657726,0.00481019401922822,0.007328527583740651,0.1584083090374544,-76.03240641342535,0.9989371824744824,0.7013766141723082
independent,7,2,77,flow_rank8_oracle,0.00310924800695223,0.003063012845814228,0.004339337116107345,0.1584083090374544,-76.03240641342535,0.9989371824744824,0.7013766141723082
independent,0,3,66,raw_reuse,1.273233987995787,1.3144481182098389,1.6947726428508758,0.0902961028116741,-1.2171242878962616,0.9999646225690578,0.49015110245527993
independent,0,3,66,shift_reuse,1.2839117675339533,1.3238955736160278,1.7481215178966523,0.0902961028116741,-1.2171242878962616,0.9999646225690578,0.49015110245527993
independent,0,3,66,shift_toeplitz_r2,1.277948765247284,1.3176966905593872,1.736325979232788,0.0902961028116741,-1.2171242878962616,0.9999646225690578,0.49015110245527993
independent,0,3,66,shift_circular_r2,1.2785916570026874,1.318327784538269,1.7381566166877747,0.0902961028116741,-1.2171242878962616,0.9999646225690578,0.49015110245527993
independent,0,3,66,shift_rank8_feature,1.3491876850512619,1.3906097412109375,1.8171027779579163,0.0902961028116741,-1.2171242878962616,0.9999646225690578,0.49015110245527993
independent,0,3,66,shift_rank8_prev_flow,1.2245766262433657,1.2625198364257812,1.6211741983890533,0.0902961028116741,-1.2171242878962616,0.9999646225690578,0.49015110245527993
independent,0,3,66,shift_rank8_oracle,1.2245744868365258,1.2625175714492798,1.6211709022521972,0.0902961028116741,-1.2171242878962616,0.9999646225690578,0.49015110245527993
independent,0,3,66,flow_reuse,0.010208177879674284,0.010575740598142147,0.015765248145908118,0.0902961028116741,-1.2171242878962616,0.9999646225690578,0.49015110245527993
independent,0,3,66,flow_toeplitz_r2,0.008629991124730145,0.008904305286705494,0.013216748414561151,0.0902961028116741,-1.2171242878962616,0.9999646225690578,0.49015110245527993
independent,0,3,66,flow_rank8_oracle,0.007289017603098901,0.007480770815163851,0.010373451793566345,0.0902961028116741,-1.2171242878962616,0.9999646225690578,0.49015110245527993
independent,1,3,66,raw_reuse,0.8835973022436124,0.8895554542541504,1.0292883455753326,0.10669035223665935,-15.897054620636105,0.9998976700227079,0.3336768605142817
independent,1,3,66,shift_reuse,0.8870174427623457,0.8904597759246826,1.0415475368499756,0.10669035223665935,-15.897054620636105,0.9998976700227079,0.3336768605142817
independent,1,3,66,shift_toeplitz_r2,0.9956271746092511,1.0026742219924927,1.1758861243724823,0.10669035223665935,-15.897054620636105,0.9998976700227079,0.3336768605142817
independent,1,3,66,shift_circular_r2,0.9906771805098277,0.9975374341011047,1.1738899171352386,0.10669035223665935,-15.897054620636105,0.9998976700227079,0.3336768605142817
independent,1,3,66,shift_rank8_feature,1.4257044287414575,1.4258016347885132,1.881762510538101,0.10669035223665935,-15.897054620636105,0.9998976700227079,0.3336768605142817
independent,1,3,66,shift_rank8_prev_flow,0.8383698174221716,0.8408207893371582,0.9857584863901139,0.10669035223665935,-15.897054620636105,0.9998976700227079,0.3336768605142817
independent,1,3,66,shift_rank8_oracle,0.8383650640530156,0.840815544128418,0.9857471704483032,0.10669035223665935,-15.897054620636105,0.9998976700227079,0.3336768605142817
independent,1,3,66,flow_reuse,0.009699111218234524,0.009786543436348438,0.013154555624350904,0.10669035223665935,-15.897054620636105,0.9998976700227079,0.3336768605142817
independent,1,3,66,flow_toeplitz_r2,0.00847011248299637,0.008534571155905724,0.011684735352173447,0.10669035223665935,-15.897054620636105,0.9998976700227079,0.3336768605142817
independent,1,3,66,flow_rank8_oracle,0.007917250515991887,0.007955332286655903,0.011684745037928223,0.10669035223665935,-15.897054620636105,0.9998976700227079,0.3336768605142817
independent,2,3,66,raw_reuse,0.8026014518981368,0.8128463625907898,0.9547022849321365,0.09341436609285192,-16.097850946450947,0.9996142278215836,0.6267414008073472
independent,2,3,66,shift_reuse,0.8109806610237704,0.8168745636940002,1.0391318589448928,0.09341436609285192,-16.097850946450947,0.9996142278215836,0.6267414008073472
independent,2,3,66,shift_toeplitz_r2,0.9661000911901879,0.9776723980903625,1.20398388504982,0.09341436609285192,-16.097850946450947,0.9996142278215836,0.6267414008073472
independent,2,3,66,shift_circular_r2,0.9581926540347667,0.969643771648407,1.1949804365634917,0.09341436609285192,-16.097850946450947,0.9996142278215836,0.6267414008073472
independent,2,3,66,shift_rank8_feature,1.2580999940186335,1.2688301801681519,1.6045958459377287,0.09341436609285192,-16.097850946450947,0.9996142278215836,0.6267414008073472
independent,2,3,66,shift_rank8_prev_flow,0.7721880318534831,0.7770612835884094,0.991985636949539,0.09341436609285192,-16.097850946450947,0.9996142278215836,0.6267414008073472
independent,2,3,66,shift_rank8_oracle,0.7721735377773753,0.7770459055900574,0.9919698715209959,0.09341436609285192,-16.097850946450947,0.9996142278215836,0.6267414008073472
independent,2,3,66,flow_reuse,0.020386465082137387,0.020781131461262703,0.02546596061438322,0.09341436609285192,-16.097850946450947,0.9996142278215836,0.6267414008073472
independent,2,3,66,flow_toeplitz_r2,0.014086482847587754,0.014081495814025402,0.02047211416065693,0.09341436609285192,-16.097850946450947,0.9996142278215836,0.6267414008073472
independent,2,3,66,flow_rank8_oracle,0.012455089097229241,0.012463566847145557,0.01708096219226718,0.09341436609285192,-16.097850946450947,0.9996142278215836,0.6267414008073472
independent,3,3,66,raw_reuse,0.713676181110891,0.7397463321685791,0.9444613605737686,0.05525333481096828,-271.9901670542879,0.9980321446233356,0.5641052601391721
independent,3,3,66,shift_reuse,0.7381786798638745,0.7648919224739075,0.9750197470188141,0.05525333481096828,-271.9901670542879,0.9980321446233356,0.5641052601391721
independent,3,3,66,shift_toeplitz_r2,0.8110384404714124,0.8456253409385681,1.0848600924015044,0.05525333481096828,-271.9901670542879,0.9980321446233356,0.5641052601391721
independent,3,3,66,shift_circular_r2,0.8093675637798966,0.8438505530357361,1.0797811090946197,0.05525333481096828,-271.9901670542879,0.9980321446233356,0.5641052601391721
independent,3,3,66,shift_rank8_feature,2.811281582170413,2.944016695022583,4.104636287689209,0.05525333481096828,-271.9901670542879,0.9980321446233356,0.5641052601391721
independent,3,3,66,shift_rank8_prev_flow,0.7175325394686172,0.7439444065093994,0.9350542336702347,0.05525333481096828,-271.9901670542879,0.9980321446233356,0.5641052601391721
independent,3,3,66,shift_rank8_oracle,0.717495499855594,0.7439029812812805,0.9349677503108978,0.05525333481096828,-271.9901670542879,0.9980321446233356,0.5641052601391721
independent,3,3,66,flow_reuse,0.02514647896573825,0.025461802259087563,0.03400352597236633,0.05525333481096828,-271.9901670542879,0.9980321446233356,0.5641052601391721
independent,3,3,66,flow_toeplitz_r2,0.020198127852266823,0.01997184194624424,0.02884487053379416,0.05525333481096828,-271.9901670542879,0.9980321446233356,0.5641052601391721
independent,3,3,66,flow_rank8_oracle,0.016602290069202802,0.01678609661757946,0.02289701411500573,0.05525333481096828,-271.9901670542879,0.9980321446233356,0.5641052601391721
independent,4,3,66,raw_reuse,0.6451391981223054,0.6829387545585632,0.8959294289350509,0.06133944203862207,-272.13337768111364,0.9980310904531157,0.6602924239841312
independent,4,3,66,shift_reuse,0.6770539842301724,0.7126215100288391,0.9116560339927673,0.06133944203862207,-272.13337768111364,0.9980310904531157,0.6602924239841312
independent,4,3,66,shift_toeplitz_r2,0.7771863603647673,0.8282211422920227,1.0569268703460692,0.06133944203862207,-272.13337768111364,0.9980310904531157,0.6602924239841312
independent,4,3,66,shift_circular_r2,0.7691453931211588,0.8199532628059387,1.0437828481197358,0.06133944203862207,-272.13337768111364,0.9980310904531157,0.6602924239841312
independent,4,3,66,shift_rank8_feature,2.673904306649659,2.881281614303589,3.972428262233734,0.06133944203862207,-272.13337768111364,0.9980310904531157,0.6602924239841312
independent,4,3,66,shift_rank8_prev_flow,0.6559972005702639,0.6913197636604309,0.9056454002857208,0.06133944203862207,-272.13337768111364,0.9980310904531157,0.6602924239841312
independent,4,3,66,shift_rank8_oracle,0.6559603407738661,0.6912816166877747,0.9056163430213928,0.06133944203862207,-272.13337768111364,0.9980310904531157,0.6602924239841312
independent,4,3,66,flow_reuse,0.03465377348575358,0.033353958278894424,0.04759453441947698,0.06133944203862207,-272.13337768111364,0.9980310904531157,0.6602924239841312
independent,4,3,66,flow_toeplitz_r2,0.02876658783918173,0.02798999659717083,0.03686851225793361,0.06133944203862207,-272.13337768111364,0.9980310904531157,0.6602924239841312
independent,4,3,66,flow_rank8_oracle,0.020197755600082665,0.020259106531739235,0.026404904946684838,0.06133944203862207,-272.13337768111364,0.9980310904531157,0.6602924239841312
independent,5,3,66,raw_reuse,0.48583387317074683,0.5077321529388428,0.6428372263908386,0.08922425060145933,-178.06209937702016,0.9983607539083523,0.7286873880471838
independent,5,3,66,shift_reuse,0.5134755128107383,0.5324447154998779,0.6909641563892365,0.08922425060145933,-178.06209937702016,0.9983607539083523,0.7286873880471838
independent,5,3,66,shift_toeplitz_r2,0.6093696558519663,0.6406276822090149,0.8370837688446044,0.08922425060145933,-178.06209937702016,0.9983607539083523,0.7286873880471838
independent,5,3,66,shift_circular_r2,0.6037219844517845,0.6344555616378784,0.8239321947097779,0.08922425060145933,-178.06209937702016,0.9983607539083523,0.7286873880471838
independent,5,3,66,shift_rank8_feature,2.010929153293779,2.143021821975708,3.39963127374649,0.08922425060145933,-178.06209937702016,0.9983607539083523,0.7286873880471838
independent,5,3,66,shift_rank8_prev_flow,0.4900686571763648,0.5086439847946167,0.6655687183141709,0.08922425060145933,-178.06209937702016,0.9983607539083523,0.7286873880471838
independent,5,3,66,shift_rank8_oracle,0.49003315693092087,0.5086064338684082,0.665537902712822,0.08922425060145933,-178.06209937702016,0.9983607539083523,0.7286873880471838
independent,5,3,66,flow_reuse,0.02782023859670201,0.02785623073577881,0.03525574468076229,0.08922425060145933,-178.06209937702016,0.9983607539083523,0.7286873880471838
independent,5,3,66,flow_toeplitz_r2,0.02127041068339603,0.020733008161187172,0.02724997578188777,0.08922425060145933,-178.06209937702016,0.9983607539083523,0.7286873880471838
independent,5,3,66,flow_rank8_oracle,0.014490917251016049,0.014626070857048035,0.017811968550086023,0.08922425060145933,-178.06209937702016,0.9983607539083523,0.7286873880471838
independent,6,3,66,raw_reuse,0.2463542500958271,0.241890549659729,0.31539863497018816,0.1182915696112703,-245.3154044985905,0.9983315717966219,0.8392889020692459
independent,6,3,66,shift_reuse,0.26225991717922337,0.2560429275035858,0.33520694822072983,0.1182915696112703,-245.3154044985905,0.9983315717966219,0.8392889020692459
independent,6,3,66,shift_toeplitz_r2,0.34523316946825233,0.3423525393009186,0.41963461339473723,0.1182915696112703,-245.3154044985905,0.9983315717966219,0.8392889020692459
independent,6,3,66,shift_circular_r2,0.3479505306612876,0.34529629349708557,0.42238136082887645,0.1182915696112703,-245.3154044985905,0.9983315717966219,0.8392889020692459
independent,6,3,66,shift_rank8_feature,1.2503114165202052,1.2291406393051147,1.711493057012558,0.1182915696112703,-245.3154044985905,0.9983315717966219,0.8392889020692459
independent,6,3,66,shift_rank8_prev_flow,0.24628098005464286,0.24012570083141327,0.3090687766671181,0.1182915696112703,-245.3154044985905,0.9983315717966219,0.8392889020692459
independent,6,3,66,shift_rank8_oracle,0.24626030689744657,0.240104079246521,0.3090434893965721,0.1182915696112703,-245.3154044985905,0.9983315717966219,0.8392889020692459
independent,6,3,66,flow_reuse,0.015724617951763095,0.015185199677944183,0.021509459521621463,0.1182915696112703,-245.3154044985905,0.9983315717966219,0.8392889020692459
independent,6,3,66,flow_toeplitz_r2,0.010291159370254523,0.009227760136127472,0.015168382367119192,0.1182915696112703,-245.3154044985905,0.9983315717966219,0.8392889020692459
independent,6,3,66,flow_rank8_oracle,0.006303808864318115,0.006071924697607756,0.008453609189018607,0.1182915696112703,-245.3154044985905,0.9983315717966219,0.8392889020692459
independent,7,3,66,raw_reuse,0.2578703615480222,0.2559603154659271,0.32422138154506686,0.16002775154725557,-84.21841624827843,0.9988472729261395,0.649568399121258
independent,7,3,66,shift_reuse,0.27355576312199237,0.2699892818927765,0.37459817826747893,0.16002775154725557,-84.21841624827843,0.9988472729261395,0.649568399121258
independent,7,3,66,shift_toeplitz_r2,0.28353140512388086,0.28024178743362427,0.3857497990131378,0.16002775154725557,-84.21841624827843,0.9988472729261395,0.649568399121258
independent,7,3,66,shift_circular_r2,0.2829006036560035,0.2795920670032501,0.38443702310323713,0.16002775154725557,-84.21841624827843,0.9988472729261395,0.649568399121258
independent,7,3,66,shift_rank8_feature,1.0140741257838333,0.9995983242988586,1.3282569348812103,0.16002775154725557,-84.21841624827843,0.9988472729261395,0.649568399121258
independent,7,3,66,shift_rank8_prev_flow,0.2507398888980493,0.2470669001340866,0.3271503925323486,0.16002775154725557,-84.21841624827843,0.9988472729261395,0.649568399121258
independent,7,3,66,shift_rank8_oracle,0.25071383236392614,0.24703925848007202,0.32709922194480895,0.16002775154725557,-84.21841624827843,0.9988472729261395,0.649568399121258
independent,7,3,66,flow_reuse,0.005502979508164437,0.005435362458229065,0.007478210795670747,0.16002775154725557,-84.21841624827843,0.9988472729261395,0.649568399121258
independent,7,3,66,flow_toeplitz_r2,0.0047459682222822566,0.0046547395177185535,0.0064550464972853655,0.16002775154725557,-84.21841624827843,0.9988472729261395,0.649568399121258
independent,7,3,66,flow_rank8_oracle,0.003257613660935261,0.0031895346473902464,0.00503716068342328,0.16002775154725557,-84.21841624827843,0.9988472729261395,0.649568399121258
independent,0,4,55,raw_reuse,1.249473718318012,1.2916289567947388,1.7284599483013152,0.0990884015131902,-1.394763636739063,0.9997280812763633,0.3974777548605394
independent,0,4,55,shift_reuse,1.2595111727600417,1.3003422021865845,1.7591603934764861,0.0990884015131902,-1.394763636739063,0.9997280812763633,0.3974777548605394
independent,0,4,55,shift_toeplitz_r2,1.253358308435393,1.293891429901123,1.7512024521827698,0.0990884015131902,-1.394763636739063,0.9997280812763633,0.3974777548605394
independent,0,4,55,shift_circular_r2,1.2540140564533215,1.2945443391799927,1.7523043513298033,0.0990884015131902,-1.394763636739063,0.9997280812763633,0.3974777548605394
independent,0,4,55,shift_rank8_feature,1.3396632618341437,1.3800987005233765,1.8362312257289886,0.0990884015131902,-1.394763636739063,0.9997280812763633,0.3974777548605394
independent,0,4,55,shift_rank8_prev_flow,1.1954996307864523,1.2335554361343384,1.624480527639389,0.0990884015131902,-1.394763636739063,0.9997280812763633,0.3974777548605394
independent,0,4,55,shift_rank8_oracle,1.1954821980708918,1.233536720275879,1.6244402527809143,0.0990884015131902,-1.394763636739063,0.9997280812763633,0.3974777548605394
independent,0,4,55,flow_reuse,0.01122155960621263,0.011578154750168324,0.015972948540002106,0.0990884015131902,-1.394763636739063,0.9997280812763633,0.3974777548605394
independent,0,4,55,flow_toeplitz_r2,0.00986925498858314,0.01018191035836935,0.014259390998631716,0.0990884015131902,-1.394763636739063,0.9997280812763633,0.3974777548605394
independent,0,4,55,flow_rank8_oracle,0.008710433380782734,0.00894996989518404,0.012081427872180939,0.0990884015131902,-1.394763636739063,0.9997280812763633,0.3974777548605394
independent,1,4,55,raw_reuse,0.8818840514121927,0.8887271881103516,1.0257476925849915,0.1128263581630401,-20.403125016396608,0.9996446957988198,0.41526695122650437
independent,1,4,55,shift_reuse,0.8868567818224191,0.8906285166740417,1.0454416692256927,0.1128263581630401,-20.403125016396608,0.9996446957988198,0.41526695122650437
independent,1,4,55,shift_toeplitz_r2,1.0166117431404884,1.0237821340560913,1.1969260632991792,0.1128263581630401,-20.403125016396608,0.9996446957988198,0.41526695122650437
independent,1,4,55,shift_circular_r2,1.0103640772591744,1.0173566341400146,1.1855491757392884,0.1128263581630401,-20.403125016396608,0.9996446957988198,0.41526695122650437
independent,1,4,55,shift_rank8_feature,1.569725954297897,1.57306969165802,2.1042320370674132,0.1128263581630401,-20.403125016396608,0.9996446957988198,0.41526695122650437
independent,1,4,55,shift_rank8_prev_flow,0.8353469882637803,0.838059663772583,1.0052064716815947,0.1128263581630401,-20.403125016396608,0.9996446957988198,0.41526695122650437
independent,1,4,55,shift_rank8_oracle,0.8353294762247453,0.838041365146637,1.0051925271749496,0.1128263581630401,-20.403125016396608,0.9996446957988198,0.41526695122650437
independent,1,4,55,flow_reuse,0.013849919956208007,0.013988147489726543,0.017331959586590527,0.1128263581630401,-20.403125016396608,0.9996446957988198,0.41526695122650437
independent,1,4,55,flow_toeplitz_r2,0.010704640455456584,0.010781313292682171,0.015085832495242358,0.1128263581630401,-20.403125016396608,0.9996446957988198,0.41526695122650437
independent,1,4,55,flow_rank8_oracle,0.010590734571991925,0.010675904341042042,0.014692761097103355,0.1128263581630401,-20.403125016396608,0.9996446957988198,0.41526695122650437
independent,2,4,55,raw_reuse,0.8458154270608903,0.8653435707092285,1.075693929195404,0.06859661782483506,-37.34670435321623,0.9994249537813968,0.6649145245339112
independent,2,4,55,shift_reuse,0.8547052940951703,0.8685862421989441,1.1679063260555267,0.06859661782483506,-37.34670435321623,0.9994249537813968,0.6649145245339112
independent,2,4,55,shift_toeplitz_r2,0.9976578694344571,1.0204949378967285,1.3226416528224945,0.06859661782483506,-37.34670435321623,0.9994249537813968,0.6649145245339112
independent,2,4,55,shift_circular_r2,0.9901427791680346,1.0127811431884766,1.3108775854110717,0.06859661782483506,-37.34670435321623,0.9994249537813968,0.6649145245339112
independent,2,4,55,shift_rank8_feature,1.5676469007117417,1.6047677993774414,2.0622238755226134,0.06859661782483506,-37.34670435321623,0.9994249537813968,0.6649145245339112
independent,2,4,55,shift_rank8_prev_flow,0.8248857410204042,0.8372898101806641,1.1298751950263977,0.06859661782483506,-37.34670435321623,0.9994249537813968,0.6649145245339112
independent,2,4,55,shift_rank8_oracle,0.8248696020084764,0.8372724652290344,1.1298598170280456,0.06859661782483506,-37.34670435321623,0.9994249537813968,0.6649145245339112
independent,2,4,55,flow_reuse,0.022701301808695413,0.02334159053862095,0.02825417388230562,0.06859661782483506,-37.34670435321623,0.9994249537813968,0.6649145245339112
independent,2,4,55,flow_toeplitz_r2,0.014416572432930395,0.014442750252783298,0.018287793919444083,0.06859661782483506,-37.34670435321623,0.9994249537813968,0.6649145245339112
independent,2,4,55,flow_rank8_oracle,0.013141004508067142,0.013193506747484207,0.016646491922438143,0.06859661782483506,-37.34670435321623,0.9994249537813968,0.6649145245339112
independent,3,4,55,raw_reuse,0.7100508482281089,0.7564147114753723,1.0097077667713166,0.040441120423790666,-165.3786016963805,0.9991051524731989,0.6131153422428058
independent,3,4,55,shift_reuse,0.7310131051084747,0.7781920433044434,1.0279361069202424,0.040441120423790666,-165.3786016963805,0.9991051524731989,0.6131153422428058
independent,3,4,55,shift_toeplitz_r2,0.7948890812736004,0.8538174629211426,1.159932839870453,0.040441120423790666,-165.3786016963805,0.9991051524731989,0.6131153422428058
independent,3,4,55,shift_circular_r2,0.7924148579193793,0.8511176705360413,1.1506910562515258,0.040441120423790666,-165.3786016963805,0.9991051524731989,0.6131153422428058
independent,3,4,55,shift_rank8_feature,1.9198979386646082,2.0895700454711914,2.956231117248535,0.040441120423790666,-165.3786016963805,0.9991051524731989,0.6131153422428058
independent,3,4,55,shift_rank8_prev_flow,0.7160910093272942,0.7633997797966003,1.0169403493404388,0.040441120423790666,-165.3786016963805,0.9991051524731989,0.6131153422428058
independent,3,4,55,shift_rank8_oracle,0.7160790650788127,0.7633862495422363,1.0169285655021667,0.040441120423790666,-165.3786016963805,0.9991051524731989,0.6131153422428058
independent,3,4,55,flow_reuse,0.023042622420735143,0.024087047204375267,0.029067416582256554,0.040441120423790666,-165.3786016963805,0.9991051524731989,0.6131153422428058
independent,3,4,55,flow_toeplitz_r2,0.017206186039683217,0.017486853525042534,0.02203213730826974,0.040441120423790666,-165.3786016963805,0.9991051524731989,0.6131153422428058
independent,3,4,55,flow_rank8_oracle,0.014332523329334688,0.014819763600826263,0.01943408828228712,0.040441120423790666,-165.3786016963805,0.9991051524731989,0.6131153422428058
independent,4,4,55,raw_reuse,0.5949981609100369,0.6562380194664001,0.8721357583999634,0.06600355857314866,-177.4630707296976,0.999073591069122,0.6219920224506689
independent,4,4,55,shift_reuse,0.6215183332465245,0.6835331916809082,0.9220270276069641,0.06600355857314866,-177.4630707296976,0.999073591069122,0.6219920224506689
independent,4,4,55,shift_toeplitz_r2,0.6897210058160522,0.7693353295326233,1.0058423399925231,0.06600355857314866,-177.4630707296976,0.999073591069122,0.6219920224506689
independent,4,4,55,shift_circular_r2,0.6817346993475878,0.7606549263000488,0.9934808164834976,0.06600355857314866,-177.4630707296976,0.999073591069122,0.6219920224506689
independent,4,4,55,shift_rank8_feature,2.0941667379990325,2.3730123043060303,3.6722572684288015,0.06600355857314866,-177.4630707296976,0.999073591069122,0.6219920224506689
independent,4,4,55,shift_rank8_prev_flow,0.6006743456805438,0.6615478992462158,0.8993470817804337,0.06600355857314866,-177.4630707296976,0.999073591069122,0.6219920224506689
independent,4,4,55,shift_rank8_oracle,0.6006570164352619,0.6615306735038757,0.8993328511714935,0.06600355857314866,-177.4630707296976,0.999073591069122,0.6219920224506689
independent,4,4,55,flow_reuse,0.022464460943356367,0.023141125217080116,0.028855295572429895,0.06600355857314866,-177.4630707296976,0.999073591069122,0.6219920224506689
independent,4,4,55,flow_toeplitz_r2,0.0190007616774594,0.019516319036483765,0.02415874497964978,0.06600355857314866,-177.4630707296976,0.999073591069122,0.6219920224506689
independent,4,4,55,flow_rank8_oracle,0.013811680746837066,0.014770835638046265,0.01948643522337079,0.06600355857314866,-177.4630707296976,0.999073591069122,0.6219920224506689
independent,5,4,55,raw_reuse,0.49312490791835967,0.5311393737792969,0.6756719738245011,0.10182618600803706,-161.1121676566581,0.9991904135505715,0.7411025320918199
independent,5,4,55,shift_reuse,0.5198128990952916,0.5524041056632996,0.7116940230131149,0.10182618600803706,-161.1121676566581,0.9991904135505715,0.7411025320918199
independent,5,4,55,shift_toeplitz_r2,0.5929780489353238,0.6398954391479492,0.827957883477211,0.10182618600803706,-161.1121676566581,0.9991904135505715,0.7411025320918199
independent,5,4,55,shift_circular_r2,0.5879452259488722,0.6342711448669434,0.8214961349964142,0.10182618600803706,-161.1121676566581,0.9991904135505715,0.7411025320918199
independent,5,4,55,shift_rank8_feature,2.0766969672650424,2.2785470485687256,3.4591795325279233,0.10182618600803706,-161.1121676566581,0.9991904135505715,0.7411025320918199
independent,5,4,55,shift_rank8_prev_flow,0.49265791177410984,0.5244311690330505,0.6733316987752914,0.10182618600803706,-161.1121676566581,0.9991904135505715,0.7411025320918199
independent,5,4,55,shift_rank8_oracle,0.49263724955291505,0.5244102478027344,0.6733142346143722,0.10182618600803706,-161.1121676566581,0.9991904135505715,0.7411025320918199
independent,5,4,55,flow_reuse,0.02224833910552934,0.023282110691070557,0.029317377321422096,0.10182618600803706,-161.1121676566581,0.9991904135505715,0.7411025320918199
independent,5,4,55,flow_toeplitz_r2,0.0167770416539149,0.01671742834150791,0.022299281880259512,0.10182618600803706,-161.1121676566581,0.9991904135505715,0.7411025320918199
independent,5,4,55,flow_rank8_oracle,0.011320392809412215,0.011848226189613342,0.0160867003723979,0.10182618600803706,-161.1121676566581,0.9991904135505715,0.7411025320918199
independent,6,4,55,raw_reuse,0.27113434767846456,0.26698264479637146,0.35206813663244246,0.1314368304414092,-209.266361872449,0.999202704432723,0.8894289006763143
independent,6,4,55,shift_reuse,0.2894852516764273,0.2835063636302948,0.38446646481752395,0.1314368304414092,-209.266361872449,0.999202704432723,0.8894289006763143
independent,6,4,55,shift_toeplitz_r2,0.36888931330107694,0.36776968836784363,0.445965901017189,0.1314368304414092,-209.266361872449,0.999202704432723,0.8894289006763143
independent,6,4,55,shift_circular_r2,0.3739256854256844,0.37315717339515686,0.4539397433400154,0.1314368304414092,-209.266361872449,0.999202704432723,0.8894289006763143
independent,6,4,55,shift_rank8_feature,1.3607912740853878,1.369407296180725,1.9166257560253142,0.1314368304414092,-209.266361872449,0.999202704432723,0.8894289006763143
independent,6,4,55,shift_rank8_prev_flow,0.26980330617095244,0.2641947567462921,0.3521179154515266,0.1314368304414092,-209.266361872449,0.999202704432723,0.8894289006763143
independent,6,4,55,shift_rank8_oracle,0.26979080723198295,0.26418212056159973,0.3520958676934242,0.1314368304414092,-209.266361872449,0.999202704432723,0.8894289006763143
independent,6,4,55,flow_reuse,0.01763850293905436,0.01772969216108322,0.022067664470523597,0.1314368304414092,-209.266361872449,0.999202704432723,0.8894289006763143
independent,6,4,55,flow_toeplitz_r2,0.008318486201298677,0.007736172527074814,0.012633870169520379,0.1314368304414092,-209.266361872449,0.999202704432723,0.8894289006763143
independent,6,4,55,flow_rank8_oracle,0.005865196741575401,0.0056358580477535725,0.008169362554326653,0.1314368304414092,-209.266361872449,0.999202704432723,0.8894289006763143
independent,7,4,55,raw_reuse,0.24951387320994783,0.2476160079240799,0.3225448116660118,0.16029675752290973,-46.09623900690378,0.9992594300716315,0.6927611718956632
independent,7,4,55,shift_reuse,0.26579928131031133,0.26221323013305664,0.36957678347826,0.16029675752290973,-46.09623900690378,0.9992594300716315,0.6927611718956632
independent,7,4,55,shift_toeplitz_r2,0.27386981143489975,0.27060940861701965,0.377191312611103,0.16029675752290973,-46.09623900690378,0.9992594300716315,0.6927611718956632
independent,7,4,55,shift_circular_r2,0.2734424024148222,0.2701696753501892,0.37686263322830194,0.16029675752290973,-46.09623900690378,0.9992594300716315,0.6927611718956632
independent,7,4,55,shift_rank8_feature,0.7478501783478112,0.7456235885620117,0.9996588349342346,0.16029675752290973,-46.09623900690378,0.9992594300716315,0.6927611718956632
independent,7,4,55,shift_rank8_prev_flow,0.2435821675121099,0.2398861199617386,0.321336655318737,0.16029675752290973,-46.09623900690378,0.9992594300716315,0.6927611718956632
independent,7,4,55,shift_rank8_oracle,0.24356603001051344,0.2398691624403,0.32129742652177806,0.16029675752290973,-46.09623900690378,0.9992594300716315,0.6927611718956632
independent,7,4,55,flow_reuse,0.005359357262340311,0.005316568538546562,0.007145704259164632,0.16029675752290973,-46.09623900690378,0.9992594300716315,0.6927611718956632
independent,7,4,55,flow_toeplitz_r2,0.005176638825069277,0.004973410163074732,0.007741492451168596,0.16029675752290973,-46.09623900690378,0.9992594300716315,0.6927611718956632
independent,7,4,55,flow_rank8_oracle,0.002970645214259556,0.0029014255851507187,0.0042957672849297515,0.16029675752290973,-46.09623900690378,0.9992594300716315,0.6927611718956632
independent,0,5,44,raw_reuse,1.2164614254098147,1.2590785026550293,1.6764313638210298,0.09853078605538079,-1.4542929137927763,0.9996046489803021,0.3538973651007451
independent,0,5,44,shift_reuse,1.2258151424146193,1.2669590711593628,1.7075667917728423,0.09853078605538079,-1.4542929137927763,0.9996046489803021,0.3538973651007451
independent,0,5,44,shift_toeplitz_r2,1.2195568912426682,1.2603397369384766,1.6932685971260069,0.09853078605538079,-1.4542929137927763,0.9996046489803021,0.3538973651007451
independent,0,5,44,shift_circular_r2,1.2202199610135211,1.2610126733779907,1.6947855174541473,0.09853078605538079,-1.4542929137927763,0.9996046489803021,0.3538973651007451
independent,0,5,44,shift_rank8_feature,1.3059118088470816,1.3467854261398315,1.796332550048828,0.09853078605538079,-1.4542929137927763,0.9996046489803021,0.3538973651007451
independent,0,5,44,shift_rank8_prev_flow,1.1638833859221354,1.2016801834106445,1.6013498723506927,0.09853078605538079,-1.4542929137927763,0.9996046489803021,0.3538973651007451
independent,0,5,44,shift_rank8_oracle,1.163859167319279,1.2016538381576538,1.60133900642395,0.09853078605538079,-1.4542929137927763,0.9996046489803021,0.3538973651007451
independent,0,5,44,flow_reuse,0.013603590079485577,0.013867354951798916,0.017387280799448488,0.09853078605538079,-1.4542929137927763,0.9996046489803021,0.3538973651007451
independent,0,5,44,flow_toeplitz_r2,0.012120151481887722,0.012416175566613674,0.015921723702922462,0.09853078605538079,-1.4542929137927763,0.9996046489803021,0.3538973651007451
independent,0,5,44,flow_rank8_oracle,0.010934635051310244,0.01114924531430006,0.014115534722805023,0.09853078605538079,-1.4542929137927763,0.9996046489803021,0.3538973651007451
independent,1,5,44,raw_reuse,0.8752331929894249,0.8821937441825867,1.0199191391468048,0.11307558899129044,-24.3289186497401,0.9994258679951245,0.391247239093515
independent,1,5,44,shift_reuse,0.8803807163173761,0.8836286664009094,1.0316414952278137,0.11307558899129044,-24.3289186497401,0.9994258679951245,0.391247239093515
independent,1,5,44,shift_toeplitz_r2,1.0349520451710525,1.0422099828720093,1.236869788169861,0.11307558899129044,-24.3289186497401,0.9994258679951245,0.391247239093515
independent,1,5,44,shift_circular_r2,1.0280838498665905,1.0351182222366333,1.2224880516529082,0.11307558899129044,-24.3289186497401,0.9994258679951245,0.391247239093515
independent,1,5,44,shift_rank8_feature,1.6362246686358464,1.6381864547729492,2.2658201098442077,0.11307558899129044,-24.3289186497401,0.9994258679951245,0.391247239093515
independent,1,5,44,shift_rank8_prev_flow,0.8291404470448391,0.8311579823493958,0.9876119822263717,0.11307558899129044,-24.3289186497401,0.9994258679951245,0.391247239093515
independent,1,5,44,shift_rank8_oracle,0.8291131923015674,0.8311298489570618,0.9875930905342102,0.11307558899129044,-24.3289186497401,0.9994258679951245,0.391247239093515
independent,1,5,44,flow_reuse,0.016431879310805298,0.01650993339717388,0.020062240306288004,0.11307558899129044,-24.3289186497401,0.9994258679951245,0.391247239093515
independent,1,5,44,flow_toeplitz_r2,0.013280683122294643,0.013332671485841274,0.016229850985109807,0.11307558899129044,-24.3289186497401,0.9994258679951245,0.391247239093515
independent,1,5,44,flow_rank8_oracle,0.01282058104489918,0.012867716141045094,0.016258042212575673,0.11307558899129044,-24.3289186497401,0.9994258679951245,0.391247239093515
independent,2,5,44,raw_reuse,0.8726056207680867,0.9063479900360107,1.1557439744472504,0.06661158766285069,-46.91721896501702,0.9995081699162045,0.6386792673001541
independent,2,5,44,shift_reuse,0.8827647588405172,0.9097208976745605,1.2376050651073456,0.06661158766285069,-46.91721896501702,0.9995081699162045,0.6386792673001541
independent,2,5,44,shift_toeplitz_r2,1.05555096356623,1.099924921989441,1.4350649476051331,0.06661158766285069,-46.91721896501702,0.9995081699162045,0.6386792673001541
independent,2,5,44,shift_circular_r2,1.0469150634647986,1.0907145738601685,1.41853609085083,0.06661158766285069,-46.91721896501702,0.9995081699162045,0.6386792673001541
independent,2,5,44,shift_rank8_feature,1.7229566481944218,1.804400086402893,2.387658929824829,0.06661158766285069,-46.91721896501702,0.9995081699162045,0.6386792673001541
independent,2,5,44,shift_rank8_prev_flow,0.8528703977582552,0.8774968981742859,1.1991454124450682,0.06661158766285069,-46.91721896501702,0.9995081699162045,0.6386792673001541
independent,2,5,44,shift_rank8_oracle,0.8528569437105883,0.8774816393852234,1.1991250813007355,0.06661158766285069,-46.91721896501702,0.9995081699162045,0.6386792673001541
independent,2,5,44,flow_reuse,0.023941875367030543,0.02497754991054535,0.03225287683308124,0.06661158766285069,-46.91721896501702,0.9995081699162045,0.6386792673001541
independent,2,5,44,flow_toeplitz_r2,0.015910813176294707,0.016415419057011604,0.02003246685490012,0.06661158766285069,-46.91721896501702,0.9995081699162045,0.6386792673001541
independent,2,5,44,flow_rank8_oracle,0.014391451777662547,0.014727768488228321,0.01898192511871457,0.06661158766285069,-46.91721896501702,0.9995081699162045,0.6386792673001541
independent,3,5,44,raw_reuse,0.677904927269416,0.7474347949028015,1.0274984836578367,0.04425515439646732,-173.29340723050026,0.9989608986305754,0.5654594519321294
independent,3,5,44,shift_reuse,0.6967857023101526,0.7682967185974121,1.0670354843139649,0.04425515439646732,-173.29340723050026,0.9989608986305754,0.5654594519321294
independent,3,5,44,shift_toeplitz_r2,0.7685845534834067,0.8597871661186218,1.2284399569034576,0.04425515439646732,-173.29340723050026,0.9989608986305754,0.5654594519321294
independent,3,5,44,shift_circular_r2,0.7658718921023306,0.8566557765007019,1.2160827815532684,0.04425515439646732,-173.29340723050026,0.9989608986305754,0.5654594519321294
independent,3,5,44,shift_rank8_feature,1.924994184206915,2.201859951019287,3.3315330624580377,0.04425515439646732,-173.29340723050026,0.9989608986305754,0.5654594519321294
independent,3,5,44,shift_rank8_prev_flow,0.6812072113535934,0.7528573870658875,1.058721387386322,0.04425515439646732,-173.29340723050026,0.9989608986305754,0.5654594519321294
independent,3,5,44,shift_rank8_oracle,0.681193057066009,0.7528404593467712,1.0586950123310088,0.04425515439646732,-173.29340723050026,0.9989608986305754,0.5654594519321294
independent,3,5,44,flow_reuse,0.0218883799801546,0.023938236758112907,0.032105548307299614,0.04425515439646732,-173.29340723050026,0.9989608986305754,0.5654594519321294
independent,3,5,44,flow_toeplitz_r2,0.016506234976738282,0.01783788576722145,0.022643180936574935,0.04425515439646732,-173.29340723050026,0.9989608986305754,0.5654594519321294
independent,3,5,44,flow_rank8_oracle,0.014428752147560491,0.015758322551846504,0.020649373717606067,0.04425515439646732,-173.29340723050026,0.9989608986305754,0.5654594519321294
independent,4,5,44,raw_reuse,0.5417043469506316,0.6188315749168396,0.8658155620098114,0.0734492635058892,-158.88486505548963,0.9991978716591153,0.556280476234144
independent,4,5,44,shift_reuse,0.5619073524242815,0.6427124738693237,0.9655684381723403,0.0734492635058892,-158.88486505548963,0.9991978716591153,0.556280476234144
independent,4,5,44,shift_toeplitz_r2,0.6262018097133848,0.728642463684082,1.0736900091171264,0.0734492635058892,-158.88486505548963,0.9991978716591153,0.556280476234144
independent,4,5,44,shift_circular_r2,0.6186439248490251,0.7199563980102539,1.057755386829376,0.0734492635058892,-158.88486505548963,0.9991978716591153,0.556280476234144
independent,4,5,44,shift_rank8_feature,1.8955744506479428,2.253049612045288,3.66975827217102,0.0734492635058892,-158.88486505548963,0.9991978716591153,0.556280476234144
independent,4,5,44,shift_rank8_prev_flow,0.5408933229948023,0.62002032995224,0.9420907855033873,0.0734492635058892,-158.88486505548963,0.9991978716591153,0.556280476234144
independent,4,5,44,shift_rank8_oracle,0.5408780006605793,0.6200043559074402,0.9420794337987899,0.0734492635058892,-158.88486505548963,0.9991978716591153,0.556280476234144
independent,4,5,44,flow_reuse,0.017297109057486472,0.018743479624390602,0.02387453243136406,0.0734492635058892,-158.88486505548963,0.9991978716591153,0.556280476234144
independent,4,5,44,flow_toeplitz_r2,0.015178542450813895,0.016447311267256737,0.023307469114661215,0.0734492635058892,-158.88486505548963,0.9991978716591153,0.556280476234144
independent,4,5,44,flow_rank8_oracle,0.011521997236460201,0.012675903737545013,0.01723128240555525,0.0734492635058892,-158.88486505548963,0.9991978716591153,0.556280476234144
independent,5,5,44,raw_reuse,0.4775632734361289,0.5295596718788147,0.7277656555175781,0.1212689597754707,-140.97333653015286,0.9993357068689475,0.6972877179770252
independent,5,5,44,shift_reuse,0.5015511176470476,0.5493296980857849,0.745193001627922,0.1212689597754707,-140.97333653015286,0.9993357068689475,0.6972877179770252
independent,5,5,44,shift_toeplitz_r2,0.5744504302912313,0.6406030058860779,0.901669281721115,0.1212689597754707,-140.97333653015286,0.9993357068689475,0.6972877179770252
independent,5,5,44,shift_circular_r2,0.5687104833245007,0.6340170502662659,0.8963979750871657,0.1212689597754707,-140.97333653015286,0.9993357068689475,0.6972877179770252
independent,5,5,44,shift_rank8_feature,2.032227069649283,2.3251426219940186,3.95387282371521,0.1212689597754707,-140.97333653015286,0.9993357068689475,0.6972877179770252
independent,5,5,44,shift_rank8_prev_flow,0.4701767531268824,0.5159078240394592,0.7313357293605803,0.1212689597754707,-140.97333653015286,0.9993357068689475,0.6972877179770252
independent,5,5,44,shift_rank8_oracle,0.4701573029068032,0.5158862471580505,0.7313220918178558,0.1212689597754707,-140.97333653015286,0.9993357068689475,0.6972877179770252
independent,5,5,44,flow_reuse,0.018793022390644412,0.020397484302520752,0.02543669082224369,0.1212689597754707,-140.97333653015286,0.9993357068689475,0.6972877179770252
independent,5,5,44,flow_toeplitz_r2,0.014247177501885479,0.014981684274971485,0.020157906785607336,0.1212689597754707,-140.97333653015286,0.9993357068689475,0.6972877179770252
independent,5,5,44,flow_rank8_oracle,0.01033978842499444,0.011172640137374401,0.01492794556543231,0.1212689597754707,-140.97333653015286,0.9993357068689475,0.6972877179770252
independent,6,5,44,raw_reuse,0.3021782576530393,0.29959115386009216,0.41634968519210813,0.1608628278220381,-195.58021527395124,0.999280352411854,0.917341428758981
independent,6,5,44,shift_reuse,0.3235826742406794,0.3200902044773102,0.4233674079179764,0.1608628278220381,-195.58021527395124,0.999280352411854,0.917341428758981
independent,6,5,44,shift_toeplitz_r2,0.41630706191683925,0.4217185080051422,0.5171961426734925,0.1608628278220381,-195.58021527395124,0.999280352411854,0.917341428758981
independent,6,5,44,shift_circular_r2,0.4222846202064405,0.4282659590244293,0.5275364845991135,0.1608628278220381,-195.58021527395124,0.999280352411854,0.917341428758981
independent,6,5,44,shift_rank8_feature,1.5778916994634389,1.6221202611923218,2.403551530838013,0.1608628278220381,-195.58021527395124,0.999280352411854,0.917341428758981
independent,6,5,44,shift_rank8_prev_flow,0.2964308546464155,0.29336994886398315,0.3857334017753601,0.1608628278220381,-195.58021527395124,0.999280352411854,0.917341428758981
independent,6,5,44,shift_rank8_oracle,0.29641606654507024,0.2933555543422699,0.38572510331869125,0.1608628278220381,-195.58021527395124,0.999280352411854,0.917341428758981
independent,6,5,44,flow_reuse,0.022268192863845827,0.023070717230439186,0.03000185117125511,0.1608628278220381,-195.58021527395124,0.999280352411854,0.917341428758981
independent,6,5,44,flow_toeplitz_r2,0.008657539992911575,0.00840123649686575,0.012893083179369567,0.1608628278220381,-195.58021527395124,0.999280352411854,0.917341428758981
independent,6,5,44,flow_rank8_oracle,0.006402195729498007,0.0062851570546627045,0.008350290916860103,0.1608628278220381,-195.58021527395124,0.999280352411854,0.917341428758981
independent,7,5,44,raw_reuse,0.24685362403218705,0.2439686506986618,0.3401086568832397,0.16722511655007244,-50.06528159007353,0.9988169614883031,0.8386610236411349
independent,7,5,44,shift_reuse,0.26381485533996246,0.2590707242488861,0.3658213064074516,0.16722511655007244,-50.06528159007353,0.9988169614883031,0.8386610236411349
independent,7,5,44,shift_toeplitz_r2,0.27348608654888196,0.2694622576236725,0.37478253096342085,0.16722511655007244,-50.06528159007353,0.9988169614883031,0.8386610236411349
independent,7,5,44,shift_circular_r2,0.27294469427244333,0.2689085304737091,0.374238608777523,0.16722511655007244,-50.06528159007353,0.9988169614883031,0.8386610236411349
independent,7,5,44,shift_rank8_feature,0.7750306583440371,0.776096522808075,1.0465294420719147,0.16722511655007244,-50.06528159007353,0.9988169614883031,0.8386610236411349
independent,7,5,44,shift_rank8_prev_flow,0.24077432284992223,0.23583656549453735,0.31487289518117906,0.16722511655007244,-50.06528159007353,0.9988169614883031,0.8386610236411349
independent,7,5,44,shift_rank8_oracle,0.24074823008872537,0.2358081191778183,0.3148325115442276,0.16722511655007244,-50.06528159007353,0.9988169614883031,0.8386610236411349
independent,7,5,44,flow_reuse,0.00935089655169721,0.009355702437460423,0.013139318395406007,0.16722511655007244,-50.06528159007353,0.9988169614883031,0.8386610236411349
independent,7,5,44,flow_toeplitz_r2,0.0056160209391156665,0.005410042125731707,0.007904743775725365,0.16722511655007244,-50.06528159007353,0.9988169614883031,0.8386610236411349
independent,7,5,44,flow_rank8_oracle,0.0037559767999452583,0.0036422135308384895,0.00528856513556093,0.16722511655007244,-50.06528159007353,0.9988169614883031,0.8386610236411349
independent,0,6,33,raw_reuse,1.1710843295545537,1.2156518697738647,1.6454475343227384,0.1251898632896138,-0.12130871721347103,0.9994407293617055,0.364533526083331
independent,0,6,33,shift_reuse,1.1800856344352944,1.222724437713623,1.6535194814205167,0.1251898632896138,-0.12130871721347103,0.9994407293617055,0.364533526083331
independent,0,6,33,shift_toeplitz_r2,1.172985964868499,1.2150871753692627,1.639676797389984,0.1251898632896138,-0.12130871721347103,0.9994407293617055,0.364533526083331
independent,0,6,33,shift_circular_r2,1.1732256525597506,1.2153599262237549,1.640873074531555,0.1251898632896138,-0.12130871721347103,0.9994407293617055,0.364533526083331
independent,0,6,33,shift_rank8_feature,1.1857734418336032,1.2279372215270996,1.61403973698616,0.1251898632896138,-0.12130871721347103,0.9994407293617055,0.364533526083331
independent,0,6,33,shift_rank8_prev_flow,1.103791702153845,1.1409434080123901,1.4351328492164612,0.1251898632896138,-0.12130871721347103,0.9994407293617055,0.364533526083331
independent,0,6,33,shift_rank8_oracle,1.1037492638768915,1.140895962715149,1.4349319815635682,0.1251898632896138,-0.12130871721347103,0.9994407293617055,0.364533526083331
independent,0,6,33,flow_reuse,0.01912163650660733,0.01939801126718521,0.024508486967533827,0.1251898632896138,-0.12130871721347103,0.9994407293617055,0.364533526083331
independent,0,6,33,flow_toeplitz_r2,0.016621312683684164,0.01694178208708763,0.020679584983736277,0.1251898632896138,-0.12130871721347103,0.9994407293617055,0.364533526083331
independent,0,6,33,flow_rank8_oracle,0.0152430326419668,0.015497895888984203,0.019110652245581148,0.1251898632896138,-0.12130871721347103,0.9994407293617055,0.364533526083331
independent,1,6,33,raw_reuse,0.8393439975121826,0.8463197350502014,0.967805677652359,0.12122736623053643,-13.433586657440008,0.9992261463258472,0.32707039910947433
independent,1,6,33,shift_reuse,0.8430022602023556,0.8466677665710449,0.9962260276079178,0.12122736623053643,-13.433586657440008,0.9992261463258472,0.32707039910947433
independent,1,6,33,shift_toeplitz_r2,0.9243689075093308,0.9312065243721008,1.119840008020401,0.12122736623053643,-13.433586657440008,0.9992261463258472,0.32707039910947433
independent,1,6,33,shift_circular_r2,0.9175060922732502,0.9242441654205322,1.103752064704895,0.12122736623053643,-13.433586657440008,0.9992261463258472,0.32707039910947433
independent,1,6,33,shift_rank8_feature,1.296188313015697,1.3084839582443237,1.7405146718025206,0.12122736623053643,-13.433586657440008,0.9992261463258472,0.32707039910947433
independent,1,6,33,shift_rank8_prev_flow,0.7902903710138408,0.7929638028144836,0.929397588968277,0.12122736623053643,-13.433586657440008,0.9992261463258472,0.32707039910947433
independent,1,6,33,shift_rank8_oracle,0.7902545426380223,0.7929275631904602,0.9293683618307114,0.12122736623053643,-13.433586657440008,0.9992261463258472,0.32707039910947433
independent,1,6,33,flow_reuse,0.018764887182937572,0.01875310204923153,0.02354014590382576,0.12122736623053643,-13.433586657440008,0.9992261463258472,0.32707039910947433
independent,1,6,33,flow_toeplitz_r2,0.01652044488581229,0.016384314745664597,0.020672894455492495,0.12122736623053643,-13.433586657440008,0.9992261463258472,0.32707039910947433
independent,1,6,33,flow_rank8_oracle,0.015393265992992596,0.01532997190952301,0.01901514707133174,0.12122736623053643,-13.433586657440008,0.9992261463258472,0.32707039910947433
independent,2,6,33,raw_reuse,0.8703698333672331,0.9220058917999268,1.2036712348461152,0.06773220715970896,-25.567150198140386,0.9993874349160982,0.5978406649826515
independent,2,6,33,shift_reuse,0.8778703837524795,0.922535240650177,1.2281713783740997,0.06773220715970896,-25.567150198140386,0.9993874349160982,0.5978406649826515
independent,2,6,33,shift_toeplitz_r2,1.0000152337047394,1.069266438484192,1.4472551524639128,0.06773220715970896,-25.567150198140386,0.9993874349160982,0.5978406649826515
independent,2,6,33,shift_circular_r2,0.9934757986308279,1.061958909034729,1.4282264888286589,0.06773220715970896,-25.567150198140386,0.9993874349160982,0.5978406649826515
independent,2,6,33,shift_rank8_feature,1.3724912234141748,1.4879974126815796,2.1274261593818666,0.06773220715970896,-25.567150198140386,0.9993874349160982,0.5978406649826515
independent,2,6,33,shift_rank8_prev_flow,0.8476349596047689,0.8891134262084961,1.1657215297222137,0.06773220715970896,-25.567150198140386,0.9993874349160982,0.5978406649826515
independent,2,6,33,shift_rank8_oracle,0.8476191072724152,0.8890945911407471,1.1656830549240111,0.06773220715970896,-25.567150198140386,0.9993874349160982,0.5978406649826515
independent,2,6,33,flow_reuse,0.029658942965705076,0.03182058036327362,0.04462923053652048,0.06773220715970896,-25.567150198140386,0.9993874349160982,0.5978406649826515
independent,2,6,33,flow_toeplitz_r2,0.02133513214774878,0.022571558132767677,0.03014538548886776,0.06773220715970896,-25.567150198140386,0.9993874349160982,0.5978406649826515
independent,2,6,33,flow_rank8_oracle,0.01880852531281079,0.019789932295680046,0.025863865017890928,0.06773220715970896,-25.567150198140386,0.9993874349160982,0.5978406649826515
independent,3,6,33,raw_reuse,0.6277205877238847,0.7150149941444397,1.0154443442821501,0.051538543694769734,-127.8603714709287,0.998939662985723,0.5176276054525846
independent,3,6,33,shift_reuse,0.6441463215310926,0.7365975379943848,1.0564585983753203,0.051538543694769734,-127.8603714709287,0.998939662985723,0.5176276054525846
independent,3,6,33,shift_toeplitz_r2,0.7016183772171526,0.8192924857139587,1.2226720929145813,0.051538543694769734,-127.8603714709287,0.998939662985723,0.5176276054525846
independent,3,6,33,shift_circular_r2,0.6974678087241329,0.8140160441398621,1.2138605475425719,0.051538543694769734,-127.8603714709287,0.998939662985723,0.5176276054525846
independent,3,6,33,shift_rank8_feature,1.646606147097014,1.9735021591186523,3.2786268115043633,0.051538543694769734,-127.8603714709287,0.998939662985723,0.5176276054525846
independent,3,6,33,shift_rank8_prev_flow,0.6273427841639135,0.7193536758422852,1.0474102675914765,0.051538543694769734,-127.8603714709287,0.998939662985723,0.5176276054525846
independent,3,6,33,shift_rank8_oracle,0.6273275698683876,0.7193345427513123,1.0473777413368224,0.051538543694769734,-127.8603714709287,0.998939662985723,0.5176276054525846
independent,3,6,33,flow_reuse,0.023990415686612292,0.027459075674414635,0.041648438200354576,0.051538543694769734,-127.8603714709287,0.998939662985723,0.5176276054525846
independent,3,6,33,flow_toeplitz_r2,0.01879705326535718,0.02127261273562908,0.030488669779151677,0.051538543694769734,-127.8603714709287,0.998939662985723,0.5176276054525846
independent,3,6,33,flow_rank8_oracle,0.016662073285196633,0.019237114116549492,0.029676635470241308,0.051538543694769734,-127.8603714709287,0.998939662985723,0.5176276054525846
independent,4,6,33,raw_reuse,0.49077258870827695,0.5769116878509521,0.8230265319347382,0.08559404947036175,-67.78323842886834,0.9992259496102293,0.4998378724531535
independent,4,6,33,shift_reuse,0.5070271638838922,0.597351610660553,0.9144387006759642,0.08559404947036175,-67.78323842886834,0.9992259496102293,0.4998378724531535
independent,4,6,33,shift_toeplitz_r2,0.5542250918433551,0.6659135222434998,1.043153530359268,0.08559404947036175,-67.78323842886834,0.9992259496102293,0.4998378724531535
independent,4,6,33,shift_circular_r2,0.548200855732008,0.6583008170127869,1.0293407469987867,0.08559404947036175,-67.78323842886834,0.9992259496102293,0.4998378724531535
independent,4,6,33,shift_rank8_feature,1.2524861427828553,1.5650277137756348,2.715429830551147,0.08559404947036175,-67.78323842886834,0.9992259496102293,0.4998378724531535
independent,4,6,33,shift_rank8_prev_flow,0.48485799538488983,0.5724303126335144,0.8826149523258209,0.08559404947036175,-67.78323842886834,0.9992259496102293,0.4998378724531535
independent,4,6,33,shift_rank8_oracle,0.4848425748765483,0.5724128484725952,0.882587906718254,0.08559404947036175,-67.78323842886834,0.9992259496102293,0.4998378724531535
independent,4,6,33,flow_reuse,0.01792538911295109,0.020542817190289497,0.029409868642687798,0.08559404947036175,-67.78323842886834,0.9992259496102293,0.4998378724531535
independent,4,6,33,flow_toeplitz_r2,0.0154120068835789,0.01757338084280491,0.024999899975955486,0.08559404947036175,-67.78323842886834,0.9992259496102293,0.4998378724531535
independent,4,6,33,flow_rank8_oracle,0.012677219023894496,0.014718138612806797,0.021488179080188276,0.08559404947036175,-67.78323842886834,0.9992259496102293,0.4998378724531535
independent,5,6,33,raw_reuse,0.4553901353119953,0.5169848799705505,0.7176036566495896,0.14685029460589638,-123.33196088777684,0.9991967601577398,0.6216715947540734
independent,5,6,33,shift_reuse,0.47714919509500736,0.5381193161010742,0.7579145073890686,0.14685029460589638,-123.33196088777684,0.9991967601577398,0.6216715947540734
independent,5,6,33,shift_toeplitz_r2,0.5299644874772226,0.607721745967865,0.8779022514820098,0.14685029460589638,-123.33196088777684,0.9991967601577398,0.6216715947540734
independent,5,6,33,shift_circular_r2,0.5244446833496578,0.6011171936988831,0.8776496678590774,0.14685029460589638,-123.33196088777684,0.9991967601577398,0.6216715947540734
independent,5,6,33,shift_rank8_feature,1.9658679051350187,2.3463857173919678,4.211912369728088,0.14685029460589638,-123.33196088777684,0.9991967601577398,0.6216715947540734
independent,5,6,33,shift_rank8_prev_flow,0.4407510528891109,0.49832186102867126,0.7293859928846359,0.14685029460589638,-123.33196088777684,0.9991967601577398,0.6216715947540734
independent,5,6,33,shift_rank8_oracle,0.44072411882697593,0.4982914924621582,0.7293660938739777,0.14685029460589638,-123.33196088777684,0.9991967601577398,0.6216715947540734
independent,5,6,33,flow_reuse,0.020085771635319414,0.022630050778388977,0.032695839554071425,0.14685029460589638,-123.33196088777684,0.9991967601577398,0.6216715947540734
independent,5,6,33,flow_toeplitz_r2,0.015444803351207657,0.017102252691984177,0.023598402738571167,0.14685029460589638,-123.33196088777684,0.9991967601577398,0.6216715947540734
independent,5,6,33,flow_rank8_oracle,0.01235443803719809,0.013814140111207962,0.018789860233664513,0.14685029460589638,-123.33196088777684,0.9991967601577398,0.6216715947540734
independent,6,6,33,raw_reuse,0.3425303902560431,0.3456222116947174,0.48520921915769577,0.19931999335010853,-91.91198759793764,0.9990539523417822,0.894250446974772
independent,6,6,33,shift_reuse,0.36618637274835636,0.3708818852901459,0.4986859083175659,0.19931999335010853,-91.91198759793764,0.9990539523417822,0.894250446974772
independent,6,6,33,shift_toeplitz_r2,0.47470800653843914,0.49831321835517883,0.6333483338356019,0.19931999335010853,-91.91198759793764,0.9990539523417822,0.894250446974772
independent,6,6,33,shift_circular_r2,0.4770799914740847,0.5013518929481506,0.6499612390995025,0.19931999335010853,-91.91198759793764,0.9990539523417822,0.894250446974772
independent,6,6,33,shift_rank8_feature,1.3561388007263186,1.4417662620544434,2.0903831720352173,0.19931999335010853,-91.91198759793764,0.9990539523417822,0.894250446974772
independent,6,6,33,shift_rank8_prev_flow,0.3276931610539313,0.3330782949924469,0.4597595334053039,0.19931999335010853,-91.91198759793764,0.9990539523417822,0.894250446974772
independent,6,6,33,shift_rank8_oracle,0.3276662195489455,0.3330511152744293,0.45974422097206114,0.19931999335010853,-91.91198759793764,0.9990539523417822,0.894250446974772
independent,6,6,33,flow_reuse,0.029333710951507084,0.03137027844786644,0.041415500827133654,0.19931999335010853,-91.91198759793764,0.9990539523417822,0.894250446974772
independent,6,6,33,flow_toeplitz_r2,0.012717433442561616,0.012584668584167957,0.02193169919773935,0.19931999335010853,-91.91198759793764,0.9990539523417822,0.894250446974772
independent,6,6,33,flow_rank8_oracle,0.009539075329997636,0.009593087248504162,0.01394834327511489,0.19931999335010853,-91.91198759793764,0.9990539523417822,0.894250446974772
independent,7,6,33,raw_reuse,0.2492619243652023,0.2444600611925125,0.3417271301150322,0.17624526351097003,-22.61294343224812,0.9975865684112591,0.8559908384038957
independent,7,6,33,shift_reuse,0.2668310649680805,0.260299414396286,0.3679346904158592,0.17624526351097003,-22.61294343224812,0.9975865684112591,0.8559908384038957
independent,7,6,33,shift_toeplitz_r2,0.28388260971942925,0.27922073006629944,0.37374656051397326,0.17624526351097003,-22.61294343224812,0.9975865684112591,0.8559908384038957
independent,7,6,33,shift_circular_r2,0.28259675947165963,0.2778744399547577,0.37165215611457825,0.17624526351097003,-22.61294343224812,0.9975865684112591,0.8559908384038957
independent,7,6,33,shift_rank8_feature,0.5642136979592612,0.5635259747505188,0.8322362571954727,0.17624526351097003,-22.61294343224812,0.9975865684112591,0.8559908384038957
independent,7,6,33,shift_rank8_prev_flow,0.24223316758802121,0.23506176471710205,0.3370610266923904,0.17624526351097003,-22.61294343224812,0.9975865684112591,0.8559908384038957
independent,7,6,33,shift_rank8_oracle,0.2421783987246617,0.23499931395053864,0.33701927214860916,0.17624526351097003,-22.61294343224812,0.9975865684112591,0.8559908384038957
independent,7,6,33,flow_reuse,0.014479652593447518,0.014433126896619797,0.02031449107453227,0.17624526351097003,-22.61294343224812,0.9975865684112591,0.8559908384038957
independent,7,6,33,flow_toeplitz_r2,0.00918537122943171,0.008844518102705479,0.011947761848568916,0.17624526351097003,-22.61294343224812,0.9975865684112591,0.8559908384038957
independent,7,6,33,flow_rank8_oracle,0.005494816170789195,0.0053268359042704105,0.008453729841858148,0.17624526351097003,-22.61294343224812,0.9975865684112591,0.8559908384038957
independent,0,7,22,raw_reuse,1.0900991027604947,1.1396905183792114,1.6059747278690335,0.12449342565142862,-0.19217771174684461,0.9986225142746724,0.3764763588023323
independent,0,7,22,shift_reuse,1.0985976259700725,1.1461111307144165,1.6203965246677396,0.12449342565142862,-0.19217771174684461,0.9986225142746724,0.3764763588023323
independent,0,7,22,shift_toeplitz_r2,1.0909244938792082,1.1377630233764648,1.6056422293186186,0.12449342565142862,-0.19217771174684461,0.9986225142746724,0.3764763588023323
independent,0,7,22,shift_circular_r2,1.091195344239548,1.138084053993225,1.6072277367115018,0.12449342565142862,-0.19217771174684461,0.9986225142746724,0.3764763588023323
independent,0,7,22,shift_rank8_feature,1.1069397426335383,1.15389883518219,1.5882045686244965,0.12449342565142862,-0.19217771174684461,0.9986225142746724,0.3764763588023323
independent,0,7,22,shift_rank8_prev_flow,1.028036129260844,1.069074034690857,1.4240127623081207,0.12449342565142862,-0.19217771174684461,0.9986225142746724,0.3764763588023323
independent,0,7,22,shift_rank8_oracle,1.0279414107219138,1.068967342376709,1.4235696732997893,0.12449342565142862,-0.19217771174684461,0.9986225142746724,0.3764763588023323
independent,0,7,22,flow_reuse,0.02916667480799487,0.02977847121655941,0.037695076689124106,0.12449342565142862,-0.19217771174684461,0.9986225142746724,0.3764763588023323
independent,0,7,22,flow_toeplitz_r2,0.02471007974128623,0.02528633363544941,0.031483840104192494,0.12449342565142862,-0.19217771174684461,0.9986225142746724,0.3764763588023323
independent,0,7,22,flow_rank8_oracle,0.023031029649135698,0.02356751821935177,0.029743243008852005,0.12449342565142862,-0.19217771174684461,0.9986225142746724,0.3764763588023323
independent,1,7,22,raw_reuse,0.7662323036370916,0.7735440731048584,0.8781636089086532,0.1176019074400696,-16.258765452793032,0.9987505432290524,0.293481570189864
independent,1,7,22,shift_reuse,0.7754307431732607,0.7816697955131531,0.8995637148618698,0.1176019074400696,-16.258765452793032,0.9987505432290524,0.293481570189864
independent,1,7,22,shift_toeplitz_r2,0.8486911112505069,0.8595030307769775,1.026062947511673,0.1176019074400696,-16.258765452793032,0.9987505432290524,0.293481570189864
independent,1,7,22,shift_circular_r2,0.8416808600541789,0.8523111939430237,1.0103874444961547,0.1176019074400696,-16.258765452793032,0.9987505432290524,0.293481570189864
independent,1,7,22,shift_rank8_feature,1.2227351436954634,1.2393113374710083,1.6612069964408873,0.1176019074400696,-16.258765452793032,0.9987505432290524,0.293481570189864
independent,1,7,22,shift_rank8_prev_flow,0.7284569233154592,0.7337665557861328,0.8610695987939835,0.1176019074400696,-16.258765452793032,0.9987505432290524,0.293481570189864
independent,1,7,22,shift_rank8_oracle,0.7284089873437143,0.7337186336517334,0.8610310465097427,0.1176019074400696,-16.258765452793032,0.9987505432290524,0.293481570189864
independent,1,7,22,flow_reuse,0.022965487875749785,0.02291918732225895,0.028991006966680288,0.1176019074400696,-16.258765452793032,0.9987505432290524,0.293481570189864
independent,1,7,22,flow_toeplitz_r2,0.02043465535515805,0.02023131214082241,0.02539284098893404,0.1176019074400696,-16.258765452793032,0.9987505432290524,0.293481570189864
independent,1,7,22,flow_rank8_oracle,0.019303560607046796,0.01918455772101879,0.024514599423855542,0.1176019074400696,-16.258765452793032,0.9987505432290524,0.293481570189864
independent,2,7,22,raw_reuse,0.806560601089753,0.8671014904975891,1.1141293942928314,0.07616111761455502,-33.394610306809255,0.9986409307104435,0.47647346511624444
independent,2,7,22,shift_reuse,0.8113025338232335,0.8699200749397278,1.11487957239151,0.07616111761455502,-33.394610306809255,0.9986409307104435,0.47647346511624444
independent,2,7,22,shift_toeplitz_r2,0.9522311248898214,1.055031418800354,1.4638064324855804,0.07616111761455502,-33.394610306809255,0.9986409307104435,0.47647346511624444
independent,2,7,22,shift_circular_r2,0.9444707527283539,1.0456739664077759,1.4374740898609162,0.07616111761455502,-33.394610306809255,0.9986409307104435,0.47647346511624444
independent,2,7,22,shift_rank8_feature,1.4006766751072703,1.5849357843399048,2.4674811482429506,0.07616111761455502,-33.394610306809255,0.9986409307104435,0.47647346511624444
independent,2,7,22,shift_rank8_prev_flow,0.7798302613180428,0.8333320021629333,1.0577314794063568,0.07616111761455502,-33.394610306809255,0.9986409307104435,0.47647346511624444
independent,2,7,22,shift_rank8_oracle,0.7797959059697606,0.8332906365394592,1.0576511085033415,0.07616111761455502,-33.394610306809255,0.9986409307104435,0.47647346511624444
independent,2,7,22,flow_reuse,0.03502187223406974,0.03844820335507393,0.051624640636146066,0.07616111761455502,-33.394610306809255,0.9986409307104435,0.47647346511624444
independent,2,7,22,flow_toeplitz_r2,0.028790765998117814,0.03128620982170105,0.040324656292796135,0.07616111761455502,-33.394610306809255,0.9986409307104435,0.47647346511624444
independent,2,7,22,flow_rank8_oracle,0.02534012242134676,0.027462705969810486,0.037438512407243246,0.07616111761455502,-33.394610306809255,0.9986409307104435,0.47647346511624444
independent,3,7,22,raw_reuse,0.5571211194803434,0.6435454487800598,0.9406346976757048,0.06267715875697366,-118.44894987765407,0.9985278542190316,0.472707752321069
independent,3,7,22,shift_reuse,0.57078602511606,0.6640446186065674,0.9351087123155594,0.06267715875697366,-118.44894987765407,0.9985278542190316,0.472707752321069
independent,3,7,22,shift_toeplitz_r2,0.6301486432168856,0.7577266097068787,1.0985192596912383,0.06267715875697366,-118.44894987765407,0.9985278542190316,0.472707752321069
independent,3,7,22,shift_circular_r2,0.6260319554828996,0.7520423531532288,1.0912141799926758,0.06267715875697366,-118.44894987765407,0.9985278542190316,0.472707752321069
independent,3,7,22,shift_rank8_feature,1.5200075376839326,1.9053024053573608,3.4245108008384704,0.06267715875697366,-118.44894987765407,0.9985278542190316,0.472707752321069
independent,3,7,22,shift_rank8_prev_flow,0.552631352199621,0.644660472869873,0.9356029838323592,0.06267715875697366,-118.44894987765407,0.9985278542190316,0.472707752321069
independent,3,7,22,shift_rank8_oracle,0.5526089719028763,0.6446344256401062,0.9355286389589309,0.06267715875697366,-118.44894987765407,0.9985278542190316,0.472707752321069
independent,3,7,22,flow_reuse,0.02649721177870522,0.03009025938808918,0.04336320944130421,0.06267715875697366,-118.44894987765407,0.9985278542190316,0.472707752321069
independent,3,7,22,flow_toeplitz_r2,0.02270037695133791,0.025941738858819008,0.03756982870399952,0.06267715875697366,-118.44894987765407,0.9985278542190316,0.472707752321069
independent,3,7,22,flow_rank8_oracle,0.019240921600477544,0.02267397753894329,0.035126342251896855,0.06267715875697366,-118.44894987765407,0.9985278542190316,0.472707752321069
independent,4,7,22,raw_reuse,0.4294611459295624,0.5155159831047058,0.7586166113615036,0.10178076983947304,-62.044683902454274,0.9989701797973601,0.5038682567186616
independent,4,7,22,shift_reuse,0.44285457783189475,0.5328088402748108,0.8302155822515488,0.10178076983947304,-62.044683902454274,0.9989701797973601,0.5038682567186616
independent,4,7,22,shift_toeplitz_r2,0.4864420270891383,0.6012715697288513,0.9569964766502379,0.10178076983947304,-62.044683902454274,0.9989701797973601,0.5038682567186616
independent,4,7,22,shift_circular_r2,0.480900252931281,0.5936012864112854,0.9454799741506575,0.10178076983947304,-62.044683902454274,0.9989701797973601,0.5038682567186616
independent,4,7,22,shift_rank8_feature,1.1324138611324963,1.4836664199829102,2.675819432735443,0.10178076983947304,-62.044683902454274,0.9989701797973601,0.5038682567186616
independent,4,7,22,shift_rank8_prev_flow,0.4197343805014511,0.5060463547706604,0.7829568535089493,0.10178076983947304,-62.044683902454274,0.9989701797973601,0.5038682567186616
independent,4,7,22,shift_rank8_oracle,0.41971289532214223,0.5060212016105652,0.7829367995262146,0.10178076983947304,-62.044683902454274,0.9989701797973601,0.5038682567186616
independent,4,7,22,flow_reuse,0.023210975821379105,0.026375869289040565,0.039122522808611386,0.10178076983947304,-62.044683902454274,0.9989701797973601,0.5038682567186616
independent,4,7,22,flow_toeplitz_r2,0.020821995794595635,0.02358243055641651,0.03484842125326395,0.10178076983947304,-62.044683902454274,0.9989701797973601,0.5038682567186616
independent,4,7,22,flow_rank8_oracle,0.016349026830658843,0.019164210185408592,0.028558280784636732,0.10178076983947304,-62.044683902454274,0.9989701797973601,0.5038682567186616
independent,5,7,22,raw_reuse,0.4231143433759773,0.4909285604953766,0.7000339716672896,0.17174892326198654,-108.30549035972807,0.9981706731447736,0.5910415416718324
independent,5,7,22,shift_reuse,0.43881102899019037,0.5101945996284485,0.7611427456140517,0.17174892326198654,-108.30549035972807,0.9981706731447736,0.5910415416718324
independent,5,7,22,shift_toeplitz_r2,0.490039475643628,0.5820664763450623,0.8326134443283081,0.17174892326198654,-108.30549035972807,0.9981706731447736,0.5910415416718324
independent,5,7,22,shift_circular_r2,0.48455367486649215,0.5751335024833679,0.8288069605827331,0.17174892326198654,-108.30549035972807,0.9981706731447736,0.5910415416718324
independent,5,7,22,shift_rank8_feature,1.8203181003812263,2.290018081665039,4.313833069801331,0.17174892326198654,-108.30549035972807,0.9981706731447736,0.5910415416718324
independent,5,7,22,shift_rank8_prev_flow,0.3994205752917216,0.4650954306125641,0.7155045002698897,0.17174892326198654,-108.30549035972807,0.9981706731447736,0.5910415416718324
independent,5,7,22,shift_rank8_oracle,0.3993544600709089,0.4650282561779022,0.7153823882341384,0.17174892326198654,-108.30549035972807,0.9981706731447736,0.5910415416718324
independent,5,7,22,flow_reuse,0.025801168715781423,0.02896042726933956,0.045843944698572156,0.17174892326198654,-108.30549035972807,0.9981706731447736,0.5910415416718324
independent,5,7,22,flow_toeplitz_r2,0.022079134905836226,0.02474505454301834,0.04077873267233371,0.17174892326198654,-108.30549035972807,0.9981706731447736,0.5910415416718324
independent,5,7,22,flow_rank8_oracle,0.01649981247443804,0.018997855484485626,0.029036754090338946,0.17174892326198654,-108.30549035972807,0.9981706731447736,0.5910415416718324
independent,6,7,22,raw_reuse,0.3892580741510406,0.4112361967563629,0.5617355763912201,0.23151478053871444,-75.12772951745939,0.9981210191292225,0.862354097880129
independent,6,7,22,shift_reuse,0.4092681830616663,0.4389441907405853,0.6058976203203201,0.23151478053871444,-75.12772951745939,0.9981210191292225,0.862354097880129
independent,6,7,22,shift_toeplitz_r2,0.5278457923137939,0.5999883413314819,0.8385377854108811,0.23151478053871444,-75.12772951745939,0.9981210191292225,0.862354097880129
independent,6,7,22,shift_circular_r2,0.5302007172902137,0.6031777262687683,0.8445138543844223,0.23151478053871444,-75.12772951745939,0.9981210191292225,0.862354097880129
independent,6,7,22,shift_rank8_feature,1.5072591630163614,1.7576638460159302,2.7158250331878664,0.23151478053871444,-75.12772951745939,0.9981210191292225,0.862354097880129
independent,6,7,22,shift_rank8_prev_flow,0.3588516522841368,0.3866492211818695,0.5281398564577102,0.23151478053871444,-75.12772951745939,0.9981210191292225,0.862354097880129
independent,6,7,22,shift_rank8_oracle,0.3587779490826581,0.3865763247013092,0.528095719218254,0.23151478053871444,-75.12772951745939,0.9981210191292225,0.862354097880129
independent,6,7,22,flow_reuse,0.04117969712985331,0.047845304012298584,0.06483009718358516,0.23151478053871444,-75.12772951745939,0.9981210191292225,0.862354097880129
independent,6,7,22,flow_toeplitz_r2,0.021414382597516827,0.022495826706290245,0.03136494867503643,0.23151478053871444,-75.12772951745939,0.9981210191292225,0.862354097880129
independent,6,7,22,flow_rank8_oracle,0.01527793969179862,0.016286035999655724,0.023285392578691243,0.23151478053871444,-75.12772951745939,0.9981210191292225,0.862354097880129
independent,7,7,22,raw_reuse,0.2628666103965182,0.25669315457344055,0.36508535146713256,0.1836149057539218,-27.352364430161096,0.9967474672089239,0.9124670420738069
independent,7,7,22,shift_reuse,0.2794417358231116,0.27282342314720154,0.40775557458400724,0.1836149057539218,-27.352364430161096,0.9967474672089239,0.9124670420738069
independent,7,7,22,shift_toeplitz_r2,0.29986519297720826,0.2965982258319855,0.41901871263980867,0.1836149057539218,-27.352364430161096,0.9967474672089239,0.9124670420738069
independent,7,7,22,shift_circular_r2,0.2984470279783204,0.2951314449310303,0.4169316545128822,0.1836149057539218,-27.352364430161096,0.9967474672089239,0.9124670420738069
independent,7,7,22,shift_rank8_feature,0.631674213604797,0.6384509205818176,1.0459394574165344,0.1836149057539218,-27.352364430161096,0.9967474672089239,0.9124670420738069
independent,7,7,22,shift_rank8_prev_flow,0.2525630010649112,0.24478153884410858,0.36542257070541384,0.1836149057539218,-27.352364430161096,0.9967474672089239,0.9124670420738069
independent,7,7,22,shift_rank8_oracle,0.25248685604411764,0.2446911334991455,0.36534324288368225,0.1836149057539218,-27.352364430161096,0.9967474672089239,0.9124670420738069
independent,7,7,22,flow_reuse,0.028133670118144875,0.02850233018398285,0.04265527874231338,0.1836149057539218,-27.352364430161096,0.9967474672089239,0.9124670420738069
independent,7,7,22,flow_toeplitz_r2,0.013081526667162406,0.012179269455373287,0.0227620255202055,0.1836149057539218,-27.352364430161096,0.9967474672089239,0.9124670420738069
independent,7,7,22,flow_rank8_oracle,0.008323618473754811,0.008051509037613869,0.013010909222066401,0.1836149057539218,-27.352364430161096,0.9967474672089239,0.9124670420738069
independent,0,8,11,raw_reuse,0.8580656613133475,0.9209911227226257,1.3841291546821595,0.12310773500697969,-2.0024998039380093,0.9966037310489254,0.3505193388911161
independent,0,8,11,shift_reuse,0.8668933578730257,0.9296684265136719,1.4307071447372435,0.12310773500697969,-2.0024998039380093,0.9966037310489254,0.3505193388911161
independent,0,8,11,shift_toeplitz_r2,0.8589036060901789,0.9204028248786926,1.4144477248191831,0.12310773500697969,-2.0024998039380093,0.9966037310489254,0.3505193388911161
independent,0,8,11,shift_circular_r2,0.8589050207062877,0.9204764366149902,1.4155292570590972,0.12310773500697969,-2.0024998039380093,0.9966037310489254,0.3505193388911161
independent,0,8,11,shift_rank8_feature,0.9506751655162333,1.0202223062515259,1.5559016704559325,0.12310773500697969,-2.0024998039380093,0.9966037310489254,0.3505193388911161
independent,0,8,11,shift_rank8_prev_flow,0.8119513288411669,0.8661375045776367,1.236039978265762,0.12310773500697969,-2.0024998039380093,0.9966037310489254,0.3505193388911161
independent,0,8,11,shift_rank8_oracle,0.8117808368475251,0.8659359812736511,1.2357346296310423,0.12310773500697969,-2.0024998039380093,0.9966037310489254,0.3505193388911161
independent,0,8,11,flow_reuse,0.04774571159126589,0.050492119044065475,0.0704500775784254,0.12310773500697969,-2.0024998039380093,0.9966037310489254,0.3505193388911161
independent,0,8,11,flow_toeplitz_r2,0.039842147601290734,0.041934821754693985,0.05699530970305204,0.12310773500697969,-2.0024998039380093,0.9966037310489254,0.3505193388911161
independent,0,8,11,flow_rank8_oracle,0.0384784422960867,0.04041392356157303,0.05713315848261118,0.12310773500697969,-2.0024998039380093,0.9966037310489254,0.3505193388911161
independent,1,8,11,raw_reuse,0.6462082117206052,0.6533034443855286,0.7997693419456482,0.10062379887820261,-9.473556728324013,0.9964927041571326,0.216856024961821
independent,1,8,11,shift_reuse,0.6613671688226361,0.6675768494606018,0.8127027034759522,0.10062379887820261,-9.473556728324013,0.9964927041571326,0.216856024961821
independent,1,8,11,shift_toeplitz_r2,0.644722032488669,0.652004063129425,0.8141348719596863,0.10062379887820261,-9.473556728324013,0.9964927041571326,0.216856024961821
independent,1,8,11,shift_circular_r2,0.6365480467130198,0.6435831189155579,0.7989654302597046,0.10062379887820261,-9.473556728324013,0.9964927041571326,0.216856024961821
independent,1,8,11,shift_rank8_feature,0.8498778355459944,0.8592798113822937,1.1233585536479949,0.10062379887820261,-9.473556728324013,0.9964927041571326,0.216856024961821
independent,1,8,11,shift_rank8_prev_flow,0.6272983931190375,0.6329779028892517,0.767227977514267,0.10062379887820261,-9.473556728324013,0.9964927041571326,0.216856024961821
independent,1,8,11,shift_rank8_oracle,0.6272105109872159,0.6328887343406677,0.7671688556671142,0.10062379887820261,-9.473556728324013,0.9964927041571326,0.216856024961821
independent,1,8,11,flow_reuse,0.03645285982314344,0.03695939481258392,0.04629042241722345,0.10062379887820261,-9.473556728324013,0.9964927041571326,0.216856024961821
independent,1,8,11,flow_toeplitz_r2,0.03372345784920656,0.03421147167682648,0.043143218755722045,0.10062379887820261,-9.473556728324013,0.9964927041571326,0.216856024961821
independent,1,8,11,flow_rank8_oracle,0.03225911220451829,0.03261488303542137,0.0415313558652997,0.10062379887820261,-9.473556728324013,0.9964927041571326,0.216856024961821
independent,2,8,11,raw_reuse,0.675015556592707,0.7291038632392883,0.9502369880676269,0.06092773183117006,-34.31803019027635,0.9907294934839631,0.25853716382530234
independent,2,8,11,shift_reuse,0.6862531116808211,0.7454468607902527,0.9703631848096848,0.06092773183117006,-34.31803019027635,0.9907294934839631,0.25853716382530234
independent,2,8,11,shift_toeplitz_r2,0.7672706679031336,0.8616988658905029,1.1394598960876465,0.06092773183117006,-34.31803019027635,0.9907294934839631,0.25853716382530234
independent,2,8,11,shift_circular_r2,0.7559490139859011,0.8479931950569153,1.1245380342006683,0.06092773183117006,-34.31803019027635,0.9907294934839631,0.25853716382530234
independent,2,8,11,shift_rank8_feature,1.0500179839138757,1.2033329010009766,1.9550365149974822,0.06092773183117006,-34.31803019027635,0.9907294934839631,0.25853716382530234
independent,2,8,11,shift_rank8_prev_flow,0.665148991147346,0.7212462425231934,0.9325171202421189,0.06092773183117006,-34.31803019027635,0.9907294934839631,0.25853716382530234
independent,2,8,11,shift_rank8_oracle,0.6650186645299072,0.721091091632843,0.9323082715272903,0.06092773183117006,-34.31803019027635,0.9907294934839631,0.25853716382530234
independent,2,8,11,flow_reuse,0.0479408068386592,0.05322831869125366,0.07003762871026993,0.06092773183117006,-34.31803019027635,0.9907294934839631,0.25853716382530234
independent,2,8,11,flow_toeplitz_r2,0.05666362096227731,0.06480807065963745,0.0870037168264389,0.06092773183117006,-34.31803019027635,0.9907294934839631,0.25853716382530234
independent,2,8,11,flow_rank8_oracle,0.04128098324525205,0.04605226591229439,0.061670883744955066,0.06092773183117006,-34.31803019027635,0.9907294934839631,0.25853716382530234
independent,3,8,11,raw_reuse,0.47055340353692615,0.5390675663948059,0.7575343042612076,0.06759647291486426,-112.92075089764506,0.9953409103675697,0.22554947380808443
independent,3,8,11,shift_reuse,0.4786032469361281,0.5532304644584656,0.7661756902933121,0.06759647291486426,-112.92075089764506,0.9953409103675697,0.22554947380808443
independent,3,8,11,shift_toeplitz_r2,0.5402564023355595,0.6543436646461487,1.0335084825754164,0.06759647291486426,-112.92075089764506,0.9953409103675697,0.22554947380808443
independent,3,8,11,shift_circular_r2,0.5303100253365217,0.6397727131843567,0.9914871275424957,0.06759647291486426,-112.92075089764506,0.9953409103675697,0.22554947380808443
independent,3,8,11,shift_rank8_feature,1.2665687423698107,1.6286382675170898,3.203738176822662,0.06759647291486426,-112.92075089764506,0.9953409103675697,0.22554947380808443
independent,3,8,11,shift_rank8_prev_flow,0.4622057928773223,0.5350250601768494,0.7445627897977828,0.06759647291486426,-112.92075089764506,0.9953409103675697,0.22554947380808443
independent,3,8,11,shift_rank8_oracle,0.4621442931600399,0.5349417924880981,0.7445164173841475,0.06759647291486426,-112.92075089764506,0.9953409103675697,0.22554947380808443
independent,3,8,11,flow_reuse,0.03606106220365398,0.04212160408496857,0.0656767725944519,0.06759647291486426,-112.92075089764506,0.9953409103675697,0.22554947380808443
independent,3,8,11,flow_toeplitz_r2,0.052166229945122856,0.06539703160524368,0.10857549756765365,0.06759647291486426,-112.92075089764506,0.9953409103675697,0.22554947380808443
independent,3,8,11,flow_rank8_oracle,0.031734769965597265,0.037534091621637344,0.058002781867980954,0.06759647291486426,-112.92075089764506,0.9953409103675697,0.22554947380808443
independent,4,8,11,raw_reuse,0.36658245387850574,0.432366281747818,0.627504876255989,0.10090003640804046,-49.7828156697048,0.9951412699987956,0.2657141772070264
independent,4,8,11,shift_reuse,0.377093881447382,0.44823527336120605,0.6805333465337753,0.10090003640804046,-49.7828156697048,0.9951412699987956,0.2657141772070264
independent,4,8,11,shift_toeplitz_r2,0.41077523399490473,0.509685218334198,0.8230602681636809,0.10090003640804046,-49.7828156697048,0.9951412699987956,0.2657141772070264
independent,4,8,11,shift_circular_r2,0.4070714004196768,0.5035591125488281,0.8098263889551162,0.10090003640804046,-49.7828156697048,0.9951412699987956,0.2657141772070264
independent,4,8,11,shift_rank8_feature,0.8751228186554136,1.1867996454238892,2.4568978428840635,0.10090003640804046,-49.7828156697048,0.9951412699987956,0.2657141772070264
independent,4,8,11,shift_rank8_prev_flow,0.3576490854158147,0.4247343838214874,0.6441207557916641,0.10090003640804046,-49.7828156697048,0.9951412699987956,0.2657141772070264
independent,4,8,11,shift_rank8_oracle,0.357563743812832,0.4246254861354828,0.6439077645540238,0.10090003640804046,-49.7828156697048,0.9951412699987956,0.2657141772070264
independent,4,8,11,flow_reuse,0.03144268658888716,0.03868900239467621,0.0606378361582756,0.10090003640804046,-49.7828156697048,0.9951412699987956,0.2657141772070264
independent,4,8,11,flow_toeplitz_r2,0.045835300753495664,0.06132058426737785,0.111134584993124,0.10090003640804046,-49.7828156697048,0.9951412699987956,0.2657141772070264
independent,4,8,11,flow_rank8_oracle,0.026943388815782645,0.0339403934776783,0.05623238291591405,0.10090003640804046,-49.7828156697048,0.9951412699987956,0.2657141772070264
independent,5,8,11,raw_reuse,0.38640419067100956,0.4535670578479767,0.6512161642313004,0.1591877895648336,-57.315270802653686,0.9950764245990275,0.38191428032108465
independent,5,8,11,shift_reuse,0.3892584686783846,0.4601175785064697,0.7208152502775192,0.1591877895648336,-57.315270802653686,0.9950764245990275,0.38191428032108465
independent,5,8,11,shift_toeplitz_r2,0.44155066558818834,0.5425769686698914,0.9019281208515167,0.1591877895648336,-57.315270802653686,0.9950764245990275,0.38191428032108465
independent,5,8,11,shift_circular_r2,0.4358881056030353,0.5344980359077454,0.8829145014286042,0.1591877895648336,-57.315270802653686,0.9950764245990275,0.38191428032108465
independent,5,8,11,shift_rank8_feature,1.1530863255727126,1.4977811574935913,2.9803780674934384,0.1591877895648336,-57.315270802653686,0.9950764245990275,0.38191428032108465
independent,5,8,11,shift_rank8_prev_flow,0.3570758721336001,0.4223659932613373,0.6854256391525269,0.1591877895648336,-57.315270802653686,0.9950764245990275,0.38191428032108465
independent,5,8,11,shift_rank8_oracle,0.35693371715711014,0.4221944808959961,0.6852760761976242,0.1591877895648336,-57.315270802653686,0.9950764245990275,0.38191428032108465
independent,5,8,11,flow_reuse,0.03638288946096321,0.04353855177760124,0.06921920031309127,0.1591877895648336,-57.315270802653686,0.9950764245990275,0.38191428032108465
independent,5,8,11,flow_toeplitz_r2,0.05237887518552639,0.0680387020111084,0.11682503707706927,0.1591877895648336,-57.315270802653686,0.9950764245990275,0.38191428032108465
independent,5,8,11,flow_rank8_oracle,0.028603655698723612,0.03518982604146004,0.05811270922422409,0.1591877895648336,-57.315270802653686,0.9950764245990275,0.38191428032108465
independent,6,8,11,raw_reuse,0.44000149333430394,0.5231403708457947,0.8003221243619918,0.22780824139928835,-118.4756086409007,0.9951601429458093,0.6800025570838287
independent,6,8,11,shift_reuse,0.43307628218544847,0.5384950041770935,0.7851030766963958,0.22780824139928835,-118.4756086409007,0.9951601429458093,0.6800025570838287
independent,6,8,11,shift_toeplitz_r2,0.5028647861803708,0.6718985438346863,1.0231056034564971,0.22780824139928835,-118.4756086409007,0.9951601429458093,0.6800025570838287
independent,6,8,11,shift_circular_r2,0.49589658254498015,0.6603842377662659,1.0063381493091583,0.22780824139928835,-118.4756086409007,0.9951601429458093,0.6800025570838287
independent,6,8,11,shift_rank8_feature,2.108026013072745,3.125401496887207,6.483598279953001,0.22780824139928835,-118.4756086409007,0.9951601429458093,0.6800025570838287
independent,6,8,11,shift_rank8_prev_flow,0.3807920550560579,0.4767015874385834,0.7284836947917938,0.22780824139928835,-118.4756086409007,0.9951601429458093,0.6800025570838287
independent,6,8,11,shift_rank8_oracle,0.38056336712424316,0.47642508149147034,0.7282286226749419,0.22780824139928835,-118.4756086409007,0.9951601429458093,0.6800025570838287
independent,6,8,11,flow_reuse,0.05796929191965897,0.08011504262685776,0.12246032468974591,0.22780824139928835,-118.4756086409007,0.9951601429458093,0.6800025570838287
independent,6,8,11,flow_toeplitz_r2,0.048810234669715236,0.06765272468328476,0.10157201997935772,0.22780824139928835,-118.4756086409007,0.9951601429458093,0.6800025570838287
independent,6,8,11,flow_rank8_oracle,0.03279225251320206,0.04021647572517395,0.056024621054530134,0.22780824139928835,-118.4756086409007,0.9951601429458093,0.6800025570838287
independent,7,8,11,raw_reuse,0.38645792637687637,0.3907299041748047,0.6246689081192016,0.19107820542087695,-57.997363557827505,0.9865875854549041,0.9341169321765406
independent,7,8,11,shift_reuse,0.39954777552671744,0.41315922141075134,0.6929975062608719,0.19107820542087695,-57.997363557827505,0.9865875854549041,0.9341169321765406
independent,7,8,11,shift_toeplitz_r2,0.47361523508258496,0.5039259791374207,0.7878541827201844,0.19107820542087695,-57.997363557827505,0.9865875854549041,0.9341169321765406
independent,7,8,11,shift_circular_r2,0.4565054229604137,0.48401594161987305,0.761048224568367,0.19107820542087695,-57.997363557827505,0.9865875854549041,0.9341169321765406
independent,7,8,11,shift_rank8_feature,1.2201742435276464,1.31413733959198,1.8504017412662506,0.19107820542087695,-57.997363557827505,0.9865875854549041,0.9341169321765406
independent,7,8,11,shift_rank8_prev_flow,0.35978341284484583,0.36772847175598145,0.6478922545909881,0.19107820542087695,-57.997363557827505,0.9865875854549041,0.9341169321765406
independent,7,8,11,shift_rank8_oracle,0.35935358795596306,0.3671755790710449,0.6468696802854538,0.19107820542087695,-57.997363557827505,0.9865875854549041,0.9341169321765406
independent,7,8,11,flow_reuse,0.09994857560201477,0.11018570512533188,0.18877323567867274,0.19107820542087695,-57.997363557827505,0.9865875854549041,0.9341169321765406
independent,7,8,11,flow_toeplitz_r2,0.12182476689446545,0.13642658293247223,0.19327166453003883,0.19107820542087695,-57.997363557827505,0.9865875854549041,0.9341169321765406
independent,7,8,11,flow_rank8_oracle,0.025654497715610368,0.025890501216053963,0.0387020593509078,0.19107820542087695,-57.997363557827505,0.9865875854549041,0.9341169321765406
independent,0,9,0,raw_reuse,0.19787878151560037,0.21563535928726196,0.35731943696737284,0.4720902170537441,-0.38184458581181224,0.8198476154820157,0.308953783570976
independent,0,9,0,shift_reuse,0.19161389744543586,0.21958154439926147,0.31786270588636395,0.4720902170537441,-0.38184458581181224,0.8198476154820157,0.308953783570976
independent,0,9,0,shift_toeplitz_r2,0.16567477402696512,0.18917419016361237,0.26695338189601897,0.4720902170537441,-0.38184458581181224,0.8198476154820157,0.308953783570976
independent,0,9,0,shift_circular_r2,0.16508185974150155,0.18848173320293427,0.2666739210486412,0.4720902170537441,-0.38184458581181224,0.8198476154820157,0.308953783570976
independent,0,9,0,shift_rank8_feature,0.16155080826269666,0.18591034412384033,0.2857875645160675,0.4720902170537441,-0.38184458581181224,0.8198476154820157,0.308953783570976
independent,0,9,0,shift_rank8_prev_flow,0.14233145516746046,0.16191881895065308,0.23456462994217872,0.4720902170537441,-0.38184458581181224,0.8198476154820157,0.308953783570976
independent,0,9,0,shift_rank8_oracle,0.13922166684975038,0.15805578231811523,0.22935811951756477,0.4720902170537441,-0.38184458581181224,0.8198476154820157,0.308953783570976
independent,0,9,0,flow_reuse,0.07091154170955805,0.08007963746786118,0.11744472421705722,0.4720902170537441,-0.38184458581181224,0.8198476154820157,0.308953783570976
independent,0,9,0,flow_toeplitz_r2,0.059621381457964494,0.06613674759864807,0.09096680656075477,0.4720902170537441,-0.38184458581181224,0.8198476154820157,0.308953783570976
independent,0,9,0,flow_rank8_oracle,0.05894818995916713,0.06521159410476685,0.10382397361099718,0.4720902170537441,-0.38184458581181224,0.8198476154820157,0.308953783570976
independent,1,9,0,raw_reuse,0.20717532092450816,0.2023429125547409,0.36315977275371547,0.399692813384561,0.07807619094353757,0.9325876609669443,0.28505147782899665
independent,1,9,0,shift_reuse,0.2202242543778434,0.22326715290546417,0.2996381029486656,0.399692813384561,0.07807619094353757,0.9325876609669443,0.28505147782899665
independent,1,9,0,shift_toeplitz_r2,0.18999187366692896,0.19161610305309296,0.2674713760614395,0.399692813384561,0.07807619094353757,0.9325876609669443,0.28505147782899665
independent,1,9,0,shift_circular_r2,0.18867773642927035,0.1903425008058548,0.2653590515255928,0.399692813384561,0.07807619094353757,0.9325876609669443,0.28505147782899665
independent,1,9,0,shift_rank8_feature,0.1901035039534507,0.18930573761463165,0.29354437440633774,0.399692813384561,0.07807619094353757,0.9325876609669443,0.28505147782899665
independent,1,9,0,shift_rank8_prev_flow,0.17212733717667203,0.1713976413011551,0.2556196078658104,0.399692813384561,0.07807619094353757,0.9325876609669443,0.28505147782899665
independent,1,9,0,shift_rank8_oracle,0.17062863619011032,0.16990892589092255,0.25392003953456876,0.399692813384561,0.07807619094353757,0.9325876609669443,0.28505147782899665
independent,1,9,0,flow_reuse,0.08563112478538426,0.0862211361527443,0.12202340513467788,0.399692813384561,0.07807619094353757,0.9325876609669443,0.28505147782899665
independent,1,9,0,flow_toeplitz_r2,0.06583825676084033,0.06619691103696823,0.09471701085567474,0.399692813384561,0.07807619094353757,0.9325876609669443,0.28505147782899665
independent,1,9,0,flow_rank8_oracle,0.07240508740111128,0.0726899728178978,0.10476979054510592,0.399692813384561,0.07807619094353757,0.9325876609669443,0.28505147782899665
independent,2,9,0,raw_reuse,0.25068027797094844,0.2708667516708374,0.4610575422644615,0.2926069632565924,-0.5281510466437498,0.9589961749000075,0.4663844842053133
independent,2,9,0,shift_reuse,0.25321791690933987,0.2794562578201294,0.3822236269712448,0.2926069632565924,-0.5281510466437498,0.9589961749000075,0.4663844842053133
independent,2,9,0,shift_toeplitz_r2,0.23887862117538253,0.2644369602203369,0.3633181571960449,0.2926069632565924,-0.5281510466437498,0.9589961749000075,0.4663844842053133
independent,2,9,0,shift_circular_r2,0.23741634557605387,0.262640118598938,0.36025515496730803,0.2926069632565924,-0.5281510466437498,0.9589961749000075,0.4663844842053133
independent,2,9,0,shift_rank8_feature,0.24412509012627878,0.27239513397216797,0.4419724434614181,0.2926069632565924,-0.5281510466437498,0.9589961749000075,0.4663844842053133
independent,2,9,0,shift_rank8_prev_flow,0.21386828930100846,0.2372908592224121,0.3536507979035377,0.2926069632565924,-0.5281510466437498,0.9589961749000075,0.4663844842053133
independent,2,9,0,shift_rank8_oracle,0.21297313410612784,0.23624317348003387,0.3528099194169044,0.2926069632565924,-0.5281510466437498,0.9589961749000075,0.4663844842053133
independent,2,9,0,flow_reuse,0.1334383229742137,0.1492488831281662,0.20772466883063315,0.2926069632565924,-0.5281510466437498,0.9589961749000075,0.4663844842053133
independent,2,9,0,flow_toeplitz_r2,0.10852496902214324,0.11901479959487915,0.15596127435564994,0.2926069632565924,-0.5281510466437498,0.9589961749000075,0.4663844842053133
independent,2,9,0,flow_rank8_oracle,0.09747534919603157,0.10673350095748901,0.14792773649096488,0.2926069632565924,-0.5281510466437498,0.9589961749000075,0.4663844842053133
independent,3,9,0,raw_reuse,0.24239091550551625,0.27600815892219543,0.45767499059438704,0.18916849931573565,-4.173335519122237,0.9634193734504286,0.5410201094941607
independent,3,9,0,shift_reuse,0.233556239587467,0.26938140392303467,0.41266913861036303,0.18916849931573565,-4.173335519122237,0.9634193734504286,0.5410201094941607
independent,3,9,0,shift_toeplitz_r2,0.2289335276731886,0.26467642188072205,0.4106716364622116,0.18916849931573565,-4.173335519122237,0.9634193734504286,0.5410201094941607
independent,3,9,0,shift_circular_r2,0.22778314071947922,0.2632416784763336,0.40648939907550813,0.18916849931573565,-4.173335519122237,0.9634193734504286,0.5410201094941607
independent,3,9,0,shift_rank8_feature,0.27345475362111393,0.31592288613319397,0.5556186884641647,0.18916849931573565,-4.173335519122237,0.9634193734504286,0.5410201094941607
independent,3,9,0,shift_rank8_prev_flow,0.2108213992469676,0.24475394189357758,0.38620312213897706,0.18916849931573565,-4.173335519122237,0.9634193734504286,0.5410201094941607
independent,3,9,0,shift_rank8_oracle,0.21030846520827387,0.24419911205768585,0.3860270753502846,0.18916849931573565,-4.173335519122237,0.9634193734504286,0.5410201094941607
independent,3,9,0,flow_reuse,0.1374485486359215,0.1588207185268402,0.22400236800312992,0.18916849931573565,-4.173335519122237,0.9634193734504286,0.5410201094941607
independent,3,9,0,flow_toeplitz_r2,0.11296444667592058,0.129422128200531,0.17751085683703421,0.18916849931573565,-4.173335519122237,0.9634193734504286,0.5410201094941607
independent,3,9,0,flow_rank8_oracle,0.09311871780693841,0.10537657886743546,0.15000294223427774,0.18916849931573565,-4.173335519122237,0.9634193734504286,0.5410201094941607
independent,4,9,0,raw_reuse,0.2547735525240293,0.29038989543914795,0.5096970736980437,0.18080550984850374,-3.2903831455404324,0.9594751011139191,0.6010260481722133
independent,4,9,0,shift_reuse,0.23972952982592835,0.2767961323261261,0.456346309185028,0.18080550984850374,-3.2903831455404324,0.9594751011139191,0.6010260481722133
independent,4,9,0,shift_toeplitz_r2,0.23174927703848278,0.26785075664520264,0.4478025063872337,0.18080550984850374,-3.2903831455404324,0.9594751011139191,0.6010260481722133
independent,4,9,0,shift_circular_r2,0.23154439694062004,0.26758649945259094,0.4478354185819625,0.18080550984850374,-3.2903831455404324,0.9594751011139191,0.6010260481722133
independent,4,9,0,shift_rank8_feature,0.28321041039982,0.3345315456390381,0.5999558091163635,0.18080550984850374,-3.2903831455404324,0.9594751011139191,0.6010260481722133
independent,4,9,0,shift_rank8_prev_flow,0.2176975774485198,0.2532716691493988,0.44090753793716425,0.18080550984850374,-3.2903831455404324,0.9594751011139191,0.6010260481722133
independent,4,9,0,shift_rank8_oracle,0.21697767183635808,0.25246796011924744,0.44033378958702085,0.18080550984850374,-3.2903831455404324,0.9594751011139191,0.6010260481722133
independent,4,9,0,flow_reuse,0.13190416139539193,0.15167531371116638,0.23836476057767864,0.18080550984850374,-3.2903831455404324,0.9594751011139191,0.6010260481722133
independent,4,9,0,flow_toeplitz_r2,0.10757324674913274,0.1228080615401268,0.1844387777149677,0.18080550984850374,-3.2903831455404324,0.9594751011139191,0.6010260481722133
independent,4,9,0,flow_rank8_oracle,0.0833164521870581,0.09432821720838547,0.1448440670967102,0.18080550984850374,-3.2903831455404324,0.9594751011139191,0.6010260481722133
independent,5,9,0,raw_reuse,0.2905165732164994,0.32003092765808105,0.5201427817344665,0.25766971947934203,-3.9218705335462225,0.9625249392141754,0.6619528011935489
independent,5,9,0,shift_reuse,0.270805615604806,0.30776089429855347,0.44521107226610185,0.25766971947934203,-3.9218705335462225,0.9625249392141754,0.6619528011935489
independent,5,9,0,shift_toeplitz_r2,0.26828527378652495,0.307387113571167,0.46410564482212063,0.25766971947934203,-3.9218705335462225,0.9625249392141754,0.6619528011935489
independent,5,9,0,shift_circular_r2,0.2670504022397967,0.3056392967700958,0.4612816587090492,0.25766971947934203,-3.9218705335462225,0.9625249392141754,0.6619528011935489
independent,5,9,0,shift_rank8_feature,0.3430060560143554,0.4078005850315094,0.7685392856597899,0.25766971947934203,-3.9218705335462225,0.9625249392141754,0.6619528011935489
independent,5,9,0,shift_rank8_prev_flow,0.23435147793147632,0.2735483646392822,0.43393621891736983,0.25766971947934203,-3.9218705335462225,0.9625249392141754,0.6619528011935489
independent,5,9,0,shift_rank8_oracle,0.233322302787,0.27247968316078186,0.43325784206390383,0.25766971947934203,-3.9218705335462225,0.9625249392141754,0.6619528011935489
independent,5,9,0,flow_reuse,0.15422226841488895,0.1778380125761032,0.24552277028560637,0.25766971947934203,-3.9218705335462225,0.9625249392141754,0.6619528011935489
independent,5,9,0,flow_toeplitz_r2,0.11872587668401219,0.13621646165847778,0.19884130805730818,0.25766971947934203,-3.9218705335462225,0.9625249392141754,0.6619528011935489
independent,5,9,0,flow_rank8_oracle,0.0896676528371507,0.102035753428936,0.16354257389903068,0.25766971947934203,-3.9218705335462225,0.9625249392141754,0.6619528011935489
independent,6,9,0,raw_reuse,0.35990675464926053,0.3710620403289795,0.6233964323997497,0.27259240501270365,-12.752143099697012,0.9484290347085869,0.5121835267600938
independent,6,9,0,shift_reuse,0.2765215940909675,0.33663639426231384,0.5484757155179977,0.27259240501270365,-12.752143099697012,0.9484290347085869,0.5121835267600938
independent,6,9,0,shift_toeplitz_r2,0.27827963928542326,0.34356245398521423,0.5312840461730957,0.27259240501270365,-12.752143099697012,0.9484290347085869,0.5121835267600938
independent,6,9,0,shift_circular_r2,0.2774289464388535,0.34211158752441406,0.5300177216529846,0.27259240501270365,-12.752143099697012,0.9484290347085869,0.5121835267600938
independent,6,9,0,shift_rank8_feature,0.5183333775938295,0.6902253031730652,1.4644427061080931,0.27259240501270365,-12.752143099697012,0.9484290347085869,0.5121835267600938
independent,6,9,0,shift_rank8_prev_flow,0.23752805236465543,0.29148709774017334,0.46782328933477396,0.27259240501270365,-12.752143099697012,0.9484290347085869,0.5121835267600938
independent,6,9,0,shift_rank8_oracle,0.23584027222753035,0.289590984582901,0.46549696624279013,0.27259240501270365,-12.752143099697012,0.9484290347085869,0.5121835267600938
independent,6,9,0,flow_reuse,0.14444715969466734,0.17231351137161255,0.24568497985601423,0.27259240501270365,-12.752143099697012,0.9484290347085869,0.5121835267600938
independent,6,9,0,flow_toeplitz_r2,0.12197320032871548,0.1393289417028427,0.2085034504532814,0.27259240501270365,-12.752143099697012,0.9484290347085869,0.5121835267600938
independent,6,9,0,flow_rank8_oracle,0.10088747150199834,0.11353997141122818,0.16333599537611007,0.27259240501270365,-12.752143099697012,0.9484290347085869,0.5121835267600938
independent,7,9,0,raw_reuse,0.20517355276015325,0.1879027634859085,0.3791272863745689,0.4244443159036938,-2.5155832126337505,0.911950479828808,0.9423599105487983
independent,7,9,0,shift_reuse,0.18357385770345022,0.18902356922626495,0.278692027926445,0.4244443159036938,-2.5155832126337505,0.911950479828808,0.9423599105487983
independent,7,9,0,shift_toeplitz_r2,0.1780510688286946,0.1843401938676834,0.2816667497158051,0.4244443159036938,-2.5155832126337505,0.911950479828808,0.9423599105487983
independent,7,9,0,shift_circular_r2,0.1764151695768524,0.18223141133785248,0.2763237372040748,0.4244443159036938,-2.5155832126337505,0.911950479828808,0.9423599105487983
independent,7,9,0,shift_rank8_feature,0.20387279259719726,0.22067402303218842,0.39666421115398404,0.4244443159036938,-2.5155832126337505,0.911950479828808,0.9423599105487983
independent,7,9,0,shift_rank8_prev_flow,0.14124826047421976,0.14226152002811432,0.2433878645300865,0.4244443159036938,-2.5155832126337505,0.911950479828808,0.9423599105487983
independent,7,9,0,shift_rank8_oracle,0.13926901632296093,0.13990557193756104,0.24187284111976623,0.4244443159036938,-2.5155832126337505,0.911950479828808,0.9423599105487983
independent,7,9,0,flow_reuse,0.2581424441745051,0.28128185868263245,0.3726633533835411,0.4244443159036938,-2.5155832126337505,0.911950479828808,0.9423599105487983
independent,7,9,0,flow_toeplitz_r2,0.12153599463544121,0.12763075530529022,0.18700159192085267,0.4244443159036938,-2.5155832126337505,0.911950479828808,0.9423599105487983
independent,7,9,0,flow_rank8_oracle,0.06197574282867826,0.05926724150776863,0.1375081032514572,0.4244443159036938,-2.5155832126337505,0.911950479828808,0.9423599105487983
