{
  "eval_loss": 0.672144889831543,
  "eval_accuracy": 0.609375,
  "eval_runtime": 0.2306,
  "eval_samples_per_second": 1109.96,
  "eval_steps_per_second": 69.372,
  "epoch": 1.0
}