selection_policy,memory_variant,samples,parsed_rate,correct,accuracy,accuracy_ci95_low,accuracy_ci95_high,mean_total_state_bytes,cold_start_total_state_bytes,mean_feature_state_bytes,codec_parameter_bytes,codec_rank,residual_tokens_per_frame,residual_value_vectors_per_frame,residual_value_vector_budget,sparse_residual_tokens_per_frame,mean_grid_mode_frames,mean_sparse_mode_frames,mean_residual_value_bytes,mean_residual_index_bytes,mean_feature_state_compression_ratio,mean_total_state_compression_ratio,mean_pool_reconstruction_error,mean_selected_reconstruction_error,mean_compression_seconds,mean_reconstruction_seconds,mean_inference_seconds,mean_policy_seconds
exact_recent,full,200,1.0,95,0.475,0.4069150074009861,0.54402729289493,8413328.0,8413328.0,8388608.0,2105344,256,0,0,0,0,0.0,0.0,0.0,0.0,1.0,1.0,0.0,0.0,0.0,1.4259699964895844e-05,0.08966814687126316,5.216433427861193
exact_recent,pca_r256_grid2x2,200,1.0,91,0.455,0.38748099090226035,0.5242151496303886,1073296.0,3178640.0,1048576.0,2105344,256,4,0,0,0,0.0,0.0,524288.0,0.0,8.0,7.838777000939161,0.051600785115733745,0.05176720623858273,0.000710861487314105,0.0007972073182463646,0.08819798604701645,5.216457076142542
exact_recent,pca_r256_s4,200,1.0,93,0.465,0.39718443070423204,0.5341347897100506,1073424.0,3178768.0,1048704.0,2105344,256,4,0,0,0,0.0,0.0,524288.0,128.0,7.9990235566947385,7.837842269224466,0.05349108854308724,0.05367367080412805,0.001317600670736283,0.0007145317050162703,0.08957479753298685,5.218357951198705
learned_recent_query_topk,full,200,1.0,102,0.51,0.441184632709161,0.5784384471724727,8413328.0,8413328.0,8388608.0,2105344,256,0,0,0,0,0.0,0.0,0.0,0.0,1.0,1.0,0.0,0.0,0.0,1.736064441502094e-05,0.08900571487029083,5.215774096804671
learned_recent_query_topk,pca_r256_grid2x2,200,1.0,101,0.505,0.4362687594824017,0.5735427804584151,1073296.0,3178640.0,1048576.0,2105344,256,4,0,0,0,0.0,0.0,524288.0,0.0,8.0,7.838777000939161,0.051600785115733745,0.051539255427196624,0.000710861487314105,0.0007828431739471853,0.088474154464202,5.216718880415429
learned_recent_query_topk,pca_r256_s4,200,1.0,101,0.505,0.4362687594824017,0.5735427804584151,1073424.0,3178768.0,1048704.0,2105344,256,4,0,0,0,0.0,0.0,524288.0,128.0,7.9990235566947385,7.837842269224466,0.05349108854308724,0.053447048868983986,0.001317600670736283,0.0007351047068368643,0.08923762854887173,5.21804135521641
