{
  "coefficients": [
    0.0026205539687702084,
    0.008819869282132391,
    0.0008215950145056119,
    0.0010541082767783136
  ],
  "evaluation_answer_labels_used": false,
  "feature_mean": [
    0.2135245839270527,
    0.013402710068821004,
    0.7580645161290271,
    0.03556067743696183
  ],
  "feature_names": [
    "question_relevance",
    "option_contrast",
    "recency",
    "novelty"
  ],
  "feature_scale": [
    0.035837367074358605,
    0.012714201315388272,
    0.14870232995633711,
    0.050659360126824385
  ],
  "format_version": 1,
  "parameter_bytes_fp32": 48,
  "pool_capacity": 16,
  "ridge": 1.0,
  "source": {
    "calibration_records": 100,
    "mode": "fit_on_calibration"
  },
  "target": "correct_option_similarity_minus_best_incorrect_similarity",
  "training_frames": 1600,
  "training_records": 100
}