{
  "generator_entropy": 6.91211264704638,
  "delta_entropy": 3.6473039548299546,
  "generator_summary": {
    "mean": -5.013277041143738e-05,
    "median": 9.66167644946836e-05,
    "std": 0.031219156458973885,
    "max_abs": 0.14314718544483185
  },
  "delta_summary": {
    "mean": 1.5233988960972056e-05,
    "median": 5.687604425475001e-05,
    "std": 0.00185453612357378,
    "max_abs": 0.04525980353355408
  },
  "threshold_sparsity": {
    "0.001": 0.6836954951286316,
    "0.01": 0.9952494502067566,
    "0.05": 1.0
  },
  "quantization_mse": {
    "int8": 1.0495216251626971e-08,
    "int4": 1.0188173291680869e-06,
    "int2": 2.80930066764995e-06
  },
  "estimated_compressed_bits": {
    "fp16_base_int4_delta": 1966080,
    "entropy_delta": 1931408.567975604
  }
}