{
  "eval_loss": 10.659050941467285,
  "eval_accuracy": 0.28125,
  "eval_runtime": 0.4764,
  "eval_samples_per_second": 134.348,
  "eval_steps_per_second": 8.397,
  "epoch": 0.25
}