method,block,target_step,branch,horizon,relative_l2,error_sq,target_sq,sample_count,row_count,mean_runtime_macs,mean_observable_macs
ar2,20,4,0,1,0.3945906383323665,325320.8194127064,2089384.1831560656,4,4,35942400,0
ar2,20,4,0,2,0.5674876277965352,672869.8950815094,2089384.1831560656,4,4,71884800,0
ar2,20,4,0,3,0.7529994761169073,1184697.9878505813,2089384.1831560656,4,4,107827200,0
ar2,20,4,1,1,0.4226602990812912,349180.9339752421,1954643.727781761,4,4,35942400,0
ar2,20,4,1,2,0.5734089090587606,642682.5124980984,1954643.727781761,4,4,71884800,0
ar2,20,4,1,3,0.7417545129826116,1075444.5050831996,1954643.727781761,4,4,107827200,0
ar2,20,6,0,1,0.27529245055593626,174992.0586301688,2309030.8574949875,4,4,35942400,0
ar2,20,6,0,2,0.4315249988888252,429973.46724595653,2309030.8574949875,4,4,71884800,0
ar2,20,6,0,3,0.5708846074972208,752534.4805359717,2309030.8574949875,4,4,107827200,0
ar2,20,6,1,1,0.32125997682291974,232413.17511430045,2251891.6806094116,4,4,35942400,0
ar2,20,6,1,2,0.47898017817179295,516633.5181030707,2251891.6806094116,4,4,71884800,0
ar2,20,6,1,3,0.593593195310542,793460.5225313432,2251891.6806094116,4,4,107827200,0
ar2,21,4,0,1,0.613370667630904,5962592.175042915,15848534.10799962,4,4,35942400,0
ar2,21,4,0,2,0.7940397515518309,9992486.920028638,15848534.10799962,4,4,71884800,0
ar2,21,4,0,3,0.9133660541299399,13221442.246915547,15848534.10799962,4,4,107827200,0
ar2,21,4,1,1,0.6446466131548702,6543175.977264723,15745091.54641192,4,4,35942400,0
ar2,21,4,1,2,0.8257673902315164,10736448.544456052,15745091.54641192,4,4,71884800,0
ar2,21,4,1,3,0.9117960573088905,13090029.038331129,15745091.54641192,4,4,107827200,0
ar2,21,6,0,1,0.46990924586235744,3324415.1173830302,15055225.613218475,4,4,35942400,0
ar2,21,6,0,2,0.6990283143021997,7356594.238848291,15055225.613218475,4,4,71884800,0
ar2,21,6,0,3,0.8290837855260107,10348659.829117157,15055225.613218475,4,4,107827200,0
ar2,21,6,1,1,0.4938466510337332,3637615.0063917534,14915317.646595946,4,4,35942400,0
ar2,21,6,1,2,0.7530427210215717,8458078.990296487,14915317.646595946,4,4,71884800,0
ar2,21,6,1,3,0.8643773674732815,11143953.23025461,14915317.646595946,4,4,107827200,0
ar2,22,4,0,1,0.6360494468640178,448639.9431686081,1108960.75809291,4,4,35942400,0
ar2,22,4,0,2,0.8483360587691527,798090.3007033139,1108960.75809291,4,4,71884800,0
ar2,22,4,0,3,0.9571781343109798,1016018.7356684769,1108960.75809291,4,4,107827200,0
ar2,22,4,1,1,0.6628513642973299,475677.4365965558,1082630.4615104347,4,4,35942400,0
ar2,22,4,1,2,0.8634498816287627,807150.4831945844,1082630.4615104347,4,4,71884800,0
ar2,22,4,1,3,0.969805431789626,1018238.390005579,1082630.4615104347,4,4,107827200,0
ar2,22,6,0,1,0.4720978518707697,263853.4913850774,1183855.773877834,4,4,35942400,0
ar2,22,6,0,2,0.713530089003355,602730.7933376029,1183855.773877834,4,4,71884800,0
ar2,22,6,0,3,0.8816209423558042,920158.3948797199,1183855.773877834,4,4,107827200,0
ar2,22,6,1,1,0.5304892694484283,336778.08778471017,1196714.6828795476,4,4,35942400,0
ar2,22,6,1,2,0.7454044445744153,664927.929711635,1196714.6828795476,4,4,71884800,0
ar2,22,6,1,3,0.8735778078281194,913258.672646919,1196714.6828795476,4,4,107827200,0
ar2,23,4,0,1,0.5993114014188363,446634.08790994086,1243502.8540050033,4,4,35942400,0
ar2,23,4,0,2,0.7704656570516304,738164.8424203028,1243502.8540050033,4,4,71884800,0
ar2,23,4,0,3,0.8745480628109787,951073.6525069221,1243502.8540050033,4,4,107827200,0
ar2,23,4,1,1,0.6627728909908664,483194.9538549717,1100000.588067871,4,4,35942400,0
ar2,23,4,1,2,0.8323084432148795,762011.4864880295,1100000.588067871,4,4,71884800,0
ar2,23,4,1,3,0.9569970116666978,1007428.1469508968,1100000.588067871,4,4,107827200,0
ar2,23,6,0,1,0.4893933561564324,247853.45062315825,1034853.4005636317,4,4,35942400,0
ar2,23,6,0,2,0.6982672413303923,504570.86169223045,1034853.4005636317,4,4,71884800,0
ar2,23,6,0,3,0.8574862006619608,760909.6827646499,1034853.4005636317,4,4,107827200,0
ar2,23,6,1,1,0.5792501608202599,346415.4350672603,1032440.2049456197,4,4,35942400,0
ar2,23,6,1,2,0.7720716630542044,615432.0855980662,1032440.2049456197,4,4,71884800,0
ar2,23,6,1,3,0.8806691494342256,800738.0649273703,1032440.2049456197,4,4,107827200,0
ar2,24,4,0,1,0.507950515759105,1184446.4283576605,4590633.39229573,4,4,35942400,0
ar2,24,4,0,2,0.6480709674424621,1928047.5651011383,4590633.39229573,4,4,71884800,0
ar2,24,4,0,3,0.7364250056672382,2489600.513824384,4590633.39229573,4,4,107827200,0
ar2,24,4,1,1,0.576821908589108,1330149.8590372377,3997763.314450399,4,4,35942400,0
ar2,24,4,1,2,0.7336790745850099,2151935.9636893035,3997763.314450399,4,4,71884800,0
ar2,24,4,1,3,0.8061140675885141,2597826.1170986723,3997763.314450399,4,4,107827200,0
ar2,24,6,0,1,0.41665636111060167,641729.3379574865,3696543.8400848024,4,4,35942400,0
ar2,24,6,0,2,0.5983096887077318,1323268.3722648215,3696543.8400848024,4,4,71884800,0
ar2,24,6,0,3,0.7045138462346839,1834741.680703407,3696543.8400848024,4,4,107827200,0
ar2,24,6,1,1,0.4707020859714561,778558.7060990185,3513978.6589356894,4,4,35942400,0
ar2,24,6,1,2,0.68649828433882,1656067.4913075692,3513978.6589356894,4,4,71884800,0
ar2,24,6,1,3,0.7902831657076193,2194646.523243031,3513978.6589356894,4,4,107827200,0
ar2,25,4,0,1,0.498623634009648,1087692.2024151767,4374821.079096621,4,4,35942400,0
ar2,25,4,0,2,0.7035097891635981,2165212.7999781985,4374821.079096621,4,4,71884800,0
ar2,25,4,0,3,0.8785735382194327,3376887.03899223,4374821.079096621,4,4,107827200,0
ar2,25,4,1,1,0.5320242190724346,1274956.924470374,4504355.986275547,4,4,35942400,0
ar2,25,4,1,2,0.7216642717021344,2345865.5394259887,4504355.986275547,4,4,71884800,0
ar2,25,4,1,3,0.8574515841245035,3311707.108281232,4504355.986275547,4,4,107827200,0
ar2,25,6,0,1,0.3696075299069812,642211.0446497507,4701063.845769359,4,4,35942400,0
ar2,25,6,0,2,0.578369761383876,1572560.2988813599,4701063.845769359,4,4,71884800,0
ar2,25,6,0,3,0.7216642979675504,2448311.0373114026,4701063.845769359,4,4,107827200,0
ar2,25,6,1,1,0.3888032447275926,705247.1676413363,4665321.6272079125,4,4,35942400,0
ar2,25,6,1,2,0.605720038711828,1711691.414092992,4665321.6272079125,4,4,71884800,0
ar2,25,6,1,3,0.7347210651773317,2518410.7976707015,4665321.6272079125,4,4,107827200,0
ar2,26,4,0,1,0.24883101021781326,148714.48060461893,2401840.9950494375,4,4,35942400,0
ar2,26,4,0,2,0.38461808978850737,355306.920358864,2401840.9950494375,4,4,71884800,0
ar2,26,4,0,3,0.4986979174931016,597336.9257448632,2401840.9950494375,4,4,107827200,0
ar2,26,4,1,1,0.30825448414692275,224499.0761029356,2362630.2064363915,4,4,35942400,0
ar2,26,4,1,2,0.4194288467107002,415635.2229717472,2362630.2064363915,4,4,71884800,0
ar2,26,4,1,3,0.5332195296317149,671750.2659626359,2362630.2064363915,4,4,107827200,0
ar2,26,6,0,1,0.18339937223978864,80700.52656848652,2399278.5918027544,4,4,35942400,0
ar2,26,6,0,2,0.2909890618778462,203158.03694295557,2399278.5918027544,4,4,71884800,0
ar2,26,6,0,3,0.40318116712895946,390014.8599178095,2399278.5918027544,4,4,107827200,0
ar2,26,6,1,1,0.24825979306173263,144820.14243038354,2349720.425898402,4,4,35942400,0
ar2,26,6,1,2,0.34645904150321066,282046.0301217594,2349720.425898402,4,4,71884800,0
ar2,26,6,1,3,0.45173805717789084,479501.03798739053,2349720.425898402,4,4,107827200,0
ar2,27,4,0,1,0.1805654804026844,206778.90846566454,6342153.996319756,4,4,35942400,0
ar2,27,4,0,2,0.2925108047105756,542651.0007939648,6342153.996319756,4,4,71884800,0
ar2,27,4,0,3,0.38608874619383804,945390.1408312911,6342153.996319756,4,4,107827200,0
ar2,27,4,1,1,0.23176628978342761,334057.5528434707,6219002.887411921,4,4,35942400,0
ar2,27,4,1,2,0.32394810362318843,652636.9259294135,6219002.887411921,4,4,71884800,0
ar2,27,4,1,3,0.416268157505109,1077623.7142351973,6219002.887411921,4,4,107827200,0
ar2,27,6,0,1,0.12726954677648036,98238.15772318008,6065005.714643393,4,4,35942400,0
ar2,27,6,0,2,0.21104126848955193,270125.7536606145,6065005.714643393,4,4,71884800,0
ar2,27,6,0,3,0.30875036005225653,578157.4947670753,6065005.714643393,4,4,107827200,0
ar2,27,6,1,1,0.18112043900245284,196695.70569076837,5995976.94220104,4,4,35942400,0
ar2,27,6,1,2,0.2538761802787207,386459.3908708634,5995976.94220104,4,4,71884800,0
ar2,27,6,1,3,0.34543451157930016,715469.9593611157,5995976.94220104,4,4,107827200,0
ar2,28,4,0,1,0.18845760191090447,258982.2205510773,7291932.322600366,4,4,35942400,0
ar2,28,4,0,2,0.3421940962151807,853861.937034257,7291932.322600366,4,4,71884800,0
ar2,28,4,0,3,0.6097164821364756,2710806.3838333194,7291932.322600366,4,4,107827200,0
ar2,28,4,1,1,0.22054146685933024,374996.14544596215,7709856.344481888,4,4,35942400,0
ar2,28,4,1,2,0.33961400790024937,889236.9004381963,7709856.344481888,4,4,71884800,0
ar2,28,4,1,3,0.5089474646227368,1997064.9819281388,7709856.344481888,4,4,107827200,0
ar2,28,6,0,1,0.12232379939195868,104186.85487359492,6962913.569450749,4,4,35942400,0
ar2,28,6,0,2,0.2120399565149838,313059.1612162431,6962913.569450749,4,4,71884800,0
ar2,28,6,0,3,0.32628300331968274,741275.9442037572,6962913.569450749,4,4,107827200,0
ar2,28,6,1,1,0.17504528277743941,217129.57621199792,7086277.598869856,4,4,35942400,0
ar2,28,6,1,2,0.25031208631550883,443998.8052509506,7086277.598869856,4,4,71884800,0
ar2,28,6,1,3,0.34486129825539164,842766.1409771636,7086277.598869856,4,4,107827200,0
ar2,29,4,0,1,0.08086039729637451,294234.5824616967,45000980.23464198,4,4,35942400,0
ar2,29,4,0,2,0.15615390051366557,1097305.7311347814,45000980.23464198,4,4,71884800,0
ar2,29,4,0,3,0.3105066968907977,4338742.9053750215,45000980.23464198,4,4,107827200,0
ar2,29,4,1,1,0.08168521254104683,294811.9953873227,44183311.57084072,4,4,35942400,0
ar2,29,4,1,2,0.1493673580560317,985756.5292513226,44183311.57084072,4,4,71884800,0
ar2,29,4,1,3,0.2597398833630083,2980818.588164246,44183311.57084072,4,4,107827200,0
ar2,29,6,0,1,0.0429607561505386,77210.92337244144,41834531.78894504,4,4,35942400,0
ar2,29,6,0,2,0.07640532065070957,244220.50113820256,41834531.78894504,4,4,71884800,0
ar2,29,6,0,3,0.13464740745086043,758456.8958500144,41834531.78894504,4,4,107827200,0
ar2,29,6,1,1,0.06250158733406098,162192.64509147743,41519208.1613317,4,4,35942400,0
ar2,29,6,1,2,0.08924737852240335,330704.41960611014,41519208.1613317,4,4,71884800,0
ar2,29,6,1,3,0.12650780743382153,664482.7634234366,41519208.1613317,4,4,107827200,0
broyden2,20,4,0,1,0.3624015269750068,274408.99329233385,2089384.1831560656,4,4,131788800,0
broyden2,20,4,0,2,0.5514601469811822,635399.058841134,2089384.1831560656,4,4,263577600,0
broyden2,20,4,0,3,1.023344875741785,2188075.6907483796,2089384.1831560656,4,4,251596800,0
broyden2,20,4,1,1,0.389517522873687,296566.1707125164,1954643.727781761,4,4,131788800,0
broyden2,20,4,1,2,0.5513127524677189,594105.6558436105,1954643.727781761,4,4,263577600,0
broyden2,20,4,1,3,0.9618926359116696,1808509.564710027,1954643.727781761,4,4,251596800,0
broyden2,20,6,0,1,0.24824386884663188,142294.0691253472,2309030.8574949875,4,4,131788800,0
broyden2,20,6,0,2,0.4000791593214804,369591.17672080826,2309030.8574949875,4,4,263577600,0
broyden2,20,6,0,3,0.5355372629109073,662230.4192962379,2309030.8574949875,4,4,395366400,0
broyden2,20,6,1,1,0.29117087444054585,190916.45336208318,2251891.6806094116,4,4,131788800,0
broyden2,20,6,1,2,0.44320029444651227,442331.2034474307,2251891.6806094116,4,4,263577600,0
broyden2,20,6,1,3,0.5527879788883728,688120.786058072,2251891.6806094116,4,4,395366400,0
broyden2,21,4,0,1,0.470610395060424,3510040.524256123,15848534.10799962,4,4,131788800,0
broyden2,21,4,0,2,0.7939763100676973,9990890.242093466,15848534.10799962,4,4,263577600,0
broyden2,21,4,0,3,1.8680343790307286,55304290.88665688,15848534.10799962,4,4,251596800,0
broyden2,21,4,1,1,0.49927340501456247,3924840.89450803,15745091.54641192,4,4,131788800,0
broyden2,21,4,1,2,0.7993165724063473,10059648.935771266,15745091.54641192,4,4,263577600,0
broyden2,21,4,1,3,1.7709220657234155,49379204.444976114,15745091.54641192,4,4,251596800,0
broyden2,21,6,0,1,0.30886413738023866,1436224.191276057,15055225.613218475,4,4,131788800,0
broyden2,21,6,0,2,0.5137604241654008,3973823.389676214,15055225.613218475,4,4,263577600,0
broyden2,21,6,0,3,0.7287565617002426,7995621.450309781,15055225.613218475,4,4,395366400,0
broyden2,21,6,1,1,0.3411371224133802,1735763.1747180088,14915317.646595946,4,4,131788800,0
broyden2,21,6,1,2,0.5784980124911333,4991559.464648157,14915317.646595946,4,4,263577600,0
broyden2,21,6,1,3,0.7795449934961008,9063895.300323285,14915317.646595946,4,4,395366400,0
broyden2,22,4,0,1,0.5287587772233291,310049.73005846434,1108960.75809291,4,4,131788800,0
broyden2,22,4,0,2,0.8198809464773841,745448.7073368976,1108960.75809291,4,4,263577600,0
broyden2,22,4,0,3,1.1120932143241213,1371508.678456155,1108960.75809291,4,4,251596800,0
broyden2,22,4,1,1,0.5260605446268842,299606.825462535,1082630.4615104347,4,4,131788800,0
broyden2,22,4,1,2,0.7313761404099027,579111.006413333,1082630.4615104347,4,4,263577600,0
broyden2,22,4,1,3,0.9423887075063566,961480.2977161057,1082630.4615104347,4,4,251596800,0
broyden2,22,6,0,1,0.3723411582877913,164127.32356342618,1183855.773877834,4,4,131788800,0
broyden2,22,6,0,2,0.5930152023454172,416323.04419986554,1183855.773877834,4,4,263577600,0
broyden2,22,6,0,3,0.8090308455730181,774870.1959060379,1183855.773877834,4,4,395366400,0
broyden2,22,6,1,1,0.42199448231179054,213110.16460722475,1196714.6828795476,4,4,131788800,0
broyden2,22,6,1,2,0.5942011722705756,422530.0763021327,1196714.6828795476,4,4,263577600,0
broyden2,22,6,1,3,0.7373037254780179,650554.1867983786,1196714.6828795476,4,4,395366400,0
broyden2,23,4,0,1,0.6055394912141416,455965.2332856846,1243502.8540050033,4,4,131788800,0
broyden2,23,4,0,2,1.0621550435337974,1402886.763755423,1243502.8540050033,4,4,263577600,0
broyden2,23,4,0,3,1.7674709533500925,3884645.1812383924,1243502.8540050033,4,4,251596800,0
broyden2,23,4,1,1,0.5618997694608229,347304.6716836019,1100000.588067871,4,4,131788800,0
broyden2,23,4,1,2,0.8983106638133467,887658.728141307,1100000.588067871,4,4,263577600,0
broyden2,23,4,1,3,1.4134651212220035,2197673.1886934307,1100000.588067871,4,4,251596800,0
broyden2,23,6,0,1,0.4024821105971341,167637.81616418794,1034853.4005636317,4,4,131788800,0
broyden2,23,6,0,2,0.6789988553605786,477108.2380534444,1034853.4005636317,4,4,263577600,0
broyden2,23,6,0,3,1.0895616892888755,1228520.703642631,1034853.4005636317,4,4,395366400,0
broyden2,23,6,1,1,0.501272346289776,259425.3440819792,1032440.2049456197,4,4,131788800,0
broyden2,23,6,1,2,0.6620208856072574,452489.27522475115,1032440.2049456197,4,4,263577600,0
broyden2,23,6,1,3,0.8547891269557767,754367.3561169631,1032440.2049456197,4,4,395366400,0
broyden2,24,4,0,1,0.22712352142026865,236808.25498005838,4590633.39229573,4,4,131788800,0
broyden2,24,4,0,2,0.3221695275362948,476476.550346946,4590633.39229573,4,4,263577600,0
broyden2,24,4,0,3,0.41031074297128195,772855.6523114732,4590633.39229573,4,4,251596800,0
broyden2,24,4,1,1,0.2606103103049815,271519.0247351995,3997763.314450399,4,4,131788800,0
broyden2,24,4,1,2,0.3570159585313071,509556.4897612607,3997763.314450399,4,4,263577600,0
broyden2,24,4,1,3,0.4467266299339256,797812.3641282913,3997763.314450399,4,4,251596800,0
broyden2,24,6,0,1,0.18450769735336595,125841.77605140279,3696543.8400848024,4,4,131788800,0
broyden2,24,6,0,2,0.2784186122338559,286544.70657720906,3696543.8400848024,4,4,263577600,0
broyden2,24,6,0,3,0.3540406367127756,463342.44646465336,3696543.8400848024,4,4,395366400,0
broyden2,24,6,1,1,0.22436352182531183,176890.1363118408,3513978.6589356894,4,4,131788800,0
broyden2,24,6,1,2,0.30666791041067215,330472.85134181066,3513978.6589356894,4,4,263577600,0
broyden2,24,6,1,3,0.37812430121893037,502421.59562105837,3513978.6589356894,4,4,395366400,0
broyden2,25,4,0,1,0.16735154317359274,122523.59718104123,4374821.079096621,4,4,131788800,0
broyden2,25,4,0,2,0.25881545557720687,293049.31510421634,4374821.079096621,4,4,263577600,0
broyden2,25,4,0,3,0.3965662668850121,688005.3796753195,4374821.079096621,4,4,251596800,0
broyden2,25,4,1,1,0.19451442578039704,170426.19075993323,4504355.986275547,4,4,131788800,0
broyden2,25,4,1,2,0.2618260459542084,308786.56792726694,4504355.986275547,4,4,263577600,0
broyden2,25,4,1,3,0.376968842092497,640093.79523064,4504355.986275547,4,4,251596800,0
broyden2,25,6,0,1,0.11691979767783164,64264.66674443889,4701063.845769359,4,4,131788800,0
broyden2,25,6,0,2,0.18317816903533654,157740.6321103322,4701063.845769359,4,4,263577600,0
broyden2,25,6,0,3,0.24953991731337805,292736.04642127326,4701063.845769359,4,4,395366400,0
broyden2,25,6,1,1,0.1499625503466167,104917.32875182401,4665321.6272079125,4,4,131788800,0
broyden2,25,6,1,2,0.21575130437175982,217164.3085067096,4665321.6272079125,4,4,263577600,0
broyden2,25,6,1,3,0.27629428788182225,356143.811402106,4665321.6272079125,4,4,395366400,0
broyden2,26,4,0,1,0.22191488410158752,118281.57992543568,2401840.9950494375,4,4,131788800,0
broyden2,26,4,0,2,0.33873811744568466,275595.67154348636,2401840.9950494375,4,4,263577600,0
broyden2,26,4,0,3,0.5241523491875097,659871.4314173654,2401840.9950494375,4,4,251596800,0
broyden2,26,4,1,1,0.28595397760752883,193191.50958213964,2362630.2064363915,4,4,131788800,0
broyden2,26,4,1,2,0.3884557700809353,356515.9019188251,2362630.2064363915,4,4,263577600,0
broyden2,26,4,1,3,0.5755458895264804,782628.5114032426,2362630.2064363915,4,4,251596800,0
broyden2,26,6,0,1,0.16386619457112778,64425.73998923867,2399278.5918027544,4,4,131788800,0
broyden2,26,6,0,2,0.27041499440926564,175445.49363605212,2399278.5918027544,4,4,263577600,0
broyden2,26,6,0,3,0.37779093220688,342439.40860055067,2399278.5918027544,4,4,395366400,0
broyden2,26,6,1,1,0.23283879419975054,127387.51779479688,2349720.425898402,4,4,131788800,0
broyden2,26,6,1,2,0.3375882721828328,267787.865663413,2349720.425898402,4,4,263577600,0
broyden2,26,6,1,3,0.44603430014558126,467468.8824138463,2349720.425898402,4,4,395366400,0
broyden2,27,4,0,1,0.1729277029877241,189655.71260566893,6342153.996319756,4,4,131788800,0
broyden2,27,4,0,2,0.2786111994896855,492304.63329221576,6342153.996319756,4,4,263577600,0
broyden2,27,4,0,3,0.43780374062470195,1215614.0720645483,6342153.996319756,4,4,251596800,0
broyden2,27,4,1,1,0.2337318148105546,339747.61818351137,6219002.887411921,4,4,131788800,0
broyden2,27,4,1,2,0.33890857927335033,714308.6087738158,6219002.887411921,4,4,263577600,0
broyden2,27,4,1,3,0.5133761860326083,1639049.9800408846,6219002.887411921,4,4,251596800,0
broyden2,27,6,0,1,0.1221842410130029,90544.40209426344,6065005.714643393,4,4,131788800,0
broyden2,27,6,0,2,0.2107846035828936,269469.10824003746,6065005.714643393,4,4,263577600,0
broyden2,27,6,0,3,0.31123044663579,587483.0844334839,6065005.714643393,4,4,395366400,0
broyden2,27,6,1,1,0.18337970382026875,201633.4067858312,5995976.94220104,4,4,131788800,0
broyden2,27,6,1,2,0.2687356733314049,433022.632068814,5995976.94220104,4,4,263577600,0
broyden2,27,6,1,3,0.37280060493108363,833322.6204781332,5995976.94220104,4,4,395366400,0
broyden2,28,4,0,1,0.1965852847188757,281802.36978756386,7291932.322600366,4,4,131788800,0
broyden2,28,4,0,2,0.36200169845710195,955572.9460686678,7291932.322600366,4,4,263577600,0
broyden2,28,4,0,3,0.6370512772686757,2959316.467597368,7291932.322600366,4,4,251596800,0
broyden2,28,4,1,1,0.23803044893576836,436828.85421914386,7709856.344481888,4,4,131788800,0
broyden2,28,4,1,2,0.3420014984630468,901783.5397007137,7709856.344481888,4,4,263577600,0
broyden2,28,4,1,3,0.5553913207737221,2378178.5810488644,7709856.344481888,4,4,251596800,0
broyden2,28,6,0,1,0.12507212018530928,108921.10239324775,6962913.569450749,4,4,131788800,0
broyden2,28,6,0,2,0.2282214419993067,362663.53839647956,6962913.569450749,4,4,263577600,0
broyden2,28,6,0,3,0.3759073274945137,983903.6850677506,6962913.569450749,4,4,395366400,0
broyden2,28,6,1,1,0.1747862291518451,216487.38144352962,7086277.598869856,4,4,131788800,0
broyden2,28,6,1,2,0.2667233456012743,504127.3058832305,7086277.598869856,4,4,263577600,0
broyden2,28,6,1,3,0.41289104828726325,1208061.6445999441,7086277.598869856,4,4,395366400,0
broyden2,29,4,0,1,0.06280769093343606,177520.13865308792,45000980.23464198,4,4,131788800,0
broyden2,29,4,0,2,0.11518635668319059,597068.3601196604,45000980.23464198,4,4,263577600,0
broyden2,29,4,0,3,0.3371457181332107,5115137.00706178,45000980.23464198,4,4,251596800,0
broyden2,29,4,1,1,0.07770216288399143,266762.31586904346,44183311.57084072,4,4,131788800,0
broyden2,29,4,1,2,0.12707370419458183,713460.0221733549,44183311.57084072,4,4,263577600,0
broyden2,29,4,1,3,0.3307543249351533,4833584.629238151,44183311.57084072,4,4,251596800,0
broyden2,29,6,0,1,0.042923629536367656,77077.52993286226,41834531.78894504,4,4,131788800,0
broyden2,29,6,0,2,0.08494084913018508,301833.9652264357,41834531.78894504,4,4,263577600,0
broyden2,29,6,0,3,0.12304427791566018,633370.3905370414,41834531.78894504,4,4,395366400,0
broyden2,29,6,1,1,0.06183966719133099,158775.44897421222,41519208.1613317,4,4,131788800,0
broyden2,29,6,1,2,0.09869930727663703,404461.5774874323,41519208.1613317,4,4,263577600,0
broyden2,29,6,1,3,0.1353402562912485,760506.7119811757,41519208.1613317,4,4,395366400,0
broyden4,20,4,0,1,0.36233643306873475,274310.42445220286,2089384.1831560656,4,4,179712000,0
broyden4,20,4,0,2,0.5514601469811822,635399.058841134,2089384.1831560656,4,4,263577600,0
broyden4,20,4,0,3,1.023344875741785,2188075.6907483796,2089384.1831560656,4,4,251596800,0
broyden4,20,4,1,1,0.38935929220401205,296325.27611920226,1954643.727781761,4,4,179712000,0
broyden4,20,4,1,2,0.5513127524677189,594105.6558436105,1954643.727781761,4,4,263577600,0
broyden4,20,4,1,3,0.9618926359116696,1808509.564710027,1954643.727781761,4,4,251596800,0
broyden4,20,6,0,1,0.24802940469104726,142048.31243997827,2309030.8574949875,4,4,227635200,0
broyden4,20,6,0,2,0.3999337068568691,369322.4890163789,2309030.8574949875,4,4,455270400,0
broyden4,20,6,0,3,0.5353485766261135,661763.8531257411,2309030.8574949875,4,4,539136000,0
broyden4,20,6,1,1,0.29110696285819826,190832.65079413506,2251891.6806094116,4,4,227635200,0
broyden4,20,6,1,2,0.4432094483923956,442349.4756271418,2251891.6806094116,4,4,455270400,0
broyden4,20,6,1,3,0.5526630795088969,687809.8670331659,2251891.6806094116,4,4,539136000,0
broyden4,21,4,0,1,0.46958498303040386,3494761.1482319697,15848534.10799962,4,4,179712000,0
broyden4,21,4,0,2,0.7939763100676973,9990890.242093466,15848534.10799962,4,4,263577600,0
broyden4,21,4,0,3,1.8680343790307286,55304290.88665688,15848534.10799962,4,4,251596800,0
broyden4,21,4,1,1,0.49899795751837367,3920511.445471731,15745091.54641192,4,4,179712000,0
broyden4,21,4,1,2,0.7993165724063473,10059648.935771266,15745091.54641192,4,4,263577600,0
broyden4,21,4,1,3,1.7709220657234155,49379204.444976114,15745091.54641192,4,4,251596800,0
broyden4,21,6,0,1,0.30852676459792555,1433088.3249885016,15055225.613218475,4,4,227635200,0
broyden4,21,6,0,2,0.5118504690110344,3944332.1476574657,15055225.613218475,4,4,455270400,0
broyden4,21,6,0,3,0.7272002848600506,7961508.237334177,15055225.613218475,4,4,539136000,0
broyden4,21,6,1,1,0.33892603773345503,1713335.3511232783,14915317.646595946,4,4,227635200,0
broyden4,21,6,1,2,0.573121655272984,4899210.996323754,14915317.646595946,4,4,455270400,0
broyden4,21,6,1,3,0.7785221478774025,9040125.323146736,14915317.646595946,4,4,539136000,0
broyden4,22,4,0,1,0.5309060064421062,312572.9963624839,1108960.75809291,4,4,179712000,0
broyden4,22,4,0,2,0.8198809464773841,745448.7073368976,1108960.75809291,4,4,263577600,0
broyden4,22,4,0,3,1.1120932143241213,1371508.678456155,1108960.75809291,4,4,251596800,0
broyden4,22,4,1,1,0.52692908032242,300596.95497738535,1082630.4615104347,4,4,179712000,0
broyden4,22,4,1,2,0.7313761404099027,579111.006413333,1082630.4615104347,4,4,263577600,0
broyden4,22,4,1,3,0.9423887075063566,961480.2977161057,1082630.4615104347,4,4,251596800,0
broyden4,22,6,0,1,0.37602869401409417,167394.33998232044,1183855.773877834,4,4,227635200,0
broyden4,22,6,0,2,0.6008270687356345,427363.8445216022,1183855.773877834,4,4,455270400,0
broyden4,22,6,0,3,0.8177218590802835,791607.7024176936,1183855.773877834,4,4,539136000,0
broyden4,22,6,1,1,0.4256574592454994,216825.87934083404,1196714.6828795476,4,4,227635200,0
broyden4,22,6,1,2,0.6008713738850207,432069.537600036,1196714.6828795476,4,4,455270400,0
broyden4,22,6,1,3,0.7431636107807792,660936.1280027365,1196714.6828795476,4,4,539136000,0
broyden4,23,4,0,1,0.6236638775579406,483668.6821883227,1243502.8540050033,4,4,179712000,0
broyden4,23,4,0,2,1.0621550435337974,1402886.763755423,1243502.8540050033,4,4,263577600,0
broyden4,23,4,0,3,1.7674709533500925,3884645.1812383924,1243502.8540050033,4,4,251596800,0
broyden4,23,4,1,1,0.5754377840913183,364241.7024220356,1100000.588067871,4,4,179712000,0
broyden4,23,4,1,2,0.8983106638133467,887658.728141307,1100000.588067871,4,4,263577600,0
broyden4,23,4,1,3,1.4134651212220035,2197673.1886934307,1100000.588067871,4,4,251596800,0
broyden4,23,6,0,1,0.42642273349815185,188173.9627055012,1034853.4005636317,4,4,227635200,0
broyden4,23,6,0,2,0.7573404697280945,593555.2633908619,1034853.4005636317,4,4,455270400,0
broyden4,23,6,0,3,1.1514734642396955,1372102.9538142104,1034853.4005636317,4,4,539136000,0
broyden4,23,6,1,1,0.5101567463313521,268702.7905115598,1032440.2049456197,4,4,227635200,0
broyden4,23,6,1,2,0.6849524077800584,484379.4410179103,1032440.2049456197,4,4,455270400,0
broyden4,23,6,1,3,0.8894802612619532,816841.018707576,1032440.2049456197,4,4,539136000,0
broyden4,24,4,0,1,0.22742748679234281,237442.53254194866,4590633.39229573,4,4,179712000,0
broyden4,24,4,0,2,0.3221695275362948,476476.550346946,4590633.39229573,4,4,263577600,0
broyden4,24,4,0,3,0.41031074297128195,772855.6523114732,4590633.39229573,4,4,251596800,0
broyden4,24,4,1,1,0.26012909890185776,270517.2422496421,3997763.314450399,4,4,179712000,0
broyden4,24,4,1,2,0.3570159585313071,509556.4897612607,3997763.314450399,4,4,263577600,0
broyden4,24,4,1,3,0.4467266299339256,797812.3641282913,3997763.314450399,4,4,251596800,0
broyden4,24,6,0,1,0.18447130099284245,125792.13334307418,3696543.8400848024,4,4,227635200,0
broyden4,24,6,0,2,0.2787058782557765,287136.31230678933,3696543.8400848024,4,4,455270400,0
broyden4,24,6,0,3,0.3540403938902575,463341.81088822894,3696543.8400848024,4,4,539136000,0
broyden4,24,6,1,1,0.22586896846047314,179271.91451706548,3513978.6589356894,4,4,227635200,0
broyden4,24,6,1,2,0.30701654057314215,331224.6632451324,3513978.6589356894,4,4,455270400,0
broyden4,24,6,1,3,0.3772071815973597,499987.3595612249,3513978.6589356894,4,4,539136000,0
broyden4,25,4,0,1,0.16737755824535955,122561.69312997957,4374821.079096621,4,4,179712000,0
broyden4,25,4,0,2,0.25881545557720687,293049.31510421634,4374821.079096621,4,4,263577600,0
broyden4,25,4,0,3,0.3965662668850121,688005.3796753195,4374821.079096621,4,4,251596800,0
broyden4,25,4,1,1,0.19416542711871704,169815.18050766955,4504355.986275547,4,4,179712000,0
broyden4,25,4,1,2,0.2618260459542084,308786.56792726694,4504355.986275547,4,4,263577600,0
broyden4,25,4,1,3,0.376968842092497,640093.79523064,4504355.986275547,4,4,251596800,0
broyden4,25,6,0,1,0.11695691759783039,64305.47895951476,4701063.845769359,4,4,227635200,0
broyden4,25,6,0,2,0.18342216803927766,158161.142821787,4701063.845769359,4,4,455270400,0
broyden4,25,6,0,3,0.24959084267887488,292855.5400195496,4701063.845769359,4,4,539136000,0
broyden4,25,6,1,1,0.15000218304901078,104972.79202214052,4665321.6272079125,4,4,227635200,0
broyden4,25,6,1,2,0.21585481422103706,217372.7340097396,4665321.6272079125,4,4,455270400,0
broyden4,25,6,1,3,0.2758323002200006,354953.8013554376,4665321.6272079125,4,4,539136000,0
broyden4,26,4,0,1,0.22147332710670065,117811.34469461553,2401840.9950494375,4,4,179712000,0
broyden4,26,4,0,2,0.33873811744568466,275595.67154348636,2401840.9950494375,4,4,263577600,0
broyden4,26,4,0,3,0.5241523491875097,659871.4314173654,2401840.9950494375,4,4,251596800,0
broyden4,26,4,1,1,0.28545108877381437,192512.60016714127,2362630.2064363915,4,4,179712000,0
broyden4,26,4,1,2,0.3884557700809353,356515.9019188251,2362630.2064363915,4,4,263577600,0
broyden4,26,4,1,3,0.5755458895264804,782628.5114032426,2362630.2064363915,4,4,251596800,0
broyden4,26,6,0,1,0.16383077605736734,64397.892667099215,2399278.5918027544,4,4,227635200,0
broyden4,26,6,0,2,0.27025756677579493,175241.27471571486,2399278.5918027544,4,4,455270400,0
broyden4,26,6,0,3,0.3777549967607452,342374.2660753395,2399278.5918027544,4,4,539136000,0
broyden4,26,6,1,1,0.2328110484211116,127357.1598358202,2349720.425898402,4,4,227635200,0
broyden4,26,6,1,2,0.33673993168391775,266443.6847730356,2349720.425898402,4,4,455270400,0
broyden4,26,6,1,3,0.44599387688454767,467384.1545784755,2349720.425898402,4,4,539136000,0
broyden4,27,4,0,1,0.17239623601611703,188491.7480667909,6342153.996319756,4,4,179712000,0
broyden4,27,4,0,2,0.2786111994896855,492304.63329221576,6342153.996319756,4,4,263577600,0
broyden4,27,4,0,3,0.43780374062470195,1215614.0720645483,6342153.996319756,4,4,251596800,0
broyden4,27,4,1,1,0.23353639019145506,339179.7255132616,6219002.887411921,4,4,179712000,0
broyden4,27,4,1,2,0.33890857927335033,714308.6087738158,6219002.887411921,4,4,263577600,0
broyden4,27,4,1,3,0.5133761860326083,1639049.9800408846,6219002.887411921,4,4,251596800,0
broyden4,27,6,0,1,0.12217553648745436,90531.50160921525,6065005.714643393,4,4,227635200,0
broyden4,27,6,0,2,0.2104974993034421,268735.53430812195,6065005.714643393,4,4,455270400,0
broyden4,27,6,0,3,0.3113914739625253,588091.1567113972,6065005.714643393,4,4,539136000,0
broyden4,27,6,1,1,0.18344753087935475,201782.59156401828,5995976.94220104,4,4,227635200,0
broyden4,27,6,1,2,0.267304509964172,428422.75195996976,5995976.94220104,4,4,455270400,0
broyden4,27,6,1,3,0.3730670878826509,834514.3869966026,5995976.94220104,4,4,539136000,0
broyden4,28,4,0,1,0.19895369629439066,288633.44543338136,7291932.322600366,4,4,179712000,0
broyden4,28,4,0,2,0.36200169845710195,955572.9460686678,7291932.322600366,4,4,263577600,0
broyden4,28,4,0,3,0.6370512772686757,2959316.467597368,7291932.322600366,4,4,251596800,0
broyden4,28,4,1,1,0.23784379366044747,436144.03056405846,7709856.344481888,4,4,179712000,0
broyden4,28,4,1,2,0.3420014984630468,901783.5397007137,7709856.344481888,4,4,263577600,0
broyden4,28,4,1,3,0.5553913207737221,2378178.5810488644,7709856.344481888,4,4,251596800,0
broyden4,28,6,0,1,0.12563931189264815,109911.23876569366,6962913.569450749,4,4,227635200,0
broyden4,28,6,0,2,0.22753157479937752,360474.3353032495,6962913.569450749,4,4,455270400,0
broyden4,28,6,0,3,0.37911191357338786,1000750.6225978868,6962913.569450749,4,4,539136000,0
broyden4,28,6,1,1,0.17596436666963827,219415.66120019008,7086277.598869856,4,4,227635200,0
broyden4,28,6,1,2,0.2673520761494637,506506.8037266797,7086277.598869856,4,4,455270400,0
broyden4,28,6,1,3,0.41300418561256447,1208723.7833865485,7086277.598869856,4,4,539136000,0
broyden4,29,4,0,1,0.0632581781977079,180075.79240429294,45000980.23464198,4,4,179712000,0
broyden4,29,4,0,2,0.11518635668319059,597068.3601196604,45000980.23464198,4,4,263577600,0
broyden4,29,4,0,3,0.3371457181332107,5115137.00706178,45000980.23464198,4,4,251596800,0
broyden4,29,4,1,1,0.07786072782075475,267852.17765935394,44183311.57084072,4,4,179712000,0
broyden4,29,4,1,2,0.12707370419458183,713460.0221733549,44183311.57084072,4,4,263577600,0
broyden4,29,4,1,3,0.3307543249351533,4833584.629238151,44183311.57084072,4,4,251596800,0
broyden4,29,6,0,1,0.04290234745854752,77001.116854572,41834531.78894504,4,4,227635200,0
broyden4,29,6,0,2,0.08605701651239502,309818.5976754414,41834531.78894504,4,4,455270400,0
broyden4,29,6,0,3,0.12284123140563155,631281.7515646952,41834531.78894504,4,4,539136000,0
broyden4,29,6,1,1,0.06179041584275268,158522.6406616682,41519208.1613317,4,4,227635200,0
broyden4,29,6,1,2,0.10072685767944012,421249.7281872559,41519208.1613317,4,4,455270400,0
broyden4,29,6,1,3,0.13541420552034575,761338.0130432029,41519208.1613317,4,4,539136000,0
diagonal,20,4,0,1,0.37038454491638756,286631.56557016814,2089384.1831560656,4,4,47923200,0
diagonal,20,4,0,2,0.5620227169445557,659972.8090362914,2089384.1831560656,4,4,95846400,0
diagonal,20,4,0,3,1.0083549013630941,2124443.228836595,2089384.1831560656,4,4,143769600,0
diagonal,20,4,1,1,0.39219542110194366,300657.9196793948,1954643.727781761,4,4,47923200,0
diagonal,20,4,1,2,0.5510633234013611,593568.1979437048,1954643.727781761,4,4,95846400,0
diagonal,20,4,1,3,1.031950270728598,2081541.859361471,1954643.727781761,4,4,143769600,0
diagonal,20,6,0,1,0.25111196855707696,145601.06850565074,2309030.8574949875,4,4,47923200,0
diagonal,20,6,0,2,0.39934608651793607,368237.99942078086,2309030.8574949875,4,4,95846400,0
diagonal,20,6,0,3,0.5426753396620007,680001.5619812331,2309030.8574949875,4,4,143769600,0
diagonal,20,6,1,1,0.29278529969156086,193039.43233503576,2251891.6806094116,4,4,47923200,0
diagonal,20,6,1,2,0.4388199616393429,433630.92476472375,2251891.6806094116,4,4,95846400,0
diagonal,20,6,1,3,0.5547507590840357,693016.0722744626,2251891.6806094116,4,4,143769600,0
diagonal,21,4,0,1,0.47751713435019094,3613824.169003411,15848534.10799962,4,4,47923200,0
diagonal,21,4,0,2,0.7269455583847726,8375155.390557104,15848534.10799962,4,4,95846400,0
diagonal,21,4,0,3,1.5018420538776887,35746837.08077854,15848534.10799962,4,4,143769600,0
diagonal,21,4,1,1,0.4857169059797664,3714596.369033564,15745091.54641192,4,4,47923200,0
diagonal,21,4,1,2,0.6972246405089007,7654038.5312375,15745091.54641192,4,4,95846400,0
diagonal,21,4,1,3,1.4335868558043179,32358859.839065097,15745091.54641192,4,4,143769600,0
diagonal,21,6,0,1,0.32739551210791373,1613736.8333895644,15055225.613218475,4,4,47923200,0
diagonal,21,6,0,2,0.5267807465118568,4177794.3181598177,15055225.613218475,4,4,95846400,0
diagonal,21,6,0,3,0.6748170968724233,6855820.24907458,15055225.613218475,4,4,143769600,0
diagonal,21,6,1,1,0.3570669295625661,1901655.1543946948,14915317.646595946,4,4,47923200,0
diagonal,21,6,1,2,0.569293307090833,4833977.926200956,14915317.646595946,4,4,95846400,0
diagonal,21,6,1,3,0.6949221135032042,7202856.631170168,14915317.646595946,4,4,143769600,0
diagonal,22,4,0,1,0.5007042860987638,278021.7652347322,1108960.75809291,4,4,47923200,0
diagonal,22,4,0,2,0.7026673827616332,547539.893577827,1108960.75809291,4,4,95846400,0
diagonal,22,4,0,3,0.8867094319007094,871924.406742069,1108960.75809291,4,4,143769600,0
diagonal,22,4,1,1,0.5152618194311087,287432.69567006896,1082630.4615104347,4,4,47923200,0
diagonal,22,4,1,2,0.6812585070791882,502463.03753186896,1082630.4615104347,4,4,95846400,0
diagonal,22,4,1,3,0.8782189474541854,834998.7933961356,1082630.4615104347,4,4,143769600,0
diagonal,22,6,0,1,0.3905320790586492,180556.12416128477,1183855.773877834,4,4,47923200,0
diagonal,22,6,0,2,0.5937519194548441,417358.1030872338,1183855.773877834,4,4,95846400,0
diagonal,22,6,0,3,0.7442210165185315,655696.1851807842,1183855.773877834,4,4,143769600,0
diagonal,22,6,1,1,0.4272135816445875,218414.12523714203,1196714.6828795476,4,4,47923200,0
diagonal,22,6,1,2,0.595771145532201,424765.8082567015,1196714.6828795476,4,4,95846400,0
diagonal,22,6,1,3,0.7174675154632506,616020.4142497807,1196714.6828795476,4,4,143769600,0
diagonal,23,4,0,1,0.47833325530944015,284516.81435234006,1243502.8540050033,4,4,47923200,0
diagonal,23,4,0,2,0.6691102996924048,556726.9133501356,1243502.8540050033,4,4,95846400,0
diagonal,23,4,0,3,1.0663389445799947,1413960.6642976662,1243502.8540050033,4,4,143769600,0
diagonal,23,4,1,1,0.5368899739037333,317076.0979972468,1100000.588067871,4,4,47923200,0
diagonal,23,4,1,2,0.7178358325836912,566817.4138197165,1100000.588067871,4,4,95846400,0
diagonal,23,4,1,3,0.9927510246973665,1084110.6363144321,1100000.588067871,4,4,143769600,0
diagonal,23,6,0,1,0.4061732889041181,170726.74104367112,1034853.4005636317,4,4,47923200,0
diagonal,23,6,0,2,0.5979524461074225,370008.8610716433,1034853.4005636317,4,4,95846400,0
diagonal,23,6,0,3,0.7502813842314373,582541.906896871,1034853.4005636317,4,4,143769600,0
diagonal,23,6,1,1,0.493069893158345,251004.71467498544,1032440.2049456197,4,4,47923200,0
diagonal,23,6,1,2,0.6599610909207984,449677.92872436927,1032440.2049456197,4,4,95846400,0
diagonal,23,6,1,3,0.7814815918003176,630525.1487226008,1032440.2049456197,4,4,143769600,0
diagonal,24,4,0,1,0.22441395787159757,231191.75506301277,4590633.39229573,4,4,47923200,0
diagonal,24,4,0,2,0.3151205792660871,455854.39227476297,4590633.39229573,4,4,95846400,0
diagonal,24,4,0,3,0.41094794291338144,775257.9582502168,4590633.39229573,4,4,143769600,0
diagonal,24,4,1,1,0.25756536821921844,265211.2940856278,3997763.314450399,4,4,47923200,0
diagonal,24,4,1,2,0.35976072045160307,517421.6146831749,3997763.314450399,4,4,95846400,0
diagonal,24,4,1,3,0.4806590770792562,923615.8450102719,3997763.314450399,4,4,143769600,0
diagonal,24,6,0,1,0.18522730333844994,126825.29151508579,3696543.8400848024,4,4,47923200,0
diagonal,24,6,0,2,0.2779704778297573,285623.02108078275,3696543.8400848024,4,4,95846400,0
diagonal,24,6,0,3,0.34906426783590866,450408.57460752106,3696543.8400848024,4,4,143769600,0
diagonal,24,6,1,1,0.2229495423622703,174667.57472698393,3513978.6589356894,4,4,47923200,0
diagonal,24,6,1,2,0.30120328105875693,318800.1495189832,3513978.6589356894,4,4,95846400,0
diagonal,24,6,1,3,0.36658951665302975,472236.1202714798,3513978.6589356894,4,4,143769600,0
diagonal,25,4,0,1,0.17047212418288776,127135.56034021797,4374821.079096621,4,4,47923200,0
diagonal,25,4,0,2,0.26617373083106644,309949.3142877456,4374821.079096621,4,4,95846400,0
diagonal,25,4,0,3,0.42977572549106685,808060.8392440339,4374821.079096621,4,4,143769600,0
diagonal,25,4,1,1,0.19589868838709837,172860.49912220388,4504355.986275547,4,4,47923200,0
diagonal,25,4,1,2,0.2742632155744033,338819.060021628,4504355.986275547,4,4,95846400,0
diagonal,25,4,1,3,0.6120633832807205,1687428.9796721404,4504355.986275547,4,4,143769600,0
diagonal,25,6,0,1,0.11954295751823961,67180.64076122855,4701063.845769359,4,4,47923200,0
diagonal,25,6,0,2,0.18858632714479304,167192.40855900757,4701063.845769359,4,4,95846400,0
diagonal,25,6,0,3,0.2559900018552484,308064.8556848626,4701063.845769359,4,4,143769600,0
diagonal,25,6,1,1,0.15427149207896695,111033.22372537816,4665321.6272079125,4,4,47923200,0
diagonal,25,6,1,2,0.2233651693222634,232762.22133587784,4665321.6272079125,4,4,95846400,0
diagonal,25,6,1,3,0.2832933377568803,374415.92471795704,4665321.6272079125,4,4,143769600,0
diagonal,26,4,0,1,0.23254865568344196,129888.86436973762,2401840.9950494375,4,4,47923200,0
diagonal,26,4,0,2,0.35636388990918216,305022.33044995053,2401840.9950494375,4,4,95846400,0
diagonal,26,4,0,3,1.3970056259800856,4687492.257094102,2401840.9950494375,4,4,143769600,0
diagonal,26,4,1,1,0.303966785728743,218297.12415579206,2362630.2064363915,4,4,47923200,0
diagonal,26,4,1,2,0.42883788981149645,434492.26839666907,2362630.2064363915,4,4,95846400,0
diagonal,26,4,1,3,1.8553198377816091,8132673.340469692,2362630.2064363915,4,4,143769600,0
diagonal,26,6,0,1,0.1762747717039931,74552.29216518292,2399278.5918027544,4,4,47923200,0
diagonal,26,6,0,2,0.29190091040485205,204433.27117950525,2399278.5918027544,4,4,95846400,0
diagonal,26,6,0,3,0.4044995166537049,392569.6248278988,2399278.5918027544,4,4,143769600,0
diagonal,26,6,1,1,0.24535517608595409,141451.20158884447,2349720.425898402,4,4,47923200,0
diagonal,26,6,1,2,0.3613666756483516,306840.2961040011,2349720.425898402,4,4,95846400,0
diagonal,26,6,1,3,0.482346533552727,546681.6741100661,2349720.425898402,4,4,143769600,0
diagonal,27,4,0,1,0.18603330914498217,219491.7523357228,6342153.996319756,4,4,47923200,0
diagonal,27,4,0,2,0.29849612249950225,565085.5097658855,6342153.996319756,4,4,95846400,0
diagonal,27,4,0,3,0.8558957999754382,4645993.239853259,6342153.996319756,4,4,143769600,0
diagonal,27,4,1,1,0.250147642807763,389146.9115514415,6219002.887411921,4,4,47923200,0
diagonal,27,4,1,2,0.3738731309783563,869299.1768678172,6219002.887411921,4,4,95846400,0
diagonal,27,4,1,3,4.370426784007297,118786874.82768439,6219002.887411921,4,4,143769600,0
diagonal,27,6,0,1,0.13675877403443543,113433.57308107152,6065005.714643393,4,4,47923200,0
diagonal,27,6,0,2,0.23552176352744134,336428.9061357685,6065005.714643393,4,4,95846400,0
diagonal,27,6,0,3,0.3396553251911955,699693.8719539819,6065005.714643393,4,4,143769600,0
diagonal,27,6,1,1,0.1978291067037813,234660.68493524345,5995976.94220104,4,4,47923200,0
diagonal,27,6,1,2,0.293366204466723,516036.14017939154,5995976.94220104,4,4,95846400,0
diagonal,27,6,1,3,0.40199619645323775,968955.5218473376,5995976.94220104,4,4,143769600,0
diagonal,28,4,0,1,0.2110558355873061,324815.95868256816,7291932.322600366,4,4,47923200,0
diagonal,28,4,0,2,0.4802191766699327,1681595.8500060665,7291932.322600366,4,4,95846400,0
diagonal,28,4,0,3,1.0999896501363613,8823072.076016108,7291932.322600366,4,4,143769600,0
diagonal,28,4,1,1,0.2455247922840109,464768.82625448355,7709856.344481888,4,4,47923200,0
diagonal,28,4,1,2,0.4135298216093533,1318438.7359208926,7709856.344481888,4,4,95846400,0
diagonal,28,4,1,3,4.154243798180228,133054708.06288098,7709856.344481888,4,4,143769600,0
diagonal,28,6,0,1,0.14697091725996922,150402.07003360576,6962913.569450749,4,4,47923200,0
diagonal,28,6,0,2,0.26340589568000905,483105.5057334717,6962913.569450749,4,4,95846400,0
diagonal,28,6,0,3,0.43010532322990813,1288073.4828610905,6962913.569450749,4,4,143769600,0
diagonal,28,6,1,1,0.18962280026397682,254799.91157715488,7086277.598869856,4,4,47923200,0
diagonal,28,6,1,2,0.29324924642736605,609385.2962253976,7086277.598869856,4,4,95846400,0
diagonal,28,6,1,3,0.44433557730424744,1399072.8773447964,7086277.598869856,4,4,143769600,0
diagonal,29,4,0,1,0.07702550182255237,266987.57255720714,45000980.23464198,4,4,47923200,0
diagonal,29,4,0,2,0.14397742386571283,932847.7560079428,45000980.23464198,4,4,95846400,0
diagonal,29,4,0,3,0.858403332608829,33159254.95658069,45000980.23464198,4,4,143769600,0
diagonal,29,4,1,1,0.09504775362492743,399155.3712077184,44183311.57084072,4,4,47923200,0
diagonal,29,4,1,2,0.16484131874779925,1200578.119182303,44183311.57084072,4,4,95846400,0
diagonal,29,4,1,3,7.280396466677593,2341899877.4894614,44183311.57084072,4,4,143769600,0
diagonal,29,6,0,1,0.05438750195163599,123746.56044936465,41834531.78894504,4,4,47923200,0
diagonal,29,6,0,2,0.09875693480439073,408009.35098323016,41834531.78894504,4,4,95846400,0
diagonal,29,6,0,3,0.15763368681983264,1039520.3104001323,41834531.78894504,4,4,143769600,0
diagonal,29,6,1,1,0.0694946800426279,200517.45401830855,41519208.1613317,4,4,47923200,0
diagonal,29,6,1,2,0.10713259811414438,476532.29314302787,41519208.1613317,4,4,95846400,0
diagonal,29,6,1,3,0.17404676317638731,1257711.3034655007,41519208.1613317,4,4,143769600,0
dplr16,20,4,0,1,0.28043405362385737,164315.98027948453,2089384.1831560656,4,4,407347200,0
dplr16,20,4,1,1,0.3117283914117129,189941.702866982,1954643.727781761,4,4,407347200,0
dplr16,20,6,0,1,0.2053712519134953,97388.8052062008,2309030.8574949875,4,4,407347200,0
dplr16,20,6,1,1,0.25134957986893974,142266.88539622322,2251891.6806094116,4,4,407347200,0
dplr16,21,4,0,1,0.2580762312392601,1055565.3236159997,15848534.10799962,4,4,407347200,0
dplr16,21,4,1,1,0.26170608539131274,1078382.502955786,15745091.54641192,4,4,407347200,0
dplr16,21,6,0,1,0.18617734260336619,521844.27384823735,15055225.613218475,4,4,407347200,0
dplr16,21,6,1,1,0.2149746332609701,689297.8760342543,14915317.646595946,4,4,407347200,0
dplr16,22,4,0,1,0.4543147779879804,228891.62690070947,1108960.75809291,4,4,407347200,0
dplr16,22,4,1,1,0.484147713769446,253767.50701863205,1082630.4615104347,4,4,407347200,0
dplr16,22,6,0,1,0.3330009844173343,131277.35907251103,1183855.773877834,4,4,407347200,0
dplr16,22,6,1,1,0.39420874957219154,185970.10583832,1196714.6828795476,4,4,407347200,0
dplr16,23,4,0,1,0.4369069786791283,237369.4097155087,1243502.8540050033,4,4,407347200,0
dplr16,23,4,1,1,0.49781859692637814,272605.8367272756,1100000.588067871,4,4,407347200,0
dplr16,23,6,0,1,0.3682362943874579,140324.0188160984,1034853.4005636317,4,4,407347200,0
dplr16,23,6,1,1,0.466068300923584,224266.3114509353,1032440.2049456197,4,4,407347200,0
dplr16,24,4,0,1,0.19903983359242436,181866.4590972988,4590633.39229573,4,4,407347200,0
dplr16,24,4,1,1,0.23555771763984384,221825.64540725082,3997763.314450399,4,4,407347200,0
dplr16,24,6,0,1,0.1671351134856989,103259.79591532351,3696543.8400848024,4,4,407347200,0
dplr16,24,6,1,1,0.20544510243661168,148316.92230774803,3513978.6589356894,4,4,407347200,0
dplr16,25,4,0,1,0.14469282523811228,91591.31393933774,4374821.079096621,4,4,407347200,0
dplr16,25,4,1,1,0.17871654261475992,143867.34018937006,4504355.986275547,4,4,407347200,0
dplr16,25,6,0,1,0.10948769540511918,56354.26350222879,4701063.845769359,4,4,407347200,0
dplr16,25,6,1,1,0.1440733002058579,96838.62141045628,4665321.6272079125,4,4,407347200,0
dplr16,26,4,0,1,0.20482331387078398,100763.45028234947,2401840.9950494375,4,4,407347200,0
dplr16,26,4,1,1,0.26672521749613876,168083.04533503906,2362630.2064363915,4,4,407347200,0
dplr16,26,6,0,1,0.15740624922672247,59446.27137532819,2399278.5918027544,4,4,407347200,0
dplr16,26,6,1,1,0.21933855675606465,113043.64568463175,2349720.425898402,4,4,407347200,0
dplr16,27,4,0,1,0.15878382608447755,159900.31092979462,6342153.996319756,4,4,407347200,0
dplr16,27,4,1,1,0.21592634929937543,289955.96179623704,6219002.887411921,4,4,407347200,0
dplr16,27,6,0,1,0.11737189956393501,83552.50615180747,6065005.714643393,4,4,407347200,0
dplr16,27,6,1,1,0.17175130345609832,176872.3872215384,5995976.94220104,4,4,407347200,0
dplr16,28,4,0,1,0.18139235033615295,239927.79647138953,7291932.322600366,4,4,407347200,0
dplr16,28,4,1,1,0.220038532716042,373287.77447059687,7709856.344481888,4,4,407347200,0
dplr16,28,6,0,1,0.12123323850460284,102337.40908498483,6962913.569450749,4,4,407347200,0
dplr16,28,6,1,1,0.1658414772745615,194896.69602407014,7086277.598869856,4,4,407347200,0
dplr16,29,4,0,1,0.05756441051570723,149118.00927659386,45000980.23464198,4,4,407347200,0
dplr16,29,4,1,1,0.07426342339565302,243673.43998406347,44183311.57084072,4,4,407347200,0
dplr16,29,6,0,1,0.0417434096880467,72897.1842149893,41834531.78894504,4,4,407347200,0
dplr16,29,6,1,1,0.058620345235256416,142674.31820003694,41519208.1613317,4,4,407347200,0
dplr8,20,4,0,1,0.28756668719568707,172780.78840470078,2089384.1831560656,4,4,215654400,0
dplr8,20,4,1,1,0.318101596561081,197787.71261520457,1954643.727781761,4,4,215654400,0
dplr8,20,6,0,1,0.20943161080740294,101277.78694792045,2309030.8574949875,4,4,215654400,0
dplr8,20,6,1,1,0.2565292234139463,148190.7818315959,2251891.6806094116,4,4,215654400,0
dplr8,21,4,0,1,0.2592223553174007,1064961.735101092,15848534.10799962,4,4,215654400,0
dplr8,21,4,1,1,0.2628098962113198,1087498.382174219,15745091.54641192,4,4,215654400,0
dplr8,21,6,0,1,0.18704303489998272,526708.5269990064,15055225.613218475,4,4,215654400,0
dplr8,21,6,1,1,0.21601919478747694,696012.7456392052,14915317.646595946,4,4,215654400,0
dplr8,22,4,0,1,0.4630241110103087,237751.56893641755,1108960.75809291,4,4,215654400,0
dplr8,22,4,1,1,0.4911223509511877,261131.72706925927,1082630.4615104347,4,4,215654400,0
dplr8,22,6,0,1,0.3381757944834759,135389.14156887593,1183855.773877834,4,4,215654400,0
dplr8,22,6,1,1,0.39980653276344497,191289.17398713232,1196714.6828795476,4,4,215654400,0
dplr8,23,4,0,1,0.4424993253665607,243484.88827346583,1243502.8540050033,4,4,215654400,0
dplr8,23,4,1,1,0.5027796270564813,278066.2373774806,1100000.588067871,4,4,215654400,0
dplr8,23,6,0,1,0.372270066267351,143415.16083383505,1034853.4005636317,4,4,215654400,0
dplr8,23,6,1,1,0.4700393234844254,228104.2060665275,1032440.2049456197,4,4,215654400,0
dplr8,24,4,0,1,0.20203871360870668,187388.01069330247,4590633.39229573,4,4,215654400,0
dplr8,24,4,1,1,0.23802262487957931,226492.3609129864,3997763.314450399,4,4,215654400,0
dplr8,24,6,0,1,0.16898279411157197,105555.49212653842,3696543.8400848024,4,4,215654400,0
dplr8,24,6,1,1,0.20761457285549614,151465.87148776336,3513978.6589356894,4,4,215654400,0
dplr8,25,4,0,1,0.1490513505495176,97192.35985390056,4374821.079096621,4,4,215654400,0
dplr8,25,4,1,1,0.1822844393407781,149669.01475888037,4504355.986275547,4,4,215654400,0
dplr8,25,6,0,1,0.11216490836940272,59143.92755489341,4701063.845769359,4,4,215654400,0
dplr8,25,6,1,1,0.1475800904028899,101610.1595866966,4665321.6272079125,4,4,215654400,0
dplr8,26,4,0,1,0.21302777166717635,108997.54148969187,2401840.9950494375,4,4,215654400,0
dplr8,26,4,1,1,0.2743746203058151,177862.18586007808,2362630.2064363915,4,4,215654400,0
dplr8,26,6,0,1,0.16191171277553737,62898.05455495314,2399278.5918027544,4,4,215654400,0
dplr8,26,6,1,1,0.22668625968373896,120744.28539470259,2349720.425898402,4,4,215654400,0
dplr8,27,4,0,1,0.16497237998731892,172607.3411646581,6342153.996319756,4,4,215654400,0
dplr8,27,4,1,1,0.22337595895609766,310308.4616796703,6219002.887411921,4,4,215654400,0
dplr8,27,6,0,1,0.12237929070642088,90833.71525088456,6065005.714643393,4,4,215654400,0
dplr8,27,6,1,1,0.17844841116388882,190934.90309095444,5995976.94220104,4,4,215654400,0
dplr8,28,4,0,1,0.1899248780178293,263030.63992075116,7291932.322600366,4,4,215654400,0
dplr8,28,4,1,1,0.2275882583267217,399342.92133946926,7709856.344481888,4,4,215654400,0
dplr8,28,6,0,1,0.12761068893878336,113387.48198931733,6962913.569450749,4,4,215654400,0
dplr8,28,6,1,1,0.17193223322833434,209475.27535786416,7086277.598869856,4,4,215654400,0
dplr8,29,4,0,1,0.061137028719689616,168201.79648883178,45000980.23464198,4,4,215654400,0
dplr8,29,4,1,1,0.07626322687642079,256973.66475802922,44183311.57084072,4,4,215654400,0
dplr8,29,6,0,1,0.04429668159937738,82087.5509681202,41834531.78894504,4,4,215654400,0
dplr8,29,6,1,1,0.06091464512902851,154060.9243226316,41519208.1613317,4,4,215654400,0
online_ar2,20,4,0,1,0.4024601996304025,338426.3572306668,2089384.1831560656,4,4,35942400,0
online_ar2,20,4,0,2,0.5835873405117309,711590.3132524899,2089384.1831560656,4,4,71884800,0
online_ar2,20,4,1,1,0.4285335331182961,358952.70732587826,1954643.727781761,4,4,35942400,0
online_ar2,20,4,1,2,0.5830044075244692,664371.947283295,1954643.727781761,4,4,71884800,0
online_ar2,20,6,0,1,0.277199499234488,177424.9206022506,2309030.8574949875,4,4,35942400,0
online_ar2,20,6,0,2,0.43667065704291014,440288.919571869,2309030.8574949875,4,4,71884800,0
online_ar2,20,6,1,1,0.3245656542625149,237220.7188884526,2251891.6806094116,4,4,35942400,0
online_ar2,20,6,1,2,0.48289876225511513,525121.3561208453,2251891.6806094116,4,4,71884800,0
online_ar2,21,4,0,1,0.619376277621657,6079925.170784029,15848534.10799962,4,4,35942400,0
online_ar2,21,4,0,2,0.7981315927525449,10095738.729908556,15848534.10799962,4,4,71884800,0
online_ar2,21,4,1,1,0.6474526011725995,6600261.61598384,15745091.54641192,4,4,35942400,0
online_ar2,21,4,1,2,0.8260658356424948,10744210.591900488,15745091.54641192,4,4,71884800,0
online_ar2,21,6,0,1,0.4970548496858944,3719597.0885385275,15055225.613218475,4,4,35942400,0
online_ar2,21,6,0,2,0.7274571349973405,7967133.305592503,15055225.613218475,4,4,71884800,0
online_ar2,21,6,1,1,0.5232648229018241,4083904.5804994465,14915317.646595946,4,4,35942400,0
online_ar2,21,6,1,2,0.7724470790564083,8899589.549117139,14915317.646595946,4,4,71884800,0
online_ar2,22,4,0,1,0.6532404776774098,473219.19650982355,1108960.75809291,4,4,35942400,0
online_ar2,22,4,0,2,0.8670175617681538,833627.373822654,1108960.75809291,4,4,71884800,0
online_ar2,22,4,1,1,0.6769369057644837,496108.4524216994,1082630.4615104347,4,4,35942400,0
online_ar2,22,4,1,2,0.872598807873444,824345.8826966997,1082630.4615104347,4,4,71884800,0
online_ar2,22,6,0,1,0.5160633458728711,315286.0998134991,1183855.773877834,4,4,35942400,0
online_ar2,22,6,0,2,0.7707295662943847,703238.818415355,1183855.773877834,4,4,71884800,0
online_ar2,22,6,1,1,0.5566025036206279,370749.8043481567,1196714.6828795476,4,4,35942400,0
online_ar2,22,6,1,2,0.7815633418388918,731002.7015271443,1196714.6828795476,4,4,71884800,0
online_ar2,23,4,0,1,0.6121145044342218,465920.8304414253,1243502.8540050033,4,4,35942400,0
online_ar2,23,4,0,2,0.7758135006712678,748447.6897462372,1243502.8540050033,4,4,71884800,0
online_ar2,23,4,1,1,0.6767750243297306,503827.1462616116,1100000.588067871,4,4,35942400,0
online_ar2,23,4,1,2,0.8496221141216828,794043.9349864,1100000.588067871,4,4,71884800,0
online_ar2,23,6,0,1,0.5305933531329634,291341.5600748547,1034853.4005636317,4,4,35942400,0
online_ar2,23,6,0,2,0.7499372069423107,582007.5694835144,1034853.4005636317,4,4,71884800,0
online_ar2,23,6,1,1,0.600152407239815,371867.31939620164,1032440.2049456197,4,4,35942400,0
online_ar2,23,6,1,2,0.8077870816443126,673687.8508057101,1032440.2049456197,4,4,71884800,0
online_ar2,24,4,0,1,0.5119286613004826,1203071.6737809144,4590633.39229573,4,4,35942400,0
online_ar2,24,4,0,2,0.6435515947630058,1901250.551911381,4590633.39229573,4,4,71884800,0
online_ar2,24,4,1,1,0.5825102196396171,1356513.6759221721,3997763.314450399,4,4,35942400,0
online_ar2,24,4,1,2,0.7322906496564424,2143798.960575618,3997763.314450399,4,4,71884800,0
online_ar2,24,6,0,1,0.4319558249732768,689722.7180121414,3696543.8400848024,4,4,35942400,0
online_ar2,24,6,0,2,0.6124773920599824,1386679.1521254615,3696543.8400848024,4,4,71884800,0
online_ar2,24,6,1,1,0.48999048016713115,843673.492889174,3513978.6589356894,4,4,35942400,0
online_ar2,24,6,1,2,0.6998806040754451,1721262.2163484227,3513978.6589356894,4,4,71884800,0
online_ar2,25,4,0,1,0.5107695807762339,1141327.6674467875,4374821.079096621,4,4,35942400,0
online_ar2,25,4,0,2,0.7272886150104442,2314056.0516821416,4374821.079096621,4,4,71884800,0
online_ar2,25,4,1,1,0.5363514405797316,1295781.004217826,4504355.986275547,4,4,35942400,0
online_ar2,25,4,1,2,0.7282390743875033,2388804.7921560043,4504355.986275547,4,4,71884800,0
online_ar2,25,6,0,1,0.39280306200918547,725347.0992421593,4701063.845769359,4,4,35942400,0
online_ar2,25,6,0,2,0.6118379570829394,1759822.9689929353,4701063.845769359,4,4,71884800,0
online_ar2,25,6,1,1,0.4087419466696376,779435.1861332451,4665321.6272079125,4,4,35942400,0
online_ar2,25,6,1,2,0.6217686573617673,1803595.9080660741,4665321.6272079125,4,4,71884800,0
online_ar2,26,4,0,1,0.26051444450125877,163007.60614437136,2401840.9950494375,4,4,35942400,0
online_ar2,26,4,0,2,0.37706652966930587,341491.7538564956,2401840.9950494375,4,4,71884800,0
online_ar2,26,4,1,1,0.31214465705285666,230201.18943548304,2362630.2064363915,4,4,35942400,0
online_ar2,26,4,1,2,0.4126486027630988,402306.00027329527,2362630.2064363915,4,4,71884800,0
online_ar2,26,6,0,1,0.1955537222458093,91751.43232485953,2399278.5918027544,4,4,35942400,0
online_ar2,26,6,0,2,0.30646199039750804,225337.72983863464,2399278.5918027544,4,4,71884800,0
online_ar2,26,6,1,1,0.25608418599192007,154092.57501973916,2349720.425898402,4,4,35942400,0
online_ar2,26,6,1,2,0.3515215706733362,290348.87817538873,2349720.425898402,4,4,71884800,0
online_ar2,27,4,0,1,0.18860901939396507,225611.7412186678,6342153.996319756,4,4,35942400,0
online_ar2,27,4,0,2,0.2856669402817015,517555.28704495425,6342153.996319756,4,4,71884800,0
online_ar2,27,4,1,1,0.23779376396910787,351658.9548127944,6219002.887411921,4,4,35942400,0
online_ar2,27,4,1,2,0.3330817494029909,689957.6469925793,6219002.887411921,4,4,71884800,0
online_ar2,27,6,0,1,0.14089014393143331,120390.56150068424,6065005.714643393,4,4,35942400,0
online_ar2,27,6,0,2,0.22755720565290877,314059.8353045325,6065005.714643393,4,4,71884800,0
online_ar2,27,6,1,1,0.1891407590427689,214501.43860579556,5995976.94220104,4,4,35942400,0
online_ar2,27,6,1,2,0.2603678614520435,406475.8108485455,5995976.94220104,4,4,71884800,0
online_ar2,28,4,0,1,0.18746982874904639,256274.49983428133,7291932.322600366,4,4,35942400,0
online_ar2,28,4,0,2,0.3573674875439474,931263.7690674731,7291932.322600366,4,4,71884800,0
online_ar2,28,4,1,1,0.22371710796961156,385873.25544629083,7709856.344481888,4,4,35942400,0
online_ar2,28,4,1,2,0.3419125435450556,901314.491180281,7709856.344481888,4,4,71884800,0
online_ar2,28,6,0,1,0.13348128837358958,124060.0020552371,6962913.569450749,4,4,35942400,0
online_ar2,28,6,0,2,0.2249820939211516,352441.39637022174,6962913.569450749,4,4,71884800,0
online_ar2,28,6,1,1,0.18362668337580493,238940.48548342928,7086277.598869856,4,4,35942400,0
online_ar2,28,6,1,2,0.26126125955439305,483691.2087314129,7086277.598869856,4,4,71884800,0
online_ar2,29,4,0,1,0.0960982010051111,415577.9429726816,45000980.23464198,4,4,35942400,0
online_ar2,29,4,0,2,0.236976146807264,2527151.284720032,45000980.23464198,4,4,71884800,0
online_ar2,29,4,1,1,0.10214377694283078,460980.0053902236,44183311.57084072,4,4,35942400,0
online_ar2,29,4,1,2,0.20959918305407343,1941053.1821077226,44183311.57084072,4,4,71884800,0
online_ar2,29,6,0,1,0.06087330375822083,155020.33040154312,41834531.78894504,4,4,35942400,0
online_ar2,29,6,0,2,0.11676304963946092,570355.6809491112,41834531.78894504,4,4,71884800,0
online_ar2,29,6,1,1,0.07272161942128913,219571.58923921845,41519208.1613317,4,4,35942400,0
online_ar2,29,6,1,2,0.11507820396574898,549838.5842078708,41519208.1613317,4,4,71884800,0
oracle_transport75_token_ls,20,4,0,1,0.3125154362706159,204061.58232148463,2089384.1831560656,4,4,0,0
oracle_transport75_token_ls,20,4,1,1,0.3465860405935006,234795.48621961096,1954643.727781761,4,4,0,0
oracle_transport75_token_ls,20,6,0,1,0.22026292327477712,112024.3762229699,2309030.8574949875,4,4,0,0
oracle_transport75_token_ls,20,6,1,1,0.27109304239469195,165494.75700585463,2251891.6806094116,4,4,0,0
oracle_transport75_token_ls,21,4,0,1,0.12674743058261465,254605.29245006602,15848534.10799962,4,4,0,0
oracle_transport75_token_ls,21,4,1,1,0.13402074123172059,282806.39203560684,15745091.54641192,4,4,0,0
oracle_transport75_token_ls,21,6,0,1,0.10573448388694816,168314.1265085376,15055225.613218475,4,4,0,0
oracle_transport75_token_ls,21,6,1,1,0.11633106561503197,201847.75316159046,14915317.646595946,4,4,0,0
oracle_transport75_token_ls,22,4,0,1,0.4009418126642154,178270.25158423325,1108960.75809291,4,4,0,0
oracle_transport75_token_ls,22,4,1,1,0.4490710733085869,218328.48676351225,1082630.4615104347,4,4,0,0
oracle_transport75_token_ls,22,6,0,1,0.3155167122206048,117853.78427233094,1183855.773877834,4,4,0,0
oracle_transport75_token_ls,22,6,1,1,0.3719376318142816,165550.63945941904,1196714.6828795476,4,4,0,0
oracle_transport75_token_ls,23,4,0,1,0.3562055125076833,157778.5856625717,1243502.8540050033,4,4,0,0
oracle_transport75_token_ls,23,4,1,1,0.4156569437663315,190047.86599217873,1100000.588067871,4,4,0,0
oracle_transport75_token_ls,23,6,0,1,0.31729102355036365,104182.41071045205,1034853.4005636317,4,4,0,0
oracle_transport75_token_ls,23,6,1,1,0.3854419358174464,153384.98069671058,1032440.2049456197,4,4,0,0
oracle_transport75_token_ls,24,4,0,1,0.17034633608485636,133210.42235645273,4590633.39229573,4,4,0,0
oracle_transport75_token_ls,24,4,1,1,0.20500510524941074,168014.3713212842,3997763.314450399,4,4,0,0
oracle_transport75_token_ls,24,6,0,1,0.15524697295105208,89092.70459676186,3696543.8400848024,4,4,0,0
oracle_transport75_token_ls,24,6,1,1,0.18989528965606825,126714.84714844097,3513978.6589356894,4,4,0,0
oracle_transport75_token_ls,25,4,0,1,0.19497440326439194,166308.90175498786,4374821.079096621,4,4,0,0
oracle_transport75_token_ls,25,4,1,1,0.22103264688216048,220062.25303167084,4504355.986275547,4,4,0,0
oracle_transport75_token_ls,25,6,0,1,0.14645544245293088,100834.0427702783,4701063.845769359,4,4,0,0
oracle_transport75_token_ls,25,6,1,1,0.17293131078132876,139517.55476775864,4665321.6272079125,4,4,0,0
oracle_transport75_token_ls,26,4,0,1,0.23923830877266844,137469.29341602634,2401840.9950494375,4,4,0,0
oracle_transport75_token_ls,26,4,1,1,0.2959885736521466,206988.22670472332,2362630.2064363915,4,4,0,0
oracle_transport75_token_ls,26,6,0,1,0.17026635504725093,69556.60190726,2399278.5918027544,4,4,0,0
oracle_transport75_token_ls,26,6,1,1,0.2329801921724167,127542.28415211887,2349720.425898402,4,4,0,0
oracle_transport75_token_ls,27,4,0,1,0.17249654203619572,188711.15375488478,6342153.996319756,4,4,0,0
oracle_transport75_token_ls,27,4,1,1,0.22049336541466175,302351.2795275653,6219002.887411921,4,4,0,0
oracle_transport75_token_ls,27,6,0,1,0.11768134689634373,83993.65404702397,6065005.714643393,4,4,0,0
oracle_transport75_token_ls,27,6,1,1,0.16699625958659015,167214.31026245767,5995976.94220104,4,4,0,0
oracle_transport75_token_ls,28,4,0,1,0.17331367619887708,219032.36769868096,7291932.322600366,4,4,0,0
oracle_transport75_token_ls,28,4,1,1,0.21001090037145495,340039.9626328898,7709856.344481888,4,4,0,0
oracle_transport75_token_ls,28,6,0,1,0.11213352067638038,87551.1631645981,6962913.569450749,4,4,0,0
oracle_transport75_token_ls,28,6,1,1,0.1591642996907683,179518.61415014387,7086277.598869856,4,4,0,0
oracle_transport75_token_ls,29,4,0,1,0.06234686489496167,174924.7306013924,45000980.23464198,4,4,0,0
oracle_transport75_token_ls,29,4,1,1,0.07352919486296519,238878.95167459798,44183311.57084072,4,4,0,0
oracle_transport75_token_ls,29,6,0,1,0.037349420745430816,58358.30294315703,41834531.78894504,4,4,0,0
oracle_transport75_token_ls,29,6,1,1,0.05479458984985984,124659.2251756374,41519208.1613317,4,4,0,0
taylor1,20,4,0,1,0.5586145441267585,651992.7708469875,2089384.1831560656,4,4,35942400,0
taylor1,20,4,0,2,1.104986149123214,2551126.365674613,2089384.1831560656,4,4,71884800,0
taylor1,20,4,0,3,1.748098708414975,6384842.763871968,2089384.1831560656,4,4,107827200,0
taylor1,20,4,1,1,0.5830353694914548,664442.5155611711,1954643.727781761,4,4,35942400,0
taylor1,20,4,1,2,1.092775226364124,2334152.8492082907,1954643.727781761,4,4,71884800,0
taylor1,20,4,1,3,1.7445748246975918,5949038.949366667,1954643.727781761,4,4,107827200,0
taylor1,20,6,0,1,0.442915271237278,452971.6751126902,2309030.8574949875,4,4,35942400,0
taylor1,20,6,0,2,0.866821398831178,1734958.075906157,2309030.8574949875,4,4,71884800,0
taylor1,20,6,0,3,1.2852133296871893,3813995.5257646157,2309030.8574949875,4,4,107827200,0
taylor1,20,6,1,1,0.5163945849504936,600497.0184952203,2251891.6806094116,4,4,35942400,0
taylor1,20,6,1,2,0.9585279548878122,2068983.6711196704,2251891.6806094116,4,4,71884800,0
taylor1,20,6,1,3,1.2619885223680203,3586396.5377960154,2251891.6806094116,4,4,107827200,0
taylor1,21,4,0,1,1.0992224463823428,19149625.065472357,15848534.10799962,4,4,35942400,0
taylor1,21,4,0,2,2.2218765334236195,78240018.25616226,15848534.10799962,4,4,71884800,0
taylor1,21,4,0,3,3.6550495172491106,211726700.11216134,15848534.10799962,4,4,107827200,0
taylor1,21,4,1,1,1.1024886111868788,19137861.787547108,15745091.54641192,4,4,35942400,0
taylor1,21,4,1,2,2.1124599257778858,70262265.36375311,15745091.54641192,4,4,71884800,0
taylor1,21,4,1,3,3.4460094395114527,186972663.85755348,15745091.54641192,4,4,107827200,0
taylor1,21,6,0,1,0.853921857222683,10978007.626462195,15055225.613218475,4,4,35942400,0
taylor1,21,6,0,2,1.6197957516065042,39500971.70910503,15055225.613218475,4,4,71884800,0
taylor1,21,6,0,3,2.742992696474446,113275652.00086364,15055225.613218475,4,4,107827200,0
taylor1,21,6,1,1,0.8683646166688491,11247001.281773891,14915317.646595946,4,4,35942400,0
taylor1,21,6,1,2,1.7454470762367496,45440790.40950812,14915317.646595946,4,4,71884800,0
taylor1,21,6,1,3,2.774982386914552,114855809.94550368,14915317.646595946,4,4,107827200,0
taylor1,22,4,0,1,1.0028602585253787,1115313.659513585,1108960.75809291,4,4,35942400,0
taylor1,22,4,0,2,2.0158539519409637,4506447.409462642,1108960.75809291,4,4,71884800,0
taylor1,22,4,0,3,3.2303198268531923,11571968.009817299,1108960.75809291,4,4,107827200,0
taylor1,22,4,1,1,1.0315755022150446,1152079.0585113585,1082630.4615104347,4,4,35942400,0
taylor1,22,4,1,2,1.923955154120711,4007468.635235899,1082630.4615104347,4,4,71884800,0
taylor1,22,4,1,3,3.0016512896851424,9754403.524748256,1082630.4615104347,4,4,107827200,0
taylor1,22,6,0,1,0.7553460066568327,675446.0584241659,1183855.773877834,4,4,35942400,0
taylor1,22,6,0,2,1.528356470246834,2765337.3301953115,1183855.773877834,4,4,71884800,0
taylor1,22,6,0,3,2.3606480467231155,6597224.770362589,1183855.773877834,4,4,107827200,0
taylor1,22,6,1,1,0.8749431412775017,916115.6065294186,1196714.6828795476,4,4,35942400,0
taylor1,22,6,1,2,1.6243291520722558,3157466.103958012,1196714.6828795476,4,4,71884800,0
taylor1,22,6,1,3,2.3280151018791004,6485779.894385976,1196714.6828795476,4,4,107827200,0
taylor1,23,4,0,1,0.9732744498990082,1177924.4365201844,1243502.8540050033,4,4,35942400,0
taylor1,23,4,0,2,2.125513090141848,5617904.525969699,1243502.8540050033,4,4,71884800,0
taylor1,23,4,0,3,3.331852779344055,13804427.282900335,1243502.8540050033,4,4,107827200,0
taylor1,23,4,1,1,1.0546307517363323,1223471.2788348857,1100000.588067871,4,4,35942400,0
taylor1,23,4,1,2,2.1715222561331626,5187062.572809111,1100000.588067871,4,4,71884800,0
taylor1,23,4,1,3,3.300858396003053,11985239.17290143,1100000.588067871,4,4,107827200,0
taylor1,23,6,0,1,0.8250320607956292,704401.8408909217,1034853.4005636317,4,4,35942400,0
taylor1,23,6,0,2,1.676621443080562,2909034.444883528,1034853.4005636317,4,4,71884800,0
taylor1,23,6,0,3,2.596245959964645,6975422.190107833,1034853.4005636317,4,4,107827200,0
taylor1,23,6,1,1,0.9967669705269324,1025775.1772822348,1032440.2049456197,4,4,35942400,0
taylor1,23,6,1,2,1.8111547275750806,3386694.4496446154,1032440.2049456197,4,4,71884800,0
taylor1,23,6,1,3,2.5939877680075654,6947055.300821512,1032440.2049456197,4,4,107827200,0
taylor1,24,4,0,1,0.89624537494406,3687452.769996114,4590633.39229573,4,4,35942400,0
taylor1,24,4,0,2,1.7702194636259594,14385562.044583881,4590633.39229573,4,4,71884800,0
taylor1,24,4,0,3,2.795021912830426,35862705.14783365,4590633.39229573,4,4,107827200,0
taylor1,24,4,1,1,0.978882398134526,3830699.781373798,3997763.314450399,4,4,35942400,0
taylor1,24,4,1,2,1.8856819701578338,14215232.771681044,3997763.314450399,4,4,71884800,0
taylor1,24,4,1,3,2.981983494779788,35549013.14013544,3997763.314450399,4,4,107827200,0
taylor1,24,6,0,1,0.7629180713149872,2151551.102009436,3696543.8400848024,4,4,35942400,0
taylor1,24,6,0,2,1.4752019051348702,8044495.078765262,3696543.8400848024,4,4,71884800,0
taylor1,24,6,0,3,2.3815838449703413,20966580.82207176,3696543.8400848024,4,4,107827200,0
taylor1,24,6,1,1,0.8407007496270776,2483601.9315988603,3513978.6589356894,4,4,35942400,0
taylor1,24,6,1,2,1.61531523301385,9168825.279222043,3513978.6589356894,4,4,71884800,0
taylor1,24,6,1,3,2.531227208393068,22514451.95373816,3513978.6589356894,4,4,107827200,0
taylor1,25,4,0,1,0.8192841131602553,2936495.6576416874,4374821.079096621,4,4,35942400,0
taylor1,25,4,0,2,1.716825197051722,12894735.945537476,4374821.079096621,4,4,71884800,0
taylor1,25,4,0,3,2.66521351228567,31075942.47391995,4374821.079096621,4,4,107827200,0
taylor1,25,4,1,1,0.8368047422441877,3154140.0402016398,4504355.986275547,4,4,35942400,0
taylor1,25,4,1,2,1.5850544085731924,11316732.620551392,4504355.986275547,4,4,71884800,0
taylor1,25,4,1,3,2.5340634862017337,28924621.75341086,4504355.986275547,4,4,107827200,0
taylor1,25,6,0,1,0.6291075311110861,1860569.5877203802,4701063.845769359,4,4,35942400,0
taylor1,25,6,0,2,1.1599635664474077,6325354.155727533,4701063.845769359,4,4,71884800,0
taylor1,25,6,0,3,1.9809291385263101,18447351.79992874,4701063.845769359,4,4,107827200,0
taylor1,25,6,1,1,0.6403363634358163,1912924.89816353,4665321.6272079125,4,4,35942400,0
taylor1,25,6,1,2,1.3005050235834827,7890520.593226455,4665321.6272079125,4,4,71884800,0
taylor1,25,6,1,3,1.9946638179517935,18561839.33104831,4665321.6272079125,4,4,107827200,0
taylor1,26,4,0,1,0.33607885789848413,271285.53549073293,2401840.9950494375,4,4,35942400,0
taylor1,26,4,0,2,0.6874956375282564,1135230.7506622693,2401840.9950494375,4,4,71884800,0
taylor1,26,4,0,3,1.0831416112002137,2817829.6473597595,2401840.9950494375,4,4,107827200,0
taylor1,26,4,1,1,0.47440332771675475,531730.0513038996,2362630.2064363915,4,4,35942400,0
taylor1,26,4,1,2,0.893391774890328,1885730.6140002122,2362630.2064363915,4,4,71884800,0
taylor1,26,4,1,3,1.4272956888442598,4813086.426301412,2362630.2064363915,4,4,107827200,0
taylor1,26,6,0,1,0.2566916441896658,158089.9064532022,2399278.5918027544,4,4,35942400,0
taylor1,26,6,0,2,0.5518995323797308,730803.6892635959,2399278.5918027544,4,4,71884800,0
taylor1,26,6,0,3,0.8255388056525018,1635142.717114855,2399278.5918027544,4,4,107827200,0
taylor1,26,6,1,1,0.36799486457412994,318199.65784294734,2349720.425898402,4,4,35942400,0
taylor1,26,6,1,2,0.7309077830879878,1255282.1845333164,2349720.425898402,4,4,71884800,0
taylor1,26,6,1,3,1.07937058963658,2737520.3287106915,2349720.425898402,4,4,107827200,0
taylor1,27,4,0,1,0.24681656187687462,386353.97051619383,6342153.996319756,4,4,35942400,0
taylor1,27,4,0,2,0.5167199587394035,1693352.0458905092,6342153.996319756,4,4,71884800,0
taylor1,27,4,0,3,0.8236092533325792,4302087.2868568655,6342153.996319756,4,4,107827200,0
taylor1,27,4,1,1,0.37284581266808214,864528.4675406993,6219002.887411921,4,4,35942400,0
taylor1,27,4,1,2,0.7361818705856819,3370474.104847593,6219002.887411921,4,4,71884800,0
taylor1,27,4,1,3,1.226709092561708,9358450.059975168,6219002.887411921,4,4,107827200,0
taylor1,27,6,0,1,0.1728439691146082,181192.27412879033,6065005.714643393,4,4,35942400,0
taylor1,27,6,0,2,0.39096932305739784,927078.6487072483,6065005.714643393,4,4,71884800,0
taylor1,27,6,0,3,0.6233277502361978,2356482.0621142294,6065005.714643393,4,4,107827200,0
taylor1,27,6,1,1,0.2648788764746903,420682.65418409125,5995976.94220104,4,4,35942400,0
taylor1,27,6,1,2,0.5432173930486619,1769323.6721053198,5995976.94220104,4,4,71884800,0
taylor1,27,6,1,3,0.8685009772844986,4522729.117116399,5995976.94220104,4,4,107827200,0
taylor1,28,4,0,1,0.2576735258559169,484152.5566151656,7291932.322600366,4,4,35942400,0
taylor1,28,4,0,2,0.7351676847506425,3941081.7804168463,7291932.322600366,4,4,71884800,0
taylor1,28,4,0,3,1.0935568596822995,8720178.353129927,7291932.322600366,4,4,107827200,0
taylor1,28,4,1,1,0.367225918349543,1039711.7144331455,7709856.344481888,4,4,35942400,0
taylor1,28,4,1,2,0.8672571276719577,5798852.227255737,7709856.344481888,4,4,71884800,0
taylor1,28,4,1,3,1.4032219895706886,15180953.487728257,7709856.344481888,4,4,107827200,0
taylor1,28,6,0,1,0.16364917106340804,186474.14473319985,6962913.569450749,4,4,35942400,0
taylor1,28,6,0,2,0.3944795670876375,1083527.7293654843,6962913.569450749,4,4,71884800,0
taylor1,28,6,0,3,0.7108936333112643,3518845.944750032,6962913.569450749,4,4,107827200,0
taylor1,28,6,1,1,0.25198044903252326,449937.1493815277,7086277.598869856,4,4,35942400,0
taylor1,28,6,1,2,0.5223283349762831,1933327.0755685125,7086277.598869856,4,4,71884800,0
taylor1,28,6,1,3,0.8994183037463865,5732467.5428357115,7086277.598869856,4,4,107827200,0
taylor1,29,4,0,1,0.11726085344091706,618768.3270680977,45000980.23464198,4,4,35942400,0
taylor1,29,4,0,2,0.3734763958496472,6276944.549212744,45000980.23464198,4,4,71884800,0
taylor1,29,4,0,3,0.47309950997292444,10072260.98434967,45000980.23464198,4,4,107827200,0
taylor1,29,4,1,1,0.158812487710092,1114365.2507163857,44183311.57084072,4,4,35942400,0
taylor1,29,4,1,2,0.4165154629109972,7665147.588986855,44183311.57084072,4,4,71884800,0
taylor1,29,4,1,3,0.6374027993343439,17950898.710227698,44183311.57084072,4,4,107827200,0
taylor1,29,6,0,1,0.0607495058257013,154390.44239918023,41834531.78894504,4,4,35942400,0
taylor1,29,6,0,2,0.15365782538817507,987743.7219184241,41834531.78894504,4,4,71884800,0
taylor1,29,6,0,3,0.35944168481268174,5404951.425128321,41834531.78894504,4,4,107827200,0
taylor1,29,6,1,1,0.09076867098459133,342074.7478529806,41519208.1613317,4,4,35942400,0
taylor1,29,6,1,2,0.18862304660940762,1477197.5295773814,41519208.1613317,4,4,71884800,0
taylor1,29,6,1,3,0.41368342537309855,7105347.190808003,41519208.1613317,4,4,107827200,0
transport2_history,20,4,0,1,0.35503219290363675,263362.40082165017,2089384.1831560656,4,4,129168000,9360000
transport2_history,20,4,0,2,0.5152327710066548,554657.9716866848,2089384.1831560656,4,4,258336000,18720000
transport2_history,20,4,0,3,0.9791970820835926,2003357.8126513576,2089384.1831560656,4,4,387504000,28080000
transport2_history,20,4,1,1,0.3802286411578556,282590.3095980521,1954643.727781761,4,4,129168000,9360000
transport2_history,20,4,1,2,0.5140832082124173,516576.2642362098,1954643.727781761,4,4,258336000,18720000
transport2_history,20,4,1,3,1.0537837692104262,2170554.127921145,1954643.727781761,4,4,387504000,28080000
transport2_history,20,6,0,1,0.25590017334629184,151206.65184132502,2309030.8574949875,4,4,129168000,9360000
transport2_history,20,6,0,2,0.40676989223133525,382056.2754615587,2309030.8574949875,4,4,258336000,18720000
transport2_history,20,6,0,3,0.5136936560905452,609309.7695703647,2309030.8574949875,4,4,387504000,28080000
transport2_history,20,6,1,1,0.29497143738961634,195932.9265984058,2251891.6806094116,4,4,129168000,9360000
transport2_history,20,6,1,2,0.4365364571886655,429129.6628954345,2251891.6806094116,4,4,258336000,18720000
transport2_history,20,6,1,3,0.5225908568522969,614994.3284990215,2251891.6806094116,4,4,387504000,28080000
transport2_history,21,4,0,1,0.48137509835078146,3672453.787794177,15848534.10799962,4,4,129168000,9360000
transport2_history,21,4,0,2,0.7483646298905393,8875965.493191876,15848534.10799962,4,4,258336000,18720000
transport2_history,21,4,0,3,1.5562926482429809,38385891.43151724,15848534.10799962,4,4,387504000,28080000
transport2_history,21,4,1,1,0.4871936549032443,3737218.0446581934,15745091.54641192,4,4,129168000,9360000
transport2_history,21,4,1,2,0.7070937505033362,7872255.622672708,15745091.54641192,4,4,258336000,18720000
transport2_history,21,4,1,3,1.4967324238970507,35272279.23598561,15745091.54641192,4,4,387504000,28080000
transport2_history,21,6,0,1,0.3300822134865192,1640331.081146703,15055225.613218475,4,4,129168000,9360000
transport2_history,21,6,0,2,0.5342882317995719,4297723.6393304095,15055225.613218475,4,4,258336000,18720000
transport2_history,21,6,0,3,0.703530526437926,7451662.228976072,15055225.613218475,4,4,387504000,28080000
transport2_history,21,6,1,1,0.35788180009967085,1910344.679077063,14915317.646595946,4,4,129168000,9360000
transport2_history,21,6,1,2,0.5706156663075901,4856460.815693529,14915317.646595946,4,4,258336000,18720000
transport2_history,21,6,1,3,0.7002775820349293,7314303.109997421,14915317.646595946,4,4,387504000,28080000
transport2_history,22,4,0,1,0.4985917245921025,275680.6666941993,1108960.75809291,4,4,129168000,9360000
transport2_history,22,4,0,2,0.6968588940669982,538525.0045749962,1108960.75809291,4,4,258336000,18720000
transport2_history,22,4,0,3,0.9268312720124816,952615.2638851494,1108960.75809291,4,4,387504000,28080000
transport2_history,22,4,1,1,0.5175402174156538,289980.27030421374,1082630.4615104347,4,4,129168000,9360000
transport2_history,22,4,1,2,0.677698969394642,497226.0721275636,1082630.4615104347,4,4,258336000,18720000
transport2_history,22,4,1,3,0.9790836344193844,1037814.7171761856,1082630.4615104347,4,4,387504000,28080000
transport2_history,22,6,0,1,0.3917768820291171,181708.9872049332,1183855.773877834,4,4,129168000,9360000
transport2_history,22,6,0,2,0.5930370421826893,416353.709838561,1183855.773877834,4,4,258336000,18720000
transport2_history,22,6,0,3,0.7386733819110964,645957.1290249586,1183855.773877834,4,4,387504000,28080000
transport2_history,22,6,1,1,0.43160866983329377,222931.24392107344,1196714.6828795476,4,4,129168000,9360000
transport2_history,22,6,1,2,0.6090175351357199,443864.29785625415,1196714.6828795476,4,4,258336000,18720000
transport2_history,22,6,1,3,0.729410776224071,636700.1761810214,1196714.6828795476,4,4,387504000,28080000
transport2_history,23,4,0,1,0.4705910702917241,275381.11262394383,1243502.8540050033,4,4,129168000,9360000
transport2_history,23,4,0,2,0.6578404350411537,538130.8813042692,1243502.8540050033,4,4,258336000,18720000
transport2_history,23,4,0,3,1.094031906075001,1488355.7925879834,1243502.8540050033,4,4,387504000,28080000
transport2_history,23,4,1,1,0.5374637988168894,317754.2384161487,1100000.588067871,4,4,129168000,9360000
transport2_history,23,4,1,2,0.7095467695593468,553802.5760779768,1100000.588067871,4,4,258336000,18720000
transport2_history,23,4,1,3,1.0556708220916744,1225885.6284441615,1100000.588067871,4,4,387504000,28080000
transport2_history,23,6,0,1,0.39821419978774636,164101.41118504305,1034853.4005636317,4,4,129168000,9360000
transport2_history,23,6,0,2,0.5821292004061281,350685.3313773557,1034853.4005636317,4,4,258336000,18720000
transport2_history,23,6,0,3,0.7301695461566342,551729.5718165992,1034853.4005636317,4,4,387504000,28080000
transport2_history,23,6,1,1,0.49478599044717786,252754.9659567432,1032440.2049456197,4,4,129168000,9360000
transport2_history,23,6,1,2,0.6629593161247054,453773.0132921196,1032440.2049456197,4,4,258336000,18720000
transport2_history,23,6,1,3,0.7806244056921819,629142.6952229072,1032440.2049456197,4,4,387504000,28080000
transport2_history,24,4,0,1,0.2240536432044192,230449.9571177003,4590633.39229573,4,4,129168000,9360000
transport2_history,24,4,0,2,0.31232298051613916,447796.2913469365,4590633.39229573,4,4,258336000,18720000
transport2_history,24,4,0,3,0.4159173656818007,794121.0695920357,4590633.39229573,4,4,387504000,28080000
transport2_history,24,4,1,1,0.25714118808936653,264338.4692418053,3997763.314450399,4,4,129168000,9360000
transport2_history,24,4,1,2,0.35715105129173585,509942.1891395957,3997763.314450399,4,4,258336000,18720000
transport2_history,24,4,1,3,0.5379611309061455,1156961.411792902,3997763.314450399,4,4,387504000,28080000
transport2_history,24,6,0,1,0.1845815654524182,125942.5583351567,3696543.8400848024,4,4,129168000,9360000
transport2_history,24,6,0,2,0.2773932469484709,284438.00859118777,3696543.8400848024,4,4,258336000,18720000
transport2_history,24,6,0,3,0.3509756618353714,455354.74293296074,3696543.8400848024,4,4,387504000,28080000
transport2_history,24,6,1,1,0.22265763244670958,174210.48638812895,3513978.6589356894,4,4,129168000,9360000
transport2_history,24,6,1,2,0.30313360327879085,322899.43373885343,3513978.6589356894,4,4,258336000,18720000
transport2_history,24,6,1,3,0.3695452374115534,479881.86586804397,3513978.6589356894,4,4,387504000,28080000
transport2_history,25,4,0,1,0.171504603601288,128680.2393730362,4374821.079096621,4,4,129168000,9360000
transport2_history,25,4,0,2,0.27128120347592266,321958.3572831773,4374821.079096621,4,4,258336000,18720000
transport2_history,25,4,0,3,0.4665574459149861,952292.8984720926,4374821.079096621,4,4,387504000,28080000
transport2_history,25,4,1,1,0.19773713094932632,176120.19724789052,4504355.986275547,4,4,129168000,9360000
transport2_history,25,4,1,2,0.28132706542184976,356496.8840003636,4504355.986275547,4,4,258336000,18720000
transport2_history,25,4,1,3,0.9540399911975181,4099830.1568065584,4504355.986275547,4,4,387504000,28080000
transport2_history,25,6,0,1,0.11965786245548461,67309.85117088517,4701063.845769359,4,4,129168000,9360000
transport2_history,25,6,0,2,0.19021941429489245,170100.59378527064,4701063.845769359,4,4,258336000,18720000
transport2_history,25,6,0,3,0.2638445249900562,327259.5453144746,4701063.845769359,4,4,387504000,28080000
transport2_history,25,6,1,1,0.1549751233302164,112048.37710447647,4665321.6272079125,4,4,129168000,9360000
transport2_history,25,6,1,2,0.22655523149486187,239458.23640850425,4665321.6272079125,4,4,258336000,18720000
transport2_history,25,6,1,3,0.292722169039927,399754.00040951854,4665321.6272079125,4,4,387504000,28080000
transport2_history,26,4,0,1,0.2332648664796087,130690.16818032277,2401840.9950494375,4,4,129168000,9360000
transport2_history,26,4,0,2,0.35889982210278304,309378.93441582925,2401840.9950494375,4,4,258336000,18720000
transport2_history,26,4,0,3,1.5224167652213114,5566873.708308168,2401840.9950494375,4,4,387504000,28080000
transport2_history,26,4,1,1,0.30992888868736373,226944.6087500727,2362630.2064363915,4,4,129168000,9360000
transport2_history,26,4,1,2,0.4500828236362929,478608.7464728542,2362630.2064363915,4,4,258336000,18720000
transport2_history,26,4,1,3,2.5402480307836974,15245722.090702493,2362630.2064363915,4,4,387504000,28080000
transport2_history,26,6,0,1,0.17653170524158426,74769.78153000132,2399278.5918027544,4,4,129168000,9360000
transport2_history,26,6,0,2,0.2947711626562404,208473.4088149953,2399278.5918027544,4,4,258336000,18720000
transport2_history,26,6,0,3,0.4116372780610956,406546.3576635256,2399278.5918027544,4,4,387504000,28080000
transport2_history,26,6,1,1,0.2478565842929796,144350.1079428323,2349720.425898402,4,4,129168000,9360000
transport2_history,26,6,1,2,0.36919644339522867,320281.0248355079,2349720.425898402,4,4,258336000,18720000
transport2_history,26,6,1,3,0.5093521163800548,609610.476795909,2349720.425898402,4,4,387504000,28080000
transport2_history,27,4,0,1,0.18840822711865676,225131.6265207095,6342153.996319756,4,4,129168000,9360000
transport2_history,27,4,0,2,0.303045985655765,582443.5684147031,6342153.996319756,4,4,258336000,18720000
transport2_history,27,4,0,3,1.0403353891462013,6864098.822219135,6342153.996319756,4,4,387504000,28080000
transport2_history,27,4,1,1,0.25473708560066083,403557.2092777974,6219002.887411921,4,4,129168000,9360000
transport2_history,27,4,1,2,0.38792013223653415,935848.172819841,6219002.887411921,4,4,258336000,18720000
transport2_history,27,4,1,3,4.892460623981542,148859116.2964735,6219002.887411921,4,4,387504000,28080000
transport2_history,27,6,0,1,0.13820740219511993,115849.40887757884,6065005.714643393,4,4,129168000,9360000
transport2_history,27,6,0,2,0.2417977185085831,354597.45305279474,6065005.714643393,4,4,258336000,18720000
transport2_history,27,6,0,3,0.35483358660222286,763625.9114206346,6065005.714643393,4,4,387504000,28080000
transport2_history,27,6,1,1,0.20092619095701608,242065.5890640137,5995976.94220104,4,4,129168000,9360000
transport2_history,27,6,1,2,0.3022211685552639,547658.3517537446,5995976.94220104,4,4,258336000,18720000
transport2_history,27,6,1,3,0.4226423570726882,1071040.746968423,5995976.94220104,4,4,387504000,28080000
transport2_history,28,4,0,1,0.21307227475667187,331052.2272766935,7291932.322600366,4,4,129168000,9360000
transport2_history,28,4,0,2,0.5022443217756566,1839385.252467284,7291932.322600366,4,4,258336000,18720000
transport2_history,28,4,0,3,1.2748612344824222,11851367.356994348,7291932.322600366,4,4,387504000,28080000
transport2_history,28,4,1,1,0.2487280344941583,476975.15961518296,7709856.344481888,4,4,129168000,9360000
transport2_history,28,4,1,2,0.43417984659388414,1453401.5123326809,7709856.344481888,4,4,258336000,18720000
transport2_history,28,4,1,3,5.336679798530242,219577874.9765476,7709856.344481888,4,4,387504000,28080000
transport2_history,28,6,0,1,0.1495916984538618,155813.8255882154,6962913.569450749,4,4,129168000,9360000
transport2_history,28,6,0,2,0.2700742902373553,507875.7669525036,6962913.569450749,4,4,258336000,18720000
transport2_history,28,6,0,3,0.4439035910659094,1372044.8912223626,6962913.569450749,4,4,387504000,28080000
transport2_history,28,6,1,1,0.19204757012092716,261357.99795199605,7086277.598869856,4,4,129168000,9360000
transport2_history,28,6,1,2,0.3015268079641157,644273.134065918,7086277.598869856,4,4,258336000,18720000
transport2_history,28,6,1,3,0.4623241547919159,1514646.6553898554,7086277.598869856,4,4,387504000,28080000
transport2_history,29,4,0,1,0.0768575962149442,265824.8446516185,45000980.23464198,4,4,129168000,9360000
transport2_history,29,4,0,2,0.14569463745582245,955232.5396218232,45000980.23464198,4,4,258336000,18720000
transport2_history,29,4,0,3,1.0542820611795465,50019069.44488297,45000980.23464198,4,4,387504000,28080000
transport2_history,29,4,1,1,0.09624039948932679,409235.3088184035,44183311.57084072,4,4,129168000,9360000
transport2_history,29,4,1,2,0.17482296472534983,1350377.599983133,44183311.57084072,4,4,258336000,18720000
transport2_history,29,4,1,3,16.021772214861645,11341731700.011463,44183311.57084072,4,4,387504000,28080000
transport2_history,29,6,0,1,0.05488587974304065,126024.84506385447,41834531.78894504,4,4,129168000,9360000
transport2_history,29,6,0,2,0.10008153711484397,419027.8094225978,41834531.78894504,4,4,258336000,18720000
transport2_history,29,6,0,3,0.16187151458425073,1096164.6016786243,41834531.78894504,4,4,387504000,28080000
transport2_history,29,6,1,1,0.07032685512064982,205348.46287581584,41519208.1613317,4,4,129168000,9360000
transport2_history,29,6,1,2,0.10945446252512114,497411.71285539435,41519208.1613317,4,4,258336000,18720000
transport2_history,29,6,1,3,0.18119798677902008,1363188.1381285177,41519208.1613317,4,4,387504000,28080000
transport2_qk,20,4,0,1,0.3544533889810829,262504.38885972614,2089384.1831560656,4,4,320860800,201052800
transport2_qk,20,4,0,2,0.5147702776802386,553662.6527123987,2089384.1831560656,4,4,641721600,402105600
transport2_qk,20,4,0,3,0.9803785542820976,2008195.1217646091,2089384.1831560656,4,4,962582400,603158400
transport2_qk,20,4,1,1,0.38003009360493095,282295.2609917153,1954643.727781761,4,4,320860800,201052800
transport2_qk,20,4,1,2,0.5139941309496613,516397.2612566587,1954643.727781761,4,4,641721600,402105600
transport2_qk,20,4,1,3,1.052696589412204,2166077.7535759215,1954643.727781761,4,4,962582400,603158400
transport2_qk,20,6,0,1,0.2592777844121563,155224.52894582233,2309030.8574949875,4,4,320860800,201052800
transport2_qk,20,6,0,2,0.4217128059686155,410641.9516167644,2309030.8574949875,4,4,641721600,402105600
transport2_qk,20,6,0,3,0.5351998453500109,661396.1999204509,2309030.8574949875,4,4,962582400,603158400
transport2_qk,20,6,1,1,0.29841628508818363,200536.0866829198,2251891.6806094116,4,4,320860800,201052800
transport2_qk,20,6,1,2,0.4492179147800564,454424.3886290846,2251891.6806094116,4,4,641721600,402105600
transport2_qk,20,6,1,3,0.543056896203342,664107.1601842213,2251891.6806094116,4,4,962582400,603158400
transport2_qk,21,4,0,1,0.4796934415038347,3646839.585227149,15848534.10799962,4,4,320860800,201052800
transport2_qk,21,4,0,2,0.7415317338315615,8714622.550599854,15848534.10799962,4,4,641721600,402105600
transport2_qk,21,4,0,3,1.5355643701975386,37370176.7583954,15848534.10799962,4,4,962582400,603158400
transport2_qk,21,4,1,1,0.4870498804539428,3735012.608779246,15745091.54641192,4,4,320860800,201052800
transport2_qk,21,4,1,2,0.7030552740158122,7782589.6301467335,15745091.54641192,4,4,641721600,402105600
transport2_qk,21,4,1,3,1.4586265214413305,33499120.24927652,15745091.54641192,4,4,962582400,603158400
transport2_qk,21,6,0,1,0.3296066653975453,1635608.0493254543,15055225.613218475,4,4,320860800,201052800
transport2_qk,21,6,0,2,0.5325657246699295,4270057.200039586,15055225.613218475,4,4,641721600,402105600
transport2_qk,21,6,0,3,0.6937508904159696,7245934.021134814,15055225.613218475,4,4,962582400,603158400
transport2_qk,21,6,1,1,0.35777788734575255,1909235.4840444052,14915317.646595946,4,4,320860800,201052800
transport2_qk,21,6,1,2,0.5711988671816849,4866393.033611583,14915317.646595946,4,4,641721600,402105600
transport2_qk,21,6,1,3,0.701211737233873,7333830.371145563,14915317.646595946,4,4,962582400,603158400
transport2_qk,22,4,0,1,0.49863941609862233,275733.4082639675,1108960.75809291,4,4,320860800,201052800
transport2_qk,22,4,0,2,0.6967644231580045,538379.0022819779,1108960.75809291,4,4,641721600,402105600
transport2_qk,22,4,0,3,0.9284858736846222,956019.5636543654,1108960.75809291,4,4,962582400,603158400
transport2_qk,22,4,1,1,0.5175584163921635,290000.6646107321,1082630.4615104347,4,4,320860800,201052800
transport2_qk,22,4,1,2,0.6763734160947413,495282.86399663717,1082630.4615104347,4,4,641721600,402105600
transport2_qk,22,4,1,3,0.9785037426720999,1036585.7272401046,1082630.4615104347,4,4,962582400,603158400
transport2_qk,22,6,0,1,0.3921057526385093,182014.18044037165,1183855.773877834,4,4,320860800,201052800
transport2_qk,22,6,0,2,0.5936493063913305,417213.85869331344,1183855.773877834,4,4,641721600,402105600
transport2_qk,22,6,0,3,0.7389186070469527,646386.0905180156,1183855.773877834,4,4,962582400,603158400
transport2_qk,22,6,1,1,0.43326274336518844,224643.2171704907,1196714.6828795476,4,4,320860800,201052800
transport2_qk,22,6,1,2,0.6102478541418789,445659.47205844254,1196714.6828795476,4,4,641721600,402105600
transport2_qk,22,6,1,3,0.7322368499886021,641643.4742540277,1196714.6828795476,4,4,962582400,603158400
transport2_qk,23,4,0,1,0.4710740715879246,275946.6894115147,1243502.8540050033,4,4,320860800,201052800
transport2_qk,23,4,0,2,0.6563583051901141,535708.7700520215,1243502.8540050033,4,4,641721600,402105600
transport2_qk,23,4,0,3,1.0949029413333158,1490726.7041610538,1243502.8540050033,4,4,962582400,603158400
transport2_qk,23,4,1,1,0.5359278138689629,315940.6527502457,1100000.588067871,4,4,320860800,201052800
transport2_qk,23,4,1,2,0.7075927998192927,550756.6218299898,1100000.588067871,4,4,641721600,402105600
transport2_qk,23,4,1,3,1.0639115331638902,1245099.1910776345,1100000.588067871,4,4,962582400,603158400
transport2_qk,23,6,0,1,0.39851280812418627,164347.61246052422,1034853.4005636317,4,4,320860800,201052800
transport2_qk,23,6,0,2,0.583540042977811,352387.22622929607,1034853.4005636317,4,4,641721600,402105600
transport2_qk,23,6,0,3,0.7319716781969213,554456.3810832617,1034853.4005636317,4,4,962582400,603158400
transport2_qk,23,6,1,1,0.49515721899306325,253134.38275378852,1032440.2049456197,4,4,320860800,201052800
transport2_qk,23,6,1,2,0.6621247312950976,452631.2427863142,1032440.2049456197,4,4,641721600,402105600
transport2_qk,23,6,1,3,0.7779573379077406,624851.0032211685,1032440.2049456197,4,4,962582400,603158400
transport2_qk,24,4,0,1,0.2241977047502403,230746.40085935476,4590633.39229573,4,4,320860800,201052800
transport2_qk,24,4,0,2,0.31136285870452435,445047.3540682785,4590633.39229573,4,4,641721600,402105600
transport2_qk,24,4,0,3,0.41438624763799276,788285.0302100973,4590633.39229573,4,4,962582400,603158400
transport2_qk,24,4,1,1,0.2569783361235308,264003.75500837184,3997763.314450399,4,4,320860800,201052800
transport2_qk,24,4,1,2,0.35664802869838436,508506.7639799488,3997763.314450399,4,4,641721600,402105600
transport2_qk,24,4,1,3,0.5403792223692109,1167385.681988203,3997763.314450399,4,4,962582400,603158400
transport2_qk,24,6,0,1,0.18442733554130838,125732.17985585933,3696543.8400848024,4,4,320860800,201052800
transport2_qk,24,6,0,2,0.27799777185097546,285679.1146889593,3696543.8400848024,4,4,641721600,402105600
transport2_qk,24,6,0,3,0.3537018788993226,462456.18785423983,3696543.8400848024,4,4,962582400,603158400
transport2_qk,24,6,1,1,0.22305235700686382,174828.71006945384,3513978.6589356894,4,4,320860800,201052800
transport2_qk,24,6,1,2,0.30409838713191156,324958.08977097704,3513978.6589356894,4,4,641721600,402105600
transport2_qk,24,6,1,3,0.36908725859591585,478693.1640697622,3513978.6589356894,4,4,962582400,603158400
transport2_qk,25,4,0,1,0.17126982047754408,128328.16405331173,4374821.079096621,4,4,320860800,201052800
transport2_qk,25,4,0,2,0.26942558840774133,317568.9082439513,4374821.079096621,4,4,641721600,402105600
transport2_qk,25,4,0,3,0.46821911497595875,959088.261200597,4374821.079096621,4,4,962582400,603158400
transport2_qk,25,4,1,1,0.19743496549040476,175582.34400064676,4504355.986275547,4,4,320860800,201052800
transport2_qk,25,4,1,2,0.2811163681241097,355963.0938907437,4504355.986275547,4,4,641721600,402105600
transport2_qk,25,4,1,3,0.9530623042528898,4091431.564283136,4504355.986275547,4,4,962582400,603158400
transport2_qk,25,6,0,1,0.11973967934216853,67401.92978746201,4701063.845769359,4,4,320860800,201052800
transport2_qk,25,6,0,2,0.19081489372287588,171167.25620121392,4701063.845769359,4,4,641721600,402105600
transport2_qk,25,6,0,3,0.26369673416330913,326893.0233044146,4701063.845769359,4,4,962582400,603158400
transport2_qk,25,6,1,1,0.1548472853034667,111863.5973125438,4665321.6272079125,4,4,320860800,201052800
transport2_qk,25,6,1,2,0.2263379603349576,238999.1658254256,4665321.6272079125,4,4,641721600,402105600
transport2_qk,25,6,1,3,0.2918990677842312,397509.03609986405,4665321.6272079125,4,4,962582400,603158400
transport2_qk,26,4,0,1,0.23305802702949996,130458.50107896022,2401840.9950494375,4,4,320860800,201052800
transport2_qk,26,4,0,2,0.3589219944187211,309417.16156973434,2401840.9950494375,4,4,641721600,402105600
transport2_qk,26,4,0,3,1.6286129727289762,6370595.534703604,2401840.9950494375,4,4,962582400,603158400
transport2_qk,26,4,1,1,0.30607686963533043,221338.4040582224,2362630.2064363915,4,4,320860800,201052800
transport2_qk,26,4,1,2,0.44010308021247824,457619.5486431286,2362630.2064363915,4,4,641721600,402105600
transport2_qk,26,4,1,3,2.4795538415643303,14525892.919276318,2362630.2064363915,4,4,962582400,603158400
transport2_qk,26,6,0,1,0.1776154733999266,75690.65688923094,2399278.5918027544,4,4,320860800,201052800
transport2_qk,26,6,0,2,0.29795631218493474,213003.06837908775,2399278.5918027544,4,4,641721600,402105600
transport2_qk,26,6,0,3,0.4211189125526686,425490.7970718715,2399278.5918027544,4,4,962582400,603158400
transport2_qk,26,6,1,1,0.24657208440973957,142857.81561558074,2349720.425898402,4,4,320860800,201052800
transport2_qk,26,6,1,2,0.3667844741000695,316109.88719438243,2349720.425898402,4,4,641721600,402105600
transport2_qk,26,6,1,3,0.4969303503170075,580239.4287403282,2349720.425898402,4,4,962582400,603158400
transport2_qk,27,4,0,1,0.18655279575543746,220719.29839318932,6342153.996319756,4,4,320860800,201052800
transport2_qk,27,4,0,2,0.3009213224851352,574305.1445604364,6342153.996319756,4,4,641721600,402105600
transport2_qk,27,4,0,3,0.9516578229573172,5743788.332446972,6342153.996319756,4,4,962582400,603158400
transport2_qk,27,4,1,1,0.25145201099035885,393215.82248119294,6219002.887411921,4,4,320860800,201052800
transport2_qk,27,4,1,2,0.38025665484992044,899237.4909107185,6219002.887411921,4,4,641721600,402105600
transport2_qk,27,4,1,3,4.874506611467843,147768575.25917026,6219002.887411921,4,4,962582400,603158400
transport2_qk,27,6,0,1,0.13706116139885258,113935.75366560451,6065005.714643393,4,4,320860800,201052800
transport2_qk,27,6,0,2,0.23751561586711997,342149.2174741655,6065005.714643393,4,4,641721600,402105600
transport2_qk,27,6,0,3,0.3439573299157188,717530.4768089687,6065005.714643393,4,4,962582400,603158400
transport2_qk,27,6,1,1,0.19845723909761523,236153.20526071687,5995976.94220104,4,4,320860800,201052800
transport2_qk,27,6,1,2,0.29528785951187647,522818.7296477986,5995976.94220104,4,4,641721600,402105600
transport2_qk,27,6,1,3,0.4063970609425372,990286.9843786927,5995976.94220104,4,4,962582400,603158400
transport2_qk,28,4,0,1,0.21175998388872122,326986.9495329799,7291932.322600366,4,4,320860800,201052800
transport2_qk,28,4,0,2,0.48326831815735893,1703018.1594647893,7291932.322600366,4,4,641721600,402105600
transport2_qk,28,4,0,3,1.217050980342449,10800905.598533198,7291932.322600366,4,4,962582400,603158400
transport2_qk,28,4,1,1,0.24634448916527513,467877.31478522904,7709856.344481888,4,4,320860800,201052800
transport2_qk,28,4,1,2,0.4196818024480879,1357958.7035590059,7709856.344481888,4,4,641721600,402105600
transport2_qk,28,4,1,3,4.555823085780297,160022108.309088,7709856.344481888,4,4,962582400,603158400
transport2_qk,28,6,0,1,0.14742857434878817,151340.21132989862,6962913.569450749,4,4,320860800,201052800
transport2_qk,28,6,0,2,0.2651653253373885,489580.9031268759,6962913.569450749,4,4,641721600,402105600
transport2_qk,28,6,0,3,0.4346574977264479,1315483.3490400093,6962913.569450749,4,4,962582400,603158400
transport2_qk,28,6,1,1,0.19019823074576778,256348.69265291077,7086277.598869856,4,4,320860800,201052800
transport2_qk,28,6,1,2,0.29489227911885607,616233.0196297952,7086277.598869856,4,4,641721600,402105600
transport2_qk,28,6,1,3,0.4487448386757105,1426977.3982873568,7086277.598869856,4,4,962582400,603158400
transport2_qk,29,4,0,1,0.07729823606440499,268881.63535902416,45000980.23464198,4,4,320860800,201052800
transport2_qk,29,4,0,2,0.1454210596655429,951648.5360421651,45000980.23464198,4,4,641721600,402105600
transport2_qk,29,4,0,3,0.9242790638504754,38443967.86065884,45000980.23464198,4,4,962582400,603158400
transport2_qk,29,4,1,1,0.09542870488813311,402361.4115964737,44183311.57084072,4,4,320860800,201052800
transport2_qk,29,4,1,2,0.16823634610701746,1250540.9518704482,44183311.57084072,4,4,641721600,402105600
transport2_qk,29,4,1,3,8.245570103882127,3003998007.416111,44183311.57084072,4,4,962582400,603158400
transport2_qk,29,6,0,1,0.054368572429789,123660.43567843936,41834531.78894504,4,4,320860800,201052800
transport2_qk,29,6,0,2,0.09930918289726212,412585.28050169174,41834531.78894504,4,4,641721600,402105600
transport2_qk,29,6,0,3,0.15935189768583582,1062305.407635286,41834531.78894504,4,4,962582400,603158400
transport2_qk,29,6,1,1,0.06968048399565546,201591.11149695644,41519208.1613317,4,4,320860800,201052800
transport2_qk,29,6,1,2,0.10788658041973859,483263.41440582793,41519208.1613317,4,4,641721600,402105600
transport2_qk,29,6,1,3,0.17671924444749035,1296632.056310757,41519208.1613317,4,4,962582400,603158400
transport4_history,20,4,0,1,0.35233297087001597,259373.06514371955,2089384.1831560656,4,4,201052800,9360000
transport4_history,20,4,0,2,0.5065308377265235,536080.5909203985,2089384.1831560656,4,4,402105600,18720000
transport4_history,20,4,0,3,0.9725079620687452,1976080.5066743246,2089384.1831560656,4,4,603158400,28080000
transport4_history,20,4,1,1,0.3783588941299231,279817.90784920147,1954643.727781761,4,4,201052800,9360000
transport4_history,20,4,1,2,0.5088216533811576,506056.23483609944,1954643.727781761,4,4,402105600,18720000
transport4_history,20,4,1,3,1.072958299543262,2250263.092397529,1954643.727781761,4,4,603158400,28080000
transport4_history,20,6,0,1,0.2589389978983431,154819.14427333645,2309030.8574949875,4,4,201052800,9360000
transport4_history,20,6,0,2,0.4167559396260492,401045.2095100354,2309030.8574949875,4,4,402105600,18720000
transport4_history,20,6,0,3,0.5213568038483135,627624.4126315282,2309030.8574949875,4,4,603158400,28080000
transport4_history,20,6,1,1,0.29654156755605965,198024.37643038086,2251891.6806094116,4,4,201052800,9360000
transport4_history,20,6,1,2,0.44019575531988425,436354.23706192686,2251891.6806094116,4,4,402105600,18720000
transport4_history,20,6,1,3,0.5247857546227978,620171.1675805758,2251891.6806094116,4,4,603158400,28080000
transport4_history,21,4,0,1,0.4833920441569359,3703293.181555437,15848534.10799962,4,4,201052800,9360000
transport4_history,21,4,0,2,0.7603350999221226,9162187.561112432,15848534.10799962,4,4,402105600,18720000
transport4_history,21,4,0,3,1.5976673052512103,40454030.220392175,15848534.10799962,4,4,603158400,28080000
transport4_history,21,4,1,1,0.48843195178649507,3756239.9125167094,15745091.54641192,4,4,201052800,9360000
transport4_history,21,4,1,2,0.7113249744434069,7966752.10830577,15745091.54641192,4,4,402105600,18720000
transport4_history,21,4,1,3,1.5376295913895155,37226194.894803755,15745091.54641192,4,4,603158400,28080000
transport4_history,21,6,0,1,0.33047906790682113,1644277.7583230163,15055225.613218475,4,4,201052800,9360000
transport4_history,21,6,0,2,0.5372311308505904,4345198.386037831,15055225.613218475,4,4,402105600,18720000
transport4_history,21,6,0,3,0.7209087398261022,7824342.438291472,15055225.613218475,4,4,603158400,28080000
transport4_history,21,6,1,1,0.3580689983261351,1912343.7003438992,14915317.646595946,4,4,201052800,9360000
transport4_history,21,6,1,2,0.5721142672469335,4882003.239766806,14915317.646595946,4,4,402105600,18720000
transport4_history,21,6,1,3,0.7068137970602865,7451480.059216816,14915317.646595946,4,4,603158400,28080000
transport4_history,22,4,0,1,0.4975941123180415,274578.5734881645,1108960.75809291,4,4,201052800,9360000
transport4_history,22,4,0,2,0.6946256287035083,535078.8489262629,1108960.75809291,4,4,402105600,18720000
transport4_history,22,4,0,3,0.9515166330913579,1004035.2194909067,1108960.75809291,4,4,603158400,28080000
transport4_history,22,4,1,1,0.5190394935803615,291662.80714888993,1082630.4615104347,4,4,201052800,9360000
transport4_history,22,4,1,2,0.6756523110210855,494227.35060085857,1082630.4615104347,4,4,402105600,18720000
transport4_history,22,4,1,3,1.050338267264624,1194369.2664290746,1082630.4615104347,4,4,603158400,28080000
transport4_history,22,6,0,1,0.39216790881028907,182071.89038864945,1183855.773877834,4,4,201052800,9360000
transport4_history,22,6,0,2,0.5927878598004167,416003.8962334016,1183855.773877834,4,4,402105600,18720000
transport4_history,22,6,0,3,0.7370772622320132,643168.586766801,1183855.773877834,4,4,603158400,28080000
transport4_history,22,6,1,1,0.4335630615477826,224954.75018550246,1196714.6828795476,4,4,201052800,9360000
transport4_history,22,6,1,2,0.6135024524092563,450425.76599895896,1196714.6828795476,4,4,402105600,18720000
transport4_history,22,6,1,3,0.7358858980458903,648054.574541259,1196714.6828795476,4,4,603158400,28080000
transport4_history,23,4,0,1,0.46834538565656264,272759.1182490932,1243502.8540050033,4,4,201052800,9360000
transport4_history,23,4,0,2,0.6553021357059562,533986.1011164552,1243502.8540050033,4,4,402105600,18720000
transport4_history,23,4,0,3,1.11366840772346,1542263.520056888,1243502.8540050033,4,4,603158400,28080000
transport4_history,23,4,1,1,0.5361794730376839,316237.43910037255,1100000.588067871,4,4,201052800,9360000
transport4_history,23,4,1,2,0.7046689076630017,546214.3883796292,1100000.588067871,4,4,402105600,18720000
transport4_history,23,4,1,3,1.1063394214163231,1346386.3267051643,1100000.588067871,4,4,603158400,28080000
transport4_history,23,6,0,1,0.39575502245340216,162080.8484175272,1034853.4005636317,4,4,201052800,9360000
transport4_history,23,6,0,2,0.5773997184401067,345010.2252247892,1034853.4005636317,4,4,402105600,18720000
transport4_history,23,6,0,3,0.7245715081063407,543302.0405505935,1034853.4005636317,4,4,603158400,28080000
transport4_history,23,6,1,1,0.4951965209389597,253174.5682474469,1032440.2049456197,4,4,201052800,9360000
transport4_history,23,6,1,2,0.6624578855366079,453086.8486516675,1032440.2049456197,4,4,402105600,18720000
transport4_history,23,6,1,3,0.7785125714435587,625743.2424766524,1032440.2049456197,4,4,603158400,28080000
transport4_history,24,4,0,1,0.22403020144705507,230401.73768863638,4590633.39229573,4,4,201052800,9360000
transport4_history,24,4,0,2,0.3112087872049512,444607.0180018597,4590633.39229573,4,4,402105600,18720000
transport4_history,24,4,0,3,0.4208979159749286,813253.9141820669,4590633.39229573,4,4,603158400,28080000
transport4_history,24,4,1,1,0.25673900648283543,263512.2388558105,3997763.314450399,4,4,201052800,9360000
transport4_history,24,4,1,2,0.3564497401027149,507941.4836247936,3997763.314450399,4,4,402105600,18720000
transport4_history,24,4,1,3,0.5723854890539519,1309767.7978837313,3997763.314450399,4,4,603158400,28080000
transport4_history,24,6,0,1,0.18435186145066776,125629.29293630856,3696543.8400848024,4,4,201052800,9360000
transport4_history,24,6,0,2,0.2769913139040801,283614.32445672527,3696543.8400848024,4,4,402105600,18720000
transport4_history,24,6,0,3,0.3524579759976633,459209.16484297946,3696543.8400848024,4,4,603158400,28080000
transport4_history,24,6,1,1,0.22264019255193662,174183.19701536445,3513978.6589356894,4,4,201052800,9360000
transport4_history,24,6,1,2,0.3037372192034598,324186.6634820937,3513978.6589356894,4,4,402105600,18720000
transport4_history,24,6,1,3,0.3702353093607996,481675.7583123869,3513978.6589356894,4,4,603158400,28080000
transport4_history,25,4,0,1,0.17172282301617192,129007.908607972,4374821.079096621,4,4,201052800,9360000
transport4_history,25,4,0,2,0.2733237249982206,326824.7651404835,4374821.079096621,4,4,402105600,18720000
transport4_history,25,4,0,3,0.49454493015948864,1069970.500241623,4374821.079096621,4,4,603158400,28080000
transport4_history,25,4,1,1,0.1984651198628997,177419.39245625623,4504355.986275547,4,4,201052800,9360000
transport4_history,25,4,1,2,0.28496781305906393,365783.6802308918,4504355.986275547,4,4,402105600,18720000
transport4_history,25,4,1,3,1.1921794720645653,6402004.649236778,4504355.986275547,4,4,603158400,28080000
transport4_history,25,6,0,1,0.1198401651604073,67515.10496941512,4701063.845769359,4,4,201052800,9360000
transport4_history,25,6,0,2,0.19119033771003463,171841.4901455034,4701063.845769359,4,4,402105600,18720000
transport4_history,25,6,0,3,0.26670222671559835,334387.0367870472,4701063.845769359,4,4,603158400,28080000
transport4_history,25,6,1,1,0.1552474483277452,112442.5098253263,4665321.6272079125,4,4,201052800,9360000
transport4_history,25,6,1,2,0.2277912187181278,242078.1243140585,4665321.6272079125,4,4,402105600,18720000
transport4_history,25,6,1,3,0.2966688681004232,410606.233892474,4665321.6272079125,4,4,603158400,28080000
transport4_history,26,4,0,1,0.23360187503120994,131068.06924139078,2401840.9950494375,4,4,201052800,9360000
transport4_history,26,4,0,2,0.3602181812576544,311656.01370946073,2401840.9950494375,4,4,402105600,18720000
transport4_history,26,4,0,3,1.5594018024206784,5840638.365564157,2401840.9950494375,4,4,603158400,28080000
transport4_history,26,4,1,1,0.3110193995322359,228544.4657846603,2362630.2064363915,4,4,201052800,9360000
transport4_history,26,4,1,2,0.4565351358146043,492429.6183653718,2362630.2064363915,4,4,402105600,18720000
transport4_history,26,4,1,3,2.9025510169501514,19904692.64766971,2362630.2064363915,4,4,603158400,28080000
transport4_history,26,6,0,1,0.17729820840827334,75420.49407389885,2399278.5918027544,4,4,201052800,9360000
transport4_history,26,6,0,2,0.2958008624754704,209932.43869612925,2399278.5918027544,4,4,402105600,18720000
transport4_history,26,6,0,3,0.41449452604764975,412209.76704725844,2399278.5918027544,4,4,603158400,28080000
transport4_history,26,6,1,1,0.24821557922919255,144768.56353175547,2349720.425898402,4,4,201052800,9360000
transport4_history,26,6,1,2,0.3726975533573544,326384.31194281764,2349720.425898402,4,4,402105600,18720000
transport4_history,26,6,1,3,0.5149786243701961,623152.8674759464,2349720.425898402,4,4,603158400,28080000
transport4_history,27,4,0,1,0.18876354883337657,225981.58501611897,6342153.996319756,4,4,201052800,9360000
transport4_history,27,4,0,2,0.30803383553735936,601774.2915237562,6342153.996319756,4,4,402105600,18720000
transport4_history,27,4,0,3,1.0761760266125195,7345196.348483553,6342153.996319756,4,4,603158400,28080000
transport4_history,27,4,1,1,0.25553581068883346,406091.87437943276,6219002.887411921,4,4,201052800,9360000
transport4_history,27,4,1,2,0.3916201199200563,953785.5765023693,6219002.887411921,4,4,402105600,18720000
transport4_history,27,4,1,3,5.151269785134599,165024851.12202883,6219002.887411921,4,4,603158400,28080000
transport4_history,27,6,0,1,0.13859898762481537,116506.81515930017,6065005.714643393,4,4,201052800,9360000
transport4_history,27,6,0,2,0.24271966516176763,357306.6861339474,6065005.714643393,4,4,402105600,18720000
transport4_history,27,6,0,3,0.3573906865220628,774671.6734796531,6065005.714643393,4,4,603158400,28080000
transport4_history,27,6,1,1,0.20138899492484702,243181.9983846227,5995976.94220104,4,4,201052800,9360000
transport4_history,27,6,1,2,0.30360371919016454,552680.4836057244,5995976.94220104,4,4,402105600,18720000
transport4_history,27,6,1,3,0.42620350618490366,1089165.7859550861,5995976.94220104,4,4,603158400,28080000
transport4_history,28,4,0,1,0.2133878895874735,332033.7006043631,7291932.322600366,4,4,201052800,9360000
transport4_history,28,4,0,2,0.5029048145852442,1844226.320959509,7291932.322600366,4,4,402105600,18720000
transport4_history,28,4,0,3,1.3608122317906757,13503272.68527295,7291932.322600366,4,4,603158400,28080000
transport4_history,28,4,1,1,0.24912056355002288,478481.82005160145,7709856.344481888,4,4,201052800,9360000
transport4_history,28,4,1,2,0.4374111334225926,1475115.2468453604,7709856.344481888,4,4,402105600,18720000
transport4_history,28,4,1,3,5.483540394533297,231829330.0341712,7709856.344481888,4,4,603158400,28080000
transport4_history,28,6,0,1,0.14972673899863065,156095.26742403285,6962913.569450749,4,4,201052800,9360000
transport4_history,28,6,0,2,0.2716959691308093,513993.22541600117,6962913.569450749,4,4,402105600,18720000
transport4_history,28,6,0,3,0.44608283023277523,1385549.4152109153,6962913.569450749,4,4,603158400,28080000
transport4_history,28,6,1,1,0.1923044253361509,262057.57522098973,7086277.598869856,4,4,201052800,9360000
transport4_history,28,6,1,2,0.3024853293755239,648375.7951856048,7086277.598869856,4,4,402105600,18720000
transport4_history,28,6,1,3,0.4644121484318621,1528358.7407759586,7086277.598869856,4,4,603158400,28080000
transport4_history,29,4,0,1,0.07695408280595263,266492.6936045205,45000980.23464198,4,4,201052800,9360000
transport4_history,29,4,0,2,0.14643251524678771,964932.6871307297,45000980.23464198,4,4,402105600,18720000
transport4_history,29,4,0,3,1.1042351145596885,54871278.704790846,45000980.23464198,4,4,603158400,28080000
transport4_history,29,4,1,1,0.09655505818859932,411915.6791616068,44183311.57084072,4,4,201052800,9360000
transport4_history,29,4,1,2,0.17592341535462633,1367431.4336993436,44183311.57084072,4,4,402105600,18720000
transport4_history,29,4,1,3,16.072786926887982,11414072801.531485,44183311.57084072,4,4,603158400,28080000
transport4_history,29,6,0,1,0.05508737382375183,126951.85476491647,41834531.78894504,4,4,201052800,9360000
transport4_history,29,6,0,2,0.10102870382058098,426996.6570475898,41834531.78894504,4,4,402105600,18720000
transport4_history,29,6,0,3,0.1628215856119697,1109069.7811061125,41834531.78894504,4,4,603158400,28080000
transport4_history,29,6,1,1,0.07050639194221131,206398.26582167696,41519208.1613317,4,4,201052800,9360000
transport4_history,29,6,1,2,0.10997326051970203,502138.2039876436,41519208.1613317,4,4,402105600,18720000
transport4_history,29,6,1,3,0.18296887477405818,1389963.8224648123,41519208.1613317,4,4,603158400,28080000
transport4_qk,20,4,0,1,0.3524899236804129,259604.20104197302,2089384.1831560656,4,4,392745600,201052800
transport4_qk,20,4,0,2,0.503683596237869,530070.8441114065,2089384.1831560656,4,4,785491200,402105600
transport4_qk,20,4,0,3,0.9713147580169899,1971234.4367517424,2089384.1831560656,4,4,1178236800,603158400
transport4_qk,20,4,1,1,0.37793029019196234,279184.3129725584,1954643.727781761,4,4,392745600,201052800
transport4_qk,20,4,1,2,0.5066067103511107,501660.0143990705,1954643.727781761,4,4,785491200,402105600
transport4_qk,20,4,1,3,1.0674023493504095,2227018.9829453155,1954643.727781761,4,4,1178236800,603158400
transport4_qk,20,6,0,1,0.26276497715077607,159428.03586727293,2309030.8574949875,4,4,392745600,201052800
transport4_qk,20,6,0,2,0.43698086083332177,440914.69005306164,2309030.8574949875,4,4,785491200,402105600
transport4_qk,20,6,0,3,0.5604403591894295,725251.343980541,2309030.8574949875,4,4,1178236800,603158400
transport4_qk,20,6,1,1,0.3003287980595069,203114.7452716045,2251891.6806094116,4,4,392745600,201052800
transport4_qk,20,6,1,2,0.4592978602678668,475046.7385883053,2251891.6806094116,4,4,785491200,402105600
transport4_qk,20,6,1,3,0.5599463944116003,706058.0378540776,2251891.6806094116,4,4,1178236800,603158400
transport4_qk,21,4,0,1,0.4826360134925699,3691718.2548426175,15848534.10799962,4,4,392745600,201052800
transport4_qk,21,4,0,2,0.7549591155965147,9033082.265030542,15848534.10799962,4,4,785491200,402105600
transport4_qk,21,4,0,3,1.5684403932776965,38987477.38410958,15848534.10799962,4,4,1178236800,603158400
transport4_qk,21,4,1,1,0.48839642005381223,3755693.4255090854,15745091.54641192,4,4,392745600,201052800
transport4_qk,21,4,1,2,0.7094931803480375,7925773.203946355,15745091.54641192,4,4,785491200,402105600
transport4_qk,21,4,1,3,1.4945366116315815,35168861.29851955,15745091.54641192,4,4,1178236800,603158400
transport4_qk,21,6,0,1,0.3306567072251714,1646045.899850304,15055225.613218475,4,4,392745600,201052800
transport4_qk,21,6,0,2,0.5357865438283403,4321861.7715024315,15055225.613218475,4,4,785491200,402105600
transport4_qk,21,6,0,3,0.7120973935580266,7634244.421626701,15055225.613218475,4,4,1178236800,603158400
transport4_qk,21,6,1,1,0.3582127393644294,1913879.367736945,14915317.646595946,4,4,392745600,201052800
transport4_qk,21,6,1,2,0.5728942040136361,4895323.128602494,14915317.646595946,4,4,785491200,402105600
transport4_qk,21,6,1,3,0.7054006775943359,7421714.637208935,14915317.646595946,4,4,1178236800,603158400
transport4_qk,22,4,0,1,0.4975831865792464,274566.51570547384,1108960.75809291,4,4,392745600,201052800
transport4_qk,22,4,0,2,0.694851585571696,535427.0203748076,1108960.75809291,4,4,785491200,402105600
transport4_qk,22,4,0,3,0.9531532732784859,1007492.13774069,1108960.75809291,4,4,1178236800,603158400
transport4_qk,22,4,1,1,0.5184535830630476,291004.6997952656,1082630.4615104347,4,4,392745600,201052800
transport4_qk,22,4,1,2,0.6739998731133994,491812.8503566206,1082630.4615104347,4,4,785491200,402105600
transport4_qk,22,4,1,3,1.0573432817159614,1210353.5903425878,1082630.4615104347,4,4,1178236800,603158400
transport4_qk,22,6,0,1,0.3926228621808996,182494.57805017233,1183855.773877834,4,4,392745600,201052800
transport4_qk,22,6,0,2,0.5928689134295816,416117.66688576026,1183855.773877834,4,4,785491200,402105600
transport4_qk,22,6,0,3,0.7364190101986784,642020.3272660726,1183855.773877834,4,4,1178236800,603158400
transport4_qk,22,6,1,1,0.4352481348807993,226706.75314071804,1196714.6828795476,4,4,392745600,201052800
transport4_qk,22,6,1,2,0.614691326077844,452173.1695783163,1196714.6828795476,4,4,785491200,402105600
transport4_qk,22,6,1,3,0.7362993052887211,648782.9094887669,1196714.6828795476,4,4,1178236800,603158400
transport4_qk,23,4,0,1,0.4682713286535445,272672.865127257,1243502.8540050033,4,4,392745600,201052800
transport4_qk,23,4,0,2,0.6519311757695394,528506.4427415247,1243502.8540050033,4,4,785491200,402105600
transport4_qk,23,4,0,3,1.1136490216781512,1542209.8270005991,1243502.8540050033,4,4,1178236800,603158400
transport4_qk,23,4,1,1,0.5340026267458619,313674.85360135994,1100000.588067871,4,4,392745600,201052800
transport4_qk,23,4,1,2,0.7018354906737785,541830.6512326221,1100000.588067871,4,4,785491200,402105600
transport4_qk,23,4,1,3,1.1337312718079724,1413882.0122138918,1100000.588067871,4,4,1178236800,603158400
transport4_qk,23,6,0,1,0.3961151329222753,162375.9479717163,1034853.4005636317,4,4,392745600,201052800
transport4_qk,23,6,0,2,0.5787137565069306,346582.3508289764,1034853.4005636317,4,4,785491200,402105600
transport4_qk,23,6,0,3,0.7257229528835447,545030.1774111156,1034853.4005636317,4,4,1178236800,603158400
transport4_qk,23,6,1,1,0.49575153860218524,253742.403831412,1032440.2049456197,4,4,392745600,201052800
transport4_qk,23,6,1,2,0.6632926514580413,454229.44131508167,1032440.2049456197,4,4,785491200,402105600
transport4_qk,23,6,1,3,0.7772729898946867,623752.1577169936,1032440.2049456197,4,4,1178236800,603158400
transport4_qk,24,4,0,1,0.2240152687595669,230371.02395039992,4590633.39229573,4,4,392745600,201052800
transport4_qk,24,4,0,2,0.31059360874118014,442851.01147496514,4590633.39229573,4,4,785491200,402105600
transport4_qk,24,4,0,3,0.41892999353730764,805666.9000666365,4590633.39229573,4,4,1178236800,603158400
transport4_qk,24,4,1,1,0.2568364867134116,263712.3807095787,3997763.314450399,4,4,392745600,201052800
transport4_qk,24,4,1,2,0.35563146511590005,505612.07393754495,3997763.314450399,4,4,785491200,402105600
transport4_qk,24,4,1,3,0.582498779185992,1356460.392807539,3997763.314450399,4,4,1178236800,603158400
transport4_qk,24,6,0,1,0.18427191567551426,125520.35610871391,3696543.8400848024,4,4,392745600,201052800
transport4_qk,24,6,0,2,0.2780095292842083,285703.2798045502,3696543.8400848024,4,4,785491200,402105600
transport4_qk,24,6,0,3,0.35474552800674736,465189.3033358791,3696543.8400848024,4,4,1178236800,603158400
transport4_qk,24,6,1,1,0.22342995339106447,175421.13210410113,3513978.6589356894,4,4,392745600,201052800
transport4_qk,24,6,1,2,0.3066464907513827,330426.688255085,3513978.6589356894,4,4,785491200,402105600
transport4_qk,24,6,1,3,0.3733183920394927,489731.3348959832,3513978.6589356894,4,4,1178236800,603158400
transport4_qk,25,4,0,1,0.17176948491327293,129078.02825216047,4374821.079096621,4,4,392745600,201052800
transport4_qk,25,4,0,2,0.2710866713528788,321496.77877380396,4374821.079096621,4,4,785491200,402105600
transport4_qk,25,4,0,3,0.49012377780633454,1050925.2837586445,4374821.079096621,4,4,1178236800,603158400
transport4_qk,25,4,1,1,0.1981191387301681,176801.34674890447,4504355.986275547,4,4,392745600,201052800
transport4_qk,25,4,1,2,0.2846536017697031,364977.48393362085,4504355.986275547,4,4,785491200,402105600
transport4_qk,25,4,1,3,1.171868950692621,6185727.7442455115,4504355.986275547,4,4,1178236800,603158400
transport4_qk,25,6,0,1,0.11999742282409169,67692.41169786564,4701063.845769359,4,4,392745600,201052800
transport4_qk,25,6,0,2,0.19274080252982834,174639.90053578728,4701063.845769359,4,4,785491200,402105600
transport4_qk,25,6,0,3,0.26879653435114226,339659.2758665609,4701063.845769359,4,4,1178236800,603158400
transport4_qk,25,6,1,1,0.1553262863419234,112556.74030233349,4665321.6272079125,4,4,392745600,201052800
transport4_qk,25,6,1,2,0.22870349316996763,244020.99033536878,4665321.6272079125,4,4,785491200,402105600
transport4_qk,25,6,1,3,0.2985524019092998,415836.616409849,4665321.6272079125,4,4,1178236800,603158400
transport4_qk,26,4,0,1,0.23344143099758768,130888.08893914428,2401840.9950494375,4,4,392745600,201052800
transport4_qk,26,4,0,2,0.36005534796058264,311374.31495671725,2401840.9950494375,4,4,785491200,402105600
transport4_qk,26,4,0,3,1.65603126451508,6586903.735356582,2401840.9950494375,4,4,1178236800,603158400
transport4_qk,26,4,1,1,0.3069711071445924,222633.62273511747,2362630.2064363915,4,4,392745600,201052800
transport4_qk,26,4,1,2,0.44534465346939767,468584.8442178124,2362630.2064363915,4,4,785491200,402105600
transport4_qk,26,4,1,3,2.734928131006637,17672076.742939204,2362630.2064363915,4,4,1178236800,603158400
transport4_qk,26,6,0,1,0.1785412345599321,76481.73754242298,2399278.5918027544,4,4,392745600,201052800
transport4_qk,26,6,0,2,0.30115375251405296,217599.17127394542,2399278.5918027544,4,4,785491200,402105600
transport4_qk,26,6,0,3,0.42816929218801425,439857.2076525757,2399278.5918027544,4,4,1178236800,603158400
transport4_qk,26,6,1,1,0.24811061118401367,144646.14688066597,2349720.425898402,4,4,392745600,201052800
transport4_qk,26,6,1,2,0.37264836238762566,326298.16111551295,2349720.425898402,4,4,785491200,402105600
transport4_qk,26,6,1,3,0.508941253818711,608627.4040013802,2349720.425898402,4,4,1178236800,603158400
transport4_qk,27,4,0,1,0.18700555797921883,221791.96662870457,6342153.996319756,4,4,392745600,201052800
transport4_qk,27,4,0,2,0.3022676874740855,579455.687508292,6342153.996319756,4,4,785491200,402105600
transport4_qk,27,4,0,3,1.0003190539468358,6346201.620449927,6342153.996319756,4,4,1178236800,603158400
transport4_qk,27,4,1,1,0.2520941245558372,395226.636344842,6219002.887411921,4,4,392745600,201052800
transport4_qk,27,4,1,2,0.3832340821160506,913374.7654527271,6219002.887411921,4,4,785491200,402105600
transport4_qk,27,4,1,3,5.046396270039309,158373844.6705892,6219002.887411921,4,4,1178236800,603158400
transport4_qk,27,6,0,1,0.13738660255975732,114477.4593484086,6065005.714643393,4,4,392745600,201052800
transport4_qk,27,6,0,2,0.23892105136424763,346210.3513915343,6065005.714643393,4,4,785491200,402105600
transport4_qk,27,6,0,3,0.3471252025858819,730808.360120441,6065005.714643393,4,4,1178236800,603158400
transport4_qk,27,6,1,1,0.19905706682103513,237582.8866092845,5995976.94220104,4,4,392745600,201052800
transport4_qk,27,6,1,2,0.296923681348946,528627.347724442,5995976.94220104,4,4,785491200,402105600
transport4_qk,27,6,1,3,0.4101886405098825,1008851.426353334,5995976.94220104,4,4,1178236800,603158400
transport4_qk,28,4,0,1,0.21188532303675262,327374.1463400339,7291932.322600366,4,4,392745600,201052800
transport4_qk,28,4,0,2,0.48411842457797166,1709014.911027555,7291932.322600366,4,4,785491200,402105600
transport4_qk,28,4,0,3,1.2603383933791752,11582890.795240879,7291932.322600366,4,4,1178236800,603158400
transport4_qk,28,4,1,1,0.2465982012184415,468841.551839844,7709856.344481888,4,4,392745600,201052800
transport4_qk,28,4,1,2,0.4221149504166956,1373750.1551380027,7709856.344481888,4,4,785491200,402105600
transport4_qk,28,4,1,3,4.683629427153506,169126374.06732893,7709856.344481888,4,4,1178236800,603158400
transport4_qk,28,6,0,1,0.14760199871299015,151696.47221139751,6962913.569450749,4,4,392745600,201052800
transport4_qk,28,6,0,2,0.2659104321496628,492336.18487666803,6962913.569450749,4,4,785491200,402105600
transport4_qk,28,6,0,3,0.4364208697271584,1326178.6294022556,6962913.569450749,4,4,1178236800,603158400
transport4_qk,28,6,1,1,0.19034794459139145,256752.4193686855,7086277.598869856,4,4,392745600,201052800
transport4_qk,28,6,1,2,0.29544546127297344,618547.144933932,7086277.598869856,4,4,785491200,402105600
transport4_qk,28,6,1,3,0.45003177816794243,1435173.8909548984,7086277.598869856,4,4,1178236800,603158400
transport4_qk,29,4,0,1,0.07740915994896884,269653.88572072645,45000980.23464198,4,4,392745600,201052800
transport4_qk,29,4,0,2,0.14592767455646538,958290.7530507471,45000980.23464198,4,4,785491200,402105600
transport4_qk,29,4,0,3,0.9566141674566939,41180876.96522431,45000980.23464198,4,4,1178236800,603158400
transport4_qk,29,4,1,1,0.09560437130099632,403844.11937384936,44183311.57084072,4,4,392745600,201052800
transport4_qk,29,4,1,2,0.16943919592155784,1268487.018450919,44183311.57084072,4,4,785491200,402105600
transport4_qk,29,4,1,3,8.568047606985251,3243560517.351495,44183311.57084072,4,4,1178236800,603158400
transport4_qk,29,6,0,1,0.054467393410477766,124110.37765091371,41834531.78894504,4,4,392745600,201052800
transport4_qk,29,6,0,2,0.09975546358311549,416301.80621211627,41834531.78894504,4,4,785491200,402105600
transport4_qk,29,6,0,3,0.1603518033612369,1075678.8007208481,41834531.78894504,4,4,1178236800,603158400
transport4_qk,29,6,1,1,0.06969535108774759,201677.14400353195,41519208.1613317,4,4,392745600,201052800
transport4_qk,29,6,1,2,0.10820383456033289,486109.78775659704,41519208.1613317,4,4,785491200,402105600
transport4_qk,29,6,1,3,0.17790454740938522,1314084.1003846994,41519208.1613317,4,4,1178236800,603158400
