operator,group,normalization,index,eigenvalue,above_spike_threshold
C,all_blocks,centered,1,2.4247567653656006,1
C,all_blocks,centered,2,0.044466450810432434,0
C,all_blocks,centered,3,0.038728613406419754,0
C,all_blocks,centered,4,0.036690253764390945,0
C,all_blocks,centered,5,0.032531701028347015,0
C,all_blocks,centered,6,0.024998236447572708,0
C,all_blocks,centered,7,0.02103247120976448,0
C,all_blocks,centered,8,0.019948817789554596,0
C,all_blocks,centered,9,0.018292639404535294,0
C,all_blocks,centered,10,0.016630040481686592,0
C,all_blocks,centered,11,0.015764692798256874,0
C,all_blocks,centered,12,0.01534191519021988,0
C,all_blocks,centered,13,0.014237401075661182,0
C,all_blocks,centered,14,0.013898598030209541,0
C,all_blocks,centered,15,0.013466090895235538,0
C,all_blocks,centered,16,0.012961176224052906,0
C,all_blocks,centered,17,0.012690632604062557,0
C,all_blocks,centered,18,0.012403128668665886,0
C,all_blocks,centered,19,0.011906119994819164,0
C,all_blocks,centered,20,0.011877370066940784,0
C,all_blocks,centered,21,0.011723811738193035,0
C,all_blocks,centered,22,0.011381943710148335,0
C,all_blocks,centered,23,0.011105746030807495,0
C,all_blocks,centered,24,0.010807001031935215,0
C,all_blocks,centered,25,0.010760120116174221,0
C,all_blocks,centered,26,0.010599671863019466,0
C,all_blocks,centered,27,0.010348228737711906,0
C,all_blocks,centered,28,0.010294514708220959,0
C,all_blocks,centered,29,0.010148327797651291,0
C,all_blocks,centered,30,0.010016819462180138,0
C,all_blocks,centered,31,0.009791451506316662,0
C,all_blocks,centered,32,0.009712331928312778,0
C,all_blocks,centered,33,0.009449408389627934,0
C,all_blocks,centered,34,0.009387234225869179,0
C,all_blocks,centered,35,0.009261800907552242,0
C,all_blocks,centered,36,0.009096605703234673,0
C,all_blocks,centered,37,0.009070560336112976,0
C,all_blocks,centered,38,0.008936726488173008,0
C,all_blocks,centered,39,0.008753513917326927,0
C,all_blocks,centered,40,0.008681450970470905,0
C,all_blocks,centered,41,0.008659014478325844,0
C,all_blocks,centered,42,0.008592288009822369,0
C,all_blocks,centered,43,0.008467188104987144,0
C,all_blocks,centered,44,0.008343568071722984,0
C,all_blocks,centered,45,0.008297103457152843,0
C,all_blocks,centered,46,0.008195344358682632,0
C,all_blocks,centered,47,0.008087660185992718,0
C,all_blocks,centered,48,0.00803176686167717,0
C,all_blocks,centered,49,0.007957180961966515,0
C,all_blocks,centered,50,0.007808088790625334,0
C,all_blocks,centered,51,0.007743635214865208,0
C,all_blocks,centered,52,0.007684349548071623,0
C,all_blocks,centered,53,0.0076597160659730434,0
C,all_blocks,centered,54,0.007597378455102444,0
C,all_blocks,centered,55,0.007524176500737667,0
C,all_blocks,centered,56,0.0075096143409609795,0
C,all_blocks,centered,57,0.007446841802448034,0
C,all_blocks,centered,58,0.007408557925373316,0
C,all_blocks,centered,59,0.007370433770120144,0
C,all_blocks,centered,60,0.007310193497687578,0
C,all_blocks,centered,61,0.007264441344887018,0
C,all_blocks,centered,62,0.007231059018522501,0
C,all_blocks,centered,63,0.00717000151053071,0
C,all_blocks,centered,64,0.007087663281708956,0
C,all_blocks,centered,65,0.0069645983166992664,0
C,all_blocks,centered,66,0.006961736362427473,0
C,all_blocks,centered,67,0.006915851030498743,0
C,all_blocks,centered,68,0.006868436466902494,0
C,all_blocks,centered,69,0.006813330110162497,0
C,all_blocks,centered,70,0.006782120559364557,0
C,all_blocks,centered,71,0.006732786074280739,0
C,all_blocks,centered,72,0.006689378991723061,0
C,all_blocks,centered,73,0.006604251451790333,0
C,all_blocks,centered,74,0.0065939477644860744,0
C,all_blocks,centered,75,0.006557608488947153,0
C,all_blocks,centered,76,0.006520688068121672,0
C,all_blocks,centered,77,0.006496125366538763,0
C,all_blocks,centered,78,0.006440415512770414,0
C,all_blocks,centered,79,0.0063914828933775425,0
C,all_blocks,centered,80,0.006351580377668142,0
C,all_blocks,centered,81,0.006330208387225866,0
C,all_blocks,centered,82,0.006305340677499771,0
C,all_blocks,centered,83,0.006280182860791683,0
C,all_blocks,centered,84,0.006215306930243969,0
C,all_blocks,centered,85,0.006178278475999832,0
C,all_blocks,centered,86,0.006154067814350128,0
C,all_blocks,centered,87,0.0060957069508731365,0
C,all_blocks,centered,88,0.006049821153283119,0
C,all_blocks,centered,89,0.00600716657936573,0
C,all_blocks,centered,90,0.005991801153868437,0
C,all_blocks,centered,91,0.005949058104306459,0
C,all_blocks,centered,92,0.0059217181988060474,0
C,all_blocks,centered,93,0.005890505388379097,0
C,all_blocks,centered,94,0.005862873513251543,0
C,all_blocks,centered,95,0.005820525344461203,0
C,all_blocks,centered,96,0.005793754477053881,0
C,all_blocks,centered,97,0.005771084688603878,0
C,all_blocks,centered,98,0.005748004652559757,0
C,all_blocks,centered,99,0.0056948610581457615,0
C,all_blocks,centered,100,0.005687335040420294,0
C,all_blocks,centered,101,0.005641997326165438,0
C,all_blocks,centered,102,0.0056121814996004105,0
C,all_blocks,centered,103,0.005574495531618595,0
C,all_blocks,centered,104,0.005525668617337942,0
C,all_blocks,centered,105,0.005518171936273575,0
C,all_blocks,centered,106,0.005506592802703381,0
C,all_blocks,centered,107,0.0054692113772034645,0
C,all_blocks,centered,108,0.00541504705324769,0
C,all_blocks,centered,109,0.005383980926126242,0
C,all_blocks,centered,110,0.005347642116248608,0
C,all_blocks,centered,111,0.005345831625163555,0
C,all_blocks,centered,112,0.005316202063113451,0
C,all_blocks,centered,113,0.0052908966317772865,0
C,all_blocks,centered,114,0.0052870819345116615,0
C,all_blocks,centered,115,0.005268709268420935,0
C,all_blocks,centered,116,0.005209571681916714,0
C,all_blocks,centered,117,0.005182021297514439,0
C,all_blocks,centered,118,0.00516942422837019,0
C,all_blocks,centered,119,0.005161280743777752,0
C,all_blocks,centered,120,0.005114303436130285,0
C,all_blocks,centered,121,0.005109394434839487,0
C,all_blocks,centered,122,0.005088060162961483,0
C,all_blocks,centered,123,0.005051450338214636,0
C,all_blocks,centered,124,0.005043842364102602,0
C,all_blocks,centered,125,0.00502445362508297,0
C,all_blocks,centered,126,0.004990181885659695,0
C,all_blocks,centered,127,0.004951863549649715,0
C,all_blocks,centered,128,0.004943825304508209,0
C,all_blocks,centered,129,0.00492260605096817,0
C,all_blocks,centered,130,0.004892551805824041,0
C,all_blocks,centered,131,0.004875015001744032,0
C,all_blocks,centered,132,0.004850163124501705,0
C,all_blocks,centered,133,0.004804585594683886,0
C,all_blocks,centered,134,0.004792655818164349,0
C,all_blocks,centered,135,0.004766673780977726,0
C,all_blocks,centered,136,0.004759380128234625,0
C,all_blocks,centered,137,0.004717874340713024,0
C,all_blocks,centered,138,0.004708110820502043,0
C,all_blocks,centered,139,0.004687179811298847,0
C,all_blocks,centered,140,0.004669478163123131,0
C,all_blocks,centered,141,0.004645481240004301,0
C,all_blocks,centered,142,0.004628896713256836,0
C,all_blocks,centered,143,0.004616958554834127,0
C,all_blocks,centered,144,0.004589212127029896,0
C,all_blocks,centered,145,0.004576614126563072,0
C,all_blocks,centered,146,0.004546067677438259,0
C,all_blocks,centered,147,0.004544033203274012,0
C,all_blocks,centered,148,0.004509725607931614,0
C,all_blocks,centered,149,0.00447694119066,0
C,all_blocks,centered,150,0.004462452605366707,0
C,all_blocks,centered,151,0.004440478514879942,0
C,all_blocks,centered,152,0.004429085645824671,0
C,all_blocks,centered,153,0.004413243383169174,0
C,all_blocks,centered,154,0.004379672463983297,0
C,all_blocks,centered,155,0.0043732901103794575,0
C,all_blocks,centered,156,0.004361877217888832,0
C,all_blocks,centered,157,0.0043460167944431305,0
C,all_blocks,centered,158,0.004337084013968706,0
C,all_blocks,centered,159,0.004309790674597025,0
C,all_blocks,centered,160,0.004294045735150576,0
C,all_blocks,centered,161,0.004278017673641443,0
C,all_blocks,centered,162,0.004231445956975222,0
C,all_blocks,centered,163,0.004225646145641804,0
C,all_blocks,centered,164,0.004212864674627781,0
C,all_blocks,centered,165,0.004198972135782242,0
C,all_blocks,centered,166,0.0041811042465269566,0
C,all_blocks,centered,167,0.004169621504843235,0
C,all_blocks,centered,168,0.004169440362602472,0
C,all_blocks,centered,169,0.00414638826623559,0
C,all_blocks,centered,170,0.004129618406295776,0
C,all_blocks,centered,171,0.004109738860279322,0
C,all_blocks,centered,172,0.004086089786142111,0
C,all_blocks,centered,173,0.004074340220540762,0
C,all_blocks,centered,174,0.004061182029545307,0
C,all_blocks,centered,175,0.004054826218634844,0
C,all_blocks,centered,176,0.004034757614135742,0
C,all_blocks,centered,177,0.004026744980365038,0
C,all_blocks,centered,178,0.0040008327923715115,0
C,all_blocks,centered,179,0.003985993564128876,0
C,all_blocks,centered,180,0.00398082472383976,0
C,all_blocks,centered,181,0.003956275526434183,0
C,all_blocks,centered,182,0.003920706920325756,0
C,all_blocks,centered,183,0.003912483341991901,0
C,all_blocks,centered,184,0.003907151520252228,0
C,all_blocks,centered,185,0.0038928587455302477,0
C,all_blocks,centered,186,0.0038904380053281784,0
C,all_blocks,centered,187,0.00385927758179605,0
C,all_blocks,centered,188,0.0038506302516907454,0
C,all_blocks,centered,189,0.003836763557046652,0
C,all_blocks,centered,190,0.00381995621137321,0
C,all_blocks,centered,191,0.003811638569459319,0
C,all_blocks,centered,192,0.003794314106926322,0
C,all_blocks,centered,193,0.0037869634106755257,0
C,all_blocks,centered,194,0.0037788688205182552,0
C,all_blocks,centered,195,0.003765726927667856,0
C,all_blocks,centered,196,0.003747186390683055,0
C,all_blocks,centered,197,0.003737413790076971,0
C,all_blocks,centered,198,0.0037187926936894655,0
C,all_blocks,centered,199,0.0037072794511914253,0
C,all_blocks,centered,200,0.0036921766586601734,0
C,all_blocks,centered,201,0.0036696321330964565,0
C,all_blocks,centered,202,0.00365260848775506,0
C,all_blocks,centered,203,0.0036434342619031668,0
C,all_blocks,centered,204,0.0036363962572067976,0
C,all_blocks,centered,205,0.0036232657730579376,0
C,all_blocks,centered,206,0.0036103464663028717,0
C,all_blocks,centered,207,0.0036011869087815285,0
C,all_blocks,centered,208,0.003594926092773676,0
C,all_blocks,centered,209,0.0035798922181129456,0
C,all_blocks,centered,210,0.0035672190133482218,0
C,all_blocks,centered,211,0.003558327676728368,0
C,all_blocks,centered,212,0.0035431869328022003,0
C,all_blocks,centered,213,0.0035398127511143684,0
C,all_blocks,centered,214,0.0035145077854394913,0
C,all_blocks,centered,215,0.00349807390011847,0
C,all_blocks,centered,216,0.003489767899736762,0
C,all_blocks,centered,217,0.0034848270006477833,0
C,all_blocks,centered,218,0.0034694159403443336,0
C,all_blocks,centered,219,0.003466707421466708,0
C,all_blocks,centered,220,0.0034452227409929037,0
C,all_blocks,centered,221,0.003439077641814947,0
C,all_blocks,centered,222,0.0034258028026670218,0
C,all_blocks,centered,223,0.003412323771044612,0
C,all_blocks,centered,224,0.0033990528900176287,0
C,all_blocks,centered,225,0.003390449797734618,0
C,all_blocks,centered,226,0.0033791677560657263,0
C,all_blocks,centered,227,0.0033672417048364878,0
C,all_blocks,centered,228,0.0033444759901612997,0
C,all_blocks,centered,229,0.003336440771818161,0
C,all_blocks,centered,230,0.0033235298469662666,0
C,all_blocks,centered,231,0.003317046444863081,0
C,all_blocks,centered,232,0.003308998653665185,0
C,all_blocks,centered,233,0.0033036204986274242,0
C,all_blocks,centered,234,0.0032958732917904854,0
C,all_blocks,centered,235,0.003283242927864194,0
C,all_blocks,centered,236,0.00326944375410676,0
C,all_blocks,centered,237,0.003260477911680937,0
C,all_blocks,centered,238,0.0032564259599894285,0
C,all_blocks,centered,239,0.0032330872491002083,0
C,all_blocks,centered,240,0.003223248990252614,0
C,all_blocks,centered,241,0.0032028628047555685,0
C,all_blocks,centered,242,0.0031946420203894377,0
C,all_blocks,centered,243,0.0031890396494418383,0
C,all_blocks,centered,244,0.0031699480023235083,0
C,all_blocks,centered,245,0.0031699026003479958,0
C,all_blocks,centered,246,0.0031522559002041817,0
C,all_blocks,centered,247,0.0031520433258265257,0
C,all_blocks,centered,248,0.003139352658763528,0
C,all_blocks,centered,249,0.003133665071800351,0
C,all_blocks,centered,250,0.0031240296084433794,0
C,all_blocks,centered,251,0.0031078504398465157,0
C,all_blocks,centered,252,0.0031021658796817064,0
C,all_blocks,centered,253,0.0030967986676841974,0
C,all_blocks,centered,254,0.003080742433667183,0
C,all_blocks,centered,255,0.003073238767683506,0
C,all_blocks,centered,256,0.003066152101382613,0
C,all_blocks,centered,257,0.0030510765500366688,0
C,all_blocks,centered,258,0.0030489801429212093,0
C,all_blocks,centered,259,0.0030332801397889853,0
C,all_blocks,centered,260,0.0030182739719748497,0
C,all_blocks,centered,261,0.0030107670463621616,0
C,all_blocks,centered,262,0.0030003772117197514,0
C,all_blocks,centered,263,0.0029998801182955503,0
C,all_blocks,centered,264,0.0029878567438572645,0
C,all_blocks,centered,265,0.0029662465676665306,0
C,all_blocks,centered,266,0.002961701015010476,0
C,all_blocks,centered,267,0.0029590695630759,0
C,all_blocks,centered,268,0.002958900760859251,0
C,all_blocks,centered,269,0.002936829812824726,0
C,all_blocks,centered,270,0.0029295003041625023,0
C,all_blocks,centered,271,0.0029207409825176,0
C,all_blocks,centered,272,0.0029018372297286987,0
C,all_blocks,centered,273,0.002898759674280882,0
C,all_blocks,centered,274,0.0028873877599835396,0
C,all_blocks,centered,275,0.002882886677980423,0
C,all_blocks,centered,276,0.002878982573747635,0
C,all_blocks,centered,277,0.0028730169869959354,0
C,all_blocks,centered,278,0.0028661068063229322,0
C,all_blocks,centered,279,0.0028598124627023935,0
C,all_blocks,centered,280,0.0028500331100076437,0
C,all_blocks,centered,281,0.002837201114743948,0
C,all_blocks,centered,282,0.0028266680892556906,0
C,all_blocks,centered,283,0.002819447312504053,0
C,all_blocks,centered,284,0.002804951276630163,0
C,all_blocks,centered,285,0.0027990129310637712,0
C,all_blocks,centered,286,0.002794300438836217,0
C,all_blocks,centered,287,0.002787509234622121,0
C,all_blocks,centered,288,0.0027751699090003967,0
C,all_blocks,centered,289,0.0027629861142486334,0
C,all_blocks,centered,290,0.002757540438324213,0
C,all_blocks,centered,291,0.0027553632389754057,0
C,all_blocks,centered,292,0.0027447936590760946,0
C,all_blocks,centered,293,0.002738930517807603,0
C,all_blocks,centered,294,0.0027262787334620953,0
C,all_blocks,centered,295,0.0027183606289327145,0
C,all_blocks,centered,296,0.0027094832621514797,0
C,all_blocks,centered,297,0.0027066580951213837,0
C,all_blocks,centered,298,0.002696935087442398,0
C,all_blocks,centered,299,0.002687193686142564,0
C,all_blocks,centered,300,0.00267772120423615,0
C,all_blocks,centered,301,0.002672369359061122,0
C,all_blocks,centered,302,0.0026597040705382824,0
C,all_blocks,centered,303,0.0026535335928201675,0
C,all_blocks,centered,304,0.002643586602061987,0
C,all_blocks,centered,305,0.0026352719869464636,0
C,all_blocks,centered,306,0.0026288803201168776,0
C,all_blocks,centered,307,0.0026188003830611706,0
C,all_blocks,centered,308,0.002611116971820593,0
C,all_blocks,centered,309,0.0026007527485489845,0
C,all_blocks,centered,310,0.002593330107629299,0
C,all_blocks,centered,311,0.0025772531516849995,0
C,all_blocks,centered,312,0.0025760228745639324,0
C,all_blocks,centered,313,0.0025688267778605223,0
C,all_blocks,centered,314,0.0025674004573374987,0
C,all_blocks,centered,315,0.0025589452125132084,0
C,all_blocks,centered,316,0.00255701900459826,0
C,all_blocks,centered,317,0.002539197914302349,0
C,all_blocks,centered,318,0.0025355753023177385,0
C,all_blocks,centered,319,0.0025295244995504618,0
C,all_blocks,centered,320,0.002510250546038151,0
C,all_blocks,centered,321,0.0025027217343449593,0
C,all_blocks,centered,322,0.002501433715224266,0
C,all_blocks,centered,323,0.0024957293644547462,0
C,all_blocks,centered,324,0.0024940422736108303,0
C,all_blocks,centered,325,0.0024868070613592863,0
C,all_blocks,centered,326,0.002478825394064188,0
C,all_blocks,centered,327,0.00247169379144907,0
C,all_blocks,centered,328,0.002461726311594248,0
C,all_blocks,centered,329,0.002457723021507263,0
C,all_blocks,centered,330,0.002455144887790084,0
C,all_blocks,centered,331,0.0024519958533346653,0
C,all_blocks,centered,332,0.002433127723634243,0
C,all_blocks,centered,333,0.002428113715723157,0
C,all_blocks,centered,334,0.0024233534932136536,0
C,all_blocks,centered,335,0.0024174675345420837,0
C,all_blocks,centered,336,0.0024007433094084263,0
C,all_blocks,centered,337,0.002397124422714114,0
C,all_blocks,centered,338,0.0023959067184478045,0
C,all_blocks,centered,339,0.0023918456863611937,0
C,all_blocks,centered,340,0.0023830740246921778,0
C,all_blocks,centered,341,0.0023723216727375984,0
C,all_blocks,centered,342,0.002370521193370223,0
C,all_blocks,centered,343,0.0023605856113135815,0
C,all_blocks,centered,344,0.002359753707423806,0
C,all_blocks,centered,345,0.002356353448703885,0
C,all_blocks,centered,346,0.002343886997550726,0
C,all_blocks,centered,347,0.002335952827706933,0
C,all_blocks,centered,348,0.0023342296481132507,0
C,all_blocks,centered,349,0.0023258428554981947,0
C,all_blocks,centered,350,0.002323617460206151,0
C,all_blocks,centered,351,0.0023141566198319197,0
C,all_blocks,centered,352,0.0023039497900754213,0
C,all_blocks,centered,353,0.002299512969329953,0
C,all_blocks,centered,354,0.0022874735295772552,0
C,all_blocks,centered,355,0.0022865640930831432,0
C,all_blocks,centered,356,0.002275903709232807,0
C,all_blocks,centered,357,0.0022743530571460724,0
C,all_blocks,centered,358,0.0022638398222625256,0
C,all_blocks,centered,359,0.002256403211504221,0
C,all_blocks,centered,360,0.002254112856462598,0
C,all_blocks,centered,361,0.002250589895993471,0
C,all_blocks,centered,362,0.0022393178660422564,0
C,all_blocks,centered,363,0.0022391355596482754,0
C,all_blocks,centered,364,0.002229195088148117,0
C,all_blocks,centered,365,0.0022272500209510326,0
C,all_blocks,centered,366,0.0022143188398331404,0
C,all_blocks,centered,367,0.0022088715340942144,0
C,all_blocks,centered,368,0.0022088096011430025,0
C,all_blocks,centered,369,0.002202849369496107,0
C,all_blocks,centered,370,0.002193356165662408,0
C,all_blocks,centered,371,0.0021926756016910076,0
C,all_blocks,centered,372,0.0021865107119083405,0
C,all_blocks,centered,373,0.0021781164687126875,0
C,all_blocks,centered,374,0.0021743210963904858,0
C,all_blocks,centered,375,0.002165270270779729,0
C,all_blocks,centered,376,0.0021646854002028704,0
C,all_blocks,centered,377,0.0021564485505223274,0
C,all_blocks,centered,378,0.002150184940546751,0
C,all_blocks,centered,379,0.002147445920854807,0
C,all_blocks,centered,380,0.002137926407158375,0
C,all_blocks,centered,381,0.002128348685801029,0
C,all_blocks,centered,382,0.0021234939340502024,0
C,all_blocks,centered,383,0.0021215633023530245,0
C,all_blocks,centered,384,0.0021144587080925703,0
C,all_blocks,centered,385,0.0021098481956869364,0
C,all_blocks,centered,386,0.0021039112471044064,0
C,all_blocks,centered,387,0.002100657904520631,0
C,all_blocks,centered,388,0.0020885069388896227,0
C,all_blocks,centered,389,0.0020838503260165453,0
C,all_blocks,centered,390,0.0020837809424847364,0
C,all_blocks,centered,391,0.0020741901826113462,0
C,all_blocks,centered,392,0.0020704956259578466,0
C,all_blocks,centered,393,0.002059572609141469,0
C,all_blocks,centered,394,0.002054172568023205,0
C,all_blocks,centered,395,0.002052876865491271,0
C,all_blocks,centered,396,0.0020513141062110662,0
C,all_blocks,centered,397,0.002041981089860201,0
C,all_blocks,centered,398,0.002040134510025382,0
C,all_blocks,centered,399,0.002032989403232932,0
C,all_blocks,centered,400,0.0020259248558431864,0
C,all_blocks,centered,401,0.0020231911912560463,0
C,all_blocks,centered,402,0.0020179892890155315,0
C,all_blocks,centered,403,0.0020064457785338163,0
C,all_blocks,centered,404,0.0020061894319951534,0
C,all_blocks,centered,405,0.002000309294089675,0
C,all_blocks,centered,406,0.0019843673799186945,0
C,all_blocks,centered,407,0.0019826125353574753,0
C,all_blocks,centered,408,0.001978705171495676,0
C,all_blocks,centered,409,0.0019684250000864267,0
C,all_blocks,centered,410,0.0019682610873132944,0
C,all_blocks,centered,411,0.0019597671926021576,0
C,all_blocks,centered,412,0.001954462844878435,0
C,all_blocks,centered,413,0.0019495036685839295,0
C,all_blocks,centered,414,0.0019476942252367735,0
C,all_blocks,centered,415,0.0019460335606709123,0
C,all_blocks,centered,416,0.0019379387376829982,0
C,all_blocks,centered,417,0.0019282546127215028,0
C,all_blocks,centered,418,0.0019258259562775493,0
C,all_blocks,centered,419,0.0019242296693846583,0
C,all_blocks,centered,420,0.0019217667868360877,0
C,all_blocks,centered,421,0.001914314110763371,0
C,all_blocks,centered,422,0.0019135940819978714,0
C,all_blocks,centered,423,0.001904984936118126,0
C,all_blocks,centered,424,0.001904875971376896,0
C,all_blocks,centered,425,0.0018968557706102729,0
C,all_blocks,centered,426,0.0018925229087471962,0
C,all_blocks,centered,427,0.0018910127691924572,0
C,all_blocks,centered,428,0.0018811505287885666,0
C,all_blocks,centered,429,0.0018765112617984414,0
C,all_blocks,centered,430,0.0018764808773994446,0
C,all_blocks,centered,431,0.0018695780308917165,0
C,all_blocks,centered,432,0.0018650571582838893,0
C,all_blocks,centered,433,0.0018592316191643476,0
C,all_blocks,centered,434,0.0018428099574521184,0
C,all_blocks,centered,435,0.001842400641180575,0
C,all_blocks,centered,436,0.0018398510292172432,0
C,all_blocks,centered,437,0.0018332458566874266,0
C,all_blocks,centered,438,0.0018258396303281188,0
C,all_blocks,centered,439,0.0018219903577119112,0
C,all_blocks,centered,440,0.0018191513372585177,0
C,all_blocks,centered,441,0.001819090568460524,0
C,all_blocks,centered,442,0.0018089310033246875,0
C,all_blocks,centered,443,0.0018078145803883672,0
C,all_blocks,centered,444,0.001802617684006691,0
C,all_blocks,centered,445,0.001799476332962513,0
C,all_blocks,centered,446,0.0017907596193253994,0
C,all_blocks,centered,447,0.0017883310792967677,0
C,all_blocks,centered,448,0.0017837686464190483,0
C,all_blocks,centered,449,0.001778720528818667,0
C,all_blocks,centered,450,0.0017740598414093256,0
C,all_blocks,centered,451,0.0017713994020596147,0
C,all_blocks,centered,452,0.0017654714174568653,0
C,all_blocks,centered,453,0.0017625420587137341,0
C,all_blocks,centered,454,0.0017565644811838865,0
C,all_blocks,centered,455,0.0017511763144284487,0
C,all_blocks,centered,456,0.0017504168208688498,0
C,all_blocks,centered,457,0.0017429235158488154,0
C,all_blocks,centered,458,0.0017381856450811028,0
C,all_blocks,centered,459,0.0017310527618974447,0
C,all_blocks,centered,460,0.00172589928843081,0
C,all_blocks,centered,461,0.0017244548071175814,0
C,all_blocks,centered,462,0.0017202338203787804,0
C,all_blocks,centered,463,0.0017178491689264774,0
C,all_blocks,centered,464,0.0017123474972322583,0
C,all_blocks,centered,465,0.0017093702917918563,0
C,all_blocks,centered,466,0.0017062155529856682,0
C,all_blocks,centered,467,0.0016989862779155374,0
C,all_blocks,centered,468,0.0016955755418166518,0
C,all_blocks,centered,469,0.0016906664241105318,0
C,all_blocks,centered,470,0.0016872951528057456,0
C,all_blocks,centered,471,0.0016840181779116392,0
C,all_blocks,centered,472,0.0016761557199060917,0
C,all_blocks,centered,473,0.0016711876960471272,0
C,all_blocks,centered,474,0.0016683920985087752,0
C,all_blocks,centered,475,0.0016653848579153419,0
C,all_blocks,centered,476,0.001660795765928924,0
C,all_blocks,centered,477,0.0016575258923694491,0
C,all_blocks,centered,478,0.0016555055044591427,0
C,all_blocks,centered,479,0.0016527697443962097,0
C,all_blocks,centered,480,0.0016444424400106072,0
C,all_blocks,centered,481,0.0016384732443839312,0
C,all_blocks,centered,482,0.0016380844172090292,0
C,all_blocks,centered,483,0.001633635489270091,0
C,all_blocks,centered,484,0.0016293644439429045,0
C,all_blocks,centered,485,0.0016286380123347044,0
C,all_blocks,centered,486,0.0016206057043746114,0
C,all_blocks,centered,487,0.0016103219240903854,0
C,all_blocks,centered,488,0.0016064754454419017,0
C,all_blocks,centered,489,0.0016036499291658401,0
C,all_blocks,centered,490,0.0016007444355636835,0
C,all_blocks,centered,491,0.0015979049494490027,0
C,all_blocks,centered,492,0.0015964139020070434,0
C,all_blocks,centered,493,0.0015914387768134475,0
C,all_blocks,centered,494,0.0015852757496759295,0
C,all_blocks,centered,495,0.0015850105555728078,0
C,all_blocks,centered,496,0.001581638352945447,0
C,all_blocks,centered,497,0.001575607806444168,0
C,all_blocks,centered,498,0.0015722739044576883,0
C,all_blocks,centered,499,0.0015711513115093112,0
C,all_blocks,centered,500,0.0015649240231141448,0
C,all_blocks,centered,501,0.0015618043253198266,0
C,all_blocks,centered,502,0.0015564346686005592,0
C,all_blocks,centered,503,0.0015564034692943096,0
C,all_blocks,centered,504,0.0015484378673136234,0
C,all_blocks,centered,505,0.0015460256254300475,0
C,all_blocks,centered,506,0.001540923840366304,0
C,all_blocks,centered,507,0.0015370994806289673,0
C,all_blocks,centered,508,0.0015269684372469783,0
C,all_blocks,centered,509,0.0015239494387060404,0
C,all_blocks,centered,510,0.001521193771623075,0
C,all_blocks,centered,511,0.0015171157428994775,0
C,all_blocks,centered,512,0.0015125965001061559,0
C,all_blocks,centered,513,0.0015125090721994638,0
C,all_blocks,centered,514,0.0015041674487292767,0
C,all_blocks,centered,515,0.0014999558916315436,0
C,all_blocks,centered,516,0.001498473109677434,0
C,all_blocks,centered,517,0.0014929781900718808,0
C,all_blocks,centered,518,0.001492795068770647,0
C,all_blocks,centered,519,0.001489991438575089,0
C,all_blocks,centered,520,0.0014884872362017632,0
C,all_blocks,centered,521,0.0014842607779428363,0
C,all_blocks,centered,522,0.001475789351388812,0
C,all_blocks,centered,523,0.0014756785240024328,0
C,all_blocks,centered,524,0.0014720811741426587,0
C,all_blocks,centered,525,0.0014707535738125443,0
C,all_blocks,centered,526,0.0014675520360469818,0
C,all_blocks,centered,527,0.0014649806544184685,0
C,all_blocks,centered,528,0.0014557477552443743,0
C,all_blocks,centered,529,0.0014550789492204785,0
C,all_blocks,centered,530,0.0014494291972368956,0
C,all_blocks,centered,531,0.0014490177854895592,0
C,all_blocks,centered,532,0.0014442653628066182,0
C,all_blocks,centered,533,0.0014437345089390874,0
C,all_blocks,centered,534,0.0014403766253963113,0
C,all_blocks,centered,535,0.001434988109394908,0
C,all_blocks,centered,536,0.001430136850103736,0
C,all_blocks,centered,537,0.0014274289133027196,0
C,all_blocks,centered,538,0.0014227187493816018,0
C,all_blocks,centered,539,0.0014196957927197218,0
C,all_blocks,centered,540,0.001418501022271812,0
C,all_blocks,centered,541,0.0014173677191138268,0
C,all_blocks,centered,542,0.0014130673371255398,0
C,all_blocks,centered,543,0.001410295837558806,0
C,all_blocks,centered,544,0.0014041695976629853,0
C,all_blocks,centered,545,0.001401830930262804,0
C,all_blocks,centered,546,0.0013985865516588092,0
C,all_blocks,centered,547,0.0013971695443615317,0
C,all_blocks,centered,548,0.001392067177221179,0
C,all_blocks,centered,549,0.0013864760985597968,0
C,all_blocks,centered,550,0.0013824106426909566,0
C,all_blocks,centered,551,0.0013822205364704132,0
C,all_blocks,centered,552,0.0013818158768117428,0
C,all_blocks,centered,553,0.001373062375932932,0
C,all_blocks,centered,554,0.0013726552715525031,0
C,all_blocks,centered,555,0.001367834978736937,0
C,all_blocks,centered,556,0.0013635591603815556,0
C,all_blocks,centered,557,0.0013621024554595351,0
C,all_blocks,centered,558,0.0013531566364690661,0
C,all_blocks,centered,559,0.001352104009129107,0
C,all_blocks,centered,560,0.001348838908597827,0
C,all_blocks,centered,561,0.0013481666101142764,0
C,all_blocks,centered,562,0.0013414565473794937,0
C,all_blocks,centered,563,0.001340115093626082,0
C,all_blocks,centered,564,0.0013366152998059988,0
C,all_blocks,centered,565,0.0013352447422221303,0
C,all_blocks,centered,566,0.0013329799985513091,0
C,all_blocks,centered,567,0.0013304083840921521,0
C,all_blocks,centered,568,0.0013274626107886434,0
C,all_blocks,centered,569,0.0013227054150775075,0
C,all_blocks,centered,570,0.0013185895513743162,0
C,all_blocks,centered,571,0.001317524933256209,0
C,all_blocks,centered,572,0.0013147946447134018,0
C,all_blocks,centered,573,0.0013100984506309032,0
C,all_blocks,centered,574,0.0013038752367720008,0
C,all_blocks,centered,575,0.0013029969995841384,0
C,all_blocks,centered,576,0.0012981814797967672,0
C,all_blocks,centered,577,0.001295245485380292,0
C,all_blocks,centered,578,0.0012881677830591798,0
C,all_blocks,centered,579,0.0012881020084023476,0
C,all_blocks,centered,580,0.0012852124636992812,0
C,all_blocks,centered,581,0.0012848001206293702,0
C,all_blocks,centered,582,0.0012807969469577074,0
C,all_blocks,centered,583,0.001275272574275732,0
C,all_blocks,centered,584,0.001274345675483346,0
C,all_blocks,centered,585,0.0012701781233772635,0
C,all_blocks,centered,586,0.001266164006665349,0
C,all_blocks,centered,587,0.0012642490910366178,0
C,all_blocks,centered,588,0.0012600062182173133,0
C,all_blocks,centered,589,0.0012554620625451207,0
C,all_blocks,centered,590,0.001253959839232266,0
C,all_blocks,centered,591,0.001252854010090232,0
C,all_blocks,centered,592,0.0012484934413805604,0
C,all_blocks,centered,593,0.0012472347589209676,0
C,all_blocks,centered,594,0.0012438687263056636,0
C,all_blocks,centered,595,0.0012429672060534358,0
C,all_blocks,centered,596,0.0012363104615360498,0
C,all_blocks,centered,597,0.0012343382695689797,0
C,all_blocks,centered,598,0.001234106719493866,0
C,all_blocks,centered,599,0.0012288889847695827,0
C,all_blocks,centered,600,0.0012256428599357605,0
C,all_blocks,centered,601,0.0012229068670421839,0
C,all_blocks,centered,602,0.001216852106153965,0
C,all_blocks,centered,603,0.0012163089122623205,0
C,all_blocks,centered,604,0.0012157215969637036,0
C,all_blocks,centered,605,0.0012104595080018044,0
C,all_blocks,centered,606,0.0012059153523296118,0
C,all_blocks,centered,607,0.0012046140618622303,0
C,all_blocks,centered,608,0.0012019687565043569,0
C,all_blocks,centered,609,0.001199385616928339,0
C,all_blocks,centered,610,0.001197172561660409,0
C,all_blocks,centered,611,0.0011932129273191094,0
C,all_blocks,centered,612,0.001192637486383319,0
C,all_blocks,centered,613,0.0011891777394339442,0
C,all_blocks,centered,614,0.0011868790024891496,0
C,all_blocks,centered,615,0.001180664636194706,0
C,all_blocks,centered,616,0.0011779572814702988,0
C,all_blocks,centered,617,0.001177673228085041,0
C,all_blocks,centered,618,0.0011755384039133787,0
C,all_blocks,centered,619,0.0011703562922775745,0
C,all_blocks,centered,620,0.0011684373021125793,0
C,all_blocks,centered,621,0.0011668066726997495,0
C,all_blocks,centered,622,0.001161227934062481,0
C,all_blocks,centered,623,0.0011595033574849367,0
C,all_blocks,centered,624,0.0011585111496970057,0
C,all_blocks,centered,625,0.0011550745693966746,0
C,all_blocks,centered,626,0.0011519822292029858,0
C,all_blocks,centered,627,0.0011518426472321153,0
C,all_blocks,centered,628,0.0011426943819969893,0
C,all_blocks,centered,629,0.0011420766822993755,0
C,all_blocks,centered,630,0.0011419480433687568,0
C,all_blocks,centered,631,0.0011402377858757973,0
C,all_blocks,centered,632,0.0011340831406414509,0
C,all_blocks,centered,633,0.0011336543830111623,0
C,all_blocks,centered,634,0.001127463299781084,0
C,all_blocks,centered,635,0.0011264319764450192,0
C,all_blocks,centered,636,0.0011238870210945606,0
C,all_blocks,centered,637,0.001119266147725284,0
C,all_blocks,centered,638,0.0011173730017617345,0
C,all_blocks,centered,639,0.0011143421288579702,0
C,all_blocks,centered,640,0.0011115060187876225,0
C,all_blocks,centered,641,0.0011108564212918282,0
C,all_blocks,centered,642,0.0011043241247534752,0
C,all_blocks,centered,643,0.0011024789419025183,0
C,all_blocks,centered,644,0.0011020086240023375,0
C,all_blocks,centered,645,0.00109908077865839,0
C,all_blocks,centered,646,0.0010962188243865967,0
C,all_blocks,centered,647,0.0010903764050453901,0
C,all_blocks,centered,648,0.0010885556694120169,0
C,all_blocks,centered,649,0.001088320859707892,0
C,all_blocks,centered,650,0.0010854452848434448,0
C,all_blocks,centered,651,0.001083621522411704,0
C,all_blocks,centered,652,0.001079794135876,0
C,all_blocks,centered,653,0.0010752396192401648,0
C,all_blocks,centered,654,0.001072990009561181,0
C,all_blocks,centered,655,0.0010693413205444813,0
C,all_blocks,centered,656,0.0010656185913830996,0
C,all_blocks,centered,657,0.0010649816831573844,0
C,all_blocks,centered,658,0.0010624956339597702,0
C,all_blocks,centered,659,0.001060271984897554,0
C,all_blocks,centered,660,0.0010575836058706045,0
C,all_blocks,centered,661,0.0010557584464550018,0
C,all_blocks,centered,662,0.0010527061531320214,0
C,all_blocks,centered,663,0.0010511657455936074,0
C,all_blocks,centered,664,0.0010503901867195964,0
C,all_blocks,centered,665,0.0010477359173819423,0
C,all_blocks,centered,666,0.0010421369224786758,0
C,all_blocks,centered,667,0.0010411108378320932,0
C,all_blocks,centered,668,0.001038711634464562,0
C,all_blocks,centered,669,0.0010344324400648475,0
C,all_blocks,centered,670,0.0010341510642319918,0
C,all_blocks,centered,671,0.001032500877045095,0
C,all_blocks,centered,672,0.0010273578809574246,0
C,all_blocks,centered,673,0.0010254018707200885,0
C,all_blocks,centered,674,0.0010250139748677611,0
C,all_blocks,centered,675,0.001022229203954339,0
C,all_blocks,centered,676,0.0010184554848819971,0
C,all_blocks,centered,677,0.001017655129544437,0
C,all_blocks,centered,678,0.0010176143841817975,0
C,all_blocks,centered,679,0.0010141669772565365,0
C,all_blocks,centered,680,0.0010116667253896594,0
C,all_blocks,centered,681,0.001005269237793982,0
C,all_blocks,centered,682,0.001004246179945767,0
C,all_blocks,centered,683,0.0010031338315457106,0
C,all_blocks,centered,684,0.0010029084514826536,0
C,all_blocks,centered,685,0.000997921102680266,0
C,all_blocks,centered,686,0.000997758936136961,0
C,all_blocks,centered,687,0.000995627255178988,0
C,all_blocks,centered,688,0.00099136249627918,0
C,all_blocks,centered,689,0.000988307292573154,0
C,all_blocks,centered,690,0.000987795414403081,0
C,all_blocks,centered,691,0.000982815632596612,0
C,all_blocks,centered,692,0.0009827750036492944,0
C,all_blocks,centered,693,0.0009770216420292854,0
C,all_blocks,centered,694,0.0009747610311023891,0
C,all_blocks,centered,695,0.0009728871518746018,0
C,all_blocks,centered,696,0.0009723685216158628,0
C,all_blocks,centered,697,0.0009702188544906676,0
C,all_blocks,centered,698,0.0009657711489126086,0
C,all_blocks,centered,699,0.0009639805066399276,0
C,all_blocks,centered,700,0.0009636919130571187,0
C,all_blocks,centered,701,0.0009631810244172812,0
C,all_blocks,centered,702,0.0009595521260052919,0
C,all_blocks,centered,703,0.0009560516919009387,0
C,all_blocks,centered,704,0.0009518887382000685,0
C,all_blocks,centered,705,0.0009508182411082089,0
C,all_blocks,centered,706,0.0009507389622740448,0
C,all_blocks,centered,707,0.0009462788002565503,0
C,all_blocks,centered,708,0.0009455109247937799,0
C,all_blocks,centered,709,0.0009432583465240896,0
C,all_blocks,centered,710,0.0009376535308547318,0
C,all_blocks,centered,711,0.0009357780800200999,0
C,all_blocks,centered,712,0.0009333349298685789,0
C,all_blocks,centered,713,0.0009284924599342048,0
C,all_blocks,centered,714,0.0009270532755181193,0
C,all_blocks,centered,715,0.0009248406277038157,0
C,all_blocks,centered,716,0.0009247013367712498,0
C,all_blocks,centered,717,0.0009197184699587524,0
C,all_blocks,centered,718,0.0009186603710986674,0
C,all_blocks,centered,719,0.000917881028726697,0
C,all_blocks,centered,720,0.0009158347966149449,0
C,all_blocks,centered,721,0.0009145258809439838,0
C,all_blocks,centered,722,0.0009141527116298676,0
C,all_blocks,centered,723,0.0009072559187188745,0
C,all_blocks,centered,724,0.0009071591193787754,0
C,all_blocks,centered,725,0.0009011323563754559,0
C,all_blocks,centered,726,0.0009011296206153929,0
C,all_blocks,centered,727,0.0008981750579550862,0
C,all_blocks,centered,728,0.0008967835456132889,0
C,all_blocks,centered,729,0.0008933040662668645,0
C,all_blocks,centered,730,0.0008916803053580225,0
C,all_blocks,centered,731,0.0008914874051697552,0
C,all_blocks,centered,732,0.0008901421679183841,0
C,all_blocks,centered,733,0.0008879674132913351,0
C,all_blocks,centered,734,0.0008877189247868955,0
C,all_blocks,centered,735,0.0008827979909256101,0
C,all_blocks,centered,736,0.0008807307458482683,0
C,all_blocks,centered,737,0.0008803865639492869,0
C,all_blocks,centered,738,0.0008755261078476906,0
C,all_blocks,centered,739,0.0008747738902457058,0
C,all_blocks,centered,740,0.000872771255671978,0
C,all_blocks,centered,741,0.0008697608718648553,0
C,all_blocks,centered,742,0.0008690935792401433,0
C,all_blocks,centered,743,0.0008665804052725434,0
C,all_blocks,centered,744,0.000863411114551127,0
C,all_blocks,centered,745,0.0008621601155027747,0
C,all_blocks,centered,746,0.0008600435103289783,0
C,all_blocks,centered,747,0.0008577578701078892,0
C,all_blocks,centered,748,0.0008571178768761456,0
C,all_blocks,centered,749,0.0008545102900825441,0
C,all_blocks,centered,750,0.0008536347886547446,0
C,all_blocks,centered,751,0.0008518485119566321,0
C,all_blocks,centered,752,0.0008484559366479516,0
C,all_blocks,centered,753,0.0008469104650430381,0
C,all_blocks,centered,754,0.0008457316434942186,0
C,all_blocks,centered,755,0.0008441213867627084,0
C,all_blocks,centered,756,0.0008422064129263163,0
C,all_blocks,centered,757,0.0008374208118766546,0
C,all_blocks,centered,758,0.0008368872804567218,0
C,all_blocks,centered,759,0.0008314704755321145,0
C,all_blocks,centered,760,0.0008303035865537822,0
C,all_blocks,centered,761,0.0008292602724395692,0
C,all_blocks,centered,762,0.0008272035629488528,0
C,all_blocks,centered,763,0.0008242452749982476,0
C,all_blocks,centered,764,0.0008212950197048485,0
C,all_blocks,centered,765,0.0008205496123991907,0
C,all_blocks,centered,766,0.0008193929097615182,0
C,all_blocks,centered,767,0.000817720138002187,0
C,all_blocks,centered,768,0.0008175843395292759,0
C,all_blocks,centered,769,0.0008149422938004136,0
C,all_blocks,centered,770,0.0008140864665620029,0
C,all_blocks,centered,771,0.000812477373983711,0
C,all_blocks,centered,772,0.0008108442998491228,0
C,all_blocks,centered,773,0.0008028970332816243,0
C,all_blocks,centered,774,0.0008011309546418488,0
C,all_blocks,centered,775,0.0008010916062630713,0
C,all_blocks,centered,776,0.000800861744210124,0
C,all_blocks,centered,777,0.0007972365128807724,0
C,all_blocks,centered,778,0.0007958862697705626,0
C,all_blocks,centered,779,0.0007941910880617797,0
C,all_blocks,centered,780,0.0007926604594103992,0
C,all_blocks,centered,781,0.0007913073059171438,0
C,all_blocks,centered,782,0.0007882844656705856,0
C,all_blocks,centered,783,0.0007847871747799218,0
C,all_blocks,centered,784,0.0007841539336368442,0
C,all_blocks,centered,785,0.000783037394285202,0
C,all_blocks,centered,786,0.0007815418066456914,0
C,all_blocks,centered,787,0.00077712198253721,0
C,all_blocks,centered,788,0.0007747292402200401,0
C,all_blocks,centered,789,0.0007747217314317822,0
C,all_blocks,centered,790,0.0007745150360278785,0
C,all_blocks,centered,791,0.000772628525737673,0
C,all_blocks,centered,792,0.0007693119696341455,0
C,all_blocks,centered,793,0.0007688794285058975,0
C,all_blocks,centered,794,0.0007669191691093147,0
C,all_blocks,centered,795,0.0007640926633030176,0
C,all_blocks,centered,796,0.0007612640620209277,0
C,all_blocks,centered,797,0.0007609522435814142,0
C,all_blocks,centered,798,0.0007583003025501966,0
C,all_blocks,centered,799,0.0007555550546385348,0
C,all_blocks,centered,800,0.0007551033631898463,0
C,all_blocks,centered,801,0.0007531709270551801,0
C,all_blocks,centered,802,0.0007508937269449234,0
C,all_blocks,centered,803,0.0007484419620595872,0
C,all_blocks,centered,804,0.0007474947487935424,0
C,all_blocks,centered,805,0.0007463528891094029,0
C,all_blocks,centered,806,0.0007455385057255626,0
C,all_blocks,centered,807,0.0007440398330800235,0
C,all_blocks,centered,808,0.000742388132493943,0
C,all_blocks,centered,809,0.0007381524774245918,0
C,all_blocks,centered,810,0.0007377356523647904,0
C,all_blocks,centered,811,0.0007350199157372117,0
C,all_blocks,centered,812,0.000734516535885632,0
C,all_blocks,centered,813,0.0007329414365813136,0
C,all_blocks,centered,814,0.0007302694139070809,0
C,all_blocks,centered,815,0.0007275024545378983,0
C,all_blocks,centered,816,0.0007257923716679215,0
C,all_blocks,centered,817,0.0007247177418321371,0
C,all_blocks,centered,818,0.0007217393722385168,0
C,all_blocks,centered,819,0.0007207210292108357,0
C,all_blocks,centered,820,0.0007180659449659288,0
C,all_blocks,centered,821,0.0007176444050855935,0
C,all_blocks,centered,822,0.0007148282020352781,0
C,all_blocks,centered,823,0.0007123848190531135,0
C,all_blocks,centered,824,0.0007101740338839591,0
C,all_blocks,centered,825,0.0007080052164383233,0
C,all_blocks,centered,826,0.0007072717417031527,0
C,all_blocks,centered,827,0.0007040997152216733,0
C,all_blocks,centered,828,0.0007040273048914969,0
C,all_blocks,centered,829,0.0007033017463982105,0
C,all_blocks,centered,830,0.000701440847478807,0
C,all_blocks,centered,831,0.0006969916867092252,0
C,all_blocks,centered,832,0.000696691800840199,0
C,all_blocks,centered,833,0.0006960389437153935,0
C,all_blocks,centered,834,0.0006914891419000924,0
C,all_blocks,centered,835,0.0006897019920870662,0
C,all_blocks,centered,836,0.0006889069336466491,0
C,all_blocks,centered,837,0.000686965708155185,0
C,all_blocks,centered,838,0.0006856507970951498,0
C,all_blocks,centered,839,0.0006852705264464021,0
C,all_blocks,centered,840,0.0006835372187197208,0
C,all_blocks,centered,841,0.000679737189784646,0
C,all_blocks,centered,842,0.000678881595376879,0
C,all_blocks,centered,843,0.0006784996367059648,0
C,all_blocks,centered,844,0.0006743250414729118,0
C,all_blocks,centered,845,0.0006742801051586866,0
C,all_blocks,centered,846,0.0006705645355395973,0
C,all_blocks,centered,847,0.0006700569065287709,0
C,all_blocks,centered,848,0.0006685593398287892,0
C,all_blocks,centered,849,0.0006645301473326981,0
C,all_blocks,centered,850,0.0006635957979597151,0
C,all_blocks,centered,851,0.0006622577784582973,0
C,all_blocks,centered,852,0.0006617053877562284,0
C,all_blocks,centered,853,0.0006609719712287188,0
C,all_blocks,centered,854,0.0006576597224920988,0
C,all_blocks,centered,855,0.0006561201880685985,0
C,all_blocks,centered,856,0.0006541400216519833,0
C,all_blocks,centered,857,0.0006521782488562167,0
C,all_blocks,centered,858,0.0006520723691210151,0
C,all_blocks,centered,859,0.0006487702485173941,0
C,all_blocks,centered,860,0.0006485672784037888,0
C,all_blocks,centered,861,0.0006458967109210789,0
C,all_blocks,centered,862,0.0006441831355914474,0
C,all_blocks,centered,863,0.0006438122945837677,0
C,all_blocks,centered,864,0.0006412534276023507,0
C,all_blocks,centered,865,0.000641204125713557,0
C,all_blocks,centered,866,0.0006394258816726506,0
C,all_blocks,centered,867,0.000635853095445782,0
C,all_blocks,centered,868,0.000634820549748838,0
C,all_blocks,centered,869,0.0006337478407658637,0
C,all_blocks,centered,870,0.0006333834026008844,0
C,all_blocks,centered,871,0.0006301134708337486,0
C,all_blocks,centered,872,0.0006279024528339505,0
C,all_blocks,centered,873,0.0006268407450988889,0
C,all_blocks,centered,874,0.0006251314771361649,0
C,all_blocks,centered,875,0.0006244203541427851,0
C,all_blocks,centered,876,0.0006230027065612376,0
C,all_blocks,centered,877,0.0006226354162208736,0
C,all_blocks,centered,878,0.0006215260946191847,0
C,all_blocks,centered,879,0.0006202712538652122,0
C,all_blocks,centered,880,0.0006183740333653986,0
C,all_blocks,centered,881,0.0006171877612359822,0
C,all_blocks,centered,882,0.0006163182551972568,0
C,all_blocks,centered,883,0.0006143864593468606,0
C,all_blocks,centered,884,0.000609942595474422,0
C,all_blocks,centered,885,0.0006095573189668357,0
C,all_blocks,centered,886,0.0006073041586205363,0
C,all_blocks,centered,887,0.0006064520566724241,0
C,all_blocks,centered,888,0.0006040712469257414,0
C,all_blocks,centered,889,0.0006025816546753049,0
C,all_blocks,centered,890,0.0006024775793775916,0
C,all_blocks,centered,891,0.0006017049308866262,0
C,all_blocks,centered,892,0.0005980016430839896,0
C,all_blocks,centered,893,0.0005955915548838675,0
C,all_blocks,centered,894,0.0005953284562565386,0
C,all_blocks,centered,895,0.0005952821811661124,0
C,all_blocks,centered,896,0.0005931159248575568,0
C,all_blocks,centered,897,0.0005888844025321305,0
C,all_blocks,centered,898,0.000588806055020541,0
C,all_blocks,centered,899,0.0005861946265213192,0
C,all_blocks,centered,900,0.0005848315195180476,0
C,all_blocks,centered,901,0.0005827751592732966,0
C,all_blocks,centered,902,0.0005820951191708446,0
C,all_blocks,centered,903,0.0005803763051517308,0
C,all_blocks,centered,904,0.0005788611015304923,0
C,all_blocks,centered,905,0.0005764012457802892,0
C,all_blocks,centered,906,0.0005762061919085681,0
C,all_blocks,centered,907,0.0005742803914472461,0
C,all_blocks,centered,908,0.0005737231113016605,0
C,all_blocks,centered,909,0.000571929500438273,0
C,all_blocks,centered,910,0.0005709078395739198,0
C,all_blocks,centered,911,0.0005678035668097436,0
C,all_blocks,centered,912,0.0005671065882779658,0
C,all_blocks,centered,913,0.0005658244481310248,0
C,all_blocks,centered,914,0.0005632316460832953,0
C,all_blocks,centered,915,0.0005614334950223565,0
C,all_blocks,centered,916,0.00056073087034747,0
C,all_blocks,centered,917,0.000557606341317296,0
C,all_blocks,centered,918,0.000556766870431602,0
C,all_blocks,centered,919,0.0005555740208365023,0
C,all_blocks,centered,920,0.000554807367734611,0
C,all_blocks,centered,921,0.0005529386689886451,0
C,all_blocks,centered,922,0.0005498407990671694,0
C,all_blocks,centered,923,0.0005484691355377436,0
C,all_blocks,centered,924,0.0005479694227688015,0
C,all_blocks,centered,925,0.0005457749357447028,0
C,all_blocks,centered,926,0.0005442490801215172,0
C,all_blocks,centered,927,0.000542745110578835,0
C,all_blocks,centered,928,0.0005420377128757536,0
C,all_blocks,centered,929,0.0005410410230979323,0
C,all_blocks,centered,930,0.000538499269168824,0
C,all_blocks,centered,931,0.0005384177784435451,0
C,all_blocks,centered,932,0.000537403451744467,0
C,all_blocks,centered,933,0.0005340573843568563,0
C,all_blocks,centered,934,0.0005325193633325398,0
C,all_blocks,centered,935,0.000531223660800606,0
C,all_blocks,centered,936,0.0005305598024278879,0
C,all_blocks,centered,937,0.0005300094489939511,0
C,all_blocks,centered,938,0.0005278709577396512,0
C,all_blocks,centered,939,0.0005271769477985799,0
C,all_blocks,centered,940,0.0005236390279605985,0
C,all_blocks,centered,941,0.000522503862157464,0
C,all_blocks,centered,942,0.0005219553713686764,0
C,all_blocks,centered,943,0.0005217143334448338,0
C,all_blocks,centered,944,0.0005197406280785799,0
C,all_blocks,centered,945,0.0005189173971302807,0
C,all_blocks,centered,946,0.0005173409008421004,0
C,all_blocks,centered,947,0.0005166301853023469,0
C,all_blocks,centered,948,0.000513844599481672,0
C,all_blocks,centered,949,0.0005117696127854288,0
C,all_blocks,centered,950,0.0005117562832310796,0
C,all_blocks,centered,951,0.0005102520808577538,0
C,all_blocks,centered,952,0.0005063235876150429,0
C,all_blocks,centered,953,0.0005062225391156971,0
C,all_blocks,centered,954,0.0005053317290730774,0
C,all_blocks,centered,955,0.0004990928573533893,0
C,all_blocks,centered,956,0.0004983462276868522,0
C,all_blocks,centered,957,0.0004982753889635205,0
C,all_blocks,centered,958,0.0004980878438800573,0
C,all_blocks,centered,959,0.0004975670017302036,0
C,all_blocks,centered,960,0.0004961309023201466,0
C,all_blocks,centered,961,0.0004923089290969074,0
C,all_blocks,centered,962,0.0004914503660984337,0
C,all_blocks,centered,963,0.0004905489622615278,0
C,all_blocks,centered,964,0.0004897929611615837,0
C,all_blocks,centered,965,0.0004888587864115834,0
C,all_blocks,centered,966,0.00048679739120416343,0
C,all_blocks,centered,967,0.00048673179117031395,0
C,all_blocks,centered,968,0.00048493180656805634,0
C,all_blocks,centered,969,0.0004847463278565556,0
C,all_blocks,centered,970,0.0004811846592929214,0
C,all_blocks,centered,971,0.000478864909382537,0
C,all_blocks,centered,972,0.0004787486104760319,0
C,all_blocks,centered,973,0.000476807908853516,0
C,all_blocks,centered,974,0.00047633255599066615,0
C,all_blocks,centered,975,0.00047462410293519497,0
C,all_blocks,centered,976,0.00047317755525000393,0
C,all_blocks,centered,977,0.00047292831004597247,0
C,all_blocks,centered,978,0.0004723033052869141,0
C,all_blocks,centered,979,0.0004688695480581373,0
C,all_blocks,centered,980,0.00046866826596669853,0
C,all_blocks,centered,981,0.00046805545571260154,0
C,all_blocks,centered,982,0.0004658603866118938,0
C,all_blocks,centered,983,0.0004641831910703331,0
C,all_blocks,centered,984,0.00046220055082812905,0
C,all_blocks,centered,985,0.0004606732982210815,0
C,all_blocks,centered,986,0.0004593576886691153,0
C,all_blocks,centered,987,0.0004592587938532233,0
C,all_blocks,centered,988,0.0004567074647638947,0
C,all_blocks,centered,989,0.0004550459561869502,0
C,all_blocks,centered,990,0.00045468771713785827,0
C,all_blocks,centered,991,0.00045310924178920686,0
C,all_blocks,centered,992,0.0004513183084782213,0
C,all_blocks,centered,993,0.00045117244007997215,0
C,all_blocks,centered,994,0.00045113981468603015,0
C,all_blocks,centered,995,0.0004494964377954602,0
C,all_blocks,centered,996,0.00044548691948875785,0
C,all_blocks,centered,997,0.0004454248119145632,0
C,all_blocks,centered,998,0.00044492274173535407,0
C,all_blocks,centered,999,0.00044454445014707744,0
C,all_blocks,centered,1000,0.0004414283321239054,0
C,all_blocks,centered,1001,0.00044020029599778354,0
C,all_blocks,centered,1002,0.00044004892697557807,0
C,all_blocks,centered,1003,0.00043979231850244105,0
C,all_blocks,centered,1004,0.00043635902693495154,0
C,all_blocks,centered,1005,0.00043471064418554306,0
C,all_blocks,centered,1006,0.0004330948577262461,0
C,all_blocks,centered,1007,0.00043204971007071435,0
C,all_blocks,centered,1008,0.0004306883492972702,0
C,all_blocks,centered,1009,0.00042909299372695386,0
C,all_blocks,centered,1010,0.0004280343418940902,0
C,all_blocks,centered,1011,0.00042783631943166256,0
C,all_blocks,centered,1012,0.0004270060744602233,0
C,all_blocks,centered,1013,0.0004264896851964295,0
C,all_blocks,centered,1014,0.00042345671681687236,0
C,all_blocks,centered,1015,0.0004233908257447183,0
C,all_blocks,centered,1016,0.0004223439609631896,0
C,all_blocks,centered,1017,0.000420242955442518,0
C,all_blocks,centered,1018,0.00041907094419002533,0
C,all_blocks,centered,1019,0.0004158270894549787,0
C,all_blocks,centered,1020,0.00041571128531359136,0
C,all_blocks,centered,1021,0.00041437018080614507,0
C,all_blocks,centered,1022,0.00041312180110253394,0
C,all_blocks,centered,1023,0.0004111055750399828,0
C,all_blocks,centered,1024,0.0004103246028535068,0
C,all_blocks,centered,1025,0.0004096703778486699,0
C,all_blocks,centered,1026,0.00040695909410715103,0
C,all_blocks,centered,1027,0.0004064156673848629,0
C,all_blocks,centered,1028,0.00040597683982923627,0
C,all_blocks,centered,1029,0.00040486743091605604,0
C,all_blocks,centered,1030,0.00040270277531817555,0
C,all_blocks,centered,1031,0.00040083579369820654,0
C,all_blocks,centered,1032,0.0004001324996352196,0
C,all_blocks,centered,1033,0.0003994357248302549,0
C,all_blocks,centered,1034,0.0003980087349191308,0
C,all_blocks,centered,1035,0.00039740215288475156,0
C,all_blocks,centered,1036,0.00039616922731511295,0
C,all_blocks,centered,1037,0.0003949982055928558,0
C,all_blocks,centered,1038,0.00039267161628231406,0
C,all_blocks,centered,1039,0.0003925335477106273,0
C,all_blocks,centered,1040,0.00039120082510635257,0
C,all_blocks,centered,1041,0.00039020186522975564,0
C,all_blocks,centered,1042,0.0003885191981680691,0
C,all_blocks,centered,1043,0.00038836049498058856,0
C,all_blocks,centered,1044,0.00038637532270513475,0
C,all_blocks,centered,1045,0.0003856151597574353,0
C,all_blocks,centered,1046,0.00038501821109093726,0
C,all_blocks,centered,1047,0.00038334180135279894,0
C,all_blocks,centered,1048,0.000381375226425007,0
C,all_blocks,centered,1049,0.0003813526127487421,0
C,all_blocks,centered,1050,0.00038100851816125214,0
C,all_blocks,centered,1051,0.0003780449915211648,0
C,all_blocks,centered,1052,0.0003768826718442142,0
C,all_blocks,centered,1053,0.000376724055968225,0
C,all_blocks,centered,1054,0.0003751100448425859,0
C,all_blocks,centered,1055,0.000373319024220109,0
C,all_blocks,centered,1056,0.00037247000727802515,0
C,all_blocks,centered,1057,0.0003704632690642029,0
C,all_blocks,centered,1058,0.00037009044899605215,0
C,all_blocks,centered,1059,0.000367954489775002,0
C,all_blocks,centered,1060,0.00036757218185812235,0
C,all_blocks,centered,1061,0.000365613290341571,0
C,all_blocks,centered,1062,0.0003654523752629757,0
C,all_blocks,centered,1063,0.00036532821832224727,0
C,all_blocks,centered,1064,0.0003629904822446406,0
C,all_blocks,centered,1065,0.00036213803105056286,0
C,all_blocks,centered,1066,0.00036125286715105176,0
C,all_blocks,centered,1067,0.000360468722647056,0
C,all_blocks,centered,1068,0.00035750193637795746,0
C,all_blocks,centered,1069,0.0003562757046893239,0
C,all_blocks,centered,1070,0.00035613594809547067,0
C,all_blocks,centered,1071,0.0003533856652211398,0
C,all_blocks,centered,1072,0.0003519131278153509,0
C,all_blocks,centered,1073,0.00035178387770429254,0
C,all_blocks,centered,1074,0.000351384689565748,0
C,all_blocks,centered,1075,0.00034896915894933045,0
C,all_blocks,centered,1076,0.0003483533801045269,0
C,all_blocks,centered,1077,0.0003471632080618292,0
C,all_blocks,centered,1078,0.00034715983201749623,0
C,all_blocks,centered,1079,0.00034481752663850784,0
C,all_blocks,centered,1080,0.0003445328329689801,0
C,all_blocks,centered,1081,0.00034360430436208844,0
C,all_blocks,centered,1082,0.00034312831121496856,0
C,all_blocks,centered,1083,0.0003408203774597496,0
C,all_blocks,centered,1084,0.00034075105213560164,0
C,all_blocks,centered,1085,0.00033735096803866327,0
C,all_blocks,centered,1086,0.0003373370273038745,0
C,all_blocks,centered,1087,0.0003358246467541903,0
C,all_blocks,centered,1088,0.00033478112891316414,0
C,all_blocks,centered,1089,0.0003322138509247452,0
C,all_blocks,centered,1090,0.0003319322713650763,0
C,all_blocks,centered,1091,0.0003314036293886602,0
C,all_blocks,centered,1092,0.0003296845534350723,0
C,all_blocks,centered,1093,0.0003296250943094492,0
C,all_blocks,centered,1094,0.0003276256611570716,0
C,all_blocks,centered,1095,0.00032684282632544637,0
C,all_blocks,centered,1096,0.00032640271820127964,0
C,all_blocks,centered,1097,0.00032637373078614473,0
C,all_blocks,centered,1098,0.0003230149741284549,0
C,all_blocks,centered,1099,0.00032292178366333246,0
C,all_blocks,centered,1100,0.0003218225028831512,0
C,all_blocks,centered,1101,0.00032105136779136956,0
C,all_blocks,centered,1102,0.0003196826728526503,0
C,all_blocks,centered,1103,0.00031869648955762386,0
C,all_blocks,centered,1104,0.0003175295132678002,0
C,all_blocks,centered,1105,0.0003146493108943105,0
C,all_blocks,centered,1106,0.00031450376263819635,0
C,all_blocks,centered,1107,0.0003142597561236471,0
C,all_blocks,centered,1108,0.0003139657783322036,0
C,all_blocks,centered,1109,0.00031212472822517157,0
C,all_blocks,centered,1110,0.000311643147142604,0
C,all_blocks,centered,1111,0.0003090368991252035,0
C,all_blocks,centered,1112,0.0003087857912760228,0
C,all_blocks,centered,1113,0.00030766878626309335,0
C,all_blocks,centered,1114,0.00030610078829340637,0
C,all_blocks,centered,1115,0.0003047991485800594,0
C,all_blocks,centered,1116,0.000304622866678983,0
C,all_blocks,centered,1117,0.0003023440367542207,0
C,all_blocks,centered,1118,0.0003002766752615571,0
C,all_blocks,centered,1119,0.0002998684940394014,0
C,all_blocks,centered,1120,0.0002984894090332091,0
C,all_blocks,centered,1121,0.0002972600923385471,0
C,all_blocks,centered,1122,0.00029657070990651846,0
C,all_blocks,centered,1123,0.000295517616905272,0
C,all_blocks,centered,1124,0.00029518891824409366,0
C,all_blocks,centered,1125,0.0002945719752460718,0
C,all_blocks,centered,1126,0.00029134060605429113,0
C,all_blocks,centered,1127,0.00029133138014003634,0
C,all_blocks,centered,1128,0.0002910219773184508,0
C,all_blocks,centered,1129,0.00028967109392397106,0
C,all_blocks,centered,1130,0.0002881792897824198,0
C,all_blocks,centered,1131,0.00028799401479773223,0
C,all_blocks,centered,1132,0.000284749228740111,0
C,all_blocks,centered,1133,0.00028470324468798935,0
C,all_blocks,centered,1134,0.000283022498479113,0
C,all_blocks,centered,1135,0.0002816784253809601,0
C,all_blocks,centered,1136,0.00028064963407814503,0
C,all_blocks,centered,1137,0.000279723375570029,0
C,all_blocks,centered,1138,0.00027969072107225657,0
C,all_blocks,centered,1139,0.00027770487940870225,0
C,all_blocks,centered,1140,0.0002761870273388922,0
C,all_blocks,centered,1141,0.0002754672896116972,0
C,all_blocks,centered,1142,0.00027483399026095867,0
C,all_blocks,centered,1143,0.0002734310401137918,0
C,all_blocks,centered,1144,0.00027158556622453034,0
C,all_blocks,centered,1145,0.00027112546376883984,0
C,all_blocks,centered,1146,0.00026999341207556427,0
C,all_blocks,centered,1147,0.00026988660101778805,0
C,all_blocks,centered,1148,0.00026592653011903167,0
C,all_blocks,centered,1149,0.0002656008582562208,0
C,all_blocks,centered,1150,0.00026483400142751634,0
C,all_blocks,centered,1151,0.00026321245240978897,0
C,all_blocks,centered,1152,0.00026299525052309036,0
C,all_blocks,centered,1153,0.0002616306010168046,0
C,all_blocks,centered,1154,0.00026121860719285905,0
C,all_blocks,centered,1155,0.0002596005506347865,0
C,all_blocks,centered,1156,0.00025869347155094147,0
C,all_blocks,centered,1157,0.00025754194939509034,0
C,all_blocks,centered,1158,0.00025443691993132234,0
C,all_blocks,centered,1159,0.00025417821598239243,0
C,all_blocks,centered,1160,0.00025306595489382744,0
C,all_blocks,centered,1161,0.00025274750078096986,0
C,all_blocks,centered,1162,0.00025107196415774524,0
C,all_blocks,centered,1163,0.00025030504912137985,0
C,all_blocks,centered,1164,0.0002502559218555689,0
C,all_blocks,centered,1165,0.0002470687322784215,0
C,all_blocks,centered,1166,0.0002464592980686575,0
C,all_blocks,centered,1167,0.0002446762518957257,0
C,all_blocks,centered,1168,0.00024432287318632007,0
C,all_blocks,centered,1169,0.00024232988653238863,0
C,all_blocks,centered,1170,0.00024198989558499306,0
C,all_blocks,centered,1171,0.0002388374414294958,0
C,all_blocks,centered,1172,0.00023862735542934388,0
C,all_blocks,centered,1173,0.00023850663274060935,0
C,all_blocks,centered,1174,0.00023644855536986142,0
C,all_blocks,centered,1175,0.00023524642165284604,0
C,all_blocks,centered,1176,0.00023448678257409483,0
C,all_blocks,centered,1177,0.00023336929734796286,0
C,all_blocks,centered,1178,0.00023151903587859124,0
C,all_blocks,centered,1179,0.00023134144430514425,0
C,all_blocks,centered,1180,0.00023081265680957586,0
C,all_blocks,centered,1181,0.0002290918491780758,0
C,all_blocks,centered,1182,0.00022894566063769162,0
C,all_blocks,centered,1183,0.00022742185683455318,0
C,all_blocks,centered,1184,0.00022596141207031906,0
C,all_blocks,centered,1185,0.00022405755589716136,0
C,all_blocks,centered,1186,0.00022342537704389542,0
C,all_blocks,centered,1187,0.00022296550741884857,0
C,all_blocks,centered,1188,0.00022043409990146756,0
C,all_blocks,centered,1189,0.00022021793120075017,0
C,all_blocks,centered,1190,0.00021961434686090797,0
C,all_blocks,centered,1191,0.00021707412088289857,0
C,all_blocks,centered,1192,0.00021651705901604146,0
C,all_blocks,centered,1193,0.00021650233247783035,0
C,all_blocks,centered,1194,0.00021633067808579654,0
C,all_blocks,centered,1195,0.00021447529434226453,0
C,all_blocks,centered,1196,0.00021348040900193155,0
C,all_blocks,centered,1197,0.00021214489242993295,0
C,all_blocks,centered,1198,0.00021027126058470458,0
C,all_blocks,centered,1199,0.00020977704843971878,0
C,all_blocks,centered,1200,0.00020902964752167463,0
C,all_blocks,centered,1201,0.0002078762190649286,0
C,all_blocks,centered,1202,0.00020635811961255968,0
C,all_blocks,centered,1203,0.0002030072791967541,0
C,all_blocks,centered,1204,0.00020289704843889922,0
C,all_blocks,centered,1205,0.00020130180928390473,0
C,all_blocks,centered,1206,0.00019998953212052584,0
C,all_blocks,centered,1207,0.0001989219308597967,0
C,all_blocks,centered,1208,0.00019834749400615692,0
C,all_blocks,centered,1209,0.0001976065686903894,0
C,all_blocks,centered,1210,0.00019681961566675454,0
C,all_blocks,centered,1211,0.0001964303810382262,0
C,all_blocks,centered,1212,0.00019516337488312274,0
C,all_blocks,centered,1213,0.00019301011343486607,0
C,all_blocks,centered,1214,0.0001923799136420712,0
C,all_blocks,centered,1215,0.00019199289090465754,0
C,all_blocks,centered,1216,0.0001906192919705063,0
C,all_blocks,centered,1217,0.000189354715985246,0
C,all_blocks,centered,1218,0.00018843876023311168,0
C,all_blocks,centered,1219,0.00018829684995580465,0
C,all_blocks,centered,1220,0.00018810447363648564,0
C,all_blocks,centered,1221,0.00018574509886093438,0
C,all_blocks,centered,1222,0.0001842950441641733,0
C,all_blocks,centered,1223,0.00018383256974630058,0
C,all_blocks,centered,1224,0.00018362421542406082,0
C,all_blocks,centered,1225,0.00018084603652823716,0
C,all_blocks,centered,1226,0.00018070943769998848,0
C,all_blocks,centered,1227,0.00018018861010205,0
C,all_blocks,centered,1228,0.0001793114934116602,0
C,all_blocks,centered,1229,0.00017739171744324267,0
C,all_blocks,centered,1230,0.00017688923981040716,0
C,all_blocks,centered,1231,0.00017578790721017867,0
C,all_blocks,centered,1232,0.00017561903223395348,0
C,all_blocks,centered,1233,0.00017420841322746128,0
C,all_blocks,centered,1234,0.0001728869101498276,0
C,all_blocks,centered,1235,0.00017103899153880775,0
C,all_blocks,centered,1236,0.0001707706251181662,0
C,all_blocks,centered,1237,0.0001694576785666868,0
C,all_blocks,centered,1238,0.00016799868899397552,0
C,all_blocks,centered,1239,0.00016701195272617042,0
C,all_blocks,centered,1240,0.00016647683514747769,0
C,all_blocks,centered,1241,0.0001655324740568176,0
C,all_blocks,centered,1242,0.00016318951384164393,0
C,all_blocks,centered,1243,0.0001623783027753234,0
C,all_blocks,centered,1244,0.00016194148338399827,0
C,all_blocks,centered,1245,0.00016050924023147672,0
C,all_blocks,centered,1246,0.00016002729535102844,0
C,all_blocks,centered,1247,0.00015993654960766435,0
C,all_blocks,centered,1248,0.000157825110363774,0
C,all_blocks,centered,1249,0.0001570122258272022,0
C,all_blocks,centered,1250,0.00015559133316855878,0
C,all_blocks,centered,1251,0.00015543279005214572,0
C,all_blocks,centered,1252,0.00015492546663153917,0
C,all_blocks,centered,1253,0.00015347832231782377,0
C,all_blocks,centered,1254,0.00015306238492485136,0
C,all_blocks,centered,1255,0.00014976780221331865,0
C,all_blocks,centered,1256,0.00014709030801896006,0
C,all_blocks,centered,1257,0.00014706136425957084,0
C,all_blocks,centered,1258,0.00014690797252114862,0
C,all_blocks,centered,1259,0.00014683912741020322,0
C,all_blocks,centered,1260,0.00014553216169588268,0
C,all_blocks,centered,1261,0.0001434348087059334,0
C,all_blocks,centered,1262,0.00014303551870398223,0
C,all_blocks,centered,1263,0.00014089132309891284,0
C,all_blocks,centered,1264,0.00014032002945896238,0
C,all_blocks,centered,1265,0.00013961362128611654,0
C,all_blocks,centered,1266,0.00013784262409899384,0
C,all_blocks,centered,1267,0.00013694920926354825,0
C,all_blocks,centered,1268,0.0001361512258881703,0
C,all_blocks,centered,1269,0.00013506185496225953,0
C,all_blocks,centered,1270,0.00013416429283097386,0
C,all_blocks,centered,1271,0.00013398760347627103,0
C,all_blocks,centered,1272,0.000132809960632585,0
C,all_blocks,centered,1273,0.0001317107817158103,0
C,all_blocks,centered,1274,0.0001309207727899775,0
C,all_blocks,centered,1275,0.0001295578695135191,0
C,all_blocks,centered,1276,0.00012749494635500014,0
C,all_blocks,centered,1277,0.0001272272493224591,0
C,all_blocks,centered,1278,0.00012708267604466528,0
C,all_blocks,centered,1279,0.00012505178165156394,0
C,all_blocks,centered,1280,0.0001238992263097316,0
C,all_blocks,centered,1281,0.00012198003241792321,0
C,all_blocks,centered,1282,0.00012168209650553763,0
C,all_blocks,centered,1283,0.00012118956510676071,0
C,all_blocks,centered,1284,0.00011946923041250557,0
C,all_blocks,centered,1285,0.00011791040742537007,0
C,all_blocks,centered,1286,0.00011691974941641092,0
C,all_blocks,centered,1287,0.00011520550469867885,0
C,all_blocks,centered,1288,0.0001141642642323859,0
C,all_blocks,centered,1289,0.00011411897867219523,0
C,all_blocks,centered,1290,0.00011304262443445623,0
C,all_blocks,centered,1291,0.00011116702808067203,0
C,all_blocks,centered,1292,0.00011027388973161578,0
C,all_blocks,centered,1293,0.00011000281665474176,0
C,all_blocks,centered,1294,0.00010905766248470172,0
C,all_blocks,centered,1295,0.00010642703273333609,0
C,all_blocks,centered,1296,0.00010543924145167693,0
C,all_blocks,centered,1297,0.00010433138959342614,0
C,all_blocks,centered,1298,0.00010228846076643094,0
C,all_blocks,centered,1299,0.0001004001751425676,0
C,all_blocks,centered,1300,0.00010016616579378024,0
C,all_blocks,centered,1301,9.96898379526101e-05,0
C,all_blocks,centered,1302,9.93525973171927e-05,0
C,all_blocks,centered,1303,9.659729403210804e-05,0
C,all_blocks,centered,1304,9.626566316001117e-05,0
C,all_blocks,centered,1305,9.61468176683411e-05,0
C,all_blocks,centered,1306,9.611410496290773e-05,0
C,all_blocks,centered,1307,9.463215246796608e-05,0
C,all_blocks,centered,1308,9.235210745828226e-05,0
C,all_blocks,centered,1309,9.159737965092063e-05,0
C,all_blocks,centered,1310,9.107653022510931e-05,0
C,all_blocks,centered,1311,8.832557796267793e-05,0
C,all_blocks,centered,1312,8.820727816782892e-05,0
C,all_blocks,centered,1313,8.775751484790817e-05,0
C,all_blocks,centered,1314,8.619121217634529e-05,0
C,all_blocks,centered,1315,8.564751624362543e-05,0
C,all_blocks,centered,1316,8.440345118287951e-05,0
C,all_blocks,centered,1317,8.339057239936665e-05,0
C,all_blocks,centered,1318,8.325868839165196e-05,0
C,all_blocks,centered,1319,8.274616993730888e-05,0
C,all_blocks,centered,1320,8.060594700509682e-05,0
C,all_blocks,centered,1321,7.923178054625168e-05,0
C,all_blocks,centered,1322,7.891946006566286e-05,0
C,all_blocks,centered,1323,7.647326128790155e-05,0
C,all_blocks,centered,1324,7.569252193206921e-05,0
C,all_blocks,centered,1325,7.54174470785074e-05,0
C,all_blocks,centered,1326,7.514347817050293e-05,0
C,all_blocks,centered,1327,7.501185609726235e-05,0
C,all_blocks,centered,1328,7.170521712396294e-05,0
C,all_blocks,centered,1329,7.149051816668361e-05,0
C,all_blocks,centered,1330,7.04007688909769e-05,0
C,all_blocks,centered,1331,6.903356552356854e-05,0
C,all_blocks,centered,1332,6.778571696486324e-05,0
C,all_blocks,centered,1333,6.75014453008771e-05,0
C,all_blocks,centered,1334,6.678771751467139e-05,0
C,all_blocks,centered,1335,6.524445052491501e-05,0
C,all_blocks,centered,1336,6.497983849840239e-05,0
C,all_blocks,centered,1337,6.435483373934403e-05,0
C,all_blocks,centered,1338,6.352812488330528e-05,0
C,all_blocks,centered,1339,6.266158743528649e-05,0
C,all_blocks,centered,1340,6.188421684782952e-05,0
C,all_blocks,centered,1341,6.0717658925568685e-05,0
C,all_blocks,centered,1342,5.8743960835272446e-05,0
C,all_blocks,centered,1343,5.8579618780640885e-05,0
C,all_blocks,centered,1344,5.811926530441269e-05,0
C,all_blocks,centered,1345,5.676974978996441e-05,0
C,all_blocks,centered,1346,5.6722568842815235e-05,0
C,all_blocks,centered,1347,5.619011426460929e-05,0
C,all_blocks,centered,1348,5.456708822748624e-05,0
C,all_blocks,centered,1349,5.410066296462901e-05,0
C,all_blocks,centered,1350,5.3568186558550224e-05,0
C,all_blocks,centered,1351,5.2405623137019575e-05,0
C,all_blocks,centered,1352,5.192414755583741e-05,0
C,all_blocks,centered,1353,5.1389939471846446e-05,0
C,all_blocks,centered,1354,5.102786235511303e-05,0
C,all_blocks,centered,1355,5.000955570721999e-05,0
C,all_blocks,centered,1356,4.852118217968382e-05,0
C,all_blocks,centered,1357,4.804110722034238e-05,0
C,all_blocks,centered,1358,4.7660254494985566e-05,0
C,all_blocks,centered,1359,4.719449862022884e-05,0
C,all_blocks,centered,1360,4.708257984020747e-05,0
C,all_blocks,centered,1361,4.650996197597124e-05,0
C,all_blocks,centered,1362,4.584927955875173e-05,0
C,all_blocks,centered,1363,4.385786087368615e-05,0
C,all_blocks,centered,1364,4.3583229853538796e-05,0
C,all_blocks,centered,1365,4.3035299313487485e-05,0
C,all_blocks,centered,1366,4.279150380170904e-05,0
C,all_blocks,centered,1367,4.255487510818057e-05,0
C,all_blocks,centered,1368,4.197888483759016e-05,0
C,all_blocks,centered,1369,4.147787331021391e-05,0
C,all_blocks,centered,1370,4.057170735904947e-05,0
C,all_blocks,centered,1371,3.9925635064719245e-05,0
C,all_blocks,centered,1372,3.964974166592583e-05,0
C,all_blocks,centered,1373,3.956755972467363e-05,0
C,all_blocks,centered,1374,3.940470560337417e-05,0
C,all_blocks,centered,1375,3.868502608384006e-05,0
C,all_blocks,centered,1376,3.834065137198195e-05,0
C,all_blocks,centered,1377,3.733209450729191e-05,0
C,all_blocks,centered,1378,3.718117659445852e-05,0
C,all_blocks,centered,1379,3.657180423033424e-05,0
C,all_blocks,centered,1380,3.601166099542752e-05,0
C,all_blocks,centered,1381,3.537747397786006e-05,0
C,all_blocks,centered,1382,3.5342894989298657e-05,0
C,all_blocks,centered,1383,3.427398041822016e-05,0
C,all_blocks,centered,1384,3.344789729453623e-05,0
C,all_blocks,centered,1385,3.319534152979031e-05,0
C,all_blocks,centered,1386,3.2666455808794126e-05,0
C,all_blocks,centered,1387,3.265660416218452e-05,0
C,all_blocks,centered,1388,3.164228837704286e-05,0
C,all_blocks,centered,1389,3.156965249218047e-05,0
C,all_blocks,centered,1390,3.0937662813812494e-05,0
C,all_blocks,centered,1391,3.087909863097593e-05,0
C,all_blocks,centered,1392,3.079451926168986e-05,0
C,all_blocks,centered,1393,2.9995680961292237e-05,0
C,all_blocks,centered,1394,2.9802899007336237e-05,0
C,all_blocks,centered,1395,2.9530507163144648e-05,0
C,all_blocks,centered,1396,2.9321150577743538e-05,0
C,all_blocks,centered,1397,2.931408744188957e-05,0
C,all_blocks,centered,1398,2.867572766263038e-05,0
C,all_blocks,centered,1399,2.8157144697615877e-05,0
C,all_blocks,centered,1400,2.7834899810841307e-05,0
C,all_blocks,centered,1401,2.772370498860255e-05,0
C,all_blocks,centered,1402,2.6939294912153855e-05,0
C,all_blocks,centered,1403,2.6868234272114933e-05,0
C,all_blocks,centered,1404,2.596739614091348e-05,0
C,all_blocks,centered,1405,2.574031168478541e-05,0
C,all_blocks,centered,1406,2.555653190938756e-05,0
C,all_blocks,centered,1407,2.5485645892331377e-05,0
C,all_blocks,centered,1408,2.546832911320962e-05,0
C,all_blocks,centered,1409,2.425405000394676e-05,0
C,all_blocks,centered,1410,2.4253995434264652e-05,0
C,all_blocks,centered,1411,2.395864976278972e-05,0
C,all_blocks,centered,1412,2.364089959883131e-05,0
C,all_blocks,centered,1413,2.348811540286988e-05,0
C,all_blocks,centered,1414,2.319286431884393e-05,0
C,all_blocks,centered,1415,2.296688580827322e-05,0
C,all_blocks,centered,1416,2.2609960069530644e-05,0
C,all_blocks,centered,1417,2.257340202049818e-05,0
C,all_blocks,centered,1418,2.237174157926347e-05,0
C,all_blocks,centered,1419,2.2358774003805593e-05,0
C,all_blocks,centered,1420,2.2097643523011357e-05,0
C,all_blocks,centered,1421,2.122988735209219e-05,0
C,all_blocks,centered,1422,2.0681896785390563e-05,0
C,all_blocks,centered,1423,2.0657786080846563e-05,0
C,all_blocks,centered,1424,2.029945608228445e-05,0
C,all_blocks,centered,1425,2.0211942683090456e-05,0
C,all_blocks,centered,1426,2.001715256483294e-05,0
C,all_blocks,centered,1427,1.9317378246341832e-05,0
C,all_blocks,centered,1428,1.9003522538696416e-05,0
C,all_blocks,centered,1429,1.8869348423322663e-05,0
C,all_blocks,centered,1430,1.8724787878454663e-05,0
C,all_blocks,centered,1431,1.8561358956503682e-05,0
C,all_blocks,centered,1432,1.8459133571013808e-05,0
C,all_blocks,centered,1433,1.84279397217324e-05,0
C,all_blocks,centered,1434,1.784927189873997e-05,0
C,all_blocks,centered,1435,1.7845133697846904e-05,0
C,all_blocks,centered,1436,1.7759131878847256e-05,0
C,all_blocks,centered,1437,1.75666809809627e-05,0
C,all_blocks,centered,1438,1.7540778571856208e-05,0
C,all_blocks,centered,1439,1.7534850485390052e-05,0
C,all_blocks,centered,1440,1.72831514646532e-05,0
C,all_blocks,centered,1441,1.6933316146605648e-05,0
C,all_blocks,centered,1442,1.6857024093042128e-05,0
C,all_blocks,centered,1443,1.6383650290663354e-05,0
C,all_blocks,centered,1444,1.6331459846696816e-05,0
C,all_blocks,centered,1445,1.6193269402720034e-05,0
C,all_blocks,centered,1446,1.5590752809657715e-05,0
C,all_blocks,centered,1447,1.5149449609452859e-05,0
C,all_blocks,centered,1448,1.507788329035975e-05,0
C,all_blocks,centered,1449,1.4970270058256574e-05,0
C,all_blocks,centered,1450,1.484627318859566e-05,0
C,all_blocks,centered,1451,1.4732751878909767e-05,0
C,all_blocks,centered,1452,1.4663185538665857e-05,0
C,all_blocks,centered,1453,1.4575670320482459e-05,0
C,all_blocks,centered,1454,1.4200662917573936e-05,0
C,all_blocks,centered,1455,1.3951378605270293e-05,0
C,all_blocks,centered,1456,1.3643099919136148e-05,0
C,all_blocks,centered,1457,1.3455591215461027e-05,0
C,all_blocks,centered,1458,1.3448611753119621e-05,0
C,all_blocks,centered,1459,1.3288473382999655e-05,0
C,all_blocks,centered,1460,1.328632151853526e-05,0
C,all_blocks,centered,1461,1.3119129107508343e-05,0
C,all_blocks,centered,1462,1.2949531082995236e-05,0
C,all_blocks,centered,1463,1.2693989447143395e-05,0
C,all_blocks,centered,1464,1.2564998542075045e-05,0
C,all_blocks,centered,1465,1.2496417184593156e-05,0
C,all_blocks,centered,1466,1.2240188880241476e-05,0
C,all_blocks,centered,1467,1.2103227163606789e-05,0
C,all_blocks,centered,1468,1.2082231478416361e-05,0
C,all_blocks,centered,1469,1.1869881745951716e-05,0
C,all_blocks,centered,1470,1.1485863979032729e-05,0
C,all_blocks,centered,1471,1.1127188372483943e-05,0
C,all_blocks,centered,1472,1.1092044587712735e-05,0
C,all_blocks,centered,1473,1.0871321137528867e-05,0
C,all_blocks,centered,1474,1.0832553016371094e-05,0
C,all_blocks,centered,1475,1.0692507203202695e-05,0
C,all_blocks,centered,1476,1.0475909220986068e-05,0
C,all_blocks,centered,1477,1.045234330376843e-05,0
C,all_blocks,centered,1478,1.0371042662882246e-05,0
C,all_blocks,centered,1479,1.0284948984917719e-05,0
C,all_blocks,centered,1480,1.0188010492129251e-05,0
C,all_blocks,centered,1481,9.87204384728102e-06,0
C,all_blocks,centered,1482,9.568905625201296e-06,0
C,all_blocks,centered,1483,9.564807442075107e-06,0
C,all_blocks,centered,1484,9.560682883602567e-06,0
C,all_blocks,centered,1485,9.345765647594817e-06,0
C,all_blocks,centered,1486,9.23188872548053e-06,0
C,all_blocks,centered,1487,9.201944521919359e-06,0
C,all_blocks,centered,1488,9.074057743418962e-06,0
C,all_blocks,centered,1489,8.835185326461215e-06,0
C,all_blocks,centered,1490,8.747426363697741e-06,0
C,all_blocks,centered,1491,8.711574082553852e-06,0
C,all_blocks,centered,1492,8.638560757390223e-06,0
C,all_blocks,centered,1493,8.473301932099275e-06,0
C,all_blocks,centered,1494,8.405053449678235e-06,0
C,all_blocks,centered,1495,8.396281373279635e-06,0
C,all_blocks,centered,1496,8.285251169581898e-06,0
C,all_blocks,centered,1497,8.253690793935675e-06,0
C,all_blocks,centered,1498,8.217314643843565e-06,0
C,all_blocks,centered,1499,8.205031917896122e-06,0
C,all_blocks,centered,1500,8.040434295253363e-06,0
C,all_blocks,centered,1501,7.97885877545923e-06,0
C,all_blocks,centered,1502,7.943795026221778e-06,0
C,all_blocks,centered,1503,7.789475603203755e-06,0
C,all_blocks,centered,1504,7.768093382765073e-06,0
C,all_blocks,centered,1505,7.742413799860515e-06,0
C,all_blocks,centered,1506,7.68155496189138e-06,0
C,all_blocks,centered,1507,7.599568562000059e-06,0
C,all_blocks,centered,1508,7.5531715992838144e-06,0
C,all_blocks,centered,1509,7.374314918706659e-06,0
C,all_blocks,centered,1510,7.35913590688142e-06,0
C,all_blocks,centered,1511,7.2971515692188405e-06,0
C,all_blocks,centered,1512,7.2790394369803835e-06,0
C,all_blocks,centered,1513,7.182058197940933e-06,0
C,all_blocks,centered,1514,7.102802555891685e-06,0
C,all_blocks,centered,1515,7.009991804807214e-06,0
C,all_blocks,centered,1516,6.989371740928618e-06,0
C,all_blocks,centered,1517,6.803732958360342e-06,0
C,all_blocks,centered,1518,6.747799034201307e-06,0
C,all_blocks,centered,1519,6.741584911651444e-06,0
C,all_blocks,centered,1520,6.555449544976e-06,0
C,all_blocks,centered,1521,6.500116342067486e-06,0
C,all_blocks,centered,1522,6.402600774890743e-06,0
C,all_blocks,centered,1523,6.272793598327553e-06,0
C,all_blocks,centered,1524,6.2606709434476215e-06,0
C,all_blocks,centered,1525,6.208651484485017e-06,0
C,all_blocks,centered,1526,6.144309281808091e-06,0
C,all_blocks,centered,1527,6.026030405337224e-06,0
C,all_blocks,centered,1528,5.865142611582996e-06,0
C,all_blocks,centered,1529,5.845691248396179e-06,0
C,all_blocks,centered,1530,5.833025625179289e-06,0
C,all_blocks,centered,1531,5.709926426789025e-06,0
C,all_blocks,centered,1532,5.681039056071313e-06,0
C,all_blocks,centered,1533,5.579889602813637e-06,0
C,all_blocks,centered,1534,5.532199338631472e-06,0
C,all_blocks,centered,1535,5.4369570534618106e-06,0
C,all_blocks,centered,1536,4.925375833408907e-06,0
C,all_blocks,channel_standardized,1,42.66611862182617,1
C,all_blocks,channel_standardized,2,28.379268646240234,1
C,all_blocks,channel_standardized,3,20.06726837158203,1
C,all_blocks,channel_standardized,4,17.588638305664062,1
C,all_blocks,channel_standardized,5,17.318727493286133,1
C,all_blocks,channel_standardized,6,11.136463165283203,1
C,all_blocks,channel_standardized,7,9.564507484436035,1
C,all_blocks,channel_standardized,8,9.335932731628418,1
C,all_blocks,channel_standardized,9,8.698697090148926,1
C,all_blocks,channel_standardized,10,8.620720863342285,1
C,all_blocks,channel_standardized,11,7.9462971687316895,1
C,all_blocks,channel_standardized,12,7.363284587860107,1
C,all_blocks,channel_standardized,13,7.253307342529297,1
C,all_blocks,channel_standardized,14,7.091118335723877,1
C,all_blocks,channel_standardized,15,6.828610897064209,1
C,all_blocks,channel_standardized,16,6.50775146484375,1
C,all_blocks,channel_standardized,17,6.350888252258301,1
C,all_blocks,channel_standardized,18,6.192091941833496,1
C,all_blocks,channel_standardized,19,6.085355281829834,1
C,all_blocks,channel_standardized,20,5.935315132141113,1
C,all_blocks,channel_standardized,21,5.824390888214111,1
C,all_blocks,channel_standardized,22,5.669476509094238,1
C,all_blocks,channel_standardized,23,5.498491287231445,1
C,all_blocks,channel_standardized,24,5.373258590698242,1
C,all_blocks,channel_standardized,25,5.23045539855957,1
C,all_blocks,channel_standardized,26,5.129052639007568,1
C,all_blocks,channel_standardized,27,5.088119029998779,1
C,all_blocks,channel_standardized,28,4.990513324737549,1
C,all_blocks,channel_standardized,29,4.9751057624816895,1
C,all_blocks,channel_standardized,30,4.880740642547607,1
C,all_blocks,channel_standardized,31,4.84480094909668,1
C,all_blocks,channel_standardized,32,4.68370246887207,1
C,all_blocks,channel_standardized,33,4.606549263000488,1
C,all_blocks,channel_standardized,34,4.510217666625977,1
C,all_blocks,channel_standardized,35,4.478629112243652,1
C,all_blocks,channel_standardized,36,4.406518936157227,1
C,all_blocks,channel_standardized,37,4.339542388916016,1
C,all_blocks,channel_standardized,38,4.2787346839904785,1
C,all_blocks,channel_standardized,39,4.235867500305176,1
C,all_blocks,channel_standardized,40,4.196350574493408,1
C,all_blocks,channel_standardized,41,4.1590657234191895,1
C,all_blocks,channel_standardized,42,4.100122451782227,1
C,all_blocks,channel_standardized,43,4.078199863433838,1
C,all_blocks,channel_standardized,44,4.04395055770874,1
C,all_blocks,channel_standardized,45,4.02454137802124,1
C,all_blocks,channel_standardized,46,4.004439353942871,1
C,all_blocks,channel_standardized,47,3.912994146347046,1
C,all_blocks,channel_standardized,48,3.881514072418213,1
C,all_blocks,channel_standardized,49,3.8502655029296875,1
C,all_blocks,channel_standardized,50,3.7699637413024902,1
C,all_blocks,channel_standardized,51,3.757546901702881,1
C,all_blocks,channel_standardized,52,3.7499613761901855,1
C,all_blocks,channel_standardized,53,3.6755447387695312,1
C,all_blocks,channel_standardized,54,3.6446547508239746,1
C,all_blocks,channel_standardized,55,3.638089656829834,1
C,all_blocks,channel_standardized,56,3.6056911945343018,1
C,all_blocks,channel_standardized,57,3.571791172027588,1
C,all_blocks,channel_standardized,58,3.5478224754333496,1
C,all_blocks,channel_standardized,59,3.5273804664611816,1
C,all_blocks,channel_standardized,60,3.493439197540283,1
C,all_blocks,channel_standardized,61,3.477023124694824,1
C,all_blocks,channel_standardized,62,3.4247515201568604,1
C,all_blocks,channel_standardized,63,3.402702808380127,1
C,all_blocks,channel_standardized,64,3.384293556213379,1
C,all_blocks,channel_standardized,65,3.355100393295288,1
C,all_blocks,channel_standardized,66,3.3497350215911865,1
C,all_blocks,channel_standardized,67,3.3341307640075684,1
C,all_blocks,channel_standardized,68,3.292231559753418,1
C,all_blocks,channel_standardized,69,3.285022497177124,1
C,all_blocks,channel_standardized,70,3.273292064666748,1
C,all_blocks,channel_standardized,71,3.2475874423980713,1
C,all_blocks,channel_standardized,72,3.2192697525024414,1
C,all_blocks,channel_standardized,73,3.201639175415039,1
C,all_blocks,channel_standardized,74,3.183483839035034,1
C,all_blocks,channel_standardized,75,3.164307117462158,1
C,all_blocks,channel_standardized,76,3.1574370861053467,1
C,all_blocks,channel_standardized,77,3.133230447769165,1
C,all_blocks,channel_standardized,78,3.1162266731262207,1
C,all_blocks,channel_standardized,79,3.112470865249634,1
C,all_blocks,channel_standardized,80,3.064267873764038,1
C,all_blocks,channel_standardized,81,3.0580477714538574,1
C,all_blocks,channel_standardized,82,3.023142099380493,1
C,all_blocks,channel_standardized,83,3.0059664249420166,1
C,all_blocks,channel_standardized,84,2.989006280899048,1
C,all_blocks,channel_standardized,85,2.978348731994629,1
C,all_blocks,channel_standardized,86,2.9588630199432373,1
C,all_blocks,channel_standardized,87,2.9436087608337402,1
C,all_blocks,channel_standardized,88,2.920595169067383,1
C,all_blocks,channel_standardized,89,2.9148638248443604,1
C,all_blocks,channel_standardized,90,2.8954267501831055,1
C,all_blocks,channel_standardized,91,2.8868517875671387,1
C,all_blocks,channel_standardized,92,2.867013454437256,1
C,all_blocks,channel_standardized,93,2.8616013526916504,1
C,all_blocks,channel_standardized,94,2.838770866394043,1
C,all_blocks,channel_standardized,95,2.828470468521118,1
C,all_blocks,channel_standardized,96,2.796635389328003,1
C,all_blocks,channel_standardized,97,2.7945449352264404,1
C,all_blocks,channel_standardized,98,2.7708187103271484,1
C,all_blocks,channel_standardized,99,2.750978708267212,1
C,all_blocks,channel_standardized,100,2.7488458156585693,1
C,all_blocks,channel_standardized,101,2.7250897884368896,1
C,all_blocks,channel_standardized,102,2.7153067588806152,1
C,all_blocks,channel_standardized,103,2.711364984512329,1
C,all_blocks,channel_standardized,104,2.6896843910217285,1
C,all_blocks,channel_standardized,105,2.6830978393554688,1
C,all_blocks,channel_standardized,106,2.66291880607605,1
C,all_blocks,channel_standardized,107,2.6447808742523193,1
C,all_blocks,channel_standardized,108,2.6313586235046387,1
C,all_blocks,channel_standardized,109,2.628450632095337,1
C,all_blocks,channel_standardized,110,2.620812177658081,1
C,all_blocks,channel_standardized,111,2.6094205379486084,1
C,all_blocks,channel_standardized,112,2.5858120918273926,1
C,all_blocks,channel_standardized,113,2.58298659324646,1
C,all_blocks,channel_standardized,114,2.5670909881591797,1
C,all_blocks,channel_standardized,115,2.554518222808838,1
C,all_blocks,channel_standardized,116,2.551638126373291,1
C,all_blocks,channel_standardized,117,2.5384840965270996,1
C,all_blocks,channel_standardized,118,2.5343575477600098,1
C,all_blocks,channel_standardized,119,2.5246825218200684,1
C,all_blocks,channel_standardized,120,2.5090432167053223,1
C,all_blocks,channel_standardized,121,2.4957435131073,1
C,all_blocks,channel_standardized,122,2.489185333251953,1
C,all_blocks,channel_standardized,123,2.4802846908569336,1
C,all_blocks,channel_standardized,124,2.4638025760650635,1
C,all_blocks,channel_standardized,125,2.449968099594116,1
C,all_blocks,channel_standardized,126,2.4444663524627686,1
C,all_blocks,channel_standardized,127,2.429171562194824,1
C,all_blocks,channel_standardized,128,2.424098491668701,1
C,all_blocks,channel_standardized,129,2.4192757606506348,1
C,all_blocks,channel_standardized,130,2.40575909614563,1
C,all_blocks,channel_standardized,131,2.404010057449341,1
C,all_blocks,channel_standardized,132,2.3931257724761963,1
C,all_blocks,channel_standardized,133,2.3775253295898438,1
C,all_blocks,channel_standardized,134,2.3602280616760254,1
C,all_blocks,channel_standardized,135,2.3575439453125,1
C,all_blocks,channel_standardized,136,2.3533096313476562,1
C,all_blocks,channel_standardized,137,2.343641757965088,1
C,all_blocks,channel_standardized,138,2.3315303325653076,1
C,all_blocks,channel_standardized,139,2.321460008621216,1
C,all_blocks,channel_standardized,140,2.3145456314086914,1
C,all_blocks,channel_standardized,141,2.301496744155884,1
C,all_blocks,channel_standardized,142,2.2964134216308594,1
C,all_blocks,channel_standardized,143,2.2804572582244873,1
C,all_blocks,channel_standardized,144,2.2709734439849854,1
C,all_blocks,channel_standardized,145,2.2653684616088867,1
C,all_blocks,channel_standardized,146,2.263422727584839,1
C,all_blocks,channel_standardized,147,2.2502126693725586,1
C,all_blocks,channel_standardized,148,2.2409732341766357,1
C,all_blocks,channel_standardized,149,2.2363367080688477,1
C,all_blocks,channel_standardized,150,2.2326242923736572,1
C,all_blocks,channel_standardized,151,2.21112060546875,1
C,all_blocks,channel_standardized,152,2.2059895992279053,1
C,all_blocks,channel_standardized,153,2.190617799758911,1
C,all_blocks,channel_standardized,154,2.1890950202941895,1
C,all_blocks,channel_standardized,155,2.1810836791992188,1
C,all_blocks,channel_standardized,156,2.1673052310943604,1
C,all_blocks,channel_standardized,157,2.157449960708618,1
C,all_blocks,channel_standardized,158,2.1504838466644287,1
C,all_blocks,channel_standardized,159,2.144827127456665,1
C,all_blocks,channel_standardized,160,2.134413242340088,1
C,all_blocks,channel_standardized,161,2.127300977706909,1
C,all_blocks,channel_standardized,162,2.1197471618652344,1
C,all_blocks,channel_standardized,163,2.11421799659729,1
C,all_blocks,channel_standardized,164,2.1075193881988525,1
C,all_blocks,channel_standardized,165,2.104904890060425,1
C,all_blocks,channel_standardized,166,2.0996363162994385,1
C,all_blocks,channel_standardized,167,2.0918924808502197,1
C,all_blocks,channel_standardized,168,2.087653160095215,1
C,all_blocks,channel_standardized,169,2.0725948810577393,1
C,all_blocks,channel_standardized,170,2.0637083053588867,1
C,all_blocks,channel_standardized,171,2.0596799850463867,1
C,all_blocks,channel_standardized,172,2.0573723316192627,1
C,all_blocks,channel_standardized,173,2.047243118286133,0
C,all_blocks,channel_standardized,174,2.043243408203125,0
C,all_blocks,channel_standardized,175,2.0302767753601074,0
C,all_blocks,channel_standardized,176,2.0295097827911377,0
C,all_blocks,channel_standardized,177,2.0217642784118652,0
C,all_blocks,channel_standardized,178,2.012061357498169,0
C,all_blocks,channel_standardized,179,1.9998630285263062,0
C,all_blocks,channel_standardized,180,1.9955558776855469,0
C,all_blocks,channel_standardized,181,1.9895046949386597,0
C,all_blocks,channel_standardized,182,1.9843287467956543,0
C,all_blocks,channel_standardized,183,1.9766987562179565,0
C,all_blocks,channel_standardized,184,1.9692816734313965,0
C,all_blocks,channel_standardized,185,1.9667385816574097,0
C,all_blocks,channel_standardized,186,1.9634177684783936,0
C,all_blocks,channel_standardized,187,1.9518260955810547,0
C,all_blocks,channel_standardized,188,1.9418044090270996,0
C,all_blocks,channel_standardized,189,1.9377543926239014,0
C,all_blocks,channel_standardized,190,1.9314045906066895,0
C,all_blocks,channel_standardized,191,1.9254945516586304,0
C,all_blocks,channel_standardized,192,1.9224659204483032,0
C,all_blocks,channel_standardized,193,1.9106544256210327,0
C,all_blocks,channel_standardized,194,1.8984817266464233,0
C,all_blocks,channel_standardized,195,1.89666748046875,0
C,all_blocks,channel_standardized,196,1.892351746559143,0
C,all_blocks,channel_standardized,197,1.8860632181167603,0
C,all_blocks,channel_standardized,198,1.877034068107605,0
C,all_blocks,channel_standardized,199,1.8727166652679443,0
C,all_blocks,channel_standardized,200,1.8686217069625854,0
C,all_blocks,channel_standardized,201,1.8641486167907715,0
C,all_blocks,channel_standardized,202,1.8578444719314575,0
C,all_blocks,channel_standardized,203,1.8538482189178467,0
C,all_blocks,channel_standardized,204,1.8489516973495483,0
C,all_blocks,channel_standardized,205,1.8414032459259033,0
C,all_blocks,channel_standardized,206,1.8337560892105103,0
C,all_blocks,channel_standardized,207,1.8303433656692505,0
C,all_blocks,channel_standardized,208,1.8247320652008057,0
C,all_blocks,channel_standardized,209,1.8242722749710083,0
C,all_blocks,channel_standardized,210,1.8201913833618164,0
C,all_blocks,channel_standardized,211,1.8130719661712646,0
C,all_blocks,channel_standardized,212,1.8059532642364502,0
C,all_blocks,channel_standardized,213,1.7984369993209839,0
C,all_blocks,channel_standardized,214,1.795297384262085,0
C,all_blocks,channel_standardized,215,1.7924144268035889,0
C,all_blocks,channel_standardized,216,1.7775176763534546,0
C,all_blocks,channel_standardized,217,1.7750707864761353,0
C,all_blocks,channel_standardized,218,1.7720035314559937,0
C,all_blocks,channel_standardized,219,1.767409086227417,0
C,all_blocks,channel_standardized,220,1.7630618810653687,0
C,all_blocks,channel_standardized,221,1.7598040103912354,0
C,all_blocks,channel_standardized,222,1.7537834644317627,0
C,all_blocks,channel_standardized,223,1.7429161071777344,0
C,all_blocks,channel_standardized,224,1.7404597997665405,0
C,all_blocks,channel_standardized,225,1.7350904941558838,0
C,all_blocks,channel_standardized,226,1.7267231941223145,0
C,all_blocks,channel_standardized,227,1.7221074104309082,0
C,all_blocks,channel_standardized,228,1.71896493434906,0
C,all_blocks,channel_standardized,229,1.7168821096420288,0
C,all_blocks,channel_standardized,230,1.7141168117523193,0
C,all_blocks,channel_standardized,231,1.7068877220153809,0
C,all_blocks,channel_standardized,232,1.7008589506149292,0
C,all_blocks,channel_standardized,233,1.697834849357605,0
C,all_blocks,channel_standardized,234,1.6928335428237915,0
C,all_blocks,channel_standardized,235,1.6899009943008423,0
C,all_blocks,channel_standardized,236,1.6796116828918457,0
C,all_blocks,channel_standardized,237,1.6758707761764526,0
C,all_blocks,channel_standardized,238,1.6668426990509033,0
C,all_blocks,channel_standardized,239,1.656014084815979,0
C,all_blocks,channel_standardized,240,1.6540268659591675,0
C,all_blocks,channel_standardized,241,1.6507118940353394,0
C,all_blocks,channel_standardized,242,1.6474287509918213,0
C,all_blocks,channel_standardized,243,1.640139102935791,0
C,all_blocks,channel_standardized,244,1.6367614269256592,0
C,all_blocks,channel_standardized,245,1.6332004070281982,0
C,all_blocks,channel_standardized,246,1.630021095275879,0
C,all_blocks,channel_standardized,247,1.6280860900878906,0
C,all_blocks,channel_standardized,248,1.6198513507843018,0
C,all_blocks,channel_standardized,249,1.611435890197754,0
C,all_blocks,channel_standardized,250,1.6087929010391235,0
C,all_blocks,channel_standardized,251,1.6032025814056396,0
C,all_blocks,channel_standardized,252,1.5973817110061646,0
C,all_blocks,channel_standardized,253,1.5929943323135376,0
C,all_blocks,channel_standardized,254,1.5902947187423706,0
C,all_blocks,channel_standardized,255,1.5825806856155396,0
C,all_blocks,channel_standardized,256,1.5776020288467407,0
C,all_blocks,channel_standardized,257,1.5749108791351318,0
C,all_blocks,channel_standardized,258,1.570662021636963,0
C,all_blocks,channel_standardized,259,1.5684161186218262,0
C,all_blocks,channel_standardized,260,1.5629969835281372,0
C,all_blocks,channel_standardized,261,1.5577659606933594,0
C,all_blocks,channel_standardized,262,1.5520719289779663,0
C,all_blocks,channel_standardized,263,1.5493288040161133,0
C,all_blocks,channel_standardized,264,1.5481789112091064,0
C,all_blocks,channel_standardized,265,1.545683741569519,0
C,all_blocks,channel_standardized,266,1.5352768898010254,0
C,all_blocks,channel_standardized,267,1.5312061309814453,0
C,all_blocks,channel_standardized,268,1.5232431888580322,0
C,all_blocks,channel_standardized,269,1.5210992097854614,0
C,all_blocks,channel_standardized,270,1.519089937210083,0
C,all_blocks,channel_standardized,271,1.5161210298538208,0
C,all_blocks,channel_standardized,272,1.515427827835083,0
C,all_blocks,channel_standardized,273,1.5087127685546875,0
C,all_blocks,channel_standardized,274,1.5027049779891968,0
C,all_blocks,channel_standardized,275,1.4974619150161743,0
C,all_blocks,channel_standardized,276,1.495129942893982,0
C,all_blocks,channel_standardized,277,1.4942117929458618,0
C,all_blocks,channel_standardized,278,1.4893616437911987,0
C,all_blocks,channel_standardized,279,1.4873472452163696,0
C,all_blocks,channel_standardized,280,1.4819828271865845,0
C,all_blocks,channel_standardized,281,1.4757379293441772,0
C,all_blocks,channel_standardized,282,1.474515676498413,0
C,all_blocks,channel_standardized,283,1.4738479852676392,0
C,all_blocks,channel_standardized,284,1.4675788879394531,0
C,all_blocks,channel_standardized,285,1.4654556512832642,0
C,all_blocks,channel_standardized,286,1.4579089879989624,0
C,all_blocks,channel_standardized,287,1.453222632408142,0
C,all_blocks,channel_standardized,288,1.4498790502548218,0
C,all_blocks,channel_standardized,289,1.446793794631958,0
C,all_blocks,channel_standardized,290,1.4396555423736572,0
C,all_blocks,channel_standardized,291,1.436583399772644,0
C,all_blocks,channel_standardized,292,1.4326114654541016,0
C,all_blocks,channel_standardized,293,1.4315848350524902,0
C,all_blocks,channel_standardized,294,1.426375150680542,0
C,all_blocks,channel_standardized,295,1.4173084497451782,0
C,all_blocks,channel_standardized,296,1.4142258167266846,0
C,all_blocks,channel_standardized,297,1.4126428365707397,0
C,all_blocks,channel_standardized,298,1.4101988077163696,0
C,all_blocks,channel_standardized,299,1.4053363800048828,0
C,all_blocks,channel_standardized,300,1.4034463167190552,0
C,all_blocks,channel_standardized,301,1.3998128175735474,0
C,all_blocks,channel_standardized,302,1.3943852186203003,0
C,all_blocks,channel_standardized,303,1.3918989896774292,0
C,all_blocks,channel_standardized,304,1.3887478113174438,0
C,all_blocks,channel_standardized,305,1.3870220184326172,0
C,all_blocks,channel_standardized,306,1.3827506303787231,0
C,all_blocks,channel_standardized,307,1.3775643110275269,0
C,all_blocks,channel_standardized,308,1.376935601234436,0
C,all_blocks,channel_standardized,309,1.3712817430496216,0
C,all_blocks,channel_standardized,310,1.3704874515533447,0
C,all_blocks,channel_standardized,311,1.3649462461471558,0
C,all_blocks,channel_standardized,312,1.3617193698883057,0
C,all_blocks,channel_standardized,313,1.3601564168930054,0
C,all_blocks,channel_standardized,314,1.3564597368240356,0
C,all_blocks,channel_standardized,315,1.3525789976119995,0
C,all_blocks,channel_standardized,316,1.3492329120635986,0
C,all_blocks,channel_standardized,317,1.3464746475219727,0
C,all_blocks,channel_standardized,318,1.3397902250289917,0
C,all_blocks,channel_standardized,319,1.3369112014770508,0
C,all_blocks,channel_standardized,320,1.33271062374115,0
C,all_blocks,channel_standardized,321,1.3317588567733765,0
C,all_blocks,channel_standardized,322,1.3280020952224731,0
C,all_blocks,channel_standardized,323,1.325219988822937,0
C,all_blocks,channel_standardized,324,1.323617696762085,0
C,all_blocks,channel_standardized,325,1.3180150985717773,0
C,all_blocks,channel_standardized,326,1.3159921169281006,0
C,all_blocks,channel_standardized,327,1.3142451047897339,0
C,all_blocks,channel_standardized,328,1.3120222091674805,0
C,all_blocks,channel_standardized,329,1.3053549528121948,0
C,all_blocks,channel_standardized,330,1.304989218711853,0
C,all_blocks,channel_standardized,331,1.2988812923431396,0
C,all_blocks,channel_standardized,332,1.2930374145507812,0
C,all_blocks,channel_standardized,333,1.2899103164672852,0
C,all_blocks,channel_standardized,334,1.286122441291809,0
C,all_blocks,channel_standardized,335,1.2826882600784302,0
C,all_blocks,channel_standardized,336,1.2806415557861328,0
C,all_blocks,channel_standardized,337,1.2790321111679077,0
C,all_blocks,channel_standardized,338,1.276983380317688,0
C,all_blocks,channel_standardized,339,1.2731584310531616,0
C,all_blocks,channel_standardized,340,1.270810842514038,0
C,all_blocks,channel_standardized,341,1.2651283740997314,0
C,all_blocks,channel_standardized,342,1.263213872909546,0
C,all_blocks,channel_standardized,343,1.2593556642532349,0
C,all_blocks,channel_standardized,344,1.25704824924469,0
C,all_blocks,channel_standardized,345,1.2567931413650513,0
C,all_blocks,channel_standardized,346,1.2546075582504272,0
C,all_blocks,channel_standardized,347,1.2507538795471191,0
C,all_blocks,channel_standardized,348,1.2490928173065186,0
C,all_blocks,channel_standardized,349,1.2415719032287598,0
C,all_blocks,channel_standardized,350,1.2412165403366089,0
C,all_blocks,channel_standardized,351,1.2356581687927246,0
C,all_blocks,channel_standardized,352,1.2307262420654297,0
C,all_blocks,channel_standardized,353,1.229977011680603,0
C,all_blocks,channel_standardized,354,1.2277839183807373,0
C,all_blocks,channel_standardized,355,1.2262487411499023,0
C,all_blocks,channel_standardized,356,1.2216873168945312,0
C,all_blocks,channel_standardized,357,1.2200216054916382,0
C,all_blocks,channel_standardized,358,1.2195487022399902,0
C,all_blocks,channel_standardized,359,1.2116079330444336,0
C,all_blocks,channel_standardized,360,1.2101242542266846,0
C,all_blocks,channel_standardized,361,1.2048006057739258,0
C,all_blocks,channel_standardized,362,1.2007132768630981,0
C,all_blocks,channel_standardized,363,1.1993578672409058,0
C,all_blocks,channel_standardized,364,1.1970720291137695,0
C,all_blocks,channel_standardized,365,1.1940244436264038,0
C,all_blocks,channel_standardized,366,1.188042402267456,0
C,all_blocks,channel_standardized,367,1.1856790781021118,0
C,all_blocks,channel_standardized,368,1.1843239068984985,0
C,all_blocks,channel_standardized,369,1.1838868856430054,0
C,all_blocks,channel_standardized,370,1.1818557977676392,0
C,all_blocks,channel_standardized,371,1.178797721862793,0
C,all_blocks,channel_standardized,372,1.178156852722168,0
C,all_blocks,channel_standardized,373,1.1743583679199219,0
C,all_blocks,channel_standardized,374,1.1728564500808716,0
C,all_blocks,channel_standardized,375,1.1678019762039185,0
C,all_blocks,channel_standardized,376,1.1656638383865356,0
C,all_blocks,channel_standardized,377,1.1609481573104858,0
C,all_blocks,channel_standardized,378,1.1598482131958008,0
C,all_blocks,channel_standardized,379,1.1568458080291748,0
C,all_blocks,channel_standardized,380,1.155205488204956,0
C,all_blocks,channel_standardized,381,1.1534355878829956,0
C,all_blocks,channel_standardized,382,1.149387240409851,0
C,all_blocks,channel_standardized,383,1.1442493200302124,0
C,all_blocks,channel_standardized,384,1.141808271408081,0
C,all_blocks,channel_standardized,385,1.1397957801818848,0
C,all_blocks,channel_standardized,386,1.1393084526062012,0
C,all_blocks,channel_standardized,387,1.1354756355285645,0
C,all_blocks,channel_standardized,388,1.1337043046951294,0
C,all_blocks,channel_standardized,389,1.1331517696380615,0
C,all_blocks,channel_standardized,390,1.1267266273498535,0
C,all_blocks,channel_standardized,391,1.1222978830337524,0
C,all_blocks,channel_standardized,392,1.1199740171432495,0
C,all_blocks,channel_standardized,393,1.1175583600997925,0
C,all_blocks,channel_standardized,394,1.115377426147461,0
C,all_blocks,channel_standardized,395,1.1106843948364258,0
C,all_blocks,channel_standardized,396,1.108748197555542,0
C,all_blocks,channel_standardized,397,1.1070539951324463,0
C,all_blocks,channel_standardized,398,1.1045852899551392,0
C,all_blocks,channel_standardized,399,1.1038663387298584,0
C,all_blocks,channel_standardized,400,1.1002570390701294,0
C,all_blocks,channel_standardized,401,1.0983619689941406,0
C,all_blocks,channel_standardized,402,1.097444772720337,0
C,all_blocks,channel_standardized,403,1.0933008193969727,0
C,all_blocks,channel_standardized,404,1.0922573804855347,0
C,all_blocks,channel_standardized,405,1.0909751653671265,0
C,all_blocks,channel_standardized,406,1.0900498628616333,0
C,all_blocks,channel_standardized,407,1.0859955549240112,0
C,all_blocks,channel_standardized,408,1.0830771923065186,0
C,all_blocks,channel_standardized,409,1.081922173500061,0
C,all_blocks,channel_standardized,410,1.0773996114730835,0
C,all_blocks,channel_standardized,411,1.0770490169525146,0
C,all_blocks,channel_standardized,412,1.0725010633468628,0
C,all_blocks,channel_standardized,413,1.0696059465408325,0
C,all_blocks,channel_standardized,414,1.0661298036575317,0
C,all_blocks,channel_standardized,415,1.0654572248458862,0
C,all_blocks,channel_standardized,416,1.0615266561508179,0
C,all_blocks,channel_standardized,417,1.060059666633606,0
C,all_blocks,channel_standardized,418,1.058153748512268,0
C,all_blocks,channel_standardized,419,1.0547043085098267,0
C,all_blocks,channel_standardized,420,1.0527912378311157,0
C,all_blocks,channel_standardized,421,1.051348090171814,0
C,all_blocks,channel_standardized,422,1.049528956413269,0
C,all_blocks,channel_standardized,423,1.0466879606246948,0
C,all_blocks,channel_standardized,424,1.0440433025360107,0
C,all_blocks,channel_standardized,425,1.0415160655975342,0
C,all_blocks,channel_standardized,426,1.0385977029800415,0
C,all_blocks,channel_standardized,427,1.035477876663208,0
C,all_blocks,channel_standardized,428,1.0323923826217651,0
C,all_blocks,channel_standardized,429,1.0319033861160278,0
C,all_blocks,channel_standardized,430,1.028681993484497,0
C,all_blocks,channel_standardized,431,1.0251965522766113,0
C,all_blocks,channel_standardized,432,1.024573564529419,0
C,all_blocks,channel_standardized,433,1.0227599143981934,0
C,all_blocks,channel_standardized,434,1.0208733081817627,0
C,all_blocks,channel_standardized,435,1.018899917602539,0
C,all_blocks,channel_standardized,436,1.0170726776123047,0
C,all_blocks,channel_standardized,437,1.0148452520370483,0
C,all_blocks,channel_standardized,438,1.0127100944519043,0
C,all_blocks,channel_standardized,439,1.0114387273788452,0
C,all_blocks,channel_standardized,440,1.0100210905075073,0
C,all_blocks,channel_standardized,441,1.0070605278015137,0
C,all_blocks,channel_standardized,442,1.0041282176971436,0
C,all_blocks,channel_standardized,443,1.0027652978897095,0
C,all_blocks,channel_standardized,444,1.0006626844406128,0
C,all_blocks,channel_standardized,445,0.9973896145820618,0
C,all_blocks,channel_standardized,446,0.9962272644042969,0
C,all_blocks,channel_standardized,447,0.9929186105728149,0
C,all_blocks,channel_standardized,448,0.9907028675079346,0
C,all_blocks,channel_standardized,449,0.989809513092041,0
C,all_blocks,channel_standardized,450,0.9858156442642212,0
C,all_blocks,channel_standardized,451,0.9850886464118958,0
C,all_blocks,channel_standardized,452,0.9802515506744385,0
C,all_blocks,channel_standardized,453,0.9776262640953064,0
C,all_blocks,channel_standardized,454,0.9762033820152283,0
C,all_blocks,channel_standardized,455,0.9728641510009766,0
C,all_blocks,channel_standardized,456,0.9710094928741455,0
C,all_blocks,channel_standardized,457,0.970265805721283,0
C,all_blocks,channel_standardized,458,0.9692356586456299,0
C,all_blocks,channel_standardized,459,0.9655718207359314,0
C,all_blocks,channel_standardized,460,0.9637587070465088,0
C,all_blocks,channel_standardized,461,0.9626743793487549,0
C,all_blocks,channel_standardized,462,0.9596366882324219,0
C,all_blocks,channel_standardized,463,0.9578067064285278,0
C,all_blocks,channel_standardized,464,0.9548090100288391,0
C,all_blocks,channel_standardized,465,0.9542320370674133,0
C,all_blocks,channel_standardized,466,0.9504331946372986,0
C,all_blocks,channel_standardized,467,0.9478837251663208,0
C,all_blocks,channel_standardized,468,0.9475306868553162,0
C,all_blocks,channel_standardized,469,0.9445928335189819,0
C,all_blocks,channel_standardized,470,0.9435290694236755,0
C,all_blocks,channel_standardized,471,0.942138135433197,0
C,all_blocks,channel_standardized,472,0.9410511255264282,0
C,all_blocks,channel_standardized,473,0.9387408494949341,0
C,all_blocks,channel_standardized,474,0.9357420802116394,0
C,all_blocks,channel_standardized,475,0.9331305623054504,0
C,all_blocks,channel_standardized,476,0.9298921227455139,0
C,all_blocks,channel_standardized,477,0.9280498623847961,0
C,all_blocks,channel_standardized,478,0.9248262047767639,0
C,all_blocks,channel_standardized,479,0.9243541359901428,0
C,all_blocks,channel_standardized,480,0.9228666424751282,0
C,all_blocks,channel_standardized,481,0.9189632534980774,0
C,all_blocks,channel_standardized,482,0.9185298681259155,0
C,all_blocks,channel_standardized,483,0.9171209335327148,0
C,all_blocks,channel_standardized,484,0.9149330854415894,0
C,all_blocks,channel_standardized,485,0.9121983647346497,0
C,all_blocks,channel_standardized,486,0.9111573696136475,0
C,all_blocks,channel_standardized,487,0.9080557823181152,0
C,all_blocks,channel_standardized,488,0.907451868057251,0
C,all_blocks,channel_standardized,489,0.9056770205497742,0
C,all_blocks,channel_standardized,490,0.9047823548316956,0
C,all_blocks,channel_standardized,491,0.9016940593719482,0
C,all_blocks,channel_standardized,492,0.9008351564407349,0
C,all_blocks,channel_standardized,493,0.8994272351264954,0
C,all_blocks,channel_standardized,494,0.8962452411651611,0
C,all_blocks,channel_standardized,495,0.8950181603431702,0
C,all_blocks,channel_standardized,496,0.8925941586494446,0
C,all_blocks,channel_standardized,497,0.8913726806640625,0
C,all_blocks,channel_standardized,498,0.8899239301681519,0
C,all_blocks,channel_standardized,499,0.8877615928649902,0
C,all_blocks,channel_standardized,500,0.8869830369949341,0
C,all_blocks,channel_standardized,501,0.8841504454612732,0
C,all_blocks,channel_standardized,502,0.8816048502922058,0
C,all_blocks,channel_standardized,503,0.8802736401557922,0
C,all_blocks,channel_standardized,504,0.8792800307273865,0
C,all_blocks,channel_standardized,505,0.8787945508956909,0
C,all_blocks,channel_standardized,506,0.8759258389472961,0
C,all_blocks,channel_standardized,507,0.8735275268554688,0
C,all_blocks,channel_standardized,508,0.8718144297599792,0
C,all_blocks,channel_standardized,509,0.868177592754364,0
C,all_blocks,channel_standardized,510,0.8674715161323547,0
C,all_blocks,channel_standardized,511,0.8645773530006409,0
C,all_blocks,channel_standardized,512,0.8631508350372314,0
C,all_blocks,channel_standardized,513,0.8615796566009521,0
C,all_blocks,channel_standardized,514,0.8589661121368408,0
C,all_blocks,channel_standardized,515,0.8581799864768982,0
C,all_blocks,channel_standardized,516,0.8558748960494995,0
C,all_blocks,channel_standardized,517,0.8540825247764587,0
C,all_blocks,channel_standardized,518,0.8520654439926147,0
C,all_blocks,channel_standardized,519,0.8500281572341919,0
C,all_blocks,channel_standardized,520,0.8497341871261597,0
C,all_blocks,channel_standardized,521,0.8477222919464111,0
C,all_blocks,channel_standardized,522,0.8466247320175171,0
C,all_blocks,channel_standardized,523,0.8448224663734436,0
C,all_blocks,channel_standardized,524,0.8443117737770081,0
C,all_blocks,channel_standardized,525,0.8407446146011353,0
C,all_blocks,channel_standardized,526,0.8404844403266907,0
C,all_blocks,channel_standardized,527,0.8383830189704895,0
C,all_blocks,channel_standardized,528,0.8371098637580872,0
C,all_blocks,channel_standardized,529,0.8346274495124817,0
C,all_blocks,channel_standardized,530,0.8333364725112915,0
C,all_blocks,channel_standardized,531,0.8310935497283936,0
C,all_blocks,channel_standardized,532,0.8303990960121155,0
C,all_blocks,channel_standardized,533,0.8285884261131287,0
C,all_blocks,channel_standardized,534,0.8245793581008911,0
C,all_blocks,channel_standardized,535,0.8237943053245544,0
C,all_blocks,channel_standardized,536,0.8228992223739624,0
C,all_blocks,channel_standardized,537,0.8212285041809082,0
C,all_blocks,channel_standardized,538,0.8163249492645264,0
C,all_blocks,channel_standardized,539,0.8159205913543701,0
C,all_blocks,channel_standardized,540,0.8134433031082153,0
C,all_blocks,channel_standardized,541,0.8124819397926331,0
C,all_blocks,channel_standardized,542,0.8097862601280212,0
C,all_blocks,channel_standardized,543,0.8082593679428101,0
C,all_blocks,channel_standardized,544,0.8061383962631226,0
C,all_blocks,channel_standardized,545,0.8045259118080139,0
C,all_blocks,channel_standardized,546,0.8042040467262268,0
C,all_blocks,channel_standardized,547,0.802443265914917,0
C,all_blocks,channel_standardized,548,0.799797534942627,0
C,all_blocks,channel_standardized,549,0.7987565994262695,0
C,all_blocks,channel_standardized,550,0.7981064319610596,0
C,all_blocks,channel_standardized,551,0.7973528504371643,0
C,all_blocks,channel_standardized,552,0.7940754294395447,0
C,all_blocks,channel_standardized,553,0.7917571067810059,0
C,all_blocks,channel_standardized,554,0.7898304462432861,0
C,all_blocks,channel_standardized,555,0.7883026003837585,0
C,all_blocks,channel_standardized,556,0.7876818776130676,0
C,all_blocks,channel_standardized,557,0.7857052087783813,0
C,all_blocks,channel_standardized,558,0.783720076084137,0
C,all_blocks,channel_standardized,559,0.7835326194763184,0
C,all_blocks,channel_standardized,560,0.7822955250740051,0
C,all_blocks,channel_standardized,561,0.7811274528503418,0
C,all_blocks,channel_standardized,562,0.7798994779586792,0
C,all_blocks,channel_standardized,563,0.7783442735671997,0
C,all_blocks,channel_standardized,564,0.7762176990509033,0
C,all_blocks,channel_standardized,565,0.7747493386268616,0
C,all_blocks,channel_standardized,566,0.7732755541801453,0
C,all_blocks,channel_standardized,567,0.7716956734657288,0
C,all_blocks,channel_standardized,568,0.7713025808334351,0
C,all_blocks,channel_standardized,569,0.7698283791542053,0
C,all_blocks,channel_standardized,570,0.7685997486114502,0
C,all_blocks,channel_standardized,571,0.7667926549911499,0
C,all_blocks,channel_standardized,572,0.764798104763031,0
C,all_blocks,channel_standardized,573,0.7614311575889587,0
C,all_blocks,channel_standardized,574,0.7600489854812622,0
C,all_blocks,channel_standardized,575,0.758527934551239,0
C,all_blocks,channel_standardized,576,0.7574545741081238,0
C,all_blocks,channel_standardized,577,0.7553507685661316,0
C,all_blocks,channel_standardized,578,0.7529086470603943,0
C,all_blocks,channel_standardized,579,0.7518897652626038,0
C,all_blocks,channel_standardized,580,0.7501740455627441,0
C,all_blocks,channel_standardized,581,0.7498587965965271,0
C,all_blocks,channel_standardized,582,0.7470755577087402,0
C,all_blocks,channel_standardized,583,0.7458755970001221,0
C,all_blocks,channel_standardized,584,0.7458330988883972,0
C,all_blocks,channel_standardized,585,0.7436959147453308,0
C,all_blocks,channel_standardized,586,0.7432382106781006,0
C,all_blocks,channel_standardized,587,0.7410675287246704,0
C,all_blocks,channel_standardized,588,0.7396790385246277,0
C,all_blocks,channel_standardized,589,0.7381672263145447,0
C,all_blocks,channel_standardized,590,0.7376781105995178,0
C,all_blocks,channel_standardized,591,0.7356804609298706,0
C,all_blocks,channel_standardized,592,0.7336385250091553,0
C,all_blocks,channel_standardized,593,0.7321662902832031,0
C,all_blocks,channel_standardized,594,0.7307366132736206,0
C,all_blocks,channel_standardized,595,0.7291362881660461,0
C,all_blocks,channel_standardized,596,0.7287911772727966,0
C,all_blocks,channel_standardized,597,0.7263970375061035,0
C,all_blocks,channel_standardized,598,0.7249273657798767,0
C,all_blocks,channel_standardized,599,0.7233116626739502,0
C,all_blocks,channel_standardized,600,0.7227639555931091,0
C,all_blocks,channel_standardized,601,0.7204347848892212,0
C,all_blocks,channel_standardized,602,0.7193477153778076,0
C,all_blocks,channel_standardized,603,0.7171334624290466,0
C,all_blocks,channel_standardized,604,0.7156836986541748,0
C,all_blocks,channel_standardized,605,0.7128950357437134,0
C,all_blocks,channel_standardized,606,0.7127152681350708,0
C,all_blocks,channel_standardized,607,0.7122868299484253,0
C,all_blocks,channel_standardized,608,0.7097741365432739,0
C,all_blocks,channel_standardized,609,0.7089753746986389,0
C,all_blocks,channel_standardized,610,0.7085847854614258,0
C,all_blocks,channel_standardized,611,0.7070499062538147,0
C,all_blocks,channel_standardized,612,0.7051903009414673,0
C,all_blocks,channel_standardized,613,0.7029947638511658,0
C,all_blocks,channel_standardized,614,0.7018153071403503,0
C,all_blocks,channel_standardized,615,0.7000196576118469,0
C,all_blocks,channel_standardized,616,0.6992526054382324,0
C,all_blocks,channel_standardized,617,0.6977747678756714,0
C,all_blocks,channel_standardized,618,0.6969921588897705,0
C,all_blocks,channel_standardized,619,0.6964519023895264,0
C,all_blocks,channel_standardized,620,0.6939191222190857,0
C,all_blocks,channel_standardized,621,0.6927852034568787,0
C,all_blocks,channel_standardized,622,0.6917769908905029,0
C,all_blocks,channel_standardized,623,0.6902182698249817,0
C,all_blocks,channel_standardized,624,0.6886582970619202,0
C,all_blocks,channel_standardized,625,0.6876075863838196,0
C,all_blocks,channel_standardized,626,0.686332643032074,0
C,all_blocks,channel_standardized,627,0.684895396232605,0
C,all_blocks,channel_standardized,628,0.6831886172294617,0
C,all_blocks,channel_standardized,629,0.6805860996246338,0
C,all_blocks,channel_standardized,630,0.6805750727653503,0
C,all_blocks,channel_standardized,631,0.6790942549705505,0
C,all_blocks,channel_standardized,632,0.6772342920303345,0
C,all_blocks,channel_standardized,633,0.6764262318611145,0
C,all_blocks,channel_standardized,634,0.6749985218048096,0
C,all_blocks,channel_standardized,635,0.6748198866844177,0
C,all_blocks,channel_standardized,636,0.6719951629638672,0
C,all_blocks,channel_standardized,637,0.6712117195129395,0
C,all_blocks,channel_standardized,638,0.6699543595314026,0
C,all_blocks,channel_standardized,639,0.6690427660942078,0
C,all_blocks,channel_standardized,640,0.6670550107955933,0
C,all_blocks,channel_standardized,641,0.6661153435707092,0
C,all_blocks,channel_standardized,642,0.6642864942550659,0
C,all_blocks,channel_standardized,643,0.6633654832839966,0
C,all_blocks,channel_standardized,644,0.6624332666397095,0
C,all_blocks,channel_standardized,645,0.6609966158866882,0
C,all_blocks,channel_standardized,646,0.6599901914596558,0
C,all_blocks,channel_standardized,647,0.6592084765434265,0
C,all_blocks,channel_standardized,648,0.6579546332359314,0
C,all_blocks,channel_standardized,649,0.6563822627067566,0
C,all_blocks,channel_standardized,650,0.6558197736740112,0
C,all_blocks,channel_standardized,651,0.6545968651771545,0
C,all_blocks,channel_standardized,652,0.6527512073516846,0
C,all_blocks,channel_standardized,653,0.651978075504303,0
C,all_blocks,channel_standardized,654,0.6514505743980408,0
C,all_blocks,channel_standardized,655,0.6499869227409363,0
C,all_blocks,channel_standardized,656,0.6487795114517212,0
C,all_blocks,channel_standardized,657,0.6460666060447693,0
C,all_blocks,channel_standardized,658,0.643628716468811,0
C,all_blocks,channel_standardized,659,0.642961859703064,0
C,all_blocks,channel_standardized,660,0.6417770385742188,0
C,all_blocks,channel_standardized,661,0.6398499011993408,0
C,all_blocks,channel_standardized,662,0.639226496219635,0
C,all_blocks,channel_standardized,663,0.6388872861862183,0
C,all_blocks,channel_standardized,664,0.6378202438354492,0
C,all_blocks,channel_standardized,665,0.6362356543540955,0
C,all_blocks,channel_standardized,666,0.6354690194129944,0
C,all_blocks,channel_standardized,667,0.6337428689002991,0
C,all_blocks,channel_standardized,668,0.6328554153442383,0
C,all_blocks,channel_standardized,669,0.6310250163078308,0
C,all_blocks,channel_standardized,670,0.6301642656326294,0
C,all_blocks,channel_standardized,671,0.6297650933265686,0
C,all_blocks,channel_standardized,672,0.6283273696899414,0
C,all_blocks,channel_standardized,673,0.6269592046737671,0
C,all_blocks,channel_standardized,674,0.6243972182273865,0
C,all_blocks,channel_standardized,675,0.6231616139411926,0
C,all_blocks,channel_standardized,676,0.6220868229866028,0
C,all_blocks,channel_standardized,677,0.6216060519218445,0
C,all_blocks,channel_standardized,678,0.6202512979507446,0
C,all_blocks,channel_standardized,679,0.6190664172172546,0
C,all_blocks,channel_standardized,680,0.6174044609069824,0
C,all_blocks,channel_standardized,681,0.6157504916191101,0
C,all_blocks,channel_standardized,682,0.6147826910018921,0
C,all_blocks,channel_standardized,683,0.6140878200531006,0
C,all_blocks,channel_standardized,684,0.6137955188751221,0
C,all_blocks,channel_standardized,685,0.6116006374359131,0
C,all_blocks,channel_standardized,686,0.611212432384491,0
C,all_blocks,channel_standardized,687,0.60941082239151,0
C,all_blocks,channel_standardized,688,0.6088340282440186,0
C,all_blocks,channel_standardized,689,0.6059314012527466,0
C,all_blocks,channel_standardized,690,0.604999840259552,0
C,all_blocks,channel_standardized,691,0.6042072772979736,0
C,all_blocks,channel_standardized,692,0.6030888557434082,0
C,all_blocks,channel_standardized,693,0.6023052334785461,0
C,all_blocks,channel_standardized,694,0.6008810997009277,0
C,all_blocks,channel_standardized,695,0.5986366271972656,0
C,all_blocks,channel_standardized,696,0.5980873703956604,0
C,all_blocks,channel_standardized,697,0.5974135398864746,0
C,all_blocks,channel_standardized,698,0.596693217754364,0
C,all_blocks,channel_standardized,699,0.594933807849884,0
C,all_blocks,channel_standardized,700,0.5943724513053894,0
C,all_blocks,channel_standardized,701,0.5924196839332581,0
C,all_blocks,channel_standardized,702,0.5920034646987915,0
C,all_blocks,channel_standardized,703,0.5912958383560181,0
C,all_blocks,channel_standardized,704,0.5898897647857666,0
C,all_blocks,channel_standardized,705,0.588782787322998,0
C,all_blocks,channel_standardized,706,0.5876427292823792,0
C,all_blocks,channel_standardized,707,0.5863304138183594,0
C,all_blocks,channel_standardized,708,0.5849572420120239,0
C,all_blocks,channel_standardized,709,0.5839821100234985,0
C,all_blocks,channel_standardized,710,0.5833353400230408,0
C,all_blocks,channel_standardized,711,0.5821831226348877,0
C,all_blocks,channel_standardized,712,0.5812127590179443,0
C,all_blocks,channel_standardized,713,0.5805826187133789,0
C,all_blocks,channel_standardized,714,0.5792566537857056,0
C,all_blocks,channel_standardized,715,0.5782786011695862,0
C,all_blocks,channel_standardized,716,0.5780486464500427,0
C,all_blocks,channel_standardized,717,0.575946033000946,0
C,all_blocks,channel_standardized,718,0.5744483470916748,0
C,all_blocks,channel_standardized,719,0.5742568969726562,0
C,all_blocks,channel_standardized,720,0.5732184648513794,0
C,all_blocks,channel_standardized,721,0.572354793548584,0
C,all_blocks,channel_standardized,722,0.570912778377533,0
C,all_blocks,channel_standardized,723,0.5705869793891907,0
C,all_blocks,channel_standardized,724,0.568777859210968,0
C,all_blocks,channel_standardized,725,0.5674890875816345,0
C,all_blocks,channel_standardized,726,0.5668749809265137,0
C,all_blocks,channel_standardized,727,0.5656270384788513,0
C,all_blocks,channel_standardized,728,0.5641065239906311,0
C,all_blocks,channel_standardized,729,0.5633912086486816,0
C,all_blocks,channel_standardized,730,0.5622530579566956,0
C,all_blocks,channel_standardized,731,0.5609259009361267,0
C,all_blocks,channel_standardized,732,0.5594682693481445,0
C,all_blocks,channel_standardized,733,0.5587115287780762,0
C,all_blocks,channel_standardized,734,0.5570387244224548,0
C,all_blocks,channel_standardized,735,0.5568300485610962,0
C,all_blocks,channel_standardized,736,0.5561133027076721,0
C,all_blocks,channel_standardized,737,0.5545289516448975,0
C,all_blocks,channel_standardized,738,0.5541940927505493,0
C,all_blocks,channel_standardized,739,0.5536656379699707,0
C,all_blocks,channel_standardized,740,0.5529367923736572,0
C,all_blocks,channel_standardized,741,0.5516210198402405,0
C,all_blocks,channel_standardized,742,0.5505669713020325,0
C,all_blocks,channel_standardized,743,0.5497384667396545,0
C,all_blocks,channel_standardized,744,0.5495731234550476,0
C,all_blocks,channel_standardized,745,0.5465532541275024,0
C,all_blocks,channel_standardized,746,0.5453612804412842,0
C,all_blocks,channel_standardized,747,0.5450383424758911,0
C,all_blocks,channel_standardized,748,0.5442240238189697,0
C,all_blocks,channel_standardized,749,0.543814480304718,0
C,all_blocks,channel_standardized,750,0.5422373414039612,0
C,all_blocks,channel_standardized,751,0.5408285856246948,0
C,all_blocks,channel_standardized,752,0.5400493741035461,0
C,all_blocks,channel_standardized,753,0.5390689373016357,0
C,all_blocks,channel_standardized,754,0.5374350547790527,0
C,all_blocks,channel_standardized,755,0.537065327167511,0
C,all_blocks,channel_standardized,756,0.5346577763557434,0
C,all_blocks,channel_standardized,757,0.5338946580886841,0
C,all_blocks,channel_standardized,758,0.5334824323654175,0
C,all_blocks,channel_standardized,759,0.5326111316680908,0
C,all_blocks,channel_standardized,760,0.5313844084739685,0
C,all_blocks,channel_standardized,761,0.5307400822639465,0
C,all_blocks,channel_standardized,762,0.5300949215888977,0
C,all_blocks,channel_standardized,763,0.5282313823699951,0
C,all_blocks,channel_standardized,764,0.5279232263565063,0
C,all_blocks,channel_standardized,765,0.527577817440033,0
C,all_blocks,channel_standardized,766,0.526366114616394,0
C,all_blocks,channel_standardized,767,0.5240602493286133,0
C,all_blocks,channel_standardized,768,0.5234353542327881,0
C,all_blocks,channel_standardized,769,0.5226302146911621,0
C,all_blocks,channel_standardized,770,0.521676242351532,0
C,all_blocks,channel_standardized,771,0.5210091471672058,0
C,all_blocks,channel_standardized,772,0.5202282667160034,0
C,all_blocks,channel_standardized,773,0.5190308094024658,0
C,all_blocks,channel_standardized,774,0.5179789662361145,0
C,all_blocks,channel_standardized,775,0.5176482200622559,0
C,all_blocks,channel_standardized,776,0.5171124339103699,0
C,all_blocks,channel_standardized,777,0.5163167119026184,0
C,all_blocks,channel_standardized,778,0.5152446031570435,0
C,all_blocks,channel_standardized,779,0.5144892930984497,0
C,all_blocks,channel_standardized,780,0.5122867226600647,0
C,all_blocks,channel_standardized,781,0.5113313794136047,0
C,all_blocks,channel_standardized,782,0.5104901790618896,0
C,all_blocks,channel_standardized,783,0.5093282461166382,0
C,all_blocks,channel_standardized,784,0.5085362195968628,0
C,all_blocks,channel_standardized,785,0.5067482590675354,0
C,all_blocks,channel_standardized,786,0.5061206221580505,0
C,all_blocks,channel_standardized,787,0.5056126117706299,0
C,all_blocks,channel_standardized,788,0.5050403475761414,0
C,all_blocks,channel_standardized,789,0.5029917359352112,0
C,all_blocks,channel_standardized,790,0.5026741623878479,0
C,all_blocks,channel_standardized,791,0.5018199682235718,0
C,all_blocks,channel_standardized,792,0.5008161067962646,0
C,all_blocks,channel_standardized,793,0.5001561641693115,0
C,all_blocks,channel_standardized,794,0.4978322386741638,0
C,all_blocks,channel_standardized,795,0.4965214133262634,0
C,all_blocks,channel_standardized,796,0.49644041061401367,0
C,all_blocks,channel_standardized,797,0.4951522946357727,0
C,all_blocks,channel_standardized,798,0.4948172867298126,0
C,all_blocks,channel_standardized,799,0.4931369125843048,0
C,all_blocks,channel_standardized,800,0.49225950241088867,0
C,all_blocks,channel_standardized,801,0.49175316095352173,0
C,all_blocks,channel_standardized,802,0.49143895506858826,0
C,all_blocks,channel_standardized,803,0.4910493791103363,0
C,all_blocks,channel_standardized,804,0.4892619848251343,0
C,all_blocks,channel_standardized,805,0.4886620342731476,0
C,all_blocks,channel_standardized,806,0.48823443055152893,0
C,all_blocks,channel_standardized,807,0.48621657490730286,0
C,all_blocks,channel_standardized,808,0.4845762550830841,0
C,all_blocks,channel_standardized,809,0.48435407876968384,0
C,all_blocks,channel_standardized,810,0.4833980202674866,0
C,all_blocks,channel_standardized,811,0.4818892180919647,0
C,all_blocks,channel_standardized,812,0.48091021180152893,0
C,all_blocks,channel_standardized,813,0.47981661558151245,0
C,all_blocks,channel_standardized,814,0.47943830490112305,0
C,all_blocks,channel_standardized,815,0.479008287191391,0
C,all_blocks,channel_standardized,816,0.47746777534484863,0
C,all_blocks,channel_standardized,817,0.4772144854068756,0
C,all_blocks,channel_standardized,818,0.47656646370887756,0
C,all_blocks,channel_standardized,819,0.47548821568489075,0
C,all_blocks,channel_standardized,820,0.47430598735809326,0
C,all_blocks,channel_standardized,821,0.4733206331729889,0
C,all_blocks,channel_standardized,822,0.4728616178035736,0
C,all_blocks,channel_standardized,823,0.4720620810985565,0
C,all_blocks,channel_standardized,824,0.471954345703125,0
C,all_blocks,channel_standardized,825,0.4704900085926056,0
C,all_blocks,channel_standardized,826,0.469184935092926,0
C,all_blocks,channel_standardized,827,0.46719351410865784,0
C,all_blocks,channel_standardized,828,0.4663466811180115,0
C,all_blocks,channel_standardized,829,0.4655204117298126,0
C,all_blocks,channel_standardized,830,0.4648934602737427,0
C,all_blocks,channel_standardized,831,0.46355313062667847,0
C,all_blocks,channel_standardized,832,0.4631749391555786,0
C,all_blocks,channel_standardized,833,0.4631029963493347,0
C,all_blocks,channel_standardized,834,0.4617064297199249,0
C,all_blocks,channel_standardized,835,0.4613426923751831,0
C,all_blocks,channel_standardized,836,0.4603940546512604,0
C,all_blocks,channel_standardized,837,0.45930901169776917,0
C,all_blocks,channel_standardized,838,0.4579610228538513,0
C,all_blocks,channel_standardized,839,0.456997275352478,0
C,all_blocks,channel_standardized,840,0.4569057524204254,0
C,all_blocks,channel_standardized,841,0.4565768241882324,0
C,all_blocks,channel_standardized,842,0.4554366171360016,0
C,all_blocks,channel_standardized,843,0.4546144902706146,0
C,all_blocks,channel_standardized,844,0.45351025462150574,0
C,all_blocks,channel_standardized,845,0.4527289867401123,0
C,all_blocks,channel_standardized,846,0.45222342014312744,0
C,all_blocks,channel_standardized,847,0.45133644342422485,0
C,all_blocks,channel_standardized,848,0.45101025700569153,0
C,all_blocks,channel_standardized,849,0.44965827465057373,0
C,all_blocks,channel_standardized,850,0.4492937922477722,0
C,all_blocks,channel_standardized,851,0.4481918513774872,0
C,all_blocks,channel_standardized,852,0.44787007570266724,0
C,all_blocks,channel_standardized,853,0.4464494585990906,0
C,all_blocks,channel_standardized,854,0.4451576769351959,0
C,all_blocks,channel_standardized,855,0.4447043538093567,0
C,all_blocks,channel_standardized,856,0.44360753893852234,0
C,all_blocks,channel_standardized,857,0.4432079792022705,0
C,all_blocks,channel_standardized,858,0.4423709213733673,0
C,all_blocks,channel_standardized,859,0.4406813383102417,0
C,all_blocks,channel_standardized,860,0.4401136040687561,0
C,all_blocks,channel_standardized,861,0.4400723874568939,0
C,all_blocks,channel_standardized,862,0.43859779834747314,0
C,all_blocks,channel_standardized,863,0.4383803606033325,0
C,all_blocks,channel_standardized,864,0.43789398670196533,0
C,all_blocks,channel_standardized,865,0.43639636039733887,0
C,all_blocks,channel_standardized,866,0.4354194104671478,0
C,all_blocks,channel_standardized,867,0.43401116132736206,0
C,all_blocks,channel_standardized,868,0.4332984685897827,0
C,all_blocks,channel_standardized,869,0.432790607213974,0
C,all_blocks,channel_standardized,870,0.4318997859954834,0
C,all_blocks,channel_standardized,871,0.4310266971588135,0
C,all_blocks,channel_standardized,872,0.4302215278148651,0
C,all_blocks,channel_standardized,873,0.429574579000473,0
C,all_blocks,channel_standardized,874,0.4286443591117859,0
C,all_blocks,channel_standardized,875,0.4273538887500763,0
C,all_blocks,channel_standardized,876,0.42630815505981445,0
C,all_blocks,channel_standardized,877,0.42561036348342896,0
C,all_blocks,channel_standardized,878,0.42500969767570496,0
C,all_blocks,channel_standardized,879,0.424189954996109,0
C,all_blocks,channel_standardized,880,0.423627644777298,0
C,all_blocks,channel_standardized,881,0.42306196689605713,0
C,all_blocks,channel_standardized,882,0.4220646619796753,0
C,all_blocks,channel_standardized,883,0.4218232333660126,0
C,all_blocks,channel_standardized,884,0.4208521544933319,0
C,all_blocks,channel_standardized,885,0.42031189799308777,0
C,all_blocks,channel_standardized,886,0.41976338624954224,0
C,all_blocks,channel_standardized,887,0.4192328155040741,0
C,all_blocks,channel_standardized,888,0.41840866208076477,0
C,all_blocks,channel_standardized,889,0.4172564446926117,0
C,all_blocks,channel_standardized,890,0.4164901673793793,0
C,all_blocks,channel_standardized,891,0.4151745140552521,0
C,all_blocks,channel_standardized,892,0.4145607352256775,0
C,all_blocks,channel_standardized,893,0.41444963216781616,0
C,all_blocks,channel_standardized,894,0.4134647250175476,0
C,all_blocks,channel_standardized,895,0.41264647245407104,0
C,all_blocks,channel_standardized,896,0.41158217191696167,0
C,all_blocks,channel_standardized,897,0.4114029109477997,0
C,all_blocks,channel_standardized,898,0.4092086851596832,0
C,all_blocks,channel_standardized,899,0.4089588522911072,0
C,all_blocks,channel_standardized,900,0.4086776375770569,0
C,all_blocks,channel_standardized,901,0.4080118238925934,0
C,all_blocks,channel_standardized,902,0.40742674469947815,0
C,all_blocks,channel_standardized,903,0.4060606360435486,0
C,all_blocks,channel_standardized,904,0.4045559763908386,0
C,all_blocks,channel_standardized,905,0.4041898846626282,0
C,all_blocks,channel_standardized,906,0.40345117449760437,0
C,all_blocks,channel_standardized,907,0.40270185470581055,0
C,all_blocks,channel_standardized,908,0.4022636413574219,0
C,all_blocks,channel_standardized,909,0.401711642742157,0
C,all_blocks,channel_standardized,910,0.40064898133277893,0
C,all_blocks,channel_standardized,911,0.40051528811454773,0
C,all_blocks,channel_standardized,912,0.3994027376174927,0
C,all_blocks,channel_standardized,913,0.39895573258399963,0
C,all_blocks,channel_standardized,914,0.39778926968574524,0
C,all_blocks,channel_standardized,915,0.3969927728176117,0
C,all_blocks,channel_standardized,916,0.39612022042274475,0
C,all_blocks,channel_standardized,917,0.39517679810523987,0
C,all_blocks,channel_standardized,918,0.3938826322555542,0
C,all_blocks,channel_standardized,919,0.39360809326171875,0
C,all_blocks,channel_standardized,920,0.39268171787261963,0
C,all_blocks,channel_standardized,921,0.3920299708843231,0
C,all_blocks,channel_standardized,922,0.39147090911865234,0
C,all_blocks,channel_standardized,923,0.3910421133041382,0
C,all_blocks,channel_standardized,924,0.38973838090896606,0
C,all_blocks,channel_standardized,925,0.38963955640792847,0
C,all_blocks,channel_standardized,926,0.3882865309715271,0
C,all_blocks,channel_standardized,927,0.3876599967479706,0
C,all_blocks,channel_standardized,928,0.38689449429512024,0
C,all_blocks,channel_standardized,929,0.38640186190605164,0
C,all_blocks,channel_standardized,930,0.3857209384441376,0
C,all_blocks,channel_standardized,931,0.3848496377468109,0
C,all_blocks,channel_standardized,932,0.3838611841201782,0
C,all_blocks,channel_standardized,933,0.3835677206516266,0
C,all_blocks,channel_standardized,934,0.38218575716018677,0
C,all_blocks,channel_standardized,935,0.381539911031723,0
C,all_blocks,channel_standardized,936,0.3809170424938202,0
C,all_blocks,channel_standardized,937,0.3800896108150482,0
C,all_blocks,channel_standardized,938,0.3798271417617798,0
C,all_blocks,channel_standardized,939,0.37965813279151917,0
C,all_blocks,channel_standardized,940,0.3786117136478424,0
C,all_blocks,channel_standardized,941,0.37824058532714844,0
C,all_blocks,channel_standardized,942,0.3776018023490906,0
C,all_blocks,channel_standardized,943,0.3773588240146637,0
C,all_blocks,channel_standardized,944,0.3771665096282959,0
C,all_blocks,channel_standardized,945,0.3759883940219879,0
C,all_blocks,channel_standardized,946,0.3754239082336426,0
C,all_blocks,channel_standardized,947,0.3746102452278137,0
C,all_blocks,channel_standardized,948,0.3742232620716095,0
C,all_blocks,channel_standardized,949,0.3737424910068512,0
C,all_blocks,channel_standardized,950,0.3731239438056946,0
C,all_blocks,channel_standardized,951,0.3711978793144226,0
C,all_blocks,channel_standardized,952,0.3699825406074524,0
C,all_blocks,channel_standardized,953,0.36955273151397705,0
C,all_blocks,channel_standardized,954,0.3690410852432251,0
C,all_blocks,channel_standardized,955,0.3679697811603546,0
C,all_blocks,channel_standardized,956,0.3678552508354187,0
C,all_blocks,channel_standardized,957,0.3671759068965912,0
C,all_blocks,channel_standardized,958,0.36674249172210693,0
C,all_blocks,channel_standardized,959,0.3664077818393707,0
C,all_blocks,channel_standardized,960,0.36540526151657104,0
C,all_blocks,channel_standardized,961,0.36462998390197754,0
C,all_blocks,channel_standardized,962,0.36372002959251404,0
C,all_blocks,channel_standardized,963,0.36261773109436035,0
C,all_blocks,channel_standardized,964,0.36217156052589417,0
C,all_blocks,channel_standardized,965,0.36076435446739197,0
C,all_blocks,channel_standardized,966,0.36023634672164917,0
C,all_blocks,channel_standardized,967,0.3594861328601837,0
C,all_blocks,channel_standardized,968,0.3593439757823944,0
C,all_blocks,channel_standardized,969,0.35806015133857727,0
C,all_blocks,channel_standardized,970,0.35742199420928955,0
C,all_blocks,channel_standardized,971,0.35715875029563904,0
C,all_blocks,channel_standardized,972,0.356544554233551,0
C,all_blocks,channel_standardized,973,0.35534361004829407,0
C,all_blocks,channel_standardized,974,0.35514554381370544,0
C,all_blocks,channel_standardized,975,0.3545987010002136,0
C,all_blocks,channel_standardized,976,0.35384267568588257,0
C,all_blocks,channel_standardized,977,0.3530082702636719,0
C,all_blocks,channel_standardized,978,0.3523573875427246,0
C,all_blocks,channel_standardized,979,0.3515358567237854,0
C,all_blocks,channel_standardized,980,0.3500891923904419,0
C,all_blocks,channel_standardized,981,0.3499945402145386,0
C,all_blocks,channel_standardized,982,0.3492630422115326,0
C,all_blocks,channel_standardized,983,0.3489919602870941,0
C,all_blocks,channel_standardized,984,0.3485307991504669,0
C,all_blocks,channel_standardized,985,0.3480374813079834,0
C,all_blocks,channel_standardized,986,0.3477306067943573,0
C,all_blocks,channel_standardized,987,0.34652936458587646,0
C,all_blocks,channel_standardized,988,0.3459959328174591,0
C,all_blocks,channel_standardized,989,0.34546878933906555,0
C,all_blocks,channel_standardized,990,0.3445124924182892,0
C,all_blocks,channel_standardized,991,0.34430593252182007,0
C,all_blocks,channel_standardized,992,0.3433293104171753,0
C,all_blocks,channel_standardized,993,0.34214726090431213,0
C,all_blocks,channel_standardized,994,0.34193629026412964,0
C,all_blocks,channel_standardized,995,0.3409171998500824,0
C,all_blocks,channel_standardized,996,0.340056449174881,0
C,all_blocks,channel_standardized,997,0.33991047739982605,0
C,all_blocks,channel_standardized,998,0.33933305740356445,0
C,all_blocks,channel_standardized,999,0.33927804231643677,0
C,all_blocks,channel_standardized,1000,0.3381020724773407,0
C,all_blocks,channel_standardized,1001,0.3374764621257782,0
C,all_blocks,channel_standardized,1002,0.33662864565849304,0
C,all_blocks,channel_standardized,1003,0.3361262083053589,0
C,all_blocks,channel_standardized,1004,0.33555078506469727,0
C,all_blocks,channel_standardized,1005,0.33516907691955566,0
C,all_blocks,channel_standardized,1006,0.33462467789649963,0
C,all_blocks,channel_standardized,1007,0.3340625762939453,0
C,all_blocks,channel_standardized,1008,0.3326405882835388,0
C,all_blocks,channel_standardized,1009,0.3324674963951111,0
C,all_blocks,channel_standardized,1010,0.33198121190071106,0
C,all_blocks,channel_standardized,1011,0.33143845200538635,0
C,all_blocks,channel_standardized,1012,0.3308524191379547,0
C,all_blocks,channel_standardized,1013,0.3303028345108032,0
C,all_blocks,channel_standardized,1014,0.3293810486793518,0
C,all_blocks,channel_standardized,1015,0.3285163640975952,0
C,all_blocks,channel_standardized,1016,0.32794827222824097,0
C,all_blocks,channel_standardized,1017,0.32727882266044617,0
C,all_blocks,channel_standardized,1018,0.3262009620666504,0
C,all_blocks,channel_standardized,1019,0.3257918357849121,0
C,all_blocks,channel_standardized,1020,0.3249267041683197,0
C,all_blocks,channel_standardized,1021,0.3241491913795471,0
C,all_blocks,channel_standardized,1022,0.3238343894481659,0
C,all_blocks,channel_standardized,1023,0.3230957090854645,0
C,all_blocks,channel_standardized,1024,0.32257068157196045,0
C,all_blocks,channel_standardized,1025,0.3217014670372009,0
C,all_blocks,channel_standardized,1026,0.32140493392944336,0
C,all_blocks,channel_standardized,1027,0.32131078839302063,0
C,all_blocks,channel_standardized,1028,0.32006630301475525,0
C,all_blocks,channel_standardized,1029,0.3196556866168976,0
C,all_blocks,channel_standardized,1030,0.31929123401641846,0
C,all_blocks,channel_standardized,1031,0.3185015022754669,0
C,all_blocks,channel_standardized,1032,0.3177436292171478,0
C,all_blocks,channel_standardized,1033,0.3165757358074188,0
C,all_blocks,channel_standardized,1034,0.31633609533309937,0
C,all_blocks,channel_standardized,1035,0.3158831298351288,0
C,all_blocks,channel_standardized,1036,0.314964234828949,0
C,all_blocks,channel_standardized,1037,0.31459441781044006,0
C,all_blocks,channel_standardized,1038,0.31404513120651245,0
C,all_blocks,channel_standardized,1039,0.3132033050060272,0
C,all_blocks,channel_standardized,1040,0.31305167078971863,0
C,all_blocks,channel_standardized,1041,0.3123999536037445,0
C,all_blocks,channel_standardized,1042,0.31231391429901123,0
C,all_blocks,channel_standardized,1043,0.311170756816864,0
C,all_blocks,channel_standardized,1044,0.31026726961135864,0
C,all_blocks,channel_standardized,1045,0.30923062562942505,0
C,all_blocks,channel_standardized,1046,0.3082868158817291,0
C,all_blocks,channel_standardized,1047,0.3082137405872345,0
C,all_blocks,channel_standardized,1048,0.3077737092971802,0
C,all_blocks,channel_standardized,1049,0.3075675964355469,0
C,all_blocks,channel_standardized,1050,0.3067198395729065,0
C,all_blocks,channel_standardized,1051,0.3060248792171478,0
C,all_blocks,channel_standardized,1052,0.3058924078941345,0
C,all_blocks,channel_standardized,1053,0.30494558811187744,0
C,all_blocks,channel_standardized,1054,0.3038734793663025,0
C,all_blocks,channel_standardized,1055,0.3036324083805084,0
C,all_blocks,channel_standardized,1056,0.3025747537612915,0
C,all_blocks,channel_standardized,1057,0.3020418584346771,0
C,all_blocks,channel_standardized,1058,0.301734983921051,0
C,all_blocks,channel_standardized,1059,0.3011106550693512,0
C,all_blocks,channel_standardized,1060,0.30105090141296387,0
C,all_blocks,channel_standardized,1061,0.3005489110946655,0
C,all_blocks,channel_standardized,1062,0.2992551624774933,0
C,all_blocks,channel_standardized,1063,0.2991992235183716,0
C,all_blocks,channel_standardized,1064,0.2982015907764435,0
C,all_blocks,channel_standardized,1065,0.29762446880340576,0
C,all_blocks,channel_standardized,1066,0.29708728194236755,0
C,all_blocks,channel_standardized,1067,0.29666054248809814,0
C,all_blocks,channel_standardized,1068,0.29588431119918823,0
C,all_blocks,channel_standardized,1069,0.2956700921058655,0
C,all_blocks,channel_standardized,1070,0.2952236533164978,0
C,all_blocks,channel_standardized,1071,0.2947089374065399,0
C,all_blocks,channel_standardized,1072,0.29407185316085815,0
C,all_blocks,channel_standardized,1073,0.29380226135253906,0
C,all_blocks,channel_standardized,1074,0.2934316098690033,0
C,all_blocks,channel_standardized,1075,0.29234009981155396,0
C,all_blocks,channel_standardized,1076,0.29161107540130615,0
C,all_blocks,channel_standardized,1077,0.29137006402015686,0
C,all_blocks,channel_standardized,1078,0.290583074092865,0
C,all_blocks,channel_standardized,1079,0.2900024354457855,0
C,all_blocks,channel_standardized,1080,0.2895095646381378,0
C,all_blocks,channel_standardized,1081,0.28901293873786926,0
C,all_blocks,channel_standardized,1082,0.28878283500671387,0
C,all_blocks,channel_standardized,1083,0.2882521152496338,0
C,all_blocks,channel_standardized,1084,0.2875514030456543,0
C,all_blocks,channel_standardized,1085,0.2870633006095886,0
C,all_blocks,channel_standardized,1086,0.28678780794143677,0
C,all_blocks,channel_standardized,1087,0.28623971343040466,0
C,all_blocks,channel_standardized,1088,0.2858046293258667,0
C,all_blocks,channel_standardized,1089,0.28494152426719666,0
C,all_blocks,channel_standardized,1090,0.2845250964164734,0
C,all_blocks,channel_standardized,1091,0.2837201952934265,0
C,all_blocks,channel_standardized,1092,0.2830236852169037,0
C,all_blocks,channel_standardized,1093,0.28226354718208313,0
C,all_blocks,channel_standardized,1094,0.28165313601493835,0
C,all_blocks,channel_standardized,1095,0.28128206729888916,0
C,all_blocks,channel_standardized,1096,0.2808665335178375,0
C,all_blocks,channel_standardized,1097,0.28012242913246155,0
C,all_blocks,channel_standardized,1098,0.2796728312969208,0
C,all_blocks,channel_standardized,1099,0.27923470735549927,0
C,all_blocks,channel_standardized,1100,0.2782829701900482,0
C,all_blocks,channel_standardized,1101,0.27798983454704285,0
C,all_blocks,channel_standardized,1102,0.2778494656085968,0
C,all_blocks,channel_standardized,1103,0.27714258432388306,0
C,all_blocks,channel_standardized,1104,0.27681776881217957,0
C,all_blocks,channel_standardized,1105,0.276253879070282,0
C,all_blocks,channel_standardized,1106,0.27528923749923706,0
C,all_blocks,channel_standardized,1107,0.27436381578445435,0
C,all_blocks,channel_standardized,1108,0.27397993206977844,0
C,all_blocks,channel_standardized,1109,0.27332183718681335,0
C,all_blocks,channel_standardized,1110,0.27304843068122864,0
C,all_blocks,channel_standardized,1111,0.27233219146728516,0
C,all_blocks,channel_standardized,1112,0.271892249584198,0
C,all_blocks,channel_standardized,1113,0.2716444432735443,0
C,all_blocks,channel_standardized,1114,0.27106228470802307,0
C,all_blocks,channel_standardized,1115,0.2707088887691498,0
C,all_blocks,channel_standardized,1116,0.27030736207962036,0
C,all_blocks,channel_standardized,1117,0.26994946599006653,0
C,all_blocks,channel_standardized,1118,0.2691372036933899,0
C,all_blocks,channel_standardized,1119,0.26832684874534607,0
C,all_blocks,channel_standardized,1120,0.2678985893726349,0
C,all_blocks,channel_standardized,1121,0.2674773633480072,0
C,all_blocks,channel_standardized,1122,0.2669551372528076,0
C,all_blocks,channel_standardized,1123,0.26691296696662903,0
C,all_blocks,channel_standardized,1124,0.2657853364944458,0
C,all_blocks,channel_standardized,1125,0.2655957341194153,0
C,all_blocks,channel_standardized,1126,0.26481857895851135,0
C,all_blocks,channel_standardized,1127,0.26438647508621216,0
C,all_blocks,channel_standardized,1128,0.2642930746078491,0
C,all_blocks,channel_standardized,1129,0.2638518810272217,0
C,all_blocks,channel_standardized,1130,0.2630006968975067,0
C,all_blocks,channel_standardized,1131,0.2619878053665161,0
C,all_blocks,channel_standardized,1132,0.2613716721534729,0
C,all_blocks,channel_standardized,1133,0.2612893283367157,0
C,all_blocks,channel_standardized,1134,0.2608632445335388,0
C,all_blocks,channel_standardized,1135,0.25986912846565247,0
C,all_blocks,channel_standardized,1136,0.25919508934020996,0
C,all_blocks,channel_standardized,1137,0.2590504586696625,0
C,all_blocks,channel_standardized,1138,0.2585853338241577,0
C,all_blocks,channel_standardized,1139,0.2580214738845825,0
C,all_blocks,channel_standardized,1140,0.25785312056541443,0
C,all_blocks,channel_standardized,1141,0.256767213344574,0
C,all_blocks,channel_standardized,1142,0.25650155544281006,0
C,all_blocks,channel_standardized,1143,0.2561139166355133,0
C,all_blocks,channel_standardized,1144,0.25562646985054016,0
C,all_blocks,channel_standardized,1145,0.25503405928611755,0
C,all_blocks,channel_standardized,1146,0.2544769048690796,0
C,all_blocks,channel_standardized,1147,0.25425300002098083,0
C,all_blocks,channel_standardized,1148,0.2537938952445984,0
C,all_blocks,channel_standardized,1149,0.2528963088989258,0
C,all_blocks,channel_standardized,1150,0.2523254156112671,0
C,all_blocks,channel_standardized,1151,0.2514999210834503,0
C,all_blocks,channel_standardized,1152,0.25110533833503723,0
C,all_blocks,channel_standardized,1153,0.2507372200489044,0
C,all_blocks,channel_standardized,1154,0.25038400292396545,0
C,all_blocks,channel_standardized,1155,0.25024110078811646,0
C,all_blocks,channel_standardized,1156,0.2500098645687103,0
C,all_blocks,channel_standardized,1157,0.24919098615646362,0
C,all_blocks,channel_standardized,1158,0.248914435505867,0
C,all_blocks,channel_standardized,1159,0.24817930161952972,0
C,all_blocks,channel_standardized,1160,0.24768230319023132,0
C,all_blocks,channel_standardized,1161,0.2464335709810257,0
C,all_blocks,channel_standardized,1162,0.24635781347751617,0
C,all_blocks,channel_standardized,1163,0.24571819603443146,0
C,all_blocks,channel_standardized,1164,0.245269775390625,0
C,all_blocks,channel_standardized,1165,0.24453584849834442,0
C,all_blocks,channel_standardized,1166,0.2438085675239563,0
C,all_blocks,channel_standardized,1167,0.24354735016822815,0
C,all_blocks,channel_standardized,1168,0.24303002655506134,0
C,all_blocks,channel_standardized,1169,0.24273714423179626,0
C,all_blocks,channel_standardized,1170,0.2421744018793106,0
C,all_blocks,channel_standardized,1171,0.24161534011363983,0
C,all_blocks,channel_standardized,1172,0.24103166162967682,0
C,all_blocks,channel_standardized,1173,0.24064412713050842,0
C,all_blocks,channel_standardized,1174,0.2401251345872879,0
C,all_blocks,channel_standardized,1175,0.23970432579517365,0
C,all_blocks,channel_standardized,1176,0.23924057185649872,0
C,all_blocks,channel_standardized,1177,0.23886287212371826,0
C,all_blocks,channel_standardized,1178,0.23819193243980408,0
C,all_blocks,channel_standardized,1179,0.2373703122138977,0
C,all_blocks,channel_standardized,1180,0.23695416748523712,0
C,all_blocks,channel_standardized,1181,0.2363835573196411,0
C,all_blocks,channel_standardized,1182,0.23603464663028717,0
C,all_blocks,channel_standardized,1183,0.23575910925865173,0
C,all_blocks,channel_standardized,1184,0.2349487841129303,0
C,all_blocks,channel_standardized,1185,0.2342788279056549,0
C,all_blocks,channel_standardized,1186,0.23382718861103058,0
C,all_blocks,channel_standardized,1187,0.23362764716148376,0
C,all_blocks,channel_standardized,1188,0.23305217921733856,0
C,all_blocks,channel_standardized,1189,0.23292119801044464,0
C,all_blocks,channel_standardized,1190,0.23261483013629913,0
C,all_blocks,channel_standardized,1191,0.23179686069488525,0
C,all_blocks,channel_standardized,1192,0.23136597871780396,0
C,all_blocks,channel_standardized,1193,0.23114728927612305,0
C,all_blocks,channel_standardized,1194,0.23097242414951324,0
C,all_blocks,channel_standardized,1195,0.23009778559207916,0
C,all_blocks,channel_standardized,1196,0.2299325168132782,0
C,all_blocks,channel_standardized,1197,0.2294805645942688,0
C,all_blocks,channel_standardized,1198,0.2290816456079483,0
C,all_blocks,channel_standardized,1199,0.22845762968063354,0
C,all_blocks,channel_standardized,1200,0.22799958288669586,0
C,all_blocks,channel_standardized,1201,0.2274031788110733,0
C,all_blocks,channel_standardized,1202,0.2271387130022049,0
C,all_blocks,channel_standardized,1203,0.22633735835552216,0
C,all_blocks,channel_standardized,1204,0.2259225696325302,0
C,all_blocks,channel_standardized,1205,0.22516357898712158,0
C,all_blocks,channel_standardized,1206,0.2243201583623886,0
C,all_blocks,channel_standardized,1207,0.2240733802318573,0
C,all_blocks,channel_standardized,1208,0.22350911796092987,0
C,all_blocks,channel_standardized,1209,0.2229742854833603,0
C,all_blocks,channel_standardized,1210,0.2227032631635666,0
C,all_blocks,channel_standardized,1211,0.22218072414398193,0
C,all_blocks,channel_standardized,1212,0.2218363732099533,0
C,all_blocks,channel_standardized,1213,0.22175079584121704,0
C,all_blocks,channel_standardized,1214,0.22092850506305695,0
C,all_blocks,channel_standardized,1215,0.22041606903076172,0
C,all_blocks,channel_standardized,1216,0.22036388516426086,0
C,all_blocks,channel_standardized,1217,0.21953290700912476,0
C,all_blocks,channel_standardized,1218,0.21912898123264313,0
C,all_blocks,channel_standardized,1219,0.21859973669052124,0
C,all_blocks,channel_standardized,1220,0.21809187531471252,0
C,all_blocks,channel_standardized,1221,0.2175299972295761,0
C,all_blocks,channel_standardized,1222,0.21728625893592834,0
C,all_blocks,channel_standardized,1223,0.2171032726764679,0
C,all_blocks,channel_standardized,1224,0.21643602848052979,0
C,all_blocks,channel_standardized,1225,0.2162293791770935,0
C,all_blocks,channel_standardized,1226,0.21580658853054047,0
C,all_blocks,channel_standardized,1227,0.21518655121326447,0
C,all_blocks,channel_standardized,1228,0.21482890844345093,0
C,all_blocks,channel_standardized,1229,0.21410253643989563,0
C,all_blocks,channel_standardized,1230,0.2137281745672226,0
C,all_blocks,channel_standardized,1231,0.21320170164108276,0
C,all_blocks,channel_standardized,1232,0.2130173295736313,0
C,all_blocks,channel_standardized,1233,0.21285966038703918,0
C,all_blocks,channel_standardized,1234,0.2126498967409134,0
C,all_blocks,channel_standardized,1235,0.21204783022403717,0
C,all_blocks,channel_standardized,1236,0.2113991379737854,0
C,all_blocks,channel_standardized,1237,0.2110339105129242,0
C,all_blocks,channel_standardized,1238,0.21067385375499725,0
C,all_blocks,channel_standardized,1239,0.21009646356105804,0
C,all_blocks,channel_standardized,1240,0.209470734000206,0
C,all_blocks,channel_standardized,1241,0.20919091999530792,0
C,all_blocks,channel_standardized,1242,0.2087235152721405,0
C,all_blocks,channel_standardized,1243,0.2083601951599121,0
C,all_blocks,channel_standardized,1244,0.20771919190883636,0
C,all_blocks,channel_standardized,1245,0.207223042845726,0
C,all_blocks,channel_standardized,1246,0.20705506205558777,0
C,all_blocks,channel_standardized,1247,0.20641589164733887,0
C,all_blocks,channel_standardized,1248,0.2057913839817047,0
C,all_blocks,channel_standardized,1249,0.20527037978172302,0
C,all_blocks,channel_standardized,1250,0.20481321215629578,0
C,all_blocks,channel_standardized,1251,0.20449846982955933,0
C,all_blocks,channel_standardized,1252,0.20414578914642334,0
C,all_blocks,channel_standardized,1253,0.20390617847442627,0
C,all_blocks,channel_standardized,1254,0.20333385467529297,0
C,all_blocks,channel_standardized,1255,0.2030407339334488,0
C,all_blocks,channel_standardized,1256,0.2025989443063736,0
C,all_blocks,channel_standardized,1257,0.20202967524528503,0
C,all_blocks,channel_standardized,1258,0.20167694985866547,0
C,all_blocks,channel_standardized,1259,0.20113438367843628,0
C,all_blocks,channel_standardized,1260,0.20099349319934845,0
C,all_blocks,channel_standardized,1261,0.20074321329593658,0
C,all_blocks,channel_standardized,1262,0.19979143142700195,0
C,all_blocks,channel_standardized,1263,0.19929073750972748,0
C,all_blocks,channel_standardized,1264,0.19866450130939484,0
C,all_blocks,channel_standardized,1265,0.19780918955802917,0
C,all_blocks,channel_standardized,1266,0.19780567288398743,0
C,all_blocks,channel_standardized,1267,0.19737952947616577,0
C,all_blocks,channel_standardized,1268,0.19698376953601837,0
C,all_blocks,channel_standardized,1269,0.19643402099609375,0
C,all_blocks,channel_standardized,1270,0.19577808678150177,0
C,all_blocks,channel_standardized,1271,0.19568586349487305,0
C,all_blocks,channel_standardized,1272,0.19501565396785736,0
C,all_blocks,channel_standardized,1273,0.19469350576400757,0
C,all_blocks,channel_standardized,1274,0.19458985328674316,0
C,all_blocks,channel_standardized,1275,0.1941053718328476,0
C,all_blocks,channel_standardized,1276,0.19372832775115967,0
C,all_blocks,channel_standardized,1277,0.19333931803703308,0
C,all_blocks,channel_standardized,1278,0.19281385838985443,0
C,all_blocks,channel_standardized,1279,0.19229936599731445,0
C,all_blocks,channel_standardized,1280,0.19207163155078888,0
C,all_blocks,channel_standardized,1281,0.1916808933019638,0
C,all_blocks,channel_standardized,1282,0.1914324015378952,0
C,all_blocks,channel_standardized,1283,0.19079138338565826,0
C,all_blocks,channel_standardized,1284,0.19060726463794708,0
C,all_blocks,channel_standardized,1285,0.18979428708553314,0
C,all_blocks,channel_standardized,1286,0.18960736691951752,0
C,all_blocks,channel_standardized,1287,0.18952572345733643,0
C,all_blocks,channel_standardized,1288,0.18896248936653137,0
C,all_blocks,channel_standardized,1289,0.1882580816745758,0
C,all_blocks,channel_standardized,1290,0.18771260976791382,0
C,all_blocks,channel_standardized,1291,0.1872008591890335,0
C,all_blocks,channel_standardized,1292,0.18667607009410858,0
C,all_blocks,channel_standardized,1293,0.18645744025707245,0
C,all_blocks,channel_standardized,1294,0.18591032922267914,0
C,all_blocks,channel_standardized,1295,0.18532584607601166,0
C,all_blocks,channel_standardized,1296,0.18510590493679047,0
C,all_blocks,channel_standardized,1297,0.1845177263021469,0
C,all_blocks,channel_standardized,1298,0.1844712346792221,0
C,all_blocks,channel_standardized,1299,0.18383993208408356,0
C,all_blocks,channel_standardized,1300,0.18375690281391144,0
C,all_blocks,channel_standardized,1301,0.18323342502117157,0
C,all_blocks,channel_standardized,1302,0.18255354464054108,0
C,all_blocks,channel_standardized,1303,0.18219968676567078,0
C,all_blocks,channel_standardized,1304,0.1816798448562622,0
C,all_blocks,channel_standardized,1305,0.18134096264839172,0
C,all_blocks,channel_standardized,1306,0.18087893724441528,0
C,all_blocks,channel_standardized,1307,0.18028701841831207,0
C,all_blocks,channel_standardized,1308,0.17986495792865753,0
C,all_blocks,channel_standardized,1309,0.179322749376297,0
C,all_blocks,channel_standardized,1310,0.1792001724243164,0
C,all_blocks,channel_standardized,1311,0.17871209979057312,0
C,all_blocks,channel_standardized,1312,0.17828448116779327,0
C,all_blocks,channel_standardized,1313,0.17798511683940887,0
C,all_blocks,channel_standardized,1314,0.17768822610378265,0
C,all_blocks,channel_standardized,1315,0.1770886331796646,0
C,all_blocks,channel_standardized,1316,0.1765320748090744,0
C,all_blocks,channel_standardized,1317,0.1762307733297348,0
C,all_blocks,channel_standardized,1318,0.17607232928276062,0
C,all_blocks,channel_standardized,1319,0.17558731138706207,0
C,all_blocks,channel_standardized,1320,0.1749405711889267,0
C,all_blocks,channel_standardized,1321,0.17466744780540466,0
C,all_blocks,channel_standardized,1322,0.17457880079746246,0
C,all_blocks,channel_standardized,1323,0.17408771812915802,0
C,all_blocks,channel_standardized,1324,0.1734684258699417,0
C,all_blocks,channel_standardized,1325,0.17255660891532898,0
C,all_blocks,channel_standardized,1326,0.1722313016653061,0
C,all_blocks,channel_standardized,1327,0.1719876527786255,0
C,all_blocks,channel_standardized,1328,0.1717255860567093,0
C,all_blocks,channel_standardized,1329,0.17140355706214905,0
C,all_blocks,channel_standardized,1330,0.17094586789608002,0
C,all_blocks,channel_standardized,1331,0.17045876383781433,0
C,all_blocks,channel_standardized,1332,0.17034703493118286,0
C,all_blocks,channel_standardized,1333,0.1693880558013916,0
C,all_blocks,channel_standardized,1334,0.169109508395195,0
C,all_blocks,channel_standardized,1335,0.16859698295593262,0
C,all_blocks,channel_standardized,1336,0.16834132373332977,0
C,all_blocks,channel_standardized,1337,0.16782532632350922,0
C,all_blocks,channel_standardized,1338,0.16742360591888428,0
C,all_blocks,channel_standardized,1339,0.16694630682468414,0
C,all_blocks,channel_standardized,1340,0.16657637059688568,0
C,all_blocks,channel_standardized,1341,0.16633878648281097,0
C,all_blocks,channel_standardized,1342,0.1659523993730545,0
C,all_blocks,channel_standardized,1343,0.16483153402805328,0
C,all_blocks,channel_standardized,1344,0.1647695153951645,0
C,all_blocks,channel_standardized,1345,0.16438046097755432,0
C,all_blocks,channel_standardized,1346,0.16411468386650085,0
C,all_blocks,channel_standardized,1347,0.16384869813919067,0
C,all_blocks,channel_standardized,1348,0.1634914129972458,0
C,all_blocks,channel_standardized,1349,0.16307979822158813,0
C,all_blocks,channel_standardized,1350,0.16271746158599854,0
C,all_blocks,channel_standardized,1351,0.16255369782447815,0
C,all_blocks,channel_standardized,1352,0.16199496388435364,0
C,all_blocks,channel_standardized,1353,0.16141140460968018,0
C,all_blocks,channel_standardized,1354,0.16106383502483368,0
C,all_blocks,channel_standardized,1355,0.1609320342540741,0
C,all_blocks,channel_standardized,1356,0.16040073335170746,0
C,all_blocks,channel_standardized,1357,0.1603398472070694,0
C,all_blocks,channel_standardized,1358,0.15971094369888306,0
C,all_blocks,channel_standardized,1359,0.159336119890213,0
C,all_blocks,channel_standardized,1360,0.15877440571784973,0
C,all_blocks,channel_standardized,1361,0.15811313688755035,0
C,all_blocks,channel_standardized,1362,0.1578492522239685,0
C,all_blocks,channel_standardized,1363,0.15735511481761932,0
C,all_blocks,channel_standardized,1364,0.15699487924575806,0
C,all_blocks,channel_standardized,1365,0.15641313791275024,0
C,all_blocks,channel_standardized,1366,0.15582993626594543,0
C,all_blocks,channel_standardized,1367,0.1552862524986267,0
C,all_blocks,channel_standardized,1368,0.154896080493927,0
C,all_blocks,channel_standardized,1369,0.15459439158439636,0
C,all_blocks,channel_standardized,1370,0.1541908085346222,0
C,all_blocks,channel_standardized,1371,0.1537066251039505,0
C,all_blocks,channel_standardized,1372,0.15351815521717072,0
C,all_blocks,channel_standardized,1373,0.15317921340465546,0
C,all_blocks,channel_standardized,1374,0.1526951789855957,0
C,all_blocks,channel_standardized,1375,0.15241394937038422,0
C,all_blocks,channel_standardized,1376,0.15206803381443024,0
C,all_blocks,channel_standardized,1377,0.15189749002456665,0
C,all_blocks,channel_standardized,1378,0.15157829225063324,0
C,all_blocks,channel_standardized,1379,0.15103380382061005,0
C,all_blocks,channel_standardized,1380,0.15079350769519806,0
C,all_blocks,channel_standardized,1381,0.1504780650138855,0
C,all_blocks,channel_standardized,1382,0.149935781955719,0
C,all_blocks,channel_standardized,1383,0.1492566168308258,0
C,all_blocks,channel_standardized,1384,0.14891426265239716,0
C,all_blocks,channel_standardized,1385,0.14854498207569122,0
C,all_blocks,channel_standardized,1386,0.1484149694442749,0
C,all_blocks,channel_standardized,1387,0.14777372777462006,0
C,all_blocks,channel_standardized,1388,0.1475178599357605,0
C,all_blocks,channel_standardized,1389,0.14724507927894592,0
C,all_blocks,channel_standardized,1390,0.1467595100402832,0
C,all_blocks,channel_standardized,1391,0.14629913866519928,0
C,all_blocks,channel_standardized,1392,0.1458435356616974,0
C,all_blocks,channel_standardized,1393,0.14528034627437592,0
C,all_blocks,channel_standardized,1394,0.14519888162612915,0
C,all_blocks,channel_standardized,1395,0.14475513994693756,0
C,all_blocks,channel_standardized,1396,0.1444135159254074,0
C,all_blocks,channel_standardized,1397,0.1442771852016449,0
C,all_blocks,channel_standardized,1398,0.14293695986270905,0
C,all_blocks,channel_standardized,1399,0.14269642531871796,0
C,all_blocks,channel_standardized,1400,0.1424884796142578,0
C,all_blocks,channel_standardized,1401,0.14193092286586761,0
C,all_blocks,channel_standardized,1402,0.1417917013168335,0
C,all_blocks,channel_standardized,1403,0.14138951897621155,0
C,all_blocks,channel_standardized,1404,0.1407601535320282,0
C,all_blocks,channel_standardized,1405,0.14021165668964386,0
C,all_blocks,channel_standardized,1406,0.1400361955165863,0
C,all_blocks,channel_standardized,1407,0.13944047689437866,0
C,all_blocks,channel_standardized,1408,0.13924716413021088,0
C,all_blocks,channel_standardized,1409,0.1388758420944214,0
C,all_blocks,channel_standardized,1410,0.1386573612689972,0
C,all_blocks,channel_standardized,1411,0.13784053921699524,0
C,all_blocks,channel_standardized,1412,0.13729725778102875,0
C,all_blocks,channel_standardized,1413,0.13714338839054108,0
C,all_blocks,channel_standardized,1414,0.13703672587871552,0
C,all_blocks,channel_standardized,1415,0.13660427927970886,0
C,all_blocks,channel_standardized,1416,0.13615702092647552,0
C,all_blocks,channel_standardized,1417,0.1360199898481369,0
C,all_blocks,channel_standardized,1418,0.13561518490314484,0
C,all_blocks,channel_standardized,1419,0.13515184819698334,0
C,all_blocks,channel_standardized,1420,0.13486823439598083,0
C,all_blocks,channel_standardized,1421,0.13450530171394348,0
C,all_blocks,channel_standardized,1422,0.1339523047208786,0
C,all_blocks,channel_standardized,1423,0.13357506692409515,0
C,all_blocks,channel_standardized,1424,0.13342224061489105,0
C,all_blocks,channel_standardized,1425,0.13297392427921295,0
C,all_blocks,channel_standardized,1426,0.13251399993896484,0
C,all_blocks,channel_standardized,1427,0.1320439875125885,0
C,all_blocks,channel_standardized,1428,0.13145892322063446,0
C,all_blocks,channel_standardized,1429,0.13126561045646667,0
C,all_blocks,channel_standardized,1430,0.1305789351463318,0
C,all_blocks,channel_standardized,1431,0.13013847172260284,0
C,all_blocks,channel_standardized,1432,0.1298770308494568,0
C,all_blocks,channel_standardized,1433,0.12946990132331848,0
C,all_blocks,channel_standardized,1434,0.12899060547351837,0
C,all_blocks,channel_standardized,1435,0.1285894811153412,0
C,all_blocks,channel_standardized,1436,0.12825387716293335,0
C,all_blocks,channel_standardized,1437,0.12815074622631073,0
C,all_blocks,channel_standardized,1438,0.12774983048439026,0
C,all_blocks,channel_standardized,1439,0.12741006910800934,0
C,all_blocks,channel_standardized,1440,0.1264345794916153,0
C,all_blocks,channel_standardized,1441,0.1262364387512207,0
C,all_blocks,channel_standardized,1442,0.12607257068157196,0
C,all_blocks,channel_standardized,1443,0.1255163550376892,0
C,all_blocks,channel_standardized,1444,0.1251751184463501,0
C,all_blocks,channel_standardized,1445,0.12470176815986633,0
C,all_blocks,channel_standardized,1446,0.12452133744955063,0
C,all_blocks,channel_standardized,1447,0.12337963283061981,0
C,all_blocks,channel_standardized,1448,0.12311482429504395,0
C,all_blocks,channel_standardized,1449,0.12293446809053421,0
C,all_blocks,channel_standardized,1450,0.12245330214500427,0
C,all_blocks,channel_standardized,1451,0.12227609753608704,0
C,all_blocks,channel_standardized,1452,0.121928870677948,0
C,all_blocks,channel_standardized,1453,0.12134961038827896,0
C,all_blocks,channel_standardized,1454,0.12092263996601105,0
C,all_blocks,channel_standardized,1455,0.1206289678812027,0
C,all_blocks,channel_standardized,1456,0.11991613358259201,0
C,all_blocks,channel_standardized,1457,0.11944399029016495,0
C,all_blocks,channel_standardized,1458,0.11935754865407944,0
C,all_blocks,channel_standardized,1459,0.11845547705888748,0
C,all_blocks,channel_standardized,1460,0.1182507649064064,0
C,all_blocks,channel_standardized,1461,0.11794040352106094,0
C,all_blocks,channel_standardized,1462,0.1176895797252655,0
C,all_blocks,channel_standardized,1463,0.1173529103398323,0
C,all_blocks,channel_standardized,1464,0.116935133934021,0
C,all_blocks,channel_standardized,1465,0.11616571247577667,0
C,all_blocks,channel_standardized,1466,0.11587764322757721,0
C,all_blocks,channel_standardized,1467,0.11531750112771988,0
C,all_blocks,channel_standardized,1468,0.11523032933473587,0
C,all_blocks,channel_standardized,1469,0.11486227810382843,0
C,all_blocks,channel_standardized,1470,0.11441203206777573,0
C,all_blocks,channel_standardized,1471,0.11414801329374313,0
C,all_blocks,channel_standardized,1472,0.11414181441068649,0
C,all_blocks,channel_standardized,1473,0.11346393078565598,0
C,all_blocks,channel_standardized,1474,0.11292687058448792,0
C,all_blocks,channel_standardized,1475,0.11243194341659546,0
C,all_blocks,channel_standardized,1476,0.11217731982469559,0
C,all_blocks,channel_standardized,1477,0.1115153431892395,0
C,all_blocks,channel_standardized,1478,0.11122069507837296,0
C,all_blocks,channel_standardized,1479,0.11075460910797119,0
C,all_blocks,channel_standardized,1480,0.11059641093015671,0
C,all_blocks,channel_standardized,1481,0.10996489226818085,0
C,all_blocks,channel_standardized,1482,0.10930340737104416,0
C,all_blocks,channel_standardized,1483,0.10919206589460373,0
C,all_blocks,channel_standardized,1484,0.10813714563846588,0
C,all_blocks,channel_standardized,1485,0.10783790796995163,0
C,all_blocks,channel_standardized,1486,0.10749412328004837,0
C,all_blocks,channel_standardized,1487,0.1073361486196518,0
C,all_blocks,channel_standardized,1488,0.10653433203697205,0
C,all_blocks,channel_standardized,1489,0.10624135285615921,0
C,all_blocks,channel_standardized,1490,0.10566368699073792,0
C,all_blocks,channel_standardized,1491,0.1049727126955986,0
C,all_blocks,channel_standardized,1492,0.10469944030046463,0
C,all_blocks,channel_standardized,1493,0.10428617894649506,0
C,all_blocks,channel_standardized,1494,0.1038791760802269,0
C,all_blocks,channel_standardized,1495,0.10363353788852692,0
C,all_blocks,channel_standardized,1496,0.10321752727031708,0
C,all_blocks,channel_standardized,1497,0.1027713418006897,0
C,all_blocks,channel_standardized,1498,0.10205298662185669,0
C,all_blocks,channel_standardized,1499,0.1014547049999237,0
C,all_blocks,channel_standardized,1500,0.10124217718839645,0
C,all_blocks,channel_standardized,1501,0.10055387020111084,0
C,all_blocks,channel_standardized,1502,0.10008451342582703,0
C,all_blocks,channel_standardized,1503,0.09979888051748276,0
C,all_blocks,channel_standardized,1504,0.09877116978168488,0
C,all_blocks,channel_standardized,1505,0.09858203679323196,0
C,all_blocks,channel_standardized,1506,0.09794100373983383,0
C,all_blocks,channel_standardized,1507,0.09727412462234497,0
C,all_blocks,channel_standardized,1508,0.09697870910167694,0
C,all_blocks,channel_standardized,1509,0.09660802781581879,0
C,all_blocks,channel_standardized,1510,0.09583193808794022,0
C,all_blocks,channel_standardized,1511,0.09495285898447037,0
C,all_blocks,channel_standardized,1512,0.09440295398235321,0
C,all_blocks,channel_standardized,1513,0.09423620253801346,0
C,all_blocks,channel_standardized,1514,0.09320274740457535,0
C,all_blocks,channel_standardized,1515,0.09220020473003387,0
C,all_blocks,channel_standardized,1516,0.09182677417993546,0
C,all_blocks,channel_standardized,1517,0.09089002758264542,0
C,all_blocks,channel_standardized,1518,0.09061234444379807,0
C,all_blocks,channel_standardized,1519,0.0895511582493782,0
C,all_blocks,channel_standardized,1520,0.08905065059661865,0
C,all_blocks,channel_standardized,1521,0.08872758597135544,0
C,all_blocks,channel_standardized,1522,0.08639002591371536,0
C,all_blocks,channel_standardized,1523,0.08600558340549469,0
C,all_blocks,channel_standardized,1524,0.08555849641561508,0
C,all_blocks,channel_standardized,1525,0.08421073853969574,0
C,all_blocks,channel_standardized,1526,0.08343145251274109,0
C,all_blocks,channel_standardized,1527,0.0825393870472908,0
C,all_blocks,channel_standardized,1528,0.0810290277004242,0
C,all_blocks,channel_standardized,1529,0.0805814191699028,0
C,all_blocks,channel_standardized,1530,0.07861773669719696,0
C,all_blocks,channel_standardized,1531,0.07616820931434631,0
C,all_blocks,channel_standardized,1532,0.0745275691151619,0
C,all_blocks,channel_standardized,1533,0.07289844751358032,0
C,all_blocks,channel_standardized,1534,0.07139529287815094,0
C,all_blocks,channel_standardized,1535,0.06401749700307846,0
C,all_blocks,channel_standardized,1536,0.05837339162826538,0
C_FORECAST_0.5,all_blocks,centered,1,5.810923099517822,1
C_FORECAST_0.5,all_blocks,centered,2,0.04971861466765404,0
C_FORECAST_0.5,all_blocks,centered,3,0.042980823665857315,0
C_FORECAST_0.5,all_blocks,centered,4,0.025035332888364792,0
C_FORECAST_0.5,all_blocks,centered,5,0.02455950900912285,0
C_FORECAST_0.5,all_blocks,centered,6,0.02214229851961136,0
C_FORECAST_0.5,all_blocks,centered,7,0.01897686906158924,0
C_FORECAST_0.5,all_blocks,centered,8,0.018567152321338654,0
C_FORECAST_0.5,all_blocks,centered,9,0.018085438758134842,0
C_FORECAST_0.5,all_blocks,centered,10,0.01511319074779749,0
C_FORECAST_0.5,all_blocks,centered,11,0.014580084942281246,0
C_FORECAST_0.5,all_blocks,centered,12,0.013954554684460163,0
C_FORECAST_0.5,all_blocks,centered,13,0.013395383022725582,0
C_FORECAST_0.5,all_blocks,centered,14,0.012999603524804115,0
C_FORECAST_0.5,all_blocks,centered,15,0.012513366527855396,0
C_FORECAST_0.5,all_blocks,centered,16,0.012053152546286583,0
C_FORECAST_0.5,all_blocks,centered,17,0.011655477806925774,0
C_FORECAST_0.5,all_blocks,centered,18,0.011406514793634415,0
C_FORECAST_0.5,all_blocks,centered,19,0.010940826497972012,0
C_FORECAST_0.5,all_blocks,centered,20,0.010758152231574059,0
C_FORECAST_0.5,all_blocks,centered,21,0.010530462488532066,0
C_FORECAST_0.5,all_blocks,centered,22,0.01032109186053276,0
C_FORECAST_0.5,all_blocks,centered,23,0.010196665301918983,0
C_FORECAST_0.5,all_blocks,centered,24,0.009969143196940422,0
C_FORECAST_0.5,all_blocks,centered,25,0.00978509709239006,0
C_FORECAST_0.5,all_blocks,centered,26,0.009385641664266586,0
C_FORECAST_0.5,all_blocks,centered,27,0.009196257218718529,0
C_FORECAST_0.5,all_blocks,centered,28,0.00914269220083952,0
C_FORECAST_0.5,all_blocks,centered,29,0.008940803818404675,0
C_FORECAST_0.5,all_blocks,centered,30,0.008817117661237717,0
C_FORECAST_0.5,all_blocks,centered,31,0.008782697841525078,0
C_FORECAST_0.5,all_blocks,centered,32,0.008527768775820732,0
C_FORECAST_0.5,all_blocks,centered,33,0.008476514369249344,0
C_FORECAST_0.5,all_blocks,centered,34,0.008319775573909283,0
C_FORECAST_0.5,all_blocks,centered,35,0.008274856023490429,0
C_FORECAST_0.5,all_blocks,centered,36,0.008239608258008957,0
C_FORECAST_0.5,all_blocks,centered,37,0.008109092712402344,0
C_FORECAST_0.5,all_blocks,centered,38,0.008029055781662464,0
C_FORECAST_0.5,all_blocks,centered,39,0.007897485047578812,0
C_FORECAST_0.5,all_blocks,centered,40,0.007812452968209982,0
C_FORECAST_0.5,all_blocks,centered,41,0.007734154351055622,0
C_FORECAST_0.5,all_blocks,centered,42,0.007588560692965984,0
C_FORECAST_0.5,all_blocks,centered,43,0.007485657464712858,0
C_FORECAST_0.5,all_blocks,centered,44,0.0074092550203204155,0
C_FORECAST_0.5,all_blocks,centered,45,0.007332141976803541,0
C_FORECAST_0.5,all_blocks,centered,46,0.0072907037101686,0
C_FORECAST_0.5,all_blocks,centered,47,0.007219989784061909,0
C_FORECAST_0.5,all_blocks,centered,48,0.007157878950238228,0
C_FORECAST_0.5,all_blocks,centered,49,0.007066510152071714,0
C_FORECAST_0.5,all_blocks,centered,50,0.007062174845486879,0
C_FORECAST_0.5,all_blocks,centered,51,0.006958630867302418,0
C_FORECAST_0.5,all_blocks,centered,52,0.006787484511733055,0
C_FORECAST_0.5,all_blocks,centered,53,0.006748373154550791,0
C_FORECAST_0.5,all_blocks,centered,54,0.006737259682267904,0
C_FORECAST_0.5,all_blocks,centered,55,0.006645651999861002,0
C_FORECAST_0.5,all_blocks,centered,56,0.0065674688667058945,0
C_FORECAST_0.5,all_blocks,centered,57,0.006550170015543699,0
C_FORECAST_0.5,all_blocks,centered,58,0.0065017687156796455,0
C_FORECAST_0.5,all_blocks,centered,59,0.00643238564953208,0
C_FORECAST_0.5,all_blocks,centered,60,0.0063830106519162655,0
C_FORECAST_0.5,all_blocks,centered,61,0.006338972598314285,0
C_FORECAST_0.5,all_blocks,centered,62,0.006326343398541212,0
C_FORECAST_0.5,all_blocks,centered,63,0.006280931178480387,0
C_FORECAST_0.5,all_blocks,centered,64,0.006221419665962458,0
C_FORECAST_0.5,all_blocks,centered,65,0.006137932185083628,0
C_FORECAST_0.5,all_blocks,centered,66,0.006081555970013142,0
C_FORECAST_0.5,all_blocks,centered,67,0.006051082629710436,0
C_FORECAST_0.5,all_blocks,centered,68,0.006004468072205782,0
C_FORECAST_0.5,all_blocks,centered,69,0.00599195109680295,0
C_FORECAST_0.5,all_blocks,centered,70,0.005954110063612461,0
C_FORECAST_0.5,all_blocks,centered,71,0.005914471112191677,0
C_FORECAST_0.5,all_blocks,centered,72,0.005839284509420395,0
C_FORECAST_0.5,all_blocks,centered,73,0.005799522157758474,0
C_FORECAST_0.5,all_blocks,centered,74,0.005786122754216194,0
C_FORECAST_0.5,all_blocks,centered,75,0.005756233353167772,0
C_FORECAST_0.5,all_blocks,centered,76,0.005699819885194302,0
C_FORECAST_0.5,all_blocks,centered,77,0.00562743516638875,0
C_FORECAST_0.5,all_blocks,centered,78,0.005612420849502087,0
C_FORECAST_0.5,all_blocks,centered,79,0.0055388519540429115,0
C_FORECAST_0.5,all_blocks,centered,80,0.005514579359441996,0
C_FORECAST_0.5,all_blocks,centered,81,0.005494211334735155,0
C_FORECAST_0.5,all_blocks,centered,82,0.005462833680212498,0
C_FORECAST_0.5,all_blocks,centered,83,0.005453506018966436,0
C_FORECAST_0.5,all_blocks,centered,84,0.005390041507780552,0
C_FORECAST_0.5,all_blocks,centered,85,0.005352479871362448,0
C_FORECAST_0.5,all_blocks,centered,86,0.005295983981341124,0
C_FORECAST_0.5,all_blocks,centered,87,0.005291926208883524,0
C_FORECAST_0.5,all_blocks,centered,88,0.00525440089404583,0
C_FORECAST_0.5,all_blocks,centered,89,0.00518940482288599,0
C_FORECAST_0.5,all_blocks,centered,90,0.005179226398468018,0
C_FORECAST_0.5,all_blocks,centered,91,0.005155029706656933,0
C_FORECAST_0.5,all_blocks,centered,92,0.005115961655974388,0
C_FORECAST_0.5,all_blocks,centered,93,0.005100873298943043,0
C_FORECAST_0.5,all_blocks,centered,94,0.005069039296358824,0
C_FORECAST_0.5,all_blocks,centered,95,0.00505921570584178,0
C_FORECAST_0.5,all_blocks,centered,96,0.005012105219066143,0
C_FORECAST_0.5,all_blocks,centered,97,0.004969430156052113,0
C_FORECAST_0.5,all_blocks,centered,98,0.004961887374520302,0
C_FORECAST_0.5,all_blocks,centered,99,0.004900048021227121,0
C_FORECAST_0.5,all_blocks,centered,100,0.00488627003505826,0
C_FORECAST_0.5,all_blocks,centered,101,0.004849303048104048,0
C_FORECAST_0.5,all_blocks,centered,102,0.0048333085142076015,0
C_FORECAST_0.5,all_blocks,centered,103,0.004814822692424059,0
C_FORECAST_0.5,all_blocks,centered,104,0.004788498859852552,0
C_FORECAST_0.5,all_blocks,centered,105,0.004751719534397125,0
C_FORECAST_0.5,all_blocks,centered,106,0.004706888925284147,0
C_FORECAST_0.5,all_blocks,centered,107,0.004689711146056652,0
C_FORECAST_0.5,all_blocks,centered,108,0.004686316940933466,0
C_FORECAST_0.5,all_blocks,centered,109,0.004647394642233849,0
C_FORECAST_0.5,all_blocks,centered,110,0.0046465336345136166,0
C_FORECAST_0.5,all_blocks,centered,111,0.004568395204842091,0
C_FORECAST_0.5,all_blocks,centered,112,0.004567961674183607,0
C_FORECAST_0.5,all_blocks,centered,113,0.004548637196421623,0
C_FORECAST_0.5,all_blocks,centered,114,0.004518188536167145,0
C_FORECAST_0.5,all_blocks,centered,115,0.0044926851987838745,0
C_FORECAST_0.5,all_blocks,centered,116,0.004460356663912535,0
C_FORECAST_0.5,all_blocks,centered,117,0.004452028777450323,0
C_FORECAST_0.5,all_blocks,centered,118,0.004420261364430189,0
C_FORECAST_0.5,all_blocks,centered,119,0.004411560483276844,0
C_FORECAST_0.5,all_blocks,centered,120,0.004378607030957937,0
C_FORECAST_0.5,all_blocks,centered,121,0.004368242807686329,0
C_FORECAST_0.5,all_blocks,centered,122,0.004359869752079248,0
C_FORECAST_0.5,all_blocks,centered,123,0.0043387869372963905,0
C_FORECAST_0.5,all_blocks,centered,124,0.0043186466209590435,0
C_FORECAST_0.5,all_blocks,centered,125,0.004297387786209583,0
C_FORECAST_0.5,all_blocks,centered,126,0.0042669158428907394,0
C_FORECAST_0.5,all_blocks,centered,127,0.0042510610073804855,0
C_FORECAST_0.5,all_blocks,centered,128,0.0042344750836491585,0
C_FORECAST_0.5,all_blocks,centered,129,0.004217030946165323,0
C_FORECAST_0.5,all_blocks,centered,130,0.004199264571070671,0
C_FORECAST_0.5,all_blocks,centered,131,0.004172125365585089,0
C_FORECAST_0.5,all_blocks,centered,132,0.004139938857406378,0
C_FORECAST_0.5,all_blocks,centered,133,0.004110768903046846,0
C_FORECAST_0.5,all_blocks,centered,134,0.004085743334144354,0
C_FORECAST_0.5,all_blocks,centered,135,0.004071275237947702,0
C_FORECAST_0.5,all_blocks,centered,136,0.004066335503011942,0
C_FORECAST_0.5,all_blocks,centered,137,0.004036134574562311,0
C_FORECAST_0.5,all_blocks,centered,138,0.004030242096632719,0
C_FORECAST_0.5,all_blocks,centered,139,0.004007759969681501,0
C_FORECAST_0.5,all_blocks,centered,140,0.003978567663580179,0
C_FORECAST_0.5,all_blocks,centered,141,0.003972290549427271,0
C_FORECAST_0.5,all_blocks,centered,142,0.003940416965633631,0
C_FORECAST_0.5,all_blocks,centered,143,0.003929090686142445,0
C_FORECAST_0.5,all_blocks,centered,144,0.003916176501661539,0
C_FORECAST_0.5,all_blocks,centered,145,0.0039047650061547756,0
C_FORECAST_0.5,all_blocks,centered,146,0.003868205938488245,0
C_FORECAST_0.5,all_blocks,centered,147,0.003851911285892129,0
C_FORECAST_0.5,all_blocks,centered,148,0.003844563150778413,0
C_FORECAST_0.5,all_blocks,centered,149,0.0038202886935323477,0
C_FORECAST_0.5,all_blocks,centered,150,0.003799782134592533,0
C_FORECAST_0.5,all_blocks,centered,151,0.0037955623120069504,0
C_FORECAST_0.5,all_blocks,centered,152,0.0037704482674598694,0
C_FORECAST_0.5,all_blocks,centered,153,0.0037648717407137156,0
C_FORECAST_0.5,all_blocks,centered,154,0.0037518898025155067,0
C_FORECAST_0.5,all_blocks,centered,155,0.0037314502988010645,0
C_FORECAST_0.5,all_blocks,centered,156,0.0037121993955224752,0
C_FORECAST_0.5,all_blocks,centered,157,0.0037061229813843966,0
C_FORECAST_0.5,all_blocks,centered,158,0.003680441528558731,0
C_FORECAST_0.5,all_blocks,centered,159,0.003679861780256033,0
C_FORECAST_0.5,all_blocks,centered,160,0.0036545877810567617,0
C_FORECAST_0.5,all_blocks,centered,161,0.0036428733728826046,0
C_FORECAST_0.5,all_blocks,centered,162,0.003625066252425313,0
C_FORECAST_0.5,all_blocks,centered,163,0.0036065722815692425,0
C_FORECAST_0.5,all_blocks,centered,164,0.0035807841923087835,0
C_FORECAST_0.5,all_blocks,centered,165,0.0035771718248724937,0
C_FORECAST_0.5,all_blocks,centered,166,0.003561951918527484,0
C_FORECAST_0.5,all_blocks,centered,167,0.0035567455925047398,0
C_FORECAST_0.5,all_blocks,centered,168,0.003541352692991495,0
C_FORECAST_0.5,all_blocks,centered,169,0.0035259095020592213,0
C_FORECAST_0.5,all_blocks,centered,170,0.0035072285681962967,0
C_FORECAST_0.5,all_blocks,centered,171,0.00349075673148036,0
C_FORECAST_0.5,all_blocks,centered,172,0.0034769533667713404,0
C_FORECAST_0.5,all_blocks,centered,173,0.0034603571984916925,0
C_FORECAST_0.5,all_blocks,centered,174,0.0034492281265556812,0
C_FORECAST_0.5,all_blocks,centered,175,0.00344048417173326,0
C_FORECAST_0.5,all_blocks,centered,176,0.0034326091408729553,0
C_FORECAST_0.5,all_blocks,centered,177,0.00342199276201427,0
C_FORECAST_0.5,all_blocks,centered,178,0.0034109163098037243,0
C_FORECAST_0.5,all_blocks,centered,179,0.0033974163234233856,0
C_FORECAST_0.5,all_blocks,centered,180,0.0033797870855778456,0
C_FORECAST_0.5,all_blocks,centered,181,0.003366060322150588,0
C_FORECAST_0.5,all_blocks,centered,182,0.0033404966816306114,0
C_FORECAST_0.5,all_blocks,centered,183,0.003327323589473963,0
C_FORECAST_0.5,all_blocks,centered,184,0.0033026356250047684,0
C_FORECAST_0.5,all_blocks,centered,185,0.003301758086308837,0
C_FORECAST_0.5,all_blocks,centered,186,0.0032958299852907658,0
C_FORECAST_0.5,all_blocks,centered,187,0.003275552298873663,0
C_FORECAST_0.5,all_blocks,centered,188,0.003263574093580246,0
C_FORECAST_0.5,all_blocks,centered,189,0.0032436668407171965,0
C_FORECAST_0.5,all_blocks,centered,190,0.0032398931216448545,0
C_FORECAST_0.5,all_blocks,centered,191,0.0032279358711093664,0
C_FORECAST_0.5,all_blocks,centered,192,0.0032218624837696552,0
C_FORECAST_0.5,all_blocks,centered,193,0.003213409101590514,0
C_FORECAST_0.5,all_blocks,centered,194,0.0031906699296087027,0
C_FORECAST_0.5,all_blocks,centered,195,0.003179013729095459,0
C_FORECAST_0.5,all_blocks,centered,196,0.0031708714086562395,0
C_FORECAST_0.5,all_blocks,centered,197,0.003151729004457593,0
C_FORECAST_0.5,all_blocks,centered,198,0.0031485736835747957,0
C_FORECAST_0.5,all_blocks,centered,199,0.0031368203926831484,0
C_FORECAST_0.5,all_blocks,centered,200,0.0031182668171823025,0
C_FORECAST_0.5,all_blocks,centered,201,0.003104143775999546,0
C_FORECAST_0.5,all_blocks,centered,202,0.0030908084008842707,0
C_FORECAST_0.5,all_blocks,centered,203,0.003086487762629986,0
C_FORECAST_0.5,all_blocks,centered,204,0.0030627408996224403,0
C_FORECAST_0.5,all_blocks,centered,205,0.003061160445213318,0
C_FORECAST_0.5,all_blocks,centered,206,0.0030338086653500795,0
C_FORECAST_0.5,all_blocks,centered,207,0.0030324971303343773,0
C_FORECAST_0.5,all_blocks,centered,208,0.0030246374662965536,0
C_FORECAST_0.5,all_blocks,centered,209,0.003010047832503915,0
C_FORECAST_0.5,all_blocks,centered,210,0.002991477958858013,0
C_FORECAST_0.5,all_blocks,centered,211,0.002989394124597311,0
C_FORECAST_0.5,all_blocks,centered,212,0.002974041039124131,0
C_FORECAST_0.5,all_blocks,centered,213,0.002951213624328375,0
C_FORECAST_0.5,all_blocks,centered,214,0.0029503165278583765,0
C_FORECAST_0.5,all_blocks,centered,215,0.00294339912943542,0
C_FORECAST_0.5,all_blocks,centered,216,0.0029235093388706446,0
C_FORECAST_0.5,all_blocks,centered,217,0.002921102801337838,0
C_FORECAST_0.5,all_blocks,centered,218,0.0029179181437939405,0
C_FORECAST_0.5,all_blocks,centered,219,0.002901041181758046,0
C_FORECAST_0.5,all_blocks,centered,220,0.0028975673485547304,0
C_FORECAST_0.5,all_blocks,centered,221,0.0028750377241522074,0
C_FORECAST_0.5,all_blocks,centered,222,0.002866248833015561,0
C_FORECAST_0.5,all_blocks,centered,223,0.002845841459929943,0
C_FORECAST_0.5,all_blocks,centered,224,0.0028385668992996216,0
C_FORECAST_0.5,all_blocks,centered,225,0.002836844651028514,0
C_FORECAST_0.5,all_blocks,centered,226,0.0028343128506094217,0
C_FORECAST_0.5,all_blocks,centered,227,0.002821799134835601,0
C_FORECAST_0.5,all_blocks,centered,228,0.002812919905409217,0
C_FORECAST_0.5,all_blocks,centered,229,0.002799797570332885,0
C_FORECAST_0.5,all_blocks,centered,230,0.0027964087203145027,0
C_FORECAST_0.5,all_blocks,centered,231,0.0027831406332552433,0
C_FORECAST_0.5,all_blocks,centered,232,0.0027673409786075354,0
C_FORECAST_0.5,all_blocks,centered,233,0.0027653872966766357,0
C_FORECAST_0.5,all_blocks,centered,234,0.0027484006714075804,0
C_FORECAST_0.5,all_blocks,centered,235,0.0027402970008552074,0
C_FORECAST_0.5,all_blocks,centered,236,0.002737353788688779,0
C_FORECAST_0.5,all_blocks,centered,237,0.0027306275442242622,0
C_FORECAST_0.5,all_blocks,centered,238,0.002720409305766225,0
C_FORECAST_0.5,all_blocks,centered,239,0.002713241381570697,0
C_FORECAST_0.5,all_blocks,centered,240,0.0027044357266277075,0
C_FORECAST_0.5,all_blocks,centered,241,0.0026964766439050436,0
C_FORECAST_0.5,all_blocks,centered,242,0.002681660931557417,0
C_FORECAST_0.5,all_blocks,centered,243,0.0026725397910922766,0
C_FORECAST_0.5,all_blocks,centered,244,0.002656754106283188,0
C_FORECAST_0.5,all_blocks,centered,245,0.002649452770128846,0
C_FORECAST_0.5,all_blocks,centered,246,0.0026469104923307896,0
C_FORECAST_0.5,all_blocks,centered,247,0.002635967219248414,0
C_FORECAST_0.5,all_blocks,centered,248,0.0026287632063031197,0
C_FORECAST_0.5,all_blocks,centered,249,0.002611767267808318,0
C_FORECAST_0.5,all_blocks,centered,250,0.002608745126053691,0
C_FORECAST_0.5,all_blocks,centered,251,0.0025961888022720814,0
C_FORECAST_0.5,all_blocks,centered,252,0.0025928844697773457,0
C_FORECAST_0.5,all_blocks,centered,253,0.002587615977972746,0
C_FORECAST_0.5,all_blocks,centered,254,0.002570587210357189,0
C_FORECAST_0.5,all_blocks,centered,255,0.002567985327914357,0
C_FORECAST_0.5,all_blocks,centered,256,0.002558833220973611,0
C_FORECAST_0.5,all_blocks,centered,257,0.0025536909233778715,0
C_FORECAST_0.5,all_blocks,centered,258,0.0025380481965839863,0
C_FORECAST_0.5,all_blocks,centered,259,0.002537488006055355,0
C_FORECAST_0.5,all_blocks,centered,260,0.0025177656207233667,0
C_FORECAST_0.5,all_blocks,centered,261,0.0025167670100927353,0
C_FORECAST_0.5,all_blocks,centered,262,0.002498874207958579,0
C_FORECAST_0.5,all_blocks,centered,263,0.002497790614143014,0
C_FORECAST_0.5,all_blocks,centered,264,0.002492867410182953,0
C_FORECAST_0.5,all_blocks,centered,265,0.0024844538420438766,0
C_FORECAST_0.5,all_blocks,centered,266,0.002483620308339596,0
C_FORECAST_0.5,all_blocks,centered,267,0.0024697198532521725,0
C_FORECAST_0.5,all_blocks,centered,268,0.002461290918290615,0
C_FORECAST_0.5,all_blocks,centered,269,0.0024547523353248835,0
C_FORECAST_0.5,all_blocks,centered,270,0.002449746010825038,0
C_FORECAST_0.5,all_blocks,centered,271,0.0024439014960080385,0
C_FORECAST_0.5,all_blocks,centered,272,0.0024338464718312025,0
C_FORECAST_0.5,all_blocks,centered,273,0.0024246047250926495,0
C_FORECAST_0.5,all_blocks,centered,274,0.002413414418697357,0
C_FORECAST_0.5,all_blocks,centered,275,0.0024008164182305336,0
C_FORECAST_0.5,all_blocks,centered,276,0.00239984760992229,0
C_FORECAST_0.5,all_blocks,centered,277,0.0023906035348773003,0
C_FORECAST_0.5,all_blocks,centered,278,0.002386639127507806,0
C_FORECAST_0.5,all_blocks,centered,279,0.002382255857810378,0
C_FORECAST_0.5,all_blocks,centered,280,0.002370527246966958,0
C_FORECAST_0.5,all_blocks,centered,281,0.0023692615795880556,0
C_FORECAST_0.5,all_blocks,centered,282,0.0023640168365091085,0
C_FORECAST_0.5,all_blocks,centered,283,0.002355599543079734,0
C_FORECAST_0.5,all_blocks,centered,284,0.0023415943142026663,0
C_FORECAST_0.5,all_blocks,centered,285,0.002337047830224037,0
C_FORECAST_0.5,all_blocks,centered,286,0.002328310627490282,0
C_FORECAST_0.5,all_blocks,centered,287,0.0023248703218996525,0
C_FORECAST_0.5,all_blocks,centered,288,0.0023168674670159817,0
C_FORECAST_0.5,all_blocks,centered,289,0.002313986886292696,0
C_FORECAST_0.5,all_blocks,centered,290,0.002304037334397435,0
C_FORECAST_0.5,all_blocks,centered,291,0.002298531122505665,0
C_FORECAST_0.5,all_blocks,centered,292,0.0022961467038840055,0
C_FORECAST_0.5,all_blocks,centered,293,0.0022882085759192705,0
C_FORECAST_0.5,all_blocks,centered,294,0.002283270936459303,0
C_FORECAST_0.5,all_blocks,centered,295,0.0022731488570570946,0
C_FORECAST_0.5,all_blocks,centered,296,0.002271173754706979,0
C_FORECAST_0.5,all_blocks,centered,297,0.0022657266817986965,0
C_FORECAST_0.5,all_blocks,centered,298,0.0022593194153159857,0
C_FORECAST_0.5,all_blocks,centered,299,0.002251826459541917,0
C_FORECAST_0.5,all_blocks,centered,300,0.0022377038840204477,0
C_FORECAST_0.5,all_blocks,centered,301,0.002232959959656,0
C_FORECAST_0.5,all_blocks,centered,302,0.0022270597983151674,0
C_FORECAST_0.5,all_blocks,centered,303,0.002226322889328003,0
C_FORECAST_0.5,all_blocks,centered,304,0.0022142743691802025,0
C_FORECAST_0.5,all_blocks,centered,305,0.002210159320384264,0
C_FORECAST_0.5,all_blocks,centered,306,0.0022092238068580627,0
C_FORECAST_0.5,all_blocks,centered,307,0.0021950756199657917,0
C_FORECAST_0.5,all_blocks,centered,308,0.0021803423296660185,0
C_FORECAST_0.5,all_blocks,centered,309,0.002178444992750883,0
C_FORECAST_0.5,all_blocks,centered,310,0.0021725462283939123,0
C_FORECAST_0.5,all_blocks,centered,311,0.002167696598917246,0
C_FORECAST_0.5,all_blocks,centered,312,0.002155665773898363,0
C_FORECAST_0.5,all_blocks,centered,313,0.0021500925067812204,0
C_FORECAST_0.5,all_blocks,centered,314,0.002140409080311656,0
C_FORECAST_0.5,all_blocks,centered,315,0.002133214147761464,0
C_FORECAST_0.5,all_blocks,centered,316,0.0021303570829331875,0
C_FORECAST_0.5,all_blocks,centered,317,0.0021182680502533913,0
C_FORECAST_0.5,all_blocks,centered,318,0.0021158165764063597,0
C_FORECAST_0.5,all_blocks,centered,319,0.0021109646186232567,0
C_FORECAST_0.5,all_blocks,centered,320,0.0021096940618008375,0
C_FORECAST_0.5,all_blocks,centered,321,0.002100536134094,0
C_FORECAST_0.5,all_blocks,centered,322,0.002094367751851678,0
C_FORECAST_0.5,all_blocks,centered,323,0.0020854768808931112,0
C_FORECAST_0.5,all_blocks,centered,324,0.002078089164569974,0
C_FORECAST_0.5,all_blocks,centered,325,0.0020766721572726965,0
C_FORECAST_0.5,all_blocks,centered,326,0.0020649656653404236,0
C_FORECAST_0.5,all_blocks,centered,327,0.0020634953398257494,0
C_FORECAST_0.5,all_blocks,centered,328,0.002056841040030122,0
C_FORECAST_0.5,all_blocks,centered,329,0.0020496780052781105,0
C_FORECAST_0.5,all_blocks,centered,330,0.002044126857072115,0
C_FORECAST_0.5,all_blocks,centered,331,0.002038867212831974,0
C_FORECAST_0.5,all_blocks,centered,332,0.0020318396855145693,0
C_FORECAST_0.5,all_blocks,centered,333,0.0020243364851921797,0
C_FORECAST_0.5,all_blocks,centered,334,0.0020205320324748755,0
C_FORECAST_0.5,all_blocks,centered,335,0.0020075638312846422,0
C_FORECAST_0.5,all_blocks,centered,336,0.002003827365115285,0
C_FORECAST_0.5,all_blocks,centered,337,0.002000665757805109,0
C_FORECAST_0.5,all_blocks,centered,338,0.001996858511120081,0
C_FORECAST_0.5,all_blocks,centered,339,0.0019918091129511595,0
C_FORECAST_0.5,all_blocks,centered,340,0.0019846493378281593,0
C_FORECAST_0.5,all_blocks,centered,341,0.0019797442946583033,0
C_FORECAST_0.5,all_blocks,centered,342,0.0019721395801752806,0
C_FORECAST_0.5,all_blocks,centered,343,0.001966298557817936,0
C_FORECAST_0.5,all_blocks,centered,344,0.0019653697963804007,0
C_FORECAST_0.5,all_blocks,centered,345,0.001957625150680542,0
C_FORECAST_0.5,all_blocks,centered,346,0.001955467974767089,0
C_FORECAST_0.5,all_blocks,centered,347,0.0019439595052972436,0
C_FORECAST_0.5,all_blocks,centered,348,0.0019366242922842503,0
C_FORECAST_0.5,all_blocks,centered,349,0.0019345892360433936,0
C_FORECAST_0.5,all_blocks,centered,350,0.001928125973790884,0
C_FORECAST_0.5,all_blocks,centered,351,0.0019215740030631423,0
C_FORECAST_0.5,all_blocks,centered,352,0.0019148540450260043,0
C_FORECAST_0.5,all_blocks,centered,353,0.0019132725428789854,0
C_FORECAST_0.5,all_blocks,centered,354,0.0019069131230935454,0
C_FORECAST_0.5,all_blocks,centered,355,0.0019050108967348933,0
C_FORECAST_0.5,all_blocks,centered,356,0.0019015171565115452,0
C_FORECAST_0.5,all_blocks,centered,357,0.0018983152695000172,0
C_FORECAST_0.5,all_blocks,centered,358,0.0018902441952377558,0
C_FORECAST_0.5,all_blocks,centered,359,0.0018786686705425382,0
C_FORECAST_0.5,all_blocks,centered,360,0.001867001294158399,0
C_FORECAST_0.5,all_blocks,centered,361,0.0018667455296963453,0
C_FORECAST_0.5,all_blocks,centered,362,0.0018599306931719184,0
C_FORECAST_0.5,all_blocks,centered,363,0.0018590104300528765,0
C_FORECAST_0.5,all_blocks,centered,364,0.0018503321334719658,0
C_FORECAST_0.5,all_blocks,centered,365,0.0018474262906238437,0
C_FORECAST_0.5,all_blocks,centered,366,0.0018454459495842457,0
C_FORECAST_0.5,all_blocks,centered,367,0.0018380610272288322,0
C_FORECAST_0.5,all_blocks,centered,368,0.001830840716138482,0
C_FORECAST_0.5,all_blocks,centered,369,0.0018210645066574216,0
C_FORECAST_0.5,all_blocks,centered,370,0.0018184655345976353,0
C_FORECAST_0.5,all_blocks,centered,371,0.0018184304935857654,0
C_FORECAST_0.5,all_blocks,centered,372,0.0018113740952685475,0
C_FORECAST_0.5,all_blocks,centered,373,0.0018058872083202004,0
C_FORECAST_0.5,all_blocks,centered,374,0.0018016545800492167,0
C_FORECAST_0.5,all_blocks,centered,375,0.001796684809960425,0
C_FORECAST_0.5,all_blocks,centered,376,0.0017889852169901133,0
C_FORECAST_0.5,all_blocks,centered,377,0.001782529056072235,0
C_FORECAST_0.5,all_blocks,centered,378,0.0017824377864599228,0
C_FORECAST_0.5,all_blocks,centered,379,0.0017749874386936426,0
C_FORECAST_0.5,all_blocks,centered,380,0.0017747977981343865,0
C_FORECAST_0.5,all_blocks,centered,381,0.0017626722110435367,0
C_FORECAST_0.5,all_blocks,centered,382,0.0017624107422307134,0
C_FORECAST_0.5,all_blocks,centered,383,0.0017558176768943667,0
C_FORECAST_0.5,all_blocks,centered,384,0.0017555116210132837,0
C_FORECAST_0.5,all_blocks,centered,385,0.0017505879513919353,0
C_FORECAST_0.5,all_blocks,centered,386,0.0017408113926649094,0
C_FORECAST_0.5,all_blocks,centered,387,0.0017365394160151482,0
C_FORECAST_0.5,all_blocks,centered,388,0.001733986777253449,0
C_FORECAST_0.5,all_blocks,centered,389,0.0017280227039009333,0
C_FORECAST_0.5,all_blocks,centered,390,0.0017225185874849558,0
C_FORECAST_0.5,all_blocks,centered,391,0.0017190849175676703,0
C_FORECAST_0.5,all_blocks,centered,392,0.0017090670298784971,0
C_FORECAST_0.5,all_blocks,centered,393,0.0017073083436116576,0
C_FORECAST_0.5,all_blocks,centered,394,0.0017023439286276698,0
C_FORECAST_0.5,all_blocks,centered,395,0.001696842722594738,0
C_FORECAST_0.5,all_blocks,centered,396,0.0016960441134870052,0
C_FORECAST_0.5,all_blocks,centered,397,0.0016822845209389925,0
C_FORECAST_0.5,all_blocks,centered,398,0.0016817678697407246,0
C_FORECAST_0.5,all_blocks,centered,399,0.0016777567798271775,0
C_FORECAST_0.5,all_blocks,centered,400,0.0016761424485594034,0
C_FORECAST_0.5,all_blocks,centered,401,0.0016691724304109812,0
C_FORECAST_0.5,all_blocks,centered,402,0.0016677373787388206,0
C_FORECAST_0.5,all_blocks,centered,403,0.0016657692613080144,0
C_FORECAST_0.5,all_blocks,centered,404,0.0016626365249976516,0
C_FORECAST_0.5,all_blocks,centered,405,0.0016551106236875057,0
C_FORECAST_0.5,all_blocks,centered,406,0.001650347956456244,0
C_FORECAST_0.5,all_blocks,centered,407,0.0016479516634717584,0
C_FORECAST_0.5,all_blocks,centered,408,0.0016392797697335482,0
C_FORECAST_0.5,all_blocks,centered,409,0.001638866146095097,0
C_FORECAST_0.5,all_blocks,centered,410,0.0016325671458616853,0
C_FORECAST_0.5,all_blocks,centered,411,0.0016289399936795235,0
C_FORECAST_0.5,all_blocks,centered,412,0.0016224781284108758,0
C_FORECAST_0.5,all_blocks,centered,413,0.0016203998820856214,0
C_FORECAST_0.5,all_blocks,centered,414,0.0016168707516044378,0
C_FORECAST_0.5,all_blocks,centered,415,0.0016152778407558799,0
C_FORECAST_0.5,all_blocks,centered,416,0.0016115265898406506,0
C_FORECAST_0.5,all_blocks,centered,417,0.001604725606739521,0
C_FORECAST_0.5,all_blocks,centered,418,0.0016043101204559207,0
C_FORECAST_0.5,all_blocks,centered,419,0.0015994313871487975,0
C_FORECAST_0.5,all_blocks,centered,420,0.001590840402059257,0
C_FORECAST_0.5,all_blocks,centered,421,0.0015897094272077084,0
C_FORECAST_0.5,all_blocks,centered,422,0.0015853119548410177,0
C_FORECAST_0.5,all_blocks,centered,423,0.00158421671949327,0
C_FORECAST_0.5,all_blocks,centered,424,0.0015744142001494765,0
C_FORECAST_0.5,all_blocks,centered,425,0.001568324281834066,0
C_FORECAST_0.5,all_blocks,centered,426,0.001565170125104487,0
C_FORECAST_0.5,all_blocks,centered,427,0.0015641041100025177,0
C_FORECAST_0.5,all_blocks,centered,428,0.0015586040681228042,0
C_FORECAST_0.5,all_blocks,centered,429,0.0015540511813014746,0
C_FORECAST_0.5,all_blocks,centered,430,0.0015525991329923272,0
C_FORECAST_0.5,all_blocks,centered,431,0.0015445270109921694,0
C_FORECAST_0.5,all_blocks,centered,432,0.0015409793704748154,0
C_FORECAST_0.5,all_blocks,centered,433,0.00153833394870162,0
C_FORECAST_0.5,all_blocks,centered,434,0.001531047746539116,0
C_FORECAST_0.5,all_blocks,centered,435,0.0015300108352676034,0
C_FORECAST_0.5,all_blocks,centered,436,0.0015286972047761083,0
C_FORECAST_0.5,all_blocks,centered,437,0.0015237207990139723,0
C_FORECAST_0.5,all_blocks,centered,438,0.0015162487979978323,0
C_FORECAST_0.5,all_blocks,centered,439,0.001514773815870285,0
C_FORECAST_0.5,all_blocks,centered,440,0.0015140642644837499,0
C_FORECAST_0.5,all_blocks,centered,441,0.001504298415966332,0
C_FORECAST_0.5,all_blocks,centered,442,0.0015006515895947814,0
C_FORECAST_0.5,all_blocks,centered,443,0.0015004032757133245,0
C_FORECAST_0.5,all_blocks,centered,444,0.0014943653950467706,0
C_FORECAST_0.5,all_blocks,centered,445,0.0014914021594449878,0
C_FORECAST_0.5,all_blocks,centered,446,0.0014839938376098871,0
C_FORECAST_0.5,all_blocks,centered,447,0.0014775859890505672,0
C_FORECAST_0.5,all_blocks,centered,448,0.0014717398444190621,0
C_FORECAST_0.5,all_blocks,centered,449,0.0014704286586493254,0
C_FORECAST_0.5,all_blocks,centered,450,0.001469310256652534,0
C_FORECAST_0.5,all_blocks,centered,451,0.0014645007904618979,0
C_FORECAST_0.5,all_blocks,centered,452,0.0014620061265304685,0
C_FORECAST_0.5,all_blocks,centered,453,0.001461942563764751,0
C_FORECAST_0.5,all_blocks,centered,454,0.001455906662158668,0
C_FORECAST_0.5,all_blocks,centered,455,0.0014504864811897278,0
C_FORECAST_0.5,all_blocks,centered,456,0.0014462664257735014,0
C_FORECAST_0.5,all_blocks,centered,457,0.0014449453447014093,0
C_FORECAST_0.5,all_blocks,centered,458,0.0014418218052014709,0
C_FORECAST_0.5,all_blocks,centered,459,0.001437211176380515,0
C_FORECAST_0.5,all_blocks,centered,460,0.0014328333782032132,0
C_FORECAST_0.5,all_blocks,centered,461,0.0014283949276432395,0
C_FORECAST_0.5,all_blocks,centered,462,0.0014280877076089382,0
C_FORECAST_0.5,all_blocks,centered,463,0.0014215147821232677,0
C_FORECAST_0.5,all_blocks,centered,464,0.001420721528120339,0
C_FORECAST_0.5,all_blocks,centered,465,0.0014183155726641417,0
C_FORECAST_0.5,all_blocks,centered,466,0.0014092058409005404,0
C_FORECAST_0.5,all_blocks,centered,467,0.001407710020430386,0
C_FORECAST_0.5,all_blocks,centered,468,0.001399365020915866,0
C_FORECAST_0.5,all_blocks,centered,469,0.001396780600771308,0
C_FORECAST_0.5,all_blocks,centered,470,0.0013945812825113535,0
C_FORECAST_0.5,all_blocks,centered,471,0.0013929312117397785,0
C_FORECAST_0.5,all_blocks,centered,472,0.001391763100400567,0
C_FORECAST_0.5,all_blocks,centered,473,0.001379787689074874,0
C_FORECAST_0.5,all_blocks,centered,474,0.0013780698645859957,0
C_FORECAST_0.5,all_blocks,centered,475,0.0013736423570662737,0
C_FORECAST_0.5,all_blocks,centered,476,0.0013713695807382464,0
C_FORECAST_0.5,all_blocks,centered,477,0.0013674984220415354,0
C_FORECAST_0.5,all_blocks,centered,478,0.0013656397350132465,0
C_FORECAST_0.5,all_blocks,centered,479,0.00136294134426862,0
C_FORECAST_0.5,all_blocks,centered,480,0.001359999761916697,0
C_FORECAST_0.5,all_blocks,centered,481,0.0013528736308217049,0
C_FORECAST_0.5,all_blocks,centered,482,0.0013501590583473444,0
C_FORECAST_0.5,all_blocks,centered,483,0.0013491339050233364,0
C_FORECAST_0.5,all_blocks,centered,484,0.0013471837155520916,0
C_FORECAST_0.5,all_blocks,centered,485,0.0013412351254373789,0
C_FORECAST_0.5,all_blocks,centered,486,0.0013380900491029024,0
C_FORECAST_0.5,all_blocks,centered,487,0.0013319721911102533,0
C_FORECAST_0.5,all_blocks,centered,488,0.0013311164220795035,0
C_FORECAST_0.5,all_blocks,centered,489,0.0013234986690804362,0
C_FORECAST_0.5,all_blocks,centered,490,0.0013233645586296916,0
C_FORECAST_0.5,all_blocks,centered,491,0.0013200725661590695,0
C_FORECAST_0.5,all_blocks,centered,492,0.0013135479530319571,0
C_FORECAST_0.5,all_blocks,centered,493,0.0013117759954184294,0
C_FORECAST_0.5,all_blocks,centered,494,0.0013101701624691486,0
C_FORECAST_0.5,all_blocks,centered,495,0.0013025532243773341,0
C_FORECAST_0.5,all_blocks,centered,496,0.0013010533293709159,0
C_FORECAST_0.5,all_blocks,centered,497,0.0013006340013816953,0
C_FORECAST_0.5,all_blocks,centered,498,0.001296254456974566,0
C_FORECAST_0.5,all_blocks,centered,499,0.0012892375234514475,0
C_FORECAST_0.5,all_blocks,centered,500,0.001289007836021483,0
C_FORECAST_0.5,all_blocks,centered,501,0.0012840479612350464,0
C_FORECAST_0.5,all_blocks,centered,502,0.0012824764708057046,0
C_FORECAST_0.5,all_blocks,centered,503,0.0012782815610989928,0
C_FORECAST_0.5,all_blocks,centered,504,0.0012718188809230924,0
C_FORECAST_0.5,all_blocks,centered,505,0.0012695443583652377,0
C_FORECAST_0.5,all_blocks,centered,506,0.0012651234865188599,0
C_FORECAST_0.5,all_blocks,centered,507,0.0012649312848225236,0
C_FORECAST_0.5,all_blocks,centered,508,0.0012622319627553225,0
C_FORECAST_0.5,all_blocks,centered,509,0.001260761870071292,0
C_FORECAST_0.5,all_blocks,centered,510,0.0012582441559061408,0
C_FORECAST_0.5,all_blocks,centered,511,0.0012521219905465841,0
C_FORECAST_0.5,all_blocks,centered,512,0.0012481256853789091,0
C_FORECAST_0.5,all_blocks,centered,513,0.0012452328810468316,0
C_FORECAST_0.5,all_blocks,centered,514,0.0012405249290168285,0
C_FORECAST_0.5,all_blocks,centered,515,0.0012359764659777284,0
C_FORECAST_0.5,all_blocks,centered,516,0.0012331984471529722,0
C_FORECAST_0.5,all_blocks,centered,517,0.0012313161278143525,0
C_FORECAST_0.5,all_blocks,centered,518,0.0012283128453418612,0
C_FORECAST_0.5,all_blocks,centered,519,0.001226927386596799,0
C_FORECAST_0.5,all_blocks,centered,520,0.0012253326131030917,0
C_FORECAST_0.5,all_blocks,centered,521,0.0012225452810525894,0
C_FORECAST_0.5,all_blocks,centered,522,0.0012215679744258523,0
C_FORECAST_0.5,all_blocks,centered,523,0.0012191225541755557,0
C_FORECAST_0.5,all_blocks,centered,524,0.001216077245771885,0
C_FORECAST_0.5,all_blocks,centered,525,0.0012125599896535277,0
C_FORECAST_0.5,all_blocks,centered,526,0.0012083468027412891,0
C_FORECAST_0.5,all_blocks,centered,527,0.0012079783482477069,0
C_FORECAST_0.5,all_blocks,centered,528,0.0012017985573038459,0
C_FORECAST_0.5,all_blocks,centered,529,0.0011981698917225003,0
C_FORECAST_0.5,all_blocks,centered,530,0.0011949429754167795,0
C_FORECAST_0.5,all_blocks,centered,531,0.0011918473755940795,0
C_FORECAST_0.5,all_blocks,centered,532,0.0011876999633386731,0
C_FORECAST_0.5,all_blocks,centered,533,0.001183370710350573,0
C_FORECAST_0.5,all_blocks,centered,534,0.001181154977530241,0
C_FORECAST_0.5,all_blocks,centered,535,0.0011799032799899578,0
C_FORECAST_0.5,all_blocks,centered,536,0.0011793471639975905,0
C_FORECAST_0.5,all_blocks,centered,537,0.0011729885591194034,0
C_FORECAST_0.5,all_blocks,centered,538,0.0011711085680872202,0
C_FORECAST_0.5,all_blocks,centered,539,0.001165006891824305,0
C_FORECAST_0.5,all_blocks,centered,540,0.0011649223743006587,0
C_FORECAST_0.5,all_blocks,centered,541,0.0011626705527305603,0
C_FORECAST_0.5,all_blocks,centered,542,0.0011620897566899657,0
C_FORECAST_0.5,all_blocks,centered,543,0.0011577144032344222,0
C_FORECAST_0.5,all_blocks,centered,544,0.00115512206684798,0
C_FORECAST_0.5,all_blocks,centered,545,0.001150899101048708,0
C_FORECAST_0.5,all_blocks,centered,546,0.0011499830288812518,0
C_FORECAST_0.5,all_blocks,centered,547,0.001144970185123384,0
C_FORECAST_0.5,all_blocks,centered,548,0.0011417836649343371,0
C_FORECAST_0.5,all_blocks,centered,549,0.0011385675752535462,0
C_FORECAST_0.5,all_blocks,centered,550,0.0011358108604326844,0
C_FORECAST_0.5,all_blocks,centered,551,0.0011327408719807863,0
C_FORECAST_0.5,all_blocks,centered,552,0.001132531906478107,0
C_FORECAST_0.5,all_blocks,centered,553,0.0011317707831040025,0
C_FORECAST_0.5,all_blocks,centered,554,0.0011288780951872468,0
C_FORECAST_0.5,all_blocks,centered,555,0.001124994596466422,0
C_FORECAST_0.5,all_blocks,centered,556,0.0011207986390218139,0
C_FORECAST_0.5,all_blocks,centered,557,0.0011151807848364115,0
C_FORECAST_0.5,all_blocks,centered,558,0.0011146317701786757,0
C_FORECAST_0.5,all_blocks,centered,559,0.001109914155676961,0
C_FORECAST_0.5,all_blocks,centered,560,0.0011093021603301167,0
C_FORECAST_0.5,all_blocks,centered,561,0.0011081807315349579,0
C_FORECAST_0.5,all_blocks,centered,562,0.0011078491806983948,0
C_FORECAST_0.5,all_blocks,centered,563,0.001103365677408874,0
C_FORECAST_0.5,all_blocks,centered,564,0.0011017406359314919,0
C_FORECAST_0.5,all_blocks,centered,565,0.0010944142704829574,0
C_FORECAST_0.5,all_blocks,centered,566,0.001093871658667922,0
C_FORECAST_0.5,all_blocks,centered,567,0.0010920462664216757,0
C_FORECAST_0.5,all_blocks,centered,568,0.0010901312343776226,0
C_FORECAST_0.5,all_blocks,centered,569,0.001084157731384039,0
C_FORECAST_0.5,all_blocks,centered,570,0.0010837763547897339,0
C_FORECAST_0.5,all_blocks,centered,571,0.0010799496667459607,0
C_FORECAST_0.5,all_blocks,centered,572,0.0010781754972413182,0
C_FORECAST_0.5,all_blocks,centered,573,0.001074854051694274,0
C_FORECAST_0.5,all_blocks,centered,574,0.0010746947955340147,0
C_FORECAST_0.5,all_blocks,centered,575,0.001071025151759386,0
C_FORECAST_0.5,all_blocks,centered,576,0.0010689474875107408,0
C_FORECAST_0.5,all_blocks,centered,577,0.001067616161890328,0
C_FORECAST_0.5,all_blocks,centered,578,0.0010629413882270455,0
C_FORECAST_0.5,all_blocks,centered,579,0.0010624082060530782,0
C_FORECAST_0.5,all_blocks,centered,580,0.0010597901418805122,0
C_FORECAST_0.5,all_blocks,centered,581,0.00105648476164788,0
C_FORECAST_0.5,all_blocks,centered,582,0.0010480510536581278,0
C_FORECAST_0.5,all_blocks,centered,583,0.0010467655956745148,0
C_FORECAST_0.5,all_blocks,centered,584,0.0010419674217700958,0
C_FORECAST_0.5,all_blocks,centered,585,0.0010404962813481688,0
C_FORECAST_0.5,all_blocks,centered,586,0.0010392641415819526,0
C_FORECAST_0.5,all_blocks,centered,587,0.001038041664287448,0
C_FORECAST_0.5,all_blocks,centered,588,0.0010334019316360354,0
C_FORECAST_0.5,all_blocks,centered,589,0.0010324461618438363,0
C_FORECAST_0.5,all_blocks,centered,590,0.0010293341474607587,0
C_FORECAST_0.5,all_blocks,centered,591,0.0010252839419990778,0
C_FORECAST_0.5,all_blocks,centered,592,0.0010244676377624273,0
C_FORECAST_0.5,all_blocks,centered,593,0.0010217417730018497,0
C_FORECAST_0.5,all_blocks,centered,594,0.001018255832605064,0
C_FORECAST_0.5,all_blocks,centered,595,0.0010158882942050695,0
C_FORECAST_0.5,all_blocks,centered,596,0.0010129316942766309,0
C_FORECAST_0.5,all_blocks,centered,597,0.0010115967597812414,0
C_FORECAST_0.5,all_blocks,centered,598,0.0010076386388391256,0
C_FORECAST_0.5,all_blocks,centered,599,0.0010061651701107621,0
C_FORECAST_0.5,all_blocks,centered,600,0.001000602263957262,0
C_FORECAST_0.5,all_blocks,centered,601,0.000997478375211358,0
C_FORECAST_0.5,all_blocks,centered,602,0.0009953227126970887,0
C_FORECAST_0.5,all_blocks,centered,603,0.0009929313091561198,0
C_FORECAST_0.5,all_blocks,centered,604,0.0009914310649037361,0
C_FORECAST_0.5,all_blocks,centered,605,0.000991079956293106,0
C_FORECAST_0.5,all_blocks,centered,606,0.0009834563825279474,0
C_FORECAST_0.5,all_blocks,centered,607,0.0009830280905589461,0
C_FORECAST_0.5,all_blocks,centered,608,0.0009824377484619617,0
C_FORECAST_0.5,all_blocks,centered,609,0.0009798243409022689,0
C_FORECAST_0.5,all_blocks,centered,610,0.00097761326469481,0
C_FORECAST_0.5,all_blocks,centered,611,0.0009755246574059129,0
C_FORECAST_0.5,all_blocks,centered,612,0.0009743725531734526,0
C_FORECAST_0.5,all_blocks,centered,613,0.0009723593248054385,0
C_FORECAST_0.5,all_blocks,centered,614,0.0009706085547804832,0
C_FORECAST_0.5,all_blocks,centered,615,0.000967846077401191,0
C_FORECAST_0.5,all_blocks,centered,616,0.0009623329970054328,0
C_FORECAST_0.5,all_blocks,centered,617,0.000960631703492254,0
C_FORECAST_0.5,all_blocks,centered,618,0.0009588449029251933,0
C_FORECAST_0.5,all_blocks,centered,619,0.0009579038596712053,0
C_FORECAST_0.5,all_blocks,centered,620,0.0009533739648759365,0
C_FORECAST_0.5,all_blocks,centered,621,0.0009525981149636209,0
C_FORECAST_0.5,all_blocks,centered,622,0.000952037691604346,0
C_FORECAST_0.5,all_blocks,centered,623,0.0009506522910669446,0
C_FORECAST_0.5,all_blocks,centered,624,0.0009466300834901631,0
C_FORECAST_0.5,all_blocks,centered,625,0.0009466085466556251,0
C_FORECAST_0.5,all_blocks,centered,626,0.0009450869983993471,0
C_FORECAST_0.5,all_blocks,centered,627,0.0009397048852406442,0
C_FORECAST_0.5,all_blocks,centered,628,0.000938474026042968,0
C_FORECAST_0.5,all_blocks,centered,629,0.000934573239646852,0
C_FORECAST_0.5,all_blocks,centered,630,0.0009335820213891566,0
C_FORECAST_0.5,all_blocks,centered,631,0.000932058144826442,0
C_FORECAST_0.5,all_blocks,centered,632,0.0009301452664658427,0
C_FORECAST_0.5,all_blocks,centered,633,0.0009249482536688447,0
C_FORECAST_0.5,all_blocks,centered,634,0.0009244184475392103,0
C_FORECAST_0.5,all_blocks,centered,635,0.0009229001007042825,0
C_FORECAST_0.5,all_blocks,centered,636,0.0009225724497810006,0
C_FORECAST_0.5,all_blocks,centered,637,0.0009197340114042163,0
C_FORECAST_0.5,all_blocks,centered,638,0.0009112192783504725,0
C_FORECAST_0.5,all_blocks,centered,639,0.0009090150706470013,0
C_FORECAST_0.5,all_blocks,centered,640,0.000908993068151176,0
C_FORECAST_0.5,all_blocks,centered,641,0.0009077542345039546,0
C_FORECAST_0.5,all_blocks,centered,642,0.0009064028272405267,0
C_FORECAST_0.5,all_blocks,centered,643,0.0009035193943418562,0
C_FORECAST_0.5,all_blocks,centered,644,0.0009005542960949242,0
C_FORECAST_0.5,all_blocks,centered,645,0.0008996982360258698,0
C_FORECAST_0.5,all_blocks,centered,646,0.0008946156012825668,0
C_FORECAST_0.5,all_blocks,centered,647,0.0008937576785683632,0
C_FORECAST_0.5,all_blocks,centered,648,0.0008929641335271299,0
C_FORECAST_0.5,all_blocks,centered,649,0.0008872522157616913,0
C_FORECAST_0.5,all_blocks,centered,650,0.0008860479574650526,0
C_FORECAST_0.5,all_blocks,centered,651,0.0008859517984092236,0
C_FORECAST_0.5,all_blocks,centered,652,0.000884602835867554,0
C_FORECAST_0.5,all_blocks,centered,653,0.0008811013540253043,0
C_FORECAST_0.5,all_blocks,centered,654,0.0008808161364868283,0
C_FORECAST_0.5,all_blocks,centered,655,0.0008793167653493583,0
C_FORECAST_0.5,all_blocks,centered,656,0.0008772549335844815,0
C_FORECAST_0.5,all_blocks,centered,657,0.0008747651008889079,0
C_FORECAST_0.5,all_blocks,centered,658,0.0008719872566871345,0
C_FORECAST_0.5,all_blocks,centered,659,0.0008697881712578237,0
C_FORECAST_0.5,all_blocks,centered,660,0.0008674021228216588,0
C_FORECAST_0.5,all_blocks,centered,661,0.0008619712316431105,0
C_FORECAST_0.5,all_blocks,centered,662,0.0008615932310931385,0
C_FORECAST_0.5,all_blocks,centered,663,0.000860560336150229,0
C_FORECAST_0.5,all_blocks,centered,664,0.0008564901654608548,0
C_FORECAST_0.5,all_blocks,centered,665,0.0008561330032534897,0
C_FORECAST_0.5,all_blocks,centered,666,0.0008550517959520221,0
C_FORECAST_0.5,all_blocks,centered,667,0.0008539409027434886,0
C_FORECAST_0.5,all_blocks,centered,668,0.0008492435445077717,0
C_FORECAST_0.5,all_blocks,centered,669,0.0008490336476825178,0
C_FORECAST_0.5,all_blocks,centered,670,0.000846554059535265,0
C_FORECAST_0.5,all_blocks,centered,671,0.0008433840703219175,0
C_FORECAST_0.5,all_blocks,centered,672,0.0008408998837694526,0
C_FORECAST_0.5,all_blocks,centered,673,0.0008393538882955909,0
C_FORECAST_0.5,all_blocks,centered,674,0.0008391317678615451,0
C_FORECAST_0.5,all_blocks,centered,675,0.000831451965495944,0
C_FORECAST_0.5,all_blocks,centered,676,0.000830629316624254,0
C_FORECAST_0.5,all_blocks,centered,677,0.0008276039734482765,0
C_FORECAST_0.5,all_blocks,centered,678,0.0008275628206320107,0
C_FORECAST_0.5,all_blocks,centered,679,0.0008265627548098564,0
C_FORECAST_0.5,all_blocks,centered,680,0.000823583803139627,0
C_FORECAST_0.5,all_blocks,centered,681,0.0008221513126045465,0
C_FORECAST_0.5,all_blocks,centered,682,0.0008219474693760276,0
C_FORECAST_0.5,all_blocks,centered,683,0.0008183919708244503,0
C_FORECAST_0.5,all_blocks,centered,684,0.0008156621479429305,0
C_FORECAST_0.5,all_blocks,centered,685,0.0008122455328702927,0
C_FORECAST_0.5,all_blocks,centered,686,0.0008113952935673296,0
C_FORECAST_0.5,all_blocks,centered,687,0.0008109872578643262,0
C_FORECAST_0.5,all_blocks,centered,688,0.0008102438296191394,0
C_FORECAST_0.5,all_blocks,centered,689,0.0008090024930424988,0
C_FORECAST_0.5,all_blocks,centered,690,0.000804482027888298,0
C_FORECAST_0.5,all_blocks,centered,691,0.0008036986109800637,0
C_FORECAST_0.5,all_blocks,centered,692,0.0008009595912881196,0
C_FORECAST_0.5,all_blocks,centered,693,0.0007987440912984312,0
C_FORECAST_0.5,all_blocks,centered,694,0.0007977343630045652,0
C_FORECAST_0.5,all_blocks,centered,695,0.0007941539515741169,0
C_FORECAST_0.5,all_blocks,centered,696,0.0007935324101708829,0
C_FORECAST_0.5,all_blocks,centered,697,0.0007923863595351577,0
C_FORECAST_0.5,all_blocks,centered,698,0.0007918355986475945,0
C_FORECAST_0.5,all_blocks,centered,699,0.000790078192949295,0
C_FORECAST_0.5,all_blocks,centered,700,0.0007865298539400101,0
C_FORECAST_0.5,all_blocks,centered,701,0.000785063486546278,0
C_FORECAST_0.5,all_blocks,centered,702,0.0007842399645596743,0
C_FORECAST_0.5,all_blocks,centered,703,0.000781360431574285,0
C_FORECAST_0.5,all_blocks,centered,704,0.0007773349061608315,0
C_FORECAST_0.5,all_blocks,centered,705,0.0007772452081553638,0
C_FORECAST_0.5,all_blocks,centered,706,0.0007693960797041655,0
C_FORECAST_0.5,all_blocks,centered,707,0.0007692697108723223,0
C_FORECAST_0.5,all_blocks,centered,708,0.000768538098782301,0
C_FORECAST_0.5,all_blocks,centered,709,0.0007682405412197113,0
C_FORECAST_0.5,all_blocks,centered,710,0.0007680733106099069,0
C_FORECAST_0.5,all_blocks,centered,711,0.0007675965316593647,0
C_FORECAST_0.5,all_blocks,centered,712,0.0007652794010937214,0
C_FORECAST_0.5,all_blocks,centered,713,0.0007597457151859999,0
C_FORECAST_0.5,all_blocks,centered,714,0.0007591252797283232,0
C_FORECAST_0.5,all_blocks,centered,715,0.0007563960971310735,0
C_FORECAST_0.5,all_blocks,centered,716,0.0007549473666585982,0
C_FORECAST_0.5,all_blocks,centered,717,0.0007539895595982671,0
C_FORECAST_0.5,all_blocks,centered,718,0.000753327738493681,0
C_FORECAST_0.5,all_blocks,centered,719,0.000752242049202323,0
C_FORECAST_0.5,all_blocks,centered,720,0.000750732549931854,0
C_FORECAST_0.5,all_blocks,centered,721,0.0007426322554238141,0
C_FORECAST_0.5,all_blocks,centered,722,0.000742417701985687,0
C_FORECAST_0.5,all_blocks,centered,723,0.0007416190346702933,0
C_FORECAST_0.5,all_blocks,centered,724,0.0007390655227936804,0
C_FORECAST_0.5,all_blocks,centered,725,0.0007383893243968487,0
C_FORECAST_0.5,all_blocks,centered,726,0.0007380041060969234,0
C_FORECAST_0.5,all_blocks,centered,727,0.0007365348283201456,0
C_FORECAST_0.5,all_blocks,centered,728,0.0007334959809668362,0
C_FORECAST_0.5,all_blocks,centered,729,0.0007313514361158013,0
C_FORECAST_0.5,all_blocks,centered,730,0.0007293435628525913,0
C_FORECAST_0.5,all_blocks,centered,731,0.0007278855191543698,0
C_FORECAST_0.5,all_blocks,centered,732,0.0007250767084769905,0
C_FORECAST_0.5,all_blocks,centered,733,0.0007233716896735132,0
C_FORECAST_0.5,all_blocks,centered,734,0.0007222935673780739,0
C_FORECAST_0.5,all_blocks,centered,735,0.0007205546135082841,0
C_FORECAST_0.5,all_blocks,centered,736,0.000719545700121671,0
C_FORECAST_0.5,all_blocks,centered,737,0.0007172978948801756,0
C_FORECAST_0.5,all_blocks,centered,738,0.0007148522417992353,0
C_FORECAST_0.5,all_blocks,centered,739,0.0007134616025723517,0
C_FORECAST_0.5,all_blocks,centered,740,0.0007100487709976733,0
C_FORECAST_0.5,all_blocks,centered,741,0.0007095375331118703,0
C_FORECAST_0.5,all_blocks,centered,742,0.0007092163432389498,0
C_FORECAST_0.5,all_blocks,centered,743,0.0007078664493747056,0
C_FORECAST_0.5,all_blocks,centered,744,0.0007066435646265745,0
C_FORECAST_0.5,all_blocks,centered,745,0.0007046149694360793,0
C_FORECAST_0.5,all_blocks,centered,746,0.0007030009874142706,0
C_FORECAST_0.5,all_blocks,centered,747,0.0006998689495958388,0
C_FORECAST_0.5,all_blocks,centered,748,0.000699623313266784,0
C_FORECAST_0.5,all_blocks,centered,749,0.0006989981047809124,0
C_FORECAST_0.5,all_blocks,centered,750,0.0006966465734876692,0
C_FORECAST_0.5,all_blocks,centered,751,0.0006945548229850829,0
C_FORECAST_0.5,all_blocks,centered,752,0.0006938996375538409,0
C_FORECAST_0.5,all_blocks,centered,753,0.0006900315638631582,0
C_FORECAST_0.5,all_blocks,centered,754,0.0006890016375109553,0
C_FORECAST_0.5,all_blocks,centered,755,0.0006885890034027398,0
C_FORECAST_0.5,all_blocks,centered,756,0.0006868125637993217,0
C_FORECAST_0.5,all_blocks,centered,757,0.0006813781801611185,0
C_FORECAST_0.5,all_blocks,centered,758,0.0006808742764405906,0
C_FORECAST_0.5,all_blocks,centered,759,0.0006775575457140803,0
C_FORECAST_0.5,all_blocks,centered,760,0.0006770920008420944,0
C_FORECAST_0.5,all_blocks,centered,761,0.0006758264498785138,0
C_FORECAST_0.5,all_blocks,centered,762,0.000670971698127687,0
C_FORECAST_0.5,all_blocks,centered,763,0.0006699227378703654,0
C_FORECAST_0.5,all_blocks,centered,764,0.0006695978809148073,0
C_FORECAST_0.5,all_blocks,centered,765,0.0006672044401057065,0
C_FORECAST_0.5,all_blocks,centered,766,0.0006640130886808038,0
C_FORECAST_0.5,all_blocks,centered,767,0.00066389050334692,0
C_FORECAST_0.5,all_blocks,centered,768,0.0006630861316807568,0
C_FORECAST_0.5,all_blocks,centered,769,0.0006628870032727718,0
C_FORECAST_0.5,all_blocks,centered,770,0.0006584234652109444,0
C_FORECAST_0.5,all_blocks,centered,771,0.0006577029125764966,0
C_FORECAST_0.5,all_blocks,centered,772,0.0006560094770975411,0
C_FORECAST_0.5,all_blocks,centered,773,0.0006556906155310571,0
C_FORECAST_0.5,all_blocks,centered,774,0.000654403178486973,0
C_FORECAST_0.5,all_blocks,centered,775,0.0006543195340782404,0
C_FORECAST_0.5,all_blocks,centered,776,0.0006501101306639612,0
C_FORECAST_0.5,all_blocks,centered,777,0.0006500700255855918,0
C_FORECAST_0.5,all_blocks,centered,778,0.0006485538324341178,0
C_FORECAST_0.5,all_blocks,centered,779,0.0006454754620790482,0
C_FORECAST_0.5,all_blocks,centered,780,0.0006449624197557569,0
C_FORECAST_0.5,all_blocks,centered,781,0.0006439498392865062,0
C_FORECAST_0.5,all_blocks,centered,782,0.0006435995455831289,0
C_FORECAST_0.5,all_blocks,centered,783,0.0006415464449673891,0
C_FORECAST_0.5,all_blocks,centered,784,0.0006384205189533532,0
C_FORECAST_0.5,all_blocks,centered,785,0.000635686214081943,0
C_FORECAST_0.5,all_blocks,centered,786,0.00063478690572083,0
C_FORECAST_0.5,all_blocks,centered,787,0.0006345483707264066,0
C_FORECAST_0.5,all_blocks,centered,788,0.0006336934748105705,0
C_FORECAST_0.5,all_blocks,centered,789,0.0006328184390440583,0
C_FORECAST_0.5,all_blocks,centered,790,0.000631986535154283,0
C_FORECAST_0.5,all_blocks,centered,791,0.0006299938540905714,0
C_FORECAST_0.5,all_blocks,centered,792,0.0006245147087611258,0
C_FORECAST_0.5,all_blocks,centered,793,0.000623418833129108,0
C_FORECAST_0.5,all_blocks,centered,794,0.0006224456010386348,0
C_FORECAST_0.5,all_blocks,centered,795,0.0006208935519680381,0
C_FORECAST_0.5,all_blocks,centered,796,0.0006187584367580712,0
C_FORECAST_0.5,all_blocks,centered,797,0.0006180026684887707,0
C_FORECAST_0.5,all_blocks,centered,798,0.0006162049248814583,0
C_FORECAST_0.5,all_blocks,centered,799,0.000615999917499721,0
C_FORECAST_0.5,all_blocks,centered,800,0.0006154536386020482,0
C_FORECAST_0.5,all_blocks,centered,801,0.0006119657191447914,0
C_FORECAST_0.5,all_blocks,centered,802,0.0006106935907155275,0
C_FORECAST_0.5,all_blocks,centered,803,0.0006080984021537006,0
C_FORECAST_0.5,all_blocks,centered,804,0.0006068609072826803,0
C_FORECAST_0.5,all_blocks,centered,805,0.0006042589666321874,0
C_FORECAST_0.5,all_blocks,centered,806,0.0006040240987204015,0
C_FORECAST_0.5,all_blocks,centered,807,0.000603759428486228,0
C_FORECAST_0.5,all_blocks,centered,808,0.000598864397034049,0
C_FORECAST_0.5,all_blocks,centered,809,0.0005986887845210731,0
C_FORECAST_0.5,all_blocks,centered,810,0.0005984168965369463,0
C_FORECAST_0.5,all_blocks,centered,811,0.0005952991778030992,0
C_FORECAST_0.5,all_blocks,centered,812,0.0005941203562542796,0
C_FORECAST_0.5,all_blocks,centered,813,0.0005921524716541171,0
C_FORECAST_0.5,all_blocks,centered,814,0.0005896218353882432,0
C_FORECAST_0.5,all_blocks,centered,815,0.0005886239814572036,0
C_FORECAST_0.5,all_blocks,centered,816,0.0005881722318008542,0
C_FORECAST_0.5,all_blocks,centered,817,0.0005866031278856099,0
C_FORECAST_0.5,all_blocks,centered,818,0.0005862277466803789,0
C_FORECAST_0.5,all_blocks,centered,819,0.0005835544434376061,0
C_FORECAST_0.5,all_blocks,centered,820,0.0005824705003760755,0
C_FORECAST_0.5,all_blocks,centered,821,0.0005802246741950512,0
C_FORECAST_0.5,all_blocks,centered,822,0.0005797323537990451,0
C_FORECAST_0.5,all_blocks,centered,823,0.0005784659879282117,0
C_FORECAST_0.5,all_blocks,centered,824,0.0005763424560427666,0
C_FORECAST_0.5,all_blocks,centered,825,0.0005758850602433085,0
C_FORECAST_0.5,all_blocks,centered,826,0.0005758059560321271,0
C_FORECAST_0.5,all_blocks,centered,827,0.0005706240772269666,0
C_FORECAST_0.5,all_blocks,centered,828,0.0005702704074792564,0
C_FORECAST_0.5,all_blocks,centered,829,0.0005686960066668689,0
C_FORECAST_0.5,all_blocks,centered,830,0.0005677574081346393,0
C_FORECAST_0.5,all_blocks,centered,831,0.0005658871377818286,0
C_FORECAST_0.5,all_blocks,centered,832,0.0005641288007609546,0
C_FORECAST_0.5,all_blocks,centered,833,0.0005632488173432648,0
C_FORECAST_0.5,all_blocks,centered,834,0.0005622241296805441,0
C_FORECAST_0.5,all_blocks,centered,835,0.0005590520449914038,0
C_FORECAST_0.5,all_blocks,centered,836,0.0005590516957454383,0
C_FORECAST_0.5,all_blocks,centered,837,0.0005572600057348609,0
C_FORECAST_0.5,all_blocks,centered,838,0.0005558134871535003,0
C_FORECAST_0.5,all_blocks,centered,839,0.000555401376914233,0
C_FORECAST_0.5,all_blocks,centered,840,0.0005530681228265166,0
C_FORECAST_0.5,all_blocks,centered,841,0.0005529989139176905,0
C_FORECAST_0.5,all_blocks,centered,842,0.0005521397106349468,0
C_FORECAST_0.5,all_blocks,centered,843,0.0005499182734638453,0
C_FORECAST_0.5,all_blocks,centered,844,0.0005498623941093683,0
C_FORECAST_0.5,all_blocks,centered,845,0.0005469887400977314,0
C_FORECAST_0.5,all_blocks,centered,846,0.0005459754029288888,0
C_FORECAST_0.5,all_blocks,centered,847,0.0005446538561955094,0
C_FORECAST_0.5,all_blocks,centered,848,0.0005417659995146096,0
C_FORECAST_0.5,all_blocks,centered,849,0.0005414484767243266,0
C_FORECAST_0.5,all_blocks,centered,850,0.000538631051313132,0
C_FORECAST_0.5,all_blocks,centered,851,0.0005382186500355601,0
C_FORECAST_0.5,all_blocks,centered,852,0.0005369563587009907,0
C_FORECAST_0.5,all_blocks,centered,853,0.0005365152028389275,0
C_FORECAST_0.5,all_blocks,centered,854,0.0005334275774657726,0
C_FORECAST_0.5,all_blocks,centered,855,0.0005329459672793746,0
C_FORECAST_0.5,all_blocks,centered,856,0.0005321550997905433,0
C_FORECAST_0.5,all_blocks,centered,857,0.0005317803588695824,0
C_FORECAST_0.5,all_blocks,centered,858,0.0005268200184218585,0
C_FORECAST_0.5,all_blocks,centered,859,0.0005264098872430623,0
C_FORECAST_0.5,all_blocks,centered,860,0.0005259190802462399,0
C_FORECAST_0.5,all_blocks,centered,861,0.000523563358001411,0
C_FORECAST_0.5,all_blocks,centered,862,0.0005229030502960086,0
C_FORECAST_0.5,all_blocks,centered,863,0.0005220145103521645,0
C_FORECAST_0.5,all_blocks,centered,864,0.0005198228755034506,0
C_FORECAST_0.5,all_blocks,centered,865,0.0005182384047657251,0
C_FORECAST_0.5,all_blocks,centered,866,0.0005177821149118245,0
C_FORECAST_0.5,all_blocks,centered,867,0.0005167177296243608,0
C_FORECAST_0.5,all_blocks,centered,868,0.0005132606602273881,0
C_FORECAST_0.5,all_blocks,centered,869,0.0005120995338074863,0
C_FORECAST_0.5,all_blocks,centered,870,0.0005110499332658947,0
C_FORECAST_0.5,all_blocks,centered,871,0.0005103913135826588,0
C_FORECAST_0.5,all_blocks,centered,872,0.0005085972370579839,0
C_FORECAST_0.5,all_blocks,centered,873,0.0005053848726674914,0
C_FORECAST_0.5,all_blocks,centered,874,0.0005052414489910007,0
C_FORECAST_0.5,all_blocks,centered,875,0.0005047825397923589,0
C_FORECAST_0.5,all_blocks,centered,876,0.0005045930156484246,0
C_FORECAST_0.5,all_blocks,centered,877,0.0005039536044932902,0
C_FORECAST_0.5,all_blocks,centered,878,0.0005035036010667682,0
C_FORECAST_0.5,all_blocks,centered,879,0.0005000741803087294,0
C_FORECAST_0.5,all_blocks,centered,880,0.0004970189183950424,0
C_FORECAST_0.5,all_blocks,centered,881,0.000495005224365741,0
C_FORECAST_0.5,all_blocks,centered,882,0.0004948290879838169,0
C_FORECAST_0.5,all_blocks,centered,883,0.0004935348406434059,0
C_FORECAST_0.5,all_blocks,centered,884,0.0004924402455799282,0
C_FORECAST_0.5,all_blocks,centered,885,0.0004913417506031692,0
C_FORECAST_0.5,all_blocks,centered,886,0.0004892381839454174,0
C_FORECAST_0.5,all_blocks,centered,887,0.0004885438829660416,0
C_FORECAST_0.5,all_blocks,centered,888,0.00048498716205358505,0
C_FORECAST_0.5,all_blocks,centered,889,0.000484938092995435,0
C_FORECAST_0.5,all_blocks,centered,890,0.00048445622087456286,0
C_FORECAST_0.5,all_blocks,centered,891,0.0004833030980080366,0
C_FORECAST_0.5,all_blocks,centered,892,0.00048190634697675705,0
C_FORECAST_0.5,all_blocks,centered,893,0.00047928301501087844,0
C_FORECAST_0.5,all_blocks,centered,894,0.00047907981206662953,0
C_FORECAST_0.5,all_blocks,centered,895,0.0004774089902639389,0
C_FORECAST_0.5,all_blocks,centered,896,0.00047687574988231063,0
C_FORECAST_0.5,all_blocks,centered,897,0.00047396382433362305,0
C_FORECAST_0.5,all_blocks,centered,898,0.0004739630385302007,0
C_FORECAST_0.5,all_blocks,centered,899,0.0004721512959804386,0
C_FORECAST_0.5,all_blocks,centered,900,0.0004720870347227901,0
C_FORECAST_0.5,all_blocks,centered,901,0.0004717232659459114,0
C_FORECAST_0.5,all_blocks,centered,902,0.00047055198228918016,0
C_FORECAST_0.5,all_blocks,centered,903,0.00046862251474522054,0
C_FORECAST_0.5,all_blocks,centered,904,0.000467557372758165,0
C_FORECAST_0.5,all_blocks,centered,905,0.00046686336281709373,0
C_FORECAST_0.5,all_blocks,centered,906,0.0004649352631531656,0
C_FORECAST_0.5,all_blocks,centered,907,0.0004648067115340382,0
C_FORECAST_0.5,all_blocks,centered,908,0.0004630139737855643,0
C_FORECAST_0.5,all_blocks,centered,909,0.0004619192040991038,0
C_FORECAST_0.5,all_blocks,centered,910,0.00045965416938997805,0
C_FORECAST_0.5,all_blocks,centered,911,0.0004594654601532966,0
C_FORECAST_0.5,all_blocks,centered,912,0.0004588149022310972,0
C_FORECAST_0.5,all_blocks,centered,913,0.00045877843513153493,0
C_FORECAST_0.5,all_blocks,centered,914,0.00045831711031496525,0
C_FORECAST_0.5,all_blocks,centered,915,0.00045798340579494834,0
C_FORECAST_0.5,all_blocks,centered,916,0.0004530687292572111,0
C_FORECAST_0.5,all_blocks,centered,917,0.00045224485802464187,0
C_FORECAST_0.5,all_blocks,centered,918,0.00045202128239907324,0
C_FORECAST_0.5,all_blocks,centered,919,0.0004488079284783453,0
C_FORECAST_0.5,all_blocks,centered,920,0.0004478961054701358,0
C_FORECAST_0.5,all_blocks,centered,921,0.00044748972868546844,0
C_FORECAST_0.5,all_blocks,centered,922,0.0004472227010410279,0
C_FORECAST_0.5,all_blocks,centered,923,0.0004463431832846254,0
C_FORECAST_0.5,all_blocks,centered,924,0.0004455148591659963,0
C_FORECAST_0.5,all_blocks,centered,925,0.0004417921300046146,0
C_FORECAST_0.5,all_blocks,centered,926,0.0004409089160617441,0
C_FORECAST_0.5,all_blocks,centered,927,0.00044031054130755365,0
C_FORECAST_0.5,all_blocks,centered,928,0.00044012503349222243,0
C_FORECAST_0.5,all_blocks,centered,929,0.0004381761245895177,0
C_FORECAST_0.5,all_blocks,centered,930,0.0004362286999821663,0
C_FORECAST_0.5,all_blocks,centered,931,0.00043348761391825974,0
C_FORECAST_0.5,all_blocks,centered,932,0.0004332869139034301,0
C_FORECAST_0.5,all_blocks,centered,933,0.00043270434252917767,0
C_FORECAST_0.5,all_blocks,centered,934,0.0004314655379857868,0
C_FORECAST_0.5,all_blocks,centered,935,0.00042996040428988636,0
C_FORECAST_0.5,all_blocks,centered,936,0.0004297693958505988,0
C_FORECAST_0.5,all_blocks,centered,937,0.0004285115282982588,0
C_FORECAST_0.5,all_blocks,centered,938,0.0004271295038051903,0
C_FORECAST_0.5,all_blocks,centered,939,0.00042591517558321357,0
C_FORECAST_0.5,all_blocks,centered,940,0.00042453533387742937,0
C_FORECAST_0.5,all_blocks,centered,941,0.0004220166301820427,0
C_FORECAST_0.5,all_blocks,centered,942,0.00042105972534045577,0
C_FORECAST_0.5,all_blocks,centered,943,0.0004202158306725323,0
C_FORECAST_0.5,all_blocks,centered,944,0.0004194012435618788,0
C_FORECAST_0.5,all_blocks,centered,945,0.0004166334692854434,0
C_FORECAST_0.5,all_blocks,centered,946,0.0004158735100645572,0
C_FORECAST_0.5,all_blocks,centered,947,0.00041555296047590673,0
C_FORECAST_0.5,all_blocks,centered,948,0.00041526922723278403,0
C_FORECAST_0.5,all_blocks,centered,949,0.00041282939491793513,0
C_FORECAST_0.5,all_blocks,centered,950,0.0004118621873203665,0
C_FORECAST_0.5,all_blocks,centered,951,0.0004104698309674859,0
C_FORECAST_0.5,all_blocks,centered,952,0.0004103781539015472,0
C_FORECAST_0.5,all_blocks,centered,953,0.00041029209387488663,0
C_FORECAST_0.5,all_blocks,centered,954,0.0004079614591319114,0
C_FORECAST_0.5,all_blocks,centered,955,0.00040691974572837353,0
C_FORECAST_0.5,all_blocks,centered,956,0.0004068026610184461,0
C_FORECAST_0.5,all_blocks,centered,957,0.0004059813218191266,0
C_FORECAST_0.5,all_blocks,centered,958,0.000402781181037426,0
C_FORECAST_0.5,all_blocks,centered,959,0.0004025444795843214,0
C_FORECAST_0.5,all_blocks,centered,960,0.00040158865158446133,0
C_FORECAST_0.5,all_blocks,centered,961,0.0003999249020125717,0
C_FORECAST_0.5,all_blocks,centered,962,0.0003996784216724336,0
C_FORECAST_0.5,all_blocks,centered,963,0.00039944713353179395,0
C_FORECAST_0.5,all_blocks,centered,964,0.00039862393168732524,0
C_FORECAST_0.5,all_blocks,centered,965,0.0003950881655327976,0
C_FORECAST_0.5,all_blocks,centered,966,0.00039371385355480015,0
C_FORECAST_0.5,all_blocks,centered,967,0.0003922449250239879,0
C_FORECAST_0.5,all_blocks,centered,968,0.0003909917431883514,0
C_FORECAST_0.5,all_blocks,centered,969,0.0003896573616657406,0
C_FORECAST_0.5,all_blocks,centered,970,0.00038922709063626826,0
C_FORECAST_0.5,all_blocks,centered,971,0.00038915383629500866,0
C_FORECAST_0.5,all_blocks,centered,972,0.0003883743775077164,0
C_FORECAST_0.5,all_blocks,centered,973,0.00038725679041817784,0
C_FORECAST_0.5,all_blocks,centered,974,0.0003853015077766031,0
C_FORECAST_0.5,all_blocks,centered,975,0.00038432219298556447,0
C_FORECAST_0.5,all_blocks,centered,976,0.00038428790867328644,0
C_FORECAST_0.5,all_blocks,centered,977,0.00038301615859381855,0
C_FORECAST_0.5,all_blocks,centered,978,0.0003805856977123767,0
C_FORECAST_0.5,all_blocks,centered,979,0.00037952567799948156,0
C_FORECAST_0.5,all_blocks,centered,980,0.0003786994202528149,0
C_FORECAST_0.5,all_blocks,centered,981,0.0003770843904931098,0
C_FORECAST_0.5,all_blocks,centered,982,0.0003766064764931798,0
C_FORECAST_0.5,all_blocks,centered,983,0.00037603481905534863,0
C_FORECAST_0.5,all_blocks,centered,984,0.00037569866981357336,0
C_FORECAST_0.5,all_blocks,centered,985,0.00037458696169778705,0
C_FORECAST_0.5,all_blocks,centered,986,0.0003726574359461665,0
C_FORECAST_0.5,all_blocks,centered,987,0.0003724191337823868,0
C_FORECAST_0.5,all_blocks,centered,988,0.0003724060661625117,0
C_FORECAST_0.5,all_blocks,centered,989,0.00037005258491262794,0
C_FORECAST_0.5,all_blocks,centered,990,0.0003696905041579157,0
C_FORECAST_0.5,all_blocks,centered,991,0.00036690288106910884,0
C_FORECAST_0.5,all_blocks,centered,992,0.00036581887979991734,0
C_FORECAST_0.5,all_blocks,centered,993,0.0003638564667198807,0
C_FORECAST_0.5,all_blocks,centered,994,0.00036352832103148103,0
C_FORECAST_0.5,all_blocks,centered,995,0.0003628950798884034,0
C_FORECAST_0.5,all_blocks,centered,996,0.0003621878568083048,0
C_FORECAST_0.5,all_blocks,centered,997,0.00035937645589001477,0
C_FORECAST_0.5,all_blocks,centered,998,0.0003585426602512598,0
C_FORECAST_0.5,all_blocks,centered,999,0.0003577770839910954,0
C_FORECAST_0.5,all_blocks,centered,1000,0.0003570483240764588,0
C_FORECAST_0.5,all_blocks,centered,1001,0.00035682771704159677,0
C_FORECAST_0.5,all_blocks,centered,1002,0.0003559340548235923,0
C_FORECAST_0.5,all_blocks,centered,1003,0.00035504187690094113,0
C_FORECAST_0.5,all_blocks,centered,1004,0.00035215329262427986,0
C_FORECAST_0.5,all_blocks,centered,1005,0.0003514345153234899,0
C_FORECAST_0.5,all_blocks,centered,1006,0.0003513927513267845,0
C_FORECAST_0.5,all_blocks,centered,1007,0.00035121553810313344,0
C_FORECAST_0.5,all_blocks,centered,1008,0.00034824712201952934,0
C_FORECAST_0.5,all_blocks,centered,1009,0.0003468466748017818,0
C_FORECAST_0.5,all_blocks,centered,1010,0.0003463345055934042,0
C_FORECAST_0.5,all_blocks,centered,1011,0.000346143904607743,0
C_FORECAST_0.5,all_blocks,centered,1012,0.0003454697143752128,0
C_FORECAST_0.5,all_blocks,centered,1013,0.00034299097023904324,0
C_FORECAST_0.5,all_blocks,centered,1014,0.00034146130201406777,0
C_FORECAST_0.5,all_blocks,centered,1015,0.00034121167846024036,0
C_FORECAST_0.5,all_blocks,centered,1016,0.0003406184259802103,0
C_FORECAST_0.5,all_blocks,centered,1017,0.0003404957242310047,0
C_FORECAST_0.5,all_blocks,centered,1018,0.0003388675977475941,0
C_FORECAST_0.5,all_blocks,centered,1019,0.0003362258430570364,0
C_FORECAST_0.5,all_blocks,centered,1020,0.0003345448349136859,0
C_FORECAST_0.5,all_blocks,centered,1021,0.0003338198584970087,0
C_FORECAST_0.5,all_blocks,centered,1022,0.00033355591585859656,0
C_FORECAST_0.5,all_blocks,centered,1023,0.00033326796256005764,0
C_FORECAST_0.5,all_blocks,centered,1024,0.0003300945973023772,0
C_FORECAST_0.5,all_blocks,centered,1025,0.00032999919494614005,0
C_FORECAST_0.5,all_blocks,centered,1026,0.00032912741880863905,0
C_FORECAST_0.5,all_blocks,centered,1027,0.00032712623942643404,0
C_FORECAST_0.5,all_blocks,centered,1028,0.00032709079096093774,0
C_FORECAST_0.5,all_blocks,centered,1029,0.00032617428223602474,0
C_FORECAST_0.5,all_blocks,centered,1030,0.0003254187759011984,0
C_FORECAST_0.5,all_blocks,centered,1031,0.0003242121310904622,0
C_FORECAST_0.5,all_blocks,centered,1032,0.0003239748766645789,0
C_FORECAST_0.5,all_blocks,centered,1033,0.00032233569072559476,0
C_FORECAST_0.5,all_blocks,centered,1034,0.00032214957172982395,0
C_FORECAST_0.5,all_blocks,centered,1035,0.0003206523833796382,0
C_FORECAST_0.5,all_blocks,centered,1036,0.0003187767288181931,0
C_FORECAST_0.5,all_blocks,centered,1037,0.0003182930813636631,0
C_FORECAST_0.5,all_blocks,centered,1038,0.00031807695631869137,0
C_FORECAST_0.5,all_blocks,centered,1039,0.00031797189149074256,0
C_FORECAST_0.5,all_blocks,centered,1040,0.00031405899790115654,0
C_FORECAST_0.5,all_blocks,centered,1041,0.000313665863359347,0
C_FORECAST_0.5,all_blocks,centered,1042,0.00031332799699157476,0
C_FORECAST_0.5,all_blocks,centered,1043,0.0003120184119325131,0
C_FORECAST_0.5,all_blocks,centered,1044,0.00031182190286926925,0
C_FORECAST_0.5,all_blocks,centered,1045,0.0003091708058491349,0
C_FORECAST_0.5,all_blocks,centered,1046,0.00030902904109098017,0
C_FORECAST_0.5,all_blocks,centered,1047,0.0003079629968851805,0
C_FORECAST_0.5,all_blocks,centered,1048,0.0003074091800954193,0
C_FORECAST_0.5,all_blocks,centered,1049,0.00030535401310771704,0
C_FORECAST_0.5,all_blocks,centered,1050,0.00030337474890984595,0
C_FORECAST_0.5,all_blocks,centered,1051,0.00030244537629187107,0
C_FORECAST_0.5,all_blocks,centered,1052,0.00030182942282408476,0
C_FORECAST_0.5,all_blocks,centered,1053,0.000301538675557822,0
C_FORECAST_0.5,all_blocks,centered,1054,0.000301021063933149,0
C_FORECAST_0.5,all_blocks,centered,1055,0.0002991712826769799,0
C_FORECAST_0.5,all_blocks,centered,1056,0.0002981038996949792,0
C_FORECAST_0.5,all_blocks,centered,1057,0.0002980859426315874,0
C_FORECAST_0.5,all_blocks,centered,1058,0.00029783687205053866,0
C_FORECAST_0.5,all_blocks,centered,1059,0.00029543208074755967,0
C_FORECAST_0.5,all_blocks,centered,1060,0.0002950896159745753,0
C_FORECAST_0.5,all_blocks,centered,1061,0.00029362141503952444,0
C_FORECAST_0.5,all_blocks,centered,1062,0.0002925287408288568,0
C_FORECAST_0.5,all_blocks,centered,1063,0.0002920612460002303,0
C_FORECAST_0.5,all_blocks,centered,1064,0.00029066315619274974,0
C_FORECAST_0.5,all_blocks,centered,1065,0.00029064484988339245,0
C_FORECAST_0.5,all_blocks,centered,1066,0.00028863060288131237,0
C_FORECAST_0.5,all_blocks,centered,1067,0.0002874282072298229,0
C_FORECAST_0.5,all_blocks,centered,1068,0.00028739491244778037,0
C_FORECAST_0.5,all_blocks,centered,1069,0.0002860589593183249,0
C_FORECAST_0.5,all_blocks,centered,1070,0.00028590188594534993,0
C_FORECAST_0.5,all_blocks,centered,1071,0.00028563046362251043,0
C_FORECAST_0.5,all_blocks,centered,1072,0.00028400582959875464,0
C_FORECAST_0.5,all_blocks,centered,1073,0.00028340209973976016,0
C_FORECAST_0.5,all_blocks,centered,1074,0.00028316181851550937,0
C_FORECAST_0.5,all_blocks,centered,1075,0.0002787454577628523,0
C_FORECAST_0.5,all_blocks,centered,1076,0.000278118735877797,0
C_FORECAST_0.5,all_blocks,centered,1077,0.00027676712488755584,0
C_FORECAST_0.5,all_blocks,centered,1078,0.00027662195498123765,0
C_FORECAST_0.5,all_blocks,centered,1079,0.000275990430964157,0
C_FORECAST_0.5,all_blocks,centered,1080,0.00027572037652134895,0
C_FORECAST_0.5,all_blocks,centered,1081,0.00027550075901672244,0
C_FORECAST_0.5,all_blocks,centered,1082,0.000274694204563275,0
C_FORECAST_0.5,all_blocks,centered,1083,0.00027336887433193624,0
C_FORECAST_0.5,all_blocks,centered,1084,0.0002712557907216251,0
C_FORECAST_0.5,all_blocks,centered,1085,0.00027020115521736443,0
C_FORECAST_0.5,all_blocks,centered,1086,0.00027018864057026803,0
C_FORECAST_0.5,all_blocks,centered,1087,0.00026954186614602804,0
C_FORECAST_0.5,all_blocks,centered,1088,0.0002682914200704545,0
C_FORECAST_0.5,all_blocks,centered,1089,0.00026777005405165255,0
C_FORECAST_0.5,all_blocks,centered,1090,0.0002677084121387452,0
C_FORECAST_0.5,all_blocks,centered,1091,0.0002675169671420008,0
C_FORECAST_0.5,all_blocks,centered,1092,0.00026455987244844437,0
C_FORECAST_0.5,all_blocks,centered,1093,0.0002629736845847219,0
C_FORECAST_0.5,all_blocks,centered,1094,0.0002623171894811094,0
C_FORECAST_0.5,all_blocks,centered,1095,0.00026015948969870806,0
C_FORECAST_0.5,all_blocks,centered,1096,0.00026010099099949,0
C_FORECAST_0.5,all_blocks,centered,1097,0.00025961711071431637,0
C_FORECAST_0.5,all_blocks,centered,1098,0.0002594388497527689,0
C_FORECAST_0.5,all_blocks,centered,1099,0.0002590135845821351,0
C_FORECAST_0.5,all_blocks,centered,1100,0.0002588861680123955,0
C_FORECAST_0.5,all_blocks,centered,1101,0.00025646816357038915,0
C_FORECAST_0.5,all_blocks,centered,1102,0.00025627517607063055,0
C_FORECAST_0.5,all_blocks,centered,1103,0.0002539984416216612,0
C_FORECAST_0.5,all_blocks,centered,1104,0.0002525127201806754,0
C_FORECAST_0.5,all_blocks,centered,1105,0.0002518630644772202,0
C_FORECAST_0.5,all_blocks,centered,1106,0.00025155689218081534,0
C_FORECAST_0.5,all_blocks,centered,1107,0.0002499277179595083,0
C_FORECAST_0.5,all_blocks,centered,1108,0.0002496975939720869,0
C_FORECAST_0.5,all_blocks,centered,1109,0.00024892151122912765,0
C_FORECAST_0.5,all_blocks,centered,1110,0.00024748287978582084,0
C_FORECAST_0.5,all_blocks,centered,1111,0.00024682629737071693,0
C_FORECAST_0.5,all_blocks,centered,1112,0.0002456482034176588,0
C_FORECAST_0.5,all_blocks,centered,1113,0.00024482698063366115,0
C_FORECAST_0.5,all_blocks,centered,1114,0.0002446305879857391,0
C_FORECAST_0.5,all_blocks,centered,1115,0.0002425328566459939,0
C_FORECAST_0.5,all_blocks,centered,1116,0.00024194690922740847,0
C_FORECAST_0.5,all_blocks,centered,1117,0.00024098290305119008,0
C_FORECAST_0.5,all_blocks,centered,1118,0.00024013522488530725,0
C_FORECAST_0.5,all_blocks,centered,1119,0.0002378578356001526,0
C_FORECAST_0.5,all_blocks,centered,1120,0.00023738974414300174,0
C_FORECAST_0.5,all_blocks,centered,1121,0.00023610878270119429,0
C_FORECAST_0.5,all_blocks,centered,1122,0.0002360292273806408,0
C_FORECAST_0.5,all_blocks,centered,1123,0.0002351353905396536,0
C_FORECAST_0.5,all_blocks,centered,1124,0.0002339100174140185,0
C_FORECAST_0.5,all_blocks,centered,1125,0.00023387210967484862,0
C_FORECAST_0.5,all_blocks,centered,1126,0.00023331934062298387,0
C_FORECAST_0.5,all_blocks,centered,1127,0.0002321725187357515,0
C_FORECAST_0.5,all_blocks,centered,1128,0.00023066549329087138,0
C_FORECAST_0.5,all_blocks,centered,1129,0.00023037142818793654,0
C_FORECAST_0.5,all_blocks,centered,1130,0.00022890057880431414,0
C_FORECAST_0.5,all_blocks,centered,1131,0.00022810640803072602,0
C_FORECAST_0.5,all_blocks,centered,1132,0.00022731076751369983,0
C_FORECAST_0.5,all_blocks,centered,1133,0.00022730267664883286,0
C_FORECAST_0.5,all_blocks,centered,1134,0.00022494938457384706,0
C_FORECAST_0.5,all_blocks,centered,1135,0.00022437909501604736,0
C_FORECAST_0.5,all_blocks,centered,1136,0.00022380765585694462,0
C_FORECAST_0.5,all_blocks,centered,1137,0.00022343642194755375,0
C_FORECAST_0.5,all_blocks,centered,1138,0.0002213001425843686,0
C_FORECAST_0.5,all_blocks,centered,1139,0.0002206906647188589,0
C_FORECAST_0.5,all_blocks,centered,1140,0.00022032293782103807,0
C_FORECAST_0.5,all_blocks,centered,1141,0.00022024073405191302,0
C_FORECAST_0.5,all_blocks,centered,1142,0.00022004582569934428,0
C_FORECAST_0.5,all_blocks,centered,1143,0.00021910417126491666,0
C_FORECAST_0.5,all_blocks,centered,1144,0.00021715741604566574,0
C_FORECAST_0.5,all_blocks,centered,1145,0.00021536712301895022,0
C_FORECAST_0.5,all_blocks,centered,1146,0.0002135881659341976,0
C_FORECAST_0.5,all_blocks,centered,1147,0.00021302301320247352,0
C_FORECAST_0.5,all_blocks,centered,1148,0.0002125275059370324,0
C_FORECAST_0.5,all_blocks,centered,1149,0.0002112590300384909,0
C_FORECAST_0.5,all_blocks,centered,1150,0.00020986700837966055,0
C_FORECAST_0.5,all_blocks,centered,1151,0.00020931645121891052,0
C_FORECAST_0.5,all_blocks,centered,1152,0.00020893922192044556,0
C_FORECAST_0.5,all_blocks,centered,1153,0.00020881062664557248,0
C_FORECAST_0.5,all_blocks,centered,1154,0.00020867245621047914,0
C_FORECAST_0.5,all_blocks,centered,1155,0.00020744437642861158,0
C_FORECAST_0.5,all_blocks,centered,1156,0.0002070772461593151,0
C_FORECAST_0.5,all_blocks,centered,1157,0.00020652227976825088,0
C_FORECAST_0.5,all_blocks,centered,1158,0.0002064811997115612,0
C_FORECAST_0.5,all_blocks,centered,1159,0.00020390114514157176,0
C_FORECAST_0.5,all_blocks,centered,1160,0.00020375967142172158,0
C_FORECAST_0.5,all_blocks,centered,1161,0.00020266023057047278,0
C_FORECAST_0.5,all_blocks,centered,1162,0.00020167809270787984,0
C_FORECAST_0.5,all_blocks,centered,1163,0.00020143415895290673,0
C_FORECAST_0.5,all_blocks,centered,1164,0.00019954930758103728,0
C_FORECAST_0.5,all_blocks,centered,1165,0.00019946919928770512,0
C_FORECAST_0.5,all_blocks,centered,1166,0.00019803208124358207,0
C_FORECAST_0.5,all_blocks,centered,1167,0.00019664019055198878,0
C_FORECAST_0.5,all_blocks,centered,1168,0.00019517021428328007,0
C_FORECAST_0.5,all_blocks,centered,1169,0.00019461699412204325,0
C_FORECAST_0.5,all_blocks,centered,1170,0.00019412976689636707,0
C_FORECAST_0.5,all_blocks,centered,1171,0.00019354745745658875,0
C_FORECAST_0.5,all_blocks,centered,1172,0.00019212596816942096,0
C_FORECAST_0.5,all_blocks,centered,1173,0.00019139250798616558,0
C_FORECAST_0.5,all_blocks,centered,1174,0.00018991086108144373,0
C_FORECAST_0.5,all_blocks,centered,1175,0.0001891408464871347,0
C_FORECAST_0.5,all_blocks,centered,1176,0.0001885972887976095,0
C_FORECAST_0.5,all_blocks,centered,1177,0.00018803105922415853,0
C_FORECAST_0.5,all_blocks,centered,1178,0.00018730544252321124,0
C_FORECAST_0.5,all_blocks,centered,1179,0.00018396035011392087,0
C_FORECAST_0.5,all_blocks,centered,1180,0.00018366758013144135,0
C_FORECAST_0.5,all_blocks,centered,1181,0.00018262368394061923,0
C_FORECAST_0.5,all_blocks,centered,1182,0.00018177386664319783,0
C_FORECAST_0.5,all_blocks,centered,1183,0.00018136769358534366,0
C_FORECAST_0.5,all_blocks,centered,1184,0.00018075054686050862,0
C_FORECAST_0.5,all_blocks,centered,1185,0.00017956217925529927,0
C_FORECAST_0.5,all_blocks,centered,1186,0.00017835860489867628,0
C_FORECAST_0.5,all_blocks,centered,1187,0.0001766717032296583,0
C_FORECAST_0.5,all_blocks,centered,1188,0.00017610831127967685,0
C_FORECAST_0.5,all_blocks,centered,1189,0.000175678709638305,0
C_FORECAST_0.5,all_blocks,centered,1190,0.00017482768453191966,0
C_FORECAST_0.5,all_blocks,centered,1191,0.00017479891539551318,0
C_FORECAST_0.5,all_blocks,centered,1192,0.00017367539112456143,0
C_FORECAST_0.5,all_blocks,centered,1193,0.00017346179811283946,0
C_FORECAST_0.5,all_blocks,centered,1194,0.00017173902597278357,0
C_FORECAST_0.5,all_blocks,centered,1195,0.00017066393047571182,0
C_FORECAST_0.5,all_blocks,centered,1196,0.00016888495883904397,0
C_FORECAST_0.5,all_blocks,centered,1197,0.00016881793271750212,0
C_FORECAST_0.5,all_blocks,centered,1198,0.0001685921015450731,0
C_FORECAST_0.5,all_blocks,centered,1199,0.00016841437900438905,0
C_FORECAST_0.5,all_blocks,centered,1200,0.00016745981702115387,0
C_FORECAST_0.5,all_blocks,centered,1201,0.00016648542077746242,0
C_FORECAST_0.5,all_blocks,centered,1202,0.00016591066378168762,0
C_FORECAST_0.5,all_blocks,centered,1203,0.000164416924235411,0
C_FORECAST_0.5,all_blocks,centered,1204,0.0001632502389838919,0
C_FORECAST_0.5,all_blocks,centered,1205,0.0001632384955883026,0
C_FORECAST_0.5,all_blocks,centered,1206,0.00016219088865909725,0
C_FORECAST_0.5,all_blocks,centered,1207,0.00016086945834103972,0
C_FORECAST_0.5,all_blocks,centered,1208,0.00016022422641981393,0
C_FORECAST_0.5,all_blocks,centered,1209,0.00015911618538666517,0
C_FORECAST_0.5,all_blocks,centered,1210,0.00015753338811919093,0
C_FORECAST_0.5,all_blocks,centered,1211,0.00015541347966063768,0
C_FORECAST_0.5,all_blocks,centered,1212,0.00015412185166496783,0
C_FORECAST_0.5,all_blocks,centered,1213,0.00015395120135508478,0
C_FORECAST_0.5,all_blocks,centered,1214,0.00015393159992527217,0
C_FORECAST_0.5,all_blocks,centered,1215,0.00015342325787059963,0
C_FORECAST_0.5,all_blocks,centered,1216,0.00015290846931748092,0
C_FORECAST_0.5,all_blocks,centered,1217,0.00015121996693778783,0
C_FORECAST_0.5,all_blocks,centered,1218,0.00015097115829121321,0
C_FORECAST_0.5,all_blocks,centered,1219,0.00015069250366650522,0
C_FORECAST_0.5,all_blocks,centered,1220,0.00014996400568634272,0
C_FORECAST_0.5,all_blocks,centered,1221,0.0001484571403125301,0
C_FORECAST_0.5,all_blocks,centered,1222,0.0001471390132792294,0
C_FORECAST_0.5,all_blocks,centered,1223,0.00014580177958123386,0
C_FORECAST_0.5,all_blocks,centered,1224,0.00014548067701980472,0
C_FORECAST_0.5,all_blocks,centered,1225,0.00014483653649222106,0
C_FORECAST_0.5,all_blocks,centered,1226,0.00014341642963699996,0
C_FORECAST_0.5,all_blocks,centered,1227,0.00014295667642727494,0
C_FORECAST_0.5,all_blocks,centered,1228,0.00014145541354082525,0
C_FORECAST_0.5,all_blocks,centered,1229,0.0001413169811712578,0
C_FORECAST_0.5,all_blocks,centered,1230,0.0001410801924066618,0
C_FORECAST_0.5,all_blocks,centered,1231,0.00014020675735082477,0
C_FORECAST_0.5,all_blocks,centered,1232,0.00013940237113274634,0
C_FORECAST_0.5,all_blocks,centered,1233,0.00013925443636253476,0
C_FORECAST_0.5,all_blocks,centered,1234,0.00013848068192601204,0
C_FORECAST_0.5,all_blocks,centered,1235,0.0001361546601401642,0
C_FORECAST_0.5,all_blocks,centered,1236,0.00013539720384869725,0
C_FORECAST_0.5,all_blocks,centered,1237,0.0001345588971162215,0
C_FORECAST_0.5,all_blocks,centered,1238,0.00013316392141859978,0
C_FORECAST_0.5,all_blocks,centered,1239,0.00013299728743731976,0
C_FORECAST_0.5,all_blocks,centered,1240,0.00013293286610860378,0
C_FORECAST_0.5,all_blocks,centered,1241,0.00013172959734220058,0
C_FORECAST_0.5,all_blocks,centered,1242,0.00013155612396076322,0
C_FORECAST_0.5,all_blocks,centered,1243,0.0001308899518335238,0
C_FORECAST_0.5,all_blocks,centered,1244,0.0001307952043134719,0
C_FORECAST_0.5,all_blocks,centered,1245,0.00012831593630835414,0
C_FORECAST_0.5,all_blocks,centered,1246,0.0001274981623282656,0
C_FORECAST_0.5,all_blocks,centered,1247,0.00012695103941950947,0
C_FORECAST_0.5,all_blocks,centered,1248,0.00012676087499130517,0
C_FORECAST_0.5,all_blocks,centered,1249,0.00012594182044267654,0
C_FORECAST_0.5,all_blocks,centered,1250,0.00012396219244692475,0
C_FORECAST_0.5,all_blocks,centered,1251,0.00012368112220428884,0
C_FORECAST_0.5,all_blocks,centered,1252,0.00012145008076913655,0
C_FORECAST_0.5,all_blocks,centered,1253,0.00012129717651987448,0
C_FORECAST_0.5,all_blocks,centered,1254,0.00012024724128423259,0
C_FORECAST_0.5,all_blocks,centered,1255,0.00011959806579397991,0
C_FORECAST_0.5,all_blocks,centered,1256,0.00011908213491551578,0
C_FORECAST_0.5,all_blocks,centered,1257,0.000117463969218079,0
C_FORECAST_0.5,all_blocks,centered,1258,0.00011738083412637934,0
C_FORECAST_0.5,all_blocks,centered,1259,0.00011662938049994409,0
C_FORECAST_0.5,all_blocks,centered,1260,0.00011484114656923339,0
C_FORECAST_0.5,all_blocks,centered,1261,0.00011447499855421484,0
C_FORECAST_0.5,all_blocks,centered,1262,0.00011375780013622716,0
C_FORECAST_0.5,all_blocks,centered,1263,0.0001118730433518067,0
C_FORECAST_0.5,all_blocks,centered,1264,0.00011158775305375457,0
C_FORECAST_0.5,all_blocks,centered,1265,0.00011141441063955426,0
C_FORECAST_0.5,all_blocks,centered,1266,0.00010857983579626307,0
C_FORECAST_0.5,all_blocks,centered,1267,0.00010833077249117196,0
C_FORECAST_0.5,all_blocks,centered,1268,0.00010762670717667788,0
C_FORECAST_0.5,all_blocks,centered,1269,0.00010684232984203845,0
C_FORECAST_0.5,all_blocks,centered,1270,0.00010649961041053757,0
C_FORECAST_0.5,all_blocks,centered,1271,0.00010548372665653005,0
C_FORECAST_0.5,all_blocks,centered,1272,0.00010504051169846207,0
C_FORECAST_0.5,all_blocks,centered,1273,0.00010468480468261987,0
C_FORECAST_0.5,all_blocks,centered,1274,0.00010368709627073258,0
C_FORECAST_0.5,all_blocks,centered,1275,0.00010346154886065051,0
C_FORECAST_0.5,all_blocks,centered,1276,0.00010214227222604677,0
C_FORECAST_0.5,all_blocks,centered,1277,0.00010181960533373058,0
C_FORECAST_0.5,all_blocks,centered,1278,0.00010045615636045113,0
C_FORECAST_0.5,all_blocks,centered,1279,9.885468170978129e-05,0
C_FORECAST_0.5,all_blocks,centered,1280,9.880312427412719e-05,0
C_FORECAST_0.5,all_blocks,centered,1281,9.761194087332115e-05,0
C_FORECAST_0.5,all_blocks,centered,1282,9.636743925511837e-05,0
C_FORECAST_0.5,all_blocks,centered,1283,9.626009705243632e-05,0
C_FORECAST_0.5,all_blocks,centered,1284,9.465018229093403e-05,0
C_FORECAST_0.5,all_blocks,centered,1285,9.419607522431761e-05,0
C_FORECAST_0.5,all_blocks,centered,1286,9.291864989791065e-05,0
C_FORECAST_0.5,all_blocks,centered,1287,9.230251453118399e-05,0
C_FORECAST_0.5,all_blocks,centered,1288,9.138613677350804e-05,0
C_FORECAST_0.5,all_blocks,centered,1289,9.13451294763945e-05,0
C_FORECAST_0.5,all_blocks,centered,1290,9.102478361455724e-05,0
C_FORECAST_0.5,all_blocks,centered,1291,8.882810652721673e-05,0
C_FORECAST_0.5,all_blocks,centered,1292,8.870663441484794e-05,0
C_FORECAST_0.5,all_blocks,centered,1293,8.598835120210424e-05,0
C_FORECAST_0.5,all_blocks,centered,1294,8.545495802536607e-05,0
C_FORECAST_0.5,all_blocks,centered,1295,8.499258547089994e-05,0
C_FORECAST_0.5,all_blocks,centered,1296,8.488161984132603e-05,0
C_FORECAST_0.5,all_blocks,centered,1297,8.465271821478382e-05,0
C_FORECAST_0.5,all_blocks,centered,1298,8.434205665253103e-05,0
C_FORECAST_0.5,all_blocks,centered,1299,8.421357779297978e-05,0
C_FORECAST_0.5,all_blocks,centered,1300,8.16058018244803e-05,0
C_FORECAST_0.5,all_blocks,centered,1301,8.003864786587656e-05,0
C_FORECAST_0.5,all_blocks,centered,1302,7.998922956176102e-05,0
C_FORECAST_0.5,all_blocks,centered,1303,7.875554001657292e-05,0
C_FORECAST_0.5,all_blocks,centered,1304,7.868661487009376e-05,0
C_FORECAST_0.5,all_blocks,centered,1305,7.715047104284167e-05,0
C_FORECAST_0.5,all_blocks,centered,1306,7.597017247462645e-05,0
C_FORECAST_0.5,all_blocks,centered,1307,7.539874059148133e-05,0
C_FORECAST_0.5,all_blocks,centered,1308,7.449823897331953e-05,0
C_FORECAST_0.5,all_blocks,centered,1309,7.386808283627033e-05,0
C_FORECAST_0.5,all_blocks,centered,1310,7.36011570552364e-05,0
C_FORECAST_0.5,all_blocks,centered,1311,7.282189471879974e-05,0
C_FORECAST_0.5,all_blocks,centered,1312,7.16216818545945e-05,0
C_FORECAST_0.5,all_blocks,centered,1313,7.09225787431933e-05,0
C_FORECAST_0.5,all_blocks,centered,1314,6.977425800869241e-05,0
C_FORECAST_0.5,all_blocks,centered,1315,6.822044815635309e-05,0
C_FORECAST_0.5,all_blocks,centered,1316,6.796078378101811e-05,0
C_FORECAST_0.5,all_blocks,centered,1317,6.692691385978833e-05,0
C_FORECAST_0.5,all_blocks,centered,1318,6.670846050838009e-05,0
C_FORECAST_0.5,all_blocks,centered,1319,6.61623416817747e-05,0
C_FORECAST_0.5,all_blocks,centered,1320,6.421781290555373e-05,0
C_FORECAST_0.5,all_blocks,centered,1321,6.352004857035354e-05,0
C_FORECAST_0.5,all_blocks,centered,1322,6.282496906351298e-05,0
C_FORECAST_0.5,all_blocks,centered,1323,6.265154661377892e-05,0
C_FORECAST_0.5,all_blocks,centered,1324,6.149431283120066e-05,0
C_FORECAST_0.5,all_blocks,centered,1325,6.111679249443114e-05,0
C_FORECAST_0.5,all_blocks,centered,1326,6.086388384574093e-05,0
C_FORECAST_0.5,all_blocks,centered,1327,6.050404772395268e-05,0
C_FORECAST_0.5,all_blocks,centered,1328,5.974377563688904e-05,0
C_FORECAST_0.5,all_blocks,centered,1329,5.9205071011092514e-05,0
C_FORECAST_0.5,all_blocks,centered,1330,5.898698509554379e-05,0
C_FORECAST_0.5,all_blocks,centered,1331,5.7919707614928484e-05,0
C_FORECAST_0.5,all_blocks,centered,1332,5.530380076379515e-05,0
C_FORECAST_0.5,all_blocks,centered,1333,5.4546915635000914e-05,0
C_FORECAST_0.5,all_blocks,centered,1334,5.429159864434041e-05,0
C_FORECAST_0.5,all_blocks,centered,1335,5.402646274887957e-05,0
C_FORECAST_0.5,all_blocks,centered,1336,5.3716252295998856e-05,0
C_FORECAST_0.5,all_blocks,centered,1337,5.300002158037387e-05,0
C_FORECAST_0.5,all_blocks,centered,1338,5.257352313492447e-05,0
C_FORECAST_0.5,all_blocks,centered,1339,5.2072395192226395e-05,0
C_FORECAST_0.5,all_blocks,centered,1340,5.092474020784721e-05,0
C_FORECAST_0.5,all_blocks,centered,1341,5.087807585368864e-05,0
C_FORECAST_0.5,all_blocks,centered,1342,5.036923539591953e-05,0
C_FORECAST_0.5,all_blocks,centered,1343,5.028584200772457e-05,0
C_FORECAST_0.5,all_blocks,centered,1344,4.927968984702602e-05,0
C_FORECAST_0.5,all_blocks,centered,1345,4.903916851617396e-05,0
C_FORECAST_0.5,all_blocks,centered,1346,4.742625242215581e-05,0
C_FORECAST_0.5,all_blocks,centered,1347,4.6804289013380185e-05,0
C_FORECAST_0.5,all_blocks,centered,1348,4.671456918003969e-05,0
C_FORECAST_0.5,all_blocks,centered,1349,4.6674784243805334e-05,0
C_FORECAST_0.5,all_blocks,centered,1350,4.6003926399862394e-05,0
C_FORECAST_0.5,all_blocks,centered,1351,4.509871723712422e-05,0
C_FORECAST_0.5,all_blocks,centered,1352,4.4958571379538625e-05,0
C_FORECAST_0.5,all_blocks,centered,1353,4.3874952098121867e-05,0
C_FORECAST_0.5,all_blocks,centered,1354,4.386562795843929e-05,0
C_FORECAST_0.5,all_blocks,centered,1355,4.225250813760795e-05,0
C_FORECAST_0.5,all_blocks,centered,1356,4.222660936648026e-05,0
C_FORECAST_0.5,all_blocks,centered,1357,4.2204264900647104e-05,0
C_FORECAST_0.5,all_blocks,centered,1358,4.120300218346529e-05,0
C_FORECAST_0.5,all_blocks,centered,1359,4.097639975952916e-05,0
C_FORECAST_0.5,all_blocks,centered,1360,4.076993354829028e-05,0
C_FORECAST_0.5,all_blocks,centered,1361,4.032699143863283e-05,0
C_FORECAST_0.5,all_blocks,centered,1362,4.014654768980108e-05,0
C_FORECAST_0.5,all_blocks,centered,1363,3.90702007280197e-05,0
C_FORECAST_0.5,all_blocks,centered,1364,3.8952759496169165e-05,0
C_FORECAST_0.5,all_blocks,centered,1365,3.8936846976866946e-05,0
C_FORECAST_0.5,all_blocks,centered,1366,3.889208528562449e-05,0
C_FORECAST_0.5,all_blocks,centered,1367,3.7631634768331423e-05,0
C_FORECAST_0.5,all_blocks,centered,1368,3.713871774380095e-05,0
C_FORECAST_0.5,all_blocks,centered,1369,3.7071527913212776e-05,0
C_FORECAST_0.5,all_blocks,centered,1370,3.6625220673158765e-05,0
C_FORECAST_0.5,all_blocks,centered,1371,3.574644506443292e-05,0
C_FORECAST_0.5,all_blocks,centered,1372,3.510849637677893e-05,0
C_FORECAST_0.5,all_blocks,centered,1373,3.463069879217073e-05,0
C_FORECAST_0.5,all_blocks,centered,1374,3.4060736652463675e-05,0
C_FORECAST_0.5,all_blocks,centered,1375,3.401087087695487e-05,0
C_FORECAST_0.5,all_blocks,centered,1376,3.3774453186197206e-05,0
C_FORECAST_0.5,all_blocks,centered,1377,3.376375025254674e-05,0
C_FORECAST_0.5,all_blocks,centered,1378,3.287788786110468e-05,0
C_FORECAST_0.5,all_blocks,centered,1379,3.2809708500280976e-05,0
C_FORECAST_0.5,all_blocks,centered,1380,3.242143429815769e-05,0
C_FORECAST_0.5,all_blocks,centered,1381,3.204609311069362e-05,0
C_FORECAST_0.5,all_blocks,centered,1382,3.189647031831555e-05,0
C_FORECAST_0.5,all_blocks,centered,1383,3.167777322232723e-05,0
C_FORECAST_0.5,all_blocks,centered,1384,3.135203951387666e-05,0
C_FORECAST_0.5,all_blocks,centered,1385,3.107326847384684e-05,0
C_FORECAST_0.5,all_blocks,centered,1386,3.102558184764348e-05,0
C_FORECAST_0.5,all_blocks,centered,1387,2.9989641916472465e-05,0
C_FORECAST_0.5,all_blocks,centered,1388,2.977226540679112e-05,0
C_FORECAST_0.5,all_blocks,centered,1389,2.9680053557967767e-05,0
C_FORECAST_0.5,all_blocks,centered,1390,2.964001578220632e-05,0
C_FORECAST_0.5,all_blocks,centered,1391,2.949209556390997e-05,0
C_FORECAST_0.5,all_blocks,centered,1392,2.946560925920494e-05,0
C_FORECAST_0.5,all_blocks,centered,1393,2.9193870432209224e-05,0
C_FORECAST_0.5,all_blocks,centered,1394,2.909574868681375e-05,0
C_FORECAST_0.5,all_blocks,centered,1395,2.828038668667432e-05,0
C_FORECAST_0.5,all_blocks,centered,1396,2.7906024115509354e-05,0
C_FORECAST_0.5,all_blocks,centered,1397,2.784855132631492e-05,0
C_FORECAST_0.5,all_blocks,centered,1398,2.7659860279527493e-05,0
C_FORECAST_0.5,all_blocks,centered,1399,2.719428448472172e-05,0
C_FORECAST_0.5,all_blocks,centered,1400,2.7153289920534007e-05,0
C_FORECAST_0.5,all_blocks,centered,1401,2.7028632757719606e-05,0
C_FORECAST_0.5,all_blocks,centered,1402,2.6721416361397132e-05,0
C_FORECAST_0.5,all_blocks,centered,1403,2.6612369765643962e-05,0
C_FORECAST_0.5,all_blocks,centered,1404,2.6480398446437903e-05,0
C_FORECAST_0.5,all_blocks,centered,1405,2.60359938693e-05,0
C_FORECAST_0.5,all_blocks,centered,1406,2.5943323635146953e-05,0
C_FORECAST_0.5,all_blocks,centered,1407,2.5795530746108852e-05,0
C_FORECAST_0.5,all_blocks,centered,1408,2.5392348106834106e-05,0
C_FORECAST_0.5,all_blocks,centered,1409,2.5288129108957946e-05,0
C_FORECAST_0.5,all_blocks,centered,1410,2.4976634449558333e-05,0
C_FORECAST_0.5,all_blocks,centered,1411,2.4792952899588272e-05,0
C_FORECAST_0.5,all_blocks,centered,1412,2.4514196411473677e-05,0
C_FORECAST_0.5,all_blocks,centered,1413,2.4004082661122084e-05,0
C_FORECAST_0.5,all_blocks,centered,1414,2.3867063646321185e-05,0
C_FORECAST_0.5,all_blocks,centered,1415,2.3242257157107815e-05,0
C_FORECAST_0.5,all_blocks,centered,1416,2.314307857886888e-05,0
C_FORECAST_0.5,all_blocks,centered,1417,2.2893827917869203e-05,0
C_FORECAST_0.5,all_blocks,centered,1418,2.2851645553600974e-05,0
C_FORECAST_0.5,all_blocks,centered,1419,2.2587770217796788e-05,0
C_FORECAST_0.5,all_blocks,centered,1420,2.2525662643602118e-05,0
C_FORECAST_0.5,all_blocks,centered,1421,2.241919719381258e-05,0
C_FORECAST_0.5,all_blocks,centered,1422,2.217408655269537e-05,0
C_FORECAST_0.5,all_blocks,centered,1423,2.2003951016813517e-05,0
C_FORECAST_0.5,all_blocks,centered,1424,2.1690704670618288e-05,0
C_FORECAST_0.5,all_blocks,centered,1425,2.132245026587043e-05,0
C_FORECAST_0.5,all_blocks,centered,1426,2.1015377569710836e-05,0
C_FORECAST_0.5,all_blocks,centered,1427,2.0898121874779463e-05,0
C_FORECAST_0.5,all_blocks,centered,1428,2.076336750178598e-05,0
C_FORECAST_0.5,all_blocks,centered,1429,2.0633420717786066e-05,0
C_FORECAST_0.5,all_blocks,centered,1430,2.0558216419885866e-05,0
C_FORECAST_0.5,all_blocks,centered,1431,2.0445768313948065e-05,0
C_FORECAST_0.5,all_blocks,centered,1432,2.0133875295869075e-05,0
C_FORECAST_0.5,all_blocks,centered,1433,2.0037987269461155e-05,0
C_FORECAST_0.5,all_blocks,centered,1434,1.9940487618441693e-05,0
C_FORECAST_0.5,all_blocks,centered,1435,1.962601345439907e-05,0
C_FORECAST_0.5,all_blocks,centered,1436,1.9428200175752863e-05,0
C_FORECAST_0.5,all_blocks,centered,1437,1.9281074855825864e-05,0
C_FORECAST_0.5,all_blocks,centered,1438,1.9260880435467698e-05,0
C_FORECAST_0.5,all_blocks,centered,1439,1.9232957129133865e-05,0
C_FORECAST_0.5,all_blocks,centered,1440,1.9195920685888268e-05,0
C_FORECAST_0.5,all_blocks,centered,1441,1.912198968057055e-05,0
C_FORECAST_0.5,all_blocks,centered,1442,1.908270496642217e-05,0
C_FORECAST_0.5,all_blocks,centered,1443,1.8799823010340333e-05,0
C_FORECAST_0.5,all_blocks,centered,1444,1.862082899606321e-05,0
C_FORECAST_0.5,all_blocks,centered,1445,1.813678682083264e-05,0
C_FORECAST_0.5,all_blocks,centered,1446,1.8115844795829616e-05,0
C_FORECAST_0.5,all_blocks,centered,1447,1.8083479517372325e-05,0
C_FORECAST_0.5,all_blocks,centered,1448,1.7900336388265714e-05,0
C_FORECAST_0.5,all_blocks,centered,1449,1.7766416931408457e-05,0
C_FORECAST_0.5,all_blocks,centered,1450,1.7588577975402586e-05,0
C_FORECAST_0.5,all_blocks,centered,1451,1.7499010937171988e-05,0
C_FORECAST_0.5,all_blocks,centered,1452,1.7497797671239823e-05,0
C_FORECAST_0.5,all_blocks,centered,1453,1.7481506802141666e-05,0
C_FORECAST_0.5,all_blocks,centered,1454,1.692653495410923e-05,0
C_FORECAST_0.5,all_blocks,centered,1455,1.6895173757802695e-05,0
C_FORECAST_0.5,all_blocks,centered,1456,1.682418951531872e-05,0
C_FORECAST_0.5,all_blocks,centered,1457,1.6702242646715604e-05,0
C_FORECAST_0.5,all_blocks,centered,1458,1.655751111684367e-05,0
C_FORECAST_0.5,all_blocks,centered,1459,1.638834692130331e-05,0
C_FORECAST_0.5,all_blocks,centered,1460,1.6371925084968098e-05,0
C_FORECAST_0.5,all_blocks,centered,1461,1.6217230950132944e-05,0
C_FORECAST_0.5,all_blocks,centered,1462,1.612223422853276e-05,0
C_FORECAST_0.5,all_blocks,centered,1463,1.5623061699443497e-05,0
C_FORECAST_0.5,all_blocks,centered,1464,1.5584859283990227e-05,0
C_FORECAST_0.5,all_blocks,centered,1465,1.5436322428286076e-05,0
C_FORECAST_0.5,all_blocks,centered,1466,1.5330984751926735e-05,0
C_FORECAST_0.5,all_blocks,centered,1467,1.521035756013589e-05,0
C_FORECAST_0.5,all_blocks,centered,1468,1.5174733562162146e-05,0
C_FORECAST_0.5,all_blocks,centered,1469,1.5155526853050105e-05,0
C_FORECAST_0.5,all_blocks,centered,1470,1.515331314294599e-05,0
C_FORECAST_0.5,all_blocks,centered,1471,1.5101540157047566e-05,0
C_FORECAST_0.5,all_blocks,centered,1472,1.4946591363695916e-05,0
C_FORECAST_0.5,all_blocks,centered,1473,1.4868081962049473e-05,0
C_FORECAST_0.5,all_blocks,centered,1474,1.4863660908304155e-05,0
C_FORECAST_0.5,all_blocks,centered,1475,1.4652975551143754e-05,0
C_FORECAST_0.5,all_blocks,centered,1476,1.4588505109713878e-05,0
C_FORECAST_0.5,all_blocks,centered,1477,1.4571173778676894e-05,0
C_FORECAST_0.5,all_blocks,centered,1478,1.4539578842232004e-05,0
C_FORECAST_0.5,all_blocks,centered,1479,1.4407605704036541e-05,0
C_FORECAST_0.5,all_blocks,centered,1480,1.4378596461028792e-05,0
C_FORECAST_0.5,all_blocks,centered,1481,1.3928392036177684e-05,0
C_FORECAST_0.5,all_blocks,centered,1482,1.3889391084376257e-05,0
C_FORECAST_0.5,all_blocks,centered,1483,1.3886917258787435e-05,0
C_FORECAST_0.5,all_blocks,centered,1484,1.3681914424523711e-05,0
C_FORECAST_0.5,all_blocks,centered,1485,1.364860509056598e-05,0
C_FORECAST_0.5,all_blocks,centered,1486,1.3639026292366907e-05,0
C_FORECAST_0.5,all_blocks,centered,1487,1.3541778571379837e-05,0
C_FORECAST_0.5,all_blocks,centered,1488,1.3351013876672368e-05,0
C_FORECAST_0.5,all_blocks,centered,1489,1.3294193195179105e-05,0
C_FORECAST_0.5,all_blocks,centered,1490,1.3287281944940332e-05,0
C_FORECAST_0.5,all_blocks,centered,1491,1.3188021512178238e-05,0
C_FORECAST_0.5,all_blocks,centered,1492,1.3017446690355428e-05,0
C_FORECAST_0.5,all_blocks,centered,1493,1.2968306691618636e-05,0
C_FORECAST_0.5,all_blocks,centered,1494,1.2909786164527759e-05,0
C_FORECAST_0.5,all_blocks,centered,1495,1.2871083526988514e-05,0
C_FORECAST_0.5,all_blocks,centered,1496,1.2797757335647475e-05,0
C_FORECAST_0.5,all_blocks,centered,1497,1.24787929962622e-05,0
C_FORECAST_0.5,all_blocks,centered,1498,1.2466499356378336e-05,0
C_FORECAST_0.5,all_blocks,centered,1499,1.2316301763348747e-05,0
C_FORECAST_0.5,all_blocks,centered,1500,1.229947247338714e-05,0
C_FORECAST_0.5,all_blocks,centered,1501,1.2213984518893994e-05,0
C_FORECAST_0.5,all_blocks,centered,1502,1.213284758705413e-05,0
C_FORECAST_0.5,all_blocks,centered,1503,1.2056820196448825e-05,0
C_FORECAST_0.5,all_blocks,centered,1504,1.200665246869903e-05,0
C_FORECAST_0.5,all_blocks,centered,1505,1.1993823136435822e-05,0
C_FORECAST_0.5,all_blocks,centered,1506,1.1904307939403225e-05,0
C_FORECAST_0.5,all_blocks,centered,1507,1.1781639841501601e-05,0
C_FORECAST_0.5,all_blocks,centered,1508,1.1588809684326407e-05,0
C_FORECAST_0.5,all_blocks,centered,1509,1.1542309948708862e-05,0
C_FORECAST_0.5,all_blocks,centered,1510,1.1537913451320492e-05,0
C_FORECAST_0.5,all_blocks,centered,1511,1.143677673098864e-05,0
C_FORECAST_0.5,all_blocks,centered,1512,1.1307923159620259e-05,0
C_FORECAST_0.5,all_blocks,centered,1513,1.1111539606645238e-05,0
C_FORECAST_0.5,all_blocks,centered,1514,1.108763535739854e-05,0
C_FORECAST_0.5,all_blocks,centered,1515,1.0928932169917971e-05,0
C_FORECAST_0.5,all_blocks,centered,1516,1.092671027436154e-05,0
C_FORECAST_0.5,all_blocks,centered,1517,1.0810347703227308e-05,0
C_FORECAST_0.5,all_blocks,centered,1518,1.070124653779203e-05,0
C_FORECAST_0.5,all_blocks,centered,1519,1.0400806786492467e-05,0
C_FORECAST_0.5,all_blocks,centered,1520,1.0285782082064543e-05,0
C_FORECAST_0.5,all_blocks,centered,1521,1.0235391528112814e-05,0
C_FORECAST_0.5,all_blocks,centered,1522,1.020004492602311e-05,0
C_FORECAST_0.5,all_blocks,centered,1523,9.94757647276856e-06,0
C_FORECAST_0.5,all_blocks,centered,1524,9.93806588667212e-06,0
C_FORECAST_0.5,all_blocks,centered,1525,9.930939086189028e-06,0
C_FORECAST_0.5,all_blocks,centered,1526,9.795185178518295e-06,0
C_FORECAST_0.5,all_blocks,centered,1527,9.737920663610566e-06,0
C_FORECAST_0.5,all_blocks,centered,1528,9.734517334436532e-06,0
C_FORECAST_0.5,all_blocks,centered,1529,9.730729289003648e-06,0
C_FORECAST_0.5,all_blocks,centered,1530,9.643849807616789e-06,0
C_FORECAST_0.5,all_blocks,centered,1531,9.506300557404757e-06,0
C_FORECAST_0.5,all_blocks,centered,1532,9.395530469191726e-06,0
C_FORECAST_0.5,all_blocks,centered,1533,9.338243216916453e-06,0
C_FORECAST_0.5,all_blocks,centered,1534,9.222628250427078e-06,0
C_FORECAST_0.5,all_blocks,centered,1535,8.776024515100289e-06,0
C_FORECAST_0.5,all_blocks,centered,1536,8.2049182310584e-06,0
C_FORECAST_0.5,all_blocks,channel_standardized,1,31.530170440673828,1
C_FORECAST_0.5,all_blocks,channel_standardized,2,26.416671752929688,1
C_FORECAST_0.5,all_blocks,channel_standardized,3,23.828275680541992,1
C_FORECAST_0.5,all_blocks,channel_standardized,4,20.763538360595703,1
C_FORECAST_0.5,all_blocks,channel_standardized,5,16.84636878967285,1
C_FORECAST_0.5,all_blocks,channel_standardized,6,13.492070198059082,1
C_FORECAST_0.5,all_blocks,channel_standardized,7,12.838918685913086,1
C_FORECAST_0.5,all_blocks,channel_standardized,8,12.022662162780762,1
C_FORECAST_0.5,all_blocks,channel_standardized,9,9.853093147277832,1
C_FORECAST_0.5,all_blocks,channel_standardized,10,9.025172233581543,1
C_FORECAST_0.5,all_blocks,channel_standardized,11,7.537768840789795,1
C_FORECAST_0.5,all_blocks,channel_standardized,12,7.309930324554443,1
C_FORECAST_0.5,all_blocks,channel_standardized,13,7.024144172668457,1
C_FORECAST_0.5,all_blocks,channel_standardized,14,6.752991676330566,1
C_FORECAST_0.5,all_blocks,channel_standardized,15,6.625298023223877,1
C_FORECAST_0.5,all_blocks,channel_standardized,16,6.5321431159973145,1
C_FORECAST_0.5,all_blocks,channel_standardized,17,6.342718124389648,1
C_FORECAST_0.5,all_blocks,channel_standardized,18,6.0487542152404785,1
C_FORECAST_0.5,all_blocks,channel_standardized,19,5.873610019683838,1
C_FORECAST_0.5,all_blocks,channel_standardized,20,5.711201190948486,1
C_FORECAST_0.5,all_blocks,channel_standardized,21,5.580618858337402,1
C_FORECAST_0.5,all_blocks,channel_standardized,22,5.478902339935303,1
C_FORECAST_0.5,all_blocks,channel_standardized,23,5.335029125213623,1
C_FORECAST_0.5,all_blocks,channel_standardized,24,5.215085029602051,1
C_FORECAST_0.5,all_blocks,channel_standardized,25,5.1404128074646,1
C_FORECAST_0.5,all_blocks,channel_standardized,26,5.093919277191162,1
C_FORECAST_0.5,all_blocks,channel_standardized,27,5.008432388305664,1
C_FORECAST_0.5,all_blocks,channel_standardized,28,4.9605393409729,1
C_FORECAST_0.5,all_blocks,channel_standardized,29,4.8883280754089355,1
C_FORECAST_0.5,all_blocks,channel_standardized,30,4.747957229614258,1
C_FORECAST_0.5,all_blocks,channel_standardized,31,4.729877948760986,1
C_FORECAST_0.5,all_blocks,channel_standardized,32,4.640873908996582,1
C_FORECAST_0.5,all_blocks,channel_standardized,33,4.5507426261901855,1
C_FORECAST_0.5,all_blocks,channel_standardized,34,4.514553070068359,1
C_FORECAST_0.5,all_blocks,channel_standardized,35,4.466232776641846,1
C_FORECAST_0.5,all_blocks,channel_standardized,36,4.387503623962402,1
C_FORECAST_0.5,all_blocks,channel_standardized,37,4.364466190338135,1
C_FORECAST_0.5,all_blocks,channel_standardized,38,4.326879501342773,1
C_FORECAST_0.5,all_blocks,channel_standardized,39,4.30584716796875,1
C_FORECAST_0.5,all_blocks,channel_standardized,40,4.2613749504089355,1
C_FORECAST_0.5,all_blocks,channel_standardized,41,4.246615886688232,1
C_FORECAST_0.5,all_blocks,channel_standardized,42,4.18485164642334,1
C_FORECAST_0.5,all_blocks,channel_standardized,43,4.127706527709961,1
C_FORECAST_0.5,all_blocks,channel_standardized,44,4.112954616546631,1
C_FORECAST_0.5,all_blocks,channel_standardized,45,4.03994607925415,1
C_FORECAST_0.5,all_blocks,channel_standardized,46,4.006184101104736,1
C_FORECAST_0.5,all_blocks,channel_standardized,47,3.9720265865325928,1
C_FORECAST_0.5,all_blocks,channel_standardized,48,3.9283783435821533,1
C_FORECAST_0.5,all_blocks,channel_standardized,49,3.882178783416748,1
C_FORECAST_0.5,all_blocks,channel_standardized,50,3.8733720779418945,1
C_FORECAST_0.5,all_blocks,channel_standardized,51,3.834721803665161,1
C_FORECAST_0.5,all_blocks,channel_standardized,52,3.799034595489502,1
C_FORECAST_0.5,all_blocks,channel_standardized,53,3.734950304031372,1
C_FORECAST_0.5,all_blocks,channel_standardized,54,3.7051026821136475,1
C_FORECAST_0.5,all_blocks,channel_standardized,55,3.6844165325164795,1
C_FORECAST_0.5,all_blocks,channel_standardized,56,3.6486976146698,1
C_FORECAST_0.5,all_blocks,channel_standardized,57,3.629551887512207,1
C_FORECAST_0.5,all_blocks,channel_standardized,58,3.6143012046813965,1
C_FORECAST_0.5,all_blocks,channel_standardized,59,3.5856411457061768,1
C_FORECAST_0.5,all_blocks,channel_standardized,60,3.5416409969329834,1
C_FORECAST_0.5,all_blocks,channel_standardized,61,3.5148723125457764,1
C_FORECAST_0.5,all_blocks,channel_standardized,62,3.482436418533325,1
C_FORECAST_0.5,all_blocks,channel_standardized,63,3.477816343307495,1
C_FORECAST_0.5,all_blocks,channel_standardized,64,3.4482953548431396,1
C_FORECAST_0.5,all_blocks,channel_standardized,65,3.4253103733062744,1
C_FORECAST_0.5,all_blocks,channel_standardized,66,3.391622304916382,1
C_FORECAST_0.5,all_blocks,channel_standardized,67,3.3731775283813477,1
C_FORECAST_0.5,all_blocks,channel_standardized,68,3.3533775806427,1
C_FORECAST_0.5,all_blocks,channel_standardized,69,3.309525489807129,1
C_FORECAST_0.5,all_blocks,channel_standardized,70,3.2892777919769287,1
C_FORECAST_0.5,all_blocks,channel_standardized,71,3.2656679153442383,1
C_FORECAST_0.5,all_blocks,channel_standardized,72,3.2515645027160645,1
C_FORECAST_0.5,all_blocks,channel_standardized,73,3.233344554901123,1
C_FORECAST_0.5,all_blocks,channel_standardized,74,3.2018375396728516,1
C_FORECAST_0.5,all_blocks,channel_standardized,75,3.1662278175354004,1
C_FORECAST_0.5,all_blocks,channel_standardized,76,3.145399570465088,1
C_FORECAST_0.5,all_blocks,channel_standardized,77,3.1385936737060547,1
C_FORECAST_0.5,all_blocks,channel_standardized,78,3.1230859756469727,1
C_FORECAST_0.5,all_blocks,channel_standardized,79,3.101637125015259,1
C_FORECAST_0.5,all_blocks,channel_standardized,80,3.088184118270874,1
C_FORECAST_0.5,all_blocks,channel_standardized,81,3.0683391094207764,1
C_FORECAST_0.5,all_blocks,channel_standardized,82,3.0513832569122314,1
C_FORECAST_0.5,all_blocks,channel_standardized,83,3.0420687198638916,1
C_FORECAST_0.5,all_blocks,channel_standardized,84,3.02055287361145,1
C_FORECAST_0.5,all_blocks,channel_standardized,85,2.9821386337280273,1
C_FORECAST_0.5,all_blocks,channel_standardized,86,2.969961166381836,1
C_FORECAST_0.5,all_blocks,channel_standardized,87,2.955876111984253,1
C_FORECAST_0.5,all_blocks,channel_standardized,88,2.932476043701172,1
C_FORECAST_0.5,all_blocks,channel_standardized,89,2.927480697631836,1
C_FORECAST_0.5,all_blocks,channel_standardized,90,2.9259283542633057,1
C_FORECAST_0.5,all_blocks,channel_standardized,91,2.8769798278808594,1
C_FORECAST_0.5,all_blocks,channel_standardized,92,2.8730132579803467,1
C_FORECAST_0.5,all_blocks,channel_standardized,93,2.859628438949585,1
C_FORECAST_0.5,all_blocks,channel_standardized,94,2.8416032791137695,1
C_FORECAST_0.5,all_blocks,channel_standardized,95,2.8319389820098877,1
C_FORECAST_0.5,all_blocks,channel_standardized,96,2.8134114742279053,1
C_FORECAST_0.5,all_blocks,channel_standardized,97,2.7941441535949707,1
C_FORECAST_0.5,all_blocks,channel_standardized,98,2.7921342849731445,1
C_FORECAST_0.5,all_blocks,channel_standardized,99,2.7633464336395264,1
C_FORECAST_0.5,all_blocks,channel_standardized,100,2.7401130199432373,1
C_FORECAST_0.5,all_blocks,channel_standardized,101,2.7306532859802246,1
C_FORECAST_0.5,all_blocks,channel_standardized,102,2.7249257564544678,1
C_FORECAST_0.5,all_blocks,channel_standardized,103,2.719956874847412,1
C_FORECAST_0.5,all_blocks,channel_standardized,104,2.6986324787139893,1
C_FORECAST_0.5,all_blocks,channel_standardized,105,2.690282106399536,1
C_FORECAST_0.5,all_blocks,channel_standardized,106,2.6779491901397705,1
C_FORECAST_0.5,all_blocks,channel_standardized,107,2.6645379066467285,1
C_FORECAST_0.5,all_blocks,channel_standardized,108,2.6516456604003906,1
C_FORECAST_0.5,all_blocks,channel_standardized,109,2.640740394592285,1
C_FORECAST_0.5,all_blocks,channel_standardized,110,2.6260948181152344,1
C_FORECAST_0.5,all_blocks,channel_standardized,111,2.607663154602051,1
C_FORECAST_0.5,all_blocks,channel_standardized,112,2.601914167404175,1
C_FORECAST_0.5,all_blocks,channel_standardized,113,2.5953683853149414,1
C_FORECAST_0.5,all_blocks,channel_standardized,114,2.5692152976989746,1
C_FORECAST_0.5,all_blocks,channel_standardized,115,2.5662288665771484,1
C_FORECAST_0.5,all_blocks,channel_standardized,116,2.54823899269104,1
C_FORECAST_0.5,all_blocks,channel_standardized,117,2.544633626937866,1
C_FORECAST_0.5,all_blocks,channel_standardized,118,2.54225492477417,1
C_FORECAST_0.5,all_blocks,channel_standardized,119,2.5232632160186768,1
C_FORECAST_0.5,all_blocks,channel_standardized,120,2.504528522491455,1
C_FORECAST_0.5,all_blocks,channel_standardized,121,2.4996566772460938,1
C_FORECAST_0.5,all_blocks,channel_standardized,122,2.489473581314087,1
C_FORECAST_0.5,all_blocks,channel_standardized,123,2.462139129638672,1
C_FORECAST_0.5,all_blocks,channel_standardized,124,2.4614853858947754,1
C_FORECAST_0.5,all_blocks,channel_standardized,125,2.446657419204712,1
C_FORECAST_0.5,all_blocks,channel_standardized,126,2.4412996768951416,1
C_FORECAST_0.5,all_blocks,channel_standardized,127,2.4321625232696533,1
C_FORECAST_0.5,all_blocks,channel_standardized,128,2.4248509407043457,1
C_FORECAST_0.5,all_blocks,channel_standardized,129,2.405456304550171,1
C_FORECAST_0.5,all_blocks,channel_standardized,130,2.3994812965393066,1
C_FORECAST_0.5,all_blocks,channel_standardized,131,2.388688564300537,1
C_FORECAST_0.5,all_blocks,channel_standardized,132,2.3770153522491455,1
C_FORECAST_0.5,all_blocks,channel_standardized,133,2.371830463409424,1
C_FORECAST_0.5,all_blocks,channel_standardized,134,2.3711159229278564,1
C_FORECAST_0.5,all_blocks,channel_standardized,135,2.352130651473999,1
C_FORECAST_0.5,all_blocks,channel_standardized,136,2.347882032394409,1
C_FORECAST_0.5,all_blocks,channel_standardized,137,2.3430655002593994,1
C_FORECAST_0.5,all_blocks,channel_standardized,138,2.3235912322998047,1
C_FORECAST_0.5,all_blocks,channel_standardized,139,2.318917751312256,1
C_FORECAST_0.5,all_blocks,channel_standardized,140,2.3125460147857666,1
C_FORECAST_0.5,all_blocks,channel_standardized,141,2.300114393234253,1
C_FORECAST_0.5,all_blocks,channel_standardized,142,2.291110038757324,1
C_FORECAST_0.5,all_blocks,channel_standardized,143,2.283074378967285,1
C_FORECAST_0.5,all_blocks,channel_standardized,144,2.2787301540374756,1
C_FORECAST_0.5,all_blocks,channel_standardized,145,2.2670490741729736,1
C_FORECAST_0.5,all_blocks,channel_standardized,146,2.255448341369629,1
C_FORECAST_0.5,all_blocks,channel_standardized,147,2.2459216117858887,1
C_FORECAST_0.5,all_blocks,channel_standardized,148,2.2380781173706055,1
C_FORECAST_0.5,all_blocks,channel_standardized,149,2.2266383171081543,1
C_FORECAST_0.5,all_blocks,channel_standardized,150,2.2158491611480713,1
C_FORECAST_0.5,all_blocks,channel_standardized,151,2.211045026779175,1
C_FORECAST_0.5,all_blocks,channel_standardized,152,2.194488763809204,1
C_FORECAST_0.5,all_blocks,channel_standardized,153,2.182908535003662,1
C_FORECAST_0.5,all_blocks,channel_standardized,154,2.1760387420654297,1
C_FORECAST_0.5,all_blocks,channel_standardized,155,2.1734373569488525,1
C_FORECAST_0.5,all_blocks,channel_standardized,156,2.168958902359009,1
C_FORECAST_0.5,all_blocks,channel_standardized,157,2.1541614532470703,1
C_FORECAST_0.5,all_blocks,channel_standardized,158,2.14884614944458,1
C_FORECAST_0.5,all_blocks,channel_standardized,159,2.136582136154175,1
C_FORECAST_0.5,all_blocks,channel_standardized,160,2.129565954208374,1
C_FORECAST_0.5,all_blocks,channel_standardized,161,2.126093626022339,1
C_FORECAST_0.5,all_blocks,channel_standardized,162,2.108180284500122,1
C_FORECAST_0.5,all_blocks,channel_standardized,163,2.103872537612915,1
C_FORECAST_0.5,all_blocks,channel_standardized,164,2.0972676277160645,1
C_FORECAST_0.5,all_blocks,channel_standardized,165,2.0950522422790527,1
C_FORECAST_0.5,all_blocks,channel_standardized,166,2.085744619369507,1
C_FORECAST_0.5,all_blocks,channel_standardized,167,2.0776774883270264,1
C_FORECAST_0.5,all_blocks,channel_standardized,168,2.0755820274353027,1
C_FORECAST_0.5,all_blocks,channel_standardized,169,2.069873094558716,1
C_FORECAST_0.5,all_blocks,channel_standardized,170,2.06239652633667,1
C_FORECAST_0.5,all_blocks,channel_standardized,171,2.0517091751098633,0
C_FORECAST_0.5,all_blocks,channel_standardized,172,2.0412912368774414,0
C_FORECAST_0.5,all_blocks,channel_standardized,173,2.0347328186035156,0
C_FORECAST_0.5,all_blocks,channel_standardized,174,2.0301949977874756,0
C_FORECAST_0.5,all_blocks,channel_standardized,175,2.02433443069458,0
C_FORECAST_0.5,all_blocks,channel_standardized,176,2.016669988632202,0
C_FORECAST_0.5,all_blocks,channel_standardized,177,2.0060927867889404,0
C_FORECAST_0.5,all_blocks,channel_standardized,178,1.9976699352264404,0
C_FORECAST_0.5,all_blocks,channel_standardized,179,1.9897874593734741,0
C_FORECAST_0.5,all_blocks,channel_standardized,180,1.9826183319091797,0
C_FORECAST_0.5,all_blocks,channel_standardized,181,1.9787302017211914,0
C_FORECAST_0.5,all_blocks,channel_standardized,182,1.9698395729064941,0
C_FORECAST_0.5,all_blocks,channel_standardized,183,1.9651647806167603,0
C_FORECAST_0.5,all_blocks,channel_standardized,184,1.959709644317627,0
C_FORECAST_0.5,all_blocks,channel_standardized,185,1.9475675821304321,0
C_FORECAST_0.5,all_blocks,channel_standardized,186,1.938097596168518,0
C_FORECAST_0.5,all_blocks,channel_standardized,187,1.9341763257980347,0
C_FORECAST_0.5,all_blocks,channel_standardized,188,1.9234939813613892,0
C_FORECAST_0.5,all_blocks,channel_standardized,189,1.9191029071807861,0
C_FORECAST_0.5,all_blocks,channel_standardized,190,1.9102340936660767,0
C_FORECAST_0.5,all_blocks,channel_standardized,191,1.8995625972747803,0
C_FORECAST_0.5,all_blocks,channel_standardized,192,1.8959298133850098,0
C_FORECAST_0.5,all_blocks,channel_standardized,193,1.8887940645217896,0
C_FORECAST_0.5,all_blocks,channel_standardized,194,1.884555459022522,0
C_FORECAST_0.5,all_blocks,channel_standardized,195,1.8812047243118286,0
C_FORECAST_0.5,all_blocks,channel_standardized,196,1.874800205230713,0
C_FORECAST_0.5,all_blocks,channel_standardized,197,1.86335289478302,0
C_FORECAST_0.5,all_blocks,channel_standardized,198,1.859502911567688,0
C_FORECAST_0.5,all_blocks,channel_standardized,199,1.85888671875,0
C_FORECAST_0.5,all_blocks,channel_standardized,200,1.8519995212554932,0
C_FORECAST_0.5,all_blocks,channel_standardized,201,1.8468421697616577,0
C_FORECAST_0.5,all_blocks,channel_standardized,202,1.8363896608352661,0
C_FORECAST_0.5,all_blocks,channel_standardized,203,1.834594964981079,0
C_FORECAST_0.5,all_blocks,channel_standardized,204,1.826657772064209,0
C_FORECAST_0.5,all_blocks,channel_standardized,205,1.818813681602478,0
C_FORECAST_0.5,all_blocks,channel_standardized,206,1.815555453300476,0
C_FORECAST_0.5,all_blocks,channel_standardized,207,1.8128118515014648,0
C_FORECAST_0.5,all_blocks,channel_standardized,208,1.807931900024414,0
C_FORECAST_0.5,all_blocks,channel_standardized,209,1.803625464439392,0
C_FORECAST_0.5,all_blocks,channel_standardized,210,1.7946120500564575,0
C_FORECAST_0.5,all_blocks,channel_standardized,211,1.7882938385009766,0
C_FORECAST_0.5,all_blocks,channel_standardized,212,1.7843493223190308,0
C_FORECAST_0.5,all_blocks,channel_standardized,213,1.7819561958312988,0
C_FORECAST_0.5,all_blocks,channel_standardized,214,1.7699207067489624,0
C_FORECAST_0.5,all_blocks,channel_standardized,215,1.7630776166915894,0
C_FORECAST_0.5,all_blocks,channel_standardized,216,1.7566419839859009,0
C_FORECAST_0.5,all_blocks,channel_standardized,217,1.7543998956680298,0
C_FORECAST_0.5,all_blocks,channel_standardized,218,1.7501449584960938,0
C_FORECAST_0.5,all_blocks,channel_standardized,219,1.7493232488632202,0
C_FORECAST_0.5,all_blocks,channel_standardized,220,1.741887092590332,0
C_FORECAST_0.5,all_blocks,channel_standardized,221,1.734273076057434,0
C_FORECAST_0.5,all_blocks,channel_standardized,222,1.72872793674469,0
C_FORECAST_0.5,all_blocks,channel_standardized,223,1.7215406894683838,0
C_FORECAST_0.5,all_blocks,channel_standardized,224,1.7175272703170776,0
C_FORECAST_0.5,all_blocks,channel_standardized,225,1.7098498344421387,0
C_FORECAST_0.5,all_blocks,channel_standardized,226,1.7079156637191772,0
C_FORECAST_0.5,all_blocks,channel_standardized,227,1.703712821006775,0
C_FORECAST_0.5,all_blocks,channel_standardized,228,1.696853518486023,0
C_FORECAST_0.5,all_blocks,channel_standardized,229,1.6894102096557617,0
C_FORECAST_0.5,all_blocks,channel_standardized,230,1.6883994340896606,0
C_FORECAST_0.5,all_blocks,channel_standardized,231,1.6772063970565796,0
C_FORECAST_0.5,all_blocks,channel_standardized,232,1.6749299764633179,0
C_FORECAST_0.5,all_blocks,channel_standardized,233,1.6733529567718506,0
C_FORECAST_0.5,all_blocks,channel_standardized,234,1.669821858406067,0
C_FORECAST_0.5,all_blocks,channel_standardized,235,1.662750005722046,0
C_FORECAST_0.5,all_blocks,channel_standardized,236,1.6573610305786133,0
C_FORECAST_0.5,all_blocks,channel_standardized,237,1.648412823677063,0
C_FORECAST_0.5,all_blocks,channel_standardized,238,1.6448023319244385,0
C_FORECAST_0.5,all_blocks,channel_standardized,239,1.6430622339248657,0
C_FORECAST_0.5,all_blocks,channel_standardized,240,1.6381800174713135,0
C_FORECAST_0.5,all_blocks,channel_standardized,241,1.630190372467041,0
C_FORECAST_0.5,all_blocks,channel_standardized,242,1.6279586553573608,0
C_FORECAST_0.5,all_blocks,channel_standardized,243,1.6235058307647705,0
C_FORECAST_0.5,all_blocks,channel_standardized,244,1.6219075918197632,0
C_FORECAST_0.5,all_blocks,channel_standardized,245,1.6163411140441895,0
C_FORECAST_0.5,all_blocks,channel_standardized,246,1.6074503660202026,0
C_FORECAST_0.5,all_blocks,channel_standardized,247,1.6054739952087402,0
C_FORECAST_0.5,all_blocks,channel_standardized,248,1.6015146970748901,0
C_FORECAST_0.5,all_blocks,channel_standardized,249,1.5953623056411743,0
C_FORECAST_0.5,all_blocks,channel_standardized,250,1.5909979343414307,0
C_FORECAST_0.5,all_blocks,channel_standardized,251,1.5856374502182007,0
C_FORECAST_0.5,all_blocks,channel_standardized,252,1.5808584690093994,0
C_FORECAST_0.5,all_blocks,channel_standardized,253,1.5791856050491333,0
C_FORECAST_0.5,all_blocks,channel_standardized,254,1.5742217302322388,0
C_FORECAST_0.5,all_blocks,channel_standardized,255,1.5707194805145264,0
C_FORECAST_0.5,all_blocks,channel_standardized,256,1.5627992153167725,0
C_FORECAST_0.5,all_blocks,channel_standardized,257,1.5533233880996704,0
C_FORECAST_0.5,all_blocks,channel_standardized,258,1.5526353120803833,0
C_FORECAST_0.5,all_blocks,channel_standardized,259,1.5509041547775269,0
C_FORECAST_0.5,all_blocks,channel_standardized,260,1.5431596040725708,0
C_FORECAST_0.5,all_blocks,channel_standardized,261,1.5419431924819946,0
C_FORECAST_0.5,all_blocks,channel_standardized,262,1.535697102546692,0
C_FORECAST_0.5,all_blocks,channel_standardized,263,1.5328861474990845,0
C_FORECAST_0.5,all_blocks,channel_standardized,264,1.5282810926437378,0
C_FORECAST_0.5,all_blocks,channel_standardized,265,1.5247361660003662,0
C_FORECAST_0.5,all_blocks,channel_standardized,266,1.5177052021026611,0
C_FORECAST_0.5,all_blocks,channel_standardized,267,1.5161548852920532,0
C_FORECAST_0.5,all_blocks,channel_standardized,268,1.5146113634109497,0
C_FORECAST_0.5,all_blocks,channel_standardized,269,1.5068429708480835,0
C_FORECAST_0.5,all_blocks,channel_standardized,270,1.5016570091247559,0
C_FORECAST_0.5,all_blocks,channel_standardized,271,1.4989715814590454,0
C_FORECAST_0.5,all_blocks,channel_standardized,272,1.494315505027771,0
C_FORECAST_0.5,all_blocks,channel_standardized,273,1.4896153211593628,0
C_FORECAST_0.5,all_blocks,channel_standardized,274,1.4893290996551514,0
C_FORECAST_0.5,all_blocks,channel_standardized,275,1.4833017587661743,0
C_FORECAST_0.5,all_blocks,channel_standardized,276,1.47865891456604,0
C_FORECAST_0.5,all_blocks,channel_standardized,277,1.4760481119155884,0
C_FORECAST_0.5,all_blocks,channel_standardized,278,1.4708099365234375,0
C_FORECAST_0.5,all_blocks,channel_standardized,279,1.4659929275512695,0
C_FORECAST_0.5,all_blocks,channel_standardized,280,1.4653621912002563,0
C_FORECAST_0.5,all_blocks,channel_standardized,281,1.4580039978027344,0
C_FORECAST_0.5,all_blocks,channel_standardized,282,1.4523155689239502,0
C_FORECAST_0.5,all_blocks,channel_standardized,283,1.4485002756118774,0
C_FORECAST_0.5,all_blocks,channel_standardized,284,1.4475706815719604,0
C_FORECAST_0.5,all_blocks,channel_standardized,285,1.4413684606552124,0
C_FORECAST_0.5,all_blocks,channel_standardized,286,1.439643383026123,0
C_FORECAST_0.5,all_blocks,channel_standardized,287,1.4362359046936035,0
C_FORECAST_0.5,all_blocks,channel_standardized,288,1.4313491582870483,0
C_FORECAST_0.5,all_blocks,channel_standardized,289,1.4270799160003662,0
C_FORECAST_0.5,all_blocks,channel_standardized,290,1.4232064485549927,0
C_FORECAST_0.5,all_blocks,channel_standardized,291,1.4193246364593506,0
C_FORECAST_0.5,all_blocks,channel_standardized,292,1.4181993007659912,0
C_FORECAST_0.5,all_blocks,channel_standardized,293,1.4138906002044678,0
C_FORECAST_0.5,all_blocks,channel_standardized,294,1.41286301612854,0
C_FORECAST_0.5,all_blocks,channel_standardized,295,1.4098026752471924,0
C_FORECAST_0.5,all_blocks,channel_standardized,296,1.409048080444336,0
C_FORECAST_0.5,all_blocks,channel_standardized,297,1.398150086402893,0
C_FORECAST_0.5,all_blocks,channel_standardized,298,1.3959757089614868,0
C_FORECAST_0.5,all_blocks,channel_standardized,299,1.3946889638900757,0
C_FORECAST_0.5,all_blocks,channel_standardized,300,1.3920392990112305,0
C_FORECAST_0.5,all_blocks,channel_standardized,301,1.3892871141433716,0
C_FORECAST_0.5,all_blocks,channel_standardized,302,1.384468674659729,0
C_FORECAST_0.5,all_blocks,channel_standardized,303,1.3803681135177612,0
C_FORECAST_0.5,all_blocks,channel_standardized,304,1.3745040893554688,0
C_FORECAST_0.5,all_blocks,channel_standardized,305,1.3713752031326294,0
C_FORECAST_0.5,all_blocks,channel_standardized,306,1.3675042390823364,0
C_FORECAST_0.5,all_blocks,channel_standardized,307,1.3645247220993042,0
C_FORECAST_0.5,all_blocks,channel_standardized,308,1.3573999404907227,0
C_FORECAST_0.5,all_blocks,channel_standardized,309,1.3550926446914673,0
C_FORECAST_0.5,all_blocks,channel_standardized,310,1.353502869606018,0
C_FORECAST_0.5,all_blocks,channel_standardized,311,1.3519401550292969,0
C_FORECAST_0.5,all_blocks,channel_standardized,312,1.3479459285736084,0
C_FORECAST_0.5,all_blocks,channel_standardized,313,1.3437204360961914,0
C_FORECAST_0.5,all_blocks,channel_standardized,314,1.3393696546554565,0
C_FORECAST_0.5,all_blocks,channel_standardized,315,1.336683988571167,0
C_FORECAST_0.5,all_blocks,channel_standardized,316,1.3353722095489502,0
C_FORECAST_0.5,all_blocks,channel_standardized,317,1.329466700553894,0
C_FORECAST_0.5,all_blocks,channel_standardized,318,1.3263065814971924,0
C_FORECAST_0.5,all_blocks,channel_standardized,319,1.3241124153137207,0
C_FORECAST_0.5,all_blocks,channel_standardized,320,1.3215445280075073,0
C_FORECAST_0.5,all_blocks,channel_standardized,321,1.3179765939712524,0
C_FORECAST_0.5,all_blocks,channel_standardized,322,1.3141207695007324,0
C_FORECAST_0.5,all_blocks,channel_standardized,323,1.3107936382293701,0
C_FORECAST_0.5,all_blocks,channel_standardized,324,1.308105230331421,0
C_FORECAST_0.5,all_blocks,channel_standardized,325,1.3061920404434204,0
C_FORECAST_0.5,all_blocks,channel_standardized,326,1.2982572317123413,0
C_FORECAST_0.5,all_blocks,channel_standardized,327,1.2953147888183594,0
C_FORECAST_0.5,all_blocks,channel_standardized,328,1.295220971107483,0
C_FORECAST_0.5,all_blocks,channel_standardized,329,1.2929757833480835,0
C_FORECAST_0.5,all_blocks,channel_standardized,330,1.2909696102142334,0
C_FORECAST_0.5,all_blocks,channel_standardized,331,1.2862422466278076,0
C_FORECAST_0.5,all_blocks,channel_standardized,332,1.2840508222579956,0
C_FORECAST_0.5,all_blocks,channel_standardized,333,1.2773243188858032,0
C_FORECAST_0.5,all_blocks,channel_standardized,334,1.2744189500808716,0
C_FORECAST_0.5,all_blocks,channel_standardized,335,1.2728991508483887,0
C_FORECAST_0.5,all_blocks,channel_standardized,336,1.2704734802246094,0
C_FORECAST_0.5,all_blocks,channel_standardized,337,1.2683981657028198,0
C_FORECAST_0.5,all_blocks,channel_standardized,338,1.264814853668213,0
C_FORECAST_0.5,all_blocks,channel_standardized,339,1.2595999240875244,0
C_FORECAST_0.5,all_blocks,channel_standardized,340,1.2572330236434937,0
C_FORECAST_0.5,all_blocks,channel_standardized,341,1.2541353702545166,0
C_FORECAST_0.5,all_blocks,channel_standardized,342,1.2492718696594238,0
C_FORECAST_0.5,all_blocks,channel_standardized,343,1.2481870651245117,0
C_FORECAST_0.5,all_blocks,channel_standardized,344,1.2418341636657715,0
C_FORECAST_0.5,all_blocks,channel_standardized,345,1.2387973070144653,0
C_FORECAST_0.5,all_blocks,channel_standardized,346,1.2368191480636597,0
C_FORECAST_0.5,all_blocks,channel_standardized,347,1.233221173286438,0
C_FORECAST_0.5,all_blocks,channel_standardized,348,1.2307521104812622,0
C_FORECAST_0.5,all_blocks,channel_standardized,349,1.2273279428482056,0
C_FORECAST_0.5,all_blocks,channel_standardized,350,1.223623275756836,0
C_FORECAST_0.5,all_blocks,channel_standardized,351,1.2224886417388916,0
C_FORECAST_0.5,all_blocks,channel_standardized,352,1.216871976852417,0
C_FORECAST_0.5,all_blocks,channel_standardized,353,1.2148016691207886,0
C_FORECAST_0.5,all_blocks,channel_standardized,354,1.2137134075164795,0
C_FORECAST_0.5,all_blocks,channel_standardized,355,1.2108864784240723,0
C_FORECAST_0.5,all_blocks,channel_standardized,356,1.2088357210159302,0
C_FORECAST_0.5,all_blocks,channel_standardized,357,1.203128457069397,0
C_FORECAST_0.5,all_blocks,channel_standardized,358,1.1991126537322998,0
C_FORECAST_0.5,all_blocks,channel_standardized,359,1.1952712535858154,0
C_FORECAST_0.5,all_blocks,channel_standardized,360,1.1944477558135986,0
C_FORECAST_0.5,all_blocks,channel_standardized,361,1.1912354230880737,0
C_FORECAST_0.5,all_blocks,channel_standardized,362,1.190129280090332,0
C_FORECAST_0.5,all_blocks,channel_standardized,363,1.1870983839035034,0
C_FORECAST_0.5,all_blocks,channel_standardized,364,1.183916687965393,0
C_FORECAST_0.5,all_blocks,channel_standardized,365,1.1798007488250732,0
C_FORECAST_0.5,all_blocks,channel_standardized,366,1.1788740158081055,0
C_FORECAST_0.5,all_blocks,channel_standardized,367,1.17805016040802,0
C_FORECAST_0.5,all_blocks,channel_standardized,368,1.1764235496520996,0
C_FORECAST_0.5,all_blocks,channel_standardized,369,1.1732892990112305,0
C_FORECAST_0.5,all_blocks,channel_standardized,370,1.166638970375061,0
C_FORECAST_0.5,all_blocks,channel_standardized,371,1.1664083003997803,0
C_FORECAST_0.5,all_blocks,channel_standardized,372,1.1607457399368286,0
C_FORECAST_0.5,all_blocks,channel_standardized,373,1.1595876216888428,0
C_FORECAST_0.5,all_blocks,channel_standardized,374,1.1572190523147583,0
C_FORECAST_0.5,all_blocks,channel_standardized,375,1.1538732051849365,0
C_FORECAST_0.5,all_blocks,channel_standardized,376,1.1520034074783325,0
C_FORECAST_0.5,all_blocks,channel_standardized,377,1.1507655382156372,0
C_FORECAST_0.5,all_blocks,channel_standardized,378,1.146815538406372,0
C_FORECAST_0.5,all_blocks,channel_standardized,379,1.143550157546997,0
C_FORECAST_0.5,all_blocks,channel_standardized,380,1.1415046453475952,0
C_FORECAST_0.5,all_blocks,channel_standardized,381,1.1395347118377686,0
C_FORECAST_0.5,all_blocks,channel_standardized,382,1.1366995573043823,0
C_FORECAST_0.5,all_blocks,channel_standardized,383,1.1336991786956787,0
C_FORECAST_0.5,all_blocks,channel_standardized,384,1.1301662921905518,0
C_FORECAST_0.5,all_blocks,channel_standardized,385,1.129741907119751,0
C_FORECAST_0.5,all_blocks,channel_standardized,386,1.1255489587783813,0
C_FORECAST_0.5,all_blocks,channel_standardized,387,1.125179409980774,0
C_FORECAST_0.5,all_blocks,channel_standardized,388,1.121667742729187,0
C_FORECAST_0.5,all_blocks,channel_standardized,389,1.1193286180496216,0
C_FORECAST_0.5,all_blocks,channel_standardized,390,1.1169193983078003,0
C_FORECAST_0.5,all_blocks,channel_standardized,391,1.1154885292053223,0
C_FORECAST_0.5,all_blocks,channel_standardized,392,1.1133036613464355,0
C_FORECAST_0.5,all_blocks,channel_standardized,393,1.1100791692733765,0
C_FORECAST_0.5,all_blocks,channel_standardized,394,1.1073511838912964,0
C_FORECAST_0.5,all_blocks,channel_standardized,395,1.1050174236297607,0
C_FORECAST_0.5,all_blocks,channel_standardized,396,1.1013342142105103,0
C_FORECAST_0.5,all_blocks,channel_standardized,397,1.0985822677612305,0
C_FORECAST_0.5,all_blocks,channel_standardized,398,1.0964313745498657,0
C_FORECAST_0.5,all_blocks,channel_standardized,399,1.0942554473876953,0
C_FORECAST_0.5,all_blocks,channel_standardized,400,1.091036081314087,0
C_FORECAST_0.5,all_blocks,channel_standardized,401,1.0890016555786133,0
C_FORECAST_0.5,all_blocks,channel_standardized,402,1.0877195596694946,0
C_FORECAST_0.5,all_blocks,channel_standardized,403,1.0861120223999023,0
C_FORECAST_0.5,all_blocks,channel_standardized,404,1.0817128419876099,0
C_FORECAST_0.5,all_blocks,channel_standardized,405,1.0802193880081177,0
C_FORECAST_0.5,all_blocks,channel_standardized,406,1.07806396484375,0
C_FORECAST_0.5,all_blocks,channel_standardized,407,1.0766000747680664,0
C_FORECAST_0.5,all_blocks,channel_standardized,408,1.0745232105255127,0
C_FORECAST_0.5,all_blocks,channel_standardized,409,1.071413516998291,0
C_FORECAST_0.5,all_blocks,channel_standardized,410,1.0689951181411743,0
C_FORECAST_0.5,all_blocks,channel_standardized,411,1.0655590295791626,0
C_FORECAST_0.5,all_blocks,channel_standardized,412,1.0615812540054321,0
C_FORECAST_0.5,all_blocks,channel_standardized,413,1.0605696439743042,0
C_FORECAST_0.5,all_blocks,channel_standardized,414,1.0599318742752075,0
C_FORECAST_0.5,all_blocks,channel_standardized,415,1.058280348777771,0
C_FORECAST_0.5,all_blocks,channel_standardized,416,1.053755521774292,0
C_FORECAST_0.5,all_blocks,channel_standardized,417,1.0524576902389526,0
C_FORECAST_0.5,all_blocks,channel_standardized,418,1.0483580827713013,0
C_FORECAST_0.5,all_blocks,channel_standardized,419,1.0455563068389893,0
C_FORECAST_0.5,all_blocks,channel_standardized,420,1.0451806783676147,0
C_FORECAST_0.5,all_blocks,channel_standardized,421,1.0413058996200562,0
C_FORECAST_0.5,all_blocks,channel_standardized,422,1.037630558013916,0
C_FORECAST_0.5,all_blocks,channel_standardized,423,1.0355429649353027,0
C_FORECAST_0.5,all_blocks,channel_standardized,424,1.0347609519958496,0
C_FORECAST_0.5,all_blocks,channel_standardized,425,1.0325156450271606,0
C_FORECAST_0.5,all_blocks,channel_standardized,426,1.0307286977767944,0
C_FORECAST_0.5,all_blocks,channel_standardized,427,1.0285756587982178,0
C_FORECAST_0.5,all_blocks,channel_standardized,428,1.027795672416687,0
C_FORECAST_0.5,all_blocks,channel_standardized,429,1.0241280794143677,0
C_FORECAST_0.5,all_blocks,channel_standardized,430,1.0216156244277954,0
C_FORECAST_0.5,all_blocks,channel_standardized,431,1.020727515220642,0
C_FORECAST_0.5,all_blocks,channel_standardized,432,1.0191391706466675,0
C_FORECAST_0.5,all_blocks,channel_standardized,433,1.0131988525390625,0
C_FORECAST_0.5,all_blocks,channel_standardized,434,1.0125532150268555,0
C_FORECAST_0.5,all_blocks,channel_standardized,435,1.0105061531066895,0
C_FORECAST_0.5,all_blocks,channel_standardized,436,1.0066314935684204,0
C_FORECAST_0.5,all_blocks,channel_standardized,437,1.0049049854278564,0
C_FORECAST_0.5,all_blocks,channel_standardized,438,1.0016390085220337,0
C_FORECAST_0.5,all_blocks,channel_standardized,439,1.0009346008300781,0
C_FORECAST_0.5,all_blocks,channel_standardized,440,0.9976999163627625,0
C_FORECAST_0.5,all_blocks,channel_standardized,441,0.9956312775611877,0
C_FORECAST_0.5,all_blocks,channel_standardized,442,0.9939413070678711,0
C_FORECAST_0.5,all_blocks,channel_standardized,443,0.9922395944595337,0
C_FORECAST_0.5,all_blocks,channel_standardized,444,0.9877955913543701,0
C_FORECAST_0.5,all_blocks,channel_standardized,445,0.9866483211517334,0
C_FORECAST_0.5,all_blocks,channel_standardized,446,0.9848242998123169,0
C_FORECAST_0.5,all_blocks,channel_standardized,447,0.9838168621063232,0
C_FORECAST_0.5,all_blocks,channel_standardized,448,0.9828692674636841,0
C_FORECAST_0.5,all_blocks,channel_standardized,449,0.9798513054847717,0
C_FORECAST_0.5,all_blocks,channel_standardized,450,0.9782608151435852,0
C_FORECAST_0.5,all_blocks,channel_standardized,451,0.9766519665718079,0
C_FORECAST_0.5,all_blocks,channel_standardized,452,0.9729678630828857,0
C_FORECAST_0.5,all_blocks,channel_standardized,453,0.9720632433891296,0
C_FORECAST_0.5,all_blocks,channel_standardized,454,0.9698957204818726,0
C_FORECAST_0.5,all_blocks,channel_standardized,455,0.967686116695404,0
C_FORECAST_0.5,all_blocks,channel_standardized,456,0.9665024280548096,0
C_FORECAST_0.5,all_blocks,channel_standardized,457,0.9645010828971863,0
C_FORECAST_0.5,all_blocks,channel_standardized,458,0.9634056687355042,0
C_FORECAST_0.5,all_blocks,channel_standardized,459,0.9593376517295837,0
C_FORECAST_0.5,all_blocks,channel_standardized,460,0.9576393961906433,0
C_FORECAST_0.5,all_blocks,channel_standardized,461,0.957042396068573,0
C_FORECAST_0.5,all_blocks,channel_standardized,462,0.9544312357902527,0
C_FORECAST_0.5,all_blocks,channel_standardized,463,0.9523590803146362,0
C_FORECAST_0.5,all_blocks,channel_standardized,464,0.9514310359954834,0
C_FORECAST_0.5,all_blocks,channel_standardized,465,0.9482004642486572,0
C_FORECAST_0.5,all_blocks,channel_standardized,466,0.944568395614624,0
C_FORECAST_0.5,all_blocks,channel_standardized,467,0.9434431195259094,0
C_FORECAST_0.5,all_blocks,channel_standardized,468,0.9423073530197144,0
C_FORECAST_0.5,all_blocks,channel_standardized,469,0.9395797252655029,0
C_FORECAST_0.5,all_blocks,channel_standardized,470,0.9393311142921448,0
C_FORECAST_0.5,all_blocks,channel_standardized,471,0.9354129433631897,0
C_FORECAST_0.5,all_blocks,channel_standardized,472,0.9341104030609131,0
C_FORECAST_0.5,all_blocks,channel_standardized,473,0.9328535199165344,0
C_FORECAST_0.5,all_blocks,channel_standardized,474,0.9323456883430481,0
C_FORECAST_0.5,all_blocks,channel_standardized,475,0.9285873770713806,0
C_FORECAST_0.5,all_blocks,channel_standardized,476,0.9258376359939575,0
C_FORECAST_0.5,all_blocks,channel_standardized,477,0.9224359393119812,0
C_FORECAST_0.5,all_blocks,channel_standardized,478,0.9215020537376404,0
C_FORECAST_0.5,all_blocks,channel_standardized,479,0.9188047051429749,0
C_FORECAST_0.5,all_blocks,channel_standardized,480,0.9173403978347778,0
C_FORECAST_0.5,all_blocks,channel_standardized,481,0.9165530204772949,0
C_FORECAST_0.5,all_blocks,channel_standardized,482,0.9143598675727844,0
C_FORECAST_0.5,all_blocks,channel_standardized,483,0.9133660197257996,0
C_FORECAST_0.5,all_blocks,channel_standardized,484,0.9099441170692444,0
C_FORECAST_0.5,all_blocks,channel_standardized,485,0.9081182479858398,0
C_FORECAST_0.5,all_blocks,channel_standardized,486,0.9068824648857117,0
C_FORECAST_0.5,all_blocks,channel_standardized,487,0.9059742093086243,0
C_FORECAST_0.5,all_blocks,channel_standardized,488,0.9023571610450745,0
C_FORECAST_0.5,all_blocks,channel_standardized,489,0.901589035987854,0
C_FORECAST_0.5,all_blocks,channel_standardized,490,0.9008361101150513,0
C_FORECAST_0.5,all_blocks,channel_standardized,491,0.8971782922744751,0
C_FORECAST_0.5,all_blocks,channel_standardized,492,0.8959723114967346,0
C_FORECAST_0.5,all_blocks,channel_standardized,493,0.8957027792930603,0
C_FORECAST_0.5,all_blocks,channel_standardized,494,0.8933122754096985,0
C_FORECAST_0.5,all_blocks,channel_standardized,495,0.8905081152915955,0
C_FORECAST_0.5,all_blocks,channel_standardized,496,0.8896811008453369,0
C_FORECAST_0.5,all_blocks,channel_standardized,497,0.8882419466972351,0
C_FORECAST_0.5,all_blocks,channel_standardized,498,0.88711017370224,0
C_FORECAST_0.5,all_blocks,channel_standardized,499,0.8825864791870117,0
C_FORECAST_0.5,all_blocks,channel_standardized,500,0.8809518814086914,0
C_FORECAST_0.5,all_blocks,channel_standardized,501,0.8795061111450195,0
C_FORECAST_0.5,all_blocks,channel_standardized,502,0.8781964182853699,0
C_FORECAST_0.5,all_blocks,channel_standardized,503,0.8756459951400757,0
C_FORECAST_0.5,all_blocks,channel_standardized,504,0.8743787407875061,0
C_FORECAST_0.5,all_blocks,channel_standardized,505,0.872502326965332,0
C_FORECAST_0.5,all_blocks,channel_standardized,506,0.8699060082435608,0
C_FORECAST_0.5,all_blocks,channel_standardized,507,0.8690271377563477,0
C_FORECAST_0.5,all_blocks,channel_standardized,508,0.8656801581382751,0
C_FORECAST_0.5,all_blocks,channel_standardized,509,0.863494873046875,0
C_FORECAST_0.5,all_blocks,channel_standardized,510,0.8609029650688171,0
C_FORECAST_0.5,all_blocks,channel_standardized,511,0.8592612147331238,0
C_FORECAST_0.5,all_blocks,channel_standardized,512,0.8567299246788025,0
C_FORECAST_0.5,all_blocks,channel_standardized,513,0.8555112481117249,0
C_FORECAST_0.5,all_blocks,channel_standardized,514,0.8547797203063965,0
C_FORECAST_0.5,all_blocks,channel_standardized,515,0.8520134687423706,0
C_FORECAST_0.5,all_blocks,channel_standardized,516,0.8514893054962158,0
C_FORECAST_0.5,all_blocks,channel_standardized,517,0.8493142127990723,0
C_FORECAST_0.5,all_blocks,channel_standardized,518,0.8479406833648682,0
C_FORECAST_0.5,all_blocks,channel_standardized,519,0.8433109521865845,0
C_FORECAST_0.5,all_blocks,channel_standardized,520,0.8422432541847229,0
C_FORECAST_0.5,all_blocks,channel_standardized,521,0.8412099480628967,0
C_FORECAST_0.5,all_blocks,channel_standardized,522,0.8403463363647461,0
C_FORECAST_0.5,all_blocks,channel_standardized,523,0.8375095725059509,0
C_FORECAST_0.5,all_blocks,channel_standardized,524,0.8372488617897034,0
C_FORECAST_0.5,all_blocks,channel_standardized,525,0.8349525928497314,0
C_FORECAST_0.5,all_blocks,channel_standardized,526,0.8329616189002991,0
C_FORECAST_0.5,all_blocks,channel_standardized,527,0.8319748640060425,0
C_FORECAST_0.5,all_blocks,channel_standardized,528,0.8291354179382324,0
C_FORECAST_0.5,all_blocks,channel_standardized,529,0.8275303840637207,0
C_FORECAST_0.5,all_blocks,channel_standardized,530,0.8267397284507751,0
C_FORECAST_0.5,all_blocks,channel_standardized,531,0.8261935710906982,0
C_FORECAST_0.5,all_blocks,channel_standardized,532,0.8246318697929382,0
C_FORECAST_0.5,all_blocks,channel_standardized,533,0.822352945804596,0
C_FORECAST_0.5,all_blocks,channel_standardized,534,0.8193088173866272,0
C_FORECAST_0.5,all_blocks,channel_standardized,535,0.8185537457466125,0
C_FORECAST_0.5,all_blocks,channel_standardized,536,0.8172130584716797,0
C_FORECAST_0.5,all_blocks,channel_standardized,537,0.8146975636482239,0
C_FORECAST_0.5,all_blocks,channel_standardized,538,0.813107430934906,0
C_FORECAST_0.5,all_blocks,channel_standardized,539,0.8126397132873535,0
C_FORECAST_0.5,all_blocks,channel_standardized,540,0.8095570206642151,0
C_FORECAST_0.5,all_blocks,channel_standardized,541,0.8089057803153992,0
C_FORECAST_0.5,all_blocks,channel_standardized,542,0.8074584007263184,0
C_FORECAST_0.5,all_blocks,channel_standardized,543,0.8059163689613342,0
C_FORECAST_0.5,all_blocks,channel_standardized,544,0.8035938143730164,0
C_FORECAST_0.5,all_blocks,channel_standardized,545,0.8019029498100281,0
C_FORECAST_0.5,all_blocks,channel_standardized,546,0.7996513247489929,0
C_FORECAST_0.5,all_blocks,channel_standardized,547,0.797511875629425,0
C_FORECAST_0.5,all_blocks,channel_standardized,548,0.7967534065246582,0
C_FORECAST_0.5,all_blocks,channel_standardized,549,0.795279860496521,0
C_FORECAST_0.5,all_blocks,channel_standardized,550,0.793899416923523,0
C_FORECAST_0.5,all_blocks,channel_standardized,551,0.7921523451805115,0
C_FORECAST_0.5,all_blocks,channel_standardized,552,0.7903701066970825,0
C_FORECAST_0.5,all_blocks,channel_standardized,553,0.7898095846176147,0
C_FORECAST_0.5,all_blocks,channel_standardized,554,0.7871767282485962,0
C_FORECAST_0.5,all_blocks,channel_standardized,555,0.7855406999588013,0
C_FORECAST_0.5,all_blocks,channel_standardized,556,0.7836813926696777,0
C_FORECAST_0.5,all_blocks,channel_standardized,557,0.7804980874061584,0
C_FORECAST_0.5,all_blocks,channel_standardized,558,0.7797490954399109,0
C_FORECAST_0.5,all_blocks,channel_standardized,559,0.7783597707748413,0
C_FORECAST_0.5,all_blocks,channel_standardized,560,0.7771004438400269,0
C_FORECAST_0.5,all_blocks,channel_standardized,561,0.775646984577179,0
C_FORECAST_0.5,all_blocks,channel_standardized,562,0.7751449346542358,0
C_FORECAST_0.5,all_blocks,channel_standardized,563,0.7727896571159363,0
C_FORECAST_0.5,all_blocks,channel_standardized,564,0.7709033489227295,0
C_FORECAST_0.5,all_blocks,channel_standardized,565,0.7702390551567078,0
C_FORECAST_0.5,all_blocks,channel_standardized,566,0.7685651183128357,0
C_FORECAST_0.5,all_blocks,channel_standardized,567,0.7663649916648865,0
C_FORECAST_0.5,all_blocks,channel_standardized,568,0.7651988863945007,0
C_FORECAST_0.5,all_blocks,channel_standardized,569,0.7639176249504089,0
C_FORECAST_0.5,all_blocks,channel_standardized,570,0.7635513544082642,0
C_FORECAST_0.5,all_blocks,channel_standardized,571,0.7623589634895325,0
C_FORECAST_0.5,all_blocks,channel_standardized,572,0.7597490549087524,0
C_FORECAST_0.5,all_blocks,channel_standardized,573,0.7587562799453735,0
C_FORECAST_0.5,all_blocks,channel_standardized,574,0.7575501799583435,0
C_FORECAST_0.5,all_blocks,channel_standardized,575,0.7560189366340637,0
C_FORECAST_0.5,all_blocks,channel_standardized,576,0.7548656463623047,0
C_FORECAST_0.5,all_blocks,channel_standardized,577,0.7538483738899231,0
C_FORECAST_0.5,all_blocks,channel_standardized,578,0.7516767382621765,0
C_FORECAST_0.5,all_blocks,channel_standardized,579,0.7499121427536011,0
C_FORECAST_0.5,all_blocks,channel_standardized,580,0.7485229969024658,0
C_FORECAST_0.5,all_blocks,channel_standardized,581,0.746338427066803,0
C_FORECAST_0.5,all_blocks,channel_standardized,582,0.744686484336853,0
C_FORECAST_0.5,all_blocks,channel_standardized,583,0.7443990111351013,0
C_FORECAST_0.5,all_blocks,channel_standardized,584,0.7415403127670288,0
C_FORECAST_0.5,all_blocks,channel_standardized,585,0.7412298917770386,0
C_FORECAST_0.5,all_blocks,channel_standardized,586,0.74022376537323,0
C_FORECAST_0.5,all_blocks,channel_standardized,587,0.7380062341690063,0
C_FORECAST_0.5,all_blocks,channel_standardized,588,0.736836850643158,0
C_FORECAST_0.5,all_blocks,channel_standardized,589,0.7362737059593201,0
C_FORECAST_0.5,all_blocks,channel_standardized,590,0.7346590161323547,0
C_FORECAST_0.5,all_blocks,channel_standardized,591,0.7332083582878113,0
C_FORECAST_0.5,all_blocks,channel_standardized,592,0.7325424551963806,0
C_FORECAST_0.5,all_blocks,channel_standardized,593,0.731456458568573,0
C_FORECAST_0.5,all_blocks,channel_standardized,594,0.7291459441184998,0
C_FORECAST_0.5,all_blocks,channel_standardized,595,0.7278508543968201,0
C_FORECAST_0.5,all_blocks,channel_standardized,596,0.7268890142440796,0
C_FORECAST_0.5,all_blocks,channel_standardized,597,0.7250950932502747,0
C_FORECAST_0.5,all_blocks,channel_standardized,598,0.7239941358566284,0
C_FORECAST_0.5,all_blocks,channel_standardized,599,0.7215791940689087,0
C_FORECAST_0.5,all_blocks,channel_standardized,600,0.7209600806236267,0
C_FORECAST_0.5,all_blocks,channel_standardized,601,0.7189469337463379,0
C_FORECAST_0.5,all_blocks,channel_standardized,602,0.7173759937286377,0
C_FORECAST_0.5,all_blocks,channel_standardized,603,0.7164126634597778,0
C_FORECAST_0.5,all_blocks,channel_standardized,604,0.7153530120849609,0
C_FORECAST_0.5,all_blocks,channel_standardized,605,0.7132459282875061,0
C_FORECAST_0.5,all_blocks,channel_standardized,606,0.711838960647583,0
C_FORECAST_0.5,all_blocks,channel_standardized,607,0.7111240029335022,0
C_FORECAST_0.5,all_blocks,channel_standardized,608,0.7089616656303406,0
C_FORECAST_0.5,all_blocks,channel_standardized,609,0.7079468369483948,0
C_FORECAST_0.5,all_blocks,channel_standardized,610,0.7067369222640991,0
C_FORECAST_0.5,all_blocks,channel_standardized,611,0.7054035663604736,0
C_FORECAST_0.5,all_blocks,channel_standardized,612,0.704679012298584,0
C_FORECAST_0.5,all_blocks,channel_standardized,613,0.7042180895805359,0
C_FORECAST_0.5,all_blocks,channel_standardized,614,0.7022035717964172,0
C_FORECAST_0.5,all_blocks,channel_standardized,615,0.7014604210853577,0
C_FORECAST_0.5,all_blocks,channel_standardized,616,0.7006554007530212,0
C_FORECAST_0.5,all_blocks,channel_standardized,617,0.6992197632789612,0
C_FORECAST_0.5,all_blocks,channel_standardized,618,0.6970718502998352,0
C_FORECAST_0.5,all_blocks,channel_standardized,619,0.6950328350067139,0
C_FORECAST_0.5,all_blocks,channel_standardized,620,0.6933814287185669,0
C_FORECAST_0.5,all_blocks,channel_standardized,621,0.692338228225708,0
C_FORECAST_0.5,all_blocks,channel_standardized,622,0.6911965012550354,0
C_FORECAST_0.5,all_blocks,channel_standardized,623,0.6895123720169067,0
C_FORECAST_0.5,all_blocks,channel_standardized,624,0.6879430413246155,0
C_FORECAST_0.5,all_blocks,channel_standardized,625,0.6863148808479309,0
C_FORECAST_0.5,all_blocks,channel_standardized,626,0.6856893301010132,0
C_FORECAST_0.5,all_blocks,channel_standardized,627,0.6844094395637512,0
C_FORECAST_0.5,all_blocks,channel_standardized,628,0.6831835508346558,0
C_FORECAST_0.5,all_blocks,channel_standardized,629,0.6812859177589417,0
C_FORECAST_0.5,all_blocks,channel_standardized,630,0.6802066564559937,0
C_FORECAST_0.5,all_blocks,channel_standardized,631,0.6782082319259644,0
C_FORECAST_0.5,all_blocks,channel_standardized,632,0.6765767931938171,0
C_FORECAST_0.5,all_blocks,channel_standardized,633,0.6750550270080566,0
C_FORECAST_0.5,all_blocks,channel_standardized,634,0.6744709014892578,0
C_FORECAST_0.5,all_blocks,channel_standardized,635,0.6729525923728943,0
C_FORECAST_0.5,all_blocks,channel_standardized,636,0.6721159815788269,0
C_FORECAST_0.5,all_blocks,channel_standardized,637,0.6713912487030029,0
C_FORECAST_0.5,all_blocks,channel_standardized,638,0.6689580678939819,0
C_FORECAST_0.5,all_blocks,channel_standardized,639,0.6681223511695862,0
C_FORECAST_0.5,all_blocks,channel_standardized,640,0.6672827005386353,0
C_FORECAST_0.5,all_blocks,channel_standardized,641,0.6652100682258606,0
C_FORECAST_0.5,all_blocks,channel_standardized,642,0.6641350388526917,0
C_FORECAST_0.5,all_blocks,channel_standardized,643,0.663033664226532,0
C_FORECAST_0.5,all_blocks,channel_standardized,644,0.662725031375885,0
C_FORECAST_0.5,all_blocks,channel_standardized,645,0.6607033014297485,0
C_FORECAST_0.5,all_blocks,channel_standardized,646,0.6596044301986694,0
C_FORECAST_0.5,all_blocks,channel_standardized,647,0.6576780676841736,0
C_FORECAST_0.5,all_blocks,channel_standardized,648,0.6559242010116577,0
C_FORECAST_0.5,all_blocks,channel_standardized,649,0.6542363166809082,0
C_FORECAST_0.5,all_blocks,channel_standardized,650,0.6539883017539978,0
C_FORECAST_0.5,all_blocks,channel_standardized,651,0.6517156958580017,0
C_FORECAST_0.5,all_blocks,channel_standardized,652,0.6507153511047363,0
C_FORECAST_0.5,all_blocks,channel_standardized,653,0.6501407623291016,0
C_FORECAST_0.5,all_blocks,channel_standardized,654,0.6476120948791504,0
C_FORECAST_0.5,all_blocks,channel_standardized,655,0.6466701626777649,0
C_FORECAST_0.5,all_blocks,channel_standardized,656,0.6453073024749756,0
C_FORECAST_0.5,all_blocks,channel_standardized,657,0.643995463848114,0
C_FORECAST_0.5,all_blocks,channel_standardized,658,0.6432079076766968,0
C_FORECAST_0.5,all_blocks,channel_standardized,659,0.6418390274047852,0
C_FORECAST_0.5,all_blocks,channel_standardized,660,0.6415485739707947,0
C_FORECAST_0.5,all_blocks,channel_standardized,661,0.6405155062675476,0
C_FORECAST_0.5,all_blocks,channel_standardized,662,0.6394004225730896,0
C_FORECAST_0.5,all_blocks,channel_standardized,663,0.6373433470726013,0
C_FORECAST_0.5,all_blocks,channel_standardized,664,0.636501669883728,0
C_FORECAST_0.5,all_blocks,channel_standardized,665,0.6353334188461304,0
C_FORECAST_0.5,all_blocks,channel_standardized,666,0.634050190448761,0
C_FORECAST_0.5,all_blocks,channel_standardized,667,0.633107602596283,0
C_FORECAST_0.5,all_blocks,channel_standardized,668,0.632453203201294,0
C_FORECAST_0.5,all_blocks,channel_standardized,669,0.631332278251648,0
C_FORECAST_0.5,all_blocks,channel_standardized,670,0.6294985413551331,0
C_FORECAST_0.5,all_blocks,channel_standardized,671,0.6292295455932617,0
C_FORECAST_0.5,all_blocks,channel_standardized,672,0.6266199350357056,0
C_FORECAST_0.5,all_blocks,channel_standardized,673,0.6263322234153748,0
C_FORECAST_0.5,all_blocks,channel_standardized,674,0.6254124045372009,0
C_FORECAST_0.5,all_blocks,channel_standardized,675,0.6244375109672546,0
C_FORECAST_0.5,all_blocks,channel_standardized,676,0.623566210269928,0
C_FORECAST_0.5,all_blocks,channel_standardized,677,0.6210665702819824,0
C_FORECAST_0.5,all_blocks,channel_standardized,678,0.620572566986084,0
C_FORECAST_0.5,all_blocks,channel_standardized,679,0.6191349625587463,0
C_FORECAST_0.5,all_blocks,channel_standardized,680,0.6174572110176086,0
C_FORECAST_0.5,all_blocks,channel_standardized,681,0.6167474389076233,0
C_FORECAST_0.5,all_blocks,channel_standardized,682,0.6160169243812561,0
C_FORECAST_0.5,all_blocks,channel_standardized,683,0.615017831325531,0
C_FORECAST_0.5,all_blocks,channel_standardized,684,0.6126068234443665,0
C_FORECAST_0.5,all_blocks,channel_standardized,685,0.6117025017738342,0
C_FORECAST_0.5,all_blocks,channel_standardized,686,0.6113454103469849,0
C_FORECAST_0.5,all_blocks,channel_standardized,687,0.6097658276557922,0
C_FORECAST_0.5,all_blocks,channel_standardized,688,0.6093705892562866,0
C_FORECAST_0.5,all_blocks,channel_standardized,689,0.6076128482818604,0
C_FORECAST_0.5,all_blocks,channel_standardized,690,0.6057629585266113,0
C_FORECAST_0.5,all_blocks,channel_standardized,691,0.6045795679092407,0
C_FORECAST_0.5,all_blocks,channel_standardized,692,0.6040817499160767,0
C_FORECAST_0.5,all_blocks,channel_standardized,693,0.6031858921051025,0
C_FORECAST_0.5,all_blocks,channel_standardized,694,0.6026780009269714,0
C_FORECAST_0.5,all_blocks,channel_standardized,695,0.6011033654212952,0
C_FORECAST_0.5,all_blocks,channel_standardized,696,0.6007179617881775,0
C_FORECAST_0.5,all_blocks,channel_standardized,697,0.5983208417892456,0
C_FORECAST_0.5,all_blocks,channel_standardized,698,0.5980666875839233,0
C_FORECAST_0.5,all_blocks,channel_standardized,699,0.5967603325843811,0
C_FORECAST_0.5,all_blocks,channel_standardized,700,0.5952244997024536,0
C_FORECAST_0.5,all_blocks,channel_standardized,701,0.5946642756462097,0
C_FORECAST_0.5,all_blocks,channel_standardized,702,0.5931876301765442,0
C_FORECAST_0.5,all_blocks,channel_standardized,703,0.5922749638557434,0
C_FORECAST_0.5,all_blocks,channel_standardized,704,0.5912994742393494,0
C_FORECAST_0.5,all_blocks,channel_standardized,705,0.5904070734977722,0
C_FORECAST_0.5,all_blocks,channel_standardized,706,0.5885511040687561,0
C_FORECAST_0.5,all_blocks,channel_standardized,707,0.5882961750030518,0
C_FORECAST_0.5,all_blocks,channel_standardized,708,0.5859405994415283,0
C_FORECAST_0.5,all_blocks,channel_standardized,709,0.5856049060821533,0
C_FORECAST_0.5,all_blocks,channel_standardized,710,0.5851821303367615,0
C_FORECAST_0.5,all_blocks,channel_standardized,711,0.5841624736785889,0
C_FORECAST_0.5,all_blocks,channel_standardized,712,0.5834335088729858,0
C_FORECAST_0.5,all_blocks,channel_standardized,713,0.5818301439285278,0
C_FORECAST_0.5,all_blocks,channel_standardized,714,0.5797576904296875,0
C_FORECAST_0.5,all_blocks,channel_standardized,715,0.5784297585487366,0
C_FORECAST_0.5,all_blocks,channel_standardized,716,0.5776123404502869,0
C_FORECAST_0.5,all_blocks,channel_standardized,717,0.5761275291442871,0
C_FORECAST_0.5,all_blocks,channel_standardized,718,0.5742443203926086,0
C_FORECAST_0.5,all_blocks,channel_standardized,719,0.5737665295600891,0
C_FORECAST_0.5,all_blocks,channel_standardized,720,0.5727687478065491,0
C_FORECAST_0.5,all_blocks,channel_standardized,721,0.5722777843475342,0
C_FORECAST_0.5,all_blocks,channel_standardized,722,0.5717230439186096,0
C_FORECAST_0.5,all_blocks,channel_standardized,723,0.5705685019493103,0
C_FORECAST_0.5,all_blocks,channel_standardized,724,0.5695326924324036,0
C_FORECAST_0.5,all_blocks,channel_standardized,725,0.5690714120864868,0
C_FORECAST_0.5,all_blocks,channel_standardized,726,0.5676425695419312,0
C_FORECAST_0.5,all_blocks,channel_standardized,727,0.5658749938011169,0
C_FORECAST_0.5,all_blocks,channel_standardized,728,0.5650997161865234,0
C_FORECAST_0.5,all_blocks,channel_standardized,729,0.5647542476654053,0
C_FORECAST_0.5,all_blocks,channel_standardized,730,0.5634846091270447,0
C_FORECAST_0.5,all_blocks,channel_standardized,731,0.5622450709342957,0
C_FORECAST_0.5,all_blocks,channel_standardized,732,0.5616029500961304,0
C_FORECAST_0.5,all_blocks,channel_standardized,733,0.5600667595863342,0
C_FORECAST_0.5,all_blocks,channel_standardized,734,0.5597054958343506,0
C_FORECAST_0.5,all_blocks,channel_standardized,735,0.5583019256591797,0
C_FORECAST_0.5,all_blocks,channel_standardized,736,0.557624876499176,0
C_FORECAST_0.5,all_blocks,channel_standardized,737,0.5557424426078796,0
C_FORECAST_0.5,all_blocks,channel_standardized,738,0.5549547076225281,0
C_FORECAST_0.5,all_blocks,channel_standardized,739,0.5547277331352234,0
C_FORECAST_0.5,all_blocks,channel_standardized,740,0.5537902116775513,0
C_FORECAST_0.5,all_blocks,channel_standardized,741,0.5526908040046692,0
C_FORECAST_0.5,all_blocks,channel_standardized,742,0.5512681603431702,0
C_FORECAST_0.5,all_blocks,channel_standardized,743,0.5494405031204224,0
C_FORECAST_0.5,all_blocks,channel_standardized,744,0.5493239760398865,0
C_FORECAST_0.5,all_blocks,channel_standardized,745,0.5485296249389648,0
C_FORECAST_0.5,all_blocks,channel_standardized,746,0.5473002791404724,0
C_FORECAST_0.5,all_blocks,channel_standardized,747,0.5467860102653503,0
C_FORECAST_0.5,all_blocks,channel_standardized,748,0.5447994470596313,0
C_FORECAST_0.5,all_blocks,channel_standardized,749,0.5437493920326233,0
C_FORECAST_0.5,all_blocks,channel_standardized,750,0.5434863567352295,0
C_FORECAST_0.5,all_blocks,channel_standardized,751,0.543199360370636,0
C_FORECAST_0.5,all_blocks,channel_standardized,752,0.5421486496925354,0
C_FORECAST_0.5,all_blocks,channel_standardized,753,0.5411303043365479,0
C_FORECAST_0.5,all_blocks,channel_standardized,754,0.5404075980186462,0
C_FORECAST_0.5,all_blocks,channel_standardized,755,0.5396773219108582,0
C_FORECAST_0.5,all_blocks,channel_standardized,756,0.5377925038337708,0
C_FORECAST_0.5,all_blocks,channel_standardized,757,0.5366053581237793,0
C_FORECAST_0.5,all_blocks,channel_standardized,758,0.5359251499176025,0
C_FORECAST_0.5,all_blocks,channel_standardized,759,0.534645676612854,0
C_FORECAST_0.5,all_blocks,channel_standardized,760,0.5343570113182068,0
C_FORECAST_0.5,all_blocks,channel_standardized,761,0.5338383316993713,0
C_FORECAST_0.5,all_blocks,channel_standardized,762,0.5325365662574768,0
C_FORECAST_0.5,all_blocks,channel_standardized,763,0.5317816734313965,0
C_FORECAST_0.5,all_blocks,channel_standardized,764,0.5309960246086121,0
C_FORECAST_0.5,all_blocks,channel_standardized,765,0.5287678241729736,0
C_FORECAST_0.5,all_blocks,channel_standardized,766,0.5282752513885498,0
C_FORECAST_0.5,all_blocks,channel_standardized,767,0.5274971127510071,0
C_FORECAST_0.5,all_blocks,channel_standardized,768,0.5259000658988953,0
C_FORECAST_0.5,all_blocks,channel_standardized,769,0.5252693891525269,0
C_FORECAST_0.5,all_blocks,channel_standardized,770,0.5238773822784424,0
C_FORECAST_0.5,all_blocks,channel_standardized,771,0.5235083699226379,0
C_FORECAST_0.5,all_blocks,channel_standardized,772,0.5227312445640564,0
C_FORECAST_0.5,all_blocks,channel_standardized,773,0.5215660333633423,0
C_FORECAST_0.5,all_blocks,channel_standardized,774,0.5197750926017761,0
C_FORECAST_0.5,all_blocks,channel_standardized,775,0.5193542838096619,0
C_FORECAST_0.5,all_blocks,channel_standardized,776,0.5189855694770813,0
C_FORECAST_0.5,all_blocks,channel_standardized,777,0.5179728865623474,0
C_FORECAST_0.5,all_blocks,channel_standardized,778,0.5162360668182373,0
C_FORECAST_0.5,all_blocks,channel_standardized,779,0.5160734057426453,0
C_FORECAST_0.5,all_blocks,channel_standardized,780,0.5149762630462646,0
C_FORECAST_0.5,all_blocks,channel_standardized,781,0.5139208436012268,0
C_FORECAST_0.5,all_blocks,channel_standardized,782,0.5130610466003418,0
C_FORECAST_0.5,all_blocks,channel_standardized,783,0.5116150975227356,0
C_FORECAST_0.5,all_blocks,channel_standardized,784,0.5111973881721497,0
C_FORECAST_0.5,all_blocks,channel_standardized,785,0.5106748342514038,0
C_FORECAST_0.5,all_blocks,channel_standardized,786,0.509818971157074,0
C_FORECAST_0.5,all_blocks,channel_standardized,787,0.509268581867218,0
C_FORECAST_0.5,all_blocks,channel_standardized,788,0.5068469047546387,0
C_FORECAST_0.5,all_blocks,channel_standardized,789,0.5058949589729309,0
C_FORECAST_0.5,all_blocks,channel_standardized,790,0.5051210522651672,0
C_FORECAST_0.5,all_blocks,channel_standardized,791,0.5043725967407227,0
C_FORECAST_0.5,all_blocks,channel_standardized,792,0.503507673740387,0
C_FORECAST_0.5,all_blocks,channel_standardized,793,0.5028395652770996,0
C_FORECAST_0.5,all_blocks,channel_standardized,794,0.5017044544219971,0
C_FORECAST_0.5,all_blocks,channel_standardized,795,0.500643789768219,0
C_FORECAST_0.5,all_blocks,channel_standardized,796,0.49990731477737427,0
C_FORECAST_0.5,all_blocks,channel_standardized,797,0.49962693452835083,0
C_FORECAST_0.5,all_blocks,channel_standardized,798,0.4973948001861572,0
C_FORECAST_0.5,all_blocks,channel_standardized,799,0.49644309282302856,0
C_FORECAST_0.5,all_blocks,channel_standardized,800,0.49596476554870605,0
C_FORECAST_0.5,all_blocks,channel_standardized,801,0.49407821893692017,0
C_FORECAST_0.5,all_blocks,channel_standardized,802,0.4924885928630829,0
C_FORECAST_0.5,all_blocks,channel_standardized,803,0.4919610023498535,0
C_FORECAST_0.5,all_blocks,channel_standardized,804,0.49144265055656433,0
C_FORECAST_0.5,all_blocks,channel_standardized,805,0.49062514305114746,0
C_FORECAST_0.5,all_blocks,channel_standardized,806,0.4894355833530426,0
C_FORECAST_0.5,all_blocks,channel_standardized,807,0.48873183131217957,0
C_FORECAST_0.5,all_blocks,channel_standardized,808,0.4884089231491089,0
C_FORECAST_0.5,all_blocks,channel_standardized,809,0.48642683029174805,0
C_FORECAST_0.5,all_blocks,channel_standardized,810,0.48570168018341064,0
C_FORECAST_0.5,all_blocks,channel_standardized,811,0.48446786403656006,0
C_FORECAST_0.5,all_blocks,channel_standardized,812,0.4843098819255829,0
C_FORECAST_0.5,all_blocks,channel_standardized,813,0.4837897717952728,0
C_FORECAST_0.5,all_blocks,channel_standardized,814,0.4834568202495575,0
C_FORECAST_0.5,all_blocks,channel_standardized,815,0.4823612570762634,0
C_FORECAST_0.5,all_blocks,channel_standardized,816,0.48140591382980347,0
C_FORECAST_0.5,all_blocks,channel_standardized,817,0.4809516668319702,0
C_FORECAST_0.5,all_blocks,channel_standardized,818,0.480060338973999,0
C_FORECAST_0.5,all_blocks,channel_standardized,819,0.47887343168258667,0
C_FORECAST_0.5,all_blocks,channel_standardized,820,0.4778873324394226,0
C_FORECAST_0.5,all_blocks,channel_standardized,821,0.47626760601997375,0
C_FORECAST_0.5,all_blocks,channel_standardized,822,0.4754188060760498,0
C_FORECAST_0.5,all_blocks,channel_standardized,823,0.47499585151672363,0
C_FORECAST_0.5,all_blocks,channel_standardized,824,0.4737981855869293,0
C_FORECAST_0.5,all_blocks,channel_standardized,825,0.473285973072052,0
C_FORECAST_0.5,all_blocks,channel_standardized,826,0.47279009222984314,0
C_FORECAST_0.5,all_blocks,channel_standardized,827,0.4717872440814972,0
C_FORECAST_0.5,all_blocks,channel_standardized,828,0.4710041582584381,0
C_FORECAST_0.5,all_blocks,channel_standardized,829,0.4705605208873749,0
C_FORECAST_0.5,all_blocks,channel_standardized,830,0.4688069820404053,0
C_FORECAST_0.5,all_blocks,channel_standardized,831,0.4666000008583069,0
C_FORECAST_0.5,all_blocks,channel_standardized,832,0.46643635630607605,0
C_FORECAST_0.5,all_blocks,channel_standardized,833,0.46517059206962585,0
C_FORECAST_0.5,all_blocks,channel_standardized,834,0.46465370059013367,0
C_FORECAST_0.5,all_blocks,channel_standardized,835,0.4643370807170868,0
C_FORECAST_0.5,all_blocks,channel_standardized,836,0.463868111371994,0
C_FORECAST_0.5,all_blocks,channel_standardized,837,0.46324676275253296,0
C_FORECAST_0.5,all_blocks,channel_standardized,838,0.46222180128097534,0
C_FORECAST_0.5,all_blocks,channel_standardized,839,0.4615796208381653,0
C_FORECAST_0.5,all_blocks,channel_standardized,840,0.4609062671661377,0
C_FORECAST_0.5,all_blocks,channel_standardized,841,0.4599796235561371,0
C_FORECAST_0.5,all_blocks,channel_standardized,842,0.45908382534980774,0
C_FORECAST_0.5,all_blocks,channel_standardized,843,0.45712652802467346,0
C_FORECAST_0.5,all_blocks,channel_standardized,844,0.4564742147922516,0
C_FORECAST_0.5,all_blocks,channel_standardized,845,0.45611831545829773,0
C_FORECAST_0.5,all_blocks,channel_standardized,846,0.4551803469657898,0
C_FORECAST_0.5,all_blocks,channel_standardized,847,0.4548068642616272,0
C_FORECAST_0.5,all_blocks,channel_standardized,848,0.45390039682388306,0
C_FORECAST_0.5,all_blocks,channel_standardized,849,0.4534668028354645,0
C_FORECAST_0.5,all_blocks,channel_standardized,850,0.45305824279785156,0
C_FORECAST_0.5,all_blocks,channel_standardized,851,0.45133158564567566,0
C_FORECAST_0.5,all_blocks,channel_standardized,852,0.44975799322128296,0
C_FORECAST_0.5,all_blocks,channel_standardized,853,0.44891542196273804,0
C_FORECAST_0.5,all_blocks,channel_standardized,854,0.4485524296760559,0
C_FORECAST_0.5,all_blocks,channel_standardized,855,0.44793787598609924,0
C_FORECAST_0.5,all_blocks,channel_standardized,856,0.4472945034503937,0
C_FORECAST_0.5,all_blocks,channel_standardized,857,0.44688689708709717,0
C_FORECAST_0.5,all_blocks,channel_standardized,858,0.4463535249233246,0
C_FORECAST_0.5,all_blocks,channel_standardized,859,0.44579750299453735,0
C_FORECAST_0.5,all_blocks,channel_standardized,860,0.44475144147872925,0
C_FORECAST_0.5,all_blocks,channel_standardized,861,0.44438135623931885,0
C_FORECAST_0.5,all_blocks,channel_standardized,862,0.4440479874610901,0
C_FORECAST_0.5,all_blocks,channel_standardized,863,0.4420614242553711,0
C_FORECAST_0.5,all_blocks,channel_standardized,864,0.441093385219574,0
C_FORECAST_0.5,all_blocks,channel_standardized,865,0.4401414096355438,0
C_FORECAST_0.5,all_blocks,channel_standardized,866,0.439192533493042,0
C_FORECAST_0.5,all_blocks,channel_standardized,867,0.43870943784713745,0
C_FORECAST_0.5,all_blocks,channel_standardized,868,0.4383389949798584,0
C_FORECAST_0.5,all_blocks,channel_standardized,869,0.4373732805252075,0
C_FORECAST_0.5,all_blocks,channel_standardized,870,0.43661653995513916,0
C_FORECAST_0.5,all_blocks,channel_standardized,871,0.43604326248168945,0
C_FORECAST_0.5,all_blocks,channel_standardized,872,0.4350997805595398,0
C_FORECAST_0.5,all_blocks,channel_standardized,873,0.43479669094085693,0
C_FORECAST_0.5,all_blocks,channel_standardized,874,0.4336678683757782,0
C_FORECAST_0.5,all_blocks,channel_standardized,875,0.43343618512153625,0
C_FORECAST_0.5,all_blocks,channel_standardized,876,0.432377427816391,0
C_FORECAST_0.5,all_blocks,channel_standardized,877,0.43192070722579956,0
C_FORECAST_0.5,all_blocks,channel_standardized,878,0.43101948499679565,0
C_FORECAST_0.5,all_blocks,channel_standardized,879,0.4295686185359955,0
C_FORECAST_0.5,all_blocks,channel_standardized,880,0.42844992876052856,0
C_FORECAST_0.5,all_blocks,channel_standardized,881,0.4278937578201294,0
C_FORECAST_0.5,all_blocks,channel_standardized,882,0.4275728464126587,0
C_FORECAST_0.5,all_blocks,channel_standardized,883,0.4274163842201233,0
C_FORECAST_0.5,all_blocks,channel_standardized,884,0.4255425035953522,0
C_FORECAST_0.5,all_blocks,channel_standardized,885,0.4251982569694519,0
C_FORECAST_0.5,all_blocks,channel_standardized,886,0.42441874742507935,0
C_FORECAST_0.5,all_blocks,channel_standardized,887,0.4238767921924591,0
C_FORECAST_0.5,all_blocks,channel_standardized,888,0.4230474829673767,0
C_FORECAST_0.5,all_blocks,channel_standardized,889,0.4228389263153076,0
C_FORECAST_0.5,all_blocks,channel_standardized,890,0.42148837447166443,0
C_FORECAST_0.5,all_blocks,channel_standardized,891,0.42079856991767883,0
C_FORECAST_0.5,all_blocks,channel_standardized,892,0.419406533241272,0
C_FORECAST_0.5,all_blocks,channel_standardized,893,0.41899800300598145,0
C_FORECAST_0.5,all_blocks,channel_standardized,894,0.41824251413345337,0
C_FORECAST_0.5,all_blocks,channel_standardized,895,0.4173019826412201,0
C_FORECAST_0.5,all_blocks,channel_standardized,896,0.41706886887550354,0
C_FORECAST_0.5,all_blocks,channel_standardized,897,0.4163442850112915,0
C_FORECAST_0.5,all_blocks,channel_standardized,898,0.4155159294605255,0
C_FORECAST_0.5,all_blocks,channel_standardized,899,0.41478681564331055,0
C_FORECAST_0.5,all_blocks,channel_standardized,900,0.4144149720668793,0
C_FORECAST_0.5,all_blocks,channel_standardized,901,0.4131440222263336,0
C_FORECAST_0.5,all_blocks,channel_standardized,902,0.4117797017097473,0
C_FORECAST_0.5,all_blocks,channel_standardized,903,0.4109742343425751,0
C_FORECAST_0.5,all_blocks,channel_standardized,904,0.41024133563041687,0
C_FORECAST_0.5,all_blocks,channel_standardized,905,0.4100012183189392,0
C_FORECAST_0.5,all_blocks,channel_standardized,906,0.40956535935401917,0
C_FORECAST_0.5,all_blocks,channel_standardized,907,0.4083784222602844,0
C_FORECAST_0.5,all_blocks,channel_standardized,908,0.4077783524990082,0
C_FORECAST_0.5,all_blocks,channel_standardized,909,0.40699875354766846,0
C_FORECAST_0.5,all_blocks,channel_standardized,910,0.4052366614341736,0
C_FORECAST_0.5,all_blocks,channel_standardized,911,0.40512561798095703,0
C_FORECAST_0.5,all_blocks,channel_standardized,912,0.40429702401161194,0
C_FORECAST_0.5,all_blocks,channel_standardized,913,0.40303292870521545,0
C_FORECAST_0.5,all_blocks,channel_standardized,914,0.4020136892795563,0
C_FORECAST_0.5,all_blocks,channel_standardized,915,0.4017389416694641,0
C_FORECAST_0.5,all_blocks,channel_standardized,916,0.40093210339546204,0
C_FORECAST_0.5,all_blocks,channel_standardized,917,0.40029898285865784,0
C_FORECAST_0.5,all_blocks,channel_standardized,918,0.398920476436615,0
C_FORECAST_0.5,all_blocks,channel_standardized,919,0.3988070785999298,0
C_FORECAST_0.5,all_blocks,channel_standardized,920,0.3972190320491791,0
C_FORECAST_0.5,all_blocks,channel_standardized,921,0.39709195494651794,0
C_FORECAST_0.5,all_blocks,channel_standardized,922,0.39674320816993713,0
C_FORECAST_0.5,all_blocks,channel_standardized,923,0.39547717571258545,0
C_FORECAST_0.5,all_blocks,channel_standardized,924,0.39507949352264404,0
C_FORECAST_0.5,all_blocks,channel_standardized,925,0.3941318094730377,0
C_FORECAST_0.5,all_blocks,channel_standardized,926,0.3939485549926758,0
C_FORECAST_0.5,all_blocks,channel_standardized,927,0.39257264137268066,0
C_FORECAST_0.5,all_blocks,channel_standardized,928,0.391989141702652,0
C_FORECAST_0.5,all_blocks,channel_standardized,929,0.3914651870727539,0
C_FORECAST_0.5,all_blocks,channel_standardized,930,0.3906906247138977,0
C_FORECAST_0.5,all_blocks,channel_standardized,931,0.3902429938316345,0
C_FORECAST_0.5,all_blocks,channel_standardized,932,0.38974079489707947,0
C_FORECAST_0.5,all_blocks,channel_standardized,933,0.38892117142677307,0
C_FORECAST_0.5,all_blocks,channel_standardized,934,0.3880813419818878,0
C_FORECAST_0.5,all_blocks,channel_standardized,935,0.3869657516479492,0
C_FORECAST_0.5,all_blocks,channel_standardized,936,0.38589176535606384,0
C_FORECAST_0.5,all_blocks,channel_standardized,937,0.3852555453777313,0
C_FORECAST_0.5,all_blocks,channel_standardized,938,0.38425180315971375,0
C_FORECAST_0.5,all_blocks,channel_standardized,939,0.38299453258514404,0
C_FORECAST_0.5,all_blocks,channel_standardized,940,0.3826929032802582,0
C_FORECAST_0.5,all_blocks,channel_standardized,941,0.3823399245738983,0
C_FORECAST_0.5,all_blocks,channel_standardized,942,0.3815050721168518,0
C_FORECAST_0.5,all_blocks,channel_standardized,943,0.38091009855270386,0
C_FORECAST_0.5,all_blocks,channel_standardized,944,0.38011258840560913,0
C_FORECAST_0.5,all_blocks,channel_standardized,945,0.3799893856048584,0
C_FORECAST_0.5,all_blocks,channel_standardized,946,0.3793635964393616,0
C_FORECAST_0.5,all_blocks,channel_standardized,947,0.37764841318130493,0
C_FORECAST_0.5,all_blocks,channel_standardized,948,0.37673643231391907,0
C_FORECAST_0.5,all_blocks,channel_standardized,949,0.37644919753074646,0
C_FORECAST_0.5,all_blocks,channel_standardized,950,0.3756299614906311,0
C_FORECAST_0.5,all_blocks,channel_standardized,951,0.37520748376846313,0
C_FORECAST_0.5,all_blocks,channel_standardized,952,0.3744484782218933,0
C_FORECAST_0.5,all_blocks,channel_standardized,953,0.37395521998405457,0
C_FORECAST_0.5,all_blocks,channel_standardized,954,0.3737548887729645,0
C_FORECAST_0.5,all_blocks,channel_standardized,955,0.3726639151573181,0
C_FORECAST_0.5,all_blocks,channel_standardized,956,0.37242117524147034,0
C_FORECAST_0.5,all_blocks,channel_standardized,957,0.3715148866176605,0
C_FORECAST_0.5,all_blocks,channel_standardized,958,0.37041202187538147,0
C_FORECAST_0.5,all_blocks,channel_standardized,959,0.3696942925453186,0
C_FORECAST_0.5,all_blocks,channel_standardized,960,0.36952653527259827,0
C_FORECAST_0.5,all_blocks,channel_standardized,961,0.3684869110584259,0
C_FORECAST_0.5,all_blocks,channel_standardized,962,0.3681786060333252,0
C_FORECAST_0.5,all_blocks,channel_standardized,963,0.3679661452770233,0
C_FORECAST_0.5,all_blocks,channel_standardized,964,0.36630359292030334,0
C_FORECAST_0.5,all_blocks,channel_standardized,965,0.3657085597515106,0
C_FORECAST_0.5,all_blocks,channel_standardized,966,0.3652164936065674,0
C_FORECAST_0.5,all_blocks,channel_standardized,967,0.36479660868644714,0
C_FORECAST_0.5,all_blocks,channel_standardized,968,0.36394691467285156,0
C_FORECAST_0.5,all_blocks,channel_standardized,969,0.36278390884399414,0
C_FORECAST_0.5,all_blocks,channel_standardized,970,0.36237454414367676,0
C_FORECAST_0.5,all_blocks,channel_standardized,971,0.36201947927474976,0
C_FORECAST_0.5,all_blocks,channel_standardized,972,0.36141127347946167,0
C_FORECAST_0.5,all_blocks,channel_standardized,973,0.3608967661857605,0
C_FORECAST_0.5,all_blocks,channel_standardized,974,0.36019647121429443,0
C_FORECAST_0.5,all_blocks,channel_standardized,975,0.35940298438072205,0
C_FORECAST_0.5,all_blocks,channel_standardized,976,0.35852959752082825,0
C_FORECAST_0.5,all_blocks,channel_standardized,977,0.35818251967430115,0
C_FORECAST_0.5,all_blocks,channel_standardized,978,0.357249915599823,0
C_FORECAST_0.5,all_blocks,channel_standardized,979,0.3563614785671234,0
C_FORECAST_0.5,all_blocks,channel_standardized,980,0.3552968502044678,0
C_FORECAST_0.5,all_blocks,channel_standardized,981,0.3546822667121887,0
C_FORECAST_0.5,all_blocks,channel_standardized,982,0.3544195294380188,0
C_FORECAST_0.5,all_blocks,channel_standardized,983,0.3538854122161865,0
C_FORECAST_0.5,all_blocks,channel_standardized,984,0.35325801372528076,0
C_FORECAST_0.5,all_blocks,channel_standardized,985,0.3526802957057953,0
C_FORECAST_0.5,all_blocks,channel_standardized,986,0.3523547947406769,0
C_FORECAST_0.5,all_blocks,channel_standardized,987,0.3506905436515808,0
C_FORECAST_0.5,all_blocks,channel_standardized,988,0.35051804780960083,0
C_FORECAST_0.5,all_blocks,channel_standardized,989,0.34958457946777344,0
C_FORECAST_0.5,all_blocks,channel_standardized,990,0.34894272685050964,0
C_FORECAST_0.5,all_blocks,channel_standardized,991,0.34826233983039856,0
C_FORECAST_0.5,all_blocks,channel_standardized,992,0.347245454788208,0
C_FORECAST_0.5,all_blocks,channel_standardized,993,0.3469250500202179,0
C_FORECAST_0.5,all_blocks,channel_standardized,994,0.3461189568042755,0
C_FORECAST_0.5,all_blocks,channel_standardized,995,0.3451926112174988,0
C_FORECAST_0.5,all_blocks,channel_standardized,996,0.34488537907600403,0
C_FORECAST_0.5,all_blocks,channel_standardized,997,0.34425264596939087,0
C_FORECAST_0.5,all_blocks,channel_standardized,998,0.3438587188720703,0
C_FORECAST_0.5,all_blocks,channel_standardized,999,0.3425540030002594,0
C_FORECAST_0.5,all_blocks,channel_standardized,1000,0.34231501817703247,0
C_FORECAST_0.5,all_blocks,channel_standardized,1001,0.3417208194732666,0
C_FORECAST_0.5,all_blocks,channel_standardized,1002,0.3409692943096161,0
C_FORECAST_0.5,all_blocks,channel_standardized,1003,0.3406244218349457,0
C_FORECAST_0.5,all_blocks,channel_standardized,1004,0.34029725193977356,0
C_FORECAST_0.5,all_blocks,channel_standardized,1005,0.3390316963195801,0
C_FORECAST_0.5,all_blocks,channel_standardized,1006,0.33862200379371643,0
C_FORECAST_0.5,all_blocks,channel_standardized,1007,0.33844733238220215,0
C_FORECAST_0.5,all_blocks,channel_standardized,1008,0.33780962228775024,0
C_FORECAST_0.5,all_blocks,channel_standardized,1009,0.3376079797744751,0
C_FORECAST_0.5,all_blocks,channel_standardized,1010,0.3365408778190613,0
C_FORECAST_0.5,all_blocks,channel_standardized,1011,0.33519813418388367,0
C_FORECAST_0.5,all_blocks,channel_standardized,1012,0.33498191833496094,0
C_FORECAST_0.5,all_blocks,channel_standardized,1013,0.3343234956264496,0
C_FORECAST_0.5,all_blocks,channel_standardized,1014,0.333792507648468,0
C_FORECAST_0.5,all_blocks,channel_standardized,1015,0.3333315849304199,0
C_FORECAST_0.5,all_blocks,channel_standardized,1016,0.33246952295303345,0
C_FORECAST_0.5,all_blocks,channel_standardized,1017,0.331906795501709,0
C_FORECAST_0.5,all_blocks,channel_standardized,1018,0.3311387896537781,0
C_FORECAST_0.5,all_blocks,channel_standardized,1019,0.33008241653442383,0
C_FORECAST_0.5,all_blocks,channel_standardized,1020,0.329806387424469,0
C_FORECAST_0.5,all_blocks,channel_standardized,1021,0.32920709252357483,0
C_FORECAST_0.5,all_blocks,channel_standardized,1022,0.32849007844924927,0
C_FORECAST_0.5,all_blocks,channel_standardized,1023,0.3275516927242279,0
C_FORECAST_0.5,all_blocks,channel_standardized,1024,0.32707464694976807,0
C_FORECAST_0.5,all_blocks,channel_standardized,1025,0.3264564573764801,0
C_FORECAST_0.5,all_blocks,channel_standardized,1026,0.3258535861968994,0
C_FORECAST_0.5,all_blocks,channel_standardized,1027,0.3251827657222748,0
C_FORECAST_0.5,all_blocks,channel_standardized,1028,0.32475611567497253,0
C_FORECAST_0.5,all_blocks,channel_standardized,1029,0.32404619455337524,0
C_FORECAST_0.5,all_blocks,channel_standardized,1030,0.3234120309352875,0
C_FORECAST_0.5,all_blocks,channel_standardized,1031,0.32275712490081787,0
C_FORECAST_0.5,all_blocks,channel_standardized,1032,0.3224775195121765,0
C_FORECAST_0.5,all_blocks,channel_standardized,1033,0.32169798016548157,0
C_FORECAST_0.5,all_blocks,channel_standardized,1034,0.3209898769855499,0
C_FORECAST_0.5,all_blocks,channel_standardized,1035,0.32021620869636536,0
C_FORECAST_0.5,all_blocks,channel_standardized,1036,0.31942686438560486,0
C_FORECAST_0.5,all_blocks,channel_standardized,1037,0.31906387209892273,0
C_FORECAST_0.5,all_blocks,channel_standardized,1038,0.3183434307575226,0
C_FORECAST_0.5,all_blocks,channel_standardized,1039,0.31754276156425476,0
C_FORECAST_0.5,all_blocks,channel_standardized,1040,0.3172895014286041,0
C_FORECAST_0.5,all_blocks,channel_standardized,1041,0.31611353158950806,0
C_FORECAST_0.5,all_blocks,channel_standardized,1042,0.31579461693763733,0
C_FORECAST_0.5,all_blocks,channel_standardized,1043,0.3156603276729584,0
C_FORECAST_0.5,all_blocks,channel_standardized,1044,0.31433212757110596,0
C_FORECAST_0.5,all_blocks,channel_standardized,1045,0.31328335404396057,0
C_FORECAST_0.5,all_blocks,channel_standardized,1046,0.3131733238697052,0
C_FORECAST_0.5,all_blocks,channel_standardized,1047,0.3125338852405548,0
C_FORECAST_0.5,all_blocks,channel_standardized,1048,0.31222599744796753,0
C_FORECAST_0.5,all_blocks,channel_standardized,1049,0.3112872540950775,0
C_FORECAST_0.5,all_blocks,channel_standardized,1050,0.3108416497707367,0
C_FORECAST_0.5,all_blocks,channel_standardized,1051,0.31048667430877686,0
C_FORECAST_0.5,all_blocks,channel_standardized,1052,0.30997234582901,0
C_FORECAST_0.5,all_blocks,channel_standardized,1053,0.3094922602176666,0
C_FORECAST_0.5,all_blocks,channel_standardized,1054,0.30923157930374146,0
C_FORECAST_0.5,all_blocks,channel_standardized,1055,0.308165580034256,0
C_FORECAST_0.5,all_blocks,channel_standardized,1056,0.30743637681007385,0
C_FORECAST_0.5,all_blocks,channel_standardized,1057,0.3072286546230316,0
C_FORECAST_0.5,all_blocks,channel_standardized,1058,0.3070399761199951,0
C_FORECAST_0.5,all_blocks,channel_standardized,1059,0.30659008026123047,0
C_FORECAST_0.5,all_blocks,channel_standardized,1060,0.30593809485435486,0
C_FORECAST_0.5,all_blocks,channel_standardized,1061,0.305329829454422,0
C_FORECAST_0.5,all_blocks,channel_standardized,1062,0.3047843277454376,0
C_FORECAST_0.5,all_blocks,channel_standardized,1063,0.3042738437652588,0
C_FORECAST_0.5,all_blocks,channel_standardized,1064,0.30297476053237915,0
C_FORECAST_0.5,all_blocks,channel_standardized,1065,0.3027021586894989,0
C_FORECAST_0.5,all_blocks,channel_standardized,1066,0.30164602398872375,0
C_FORECAST_0.5,all_blocks,channel_standardized,1067,0.3013193607330322,0
C_FORECAST_0.5,all_blocks,channel_standardized,1068,0.30072689056396484,0
C_FORECAST_0.5,all_blocks,channel_standardized,1069,0.3003236949443817,0
C_FORECAST_0.5,all_blocks,channel_standardized,1070,0.2997474670410156,0
C_FORECAST_0.5,all_blocks,channel_standardized,1071,0.29930365085601807,0
C_FORECAST_0.5,all_blocks,channel_standardized,1072,0.29863256216049194,0
C_FORECAST_0.5,all_blocks,channel_standardized,1073,0.298076331615448,0
C_FORECAST_0.5,all_blocks,channel_standardized,1074,0.2979338467121124,0
C_FORECAST_0.5,all_blocks,channel_standardized,1075,0.29724034667015076,0
C_FORECAST_0.5,all_blocks,channel_standardized,1076,0.29613932967185974,0
C_FORECAST_0.5,all_blocks,channel_standardized,1077,0.29575878381729126,0
C_FORECAST_0.5,all_blocks,channel_standardized,1078,0.2951183021068573,0
C_FORECAST_0.5,all_blocks,channel_standardized,1079,0.2949833571910858,0
C_FORECAST_0.5,all_blocks,channel_standardized,1080,0.29365408420562744,0
C_FORECAST_0.5,all_blocks,channel_standardized,1081,0.2932245433330536,0
C_FORECAST_0.5,all_blocks,channel_standardized,1082,0.2924341559410095,0
C_FORECAST_0.5,all_blocks,channel_standardized,1083,0.2921169102191925,0
C_FORECAST_0.5,all_blocks,channel_standardized,1084,0.2912009060382843,0
C_FORECAST_0.5,all_blocks,channel_standardized,1085,0.2907576858997345,0
C_FORECAST_0.5,all_blocks,channel_standardized,1086,0.2904568910598755,0
C_FORECAST_0.5,all_blocks,channel_standardized,1087,0.28999507427215576,0
C_FORECAST_0.5,all_blocks,channel_standardized,1088,0.2894359827041626,0
C_FORECAST_0.5,all_blocks,channel_standardized,1089,0.2892662286758423,0
C_FORECAST_0.5,all_blocks,channel_standardized,1090,0.2881505787372589,0
C_FORECAST_0.5,all_blocks,channel_standardized,1091,0.28776752948760986,0
C_FORECAST_0.5,all_blocks,channel_standardized,1092,0.28663069009780884,0
C_FORECAST_0.5,all_blocks,channel_standardized,1093,0.28640180826187134,0
C_FORECAST_0.5,all_blocks,channel_standardized,1094,0.2855299115180969,0
C_FORECAST_0.5,all_blocks,channel_standardized,1095,0.2854323983192444,0
C_FORECAST_0.5,all_blocks,channel_standardized,1096,0.2843112349510193,0
C_FORECAST_0.5,all_blocks,channel_standardized,1097,0.2841643989086151,0
C_FORECAST_0.5,all_blocks,channel_standardized,1098,0.2833981513977051,0
C_FORECAST_0.5,all_blocks,channel_standardized,1099,0.28321659564971924,0
C_FORECAST_0.5,all_blocks,channel_standardized,1100,0.28239473700523376,0
C_FORECAST_0.5,all_blocks,channel_standardized,1101,0.2820509076118469,0
C_FORECAST_0.5,all_blocks,channel_standardized,1102,0.28155672550201416,0
C_FORECAST_0.5,all_blocks,channel_standardized,1103,0.2811761200428009,0
C_FORECAST_0.5,all_blocks,channel_standardized,1104,0.2798157334327698,0
C_FORECAST_0.5,all_blocks,channel_standardized,1105,0.27955278754234314,0
C_FORECAST_0.5,all_blocks,channel_standardized,1106,0.27907025814056396,0
C_FORECAST_0.5,all_blocks,channel_standardized,1107,0.2783181071281433,0
C_FORECAST_0.5,all_blocks,channel_standardized,1108,0.27772191166877747,0
C_FORECAST_0.5,all_blocks,channel_standardized,1109,0.27735599875450134,0
C_FORECAST_0.5,all_blocks,channel_standardized,1110,0.2769255042076111,0
C_FORECAST_0.5,all_blocks,channel_standardized,1111,0.2765171229839325,0
C_FORECAST_0.5,all_blocks,channel_standardized,1112,0.27630123496055603,0
C_FORECAST_0.5,all_blocks,channel_standardized,1113,0.27575811743736267,0
C_FORECAST_0.5,all_blocks,channel_standardized,1114,0.27512404322624207,0
C_FORECAST_0.5,all_blocks,channel_standardized,1115,0.2746574282646179,0
C_FORECAST_0.5,all_blocks,channel_standardized,1116,0.2742479145526886,0
C_FORECAST_0.5,all_blocks,channel_standardized,1117,0.27356433868408203,0
C_FORECAST_0.5,all_blocks,channel_standardized,1118,0.27296268939971924,0
C_FORECAST_0.5,all_blocks,channel_standardized,1119,0.2724280059337616,0
C_FORECAST_0.5,all_blocks,channel_standardized,1120,0.2718568742275238,0
C_FORECAST_0.5,all_blocks,channel_standardized,1121,0.2708813548088074,0
C_FORECAST_0.5,all_blocks,channel_standardized,1122,0.27066415548324585,0
C_FORECAST_0.5,all_blocks,channel_standardized,1123,0.2699715197086334,0
C_FORECAST_0.5,all_blocks,channel_standardized,1124,0.2696695029735565,0
C_FORECAST_0.5,all_blocks,channel_standardized,1125,0.26902472972869873,0
C_FORECAST_0.5,all_blocks,channel_standardized,1126,0.2687385082244873,0
C_FORECAST_0.5,all_blocks,channel_standardized,1127,0.2681273818016052,0
C_FORECAST_0.5,all_blocks,channel_standardized,1128,0.26750820875167847,0
C_FORECAST_0.5,all_blocks,channel_standardized,1129,0.2669530212879181,0
C_FORECAST_0.5,all_blocks,channel_standardized,1130,0.2658790946006775,0
C_FORECAST_0.5,all_blocks,channel_standardized,1131,0.2653962969779968,0
C_FORECAST_0.5,all_blocks,channel_standardized,1132,0.2652248740196228,0
C_FORECAST_0.5,all_blocks,channel_standardized,1133,0.26479411125183105,0
C_FORECAST_0.5,all_blocks,channel_standardized,1134,0.26428237557411194,0
C_FORECAST_0.5,all_blocks,channel_standardized,1135,0.2639978528022766,0
C_FORECAST_0.5,all_blocks,channel_standardized,1136,0.26343417167663574,0
C_FORECAST_0.5,all_blocks,channel_standardized,1137,0.2622641921043396,0
C_FORECAST_0.5,all_blocks,channel_standardized,1138,0.2622224688529968,0
C_FORECAST_0.5,all_blocks,channel_standardized,1139,0.26151812076568604,0
C_FORECAST_0.5,all_blocks,channel_standardized,1140,0.2610245943069458,0
C_FORECAST_0.5,all_blocks,channel_standardized,1141,0.26067236065864563,0
C_FORECAST_0.5,all_blocks,channel_standardized,1142,0.25997549295425415,0
C_FORECAST_0.5,all_blocks,channel_standardized,1143,0.25958794355392456,0
C_FORECAST_0.5,all_blocks,channel_standardized,1144,0.2585347592830658,0
C_FORECAST_0.5,all_blocks,channel_standardized,1145,0.257786363363266,0
C_FORECAST_0.5,all_blocks,channel_standardized,1146,0.257467120885849,0
C_FORECAST_0.5,all_blocks,channel_standardized,1147,0.25681498646736145,0
C_FORECAST_0.5,all_blocks,channel_standardized,1148,0.25632086396217346,0
C_FORECAST_0.5,all_blocks,channel_standardized,1149,0.255804181098938,0
C_FORECAST_0.5,all_blocks,channel_standardized,1150,0.2554085850715637,0
C_FORECAST_0.5,all_blocks,channel_standardized,1151,0.2551655173301697,0
C_FORECAST_0.5,all_blocks,channel_standardized,1152,0.2546892464160919,0
C_FORECAST_0.5,all_blocks,channel_standardized,1153,0.25403136014938354,0
C_FORECAST_0.5,all_blocks,channel_standardized,1154,0.2531929016113281,0
C_FORECAST_0.5,all_blocks,channel_standardized,1155,0.2525344491004944,0
C_FORECAST_0.5,all_blocks,channel_standardized,1156,0.25228074193000793,0
C_FORECAST_0.5,all_blocks,channel_standardized,1157,0.2521139979362488,0
C_FORECAST_0.5,all_blocks,channel_standardized,1158,0.25129374861717224,0
C_FORECAST_0.5,all_blocks,channel_standardized,1159,0.25107210874557495,0
C_FORECAST_0.5,all_blocks,channel_standardized,1160,0.25025656819343567,0
C_FORECAST_0.5,all_blocks,channel_standardized,1161,0.2497049868106842,0
C_FORECAST_0.5,all_blocks,channel_standardized,1162,0.24960412085056305,0
C_FORECAST_0.5,all_blocks,channel_standardized,1163,0.24888847768306732,0
C_FORECAST_0.5,all_blocks,channel_standardized,1164,0.24882981181144714,0
C_FORECAST_0.5,all_blocks,channel_standardized,1165,0.248234823346138,0
C_FORECAST_0.5,all_blocks,channel_standardized,1166,0.2477080076932907,0
C_FORECAST_0.5,all_blocks,channel_standardized,1167,0.24703280627727509,0
C_FORECAST_0.5,all_blocks,channel_standardized,1168,0.24615268409252167,0
C_FORECAST_0.5,all_blocks,channel_standardized,1169,0.24582669138908386,0
C_FORECAST_0.5,all_blocks,channel_standardized,1170,0.2454725205898285,0
C_FORECAST_0.5,all_blocks,channel_standardized,1171,0.24460972845554352,0
C_FORECAST_0.5,all_blocks,channel_standardized,1172,0.24446575343608856,0
C_FORECAST_0.5,all_blocks,channel_standardized,1173,0.24372313916683197,0
C_FORECAST_0.5,all_blocks,channel_standardized,1174,0.2435108870267868,0
C_FORECAST_0.5,all_blocks,channel_standardized,1175,0.24281610548496246,0
C_FORECAST_0.5,all_blocks,channel_standardized,1176,0.24248917400836945,0
C_FORECAST_0.5,all_blocks,channel_standardized,1177,0.24204841256141663,0
C_FORECAST_0.5,all_blocks,channel_standardized,1178,0.24143311381340027,0
C_FORECAST_0.5,all_blocks,channel_standardized,1179,0.24109302461147308,0
C_FORECAST_0.5,all_blocks,channel_standardized,1180,0.24068047106266022,0
C_FORECAST_0.5,all_blocks,channel_standardized,1181,0.24029703438282013,0
C_FORECAST_0.5,all_blocks,channel_standardized,1182,0.23940137028694153,0
C_FORECAST_0.5,all_blocks,channel_standardized,1183,0.23884372413158417,0
C_FORECAST_0.5,all_blocks,channel_standardized,1184,0.23806527256965637,0
C_FORECAST_0.5,all_blocks,channel_standardized,1185,0.2376118153333664,0
C_FORECAST_0.5,all_blocks,channel_standardized,1186,0.2371527999639511,0
C_FORECAST_0.5,all_blocks,channel_standardized,1187,0.2367268204689026,0
C_FORECAST_0.5,all_blocks,channel_standardized,1188,0.2365797758102417,0
C_FORECAST_0.5,all_blocks,channel_standardized,1189,0.2357841283082962,0
C_FORECAST_0.5,all_blocks,channel_standardized,1190,0.2354990541934967,0
C_FORECAST_0.5,all_blocks,channel_standardized,1191,0.23489470779895782,0
C_FORECAST_0.5,all_blocks,channel_standardized,1192,0.23421916365623474,0
C_FORECAST_0.5,all_blocks,channel_standardized,1193,0.23382653295993805,0
C_FORECAST_0.5,all_blocks,channel_standardized,1194,0.23350365459918976,0
C_FORECAST_0.5,all_blocks,channel_standardized,1195,0.23318247497081757,0
C_FORECAST_0.5,all_blocks,channel_standardized,1196,0.23309752345085144,0
C_FORECAST_0.5,all_blocks,channel_standardized,1197,0.23207800090312958,0
C_FORECAST_0.5,all_blocks,channel_standardized,1198,0.23144422471523285,0
C_FORECAST_0.5,all_blocks,channel_standardized,1199,0.2312525361776352,0
C_FORECAST_0.5,all_blocks,channel_standardized,1200,0.23092147707939148,0
C_FORECAST_0.5,all_blocks,channel_standardized,1201,0.2300647646188736,0
C_FORECAST_0.5,all_blocks,channel_standardized,1202,0.22986261546611786,0
C_FORECAST_0.5,all_blocks,channel_standardized,1203,0.22971011698246002,0
C_FORECAST_0.5,all_blocks,channel_standardized,1204,0.22887617349624634,0
C_FORECAST_0.5,all_blocks,channel_standardized,1205,0.2280840128660202,0
C_FORECAST_0.5,all_blocks,channel_standardized,1206,0.22789184749126434,0
C_FORECAST_0.5,all_blocks,channel_standardized,1207,0.2272128164768219,0
C_FORECAST_0.5,all_blocks,channel_standardized,1208,0.22710630297660828,0
C_FORECAST_0.5,all_blocks,channel_standardized,1209,0.22618603706359863,0
C_FORECAST_0.5,all_blocks,channel_standardized,1210,0.22581930458545685,0
C_FORECAST_0.5,all_blocks,channel_standardized,1211,0.22551804780960083,0
C_FORECAST_0.5,all_blocks,channel_standardized,1212,0.224918931722641,0
C_FORECAST_0.5,all_blocks,channel_standardized,1213,0.2246396839618683,0
C_FORECAST_0.5,all_blocks,channel_standardized,1214,0.2243129462003708,0
C_FORECAST_0.5,all_blocks,channel_standardized,1215,0.22401656210422516,0
C_FORECAST_0.5,all_blocks,channel_standardized,1216,0.22338910400867462,0
C_FORECAST_0.5,all_blocks,channel_standardized,1217,0.22321030497550964,0
C_FORECAST_0.5,all_blocks,channel_standardized,1218,0.22265921533107758,0
C_FORECAST_0.5,all_blocks,channel_standardized,1219,0.2220837026834488,0
C_FORECAST_0.5,all_blocks,channel_standardized,1220,0.22169287502765656,0
C_FORECAST_0.5,all_blocks,channel_standardized,1221,0.22102180123329163,0
C_FORECAST_0.5,all_blocks,channel_standardized,1222,0.22042877972126007,0
C_FORECAST_0.5,all_blocks,channel_standardized,1223,0.22014068067073822,0
C_FORECAST_0.5,all_blocks,channel_standardized,1224,0.21955989301204681,0
C_FORECAST_0.5,all_blocks,channel_standardized,1225,0.21905407309532166,0
C_FORECAST_0.5,all_blocks,channel_standardized,1226,0.2186385840177536,0
C_FORECAST_0.5,all_blocks,channel_standardized,1227,0.2183390110731125,0
C_FORECAST_0.5,all_blocks,channel_standardized,1228,0.21810859441757202,0
C_FORECAST_0.5,all_blocks,channel_standardized,1229,0.21709974110126495,0
C_FORECAST_0.5,all_blocks,channel_standardized,1230,0.21680393815040588,0
C_FORECAST_0.5,all_blocks,channel_standardized,1231,0.21659304201602936,0
C_FORECAST_0.5,all_blocks,channel_standardized,1232,0.21604004502296448,0
C_FORECAST_0.5,all_blocks,channel_standardized,1233,0.21559478342533112,0
C_FORECAST_0.5,all_blocks,channel_standardized,1234,0.21487297117710114,0
C_FORECAST_0.5,all_blocks,channel_standardized,1235,0.21415798366069794,0
C_FORECAST_0.5,all_blocks,channel_standardized,1236,0.21339382231235504,0
C_FORECAST_0.5,all_blocks,channel_standardized,1237,0.21293045580387115,0
C_FORECAST_0.5,all_blocks,channel_standardized,1238,0.21236111223697662,0
C_FORECAST_0.5,all_blocks,channel_standardized,1239,0.21229687333106995,0
C_FORECAST_0.5,all_blocks,channel_standardized,1240,0.21188318729400635,0
C_FORECAST_0.5,all_blocks,channel_standardized,1241,0.2114841639995575,0
C_FORECAST_0.5,all_blocks,channel_standardized,1242,0.21104171872138977,0
C_FORECAST_0.5,all_blocks,channel_standardized,1243,0.21077792346477509,0
C_FORECAST_0.5,all_blocks,channel_standardized,1244,0.21005097031593323,0
C_FORECAST_0.5,all_blocks,channel_standardized,1245,0.20947891473770142,0
C_FORECAST_0.5,all_blocks,channel_standardized,1246,0.20923075079917908,0
C_FORECAST_0.5,all_blocks,channel_standardized,1247,0.20897679030895233,0
C_FORECAST_0.5,all_blocks,channel_standardized,1248,0.20869168639183044,0
C_FORECAST_0.5,all_blocks,channel_standardized,1249,0.20828485488891602,0
C_FORECAST_0.5,all_blocks,channel_standardized,1250,0.20806986093521118,0
C_FORECAST_0.5,all_blocks,channel_standardized,1251,0.2071453481912613,0
C_FORECAST_0.5,all_blocks,channel_standardized,1252,0.2062525600194931,0
C_FORECAST_0.5,all_blocks,channel_standardized,1253,0.20599131286144257,0
C_FORECAST_0.5,all_blocks,channel_standardized,1254,0.20577234029769897,0
C_FORECAST_0.5,all_blocks,channel_standardized,1255,0.2049282193183899,0
C_FORECAST_0.5,all_blocks,channel_standardized,1256,0.20464442670345306,0
C_FORECAST_0.5,all_blocks,channel_standardized,1257,0.2043628692626953,0
C_FORECAST_0.5,all_blocks,channel_standardized,1258,0.20414455235004425,0
C_FORECAST_0.5,all_blocks,channel_standardized,1259,0.203782856464386,0
C_FORECAST_0.5,all_blocks,channel_standardized,1260,0.2031601220369339,0
C_FORECAST_0.5,all_blocks,channel_standardized,1261,0.20293384790420532,0
C_FORECAST_0.5,all_blocks,channel_standardized,1262,0.20236149430274963,0
C_FORECAST_0.5,all_blocks,channel_standardized,1263,0.20212237536907196,0
C_FORECAST_0.5,all_blocks,channel_standardized,1264,0.2014203667640686,0
C_FORECAST_0.5,all_blocks,channel_standardized,1265,0.20107501745224,0
C_FORECAST_0.5,all_blocks,channel_standardized,1266,0.20051907002925873,0
C_FORECAST_0.5,all_blocks,channel_standardized,1267,0.20031897723674774,0
C_FORECAST_0.5,all_blocks,channel_standardized,1268,0.19963842630386353,0
C_FORECAST_0.5,all_blocks,channel_standardized,1269,0.19940385222434998,0
C_FORECAST_0.5,all_blocks,channel_standardized,1270,0.198944091796875,0
C_FORECAST_0.5,all_blocks,channel_standardized,1271,0.19880399107933044,0
C_FORECAST_0.5,all_blocks,channel_standardized,1272,0.1983114331960678,0
C_FORECAST_0.5,all_blocks,channel_standardized,1273,0.1981189101934433,0
C_FORECAST_0.5,all_blocks,channel_standardized,1274,0.19724571704864502,0
C_FORECAST_0.5,all_blocks,channel_standardized,1275,0.197043776512146,0
C_FORECAST_0.5,all_blocks,channel_standardized,1276,0.19633936882019043,0
C_FORECAST_0.5,all_blocks,channel_standardized,1277,0.19590257108211517,0
C_FORECAST_0.5,all_blocks,channel_standardized,1278,0.19555728137493134,0
C_FORECAST_0.5,all_blocks,channel_standardized,1279,0.195290669798851,0
C_FORECAST_0.5,all_blocks,channel_standardized,1280,0.19503912329673767,0
C_FORECAST_0.5,all_blocks,channel_standardized,1281,0.19457091391086578,0
C_FORECAST_0.5,all_blocks,channel_standardized,1282,0.1937791109085083,0
C_FORECAST_0.5,all_blocks,channel_standardized,1283,0.19344687461853027,0
C_FORECAST_0.5,all_blocks,channel_standardized,1284,0.19324417412281036,0
C_FORECAST_0.5,all_blocks,channel_standardized,1285,0.19268958270549774,0
C_FORECAST_0.5,all_blocks,channel_standardized,1286,0.19178490340709686,0
C_FORECAST_0.5,all_blocks,channel_standardized,1287,0.19130277633666992,0
C_FORECAST_0.5,all_blocks,channel_standardized,1288,0.1906810849905014,0
C_FORECAST_0.5,all_blocks,channel_standardized,1289,0.19060297310352325,0
C_FORECAST_0.5,all_blocks,channel_standardized,1290,0.1897248774766922,0
C_FORECAST_0.5,all_blocks,channel_standardized,1291,0.18914808332920074,0
C_FORECAST_0.5,all_blocks,channel_standardized,1292,0.1889376938343048,0
C_FORECAST_0.5,all_blocks,channel_standardized,1293,0.18824359774589539,0
C_FORECAST_0.5,all_blocks,channel_standardized,1294,0.18800359964370728,0
C_FORECAST_0.5,all_blocks,channel_standardized,1295,0.187435582280159,0
C_FORECAST_0.5,all_blocks,channel_standardized,1296,0.18698911368846893,0
C_FORECAST_0.5,all_blocks,channel_standardized,1297,0.18687468767166138,0
C_FORECAST_0.5,all_blocks,channel_standardized,1298,0.18667097389698029,0
C_FORECAST_0.5,all_blocks,channel_standardized,1299,0.18630757927894592,0
C_FORECAST_0.5,all_blocks,channel_standardized,1300,0.18559503555297852,0
C_FORECAST_0.5,all_blocks,channel_standardized,1301,0.18533369898796082,0
C_FORECAST_0.5,all_blocks,channel_standardized,1302,0.18463709950447083,0
C_FORECAST_0.5,all_blocks,channel_standardized,1303,0.18398156762123108,0
C_FORECAST_0.5,all_blocks,channel_standardized,1304,0.18382534384727478,0
C_FORECAST_0.5,all_blocks,channel_standardized,1305,0.1835237443447113,0
C_FORECAST_0.5,all_blocks,channel_standardized,1306,0.18301430344581604,0
C_FORECAST_0.5,all_blocks,channel_standardized,1307,0.18267981708049774,0
C_FORECAST_0.5,all_blocks,channel_standardized,1308,0.18236057460308075,0
C_FORECAST_0.5,all_blocks,channel_standardized,1309,0.18188999593257904,0
C_FORECAST_0.5,all_blocks,channel_standardized,1310,0.18130184710025787,0
C_FORECAST_0.5,all_blocks,channel_standardized,1311,0.1811882108449936,0
C_FORECAST_0.5,all_blocks,channel_standardized,1312,0.1807473599910736,0
C_FORECAST_0.5,all_blocks,channel_standardized,1313,0.1802622675895691,0
C_FORECAST_0.5,all_blocks,channel_standardized,1314,0.17985357344150543,0
C_FORECAST_0.5,all_blocks,channel_standardized,1315,0.17958040535449982,0
C_FORECAST_0.5,all_blocks,channel_standardized,1316,0.17936928570270538,0
C_FORECAST_0.5,all_blocks,channel_standardized,1317,0.17897476255893707,0
C_FORECAST_0.5,all_blocks,channel_standardized,1318,0.1783381551504135,0
C_FORECAST_0.5,all_blocks,channel_standardized,1319,0.17766332626342773,0
C_FORECAST_0.5,all_blocks,channel_standardized,1320,0.17733126878738403,0
C_FORECAST_0.5,all_blocks,channel_standardized,1321,0.17680354416370392,0
C_FORECAST_0.5,all_blocks,channel_standardized,1322,0.1762229949235916,0
C_FORECAST_0.5,all_blocks,channel_standardized,1323,0.17607784271240234,0
C_FORECAST_0.5,all_blocks,channel_standardized,1324,0.17521819472312927,0
C_FORECAST_0.5,all_blocks,channel_standardized,1325,0.17484958469867706,0
C_FORECAST_0.5,all_blocks,channel_standardized,1326,0.17452628910541534,0
C_FORECAST_0.5,all_blocks,channel_standardized,1327,0.17385832965373993,0
C_FORECAST_0.5,all_blocks,channel_standardized,1328,0.1738024353981018,0
C_FORECAST_0.5,all_blocks,channel_standardized,1329,0.17341189086437225,0
C_FORECAST_0.5,all_blocks,channel_standardized,1330,0.17330920696258545,0
C_FORECAST_0.5,all_blocks,channel_standardized,1331,0.17315621674060822,0
C_FORECAST_0.5,all_blocks,channel_standardized,1332,0.1726498305797577,0
C_FORECAST_0.5,all_blocks,channel_standardized,1333,0.17249256372451782,0
C_FORECAST_0.5,all_blocks,channel_standardized,1334,0.1720844805240631,0
C_FORECAST_0.5,all_blocks,channel_standardized,1335,0.17167618870735168,0
C_FORECAST_0.5,all_blocks,channel_standardized,1336,0.17073404788970947,0
C_FORECAST_0.5,all_blocks,channel_standardized,1337,0.17039872705936432,0
C_FORECAST_0.5,all_blocks,channel_standardized,1338,0.1703597456216812,0
C_FORECAST_0.5,all_blocks,channel_standardized,1339,0.17003309726715088,0
C_FORECAST_0.5,all_blocks,channel_standardized,1340,0.16959230601787567,0
C_FORECAST_0.5,all_blocks,channel_standardized,1341,0.16879715025424957,0
C_FORECAST_0.5,all_blocks,channel_standardized,1342,0.16827866435050964,0
C_FORECAST_0.5,all_blocks,channel_standardized,1343,0.1681659072637558,0
C_FORECAST_0.5,all_blocks,channel_standardized,1344,0.16790087521076202,0
C_FORECAST_0.5,all_blocks,channel_standardized,1345,0.1669090837240219,0
C_FORECAST_0.5,all_blocks,channel_standardized,1346,0.16651631891727448,0
C_FORECAST_0.5,all_blocks,channel_standardized,1347,0.16613902151584625,0
C_FORECAST_0.5,all_blocks,channel_standardized,1348,0.16579638421535492,0
C_FORECAST_0.5,all_blocks,channel_standardized,1349,0.16544851660728455,0
C_FORECAST_0.5,all_blocks,channel_standardized,1350,0.16532282531261444,0
C_FORECAST_0.5,all_blocks,channel_standardized,1351,0.1646588146686554,0
C_FORECAST_0.5,all_blocks,channel_standardized,1352,0.16433264315128326,0
C_FORECAST_0.5,all_blocks,channel_standardized,1353,0.16385456919670105,0
C_FORECAST_0.5,all_blocks,channel_standardized,1354,0.16329030692577362,0
C_FORECAST_0.5,all_blocks,channel_standardized,1355,0.16302341222763062,0
C_FORECAST_0.5,all_blocks,channel_standardized,1356,0.16259585320949554,0
C_FORECAST_0.5,all_blocks,channel_standardized,1357,0.1622672826051712,0
C_FORECAST_0.5,all_blocks,channel_standardized,1358,0.16180890798568726,0
C_FORECAST_0.5,all_blocks,channel_standardized,1359,0.16131286323070526,0
C_FORECAST_0.5,all_blocks,channel_standardized,1360,0.16065356135368347,0
C_FORECAST_0.5,all_blocks,channel_standardized,1361,0.16023649275302887,0
C_FORECAST_0.5,all_blocks,channel_standardized,1362,0.15985576808452606,0
C_FORECAST_0.5,all_blocks,channel_standardized,1363,0.15949475765228271,0
C_FORECAST_0.5,all_blocks,channel_standardized,1364,0.1588064730167389,0
C_FORECAST_0.5,all_blocks,channel_standardized,1365,0.15856191515922546,0
C_FORECAST_0.5,all_blocks,channel_standardized,1366,0.15830747783184052,0
C_FORECAST_0.5,all_blocks,channel_standardized,1367,0.15776598453521729,0
C_FORECAST_0.5,all_blocks,channel_standardized,1368,0.1575895994901657,0
C_FORECAST_0.5,all_blocks,channel_standardized,1369,0.15726538002490997,0
C_FORECAST_0.5,all_blocks,channel_standardized,1370,0.15691062808036804,0
C_FORECAST_0.5,all_blocks,channel_standardized,1371,0.15628217160701752,0
C_FORECAST_0.5,all_blocks,channel_standardized,1372,0.15627965331077576,0
C_FORECAST_0.5,all_blocks,channel_standardized,1373,0.15566883981227875,0
C_FORECAST_0.5,all_blocks,channel_standardized,1374,0.15537168085575104,0
C_FORECAST_0.5,all_blocks,channel_standardized,1375,0.1550319343805313,0
C_FORECAST_0.5,all_blocks,channel_standardized,1376,0.15425321459770203,0
C_FORECAST_0.5,all_blocks,channel_standardized,1377,0.1541232019662857,0
C_FORECAST_0.5,all_blocks,channel_standardized,1378,0.15356293320655823,0
C_FORECAST_0.5,all_blocks,channel_standardized,1379,0.15333089232444763,0
C_FORECAST_0.5,all_blocks,channel_standardized,1380,0.15293294191360474,0
C_FORECAST_0.5,all_blocks,channel_standardized,1381,0.15252481400966644,0
C_FORECAST_0.5,all_blocks,channel_standardized,1382,0.15219004452228546,0
C_FORECAST_0.5,all_blocks,channel_standardized,1383,0.1514345407485962,0
C_FORECAST_0.5,all_blocks,channel_standardized,1384,0.15130242705345154,0
C_FORECAST_0.5,all_blocks,channel_standardized,1385,0.15081173181533813,0
C_FORECAST_0.5,all_blocks,channel_standardized,1386,0.15066181123256683,0
C_FORECAST_0.5,all_blocks,channel_standardized,1387,0.15045039355754852,0
C_FORECAST_0.5,all_blocks,channel_standardized,1388,0.15025797486305237,0
C_FORECAST_0.5,all_blocks,channel_standardized,1389,0.14985191822052002,0
C_FORECAST_0.5,all_blocks,channel_standardized,1390,0.14938662946224213,0
C_FORECAST_0.5,all_blocks,channel_standardized,1391,0.1486348658800125,0
C_FORECAST_0.5,all_blocks,channel_standardized,1392,0.1476699560880661,0
C_FORECAST_0.5,all_blocks,channel_standardized,1393,0.14753110706806183,0
C_FORECAST_0.5,all_blocks,channel_standardized,1394,0.1470986306667328,0
C_FORECAST_0.5,all_blocks,channel_standardized,1395,0.14646673202514648,0
C_FORECAST_0.5,all_blocks,channel_standardized,1396,0.14627379179000854,0
C_FORECAST_0.5,all_blocks,channel_standardized,1397,0.14578525722026825,0
C_FORECAST_0.5,all_blocks,channel_standardized,1398,0.14551591873168945,0
C_FORECAST_0.5,all_blocks,channel_standardized,1399,0.14499282836914062,0
C_FORECAST_0.5,all_blocks,channel_standardized,1400,0.14463794231414795,0
C_FORECAST_0.5,all_blocks,channel_standardized,1401,0.1442914456129074,0
C_FORECAST_0.5,all_blocks,channel_standardized,1402,0.14400628209114075,0
C_FORECAST_0.5,all_blocks,channel_standardized,1403,0.1438066065311432,0
C_FORECAST_0.5,all_blocks,channel_standardized,1404,0.14344081282615662,0
C_FORECAST_0.5,all_blocks,channel_standardized,1405,0.14339765906333923,0
C_FORECAST_0.5,all_blocks,channel_standardized,1406,0.14263299107551575,0
C_FORECAST_0.5,all_blocks,channel_standardized,1407,0.14203175902366638,0
C_FORECAST_0.5,all_blocks,channel_standardized,1408,0.1417798548936844,0
C_FORECAST_0.5,all_blocks,channel_standardized,1409,0.14166779816150665,0
C_FORECAST_0.5,all_blocks,channel_standardized,1410,0.14103323221206665,0
C_FORECAST_0.5,all_blocks,channel_standardized,1411,0.1408471167087555,0
C_FORECAST_0.5,all_blocks,channel_standardized,1412,0.14040257036685944,0
C_FORECAST_0.5,all_blocks,channel_standardized,1413,0.1398714780807495,0
C_FORECAST_0.5,all_blocks,channel_standardized,1414,0.139478862285614,0
C_FORECAST_0.5,all_blocks,channel_standardized,1415,0.13935866951942444,0
C_FORECAST_0.5,all_blocks,channel_standardized,1416,0.1391722857952118,0
C_FORECAST_0.5,all_blocks,channel_standardized,1417,0.13824713230133057,0
C_FORECAST_0.5,all_blocks,channel_standardized,1418,0.13809874653816223,0
C_FORECAST_0.5,all_blocks,channel_standardized,1419,0.13774356245994568,0
C_FORECAST_0.5,all_blocks,channel_standardized,1420,0.1372503787279129,0
C_FORECAST_0.5,all_blocks,channel_standardized,1421,0.13694018125534058,0
C_FORECAST_0.5,all_blocks,channel_standardized,1422,0.13650736212730408,0
C_FORECAST_0.5,all_blocks,channel_standardized,1423,0.13589982688426971,0
C_FORECAST_0.5,all_blocks,channel_standardized,1424,0.13551397621631622,0
C_FORECAST_0.5,all_blocks,channel_standardized,1425,0.13528326153755188,0
C_FORECAST_0.5,all_blocks,channel_standardized,1426,0.1351282149553299,0
C_FORECAST_0.5,all_blocks,channel_standardized,1427,0.13452857732772827,0
C_FORECAST_0.5,all_blocks,channel_standardized,1428,0.13371597230434418,0
C_FORECAST_0.5,all_blocks,channel_standardized,1429,0.1333794891834259,0
C_FORECAST_0.5,all_blocks,channel_standardized,1430,0.13321486115455627,0
C_FORECAST_0.5,all_blocks,channel_standardized,1431,0.13298152387142181,0
C_FORECAST_0.5,all_blocks,channel_standardized,1432,0.1327037364244461,0
C_FORECAST_0.5,all_blocks,channel_standardized,1433,0.13245606422424316,0
C_FORECAST_0.5,all_blocks,channel_standardized,1434,0.1320803463459015,0
C_FORECAST_0.5,all_blocks,channel_standardized,1435,0.13172407448291779,0
C_FORECAST_0.5,all_blocks,channel_standardized,1436,0.13125315308570862,0
C_FORECAST_0.5,all_blocks,channel_standardized,1437,0.13070277869701385,0
C_FORECAST_0.5,all_blocks,channel_standardized,1438,0.1302121877670288,0
C_FORECAST_0.5,all_blocks,channel_standardized,1439,0.1299406737089157,0
C_FORECAST_0.5,all_blocks,channel_standardized,1440,0.12935031950473785,0
C_FORECAST_0.5,all_blocks,channel_standardized,1441,0.1288619041442871,0
C_FORECAST_0.5,all_blocks,channel_standardized,1442,0.12873028218746185,0
C_FORECAST_0.5,all_blocks,channel_standardized,1443,0.12823636829853058,0
C_FORECAST_0.5,all_blocks,channel_standardized,1444,0.12766128778457642,0
C_FORECAST_0.5,all_blocks,channel_standardized,1445,0.12738215923309326,0
C_FORECAST_0.5,all_blocks,channel_standardized,1446,0.1271687150001526,0
C_FORECAST_0.5,all_blocks,channel_standardized,1447,0.12667828798294067,0
C_FORECAST_0.5,all_blocks,channel_standardized,1448,0.12623827159404755,0
C_FORECAST_0.5,all_blocks,channel_standardized,1449,0.1259056031703949,0
C_FORECAST_0.5,all_blocks,channel_standardized,1450,0.1252761334180832,0
C_FORECAST_0.5,all_blocks,channel_standardized,1451,0.12493956089019775,0
C_FORECAST_0.5,all_blocks,channel_standardized,1452,0.12475164979696274,0
C_FORECAST_0.5,all_blocks,channel_standardized,1453,0.12372086197137833,0
C_FORECAST_0.5,all_blocks,channel_standardized,1454,0.12368030101060867,0
C_FORECAST_0.5,all_blocks,channel_standardized,1455,0.12312107533216476,0
C_FORECAST_0.5,all_blocks,channel_standardized,1456,0.12284538149833679,0
C_FORECAST_0.5,all_blocks,channel_standardized,1457,0.12241100519895554,0
C_FORECAST_0.5,all_blocks,channel_standardized,1458,0.1217331737279892,0
C_FORECAST_0.5,all_blocks,channel_standardized,1459,0.12157180160284042,0
C_FORECAST_0.5,all_blocks,channel_standardized,1460,0.12145499140024185,0
C_FORECAST_0.5,all_blocks,channel_standardized,1461,0.12082099914550781,0
C_FORECAST_0.5,all_blocks,channel_standardized,1462,0.1202845424413681,0
C_FORECAST_0.5,all_blocks,channel_standardized,1463,0.11998455971479416,0
C_FORECAST_0.5,all_blocks,channel_standardized,1464,0.11959799379110336,0
C_FORECAST_0.5,all_blocks,channel_standardized,1465,0.118926502764225,0
C_FORECAST_0.5,all_blocks,channel_standardized,1466,0.11862844973802567,0
C_FORECAST_0.5,all_blocks,channel_standardized,1467,0.11861786246299744,0
C_FORECAST_0.5,all_blocks,channel_standardized,1468,0.11824668198823929,0
C_FORECAST_0.5,all_blocks,channel_standardized,1469,0.11763264238834381,0
C_FORECAST_0.5,all_blocks,channel_standardized,1470,0.11735989153385162,0
C_FORECAST_0.5,all_blocks,channel_standardized,1471,0.11676224321126938,0
C_FORECAST_0.5,all_blocks,channel_standardized,1472,0.11658188700675964,0
C_FORECAST_0.5,all_blocks,channel_standardized,1473,0.11599002033472061,0
C_FORECAST_0.5,all_blocks,channel_standardized,1474,0.11557718366384506,0
C_FORECAST_0.5,all_blocks,channel_standardized,1475,0.11477305740118027,0
C_FORECAST_0.5,all_blocks,channel_standardized,1476,0.11453554034233093,0
C_FORECAST_0.5,all_blocks,channel_standardized,1477,0.11404361575841904,0
C_FORECAST_0.5,all_blocks,channel_standardized,1478,0.11347097903490067,0
C_FORECAST_0.5,all_blocks,channel_standardized,1479,0.11305209249258041,0
C_FORECAST_0.5,all_blocks,channel_standardized,1480,0.1128283441066742,0
C_FORECAST_0.5,all_blocks,channel_standardized,1481,0.11266045272350311,0
C_FORECAST_0.5,all_blocks,channel_standardized,1482,0.11248957365751266,0
C_FORECAST_0.5,all_blocks,channel_standardized,1483,0.11198415607213974,0
C_FORECAST_0.5,all_blocks,channel_standardized,1484,0.111878901720047,0
C_FORECAST_0.5,all_blocks,channel_standardized,1485,0.11114494502544403,0
C_FORECAST_0.5,all_blocks,channel_standardized,1486,0.11075878143310547,0
C_FORECAST_0.5,all_blocks,channel_standardized,1487,0.11010083556175232,0
C_FORECAST_0.5,all_blocks,channel_standardized,1488,0.10982444137334824,0
C_FORECAST_0.5,all_blocks,channel_standardized,1489,0.10956300795078278,0
C_FORECAST_0.5,all_blocks,channel_standardized,1490,0.1086859405040741,0
C_FORECAST_0.5,all_blocks,channel_standardized,1491,0.10847997665405273,0
C_FORECAST_0.5,all_blocks,channel_standardized,1492,0.10768730938434601,0
C_FORECAST_0.5,all_blocks,channel_standardized,1493,0.10762330889701843,0
C_FORECAST_0.5,all_blocks,channel_standardized,1494,0.10716793686151505,0
C_FORECAST_0.5,all_blocks,channel_standardized,1495,0.1069837287068367,0
C_FORECAST_0.5,all_blocks,channel_standardized,1496,0.10650454461574554,0
C_FORECAST_0.5,all_blocks,channel_standardized,1497,0.10575743764638901,0
C_FORECAST_0.5,all_blocks,channel_standardized,1498,0.10512895882129669,0
C_FORECAST_0.5,all_blocks,channel_standardized,1499,0.10495411604642868,0
C_FORECAST_0.5,all_blocks,channel_standardized,1500,0.10472869873046875,0
C_FORECAST_0.5,all_blocks,channel_standardized,1501,0.10446968674659729,0
C_FORECAST_0.5,all_blocks,channel_standardized,1502,0.10391319543123245,0
C_FORECAST_0.5,all_blocks,channel_standardized,1503,0.10345901548862457,0
C_FORECAST_0.5,all_blocks,channel_standardized,1504,0.10320970416069031,0
C_FORECAST_0.5,all_blocks,channel_standardized,1505,0.10292821377515793,0
C_FORECAST_0.5,all_blocks,channel_standardized,1506,0.10249799489974976,0
C_FORECAST_0.5,all_blocks,channel_standardized,1507,0.10153837502002716,0
C_FORECAST_0.5,all_blocks,channel_standardized,1508,0.10117471218109131,0
C_FORECAST_0.5,all_blocks,channel_standardized,1509,0.10073129087686539,0
C_FORECAST_0.5,all_blocks,channel_standardized,1510,0.10007621347904205,0
C_FORECAST_0.5,all_blocks,channel_standardized,1511,0.09944164752960205,0
C_FORECAST_0.5,all_blocks,channel_standardized,1512,0.09919977188110352,0
C_FORECAST_0.5,all_blocks,channel_standardized,1513,0.09851566702127457,0
C_FORECAST_0.5,all_blocks,channel_standardized,1514,0.09834660589694977,0
C_FORECAST_0.5,all_blocks,channel_standardized,1515,0.09789301455020905,0
C_FORECAST_0.5,all_blocks,channel_standardized,1516,0.09774328023195267,0
C_FORECAST_0.5,all_blocks,channel_standardized,1517,0.09702423959970474,0
C_FORECAST_0.5,all_blocks,channel_standardized,1518,0.09652768820524216,0
C_FORECAST_0.5,all_blocks,channel_standardized,1519,0.09587995707988739,0
C_FORECAST_0.5,all_blocks,channel_standardized,1520,0.09481322765350342,0
C_FORECAST_0.5,all_blocks,channel_standardized,1521,0.0942186489701271,0
C_FORECAST_0.5,all_blocks,channel_standardized,1522,0.09417592734098434,0
C_FORECAST_0.5,all_blocks,channel_standardized,1523,0.09299694746732712,0
C_FORECAST_0.5,all_blocks,channel_standardized,1524,0.09287148714065552,0
C_FORECAST_0.5,all_blocks,channel_standardized,1525,0.09242988377809525,0
C_FORECAST_0.5,all_blocks,channel_standardized,1526,0.0914224311709404,0
C_FORECAST_0.5,all_blocks,channel_standardized,1527,0.09128594398498535,0
C_FORECAST_0.5,all_blocks,channel_standardized,1528,0.09027085453271866,0
C_FORECAST_0.5,all_blocks,channel_standardized,1529,0.0893935039639473,0
C_FORECAST_0.5,all_blocks,channel_standardized,1530,0.08898376673460007,0
C_FORECAST_0.5,all_blocks,channel_standardized,1531,0.08829188346862793,0
C_FORECAST_0.5,all_blocks,channel_standardized,1532,0.08800599724054337,0
C_FORECAST_0.5,all_blocks,channel_standardized,1533,0.086163729429245,0
C_FORECAST_0.5,all_blocks,channel_standardized,1534,0.08511606603860855,0
C_FORECAST_0.5,all_blocks,channel_standardized,1535,0.08327550441026688,0
C_FORECAST_0.5,all_blocks,channel_standardized,1536,0.027898725122213364,0
C_FORECAST_0.75,all_blocks,centered,1,9.13078784942627,1
C_FORECAST_0.75,all_blocks,centered,2,0.05419719219207764,0
C_FORECAST_0.75,all_blocks,centered,3,0.03810904547572136,0
C_FORECAST_0.75,all_blocks,centered,4,0.030881397426128387,0
C_FORECAST_0.75,all_blocks,centered,5,0.02886188216507435,0
C_FORECAST_0.75,all_blocks,centered,6,0.028281571343541145,0
C_FORECAST_0.75,all_blocks,centered,7,0.02380765788257122,0
C_FORECAST_0.75,all_blocks,centered,8,0.020860085263848305,0
C_FORECAST_0.75,all_blocks,centered,9,0.019773487001657486,0
C_FORECAST_0.75,all_blocks,centered,10,0.01928292028605938,0
C_FORECAST_0.75,all_blocks,centered,11,0.018237996846437454,0
C_FORECAST_0.75,all_blocks,centered,12,0.017185799777507782,0
C_FORECAST_0.75,all_blocks,centered,13,0.01615014858543873,0
C_FORECAST_0.75,all_blocks,centered,14,0.01530957780778408,0
C_FORECAST_0.75,all_blocks,centered,15,0.014935114420950413,0
C_FORECAST_0.75,all_blocks,centered,16,0.01456513162702322,0
C_FORECAST_0.75,all_blocks,centered,17,0.013627538457512856,0
C_FORECAST_0.75,all_blocks,centered,18,0.013383095152676105,0
C_FORECAST_0.75,all_blocks,centered,19,0.013181505724787712,0
C_FORECAST_0.75,all_blocks,centered,20,0.012618000619113445,0
C_FORECAST_0.75,all_blocks,centered,21,0.012419301085174084,0
C_FORECAST_0.75,all_blocks,centered,22,0.011928229592740536,0
C_FORECAST_0.75,all_blocks,centered,23,0.011737904511392117,0
C_FORECAST_0.75,all_blocks,centered,24,0.011459636501967907,0
C_FORECAST_0.75,all_blocks,centered,25,0.011224773712456226,0
C_FORECAST_0.75,all_blocks,centered,26,0.010994791984558105,0
C_FORECAST_0.75,all_blocks,centered,27,0.010791654698550701,0
C_FORECAST_0.75,all_blocks,centered,28,0.01072737667709589,0
C_FORECAST_0.75,all_blocks,centered,29,0.010457435622811317,0
C_FORECAST_0.75,all_blocks,centered,30,0.010159661993384361,0
C_FORECAST_0.75,all_blocks,centered,31,0.010068019852042198,0
C_FORECAST_0.75,all_blocks,centered,32,0.009897982701659203,0
C_FORECAST_0.75,all_blocks,centered,33,0.009677818976342678,0
C_FORECAST_0.75,all_blocks,centered,34,0.009568150155246258,0
C_FORECAST_0.75,all_blocks,centered,35,0.009524007327854633,0
C_FORECAST_0.75,all_blocks,centered,36,0.009206111542880535,0
C_FORECAST_0.75,all_blocks,centered,37,0.009057954885065556,0
C_FORECAST_0.75,all_blocks,centered,38,0.008969939313828945,0
C_FORECAST_0.75,all_blocks,centered,39,0.008884727954864502,0
C_FORECAST_0.75,all_blocks,centered,40,0.008810251951217651,0
C_FORECAST_0.75,all_blocks,centered,41,0.008689850568771362,0
C_FORECAST_0.75,all_blocks,centered,42,0.008505135774612427,0
C_FORECAST_0.75,all_blocks,centered,43,0.008467278443276882,0
C_FORECAST_0.75,all_blocks,centered,44,0.008418845944106579,0
C_FORECAST_0.75,all_blocks,centered,45,0.00838388316333294,0
C_FORECAST_0.75,all_blocks,centered,46,0.008047283627092838,0
C_FORECAST_0.75,all_blocks,centered,47,0.008014543913304806,0
C_FORECAST_0.75,all_blocks,centered,48,0.007900938391685486,0
C_FORECAST_0.75,all_blocks,centered,49,0.007896048948168755,0
C_FORECAST_0.75,all_blocks,centered,50,0.007759333588182926,0
C_FORECAST_0.75,all_blocks,centered,51,0.007725796662271023,0
C_FORECAST_0.75,all_blocks,centered,52,0.0076515632681548595,0
C_FORECAST_0.75,all_blocks,centered,53,0.0075907292775809765,0
C_FORECAST_0.75,all_blocks,centered,54,0.007564192172139883,0
C_FORECAST_0.75,all_blocks,centered,55,0.007453838363289833,0
C_FORECAST_0.75,all_blocks,centered,56,0.007390920072793961,0
C_FORECAST_0.75,all_blocks,centered,57,0.007306420244276524,0
C_FORECAST_0.75,all_blocks,centered,58,0.007242234889417887,0
C_FORECAST_0.75,all_blocks,centered,59,0.007233407348394394,0
C_FORECAST_0.75,all_blocks,centered,60,0.0071634831838309765,0
C_FORECAST_0.75,all_blocks,centered,61,0.0071091968566179276,0
C_FORECAST_0.75,all_blocks,centered,62,0.007073895540088415,0
C_FORECAST_0.75,all_blocks,centered,63,0.006899301428347826,0
C_FORECAST_0.75,all_blocks,centered,64,0.006873782258480787,0
C_FORECAST_0.75,all_blocks,centered,65,0.006822455674409866,0
C_FORECAST_0.75,all_blocks,centered,66,0.006788871716707945,0
C_FORECAST_0.75,all_blocks,centered,67,0.006689950358122587,0
C_FORECAST_0.75,all_blocks,centered,68,0.00665313983336091,0
C_FORECAST_0.75,all_blocks,centered,69,0.006600640714168549,0
C_FORECAST_0.75,all_blocks,centered,70,0.006572307087481022,0
C_FORECAST_0.75,all_blocks,centered,71,0.006517905741930008,0
C_FORECAST_0.75,all_blocks,centered,72,0.006457231938838959,0
C_FORECAST_0.75,all_blocks,centered,73,0.0064033083617687225,0
C_FORECAST_0.75,all_blocks,centered,74,0.006368632428348064,0
C_FORECAST_0.75,all_blocks,centered,75,0.006349953357130289,0
C_FORECAST_0.75,all_blocks,centered,76,0.006319609936326742,0
C_FORECAST_0.75,all_blocks,centered,77,0.006247446872293949,0
C_FORECAST_0.75,all_blocks,centered,78,0.006184949539601803,0
C_FORECAST_0.75,all_blocks,centered,79,0.006171969696879387,0
C_FORECAST_0.75,all_blocks,centered,80,0.006138547323644161,0
C_FORECAST_0.75,all_blocks,centered,81,0.006069079041481018,0
C_FORECAST_0.75,all_blocks,centered,82,0.0060051861219108105,0
C_FORECAST_0.75,all_blocks,centered,83,0.005975350737571716,0
C_FORECAST_0.75,all_blocks,centered,84,0.005962195340543985,0
C_FORECAST_0.75,all_blocks,centered,85,0.005898666568100452,0
C_FORECAST_0.75,all_blocks,centered,86,0.005872759968042374,0
C_FORECAST_0.75,all_blocks,centered,87,0.0058249239809811115,0
C_FORECAST_0.75,all_blocks,centered,88,0.005822994280606508,0
C_FORECAST_0.75,all_blocks,centered,89,0.005764356814324856,0
C_FORECAST_0.75,all_blocks,centered,90,0.005694640334695578,0
C_FORECAST_0.75,all_blocks,centered,91,0.0056794811971485615,0
C_FORECAST_0.75,all_blocks,centered,92,0.005629315041005611,0
C_FORECAST_0.75,all_blocks,centered,93,0.005596614908427,0
C_FORECAST_0.75,all_blocks,centered,94,0.005547229200601578,0
C_FORECAST_0.75,all_blocks,centered,95,0.005543904844671488,0
C_FORECAST_0.75,all_blocks,centered,96,0.005488317459821701,0
C_FORECAST_0.75,all_blocks,centered,97,0.005462797358632088,0
C_FORECAST_0.75,all_blocks,centered,98,0.0054273889400064945,0
C_FORECAST_0.75,all_blocks,centered,99,0.005423723720014095,0
C_FORECAST_0.75,all_blocks,centered,100,0.005387427285313606,0
C_FORECAST_0.75,all_blocks,centered,101,0.0053618066012859344,0
C_FORECAST_0.75,all_blocks,centered,102,0.0053231180645525455,0
C_FORECAST_0.75,all_blocks,centered,103,0.005309585947543383,0
C_FORECAST_0.75,all_blocks,centered,104,0.005277856718748808,0
C_FORECAST_0.75,all_blocks,centered,105,0.0052297282963991165,0
C_FORECAST_0.75,all_blocks,centered,106,0.0052028545178473,0
C_FORECAST_0.75,all_blocks,centered,107,0.005165980197489262,0
C_FORECAST_0.75,all_blocks,centered,108,0.0051434882916510105,0
C_FORECAST_0.75,all_blocks,centered,109,0.005112435203045607,0
C_FORECAST_0.75,all_blocks,centered,110,0.005048889201134443,0
C_FORECAST_0.75,all_blocks,centered,111,0.005027408711612225,0
C_FORECAST_0.75,all_blocks,centered,112,0.005003890488296747,0
C_FORECAST_0.75,all_blocks,centered,113,0.0049988748505711555,0
C_FORECAST_0.75,all_blocks,centered,114,0.004983746912330389,0
C_FORECAST_0.75,all_blocks,centered,115,0.004941784776747227,0
C_FORECAST_0.75,all_blocks,centered,116,0.004921677988022566,0
C_FORECAST_0.75,all_blocks,centered,117,0.004893411882221699,0
C_FORECAST_0.75,all_blocks,centered,118,0.004891000222414732,0
C_FORECAST_0.75,all_blocks,centered,119,0.004867919720709324,0
C_FORECAST_0.75,all_blocks,centered,120,0.0048289792612195015,0
C_FORECAST_0.75,all_blocks,centered,121,0.004812104627490044,0
C_FORECAST_0.75,all_blocks,centered,122,0.004777073860168457,0
C_FORECAST_0.75,all_blocks,centered,123,0.004774077329784632,0
C_FORECAST_0.75,all_blocks,centered,124,0.00475254375487566,0
C_FORECAST_0.75,all_blocks,centered,125,0.004732951987534761,0
C_FORECAST_0.75,all_blocks,centered,126,0.00468901451677084,0
C_FORECAST_0.75,all_blocks,centered,127,0.004666856024414301,0
C_FORECAST_0.75,all_blocks,centered,128,0.004643995314836502,0
C_FORECAST_0.75,all_blocks,centered,129,0.004617421887814999,0
C_FORECAST_0.75,all_blocks,centered,130,0.004603170789778233,0
C_FORECAST_0.75,all_blocks,centered,131,0.004584751091897488,0
C_FORECAST_0.75,all_blocks,centered,132,0.004551952704787254,0
C_FORECAST_0.75,all_blocks,centered,133,0.0045499419793486595,0
C_FORECAST_0.75,all_blocks,centered,134,0.00451524555683136,0
C_FORECAST_0.75,all_blocks,centered,135,0.004475024063140154,0
C_FORECAST_0.75,all_blocks,centered,136,0.004445592872798443,0
C_FORECAST_0.75,all_blocks,centered,137,0.004442720208317041,0
C_FORECAST_0.75,all_blocks,centered,138,0.004405930172652006,0
C_FORECAST_0.75,all_blocks,centered,139,0.004393171519041061,0
C_FORECAST_0.75,all_blocks,centered,140,0.004391246475279331,0
C_FORECAST_0.75,all_blocks,centered,141,0.004354080185294151,0
C_FORECAST_0.75,all_blocks,centered,142,0.004315962549299002,0
C_FORECAST_0.75,all_blocks,centered,143,0.004292383324354887,0
C_FORECAST_0.75,all_blocks,centered,144,0.004282718524336815,0
C_FORECAST_0.75,all_blocks,centered,145,0.004274109378457069,0
C_FORECAST_0.75,all_blocks,centered,146,0.004246207419782877,0
C_FORECAST_0.75,all_blocks,centered,147,0.004227801226079464,0
C_FORECAST_0.75,all_blocks,centered,148,0.004223951138556004,0
C_FORECAST_0.75,all_blocks,centered,149,0.004191508516669273,0
C_FORECAST_0.75,all_blocks,centered,150,0.004177134018391371,0
C_FORECAST_0.75,all_blocks,centered,151,0.0041658212430775166,0
C_FORECAST_0.75,all_blocks,centered,152,0.004142075311392546,0
C_FORECAST_0.75,all_blocks,centered,153,0.004141082987189293,0
C_FORECAST_0.75,all_blocks,centered,154,0.004114298615604639,0
C_FORECAST_0.75,all_blocks,centered,155,0.004099480342119932,0
C_FORECAST_0.75,all_blocks,centered,156,0.004055027849972248,0
C_FORECAST_0.75,all_blocks,centered,157,0.004045182839035988,0
C_FORECAST_0.75,all_blocks,centered,158,0.004032223019748926,0
C_FORECAST_0.75,all_blocks,centered,159,0.004005108494311571,0
C_FORECAST_0.75,all_blocks,centered,160,0.003994419705122709,0
C_FORECAST_0.75,all_blocks,centered,161,0.0039825839921832085,0
C_FORECAST_0.75,all_blocks,centered,162,0.0039545828476548195,0
C_FORECAST_0.75,all_blocks,centered,163,0.003933027386665344,0
C_FORECAST_0.75,all_blocks,centered,164,0.003922584932297468,0
C_FORECAST_0.75,all_blocks,centered,165,0.0039150589145720005,0
C_FORECAST_0.75,all_blocks,centered,166,0.0038771294057369232,0
C_FORECAST_0.75,all_blocks,centered,167,0.003870579646900296,0
C_FORECAST_0.75,all_blocks,centered,168,0.003849835367873311,0
C_FORECAST_0.75,all_blocks,centered,169,0.003843535901978612,0
C_FORECAST_0.75,all_blocks,centered,170,0.003802470164373517,0
C_FORECAST_0.75,all_blocks,centered,171,0.003797463607043028,0
C_FORECAST_0.75,all_blocks,centered,172,0.003787360619753599,0
C_FORECAST_0.75,all_blocks,centered,173,0.0037678855005651712,0
C_FORECAST_0.75,all_blocks,centered,174,0.0037546218372881413,0
C_FORECAST_0.75,all_blocks,centered,175,0.003741264110431075,0
C_FORECAST_0.75,all_blocks,centered,176,0.003723052330315113,0
C_FORECAST_0.75,all_blocks,centered,177,0.0037053010892122984,0
C_FORECAST_0.75,all_blocks,centered,178,0.0036911468487232924,0
C_FORECAST_0.75,all_blocks,centered,179,0.003673501079902053,0
C_FORECAST_0.75,all_blocks,centered,180,0.0036724719684571028,0
C_FORECAST_0.75,all_blocks,centered,181,0.0036518648266792297,0
C_FORECAST_0.75,all_blocks,centered,182,0.0036396270152181387,0
C_FORECAST_0.75,all_blocks,centered,183,0.003631893079727888,0
C_FORECAST_0.75,all_blocks,centered,184,0.0036158899310976267,0
C_FORECAST_0.75,all_blocks,centered,185,0.003602085169404745,0
C_FORECAST_0.75,all_blocks,centered,186,0.003572209505364299,0
C_FORECAST_0.75,all_blocks,centered,187,0.0035587770398706198,0
C_FORECAST_0.75,all_blocks,centered,188,0.003546519670635462,0
C_FORECAST_0.75,all_blocks,centered,189,0.0035252280067652464,0
C_FORECAST_0.75,all_blocks,centered,190,0.0035081631503999233,0
C_FORECAST_0.75,all_blocks,centered,191,0.0035001328215003014,0
C_FORECAST_0.75,all_blocks,centered,192,0.003476874902844429,0
C_FORECAST_0.75,all_blocks,centered,193,0.0034740972332656384,0
C_FORECAST_0.75,all_blocks,centered,194,0.003460729494690895,0
C_FORECAST_0.75,all_blocks,centered,195,0.0034439973533153534,0
C_FORECAST_0.75,all_blocks,centered,196,0.0034303157590329647,0
C_FORECAST_0.75,all_blocks,centered,197,0.0034209347795695066,0
C_FORECAST_0.75,all_blocks,centered,198,0.0034122024662792683,0
C_FORECAST_0.75,all_blocks,centered,199,0.00338575872592628,0
C_FORECAST_0.75,all_blocks,centered,200,0.003381688380613923,0
C_FORECAST_0.75,all_blocks,centered,201,0.00336452922783792,0
C_FORECAST_0.75,all_blocks,centered,202,0.0033448662143200636,0
C_FORECAST_0.75,all_blocks,centered,203,0.0033434464130550623,0
C_FORECAST_0.75,all_blocks,centered,204,0.003328669350594282,0
C_FORECAST_0.75,all_blocks,centered,205,0.0033136860001832247,0
C_FORECAST_0.75,all_blocks,centered,206,0.0033130603842437267,0
C_FORECAST_0.75,all_blocks,centered,207,0.0033055248204618692,0
C_FORECAST_0.75,all_blocks,centered,208,0.0032993375789374113,0
C_FORECAST_0.75,all_blocks,centered,209,0.0032814142759889364,0
C_FORECAST_0.75,all_blocks,centered,210,0.0032589661423116922,0
C_FORECAST_0.75,all_blocks,centered,211,0.0032510245218873024,0
C_FORECAST_0.75,all_blocks,centered,212,0.0032447082921862602,0
C_FORECAST_0.75,all_blocks,centered,213,0.0032299142330884933,0
C_FORECAST_0.75,all_blocks,centered,214,0.0032269442453980446,0
C_FORECAST_0.75,all_blocks,centered,215,0.003211085917428136,0
C_FORECAST_0.75,all_blocks,centered,216,0.0032051722519099712,0
C_FORECAST_0.75,all_blocks,centered,217,0.0031939977779984474,0
C_FORECAST_0.75,all_blocks,centered,218,0.003179786028340459,0
C_FORECAST_0.75,all_blocks,centered,219,0.003173034405335784,0
C_FORECAST_0.75,all_blocks,centered,220,0.0031608925200998783,0
C_FORECAST_0.75,all_blocks,centered,221,0.0031525662634521723,0
C_FORECAST_0.75,all_blocks,centered,222,0.0031346913892775774,0
C_FORECAST_0.75,all_blocks,centered,223,0.0031254207715392113,0
C_FORECAST_0.75,all_blocks,centered,224,0.003113347105681896,0
C_FORECAST_0.75,all_blocks,centered,225,0.0030999460723251104,0
C_FORECAST_0.75,all_blocks,centered,226,0.0030886903405189514,0
C_FORECAST_0.75,all_blocks,centered,227,0.0030830977484583855,0
C_FORECAST_0.75,all_blocks,centered,228,0.0030776073690503836,0
C_FORECAST_0.75,all_blocks,centered,229,0.0030462611466646194,0
C_FORECAST_0.75,all_blocks,centered,230,0.003045819466933608,0
C_FORECAST_0.75,all_blocks,centered,231,0.0030352147296071053,0
C_FORECAST_0.75,all_blocks,centered,232,0.0030316642951220274,0
C_FORECAST_0.75,all_blocks,centered,233,0.0030270174611359835,0
C_FORECAST_0.75,all_blocks,centered,234,0.0030075707472860813,0
C_FORECAST_0.75,all_blocks,centered,235,0.0029986118897795677,0
C_FORECAST_0.75,all_blocks,centered,236,0.0029958055820316076,0
C_FORECAST_0.75,all_blocks,centered,237,0.002963228849694133,0
C_FORECAST_0.75,all_blocks,centered,238,0.0029630158096551895,0
C_FORECAST_0.75,all_blocks,centered,239,0.0029537545051425695,0
C_FORECAST_0.75,all_blocks,centered,240,0.0029523014090955257,0
C_FORECAST_0.75,all_blocks,centered,241,0.0029360572807490826,0
C_FORECAST_0.75,all_blocks,centered,242,0.0029209295753389597,0
C_FORECAST_0.75,all_blocks,centered,243,0.002905795816332102,0
C_FORECAST_0.75,all_blocks,centered,244,0.002904007211327553,0
C_FORECAST_0.75,all_blocks,centered,245,0.0028982728254050016,0
C_FORECAST_0.75,all_blocks,centered,246,0.0028782340232282877,0
C_FORECAST_0.75,all_blocks,centered,247,0.0028736027888953686,0
C_FORECAST_0.75,all_blocks,centered,248,0.002854948630556464,0
C_FORECAST_0.75,all_blocks,centered,249,0.0028533509466797113,0
C_FORECAST_0.75,all_blocks,centered,250,0.0028528007678687572,0
C_FORECAST_0.75,all_blocks,centered,251,0.002836371771991253,0
C_FORECAST_0.75,all_blocks,centered,252,0.0028213150799274445,0
C_FORECAST_0.75,all_blocks,centered,253,0.002811551559716463,0
C_FORECAST_0.75,all_blocks,centered,254,0.0028006858192384243,0
C_FORECAST_0.75,all_blocks,centered,255,0.0027924925088882446,0
C_FORECAST_0.75,all_blocks,centered,256,0.002791132079437375,0
C_FORECAST_0.75,all_blocks,centered,257,0.002775739412754774,0
C_FORECAST_0.75,all_blocks,centered,258,0.0027636392042040825,0
C_FORECAST_0.75,all_blocks,centered,259,0.002760424977168441,0
C_FORECAST_0.75,all_blocks,centered,260,0.0027428450994193554,0
C_FORECAST_0.75,all_blocks,centered,261,0.0027424052823334932,0
C_FORECAST_0.75,all_blocks,centered,262,0.0027339148800820112,0
C_FORECAST_0.75,all_blocks,centered,263,0.0027208609972149134,0
C_FORECAST_0.75,all_blocks,centered,264,0.0027207538951188326,0
C_FORECAST_0.75,all_blocks,centered,265,0.0027079398278146982,0
C_FORECAST_0.75,all_blocks,centered,266,0.002702386351302266,0
C_FORECAST_0.75,all_blocks,centered,267,0.002688257722184062,0
C_FORECAST_0.75,all_blocks,centered,268,0.0026778019964694977,0
C_FORECAST_0.75,all_blocks,centered,269,0.0026765684597194195,0
C_FORECAST_0.75,all_blocks,centered,270,0.002667451510205865,0
C_FORECAST_0.75,all_blocks,centered,271,0.0026588067412376404,0
C_FORECAST_0.75,all_blocks,centered,272,0.002655845135450363,0
C_FORECAST_0.75,all_blocks,centered,273,0.002635275013744831,0
C_FORECAST_0.75,all_blocks,centered,274,0.0026306489016860723,0
C_FORECAST_0.75,all_blocks,centered,275,0.0026171430945396423,0
C_FORECAST_0.75,all_blocks,centered,276,0.0026092352345585823,0
C_FORECAST_0.75,all_blocks,centered,277,0.002588458126410842,0
C_FORECAST_0.75,all_blocks,centered,278,0.002584560075774789,0
C_FORECAST_0.75,all_blocks,centered,279,0.0025805176701396704,0
C_FORECAST_0.75,all_blocks,centered,280,0.0025711350608617067,0
C_FORECAST_0.75,all_blocks,centered,281,0.002569887787103653,0
C_FORECAST_0.75,all_blocks,centered,282,0.002566814422607422,0
C_FORECAST_0.75,all_blocks,centered,283,0.0025585347320884466,0
C_FORECAST_0.75,all_blocks,centered,284,0.0025521572679281235,0
C_FORECAST_0.75,all_blocks,centered,285,0.002541201887652278,0
C_FORECAST_0.75,all_blocks,centered,286,0.0025251484476029873,0
C_FORECAST_0.75,all_blocks,centered,287,0.002521177288144827,0
C_FORECAST_0.75,all_blocks,centered,288,0.00251724268309772,0
C_FORECAST_0.75,all_blocks,centered,289,0.00251068826764822,0
C_FORECAST_0.75,all_blocks,centered,290,0.0025003377813845873,0
C_FORECAST_0.75,all_blocks,centered,291,0.0024826324079185724,0
C_FORECAST_0.75,all_blocks,centered,292,0.002477779518812895,0
C_FORECAST_0.75,all_blocks,centered,293,0.0024661405477672815,0
C_FORECAST_0.75,all_blocks,centered,294,0.002457493683323264,0
C_FORECAST_0.75,all_blocks,centered,295,0.0024556578136980534,0
C_FORECAST_0.75,all_blocks,centered,296,0.0024470475036650896,0
C_FORECAST_0.75,all_blocks,centered,297,0.002439305651932955,0
C_FORECAST_0.75,all_blocks,centered,298,0.002429838525131345,0
C_FORECAST_0.75,all_blocks,centered,299,0.0024268808774650097,0
C_FORECAST_0.75,all_blocks,centered,300,0.002420529257506132,0
C_FORECAST_0.75,all_blocks,centered,301,0.0024139792658388615,0
C_FORECAST_0.75,all_blocks,centered,302,0.00241001951508224,0
C_FORECAST_0.75,all_blocks,centered,303,0.0024006785824894905,0
C_FORECAST_0.75,all_blocks,centered,304,0.002394992159679532,0
C_FORECAST_0.75,all_blocks,centered,305,0.0023827177938073874,0
C_FORECAST_0.75,all_blocks,centered,306,0.0023802274372428656,0
C_FORECAST_0.75,all_blocks,centered,307,0.0023619516286998987,0
C_FORECAST_0.75,all_blocks,centered,308,0.002361356047913432,0
C_FORECAST_0.75,all_blocks,centered,309,0.0023574018850922585,0
C_FORECAST_0.75,all_blocks,centered,310,0.002350466325879097,0
C_FORECAST_0.75,all_blocks,centered,311,0.00234829424880445,0
C_FORECAST_0.75,all_blocks,centered,312,0.0023413554299622774,0
C_FORECAST_0.75,all_blocks,centered,313,0.002322525018826127,0
C_FORECAST_0.75,all_blocks,centered,314,0.002318460261449218,0
C_FORECAST_0.75,all_blocks,centered,315,0.0023058499209582806,0
C_FORECAST_0.75,all_blocks,centered,316,0.0022976123727858067,0
C_FORECAST_0.75,all_blocks,centered,317,0.0022919727489352226,0
C_FORECAST_0.75,all_blocks,centered,318,0.0022911017294973135,0
C_FORECAST_0.75,all_blocks,centered,319,0.0022902730852365494,0
C_FORECAST_0.75,all_blocks,centered,320,0.00227842153981328,0
C_FORECAST_0.75,all_blocks,centered,321,0.0022713455837219954,0
C_FORECAST_0.75,all_blocks,centered,322,0.0022602330427616835,0
C_FORECAST_0.75,all_blocks,centered,323,0.002254614606499672,0
C_FORECAST_0.75,all_blocks,centered,324,0.0022512604482471943,0
C_FORECAST_0.75,all_blocks,centered,325,0.0022324759047478437,0
C_FORECAST_0.75,all_blocks,centered,326,0.002225648146122694,0
C_FORECAST_0.75,all_blocks,centered,327,0.002223069779574871,0
C_FORECAST_0.75,all_blocks,centered,328,0.002222232287749648,0
C_FORECAST_0.75,all_blocks,centered,329,0.0022182685788720846,0
C_FORECAST_0.75,all_blocks,centered,330,0.002207791665568948,0
C_FORECAST_0.75,all_blocks,centered,331,0.0022064652293920517,0
C_FORECAST_0.75,all_blocks,centered,332,0.0021941151935607195,0
C_FORECAST_0.75,all_blocks,centered,333,0.002194043016061187,0
C_FORECAST_0.75,all_blocks,centered,334,0.002175875473767519,0
C_FORECAST_0.75,all_blocks,centered,335,0.0021722321398556232,0
C_FORECAST_0.75,all_blocks,centered,336,0.0021676362957805395,0
C_FORECAST_0.75,all_blocks,centered,337,0.002163145923987031,0
C_FORECAST_0.75,all_blocks,centered,338,0.00216202181763947,0
C_FORECAST_0.75,all_blocks,centered,339,0.002157776616513729,0
C_FORECAST_0.75,all_blocks,centered,340,0.0021514424588531256,0
C_FORECAST_0.75,all_blocks,centered,341,0.0021425727754831314,0
C_FORECAST_0.75,all_blocks,centered,342,0.0021416707895696163,0
C_FORECAST_0.75,all_blocks,centered,343,0.0021289291325956583,0
C_FORECAST_0.75,all_blocks,centered,344,0.0021240226924419403,0
C_FORECAST_0.75,all_blocks,centered,345,0.002121415687724948,0
C_FORECAST_0.75,all_blocks,centered,346,0.002108467509970069,0
C_FORECAST_0.75,all_blocks,centered,347,0.002101358026266098,0
C_FORECAST_0.75,all_blocks,centered,348,0.002099733566865325,0
C_FORECAST_0.75,all_blocks,centered,349,0.002097414107993245,0
C_FORECAST_0.75,all_blocks,centered,350,0.0020960047841072083,0
C_FORECAST_0.75,all_blocks,centered,351,0.0020894131157547235,0
C_FORECAST_0.75,all_blocks,centered,352,0.002084416337311268,0
C_FORECAST_0.75,all_blocks,centered,353,0.002077968092635274,0
C_FORECAST_0.75,all_blocks,centered,354,0.002068174537271261,0
C_FORECAST_0.75,all_blocks,centered,355,0.00206003338098526,0
C_FORECAST_0.75,all_blocks,centered,356,0.002058092737570405,0
C_FORECAST_0.75,all_blocks,centered,357,0.002056064549833536,0
C_FORECAST_0.75,all_blocks,centered,358,0.0020382360089570284,0
C_FORECAST_0.75,all_blocks,centered,359,0.0020375559106469154,0
C_FORECAST_0.75,all_blocks,centered,360,0.002036483958363533,0
C_FORECAST_0.75,all_blocks,centered,361,0.002026541857048869,0
C_FORECAST_0.75,all_blocks,centered,362,0.002024355111643672,0
C_FORECAST_0.75,all_blocks,centered,363,0.002020197920501232,0
C_FORECAST_0.75,all_blocks,centered,364,0.0020103566348552704,0
C_FORECAST_0.75,all_blocks,centered,365,0.002008607145398855,0
C_FORECAST_0.75,all_blocks,centered,366,0.0019926554523408413,0
C_FORECAST_0.75,all_blocks,centered,367,0.001986124087125063,0
C_FORECAST_0.75,all_blocks,centered,368,0.0019845443312078714,0
C_FORECAST_0.75,all_blocks,centered,369,0.0019834027625620365,0
C_FORECAST_0.75,all_blocks,centered,370,0.0019766592886298895,0
C_FORECAST_0.75,all_blocks,centered,371,0.001969525357708335,0
C_FORECAST_0.75,all_blocks,centered,372,0.001967743504792452,0
C_FORECAST_0.75,all_blocks,centered,373,0.001963011920452118,0
C_FORECAST_0.75,all_blocks,centered,374,0.0019526223186403513,0
C_FORECAST_0.75,all_blocks,centered,375,0.0019497451139613986,0
C_FORECAST_0.75,all_blocks,centered,376,0.0019380388548597693,0
C_FORECAST_0.75,all_blocks,centered,377,0.0019340052967891097,0
C_FORECAST_0.75,all_blocks,centered,378,0.001931451726704836,0
C_FORECAST_0.75,all_blocks,centered,379,0.0019215812208130956,0
C_FORECAST_0.75,all_blocks,centered,380,0.001919142552651465,0
C_FORECAST_0.75,all_blocks,centered,381,0.0019139907089993358,0
C_FORECAST_0.75,all_blocks,centered,382,0.001905290875583887,0
C_FORECAST_0.75,all_blocks,centered,383,0.0019008276285603642,0
C_FORECAST_0.75,all_blocks,centered,384,0.0018903352320194244,0
C_FORECAST_0.75,all_blocks,centered,385,0.0018847946776077151,0
C_FORECAST_0.75,all_blocks,centered,386,0.001884181285277009,0
C_FORECAST_0.75,all_blocks,centered,387,0.0018763437401503325,0
C_FORECAST_0.75,all_blocks,centered,388,0.0018681990914046764,0
C_FORECAST_0.75,all_blocks,centered,389,0.0018664550734683871,0
C_FORECAST_0.75,all_blocks,centered,390,0.0018655703170225024,0
C_FORECAST_0.75,all_blocks,centered,391,0.001859275042079389,0
C_FORECAST_0.75,all_blocks,centered,392,0.0018556782742962241,0
C_FORECAST_0.75,all_blocks,centered,393,0.0018470342038199306,0
C_FORECAST_0.75,all_blocks,centered,394,0.0018439609557390213,0
C_FORECAST_0.75,all_blocks,centered,395,0.0018380949040874839,0
C_FORECAST_0.75,all_blocks,centered,396,0.0018314548069611192,0
C_FORECAST_0.75,all_blocks,centered,397,0.001822826685383916,0
C_FORECAST_0.75,all_blocks,centered,398,0.001821408630348742,0
C_FORECAST_0.75,all_blocks,centered,399,0.0018137352308258414,0
C_FORECAST_0.75,all_blocks,centered,400,0.0018092094687744975,0
C_FORECAST_0.75,all_blocks,centered,401,0.0018043722957372665,0
C_FORECAST_0.75,all_blocks,centered,402,0.001799881923943758,0
C_FORECAST_0.75,all_blocks,centered,403,0.0017974756192415953,0
C_FORECAST_0.75,all_blocks,centered,404,0.001793732400983572,0
C_FORECAST_0.75,all_blocks,centered,405,0.0017891257302835584,0
C_FORECAST_0.75,all_blocks,centered,406,0.0017770344857126474,0
C_FORECAST_0.75,all_blocks,centered,407,0.0017762206261977553,0
C_FORECAST_0.75,all_blocks,centered,408,0.0017704499186947942,0
C_FORECAST_0.75,all_blocks,centered,409,0.00176497851498425,0
C_FORECAST_0.75,all_blocks,centered,410,0.0017643870087340474,0
C_FORECAST_0.75,all_blocks,centered,411,0.0017571959178894758,0
C_FORECAST_0.75,all_blocks,centered,412,0.001751443836838007,0
C_FORECAST_0.75,all_blocks,centered,413,0.0017493144841864705,0
C_FORECAST_0.75,all_blocks,centered,414,0.0017455390188843012,0
C_FORECAST_0.75,all_blocks,centered,415,0.001736489008180797,0
C_FORECAST_0.75,all_blocks,centered,416,0.0017352317227050662,0
C_FORECAST_0.75,all_blocks,centered,417,0.0017319027101621032,0
C_FORECAST_0.75,all_blocks,centered,418,0.0017284845234826207,0
C_FORECAST_0.75,all_blocks,centered,419,0.0017218851717188954,0
C_FORECAST_0.75,all_blocks,centered,420,0.0017203229945152998,0
C_FORECAST_0.75,all_blocks,centered,421,0.0017175457905977964,0
C_FORECAST_0.75,all_blocks,centered,422,0.001712041674181819,0
C_FORECAST_0.75,all_blocks,centered,423,0.0017072820337489247,0
C_FORECAST_0.75,all_blocks,centered,424,0.0017035433556884527,0
C_FORECAST_0.75,all_blocks,centered,425,0.0016946677351370454,0
C_FORECAST_0.75,all_blocks,centered,426,0.00169431755784899,0
C_FORECAST_0.75,all_blocks,centered,427,0.0016918664332479239,0
C_FORECAST_0.75,all_blocks,centered,428,0.0016817894065752625,0
C_FORECAST_0.75,all_blocks,centered,429,0.0016806138446554542,0
C_FORECAST_0.75,all_blocks,centered,430,0.0016755181131884456,0
C_FORECAST_0.75,all_blocks,centered,431,0.0016747318441048265,0
C_FORECAST_0.75,all_blocks,centered,432,0.0016635577194392681,0
C_FORECAST_0.75,all_blocks,centered,433,0.0016626514261588454,0
C_FORECAST_0.75,all_blocks,centered,434,0.0016537609044462442,0
C_FORECAST_0.75,all_blocks,centered,435,0.0016469887923449278,0
C_FORECAST_0.75,all_blocks,centered,436,0.001640343340113759,0
C_FORECAST_0.75,all_blocks,centered,437,0.0016401337925344706,0
C_FORECAST_0.75,all_blocks,centered,438,0.0016334940446540713,0
C_FORECAST_0.75,all_blocks,centered,439,0.0016282200813293457,0
C_FORECAST_0.75,all_blocks,centered,440,0.0016276170499622822,0
C_FORECAST_0.75,all_blocks,centered,441,0.0016256190137937665,0
C_FORECAST_0.75,all_blocks,centered,442,0.0016169414157047868,0
C_FORECAST_0.75,all_blocks,centered,443,0.0016158727230504155,0
C_FORECAST_0.75,all_blocks,centered,444,0.0016110992291942239,0
C_FORECAST_0.75,all_blocks,centered,445,0.0016098699998110533,0
C_FORECAST_0.75,all_blocks,centered,446,0.0016069230623543262,0
C_FORECAST_0.75,all_blocks,centered,447,0.0016032409621402621,0
C_FORECAST_0.75,all_blocks,centered,448,0.0015906248008832335,0
C_FORECAST_0.75,all_blocks,centered,449,0.0015876508550718427,0
C_FORECAST_0.75,all_blocks,centered,450,0.0015868835616856813,0
C_FORECAST_0.75,all_blocks,centered,451,0.001583535224199295,0
C_FORECAST_0.75,all_blocks,centered,452,0.0015796436928212643,0
C_FORECAST_0.75,all_blocks,centered,453,0.0015740364324301481,0
C_FORECAST_0.75,all_blocks,centered,454,0.0015679871430620551,0
C_FORECAST_0.75,all_blocks,centered,455,0.001564676407724619,0
C_FORECAST_0.75,all_blocks,centered,456,0.001562390010803938,0
C_FORECAST_0.75,all_blocks,centered,457,0.0015618836041539907,0
C_FORECAST_0.75,all_blocks,centered,458,0.0015602435451000929,0
C_FORECAST_0.75,all_blocks,centered,459,0.001551324618048966,0
C_FORECAST_0.75,all_blocks,centered,460,0.0015503967879340053,0
C_FORECAST_0.75,all_blocks,centered,461,0.0015421441057696939,0
C_FORECAST_0.75,all_blocks,centered,462,0.001541235949844122,0
C_FORECAST_0.75,all_blocks,centered,463,0.0015395707450807095,0
C_FORECAST_0.75,all_blocks,centered,464,0.001530849956907332,0
C_FORECAST_0.75,all_blocks,centered,465,0.0015281557571142912,0
C_FORECAST_0.75,all_blocks,centered,466,0.0015204900410026312,0
C_FORECAST_0.75,all_blocks,centered,467,0.0015198691980913281,0
C_FORECAST_0.75,all_blocks,centered,468,0.0015120396856218576,0
C_FORECAST_0.75,all_blocks,centered,469,0.0015109782107174397,0
C_FORECAST_0.75,all_blocks,centered,470,0.0015099701704457402,0
C_FORECAST_0.75,all_blocks,centered,471,0.0015038336860015988,0
C_FORECAST_0.75,all_blocks,centered,472,0.0015034966636449099,0
C_FORECAST_0.75,all_blocks,centered,473,0.001498024445027113,0
C_FORECAST_0.75,all_blocks,centered,474,0.0014966500457376242,0
C_FORECAST_0.75,all_blocks,centered,475,0.0014887070283293724,0
C_FORECAST_0.75,all_blocks,centered,476,0.0014843529788777232,0
C_FORECAST_0.75,all_blocks,centered,477,0.0014837475027889013,0
C_FORECAST_0.75,all_blocks,centered,478,0.001483168569393456,0
C_FORECAST_0.75,all_blocks,centered,479,0.0014793166192248464,0
C_FORECAST_0.75,all_blocks,centered,480,0.0014746040105819702,0
C_FORECAST_0.75,all_blocks,centered,481,0.0014678428415209055,0
C_FORECAST_0.75,all_blocks,centered,482,0.001460264902561903,0
C_FORECAST_0.75,all_blocks,centered,483,0.0014538265531882644,0
C_FORECAST_0.75,all_blocks,centered,484,0.0014525019796565175,0
C_FORECAST_0.75,all_blocks,centered,485,0.0014499359531328082,0
C_FORECAST_0.75,all_blocks,centered,486,0.0014443143736571074,0
C_FORECAST_0.75,all_blocks,centered,487,0.0014426910784095526,0
C_FORECAST_0.75,all_blocks,centered,488,0.0014416162157431245,0
C_FORECAST_0.75,all_blocks,centered,489,0.0014389499556273222,0
C_FORECAST_0.75,all_blocks,centered,490,0.001430369564332068,0
C_FORECAST_0.75,all_blocks,centered,491,0.0014267556834965944,0
C_FORECAST_0.75,all_blocks,centered,492,0.0014238464646041393,0
C_FORECAST_0.75,all_blocks,centered,493,0.0014214813709259033,0
C_FORECAST_0.75,all_blocks,centered,494,0.0014163862215355039,0
C_FORECAST_0.75,all_blocks,centered,495,0.001411748118698597,0
C_FORECAST_0.75,all_blocks,centered,496,0.001406878582201898,0
C_FORECAST_0.75,all_blocks,centered,497,0.0014068129239603877,0
C_FORECAST_0.75,all_blocks,centered,498,0.001398888765834272,0
C_FORECAST_0.75,all_blocks,centered,499,0.0013959575444459915,0
C_FORECAST_0.75,all_blocks,centered,500,0.0013935071183368564,0
C_FORECAST_0.75,all_blocks,centered,501,0.0013931773137301207,0
C_FORECAST_0.75,all_blocks,centered,502,0.0013839314924553037,0
C_FORECAST_0.75,all_blocks,centered,503,0.0013825666392222047,0
C_FORECAST_0.75,all_blocks,centered,504,0.001379838096909225,0
C_FORECAST_0.75,all_blocks,centered,505,0.001379720401018858,0
C_FORECAST_0.75,all_blocks,centered,506,0.0013772901147603989,0
C_FORECAST_0.75,all_blocks,centered,507,0.0013690104242414236,0
C_FORECAST_0.75,all_blocks,centered,508,0.0013675637310370803,0
C_FORECAST_0.75,all_blocks,centered,509,0.0013614246854558587,0
C_FORECAST_0.75,all_blocks,centered,510,0.0013576089404523373,0
C_FORECAST_0.75,all_blocks,centered,511,0.0013540274230763316,0
C_FORECAST_0.75,all_blocks,centered,512,0.0013509722193703055,0
C_FORECAST_0.75,all_blocks,centered,513,0.0013486753450706601,0
C_FORECAST_0.75,all_blocks,centered,514,0.0013476773165166378,0
C_FORECAST_0.75,all_blocks,centered,515,0.001342756557278335,0
C_FORECAST_0.75,all_blocks,centered,516,0.00134129892103374,0
C_FORECAST_0.75,all_blocks,centered,517,0.0013384452322497964,0
C_FORECAST_0.75,all_blocks,centered,518,0.0013293895171955228,0
C_FORECAST_0.75,all_blocks,centered,519,0.001326887053437531,0
C_FORECAST_0.75,all_blocks,centered,520,0.0013225129805505276,0
C_FORECAST_0.75,all_blocks,centered,521,0.0013221699045971036,0
C_FORECAST_0.75,all_blocks,centered,522,0.001316991401836276,0
C_FORECAST_0.75,all_blocks,centered,523,0.001314641791395843,0
C_FORECAST_0.75,all_blocks,centered,524,0.0013088578125461936,0
C_FORECAST_0.75,all_blocks,centered,525,0.001305835205130279,0
C_FORECAST_0.75,all_blocks,centered,526,0.0013036043383181095,0
C_FORECAST_0.75,all_blocks,centered,527,0.0012970181414857507,0
C_FORECAST_0.75,all_blocks,centered,528,0.00129601638764143,0
C_FORECAST_0.75,all_blocks,centered,529,0.0012910993536934257,0
C_FORECAST_0.75,all_blocks,centered,530,0.0012862293515354395,0
C_FORECAST_0.75,all_blocks,centered,531,0.0012834639055654407,0
C_FORECAST_0.75,all_blocks,centered,532,0.0012807645834982395,0
C_FORECAST_0.75,all_blocks,centered,533,0.0012805518927052617,0
C_FORECAST_0.75,all_blocks,centered,534,0.001277571078389883,0
C_FORECAST_0.75,all_blocks,centered,535,0.0012756453361362219,0
C_FORECAST_0.75,all_blocks,centered,536,0.0012708924477919936,0
C_FORECAST_0.75,all_blocks,centered,537,0.0012705180561169982,0
C_FORECAST_0.75,all_blocks,centered,538,0.001263361657038331,0
C_FORECAST_0.75,all_blocks,centered,539,0.0012581649934872985,0
C_FORECAST_0.75,all_blocks,centered,540,0.0012560097966343164,0
C_FORECAST_0.75,all_blocks,centered,541,0.001253529917448759,0
C_FORECAST_0.75,all_blocks,centered,542,0.001249614404514432,0
C_FORECAST_0.75,all_blocks,centered,543,0.001242204918526113,0
C_FORECAST_0.75,all_blocks,centered,544,0.0012417553225532174,0
C_FORECAST_0.75,all_blocks,centered,545,0.0012365671573206782,0
C_FORECAST_0.75,all_blocks,centered,546,0.0012356919469311833,0
C_FORECAST_0.75,all_blocks,centered,547,0.0012323397677391768,0
C_FORECAST_0.75,all_blocks,centered,548,0.0012311021564528346,0
C_FORECAST_0.75,all_blocks,centered,549,0.0012306178687140346,0
C_FORECAST_0.75,all_blocks,centered,550,0.0012195265153422952,0
C_FORECAST_0.75,all_blocks,centered,551,0.0012194357113912702,0
C_FORECAST_0.75,all_blocks,centered,552,0.0012179185869172215,0
C_FORECAST_0.75,all_blocks,centered,553,0.001216780859977007,0
C_FORECAST_0.75,all_blocks,centered,554,0.001214206451550126,0
C_FORECAST_0.75,all_blocks,centered,555,0.0012111712712794542,0
C_FORECAST_0.75,all_blocks,centered,556,0.0012048206990584731,0
C_FORECAST_0.75,all_blocks,centered,557,0.0012001910945400596,0
C_FORECAST_0.75,all_blocks,centered,558,0.0011993806110695004,0
C_FORECAST_0.75,all_blocks,centered,559,0.001195545308291912,0
C_FORECAST_0.75,all_blocks,centered,560,0.0011928186286240816,0
C_FORECAST_0.75,all_blocks,centered,561,0.0011920980177819729,0
C_FORECAST_0.75,all_blocks,centered,562,0.0011919928947463632,0
C_FORECAST_0.75,all_blocks,centered,563,0.0011891372269019485,0
C_FORECAST_0.75,all_blocks,centered,564,0.001185631612315774,0
C_FORECAST_0.75,all_blocks,centered,565,0.0011846331181004643,0
C_FORECAST_0.75,all_blocks,centered,566,0.001182669773697853,0
C_FORECAST_0.75,all_blocks,centered,567,0.0011786497198045254,0
C_FORECAST_0.75,all_blocks,centered,568,0.0011746179079636931,0
C_FORECAST_0.75,all_blocks,centered,569,0.0011737450258806348,0
C_FORECAST_0.75,all_blocks,centered,570,0.0011694261338561773,0
C_FORECAST_0.75,all_blocks,centered,571,0.0011581454891711473,0
C_FORECAST_0.75,all_blocks,centered,572,0.0011581447906792164,0
C_FORECAST_0.75,all_blocks,centered,573,0.001155998557806015,0
C_FORECAST_0.75,all_blocks,centered,574,0.001155862701125443,0
C_FORECAST_0.75,all_blocks,centered,575,0.0011502400739118457,0
C_FORECAST_0.75,all_blocks,centered,576,0.001146212569437921,0
C_FORECAST_0.75,all_blocks,centered,577,0.0011461620451882482,0
C_FORECAST_0.75,all_blocks,centered,578,0.001141072018072009,0
C_FORECAST_0.75,all_blocks,centered,579,0.0011408058926463127,0
C_FORECAST_0.75,all_blocks,centered,580,0.0011344740632921457,0
C_FORECAST_0.75,all_blocks,centered,581,0.0011339851189404726,0
C_FORECAST_0.75,all_blocks,centered,582,0.001133832847699523,0
C_FORECAST_0.75,all_blocks,centered,583,0.0011286817025393248,0
C_FORECAST_0.75,all_blocks,centered,584,0.0011277328012511134,0
C_FORECAST_0.75,all_blocks,centered,585,0.0011258403537794948,0
C_FORECAST_0.75,all_blocks,centered,586,0.0011242593172937632,0
C_FORECAST_0.75,all_blocks,centered,587,0.0011160579742863774,0
C_FORECAST_0.75,all_blocks,centered,588,0.0011125219753012061,0
C_FORECAST_0.75,all_blocks,centered,589,0.0011108656181022525,0
C_FORECAST_0.75,all_blocks,centered,590,0.001110810786485672,0
C_FORECAST_0.75,all_blocks,centered,591,0.0011090071639046073,0
C_FORECAST_0.75,all_blocks,centered,592,0.0011035510106012225,0
C_FORECAST_0.75,all_blocks,centered,593,0.0011023679981008172,0
C_FORECAST_0.75,all_blocks,centered,594,0.0011004337575286627,0
C_FORECAST_0.75,all_blocks,centered,595,0.0010993625037372112,0
C_FORECAST_0.75,all_blocks,centered,596,0.0010950727155432105,0
C_FORECAST_0.75,all_blocks,centered,597,0.0010928045958280563,0
C_FORECAST_0.75,all_blocks,centered,598,0.0010891526471823454,0
C_FORECAST_0.75,all_blocks,centered,599,0.0010885257506743073,0
C_FORECAST_0.75,all_blocks,centered,600,0.0010853912681341171,0
C_FORECAST_0.75,all_blocks,centered,601,0.0010802794713526964,0
C_FORECAST_0.75,all_blocks,centered,602,0.0010795610724017024,0
C_FORECAST_0.75,all_blocks,centered,603,0.0010774759575724602,0
C_FORECAST_0.75,all_blocks,centered,604,0.0010688124457374215,0
C_FORECAST_0.75,all_blocks,centered,605,0.0010679236147552729,0
C_FORECAST_0.75,all_blocks,centered,606,0.0010625607101246715,0
C_FORECAST_0.75,all_blocks,centered,607,0.0010615309001877904,0
C_FORECAST_0.75,all_blocks,centered,608,0.0010593876941129565,0
C_FORECAST_0.75,all_blocks,centered,609,0.0010565982665866613,0
C_FORECAST_0.75,all_blocks,centered,610,0.0010536938207224011,0
C_FORECAST_0.75,all_blocks,centered,611,0.0010535168694332242,0
C_FORECAST_0.75,all_blocks,centered,612,0.001050190650857985,0
C_FORECAST_0.75,all_blocks,centered,613,0.0010498047340661287,0
C_FORECAST_0.75,all_blocks,centered,614,0.0010466506937518716,0
C_FORECAST_0.75,all_blocks,centered,615,0.001045013195835054,0
C_FORECAST_0.75,all_blocks,centered,616,0.001040638773702085,0
C_FORECAST_0.75,all_blocks,centered,617,0.0010404002387076616,0
C_FORECAST_0.75,all_blocks,centered,618,0.0010349160293117166,0
C_FORECAST_0.75,all_blocks,centered,619,0.001031775027513504,0
C_FORECAST_0.75,all_blocks,centered,620,0.0010300892172381282,0
C_FORECAST_0.75,all_blocks,centered,621,0.0010297407861799002,0
C_FORECAST_0.75,all_blocks,centered,622,0.001025888486765325,0
C_FORECAST_0.75,all_blocks,centered,623,0.0010224509751424193,0
C_FORECAST_0.75,all_blocks,centered,624,0.0010179901728406549,0
C_FORECAST_0.75,all_blocks,centered,625,0.0010169462766498327,0
C_FORECAST_0.75,all_blocks,centered,626,0.0010163995902985334,0
C_FORECAST_0.75,all_blocks,centered,627,0.0010121543891727924,0
C_FORECAST_0.75,all_blocks,centered,628,0.001009205705486238,0
C_FORECAST_0.75,all_blocks,centered,629,0.0010065728565678,0
C_FORECAST_0.75,all_blocks,centered,630,0.0010059864725917578,0
C_FORECAST_0.75,all_blocks,centered,631,0.0010040884371846914,0
C_FORECAST_0.75,all_blocks,centered,632,0.0009999704780057073,0
C_FORECAST_0.75,all_blocks,centered,633,0.0009994874708354473,0
C_FORECAST_0.75,all_blocks,centered,634,0.0009981064358726144,0
C_FORECAST_0.75,all_blocks,centered,635,0.000992577406577766,0
C_FORECAST_0.75,all_blocks,centered,636,0.0009923070902004838,0
C_FORECAST_0.75,all_blocks,centered,637,0.0009909059153869748,0
C_FORECAST_0.75,all_blocks,centered,638,0.0009874176466837525,0
C_FORECAST_0.75,all_blocks,centered,639,0.000980245415121317,0
C_FORECAST_0.75,all_blocks,centered,640,0.0009791007032617927,0
C_FORECAST_0.75,all_blocks,centered,641,0.0009782506385818124,0
C_FORECAST_0.75,all_blocks,centered,642,0.0009718700312077999,0
C_FORECAST_0.75,all_blocks,centered,643,0.0009709817240945995,0
C_FORECAST_0.75,all_blocks,centered,644,0.0009707839344628155,0
C_FORECAST_0.75,all_blocks,centered,645,0.0009667722624726593,0
C_FORECAST_0.75,all_blocks,centered,646,0.0009658252820372581,0
C_FORECAST_0.75,all_blocks,centered,647,0.0009653465240262449,0
C_FORECAST_0.75,all_blocks,centered,648,0.0009620783384889364,0
C_FORECAST_0.75,all_blocks,centered,649,0.0009615574381314218,0
C_FORECAST_0.75,all_blocks,centered,650,0.0009607464307919145,0
C_FORECAST_0.75,all_blocks,centered,651,0.0009564150241203606,0
C_FORECAST_0.75,all_blocks,centered,652,0.0009519644663669169,0
C_FORECAST_0.75,all_blocks,centered,653,0.0009485895279794931,0
C_FORECAST_0.75,all_blocks,centered,654,0.0009478357387706637,0
C_FORECAST_0.75,all_blocks,centered,655,0.0009477121056988835,0
C_FORECAST_0.75,all_blocks,centered,656,0.0009404621087014675,0
C_FORECAST_0.75,all_blocks,centered,657,0.0009400058188475668,0
C_FORECAST_0.75,all_blocks,centered,658,0.0009396952227689326,0
C_FORECAST_0.75,all_blocks,centered,659,0.0009370978223159909,0
C_FORECAST_0.75,all_blocks,centered,660,0.0009363765711896122,0
C_FORECAST_0.75,all_blocks,centered,661,0.0009353269706480205,0
C_FORECAST_0.75,all_blocks,centered,662,0.000933049654122442,0
C_FORECAST_0.75,all_blocks,centered,663,0.0009289553272537887,0
C_FORECAST_0.75,all_blocks,centered,664,0.0009278007200919092,0
C_FORECAST_0.75,all_blocks,centered,665,0.0009204867528751493,0
C_FORECAST_0.75,all_blocks,centered,666,0.0009184731752611697,0
C_FORECAST_0.75,all_blocks,centered,667,0.0009154276340268552,0
C_FORECAST_0.75,all_blocks,centered,668,0.0009140289039351046,0
C_FORECAST_0.75,all_blocks,centered,669,0.0009138783789239824,0
C_FORECAST_0.75,all_blocks,centered,670,0.0009100057650357485,0
C_FORECAST_0.75,all_blocks,centered,671,0.0009077537106350064,0
C_FORECAST_0.75,all_blocks,centered,672,0.0009072391549125314,0
C_FORECAST_0.75,all_blocks,centered,673,0.0009021902806125581,0
C_FORECAST_0.75,all_blocks,centered,674,0.0009001294965855777,0
C_FORECAST_0.75,all_blocks,centered,675,0.000897211255505681,0
C_FORECAST_0.75,all_blocks,centered,676,0.000895401812158525,0
C_FORECAST_0.75,all_blocks,centered,677,0.0008939557010307908,0
C_FORECAST_0.75,all_blocks,centered,678,0.0008919255342334509,0
C_FORECAST_0.75,all_blocks,centered,679,0.0008909307653084397,0
C_FORECAST_0.75,all_blocks,centered,680,0.0008891826146282256,0
C_FORECAST_0.75,all_blocks,centered,681,0.0008889459422789514,0
C_FORECAST_0.75,all_blocks,centered,682,0.0008872703765518963,0
C_FORECAST_0.75,all_blocks,centered,683,0.0008846072596497834,0
C_FORECAST_0.75,all_blocks,centered,684,0.0008841212256811559,0
C_FORECAST_0.75,all_blocks,centered,685,0.0008781506330706179,0
C_FORECAST_0.75,all_blocks,centered,686,0.0008745185914449394,0
C_FORECAST_0.75,all_blocks,centered,687,0.0008732657297514379,0
C_FORECAST_0.75,all_blocks,centered,688,0.0008726937230676413,0
C_FORECAST_0.75,all_blocks,centered,689,0.000869924551807344,0
C_FORECAST_0.75,all_blocks,centered,690,0.0008692660485394299,0
C_FORECAST_0.75,all_blocks,centered,691,0.0008662454201839864,0
C_FORECAST_0.75,all_blocks,centered,692,0.0008644891204312444,0
C_FORECAST_0.75,all_blocks,centered,693,0.0008640851592645049,0
C_FORECAST_0.75,all_blocks,centered,694,0.0008608158677816391,0
C_FORECAST_0.75,all_blocks,centered,695,0.0008573506493121386,0
C_FORECAST_0.75,all_blocks,centered,696,0.0008558510453440249,0
C_FORECAST_0.75,all_blocks,centered,697,0.0008556360844522715,0
C_FORECAST_0.75,all_blocks,centered,698,0.0008548007463105023,0
C_FORECAST_0.75,all_blocks,centered,699,0.000848909083288163,0
C_FORECAST_0.75,all_blocks,centered,700,0.000848200696054846,0
C_FORECAST_0.75,all_blocks,centered,701,0.000845953356474638,0
C_FORECAST_0.75,all_blocks,centered,702,0.0008427330176346004,0
C_FORECAST_0.75,all_blocks,centered,703,0.0008416892378591001,0
C_FORECAST_0.75,all_blocks,centered,704,0.0008394225151278079,0
C_FORECAST_0.75,all_blocks,centered,705,0.0008384028915315866,0
C_FORECAST_0.75,all_blocks,centered,706,0.0008372577140107751,0
C_FORECAST_0.75,all_blocks,centered,707,0.0008316557505168021,0
C_FORECAST_0.75,all_blocks,centered,708,0.0008310832199640572,0
C_FORECAST_0.75,all_blocks,centered,709,0.000830555974971503,0
C_FORECAST_0.75,all_blocks,centered,710,0.0008266903460025787,0
C_FORECAST_0.75,all_blocks,centered,711,0.000824643240775913,0
C_FORECAST_0.75,all_blocks,centered,712,0.0008237301954068244,0
C_FORECAST_0.75,all_blocks,centered,713,0.0008201700402423739,0
C_FORECAST_0.75,all_blocks,centered,714,0.0008175669936463237,0
C_FORECAST_0.75,all_blocks,centered,715,0.0008174848044291139,0
C_FORECAST_0.75,all_blocks,centered,716,0.0008159141289070249,0
C_FORECAST_0.75,all_blocks,centered,717,0.0008139822748489678,0
C_FORECAST_0.75,all_blocks,centered,718,0.0008096490055322647,0
C_FORECAST_0.75,all_blocks,centered,719,0.0008088292088359594,0
C_FORECAST_0.75,all_blocks,centered,720,0.0008056247606873512,0
C_FORECAST_0.75,all_blocks,centered,721,0.0008031874313019216,0
C_FORECAST_0.75,all_blocks,centered,722,0.000800363952293992,0
C_FORECAST_0.75,all_blocks,centered,723,0.0008000640082173049,0
C_FORECAST_0.75,all_blocks,centered,724,0.0007980360533110797,0
C_FORECAST_0.75,all_blocks,centered,725,0.0007940338109619915,0
C_FORECAST_0.75,all_blocks,centered,726,0.0007931853760965168,0
C_FORECAST_0.75,all_blocks,centered,727,0.0007928467821329832,0
C_FORECAST_0.75,all_blocks,centered,728,0.0007845492218621075,0
C_FORECAST_0.75,all_blocks,centered,729,0.0007834393763914704,0
C_FORECAST_0.75,all_blocks,centered,730,0.0007829972892068326,0
C_FORECAST_0.75,all_blocks,centered,731,0.0007812120020389557,0
C_FORECAST_0.75,all_blocks,centered,732,0.0007811228279024363,0
C_FORECAST_0.75,all_blocks,centered,733,0.0007803053595125675,0
C_FORECAST_0.75,all_blocks,centered,734,0.000778188812546432,0
C_FORECAST_0.75,all_blocks,centered,735,0.000778012559749186,0
C_FORECAST_0.75,all_blocks,centered,736,0.0007746242918074131,0
C_FORECAST_0.75,all_blocks,centered,737,0.0007691281498409808,0
C_FORECAST_0.75,all_blocks,centered,738,0.0007681520073674619,0
C_FORECAST_0.75,all_blocks,centered,739,0.0007662138086743653,0
C_FORECAST_0.75,all_blocks,centered,740,0.000765435746870935,0
C_FORECAST_0.75,all_blocks,centered,741,0.0007629264728166163,0
C_FORECAST_0.75,all_blocks,centered,742,0.0007588468142785132,0
C_FORECAST_0.75,all_blocks,centered,743,0.0007581217214465141,0
C_FORECAST_0.75,all_blocks,centered,744,0.0007565090199932456,0
C_FORECAST_0.75,all_blocks,centered,745,0.0007551627932116389,0
C_FORECAST_0.75,all_blocks,centered,746,0.0007544307736679912,0
C_FORECAST_0.75,all_blocks,centered,747,0.0007535337354056537,0
C_FORECAST_0.75,all_blocks,centered,748,0.000751164392568171,0
C_FORECAST_0.75,all_blocks,centered,749,0.0007496873149648309,0
C_FORECAST_0.75,all_blocks,centered,750,0.0007466555689461529,0
C_FORECAST_0.75,all_blocks,centered,751,0.0007446962408721447,0
C_FORECAST_0.75,all_blocks,centered,752,0.0007404889329336584,0
C_FORECAST_0.75,all_blocks,centered,753,0.0007399571477435529,0
C_FORECAST_0.75,all_blocks,centered,754,0.0007397494628094137,0
C_FORECAST_0.75,all_blocks,centered,755,0.000739692070055753,0
C_FORECAST_0.75,all_blocks,centered,756,0.0007367422804236412,0
C_FORECAST_0.75,all_blocks,centered,757,0.0007340112351812422,0
C_FORECAST_0.75,all_blocks,centered,758,0.0007306812331080437,0
C_FORECAST_0.75,all_blocks,centered,759,0.0007269444176927209,0
C_FORECAST_0.75,all_blocks,centered,760,0.0007265752647072077,0
C_FORECAST_0.75,all_blocks,centered,761,0.0007264810847118497,0
C_FORECAST_0.75,all_blocks,centered,762,0.0007256180979311466,0
C_FORECAST_0.75,all_blocks,centered,763,0.0007243650034070015,0
C_FORECAST_0.75,all_blocks,centered,764,0.0007222676649689674,0
C_FORECAST_0.75,all_blocks,centered,765,0.0007214227807708085,0
C_FORECAST_0.75,all_blocks,centered,766,0.0007188243325799704,0
C_FORECAST_0.75,all_blocks,centered,767,0.0007163452683016658,0
C_FORECAST_0.75,all_blocks,centered,768,0.0007152113830670714,0
C_FORECAST_0.75,all_blocks,centered,769,0.0007113191531971097,0
C_FORECAST_0.75,all_blocks,centered,770,0.0007090842118486762,0
C_FORECAST_0.75,all_blocks,centered,771,0.0007084467215463519,0
C_FORECAST_0.75,all_blocks,centered,772,0.0007079234346747398,0
C_FORECAST_0.75,all_blocks,centered,773,0.0007059399504214525,0
C_FORECAST_0.75,all_blocks,centered,774,0.0007048763800412416,0
C_FORECAST_0.75,all_blocks,centered,775,0.0007009957334958017,0
C_FORECAST_0.75,all_blocks,centered,776,0.0007002552156336606,0
C_FORECAST_0.75,all_blocks,centered,777,0.000698922376614064,0
C_FORECAST_0.75,all_blocks,centered,778,0.000698837626259774,0
C_FORECAST_0.75,all_blocks,centered,779,0.0006948992377147079,0
C_FORECAST_0.75,all_blocks,centered,780,0.000693607609719038,0
C_FORECAST_0.75,all_blocks,centered,781,0.0006888227071613073,0
C_FORECAST_0.75,all_blocks,centered,782,0.0006885526236146688,0
C_FORECAST_0.75,all_blocks,centered,783,0.0006868958007544279,0
C_FORECAST_0.75,all_blocks,centered,784,0.0006858775159344077,0
C_FORECAST_0.75,all_blocks,centered,785,0.0006850900244899094,0
C_FORECAST_0.75,all_blocks,centered,786,0.0006848088814876974,0
C_FORECAST_0.75,all_blocks,centered,787,0.0006828201585449278,0
C_FORECAST_0.75,all_blocks,centered,788,0.0006787901511415839,0
C_FORECAST_0.75,all_blocks,centered,789,0.0006777061498723924,0
C_FORECAST_0.75,all_blocks,centered,790,0.0006765980506315827,0
C_FORECAST_0.75,all_blocks,centered,791,0.000675510847941041,0
C_FORECAST_0.75,all_blocks,centered,792,0.0006743493140675128,0
C_FORECAST_0.75,all_blocks,centered,793,0.0006694070179946721,0
C_FORECAST_0.75,all_blocks,centered,794,0.0006667001871392131,0
C_FORECAST_0.75,all_blocks,centered,795,0.0006641917861998081,0
C_FORECAST_0.75,all_blocks,centered,796,0.0006640680367127061,0
C_FORECAST_0.75,all_blocks,centered,797,0.0006639401544816792,0
C_FORECAST_0.75,all_blocks,centered,798,0.0006626315298490226,0
C_FORECAST_0.75,all_blocks,centered,799,0.0006624045199714601,0
C_FORECAST_0.75,all_blocks,centered,800,0.0006581190973520279,0
C_FORECAST_0.75,all_blocks,centered,801,0.0006569980178028345,0
C_FORECAST_0.75,all_blocks,centered,802,0.0006546044605784118,0
C_FORECAST_0.75,all_blocks,centered,803,0.000654162373393774,0
C_FORECAST_0.75,all_blocks,centered,804,0.0006511912797577679,0
C_FORECAST_0.75,all_blocks,centered,805,0.0006508328951895237,0
C_FORECAST_0.75,all_blocks,centered,806,0.0006484414916485548,0
C_FORECAST_0.75,all_blocks,centered,807,0.0006482026074081659,0
C_FORECAST_0.75,all_blocks,centered,808,0.0006475232657976449,0
C_FORECAST_0.75,all_blocks,centered,809,0.0006438091513700783,0
C_FORECAST_0.75,all_blocks,centered,810,0.000643060717266053,0
C_FORECAST_0.75,all_blocks,centered,811,0.00064293690957129,0
C_FORECAST_0.75,all_blocks,centered,812,0.0006402893923223019,0
C_FORECAST_0.75,all_blocks,centered,813,0.0006363377324305475,0
C_FORECAST_0.75,all_blocks,centered,814,0.0006352828931994736,0
C_FORECAST_0.75,all_blocks,centered,815,0.0006350480834953487,0
C_FORECAST_0.75,all_blocks,centered,816,0.0006331815966404974,0
C_FORECAST_0.75,all_blocks,centered,817,0.0006309739546850324,0
C_FORECAST_0.75,all_blocks,centered,818,0.0006309656309895217,0
C_FORECAST_0.75,all_blocks,centered,819,0.0006261101807467639,0
C_FORECAST_0.75,all_blocks,centered,820,0.0006247080164030194,0
C_FORECAST_0.75,all_blocks,centered,821,0.0006240626680664718,0
C_FORECAST_0.75,all_blocks,centered,822,0.0006235265755094588,0
C_FORECAST_0.75,all_blocks,centered,823,0.0006214050808921456,0
C_FORECAST_0.75,all_blocks,centered,824,0.0006210888968780637,0
C_FORECAST_0.75,all_blocks,centered,825,0.0006183537770994008,0
C_FORECAST_0.75,all_blocks,centered,826,0.0006181684439070523,0
C_FORECAST_0.75,all_blocks,centered,827,0.000616608711425215,0
C_FORECAST_0.75,all_blocks,centered,828,0.0006144917570054531,0
C_FORECAST_0.75,all_blocks,centered,829,0.0006135983276180923,0
C_FORECAST_0.75,all_blocks,centered,830,0.0006120011094026268,0
C_FORECAST_0.75,all_blocks,centered,831,0.0006095572607591748,0
C_FORECAST_0.75,all_blocks,centered,832,0.0006086719804443419,0
C_FORECAST_0.75,all_blocks,centered,833,0.0006046519265510142,0
C_FORECAST_0.75,all_blocks,centered,834,0.0006039137952029705,0
C_FORECAST_0.75,all_blocks,centered,835,0.0006032047676853836,0
C_FORECAST_0.75,all_blocks,centered,836,0.0006024253088980913,0
C_FORECAST_0.75,all_blocks,centered,837,0.000602231768425554,0
C_FORECAST_0.75,all_blocks,centered,838,0.0005990311619825661,0
C_FORECAST_0.75,all_blocks,centered,839,0.0005955292144790292,0
C_FORECAST_0.75,all_blocks,centered,840,0.0005949552287347615,0
C_FORECAST_0.75,all_blocks,centered,841,0.0005937480018474162,0
C_FORECAST_0.75,all_blocks,centered,842,0.0005910004256293178,0
C_FORECAST_0.75,all_blocks,centered,843,0.000589400646276772,0
C_FORECAST_0.75,all_blocks,centered,844,0.0005880174576304853,0
C_FORECAST_0.75,all_blocks,centered,845,0.0005870119784958661,0
C_FORECAST_0.75,all_blocks,centered,846,0.000586099864449352,0
C_FORECAST_0.75,all_blocks,centered,847,0.0005831837770529091,0
C_FORECAST_0.75,all_blocks,centered,848,0.0005809477297589183,0
C_FORECAST_0.75,all_blocks,centered,849,0.0005800093058496714,0
C_FORECAST_0.75,all_blocks,centered,850,0.0005790385766886175,0
C_FORECAST_0.75,all_blocks,centered,851,0.000578427454456687,0
C_FORECAST_0.75,all_blocks,centered,852,0.0005748182302340865,0
C_FORECAST_0.75,all_blocks,centered,853,0.0005739711341448128,0
C_FORECAST_0.75,all_blocks,centered,854,0.0005735149024985731,0
C_FORECAST_0.75,all_blocks,centered,855,0.0005735015729442239,0
C_FORECAST_0.75,all_blocks,centered,856,0.0005690488032996655,0
C_FORECAST_0.75,all_blocks,centered,857,0.0005678380839526653,0
C_FORECAST_0.75,all_blocks,centered,858,0.0005670228274539113,0
C_FORECAST_0.75,all_blocks,centered,859,0.0005657462170347571,0
C_FORECAST_0.75,all_blocks,centered,860,0.0005648041260428727,0
C_FORECAST_0.75,all_blocks,centered,861,0.0005620289011858404,0
C_FORECAST_0.75,all_blocks,centered,862,0.0005618283175863326,0
C_FORECAST_0.75,all_blocks,centered,863,0.0005600491422228515,0
C_FORECAST_0.75,all_blocks,centered,864,0.0005587985506281257,0
C_FORECAST_0.75,all_blocks,centered,865,0.0005576959811151028,0
C_FORECAST_0.75,all_blocks,centered,866,0.0005569964996539056,0
C_FORECAST_0.75,all_blocks,centered,867,0.0005541780265048146,0
C_FORECAST_0.75,all_blocks,centered,868,0.0005527479806914926,0
C_FORECAST_0.75,all_blocks,centered,869,0.0005515083903446794,0
C_FORECAST_0.75,all_blocks,centered,870,0.0005495352670550346,0
C_FORECAST_0.75,all_blocks,centered,871,0.0005479995161294937,0
C_FORECAST_0.75,all_blocks,centered,872,0.0005478528910316527,0
C_FORECAST_0.75,all_blocks,centered,873,0.0005448975716717541,0
C_FORECAST_0.75,all_blocks,centered,874,0.0005442365654744208,0
C_FORECAST_0.75,all_blocks,centered,875,0.0005413490580394864,0
C_FORECAST_0.75,all_blocks,centered,876,0.0005413221661001444,0
C_FORECAST_0.75,all_blocks,centered,877,0.0005373051390051842,0
C_FORECAST_0.75,all_blocks,centered,878,0.0005365366232581437,0
C_FORECAST_0.75,all_blocks,centered,879,0.0005359992501325905,0
C_FORECAST_0.75,all_blocks,centered,880,0.0005359359201975167,0
C_FORECAST_0.75,all_blocks,centered,881,0.0005329193081706762,0
C_FORECAST_0.75,all_blocks,centered,882,0.0005318931071087718,0
C_FORECAST_0.75,all_blocks,centered,883,0.0005311775021255016,0
C_FORECAST_0.75,all_blocks,centered,884,0.000530692923348397,0
C_FORECAST_0.75,all_blocks,centered,885,0.0005282152560539544,0
C_FORECAST_0.75,all_blocks,centered,886,0.0005276367301121354,0
C_FORECAST_0.75,all_blocks,centered,887,0.0005229756934568286,0
C_FORECAST_0.75,all_blocks,centered,888,0.0005227255169302225,0
C_FORECAST_0.75,all_blocks,centered,889,0.0005206986679695547,0
C_FORECAST_0.75,all_blocks,centered,890,0.0005191244999878109,0
C_FORECAST_0.75,all_blocks,centered,891,0.0005179581348784268,0
C_FORECAST_0.75,all_blocks,centered,892,0.0005170701770111918,0
C_FORECAST_0.75,all_blocks,centered,893,0.0005169514333829284,0
C_FORECAST_0.75,all_blocks,centered,894,0.0005137821426615119,0
C_FORECAST_0.75,all_blocks,centered,895,0.0005133681115694344,0
C_FORECAST_0.75,all_blocks,centered,896,0.0005125590250827372,0
C_FORECAST_0.75,all_blocks,centered,897,0.0005123736918903887,0
C_FORECAST_0.75,all_blocks,centered,898,0.0005108114564791322,0
C_FORECAST_0.75,all_blocks,centered,899,0.0005082509014755487,0
C_FORECAST_0.75,all_blocks,centered,900,0.0005051640910096467,0
C_FORECAST_0.75,all_blocks,centered,901,0.0005045623984187841,0
C_FORECAST_0.75,all_blocks,centered,902,0.0005028266459703445,0
C_FORECAST_0.75,all_blocks,centered,903,0.0005007864092476666,0
C_FORECAST_0.75,all_blocks,centered,904,0.0004997805808670819,0
C_FORECAST_0.75,all_blocks,centered,905,0.0004991337773390114,0
C_FORECAST_0.75,all_blocks,centered,906,0.0004975908086635172,0
C_FORECAST_0.75,all_blocks,centered,907,0.0004959545331075788,0
C_FORECAST_0.75,all_blocks,centered,908,0.0004954318865202367,0
C_FORECAST_0.75,all_blocks,centered,909,0.0004941918305121362,0
C_FORECAST_0.75,all_blocks,centered,910,0.0004937851917929947,0
C_FORECAST_0.75,all_blocks,centered,911,0.0004922622465528548,0
C_FORECAST_0.75,all_blocks,centered,912,0.0004915627068839967,0
C_FORECAST_0.75,all_blocks,centered,913,0.0004897013423033059,0
C_FORECAST_0.75,all_blocks,centered,914,0.00048691919073462486,0
C_FORECAST_0.75,all_blocks,centered,915,0.00048585381591692567,0
C_FORECAST_0.75,all_blocks,centered,916,0.00048535142559558153,0
C_FORECAST_0.75,all_blocks,centered,917,0.000484532822156325,0
C_FORECAST_0.75,all_blocks,centered,918,0.00048366221017204225,0
C_FORECAST_0.75,all_blocks,centered,919,0.0004822396149393171,0
C_FORECAST_0.75,all_blocks,centered,920,0.0004797751025762409,0
C_FORECAST_0.75,all_blocks,centered,921,0.00047905894462019205,0
C_FORECAST_0.75,all_blocks,centered,922,0.0004774735134560615,0
C_FORECAST_0.75,all_blocks,centered,923,0.00047668878687545657,0
C_FORECAST_0.75,all_blocks,centered,924,0.000476411369163543,0
C_FORECAST_0.75,all_blocks,centered,925,0.00047636989620514214,0
C_FORECAST_0.75,all_blocks,centered,926,0.0004729059000965208,0
C_FORECAST_0.75,all_blocks,centered,927,0.00047228712355718017,0
C_FORECAST_0.75,all_blocks,centered,928,0.00047201142297126353,0
C_FORECAST_0.75,all_blocks,centered,929,0.0004666461900342256,0
C_FORECAST_0.75,all_blocks,centered,930,0.0004652064817491919,0
C_FORECAST_0.75,all_blocks,centered,931,0.0004650414630305022,0
C_FORECAST_0.75,all_blocks,centered,932,0.0004637535894289613,0
C_FORECAST_0.75,all_blocks,centered,933,0.0004622975247912109,0
C_FORECAST_0.75,all_blocks,centered,934,0.0004621315165422857,0
C_FORECAST_0.75,all_blocks,centered,935,0.00045971156214363873,0
C_FORECAST_0.75,all_blocks,centered,936,0.0004595284990500659,0
C_FORECAST_0.75,all_blocks,centered,937,0.0004572037432808429,0
C_FORECAST_0.75,all_blocks,centered,938,0.00045482555287890136,0
C_FORECAST_0.75,all_blocks,centered,939,0.0004545484553091228,0
C_FORECAST_0.75,all_blocks,centered,940,0.00045244290959089994,0
C_FORECAST_0.75,all_blocks,centered,941,0.0004519419453572482,0
C_FORECAST_0.75,all_blocks,centered,942,0.00045149793731980026,0
C_FORECAST_0.75,all_blocks,centered,943,0.00044912940938957036,0
C_FORECAST_0.75,all_blocks,centered,944,0.0004479116469155997,0
C_FORECAST_0.75,all_blocks,centered,945,0.0004478858900256455,0
C_FORECAST_0.75,all_blocks,centered,946,0.00044590391917154193,0
C_FORECAST_0.75,all_blocks,centered,947,0.0004450567648746073,0
C_FORECAST_0.75,all_blocks,centered,948,0.0004435522423591465,0
C_FORECAST_0.75,all_blocks,centered,949,0.0004423807258717716,0
C_FORECAST_0.75,all_blocks,centered,950,0.0004416684387251735,0
C_FORECAST_0.75,all_blocks,centered,951,0.00043871646630577743,0
C_FORECAST_0.75,all_blocks,centered,952,0.00043826494948007166,0
C_FORECAST_0.75,all_blocks,centered,953,0.00043741666013374925,0
C_FORECAST_0.75,all_blocks,centered,954,0.0004371503018774092,0
C_FORECAST_0.75,all_blocks,centered,955,0.00043662465759553015,0
C_FORECAST_0.75,all_blocks,centered,956,0.00043544016079977155,0
C_FORECAST_0.75,all_blocks,centered,957,0.00043169513810425997,0
C_FORECAST_0.75,all_blocks,centered,958,0.00043001651647500694,0
C_FORECAST_0.75,all_blocks,centered,959,0.0004287312913220376,0
C_FORECAST_0.75,all_blocks,centered,960,0.0004277781117707491,0
C_FORECAST_0.75,all_blocks,centered,961,0.0004269296769052744,0
C_FORECAST_0.75,all_blocks,centered,962,0.0004266063042450696,0
C_FORECAST_0.75,all_blocks,centered,963,0.0004241339338477701,0
C_FORECAST_0.75,all_blocks,centered,964,0.0004236772656440735,0
C_FORECAST_0.75,all_blocks,centered,965,0.0004230122722219676,0
C_FORECAST_0.75,all_blocks,centered,966,0.0004212822823319584,0
C_FORECAST_0.75,all_blocks,centered,967,0.0004209037870168686,0
C_FORECAST_0.75,all_blocks,centered,968,0.00041967417928390205,0
C_FORECAST_0.75,all_blocks,centered,969,0.0004172817862126976,0
C_FORECAST_0.75,all_blocks,centered,970,0.0004148929729126394,0
C_FORECAST_0.75,all_blocks,centered,971,0.0004146587452851236,0
C_FORECAST_0.75,all_blocks,centered,972,0.000412753812270239,0
C_FORECAST_0.75,all_blocks,centered,973,0.0004115611664019525,0
C_FORECAST_0.75,all_blocks,centered,974,0.00041045641410164535,0
C_FORECAST_0.75,all_blocks,centered,975,0.0004092652234248817,0
C_FORECAST_0.75,all_blocks,centered,976,0.0004091321025043726,0
C_FORECAST_0.75,all_blocks,centered,977,0.0004072217852808535,0
C_FORECAST_0.75,all_blocks,centered,978,0.000405966944526881,0
C_FORECAST_0.75,all_blocks,centered,979,0.0004055516910739243,0
C_FORECAST_0.75,all_blocks,centered,980,0.0004051358555443585,0
C_FORECAST_0.75,all_blocks,centered,981,0.0004021918575745076,0
C_FORECAST_0.75,all_blocks,centered,982,0.00040100549813359976,0
C_FORECAST_0.75,all_blocks,centered,983,0.0004001879133284092,0
C_FORECAST_0.75,all_blocks,centered,984,0.00039748885319568217,0
C_FORECAST_0.75,all_blocks,centered,985,0.00039694778388366103,0
C_FORECAST_0.75,all_blocks,centered,986,0.0003954569692723453,0
C_FORECAST_0.75,all_blocks,centered,987,0.00039518700214102864,0
C_FORECAST_0.75,all_blocks,centered,988,0.0003944380150642246,0
C_FORECAST_0.75,all_blocks,centered,989,0.00039367153658531606,0
C_FORECAST_0.75,all_blocks,centered,990,0.0003936155990231782,0
C_FORECAST_0.75,all_blocks,centered,991,0.00039296294562518597,0
C_FORECAST_0.75,all_blocks,centered,992,0.00039295924943871796,0
C_FORECAST_0.75,all_blocks,centered,993,0.00038852510624565184,0
C_FORECAST_0.75,all_blocks,centered,994,0.0003873403766192496,0
C_FORECAST_0.75,all_blocks,centered,995,0.0003866489278152585,0
C_FORECAST_0.75,all_blocks,centered,996,0.00038513459730893373,0
C_FORECAST_0.75,all_blocks,centered,997,0.0003844524617306888,0
C_FORECAST_0.75,all_blocks,centered,998,0.0003823918814305216,0
C_FORECAST_0.75,all_blocks,centered,999,0.0003820710116997361,0
C_FORECAST_0.75,all_blocks,centered,1000,0.0003815555537585169,0
C_FORECAST_0.75,all_blocks,centered,1001,0.0003789845504797995,0
C_FORECAST_0.75,all_blocks,centered,1002,0.0003783110296353698,0
C_FORECAST_0.75,all_blocks,centered,1003,0.0003772381169255823,0
C_FORECAST_0.75,all_blocks,centered,1004,0.00037624253309331834,0
C_FORECAST_0.75,all_blocks,centered,1005,0.00037474679993465543,0
C_FORECAST_0.75,all_blocks,centered,1006,0.0003746272705029696,0
C_FORECAST_0.75,all_blocks,centered,1007,0.0003727861912921071,0
C_FORECAST_0.75,all_blocks,centered,1008,0.0003713849582709372,0
C_FORECAST_0.75,all_blocks,centered,1009,0.0003712198813445866,0
C_FORECAST_0.75,all_blocks,centered,1010,0.0003687708231154829,0
C_FORECAST_0.75,all_blocks,centered,1011,0.00036844739224761724,0
C_FORECAST_0.75,all_blocks,centered,1012,0.0003680140362121165,0
C_FORECAST_0.75,all_blocks,centered,1013,0.00036626189830712974,0
C_FORECAST_0.75,all_blocks,centered,1014,0.00036497728433459997,0
C_FORECAST_0.75,all_blocks,centered,1015,0.00036406697472557425,0
C_FORECAST_0.75,all_blocks,centered,1016,0.0003638679627329111,0
C_FORECAST_0.75,all_blocks,centered,1017,0.0003629318962339312,0
C_FORECAST_0.75,all_blocks,centered,1018,0.0003602902579586953,0
C_FORECAST_0.75,all_blocks,centered,1019,0.00036017841193825006,0
C_FORECAST_0.75,all_blocks,centered,1020,0.0003595290763769299,0
C_FORECAST_0.75,all_blocks,centered,1021,0.0003584831138141453,0
C_FORECAST_0.75,all_blocks,centered,1022,0.000357771321432665,0
C_FORECAST_0.75,all_blocks,centered,1023,0.00035635512904264033,0
C_FORECAST_0.75,all_blocks,centered,1024,0.0003555173461791128,0
C_FORECAST_0.75,all_blocks,centered,1025,0.00035506809945218265,0
C_FORECAST_0.75,all_blocks,centered,1026,0.00035381337511353195,0
C_FORECAST_0.75,all_blocks,centered,1027,0.0003529624955262989,0
C_FORECAST_0.75,all_blocks,centered,1028,0.00035056902561336756,0
C_FORECAST_0.75,all_blocks,centered,1029,0.00034946732921525836,0
C_FORECAST_0.75,all_blocks,centered,1030,0.00034893493284471333,0
C_FORECAST_0.75,all_blocks,centered,1031,0.0003483543696347624,0
C_FORECAST_0.75,all_blocks,centered,1032,0.00034341702121309936,0
C_FORECAST_0.75,all_blocks,centered,1033,0.00034292280906811357,0
C_FORECAST_0.75,all_blocks,centered,1034,0.0003422369481995702,0
C_FORECAST_0.75,all_blocks,centered,1035,0.0003412450023461133,0
C_FORECAST_0.75,all_blocks,centered,1036,0.0003409269847907126,0
C_FORECAST_0.75,all_blocks,centered,1037,0.00034046886139549315,0
C_FORECAST_0.75,all_blocks,centered,1038,0.00033800810342654586,0
C_FORECAST_0.75,all_blocks,centered,1039,0.00033677389728836715,0
C_FORECAST_0.75,all_blocks,centered,1040,0.00033550834632478654,0
C_FORECAST_0.75,all_blocks,centered,1041,0.00033537831041030586,0
C_FORECAST_0.75,all_blocks,centered,1042,0.0003350621263962239,0
C_FORECAST_0.75,all_blocks,centered,1043,0.0003345128789078444,0
C_FORECAST_0.75,all_blocks,centered,1044,0.0003337749221827835,0
C_FORECAST_0.75,all_blocks,centered,1045,0.000332863099174574,0
C_FORECAST_0.75,all_blocks,centered,1046,0.0003313876804895699,0
C_FORECAST_0.75,all_blocks,centered,1047,0.00032987442682497203,0
C_FORECAST_0.75,all_blocks,centered,1048,0.0003278903604950756,0
C_FORECAST_0.75,all_blocks,centered,1049,0.00032743372139520943,0
C_FORECAST_0.75,all_blocks,centered,1050,0.00032575539080426097,0
C_FORECAST_0.75,all_blocks,centered,1051,0.0003253176109865308,0
C_FORECAST_0.75,all_blocks,centered,1052,0.00032369792461395264,0
C_FORECAST_0.75,all_blocks,centered,1053,0.00032279660808853805,0
C_FORECAST_0.75,all_blocks,centered,1054,0.0003219677892047912,0
C_FORECAST_0.75,all_blocks,centered,1055,0.00032109557650983334,0
C_FORECAST_0.75,all_blocks,centered,1056,0.00032042653765529394,0
C_FORECAST_0.75,all_blocks,centered,1057,0.0003195119497831911,0
C_FORECAST_0.75,all_blocks,centered,1058,0.0003172227879986167,0
C_FORECAST_0.75,all_blocks,centered,1059,0.0003171829448547214,0
C_FORECAST_0.75,all_blocks,centered,1060,0.00031438711448572576,0
C_FORECAST_0.75,all_blocks,centered,1061,0.00031367753399536014,0
C_FORECAST_0.75,all_blocks,centered,1062,0.0003124940558336675,0
C_FORECAST_0.75,all_blocks,centered,1063,0.00031238849624060094,0
C_FORECAST_0.75,all_blocks,centered,1064,0.0003122366324532777,0
C_FORECAST_0.75,all_blocks,centered,1065,0.0003097784938290715,0
C_FORECAST_0.75,all_blocks,centered,1066,0.0003084012714680284,0
C_FORECAST_0.75,all_blocks,centered,1067,0.00030756823252886534,0
C_FORECAST_0.75,all_blocks,centered,1068,0.0003072997205890715,0
C_FORECAST_0.75,all_blocks,centered,1069,0.00030728967976756394,0
C_FORECAST_0.75,all_blocks,centered,1070,0.00030722437077201903,0
C_FORECAST_0.75,all_blocks,centered,1071,0.0003053215623367578,0
C_FORECAST_0.75,all_blocks,centered,1072,0.00030375891947187483,0
C_FORECAST_0.75,all_blocks,centered,1073,0.00030350356246344745,0
C_FORECAST_0.75,all_blocks,centered,1074,0.0002994200913235545,0
C_FORECAST_0.75,all_blocks,centered,1075,0.00029916357016190886,0
C_FORECAST_0.75,all_blocks,centered,1076,0.000299053848721087,0
C_FORECAST_0.75,all_blocks,centered,1077,0.0002968300541397184,0
C_FORECAST_0.75,all_blocks,centered,1078,0.0002948802139144391,0
C_FORECAST_0.75,all_blocks,centered,1079,0.00029454202740453184,0
C_FORECAST_0.75,all_blocks,centered,1080,0.0002926889283116907,0
C_FORECAST_0.75,all_blocks,centered,1081,0.0002915614459197968,0
C_FORECAST_0.75,all_blocks,centered,1082,0.0002915533259510994,0
C_FORECAST_0.75,all_blocks,centered,1083,0.0002906494482886046,0
C_FORECAST_0.75,all_blocks,centered,1084,0.00029039682704024017,0
C_FORECAST_0.75,all_blocks,centered,1085,0.00029003224335610867,0
C_FORECAST_0.75,all_blocks,centered,1086,0.00028991285944357514,0
C_FORECAST_0.75,all_blocks,centered,1087,0.0002883866836782545,0
C_FORECAST_0.75,all_blocks,centered,1088,0.00028540033963508904,0
C_FORECAST_0.75,all_blocks,centered,1089,0.0002844500122591853,0
C_FORECAST_0.75,all_blocks,centered,1090,0.00028428525547496974,0
C_FORECAST_0.75,all_blocks,centered,1091,0.00028306301101110876,0
C_FORECAST_0.75,all_blocks,centered,1092,0.00028277543606236577,0
C_FORECAST_0.75,all_blocks,centered,1093,0.0002821015368681401,0
C_FORECAST_0.75,all_blocks,centered,1094,0.00028112190193496644,0
C_FORECAST_0.75,all_blocks,centered,1095,0.000280651351204142,0
C_FORECAST_0.75,all_blocks,centered,1096,0.00027989046066068113,0
C_FORECAST_0.75,all_blocks,centered,1097,0.00027774416957981884,0
C_FORECAST_0.75,all_blocks,centered,1098,0.00027708816924132407,0
C_FORECAST_0.75,all_blocks,centered,1099,0.0002755183959379792,0
C_FORECAST_0.75,all_blocks,centered,1100,0.00027446448802948,0
C_FORECAST_0.75,all_blocks,centered,1101,0.000274111662292853,0
C_FORECAST_0.75,all_blocks,centered,1102,0.00027376392972655594,0
C_FORECAST_0.75,all_blocks,centered,1103,0.00027303776005283,0
C_FORECAST_0.75,all_blocks,centered,1104,0.00026917338254861534,0
C_FORECAST_0.75,all_blocks,centered,1105,0.0002681551268324256,0
C_FORECAST_0.75,all_blocks,centered,1106,0.0002673370763659477,0
C_FORECAST_0.75,all_blocks,centered,1107,0.0002670431858859956,0
C_FORECAST_0.75,all_blocks,centered,1108,0.00026691218954510987,0
C_FORECAST_0.75,all_blocks,centered,1109,0.0002661363978404552,0
C_FORECAST_0.75,all_blocks,centered,1110,0.000264843663899228,0
C_FORECAST_0.75,all_blocks,centered,1111,0.00026452066958881915,0
C_FORECAST_0.75,all_blocks,centered,1112,0.00026161500136367977,0
C_FORECAST_0.75,all_blocks,centered,1113,0.0002604712499305606,0
C_FORECAST_0.75,all_blocks,centered,1114,0.0002588485658634454,0
C_FORECAST_0.75,all_blocks,centered,1115,0.00025758740957826376,0
C_FORECAST_0.75,all_blocks,centered,1116,0.0002563839079812169,0
C_FORECAST_0.75,all_blocks,centered,1117,0.0002559632121119648,0
C_FORECAST_0.75,all_blocks,centered,1118,0.0002554129750933498,0
C_FORECAST_0.75,all_blocks,centered,1119,0.00025536323664709926,0
C_FORECAST_0.75,all_blocks,centered,1120,0.0002546814503148198,0
C_FORECAST_0.75,all_blocks,centered,1121,0.00025292058126069605,0
C_FORECAST_0.75,all_blocks,centered,1122,0.00025246207951568067,0
C_FORECAST_0.75,all_blocks,centered,1123,0.0002516789245419204,0
C_FORECAST_0.75,all_blocks,centered,1124,0.0002515315427444875,0
C_FORECAST_0.75,all_blocks,centered,1125,0.00024949750513769686,0
C_FORECAST_0.75,all_blocks,centered,1126,0.00024900131393224,0
C_FORECAST_0.75,all_blocks,centered,1127,0.0002476527588441968,0
C_FORECAST_0.75,all_blocks,centered,1128,0.00024527552886866033,0
C_FORECAST_0.75,all_blocks,centered,1129,0.00024422130081802607,0
C_FORECAST_0.75,all_blocks,centered,1130,0.00024398704408667982,0
C_FORECAST_0.75,all_blocks,centered,1131,0.00024169338576029986,0
C_FORECAST_0.75,all_blocks,centered,1132,0.00024156078870873898,0
C_FORECAST_0.75,all_blocks,centered,1133,0.00024056501570157707,0
C_FORECAST_0.75,all_blocks,centered,1134,0.00023966198205016553,0
C_FORECAST_0.75,all_blocks,centered,1135,0.00023890120792202652,0
C_FORECAST_0.75,all_blocks,centered,1136,0.00023881798551883548,0
C_FORECAST_0.75,all_blocks,centered,1137,0.00023453691392205656,0
C_FORECAST_0.75,all_blocks,centered,1138,0.00023375236196443439,0
C_FORECAST_0.75,all_blocks,centered,1139,0.00023323099594563246,0
C_FORECAST_0.75,all_blocks,centered,1140,0.00023300095926970243,0
C_FORECAST_0.75,all_blocks,centered,1141,0.00023273304395843297,0
C_FORECAST_0.75,all_blocks,centered,1142,0.00023011401935946196,0
C_FORECAST_0.75,all_blocks,centered,1143,0.00022985783289186656,0
C_FORECAST_0.75,all_blocks,centered,1144,0.00022934684238862246,0
C_FORECAST_0.75,all_blocks,centered,1145,0.0002279698965139687,0
C_FORECAST_0.75,all_blocks,centered,1146,0.00022671169426757842,0
C_FORECAST_0.75,all_blocks,centered,1147,0.00022602023091167212,0
C_FORECAST_0.75,all_blocks,centered,1148,0.00022477025049738586,0
C_FORECAST_0.75,all_blocks,centered,1149,0.00022444331261795014,0
C_FORECAST_0.75,all_blocks,centered,1150,0.00022396401618607342,0
C_FORECAST_0.75,all_blocks,centered,1151,0.0002229944511782378,0
C_FORECAST_0.75,all_blocks,centered,1152,0.00022195452766027302,0
C_FORECAST_0.75,all_blocks,centered,1153,0.00022054751752875745,0
C_FORECAST_0.75,all_blocks,centered,1154,0.00021855639351997524,0
C_FORECAST_0.75,all_blocks,centered,1155,0.00021816646039951593,0
C_FORECAST_0.75,all_blocks,centered,1156,0.0002181079180445522,0
C_FORECAST_0.75,all_blocks,centered,1157,0.00021592402481473982,0
C_FORECAST_0.75,all_blocks,centered,1158,0.000215731532080099,0
C_FORECAST_0.75,all_blocks,centered,1159,0.00021522601309698075,0
C_FORECAST_0.75,all_blocks,centered,1160,0.00021288006973918527,0
C_FORECAST_0.75,all_blocks,centered,1161,0.00021261350775603205,0
C_FORECAST_0.75,all_blocks,centered,1162,0.0002121400902979076,0
C_FORECAST_0.75,all_blocks,centered,1163,0.00021211858256720006,0
C_FORECAST_0.75,all_blocks,centered,1164,0.00021030429343227297,0
C_FORECAST_0.75,all_blocks,centered,1165,0.00021011967328377068,0
C_FORECAST_0.75,all_blocks,centered,1166,0.00020899130322504789,0
C_FORECAST_0.75,all_blocks,centered,1167,0.00020536547526717186,0
C_FORECAST_0.75,all_blocks,centered,1168,0.00020506986766122282,0
C_FORECAST_0.75,all_blocks,centered,1169,0.00020451605087146163,0
C_FORECAST_0.75,all_blocks,centered,1170,0.0002031716430792585,0
C_FORECAST_0.75,all_blocks,centered,1171,0.0002030776668107137,0
C_FORECAST_0.75,all_blocks,centered,1172,0.0002029880997724831,0
C_FORECAST_0.75,all_blocks,centered,1173,0.00020101931295357645,0
C_FORECAST_0.75,all_blocks,centered,1174,0.00020057917572557926,0
C_FORECAST_0.75,all_blocks,centered,1175,0.00020027230493724346,0
C_FORECAST_0.75,all_blocks,centered,1176,0.00019845317001454532,0
C_FORECAST_0.75,all_blocks,centered,1177,0.00019805296324193478,0
C_FORECAST_0.75,all_blocks,centered,1178,0.00019725361198652536,0
C_FORECAST_0.75,all_blocks,centered,1179,0.00019523530500009656,0
C_FORECAST_0.75,all_blocks,centered,1180,0.0001945676194736734,0
C_FORECAST_0.75,all_blocks,centered,1181,0.0001945433468790725,0
C_FORECAST_0.75,all_blocks,centered,1182,0.0001926993572851643,0
C_FORECAST_0.75,all_blocks,centered,1183,0.00019212464394513518,0
C_FORECAST_0.75,all_blocks,centered,1184,0.0001918244524858892,0
C_FORECAST_0.75,all_blocks,centered,1185,0.00019134616013616323,0
C_FORECAST_0.75,all_blocks,centered,1186,0.0001884775992948562,0
C_FORECAST_0.75,all_blocks,centered,1187,0.0001882432698039338,0
C_FORECAST_0.75,all_blocks,centered,1188,0.00018726300913840532,0
C_FORECAST_0.75,all_blocks,centered,1189,0.00018646717944648117,0
C_FORECAST_0.75,all_blocks,centered,1190,0.00018370841280557215,0
C_FORECAST_0.75,all_blocks,centered,1191,0.0001834300346672535,0
C_FORECAST_0.75,all_blocks,centered,1192,0.00018332951003685594,0
C_FORECAST_0.75,all_blocks,centered,1193,0.00018257222836837173,0
C_FORECAST_0.75,all_blocks,centered,1194,0.00018129691306967288,0
C_FORECAST_0.75,all_blocks,centered,1195,0.0001798297162167728,0
C_FORECAST_0.75,all_blocks,centered,1196,0.0001795588614186272,0
C_FORECAST_0.75,all_blocks,centered,1197,0.00017870019655674696,0
C_FORECAST_0.75,all_blocks,centered,1198,0.00017794482118915766,0
C_FORECAST_0.75,all_blocks,centered,1199,0.00017629789363127202,0
C_FORECAST_0.75,all_blocks,centered,1200,0.00017360316996928304,0
C_FORECAST_0.75,all_blocks,centered,1201,0.00017184155876748264,0
C_FORECAST_0.75,all_blocks,centered,1202,0.00017179067071992904,0
C_FORECAST_0.75,all_blocks,centered,1203,0.00017130683409050107,0
C_FORECAST_0.75,all_blocks,centered,1204,0.00017078201926779002,0
C_FORECAST_0.75,all_blocks,centered,1205,0.00016980565851554275,0
C_FORECAST_0.75,all_blocks,centered,1206,0.00016756291734054685,0
C_FORECAST_0.75,all_blocks,centered,1207,0.00016752925876062363,0
C_FORECAST_0.75,all_blocks,centered,1208,0.00016707120812498033,0
C_FORECAST_0.75,all_blocks,centered,1209,0.00016555501497350633,0
C_FORECAST_0.75,all_blocks,centered,1210,0.0001655162195675075,0
C_FORECAST_0.75,all_blocks,centered,1211,0.00016538921045139432,0
C_FORECAST_0.75,all_blocks,centered,1212,0.00016535440227016807,0
C_FORECAST_0.75,all_blocks,centered,1213,0.00016460769984405488,0
C_FORECAST_0.75,all_blocks,centered,1214,0.00016318530833814293,0
C_FORECAST_0.75,all_blocks,centered,1215,0.00016146746929734945,0
C_FORECAST_0.75,all_blocks,centered,1216,0.00016102725930977613,0
C_FORECAST_0.75,all_blocks,centered,1217,0.0001595195644767955,0
C_FORECAST_0.75,all_blocks,centered,1218,0.00015644570521544665,0
C_FORECAST_0.75,all_blocks,centered,1219,0.00015626047388650477,0
C_FORECAST_0.75,all_blocks,centered,1220,0.0001556835341034457,0
C_FORECAST_0.75,all_blocks,centered,1221,0.0001545755803817883,0
C_FORECAST_0.75,all_blocks,centered,1222,0.00015451358922291547,0
C_FORECAST_0.75,all_blocks,centered,1223,0.0001530214212834835,0
C_FORECAST_0.75,all_blocks,centered,1224,0.00015201143105514348,0
C_FORECAST_0.75,all_blocks,centered,1225,0.00015127276128623635,0
C_FORECAST_0.75,all_blocks,centered,1226,0.00015100660675670952,0
C_FORECAST_0.75,all_blocks,centered,1227,0.0001501068618381396,0
C_FORECAST_0.75,all_blocks,centered,1228,0.00014878604270052165,0
C_FORECAST_0.75,all_blocks,centered,1229,0.00014749565161764622,0
C_FORECAST_0.75,all_blocks,centered,1230,0.00014672029647044837,0
C_FORECAST_0.75,all_blocks,centered,1231,0.00014450214803218842,0
C_FORECAST_0.75,all_blocks,centered,1232,0.00014414952602237463,0
C_FORECAST_0.75,all_blocks,centered,1233,0.00014405613183043897,0
C_FORECAST_0.75,all_blocks,centered,1234,0.00014232975081540644,0
C_FORECAST_0.75,all_blocks,centered,1235,0.00014113818178884685,0
C_FORECAST_0.75,all_blocks,centered,1236,0.0001406286610290408,0
C_FORECAST_0.75,all_blocks,centered,1237,0.0001400447217747569,0
C_FORECAST_0.75,all_blocks,centered,1238,0.0001396564330207184,0
C_FORECAST_0.75,all_blocks,centered,1239,0.00013957613555248827,0
C_FORECAST_0.75,all_blocks,centered,1240,0.00013807810319121927,0
C_FORECAST_0.75,all_blocks,centered,1241,0.00013771280646324158,0
C_FORECAST_0.75,all_blocks,centered,1242,0.0001376697327941656,0
C_FORECAST_0.75,all_blocks,centered,1243,0.00013594540359918028,0
C_FORECAST_0.75,all_blocks,centered,1244,0.00013464941002894193,0
C_FORECAST_0.75,all_blocks,centered,1245,0.00013417079753708094,0
C_FORECAST_0.75,all_blocks,centered,1246,0.0001338371221208945,0
C_FORECAST_0.75,all_blocks,centered,1247,0.00013141245290171355,0
C_FORECAST_0.75,all_blocks,centered,1248,0.00013010474503971636,0
C_FORECAST_0.75,all_blocks,centered,1249,0.0001300549483858049,0
C_FORECAST_0.75,all_blocks,centered,1250,0.00012992876872885972,0
C_FORECAST_0.75,all_blocks,centered,1251,0.00012800621334463358,0
C_FORECAST_0.75,all_blocks,centered,1252,0.00012540497118607163,0
C_FORECAST_0.75,all_blocks,centered,1253,0.00012518619769252837,0
C_FORECAST_0.75,all_blocks,centered,1254,0.0001250504283234477,0
C_FORECAST_0.75,all_blocks,centered,1255,0.00012345684808678925,0
C_FORECAST_0.75,all_blocks,centered,1256,0.00012275482004042715,0
C_FORECAST_0.75,all_blocks,centered,1257,0.00012225320097059011,0
C_FORECAST_0.75,all_blocks,centered,1258,0.00012126810906920582,0
C_FORECAST_0.75,all_blocks,centered,1259,0.00012119663006160408,0
C_FORECAST_0.75,all_blocks,centered,1260,0.00011930151231354102,0
C_FORECAST_0.75,all_blocks,centered,1261,0.00011856626952067018,0
C_FORECAST_0.75,all_blocks,centered,1262,0.00011649028601823375,0
C_FORECAST_0.75,all_blocks,centered,1263,0.00011538148100953549,0
C_FORECAST_0.75,all_blocks,centered,1264,0.00011515547521412373,0
C_FORECAST_0.75,all_blocks,centered,1265,0.00011504868598422036,0
C_FORECAST_0.75,all_blocks,centered,1266,0.00011474039638414979,0
C_FORECAST_0.75,all_blocks,centered,1267,0.00011383842502254993,0
C_FORECAST_0.75,all_blocks,centered,1268,0.00011170317884534597,0
C_FORECAST_0.75,all_blocks,centered,1269,0.00011088786413893104,0
C_FORECAST_0.75,all_blocks,centered,1270,0.00010872129496419802,0
C_FORECAST_0.75,all_blocks,centered,1271,0.00010816244321176782,0
C_FORECAST_0.75,all_blocks,centered,1272,0.00010811563697643578,0
C_FORECAST_0.75,all_blocks,centered,1273,0.00010781264427350834,0
C_FORECAST_0.75,all_blocks,centered,1274,0.00010777650459203869,0
C_FORECAST_0.75,all_blocks,centered,1275,0.00010679897968657315,0
C_FORECAST_0.75,all_blocks,centered,1276,0.00010657192615326494,0
C_FORECAST_0.75,all_blocks,centered,1277,0.00010572456085355952,0
C_FORECAST_0.75,all_blocks,centered,1278,0.0001039758644765243,0
C_FORECAST_0.75,all_blocks,centered,1279,0.00010384170309407637,0
C_FORECAST_0.75,all_blocks,centered,1280,0.00010220563126495108,0
C_FORECAST_0.75,all_blocks,centered,1281,0.00010029965051217005,0
C_FORECAST_0.75,all_blocks,centered,1282,9.939062874764204e-05,0
C_FORECAST_0.75,all_blocks,centered,1283,9.93430003290996e-05,0
C_FORECAST_0.75,all_blocks,centered,1284,9.91895649349317e-05,0
C_FORECAST_0.75,all_blocks,centered,1285,9.890263754641637e-05,0
C_FORECAST_0.75,all_blocks,centered,1286,9.779990068636835e-05,0
C_FORECAST_0.75,all_blocks,centered,1287,9.619039337849244e-05,0
C_FORECAST_0.75,all_blocks,centered,1288,9.515466808807105e-05,0
C_FORECAST_0.75,all_blocks,centered,1289,9.489179501542822e-05,0
C_FORECAST_0.75,all_blocks,centered,1290,9.29048255784437e-05,0
C_FORECAST_0.75,all_blocks,centered,1291,9.242694795830175e-05,0
C_FORECAST_0.75,all_blocks,centered,1292,9.047575440490618e-05,0
C_FORECAST_0.75,all_blocks,centered,1293,9.014784882310778e-05,0
C_FORECAST_0.75,all_blocks,centered,1294,8.90069713932462e-05,0
C_FORECAST_0.75,all_blocks,centered,1295,8.82046515471302e-05,0
C_FORECAST_0.75,all_blocks,centered,1296,8.72338205226697e-05,0
C_FORECAST_0.75,all_blocks,centered,1297,8.685029024491087e-05,0
C_FORECAST_0.75,all_blocks,centered,1298,8.538032852811739e-05,0
C_FORECAST_0.75,all_blocks,centered,1299,8.500396506860852e-05,0
C_FORECAST_0.75,all_blocks,centered,1300,8.416673517785966e-05,0
C_FORECAST_0.75,all_blocks,centered,1301,8.397841884288937e-05,0
C_FORECAST_0.75,all_blocks,centered,1302,8.291382255265489e-05,0
C_FORECAST_0.75,all_blocks,centered,1303,8.24049930088222e-05,0
C_FORECAST_0.75,all_blocks,centered,1304,8.057603554334491e-05,0
C_FORECAST_0.75,all_blocks,centered,1305,8.037091174628586e-05,0
C_FORECAST_0.75,all_blocks,centered,1306,7.953693420859054e-05,0
C_FORECAST_0.75,all_blocks,centered,1307,7.80627378844656e-05,0
C_FORECAST_0.75,all_blocks,centered,1308,7.796497811796144e-05,0
C_FORECAST_0.75,all_blocks,centered,1309,7.695610111113638e-05,0
C_FORECAST_0.75,all_blocks,centered,1310,7.5200354331173e-05,0
C_FORECAST_0.75,all_blocks,centered,1311,7.475419261027128e-05,0
C_FORECAST_0.75,all_blocks,centered,1312,7.430287223542109e-05,0
C_FORECAST_0.75,all_blocks,centered,1313,7.410607213387266e-05,0
C_FORECAST_0.75,all_blocks,centered,1314,7.088224083418027e-05,0
C_FORECAST_0.75,all_blocks,centered,1315,6.923817272763699e-05,0
C_FORECAST_0.75,all_blocks,centered,1316,6.895804835949093e-05,0
C_FORECAST_0.75,all_blocks,centered,1317,6.758312520105392e-05,0
C_FORECAST_0.75,all_blocks,centered,1318,6.74057737342082e-05,0
C_FORECAST_0.75,all_blocks,centered,1319,6.725746061420068e-05,0
C_FORECAST_0.75,all_blocks,centered,1320,6.709711306029931e-05,0
C_FORECAST_0.75,all_blocks,centered,1321,6.599565676879138e-05,0
C_FORECAST_0.75,all_blocks,centered,1322,6.593971920665354e-05,0
C_FORECAST_0.75,all_blocks,centered,1323,6.536534783663228e-05,0
C_FORECAST_0.75,all_blocks,centered,1324,6.512449181172997e-05,0
C_FORECAST_0.75,all_blocks,centered,1325,6.356186349876225e-05,0
C_FORECAST_0.75,all_blocks,centered,1326,6.274074985412881e-05,0
C_FORECAST_0.75,all_blocks,centered,1327,6.201535143190995e-05,0
C_FORECAST_0.75,all_blocks,centered,1328,6.093577030696906e-05,0
C_FORECAST_0.75,all_blocks,centered,1329,6.0452941397670656e-05,0
C_FORECAST_0.75,all_blocks,centered,1330,6.034566831658594e-05,0
C_FORECAST_0.75,all_blocks,centered,1331,6.0078597016399726e-05,0
C_FORECAST_0.75,all_blocks,centered,1332,5.9993722970830277e-05,0
C_FORECAST_0.75,all_blocks,centered,1333,5.8285906561650336e-05,0
C_FORECAST_0.75,all_blocks,centered,1334,5.791099101770669e-05,0
C_FORECAST_0.75,all_blocks,centered,1335,5.6286717153852805e-05,0
C_FORECAST_0.75,all_blocks,centered,1336,5.6027518439805135e-05,0
C_FORECAST_0.75,all_blocks,centered,1337,5.561900252359919e-05,0
C_FORECAST_0.75,all_blocks,centered,1338,5.55343103769701e-05,0
C_FORECAST_0.75,all_blocks,centered,1339,5.433570549939759e-05,0
C_FORECAST_0.75,all_blocks,centered,1340,5.380991933634505e-05,0
C_FORECAST_0.75,all_blocks,centered,1341,5.346350008039735e-05,0
C_FORECAST_0.75,all_blocks,centered,1342,5.312550638336688e-05,0
C_FORECAST_0.75,all_blocks,centered,1343,5.284775033942424e-05,0
C_FORECAST_0.75,all_blocks,centered,1344,5.1793394959531724e-05,0
C_FORECAST_0.75,all_blocks,centered,1345,5.1315026212250814e-05,0
C_FORECAST_0.75,all_blocks,centered,1346,5.1182465540478006e-05,0
C_FORECAST_0.75,all_blocks,centered,1347,5.029171734349802e-05,0
C_FORECAST_0.75,all_blocks,centered,1348,4.822981281904504e-05,0
C_FORECAST_0.75,all_blocks,centered,1349,4.750277366838418e-05,0
C_FORECAST_0.75,all_blocks,centered,1350,4.701847501564771e-05,0
C_FORECAST_0.75,all_blocks,centered,1351,4.697990516433492e-05,0
C_FORECAST_0.75,all_blocks,centered,1352,4.69685037387535e-05,0
C_FORECAST_0.75,all_blocks,centered,1353,4.6688255679327995e-05,0
C_FORECAST_0.75,all_blocks,centered,1354,4.606298898579553e-05,0
C_FORECAST_0.75,all_blocks,centered,1355,4.5818127546226606e-05,0
C_FORECAST_0.75,all_blocks,centered,1356,4.485926911002025e-05,0
C_FORECAST_0.75,all_blocks,centered,1357,4.4524396798806265e-05,0
C_FORECAST_0.75,all_blocks,centered,1358,4.348287620814517e-05,0
C_FORECAST_0.75,all_blocks,centered,1359,4.3005151383113116e-05,0
C_FORECAST_0.75,all_blocks,centered,1360,4.201531191938557e-05,0
C_FORECAST_0.75,all_blocks,centered,1361,4.185351281194016e-05,0
C_FORECAST_0.75,all_blocks,centered,1362,4.1510251321597025e-05,0
C_FORECAST_0.75,all_blocks,centered,1363,4.150218956056051e-05,0
C_FORECAST_0.75,all_blocks,centered,1364,4.12040863011498e-05,0
C_FORECAST_0.75,all_blocks,centered,1365,4.103262472199276e-05,0
C_FORECAST_0.75,all_blocks,centered,1366,4.097989949514158e-05,0
C_FORECAST_0.75,all_blocks,centered,1367,4.060397986904718e-05,0
C_FORECAST_0.75,all_blocks,centered,1368,3.938551162718795e-05,0
C_FORECAST_0.75,all_blocks,centered,1369,3.908982398570515e-05,0
C_FORECAST_0.75,all_blocks,centered,1370,3.8704129110556096e-05,0
C_FORECAST_0.75,all_blocks,centered,1371,3.865949111059308e-05,0
C_FORECAST_0.75,all_blocks,centered,1372,3.861349978251383e-05,0
C_FORECAST_0.75,all_blocks,centered,1373,3.842405567411333e-05,0
C_FORECAST_0.75,all_blocks,centered,1374,3.8188158214325085e-05,0
C_FORECAST_0.75,all_blocks,centered,1375,3.771853516809642e-05,0
C_FORECAST_0.75,all_blocks,centered,1376,3.659673166112043e-05,0
C_FORECAST_0.75,all_blocks,centered,1377,3.655107138911262e-05,0
C_FORECAST_0.75,all_blocks,centered,1378,3.641006333054975e-05,0
C_FORECAST_0.75,all_blocks,centered,1379,3.59087462129537e-05,0
C_FORECAST_0.75,all_blocks,centered,1380,3.573317371774465e-05,0
C_FORECAST_0.75,all_blocks,centered,1381,3.508405643515289e-05,0
C_FORECAST_0.75,all_blocks,centered,1382,3.4516800951678306e-05,0
C_FORECAST_0.75,all_blocks,centered,1383,3.440207728999667e-05,0
C_FORECAST_0.75,all_blocks,centered,1384,3.394895975361578e-05,0
C_FORECAST_0.75,all_blocks,centered,1385,3.330350591568276e-05,0
C_FORECAST_0.75,all_blocks,centered,1386,3.3176424039993435e-05,0
C_FORECAST_0.75,all_blocks,centered,1387,3.2942418329184875e-05,0
C_FORECAST_0.75,all_blocks,centered,1388,3.2909319997997954e-05,0
C_FORECAST_0.75,all_blocks,centered,1389,3.2628904591547325e-05,0
C_FORECAST_0.75,all_blocks,centered,1390,3.240396472392604e-05,0
C_FORECAST_0.75,all_blocks,centered,1391,3.221862789359875e-05,0
C_FORECAST_0.75,all_blocks,centered,1392,3.200574792572297e-05,0
C_FORECAST_0.75,all_blocks,centered,1393,3.1764746381668374e-05,0
C_FORECAST_0.75,all_blocks,centered,1394,3.173588993377052e-05,0
C_FORECAST_0.75,all_blocks,centered,1395,3.0438368412433192e-05,0
C_FORECAST_0.75,all_blocks,centered,1396,2.9974164135637693e-05,0
C_FORECAST_0.75,all_blocks,centered,1397,2.996754483319819e-05,0
C_FORECAST_0.75,all_blocks,centered,1398,2.9797394745401107e-05,0
C_FORECAST_0.75,all_blocks,centered,1399,2.972718357341364e-05,0
C_FORECAST_0.75,all_blocks,centered,1400,2.964551094919443e-05,0
C_FORECAST_0.75,all_blocks,centered,1401,2.9636126782861538e-05,0
C_FORECAST_0.75,all_blocks,centered,1402,2.9497972718672827e-05,0
C_FORECAST_0.75,all_blocks,centered,1403,2.9128676032996736e-05,0
C_FORECAST_0.75,all_blocks,centered,1404,2.9021100999671035e-05,0
C_FORECAST_0.75,all_blocks,centered,1405,2.8867389119113795e-05,0
C_FORECAST_0.75,all_blocks,centered,1406,2.8467231459217146e-05,0
C_FORECAST_0.75,all_blocks,centered,1407,2.793685234792065e-05,0
C_FORECAST_0.75,all_blocks,centered,1408,2.7896252504433505e-05,0
C_FORECAST_0.75,all_blocks,centered,1409,2.7366497306502424e-05,0
C_FORECAST_0.75,all_blocks,centered,1410,2.7348349249223247e-05,0
C_FORECAST_0.75,all_blocks,centered,1411,2.727836908889003e-05,0
C_FORECAST_0.75,all_blocks,centered,1412,2.7237218091613613e-05,0
C_FORECAST_0.75,all_blocks,centered,1413,2.7041847715736367e-05,0
C_FORECAST_0.75,all_blocks,centered,1414,2.702648998820223e-05,0
C_FORECAST_0.75,all_blocks,centered,1415,2.6871312002185732e-05,0
C_FORECAST_0.75,all_blocks,centered,1416,2.605566623969935e-05,0
C_FORECAST_0.75,all_blocks,centered,1417,2.5989051209762692e-05,0
C_FORECAST_0.75,all_blocks,centered,1418,2.5701756385387853e-05,0
C_FORECAST_0.75,all_blocks,centered,1419,2.5440538593102247e-05,0
C_FORECAST_0.75,all_blocks,centered,1420,2.5180990633089095e-05,0
C_FORECAST_0.75,all_blocks,centered,1421,2.5077539248741232e-05,0
C_FORECAST_0.75,all_blocks,centered,1422,2.4782089894870296e-05,0
C_FORECAST_0.75,all_blocks,centered,1423,2.4712937374715693e-05,0
C_FORECAST_0.75,all_blocks,centered,1424,2.4482707885908894e-05,0
C_FORECAST_0.75,all_blocks,centered,1425,2.434357338643167e-05,0
C_FORECAST_0.75,all_blocks,centered,1426,2.4158469386748038e-05,0
C_FORECAST_0.75,all_blocks,centered,1427,2.3885811970103532e-05,0
C_FORECAST_0.75,all_blocks,centered,1428,2.3847866032156162e-05,0
C_FORECAST_0.75,all_blocks,centered,1429,2.3833723389543593e-05,0
C_FORECAST_0.75,all_blocks,centered,1430,2.375911753915716e-05,0
C_FORECAST_0.75,all_blocks,centered,1431,2.3626414986210875e-05,0
C_FORECAST_0.75,all_blocks,centered,1432,2.3118753233575262e-05,0
C_FORECAST_0.75,all_blocks,centered,1433,2.3101758415577933e-05,0
C_FORECAST_0.75,all_blocks,centered,1434,2.3099488316802308e-05,0
C_FORECAST_0.75,all_blocks,centered,1435,2.3063837943482213e-05,0
C_FORECAST_0.75,all_blocks,centered,1436,2.2968926714383997e-05,0
C_FORECAST_0.75,all_blocks,centered,1437,2.2783873646403663e-05,0
C_FORECAST_0.75,all_blocks,centered,1438,2.2775973775424063e-05,0
C_FORECAST_0.75,all_blocks,centered,1439,2.256490733998362e-05,0
C_FORECAST_0.75,all_blocks,centered,1440,2.2559201170224696e-05,0
C_FORECAST_0.75,all_blocks,centered,1441,2.251106889161747e-05,0
C_FORECAST_0.75,all_blocks,centered,1442,2.223685078206472e-05,0
C_FORECAST_0.75,all_blocks,centered,1443,2.2163021640153602e-05,0
C_FORECAST_0.75,all_blocks,centered,1444,2.1711734007112682e-05,0
C_FORECAST_0.75,all_blocks,centered,1445,2.1685285901185125e-05,0
C_FORECAST_0.75,all_blocks,centered,1446,2.166935519198887e-05,0
C_FORECAST_0.75,all_blocks,centered,1447,2.1362522602430545e-05,0
C_FORECAST_0.75,all_blocks,centered,1448,2.1317959181033075e-05,0
C_FORECAST_0.75,all_blocks,centered,1449,2.109479646605905e-05,0
C_FORECAST_0.75,all_blocks,centered,1450,2.1090359950903803e-05,0
C_FORECAST_0.75,all_blocks,centered,1451,2.090034649882e-05,0
C_FORECAST_0.75,all_blocks,centered,1452,2.08527926588431e-05,0
C_FORECAST_0.75,all_blocks,centered,1453,2.073076757369563e-05,0
C_FORECAST_0.75,all_blocks,centered,1454,2.064158979919739e-05,0
C_FORECAST_0.75,all_blocks,centered,1455,2.0402758309501223e-05,0
C_FORECAST_0.75,all_blocks,centered,1456,2.033760210906621e-05,0
C_FORECAST_0.75,all_blocks,centered,1457,2.026004767685663e-05,0
C_FORECAST_0.75,all_blocks,centered,1458,2.0093430066481233e-05,0
C_FORECAST_0.75,all_blocks,centered,1459,2.008663614105899e-05,0
C_FORECAST_0.75,all_blocks,centered,1460,1.980052184080705e-05,0
C_FORECAST_0.75,all_blocks,centered,1461,1.9593164324760437e-05,0
C_FORECAST_0.75,all_blocks,centered,1462,1.937988054123707e-05,0
C_FORECAST_0.75,all_blocks,centered,1463,1.936731678142678e-05,0
C_FORECAST_0.75,all_blocks,centered,1464,1.930377766257152e-05,0
C_FORECAST_0.75,all_blocks,centered,1465,1.8970409655594267e-05,0
C_FORECAST_0.75,all_blocks,centered,1466,1.8820288460119627e-05,0
C_FORECAST_0.75,all_blocks,centered,1467,1.8655653548194095e-05,0
C_FORECAST_0.75,all_blocks,centered,1468,1.8519516743253917e-05,0
C_FORECAST_0.75,all_blocks,centered,1469,1.8420740161673166e-05,0
C_FORECAST_0.75,all_blocks,centered,1470,1.8376424122834578e-05,0
C_FORECAST_0.75,all_blocks,centered,1471,1.8325348719372414e-05,0
C_FORECAST_0.75,all_blocks,centered,1472,1.7995604139287025e-05,0
C_FORECAST_0.75,all_blocks,centered,1473,1.7980990378418937e-05,0
C_FORECAST_0.75,all_blocks,centered,1474,1.7961187040782534e-05,0
C_FORECAST_0.75,all_blocks,centered,1475,1.7826952898758464e-05,0
C_FORECAST_0.75,all_blocks,centered,1476,1.779221202014014e-05,0
C_FORECAST_0.75,all_blocks,centered,1477,1.771200004441198e-05,0
C_FORECAST_0.75,all_blocks,centered,1478,1.757274912961293e-05,0
C_FORECAST_0.75,all_blocks,centered,1479,1.7519294488010928e-05,0
C_FORECAST_0.75,all_blocks,centered,1480,1.7438169379602186e-05,0
C_FORECAST_0.75,all_blocks,centered,1481,1.7423681129002944e-05,0
C_FORECAST_0.75,all_blocks,centered,1482,1.740285188134294e-05,0
C_FORECAST_0.75,all_blocks,centered,1483,1.7130647393059917e-05,0
C_FORECAST_0.75,all_blocks,centered,1484,1.7115964510594495e-05,0
C_FORECAST_0.75,all_blocks,centered,1485,1.698693995422218e-05,0
C_FORECAST_0.75,all_blocks,centered,1486,1.6789743312983774e-05,0
C_FORECAST_0.75,all_blocks,centered,1487,1.675670500844717e-05,0
C_FORECAST_0.75,all_blocks,centered,1488,1.6646115909679793e-05,0
C_FORECAST_0.75,all_blocks,centered,1489,1.662438990024384e-05,0
C_FORECAST_0.75,all_blocks,centered,1490,1.653523759159725e-05,0
C_FORECAST_0.75,all_blocks,centered,1491,1.6451125702587888e-05,0
C_FORECAST_0.75,all_blocks,centered,1492,1.6303964002872817e-05,0
C_FORECAST_0.75,all_blocks,centered,1493,1.6253601643256843e-05,0
C_FORECAST_0.75,all_blocks,centered,1494,1.614668326510582e-05,0
C_FORECAST_0.75,all_blocks,centered,1495,1.586655889695976e-05,0
C_FORECAST_0.75,all_blocks,centered,1496,1.5794625142007135e-05,0
C_FORECAST_0.75,all_blocks,centered,1497,1.567433719174005e-05,0
C_FORECAST_0.75,all_blocks,centered,1498,1.5579178580082953e-05,0
C_FORECAST_0.75,all_blocks,centered,1499,1.553892798256129e-05,0
C_FORECAST_0.75,all_blocks,centered,1500,1.5195529158518184e-05,0
C_FORECAST_0.75,all_blocks,centered,1501,1.5067022104631178e-05,0
C_FORECAST_0.75,all_blocks,centered,1502,1.505468026152812e-05,0
C_FORECAST_0.75,all_blocks,centered,1503,1.5042495761008468e-05,0
C_FORECAST_0.75,all_blocks,centered,1504,1.5038395758892875e-05,0
C_FORECAST_0.75,all_blocks,centered,1505,1.4996500794950407e-05,0
C_FORECAST_0.75,all_blocks,centered,1506,1.4888660189171787e-05,0
C_FORECAST_0.75,all_blocks,centered,1507,1.4811162145633716e-05,0
C_FORECAST_0.75,all_blocks,centered,1508,1.4745996850251686e-05,0
C_FORECAST_0.75,all_blocks,centered,1509,1.456894005968934e-05,0
C_FORECAST_0.75,all_blocks,centered,1510,1.4265402569435537e-05,0
C_FORECAST_0.75,all_blocks,centered,1511,1.4185728105076123e-05,0
C_FORECAST_0.75,all_blocks,centered,1512,1.4161440049065277e-05,0
C_FORECAST_0.75,all_blocks,centered,1513,1.3984739780426025e-05,0
C_FORECAST_0.75,all_blocks,centered,1514,1.3947795196145307e-05,0
C_FORECAST_0.75,all_blocks,centered,1515,1.3836377547704615e-05,0
C_FORECAST_0.75,all_blocks,centered,1516,1.3768032658845186e-05,0
C_FORECAST_0.75,all_blocks,centered,1517,1.3648806088895071e-05,0
C_FORECAST_0.75,all_blocks,centered,1518,1.3374698028201237e-05,0
C_FORECAST_0.75,all_blocks,centered,1519,1.3217045307101216e-05,0
C_FORECAST_0.75,all_blocks,centered,1520,1.3174896594136953e-05,0
C_FORECAST_0.75,all_blocks,centered,1521,1.3127903912391048e-05,0
C_FORECAST_0.75,all_blocks,centered,1522,1.2948741641594097e-05,0
C_FORECAST_0.75,all_blocks,centered,1523,1.283694746234687e-05,0
C_FORECAST_0.75,all_blocks,centered,1524,1.2748923836625181e-05,0
C_FORECAST_0.75,all_blocks,centered,1525,1.2729318768833764e-05,0
C_FORECAST_0.75,all_blocks,centered,1526,1.2622042959264945e-05,0
C_FORECAST_0.75,all_blocks,centered,1527,1.2617851098184474e-05,0
C_FORECAST_0.75,all_blocks,centered,1528,1.2600938134710304e-05,0
C_FORECAST_0.75,all_blocks,centered,1529,1.2400957530189771e-05,0
C_FORECAST_0.75,all_blocks,centered,1530,1.2031458936689887e-05,0
C_FORECAST_0.75,all_blocks,centered,1531,1.1985056517005432e-05,0
C_FORECAST_0.75,all_blocks,centered,1532,1.1958028153458145e-05,0
C_FORECAST_0.75,all_blocks,centered,1533,1.1779729902627878e-05,0
C_FORECAST_0.75,all_blocks,centered,1534,1.1754613296943717e-05,0
C_FORECAST_0.75,all_blocks,centered,1535,1.1195047591172624e-05,0
C_FORECAST_0.75,all_blocks,centered,1536,1.1168588571308646e-05,0
C_FORECAST_0.75,all_blocks,channel_standardized,1,26.061901092529297,1
C_FORECAST_0.75,all_blocks,channel_standardized,2,25.338176727294922,1
C_FORECAST_0.75,all_blocks,channel_standardized,3,23.657732009887695,1
C_FORECAST_0.75,all_blocks,channel_standardized,4,17.335575103759766,1
C_FORECAST_0.75,all_blocks,channel_standardized,5,15.472078323364258,1
C_FORECAST_0.75,all_blocks,channel_standardized,6,14.49289608001709,1
C_FORECAST_0.75,all_blocks,channel_standardized,7,13.18344497680664,1
C_FORECAST_0.75,all_blocks,channel_standardized,8,12.963556289672852,1
C_FORECAST_0.75,all_blocks,channel_standardized,9,11.380406379699707,1
C_FORECAST_0.75,all_blocks,channel_standardized,10,10.56445598602295,1
C_FORECAST_0.75,all_blocks,channel_standardized,11,9.630629539489746,1
C_FORECAST_0.75,all_blocks,channel_standardized,12,9.396698951721191,1
C_FORECAST_0.75,all_blocks,channel_standardized,13,8.602949142456055,1
C_FORECAST_0.75,all_blocks,channel_standardized,14,8.144953727722168,1
C_FORECAST_0.75,all_blocks,channel_standardized,15,7.549938678741455,1
C_FORECAST_0.75,all_blocks,channel_standardized,16,7.058037757873535,1
C_FORECAST_0.75,all_blocks,channel_standardized,17,6.854589939117432,1
C_FORECAST_0.75,all_blocks,channel_standardized,18,6.672706127166748,1
C_FORECAST_0.75,all_blocks,channel_standardized,19,6.375699043273926,1
C_FORECAST_0.75,all_blocks,channel_standardized,20,6.1166534423828125,1
C_FORECAST_0.75,all_blocks,channel_standardized,21,6.0493011474609375,1
C_FORECAST_0.75,all_blocks,channel_standardized,22,5.776515007019043,1
C_FORECAST_0.75,all_blocks,channel_standardized,23,5.699113845825195,1
C_FORECAST_0.75,all_blocks,channel_standardized,24,5.6432414054870605,1
C_FORECAST_0.75,all_blocks,channel_standardized,25,5.502000331878662,1
C_FORECAST_0.75,all_blocks,channel_standardized,26,5.395411014556885,1
C_FORECAST_0.75,all_blocks,channel_standardized,27,5.326457977294922,1
C_FORECAST_0.75,all_blocks,channel_standardized,28,5.08428430557251,1
C_FORECAST_0.75,all_blocks,channel_standardized,29,5.061650276184082,1
C_FORECAST_0.75,all_blocks,channel_standardized,30,4.888602256774902,1
C_FORECAST_0.75,all_blocks,channel_standardized,31,4.772218227386475,1
C_FORECAST_0.75,all_blocks,channel_standardized,32,4.758324146270752,1
C_FORECAST_0.75,all_blocks,channel_standardized,33,4.71606969833374,1
C_FORECAST_0.75,all_blocks,channel_standardized,34,4.598982810974121,1
C_FORECAST_0.75,all_blocks,channel_standardized,35,4.581576347351074,1
C_FORECAST_0.75,all_blocks,channel_standardized,36,4.500827789306641,1
C_FORECAST_0.75,all_blocks,channel_standardized,37,4.443405628204346,1
C_FORECAST_0.75,all_blocks,channel_standardized,38,4.353349208831787,1
C_FORECAST_0.75,all_blocks,channel_standardized,39,4.32533597946167,1
C_FORECAST_0.75,all_blocks,channel_standardized,40,4.244405269622803,1
C_FORECAST_0.75,all_blocks,channel_standardized,41,4.217374801635742,1
C_FORECAST_0.75,all_blocks,channel_standardized,42,4.1469268798828125,1
C_FORECAST_0.75,all_blocks,channel_standardized,43,4.104191780090332,1
C_FORECAST_0.75,all_blocks,channel_standardized,44,4.0706400871276855,1
C_FORECAST_0.75,all_blocks,channel_standardized,45,4.0458173751831055,1
C_FORECAST_0.75,all_blocks,channel_standardized,46,3.9828596115112305,1
C_FORECAST_0.75,all_blocks,channel_standardized,47,3.955075740814209,1
C_FORECAST_0.75,all_blocks,channel_standardized,48,3.9260380268096924,1
C_FORECAST_0.75,all_blocks,channel_standardized,49,3.8858392238616943,1
C_FORECAST_0.75,all_blocks,channel_standardized,50,3.8287415504455566,1
C_FORECAST_0.75,all_blocks,channel_standardized,51,3.8192453384399414,1
C_FORECAST_0.75,all_blocks,channel_standardized,52,3.754809856414795,1
C_FORECAST_0.75,all_blocks,channel_standardized,53,3.7341315746307373,1
C_FORECAST_0.75,all_blocks,channel_standardized,54,3.70588755607605,1
C_FORECAST_0.75,all_blocks,channel_standardized,55,3.68315052986145,1
C_FORECAST_0.75,all_blocks,channel_standardized,56,3.648629903793335,1
C_FORECAST_0.75,all_blocks,channel_standardized,57,3.616694211959839,1
C_FORECAST_0.75,all_blocks,channel_standardized,58,3.571103572845459,1
C_FORECAST_0.75,all_blocks,channel_standardized,59,3.5470683574676514,1
C_FORECAST_0.75,all_blocks,channel_standardized,60,3.5218658447265625,1
C_FORECAST_0.75,all_blocks,channel_standardized,61,3.5056910514831543,1
C_FORECAST_0.75,all_blocks,channel_standardized,62,3.4631810188293457,1
C_FORECAST_0.75,all_blocks,channel_standardized,63,3.4440457820892334,1
C_FORECAST_0.75,all_blocks,channel_standardized,64,3.4125430583953857,1
C_FORECAST_0.75,all_blocks,channel_standardized,65,3.4089581966400146,1
C_FORECAST_0.75,all_blocks,channel_standardized,66,3.402613878250122,1
C_FORECAST_0.75,all_blocks,channel_standardized,67,3.3465356826782227,1
C_FORECAST_0.75,all_blocks,channel_standardized,68,3.329679012298584,1
C_FORECAST_0.75,all_blocks,channel_standardized,69,3.311450242996216,1
C_FORECAST_0.75,all_blocks,channel_standardized,70,3.282892942428589,1
C_FORECAST_0.75,all_blocks,channel_standardized,71,3.254880666732788,1
C_FORECAST_0.75,all_blocks,channel_standardized,72,3.2292773723602295,1
C_FORECAST_0.75,all_blocks,channel_standardized,73,3.212573528289795,1
C_FORECAST_0.75,all_blocks,channel_standardized,74,3.1936817169189453,1
C_FORECAST_0.75,all_blocks,channel_standardized,75,3.1804263591766357,1
C_FORECAST_0.75,all_blocks,channel_standardized,76,3.1527678966522217,1
C_FORECAST_0.75,all_blocks,channel_standardized,77,3.1204161643981934,1
C_FORECAST_0.75,all_blocks,channel_standardized,78,3.1039576530456543,1
C_FORECAST_0.75,all_blocks,channel_standardized,79,3.0807747840881348,1
C_FORECAST_0.75,all_blocks,channel_standardized,80,3.0618979930877686,1
C_FORECAST_0.75,all_blocks,channel_standardized,81,3.046046733856201,1
C_FORECAST_0.75,all_blocks,channel_standardized,82,3.0365824699401855,1
C_FORECAST_0.75,all_blocks,channel_standardized,83,3.010286331176758,1
C_FORECAST_0.75,all_blocks,channel_standardized,84,2.990996837615967,1
C_FORECAST_0.75,all_blocks,channel_standardized,85,2.974936008453369,1
C_FORECAST_0.75,all_blocks,channel_standardized,86,2.9639344215393066,1
C_FORECAST_0.75,all_blocks,channel_standardized,87,2.9468770027160645,1
C_FORECAST_0.75,all_blocks,channel_standardized,88,2.929366111755371,1
C_FORECAST_0.75,all_blocks,channel_standardized,89,2.905534505844116,1
C_FORECAST_0.75,all_blocks,channel_standardized,90,2.900634765625,1
C_FORECAST_0.75,all_blocks,channel_standardized,91,2.8907394409179688,1
C_FORECAST_0.75,all_blocks,channel_standardized,92,2.8652079105377197,1
C_FORECAST_0.75,all_blocks,channel_standardized,93,2.8630683422088623,1
C_FORECAST_0.75,all_blocks,channel_standardized,94,2.8386871814727783,1
C_FORECAST_0.75,all_blocks,channel_standardized,95,2.8341240882873535,1
C_FORECAST_0.75,all_blocks,channel_standardized,96,2.811556816101074,1
C_FORECAST_0.75,all_blocks,channel_standardized,97,2.7759287357330322,1
C_FORECAST_0.75,all_blocks,channel_standardized,98,2.7677013874053955,1
C_FORECAST_0.75,all_blocks,channel_standardized,99,2.763094902038574,1
C_FORECAST_0.75,all_blocks,channel_standardized,100,2.732887029647827,1
C_FORECAST_0.75,all_blocks,channel_standardized,101,2.7135252952575684,1
C_FORECAST_0.75,all_blocks,channel_standardized,102,2.7008321285247803,1
C_FORECAST_0.75,all_blocks,channel_standardized,103,2.693793296813965,1
C_FORECAST_0.75,all_blocks,channel_standardized,104,2.6843488216400146,1
C_FORECAST_0.75,all_blocks,channel_standardized,105,2.661276340484619,1
C_FORECAST_0.75,all_blocks,channel_standardized,106,2.648982048034668,1
C_FORECAST_0.75,all_blocks,channel_standardized,107,2.642514228820801,1
C_FORECAST_0.75,all_blocks,channel_standardized,108,2.626790761947632,1
C_FORECAST_0.75,all_blocks,channel_standardized,109,2.614020347595215,1
C_FORECAST_0.75,all_blocks,channel_standardized,110,2.603132963180542,1
C_FORECAST_0.75,all_blocks,channel_standardized,111,2.588637113571167,1
C_FORECAST_0.75,all_blocks,channel_standardized,112,2.5753214359283447,1
C_FORECAST_0.75,all_blocks,channel_standardized,113,2.5641796588897705,1
C_FORECAST_0.75,all_blocks,channel_standardized,114,2.539055109024048,1
C_FORECAST_0.75,all_blocks,channel_standardized,115,2.5308406352996826,1
C_FORECAST_0.75,all_blocks,channel_standardized,116,2.5254781246185303,1
C_FORECAST_0.75,all_blocks,channel_standardized,117,2.5237183570861816,1
C_FORECAST_0.75,all_blocks,channel_standardized,118,2.5123631954193115,1
C_FORECAST_0.75,all_blocks,channel_standardized,119,2.505573272705078,1
C_FORECAST_0.75,all_blocks,channel_standardized,120,2.4844613075256348,1
C_FORECAST_0.75,all_blocks,channel_standardized,121,2.4706435203552246,1
C_FORECAST_0.75,all_blocks,channel_standardized,122,2.4592928886413574,1
C_FORECAST_0.75,all_blocks,channel_standardized,123,2.4567079544067383,1
C_FORECAST_0.75,all_blocks,channel_standardized,124,2.440417766571045,1
C_FORECAST_0.75,all_blocks,channel_standardized,125,2.423187494277954,1
C_FORECAST_0.75,all_blocks,channel_standardized,126,2.4153401851654053,1
C_FORECAST_0.75,all_blocks,channel_standardized,127,2.4002208709716797,1
C_FORECAST_0.75,all_blocks,channel_standardized,128,2.3898894786834717,1
C_FORECAST_0.75,all_blocks,channel_standardized,129,2.377798080444336,1
C_FORECAST_0.75,all_blocks,channel_standardized,130,2.372081995010376,1
C_FORECAST_0.75,all_blocks,channel_standardized,131,2.365750312805176,1
C_FORECAST_0.75,all_blocks,channel_standardized,132,2.3475821018218994,1
C_FORECAST_0.75,all_blocks,channel_standardized,133,2.3443825244903564,1
C_FORECAST_0.75,all_blocks,channel_standardized,134,2.328012228012085,1
C_FORECAST_0.75,all_blocks,channel_standardized,135,2.3151559829711914,1
C_FORECAST_0.75,all_blocks,channel_standardized,136,2.300238609313965,1
C_FORECAST_0.75,all_blocks,channel_standardized,137,2.2956483364105225,1
C_FORECAST_0.75,all_blocks,channel_standardized,138,2.280895948410034,1
C_FORECAST_0.75,all_blocks,channel_standardized,139,2.276101589202881,1
C_FORECAST_0.75,all_blocks,channel_standardized,140,2.2636220455169678,1
C_FORECAST_0.75,all_blocks,channel_standardized,141,2.2585315704345703,1
C_FORECAST_0.75,all_blocks,channel_standardized,142,2.249448299407959,1
C_FORECAST_0.75,all_blocks,channel_standardized,143,2.2357728481292725,1
C_FORECAST_0.75,all_blocks,channel_standardized,144,2.2335031032562256,1
C_FORECAST_0.75,all_blocks,channel_standardized,145,2.2265548706054688,1
C_FORECAST_0.75,all_blocks,channel_standardized,146,2.2175493240356445,1
C_FORECAST_0.75,all_blocks,channel_standardized,147,2.2075345516204834,1
C_FORECAST_0.75,all_blocks,channel_standardized,148,2.201099157333374,1
C_FORECAST_0.75,all_blocks,channel_standardized,149,2.1890714168548584,1
C_FORECAST_0.75,all_blocks,channel_standardized,150,2.1667792797088623,1
C_FORECAST_0.75,all_blocks,channel_standardized,151,2.1623659133911133,1
C_FORECAST_0.75,all_blocks,channel_standardized,152,2.1568589210510254,1
C_FORECAST_0.75,all_blocks,channel_standardized,153,2.1536378860473633,1
C_FORECAST_0.75,all_blocks,channel_standardized,154,2.1492221355438232,1
C_FORECAST_0.75,all_blocks,channel_standardized,155,2.140580654144287,1
C_FORECAST_0.75,all_blocks,channel_standardized,156,2.131700277328491,1
C_FORECAST_0.75,all_blocks,channel_standardized,157,2.1183905601501465,1
C_FORECAST_0.75,all_blocks,channel_standardized,158,2.115366220474243,1
C_FORECAST_0.75,all_blocks,channel_standardized,159,2.1054775714874268,1
C_FORECAST_0.75,all_blocks,channel_standardized,160,2.0901851654052734,1
C_FORECAST_0.75,all_blocks,channel_standardized,161,2.0879263877868652,1
C_FORECAST_0.75,all_blocks,channel_standardized,162,2.0814743041992188,1
C_FORECAST_0.75,all_blocks,channel_standardized,163,2.0721142292022705,1
C_FORECAST_0.75,all_blocks,channel_standardized,164,2.0658226013183594,1
C_FORECAST_0.75,all_blocks,channel_standardized,165,2.0576953887939453,1
C_FORECAST_0.75,all_blocks,channel_standardized,166,2.0539143085479736,0
C_FORECAST_0.75,all_blocks,channel_standardized,167,2.050900459289551,0
C_FORECAST_0.75,all_blocks,channel_standardized,168,2.04852294921875,0
C_FORECAST_0.75,all_blocks,channel_standardized,169,2.0394694805145264,0
C_FORECAST_0.75,all_blocks,channel_standardized,170,2.0336849689483643,0
C_FORECAST_0.75,all_blocks,channel_standardized,171,2.0284476280212402,0
C_FORECAST_0.75,all_blocks,channel_standardized,172,2.0201668739318848,0
C_FORECAST_0.75,all_blocks,channel_standardized,173,2.0133519172668457,0
C_FORECAST_0.75,all_blocks,channel_standardized,174,2.0104281902313232,0
C_FORECAST_0.75,all_blocks,channel_standardized,175,1.9963887929916382,0
C_FORECAST_0.75,all_blocks,channel_standardized,176,1.9944145679473877,0
C_FORECAST_0.75,all_blocks,channel_standardized,177,1.9826035499572754,0
C_FORECAST_0.75,all_blocks,channel_standardized,178,1.9748822450637817,0
C_FORECAST_0.75,all_blocks,channel_standardized,179,1.9731937646865845,0
C_FORECAST_0.75,all_blocks,channel_standardized,180,1.9635412693023682,0
C_FORECAST_0.75,all_blocks,channel_standardized,181,1.9571456909179688,0
C_FORECAST_0.75,all_blocks,channel_standardized,182,1.945893406867981,0
C_FORECAST_0.75,all_blocks,channel_standardized,183,1.9394723176956177,0
C_FORECAST_0.75,all_blocks,channel_standardized,184,1.9328906536102295,0
C_FORECAST_0.75,all_blocks,channel_standardized,185,1.918769121170044,0
C_FORECAST_0.75,all_blocks,channel_standardized,186,1.9129120111465454,0
C_FORECAST_0.75,all_blocks,channel_standardized,187,1.9115915298461914,0
C_FORECAST_0.75,all_blocks,channel_standardized,188,1.9064438343048096,0
C_FORECAST_0.75,all_blocks,channel_standardized,189,1.9015371799468994,0
C_FORECAST_0.75,all_blocks,channel_standardized,190,1.8950244188308716,0
C_FORECAST_0.75,all_blocks,channel_standardized,191,1.8868833780288696,0
C_FORECAST_0.75,all_blocks,channel_standardized,192,1.8804900646209717,0
C_FORECAST_0.75,all_blocks,channel_standardized,193,1.872705101966858,0
C_FORECAST_0.75,all_blocks,channel_standardized,194,1.8645031452178955,0
C_FORECAST_0.75,all_blocks,channel_standardized,195,1.8613388538360596,0
C_FORECAST_0.75,all_blocks,channel_standardized,196,1.8558244705200195,0
C_FORECAST_0.75,all_blocks,channel_standardized,197,1.8437553644180298,0
C_FORECAST_0.75,all_blocks,channel_standardized,198,1.840408205986023,0
C_FORECAST_0.75,all_blocks,channel_standardized,199,1.8330249786376953,0
C_FORECAST_0.75,all_blocks,channel_standardized,200,1.8308959007263184,0
C_FORECAST_0.75,all_blocks,channel_standardized,201,1.8248636722564697,0
C_FORECAST_0.75,all_blocks,channel_standardized,202,1.816323161125183,0
C_FORECAST_0.75,all_blocks,channel_standardized,203,1.8102798461914062,0
C_FORECAST_0.75,all_blocks,channel_standardized,204,1.8067641258239746,0
C_FORECAST_0.75,all_blocks,channel_standardized,205,1.7982978820800781,0
C_FORECAST_0.75,all_blocks,channel_standardized,206,1.7935935258865356,0
C_FORECAST_0.75,all_blocks,channel_standardized,207,1.7879582643508911,0
C_FORECAST_0.75,all_blocks,channel_standardized,208,1.7812901735305786,0
C_FORECAST_0.75,all_blocks,channel_standardized,209,1.7750160694122314,0
C_FORECAST_0.75,all_blocks,channel_standardized,210,1.7660220861434937,0
C_FORECAST_0.75,all_blocks,channel_standardized,211,1.7604094743728638,0
C_FORECAST_0.75,all_blocks,channel_standardized,212,1.7551888227462769,0
C_FORECAST_0.75,all_blocks,channel_standardized,213,1.7521331310272217,0
C_FORECAST_0.75,all_blocks,channel_standardized,214,1.7466391324996948,0
C_FORECAST_0.75,all_blocks,channel_standardized,215,1.7437406778335571,0
C_FORECAST_0.75,all_blocks,channel_standardized,216,1.7401067018508911,0
C_FORECAST_0.75,all_blocks,channel_standardized,217,1.7375186681747437,0
C_FORECAST_0.75,all_blocks,channel_standardized,218,1.735115885734558,0
C_FORECAST_0.75,all_blocks,channel_standardized,219,1.7237659692764282,0
C_FORECAST_0.75,all_blocks,channel_standardized,220,1.7186256647109985,0
C_FORECAST_0.75,all_blocks,channel_standardized,221,1.7077455520629883,0
C_FORECAST_0.75,all_blocks,channel_standardized,222,1.705942153930664,0
C_FORECAST_0.75,all_blocks,channel_standardized,223,1.705312967300415,0
C_FORECAST_0.75,all_blocks,channel_standardized,224,1.6946206092834473,0
C_FORECAST_0.75,all_blocks,channel_standardized,225,1.6916725635528564,0
C_FORECAST_0.75,all_blocks,channel_standardized,226,1.6821001768112183,0
C_FORECAST_0.75,all_blocks,channel_standardized,227,1.6800916194915771,0
C_FORECAST_0.75,all_blocks,channel_standardized,228,1.6776105165481567,0
C_FORECAST_0.75,all_blocks,channel_standardized,229,1.6749258041381836,0
C_FORECAST_0.75,all_blocks,channel_standardized,230,1.6703933477401733,0
C_FORECAST_0.75,all_blocks,channel_standardized,231,1.6640255451202393,0
C_FORECAST_0.75,all_blocks,channel_standardized,232,1.6589257717132568,0
C_FORECAST_0.75,all_blocks,channel_standardized,233,1.6527726650238037,0
C_FORECAST_0.75,all_blocks,channel_standardized,234,1.6476271152496338,0
C_FORECAST_0.75,all_blocks,channel_standardized,235,1.6400755643844604,0
C_FORECAST_0.75,all_blocks,channel_standardized,236,1.6352651119232178,0
C_FORECAST_0.75,all_blocks,channel_standardized,237,1.6293355226516724,0
C_FORECAST_0.75,all_blocks,channel_standardized,238,1.6208395957946777,0
C_FORECAST_0.75,all_blocks,channel_standardized,239,1.6195324659347534,0
C_FORECAST_0.75,all_blocks,channel_standardized,240,1.611674189567566,0
C_FORECAST_0.75,all_blocks,channel_standardized,241,1.607283353805542,0
C_FORECAST_0.75,all_blocks,channel_standardized,242,1.603973388671875,0
C_FORECAST_0.75,all_blocks,channel_standardized,243,1.600903034210205,0
C_FORECAST_0.75,all_blocks,channel_standardized,244,1.5972195863723755,0
C_FORECAST_0.75,all_blocks,channel_standardized,245,1.5887131690979004,0
C_FORECAST_0.75,all_blocks,channel_standardized,246,1.5856788158416748,0
C_FORECAST_0.75,all_blocks,channel_standardized,247,1.5803430080413818,0
C_FORECAST_0.75,all_blocks,channel_standardized,248,1.5778969526290894,0
C_FORECAST_0.75,all_blocks,channel_standardized,249,1.5735316276550293,0
C_FORECAST_0.75,all_blocks,channel_standardized,250,1.5715683698654175,0
C_FORECAST_0.75,all_blocks,channel_standardized,251,1.567373514175415,0
C_FORECAST_0.75,all_blocks,channel_standardized,252,1.5606905221939087,0
C_FORECAST_0.75,all_blocks,channel_standardized,253,1.5530129671096802,0
C_FORECAST_0.75,all_blocks,channel_standardized,254,1.5472803115844727,0
C_FORECAST_0.75,all_blocks,channel_standardized,255,1.5456602573394775,0
C_FORECAST_0.75,all_blocks,channel_standardized,256,1.5392684936523438,0
C_FORECAST_0.75,all_blocks,channel_standardized,257,1.53474760055542,0
C_FORECAST_0.75,all_blocks,channel_standardized,258,1.5312645435333252,0
C_FORECAST_0.75,all_blocks,channel_standardized,259,1.5245106220245361,0
C_FORECAST_0.75,all_blocks,channel_standardized,260,1.5233302116394043,0
C_FORECAST_0.75,all_blocks,channel_standardized,261,1.5200098752975464,0
C_FORECAST_0.75,all_blocks,channel_standardized,262,1.51188325881958,0
C_FORECAST_0.75,all_blocks,channel_standardized,263,1.5095854997634888,0
C_FORECAST_0.75,all_blocks,channel_standardized,264,1.5048611164093018,0
C_FORECAST_0.75,all_blocks,channel_standardized,265,1.5027145147323608,0
C_FORECAST_0.75,all_blocks,channel_standardized,266,1.4985772371292114,0
C_FORECAST_0.75,all_blocks,channel_standardized,267,1.4956037998199463,0
C_FORECAST_0.75,all_blocks,channel_standardized,268,1.493558406829834,0
C_FORECAST_0.75,all_blocks,channel_standardized,269,1.485633134841919,0
C_FORECAST_0.75,all_blocks,channel_standardized,270,1.4821555614471436,0
C_FORECAST_0.75,all_blocks,channel_standardized,271,1.4805476665496826,0
C_FORECAST_0.75,all_blocks,channel_standardized,272,1.4758715629577637,0
C_FORECAST_0.75,all_blocks,channel_standardized,273,1.4730401039123535,0
C_FORECAST_0.75,all_blocks,channel_standardized,274,1.4675692319869995,0
C_FORECAST_0.75,all_blocks,channel_standardized,275,1.466174602508545,0
C_FORECAST_0.75,all_blocks,channel_standardized,276,1.4620057344436646,0
C_FORECAST_0.75,all_blocks,channel_standardized,277,1.4587010145187378,0
C_FORECAST_0.75,all_blocks,channel_standardized,278,1.451611042022705,0
C_FORECAST_0.75,all_blocks,channel_standardized,279,1.442967414855957,0
C_FORECAST_0.75,all_blocks,channel_standardized,280,1.4404408931732178,0
C_FORECAST_0.75,all_blocks,channel_standardized,281,1.4368572235107422,0
C_FORECAST_0.75,all_blocks,channel_standardized,282,1.4347970485687256,0
C_FORECAST_0.75,all_blocks,channel_standardized,283,1.4307794570922852,0
C_FORECAST_0.75,all_blocks,channel_standardized,284,1.4280035495758057,0
C_FORECAST_0.75,all_blocks,channel_standardized,285,1.4271762371063232,0
C_FORECAST_0.75,all_blocks,channel_standardized,286,1.422410488128662,0
C_FORECAST_0.75,all_blocks,channel_standardized,287,1.4166654348373413,0
C_FORECAST_0.75,all_blocks,channel_standardized,288,1.4133321046829224,0
C_FORECAST_0.75,all_blocks,channel_standardized,289,1.410628080368042,0
C_FORECAST_0.75,all_blocks,channel_standardized,290,1.4083935022354126,0
C_FORECAST_0.75,all_blocks,channel_standardized,291,1.4077566862106323,0
C_FORECAST_0.75,all_blocks,channel_standardized,292,1.4014517068862915,0
C_FORECAST_0.75,all_blocks,channel_standardized,293,1.3988995552062988,0
C_FORECAST_0.75,all_blocks,channel_standardized,294,1.3975642919540405,0
C_FORECAST_0.75,all_blocks,channel_standardized,295,1.3887670040130615,0
C_FORECAST_0.75,all_blocks,channel_standardized,296,1.3859972953796387,0
C_FORECAST_0.75,all_blocks,channel_standardized,297,1.3845652341842651,0
C_FORECAST_0.75,all_blocks,channel_standardized,298,1.378280520439148,0
C_FORECAST_0.75,all_blocks,channel_standardized,299,1.3706004619598389,0
C_FORECAST_0.75,all_blocks,channel_standardized,300,1.3683230876922607,0
C_FORECAST_0.75,all_blocks,channel_standardized,301,1.3666003942489624,0
C_FORECAST_0.75,all_blocks,channel_standardized,302,1.3648011684417725,0
C_FORECAST_0.75,all_blocks,channel_standardized,303,1.3622658252716064,0
C_FORECAST_0.75,all_blocks,channel_standardized,304,1.358673095703125,0
C_FORECAST_0.75,all_blocks,channel_standardized,305,1.3559092283248901,0
C_FORECAST_0.75,all_blocks,channel_standardized,306,1.3516520261764526,0
C_FORECAST_0.75,all_blocks,channel_standardized,307,1.3466768264770508,0
C_FORECAST_0.75,all_blocks,channel_standardized,308,1.3456885814666748,0
C_FORECAST_0.75,all_blocks,channel_standardized,309,1.3424818515777588,0
C_FORECAST_0.75,all_blocks,channel_standardized,310,1.3395954370498657,0
C_FORECAST_0.75,all_blocks,channel_standardized,311,1.3352808952331543,0
C_FORECAST_0.75,all_blocks,channel_standardized,312,1.3301221132278442,0
C_FORECAST_0.75,all_blocks,channel_standardized,313,1.3268815279006958,0
C_FORECAST_0.75,all_blocks,channel_standardized,314,1.3243732452392578,0
C_FORECAST_0.75,all_blocks,channel_standardized,315,1.3231149911880493,0
C_FORECAST_0.75,all_blocks,channel_standardized,316,1.3208835124969482,0
C_FORECAST_0.75,all_blocks,channel_standardized,317,1.318055272102356,0
C_FORECAST_0.75,all_blocks,channel_standardized,318,1.3116121292114258,0
C_FORECAST_0.75,all_blocks,channel_standardized,319,1.3052531480789185,0
C_FORECAST_0.75,all_blocks,channel_standardized,320,1.3026551008224487,0
C_FORECAST_0.75,all_blocks,channel_standardized,321,1.3014585971832275,0
C_FORECAST_0.75,all_blocks,channel_standardized,322,1.2995628118515015,0
C_FORECAST_0.75,all_blocks,channel_standardized,323,1.2989221811294556,0
C_FORECAST_0.75,all_blocks,channel_standardized,324,1.2934149503707886,0
C_FORECAST_0.75,all_blocks,channel_standardized,325,1.2900093793869019,0
C_FORECAST_0.75,all_blocks,channel_standardized,326,1.2861099243164062,0
C_FORECAST_0.75,all_blocks,channel_standardized,327,1.282549262046814,0
C_FORECAST_0.75,all_blocks,channel_standardized,328,1.279647946357727,0
C_FORECAST_0.75,all_blocks,channel_standardized,329,1.2790555953979492,0
C_FORECAST_0.75,all_blocks,channel_standardized,330,1.2738981246948242,0
C_FORECAST_0.75,all_blocks,channel_standardized,331,1.272335171699524,0
C_FORECAST_0.75,all_blocks,channel_standardized,332,1.2697783708572388,0
C_FORECAST_0.75,all_blocks,channel_standardized,333,1.266419768333435,0
C_FORECAST_0.75,all_blocks,channel_standardized,334,1.2619825601577759,0
C_FORECAST_0.75,all_blocks,channel_standardized,335,1.261423945426941,0
C_FORECAST_0.75,all_blocks,channel_standardized,336,1.2579963207244873,0
C_FORECAST_0.75,all_blocks,channel_standardized,337,1.2557283639907837,0
C_FORECAST_0.75,all_blocks,channel_standardized,338,1.2509820461273193,0
C_FORECAST_0.75,all_blocks,channel_standardized,339,1.24686598777771,0
C_FORECAST_0.75,all_blocks,channel_standardized,340,1.2429239749908447,0
C_FORECAST_0.75,all_blocks,channel_standardized,341,1.2398912906646729,0
C_FORECAST_0.75,all_blocks,channel_standardized,342,1.2362163066864014,0
C_FORECAST_0.75,all_blocks,channel_standardized,343,1.2348536252975464,0
C_FORECAST_0.75,all_blocks,channel_standardized,344,1.230554461479187,0
C_FORECAST_0.75,all_blocks,channel_standardized,345,1.2284128665924072,0
C_FORECAST_0.75,all_blocks,channel_standardized,346,1.2242028713226318,0
C_FORECAST_0.75,all_blocks,channel_standardized,347,1.2222336530685425,0
C_FORECAST_0.75,all_blocks,channel_standardized,348,1.2181270122528076,0
C_FORECAST_0.75,all_blocks,channel_standardized,349,1.2157313823699951,0
C_FORECAST_0.75,all_blocks,channel_standardized,350,1.213553547859192,0
C_FORECAST_0.75,all_blocks,channel_standardized,351,1.2097378969192505,0
C_FORECAST_0.75,all_blocks,channel_standardized,352,1.2068983316421509,0
C_FORECAST_0.75,all_blocks,channel_standardized,353,1.206498622894287,0
C_FORECAST_0.75,all_blocks,channel_standardized,354,1.2032438516616821,0
C_FORECAST_0.75,all_blocks,channel_standardized,355,1.1972664594650269,0
C_FORECAST_0.75,all_blocks,channel_standardized,356,1.1940428018569946,0
C_FORECAST_0.75,all_blocks,channel_standardized,357,1.1921615600585938,0
C_FORECAST_0.75,all_blocks,channel_standardized,358,1.1894128322601318,0
C_FORECAST_0.75,all_blocks,channel_standardized,359,1.1879905462265015,0
C_FORECAST_0.75,all_blocks,channel_standardized,360,1.1861391067504883,0
C_FORECAST_0.75,all_blocks,channel_standardized,361,1.181591272354126,0
C_FORECAST_0.75,all_blocks,channel_standardized,362,1.179976224899292,0
C_FORECAST_0.75,all_blocks,channel_standardized,363,1.1760857105255127,0
C_FORECAST_0.75,all_blocks,channel_standardized,364,1.1738017797470093,0
C_FORECAST_0.75,all_blocks,channel_standardized,365,1.1718578338623047,0
C_FORECAST_0.75,all_blocks,channel_standardized,366,1.1682381629943848,0
C_FORECAST_0.75,all_blocks,channel_standardized,367,1.1664307117462158,0
C_FORECAST_0.75,all_blocks,channel_standardized,368,1.1626603603363037,0
C_FORECAST_0.75,all_blocks,channel_standardized,369,1.1618621349334717,0
C_FORECAST_0.75,all_blocks,channel_standardized,370,1.160151720046997,0
C_FORECAST_0.75,all_blocks,channel_standardized,371,1.157925009727478,0
C_FORECAST_0.75,all_blocks,channel_standardized,372,1.1559677124023438,0
C_FORECAST_0.75,all_blocks,channel_standardized,373,1.1494430303573608,0
C_FORECAST_0.75,all_blocks,channel_standardized,374,1.1478296518325806,0
C_FORECAST_0.75,all_blocks,channel_standardized,375,1.1448222398757935,0
C_FORECAST_0.75,all_blocks,channel_standardized,376,1.1433545351028442,0
C_FORECAST_0.75,all_blocks,channel_standardized,377,1.1403261423110962,0
C_FORECAST_0.75,all_blocks,channel_standardized,378,1.1400645971298218,0
C_FORECAST_0.75,all_blocks,channel_standardized,379,1.1323933601379395,0
C_FORECAST_0.75,all_blocks,channel_standardized,380,1.131051778793335,0
C_FORECAST_0.75,all_blocks,channel_standardized,381,1.1308610439300537,0
C_FORECAST_0.75,all_blocks,channel_standardized,382,1.1266733407974243,0
C_FORECAST_0.75,all_blocks,channel_standardized,383,1.1248430013656616,0
C_FORECAST_0.75,all_blocks,channel_standardized,384,1.1232210397720337,0
C_FORECAST_0.75,all_blocks,channel_standardized,385,1.120230793952942,0
C_FORECAST_0.75,all_blocks,channel_standardized,386,1.1149702072143555,0
C_FORECAST_0.75,all_blocks,channel_standardized,387,1.1136274337768555,0
C_FORECAST_0.75,all_blocks,channel_standardized,388,1.1128827333450317,0
C_FORECAST_0.75,all_blocks,channel_standardized,389,1.1099145412445068,0
C_FORECAST_0.75,all_blocks,channel_standardized,390,1.1090900897979736,0
C_FORECAST_0.75,all_blocks,channel_standardized,391,1.1046189069747925,0
C_FORECAST_0.75,all_blocks,channel_standardized,392,1.1021175384521484,0
C_FORECAST_0.75,all_blocks,channel_standardized,393,1.1008349657058716,0
C_FORECAST_0.75,all_blocks,channel_standardized,394,1.0986460447311401,0
C_FORECAST_0.75,all_blocks,channel_standardized,395,1.0945477485656738,0
C_FORECAST_0.75,all_blocks,channel_standardized,396,1.0931527614593506,0
C_FORECAST_0.75,all_blocks,channel_standardized,397,1.0904711484909058,0
C_FORECAST_0.75,all_blocks,channel_standardized,398,1.0884926319122314,0
C_FORECAST_0.75,all_blocks,channel_standardized,399,1.0838196277618408,0
C_FORECAST_0.75,all_blocks,channel_standardized,400,1.080697774887085,0
C_FORECAST_0.75,all_blocks,channel_standardized,401,1.0803675651550293,0
C_FORECAST_0.75,all_blocks,channel_standardized,402,1.0773417949676514,0
C_FORECAST_0.75,all_blocks,channel_standardized,403,1.0721285343170166,0
C_FORECAST_0.75,all_blocks,channel_standardized,404,1.0698219537734985,0
C_FORECAST_0.75,all_blocks,channel_standardized,405,1.067747950553894,0
C_FORECAST_0.75,all_blocks,channel_standardized,406,1.0674445629119873,0
C_FORECAST_0.75,all_blocks,channel_standardized,407,1.063920497894287,0
C_FORECAST_0.75,all_blocks,channel_standardized,408,1.063424825668335,0
C_FORECAST_0.75,all_blocks,channel_standardized,409,1.0614043474197388,0
C_FORECAST_0.75,all_blocks,channel_standardized,410,1.057653784751892,0
C_FORECAST_0.75,all_blocks,channel_standardized,411,1.0545939207077026,0
C_FORECAST_0.75,all_blocks,channel_standardized,412,1.0518783330917358,0
C_FORECAST_0.75,all_blocks,channel_standardized,413,1.0495836734771729,0
C_FORECAST_0.75,all_blocks,channel_standardized,414,1.0494364500045776,0
C_FORECAST_0.75,all_blocks,channel_standardized,415,1.0477888584136963,0
C_FORECAST_0.75,all_blocks,channel_standardized,416,1.0450993776321411,0
C_FORECAST_0.75,all_blocks,channel_standardized,417,1.0438426733016968,0
C_FORECAST_0.75,all_blocks,channel_standardized,418,1.0422582626342773,0
C_FORECAST_0.75,all_blocks,channel_standardized,419,1.0384547710418701,0
C_FORECAST_0.75,all_blocks,channel_standardized,420,1.036293625831604,0
C_FORECAST_0.75,all_blocks,channel_standardized,421,1.0330071449279785,0
C_FORECAST_0.75,all_blocks,channel_standardized,422,1.0298781394958496,0
C_FORECAST_0.75,all_blocks,channel_standardized,423,1.028847336769104,0
C_FORECAST_0.75,all_blocks,channel_standardized,424,1.0270605087280273,0
C_FORECAST_0.75,all_blocks,channel_standardized,425,1.0227526426315308,0
C_FORECAST_0.75,all_blocks,channel_standardized,426,1.0216630697250366,0
C_FORECAST_0.75,all_blocks,channel_standardized,427,1.0175611972808838,0
C_FORECAST_0.75,all_blocks,channel_standardized,428,1.0171098709106445,0
C_FORECAST_0.75,all_blocks,channel_standardized,429,1.0147370100021362,0
C_FORECAST_0.75,all_blocks,channel_standardized,430,1.0134929418563843,0
C_FORECAST_0.75,all_blocks,channel_standardized,431,1.0104897022247314,0
C_FORECAST_0.75,all_blocks,channel_standardized,432,1.0089000463485718,0
C_FORECAST_0.75,all_blocks,channel_standardized,433,1.0066568851470947,0
C_FORECAST_0.75,all_blocks,channel_standardized,434,1.0059103965759277,0
C_FORECAST_0.75,all_blocks,channel_standardized,435,1.004214882850647,0
C_FORECAST_0.75,all_blocks,channel_standardized,436,1.000956654548645,0
C_FORECAST_0.75,all_blocks,channel_standardized,437,0.9999328851699829,0
C_FORECAST_0.75,all_blocks,channel_standardized,438,0.9985637068748474,0
C_FORECAST_0.75,all_blocks,channel_standardized,439,0.9953737258911133,0
C_FORECAST_0.75,all_blocks,channel_standardized,440,0.9944963455200195,0
C_FORECAST_0.75,all_blocks,channel_standardized,441,0.9906385540962219,0
C_FORECAST_0.75,all_blocks,channel_standardized,442,0.989262580871582,0
C_FORECAST_0.75,all_blocks,channel_standardized,443,0.9873918890953064,0
C_FORECAST_0.75,all_blocks,channel_standardized,444,0.9854877591133118,0
C_FORECAST_0.75,all_blocks,channel_standardized,445,0.9826439619064331,0
C_FORECAST_0.75,all_blocks,channel_standardized,446,0.9780312776565552,0
C_FORECAST_0.75,all_blocks,channel_standardized,447,0.9745100140571594,0
C_FORECAST_0.75,all_blocks,channel_standardized,448,0.9732166528701782,0
C_FORECAST_0.75,all_blocks,channel_standardized,449,0.9725248217582703,0
C_FORECAST_0.75,all_blocks,channel_standardized,450,0.9705466032028198,0
C_FORECAST_0.75,all_blocks,channel_standardized,451,0.9679679870605469,0
C_FORECAST_0.75,all_blocks,channel_standardized,452,0.9663940668106079,0
C_FORECAST_0.75,all_blocks,channel_standardized,453,0.9657130241394043,0
C_FORECAST_0.75,all_blocks,channel_standardized,454,0.9626538157463074,0
C_FORECAST_0.75,all_blocks,channel_standardized,455,0.9585393667221069,0
C_FORECAST_0.75,all_blocks,channel_standardized,456,0.9581851959228516,0
C_FORECAST_0.75,all_blocks,channel_standardized,457,0.9556625485420227,0
C_FORECAST_0.75,all_blocks,channel_standardized,458,0.9539523720741272,0
C_FORECAST_0.75,all_blocks,channel_standardized,459,0.9514225721359253,0
C_FORECAST_0.75,all_blocks,channel_standardized,460,0.9501829743385315,0
C_FORECAST_0.75,all_blocks,channel_standardized,461,0.9477138519287109,0
C_FORECAST_0.75,all_blocks,channel_standardized,462,0.945831298828125,0
C_FORECAST_0.75,all_blocks,channel_standardized,463,0.9444884657859802,0
C_FORECAST_0.75,all_blocks,channel_standardized,464,0.9422184824943542,0
C_FORECAST_0.75,all_blocks,channel_standardized,465,0.9379703402519226,0
C_FORECAST_0.75,all_blocks,channel_standardized,466,0.9379693865776062,0
C_FORECAST_0.75,all_blocks,channel_standardized,467,0.9353739023208618,0
C_FORECAST_0.75,all_blocks,channel_standardized,468,0.9350702166557312,0
C_FORECAST_0.75,all_blocks,channel_standardized,469,0.9325376152992249,0
C_FORECAST_0.75,all_blocks,channel_standardized,470,0.9316768050193787,0
C_FORECAST_0.75,all_blocks,channel_standardized,471,0.9295337796211243,0
C_FORECAST_0.75,all_blocks,channel_standardized,472,0.9265739917755127,0
C_FORECAST_0.75,all_blocks,channel_standardized,473,0.9253214597702026,0
C_FORECAST_0.75,all_blocks,channel_standardized,474,0.924190104007721,0
C_FORECAST_0.75,all_blocks,channel_standardized,475,0.9238951802253723,0
C_FORECAST_0.75,all_blocks,channel_standardized,476,0.9232086539268494,0
C_FORECAST_0.75,all_blocks,channel_standardized,477,0.9198529720306396,0
C_FORECAST_0.75,all_blocks,channel_standardized,478,0.9180683493614197,0
C_FORECAST_0.75,all_blocks,channel_standardized,479,0.9136228561401367,0
C_FORECAST_0.75,all_blocks,channel_standardized,480,0.9102016687393188,0
C_FORECAST_0.75,all_blocks,channel_standardized,481,0.9086623191833496,0
C_FORECAST_0.75,all_blocks,channel_standardized,482,0.9060887098312378,0
C_FORECAST_0.75,all_blocks,channel_standardized,483,0.9051791429519653,0
C_FORECAST_0.75,all_blocks,channel_standardized,484,0.9022979140281677,0
C_FORECAST_0.75,all_blocks,channel_standardized,485,0.9015142917633057,0
C_FORECAST_0.75,all_blocks,channel_standardized,486,0.9003208875656128,0
C_FORECAST_0.75,all_blocks,channel_standardized,487,0.8989067673683167,0
C_FORECAST_0.75,all_blocks,channel_standardized,488,0.8975570201873779,0
C_FORECAST_0.75,all_blocks,channel_standardized,489,0.8941407203674316,0
C_FORECAST_0.75,all_blocks,channel_standardized,490,0.8931641578674316,0
C_FORECAST_0.75,all_blocks,channel_standardized,491,0.88982754945755,0
C_FORECAST_0.75,all_blocks,channel_standardized,492,0.8882653713226318,0
C_FORECAST_0.75,all_blocks,channel_standardized,493,0.8873482942581177,0
C_FORECAST_0.75,all_blocks,channel_standardized,494,0.8868297338485718,0
C_FORECAST_0.75,all_blocks,channel_standardized,495,0.8815993666648865,0
C_FORECAST_0.75,all_blocks,channel_standardized,496,0.8806907534599304,0
C_FORECAST_0.75,all_blocks,channel_standardized,497,0.8782153725624084,0
C_FORECAST_0.75,all_blocks,channel_standardized,498,0.8769528269767761,0
C_FORECAST_0.75,all_blocks,channel_standardized,499,0.8761807084083557,0
C_FORECAST_0.75,all_blocks,channel_standardized,500,0.8730018734931946,0
C_FORECAST_0.75,all_blocks,channel_standardized,501,0.8722079396247864,0
C_FORECAST_0.75,all_blocks,channel_standardized,502,0.8683034777641296,0
C_FORECAST_0.75,all_blocks,channel_standardized,503,0.8670719861984253,0
C_FORECAST_0.75,all_blocks,channel_standardized,504,0.8668060898780823,0
C_FORECAST_0.75,all_blocks,channel_standardized,505,0.8652656674385071,0
C_FORECAST_0.75,all_blocks,channel_standardized,506,0.8647276759147644,0
C_FORECAST_0.75,all_blocks,channel_standardized,507,0.8633970618247986,0
C_FORECAST_0.75,all_blocks,channel_standardized,508,0.8622444272041321,0
C_FORECAST_0.75,all_blocks,channel_standardized,509,0.859329342842102,0
C_FORECAST_0.75,all_blocks,channel_standardized,510,0.8577362298965454,0
C_FORECAST_0.75,all_blocks,channel_standardized,511,0.85686856508255,0
C_FORECAST_0.75,all_blocks,channel_standardized,512,0.8559752106666565,0
C_FORECAST_0.75,all_blocks,channel_standardized,513,0.8552504777908325,0
C_FORECAST_0.75,all_blocks,channel_standardized,514,0.8537038564682007,0
C_FORECAST_0.75,all_blocks,channel_standardized,515,0.8508310914039612,0
C_FORECAST_0.75,all_blocks,channel_standardized,516,0.8498390316963196,0
C_FORECAST_0.75,all_blocks,channel_standardized,517,0.8481366038322449,0
C_FORECAST_0.75,all_blocks,channel_standardized,518,0.8452795743942261,0
C_FORECAST_0.75,all_blocks,channel_standardized,519,0.8440066576004028,0
C_FORECAST_0.75,all_blocks,channel_standardized,520,0.8419540524482727,0
C_FORECAST_0.75,all_blocks,channel_standardized,521,0.8404254913330078,0
C_FORECAST_0.75,all_blocks,channel_standardized,522,0.8388715982437134,0
C_FORECAST_0.75,all_blocks,channel_standardized,523,0.8362757563591003,0
C_FORECAST_0.75,all_blocks,channel_standardized,524,0.8341820240020752,0
C_FORECAST_0.75,all_blocks,channel_standardized,525,0.8329816460609436,0
C_FORECAST_0.75,all_blocks,channel_standardized,526,0.8323798775672913,0
C_FORECAST_0.75,all_blocks,channel_standardized,527,0.8292884826660156,0
C_FORECAST_0.75,all_blocks,channel_standardized,528,0.8265091776847839,0
C_FORECAST_0.75,all_blocks,channel_standardized,529,0.8250734210014343,0
C_FORECAST_0.75,all_blocks,channel_standardized,530,0.8228795528411865,0
C_FORECAST_0.75,all_blocks,channel_standardized,531,0.8208984136581421,0
C_FORECAST_0.75,all_blocks,channel_standardized,532,0.8191916346549988,0
C_FORECAST_0.75,all_blocks,channel_standardized,533,0.818588137626648,0
C_FORECAST_0.75,all_blocks,channel_standardized,534,0.8184142112731934,0
C_FORECAST_0.75,all_blocks,channel_standardized,535,0.8146133422851562,0
C_FORECAST_0.75,all_blocks,channel_standardized,536,0.813235342502594,0
C_FORECAST_0.75,all_blocks,channel_standardized,537,0.8118358254432678,0
C_FORECAST_0.75,all_blocks,channel_standardized,538,0.8086117506027222,0
C_FORECAST_0.75,all_blocks,channel_standardized,539,0.8080408573150635,0
C_FORECAST_0.75,all_blocks,channel_standardized,540,0.8074000477790833,0
C_FORECAST_0.75,all_blocks,channel_standardized,541,0.8056082725524902,0
C_FORECAST_0.75,all_blocks,channel_standardized,542,0.8050332069396973,0
C_FORECAST_0.75,all_blocks,channel_standardized,543,0.8037322163581848,0
C_FORECAST_0.75,all_blocks,channel_standardized,544,0.8020421862602234,0
C_FORECAST_0.75,all_blocks,channel_standardized,545,0.8006280064582825,0
C_FORECAST_0.75,all_blocks,channel_standardized,546,0.7990662455558777,0
C_FORECAST_0.75,all_blocks,channel_standardized,547,0.7966388463973999,0
C_FORECAST_0.75,all_blocks,channel_standardized,548,0.7958210706710815,0
C_FORECAST_0.75,all_blocks,channel_standardized,549,0.7936542630195618,0
C_FORECAST_0.75,all_blocks,channel_standardized,550,0.7926868796348572,0
C_FORECAST_0.75,all_blocks,channel_standardized,551,0.7907865047454834,0
C_FORECAST_0.75,all_blocks,channel_standardized,552,0.7897915244102478,0
C_FORECAST_0.75,all_blocks,channel_standardized,553,0.7892571687698364,0
C_FORECAST_0.75,all_blocks,channel_standardized,554,0.7873743772506714,0
C_FORECAST_0.75,all_blocks,channel_standardized,555,0.7861378788948059,0
C_FORECAST_0.75,all_blocks,channel_standardized,556,0.7844076156616211,0
C_FORECAST_0.75,all_blocks,channel_standardized,557,0.7828027009963989,0
C_FORECAST_0.75,all_blocks,channel_standardized,558,0.7811926007270813,0
C_FORECAST_0.75,all_blocks,channel_standardized,559,0.7777128219604492,0
C_FORECAST_0.75,all_blocks,channel_standardized,560,0.7763879299163818,0
C_FORECAST_0.75,all_blocks,channel_standardized,561,0.7748971581459045,0
C_FORECAST_0.75,all_blocks,channel_standardized,562,0.7734344005584717,0
C_FORECAST_0.75,all_blocks,channel_standardized,563,0.7729389667510986,0
C_FORECAST_0.75,all_blocks,channel_standardized,564,0.7718452215194702,0
C_FORECAST_0.75,all_blocks,channel_standardized,565,0.770178496837616,0
C_FORECAST_0.75,all_blocks,channel_standardized,566,0.7689618468284607,0
C_FORECAST_0.75,all_blocks,channel_standardized,567,0.7675455808639526,0
C_FORECAST_0.75,all_blocks,channel_standardized,568,0.7648332118988037,0
C_FORECAST_0.75,all_blocks,channel_standardized,569,0.7639550566673279,0
C_FORECAST_0.75,all_blocks,channel_standardized,570,0.763088047504425,0
C_FORECAST_0.75,all_blocks,channel_standardized,571,0.762302577495575,0
C_FORECAST_0.75,all_blocks,channel_standardized,572,0.7595709562301636,0
C_FORECAST_0.75,all_blocks,channel_standardized,573,0.7574553489685059,0
C_FORECAST_0.75,all_blocks,channel_standardized,574,0.7560049891471863,0
C_FORECAST_0.75,all_blocks,channel_standardized,575,0.7555094361305237,0
C_FORECAST_0.75,all_blocks,channel_standardized,576,0.7527720928192139,0
C_FORECAST_0.75,all_blocks,channel_standardized,577,0.7516860365867615,0
C_FORECAST_0.75,all_blocks,channel_standardized,578,0.7502712607383728,0
C_FORECAST_0.75,all_blocks,channel_standardized,579,0.7495473623275757,0
C_FORECAST_0.75,all_blocks,channel_standardized,580,0.7487059235572815,0
C_FORECAST_0.75,all_blocks,channel_standardized,581,0.7469208240509033,0
C_FORECAST_0.75,all_blocks,channel_standardized,582,0.7458920478820801,0
C_FORECAST_0.75,all_blocks,channel_standardized,583,0.7453221678733826,0
C_FORECAST_0.75,all_blocks,channel_standardized,584,0.7435165047645569,0
C_FORECAST_0.75,all_blocks,channel_standardized,585,0.7422381043434143,0
C_FORECAST_0.75,all_blocks,channel_standardized,586,0.7401424050331116,0
C_FORECAST_0.75,all_blocks,channel_standardized,587,0.7373319864273071,0
C_FORECAST_0.75,all_blocks,channel_standardized,588,0.73697829246521,0
C_FORECAST_0.75,all_blocks,channel_standardized,589,0.7354673147201538,0
C_FORECAST_0.75,all_blocks,channel_standardized,590,0.7344439029693604,0
C_FORECAST_0.75,all_blocks,channel_standardized,591,0.7343173623085022,0
C_FORECAST_0.75,all_blocks,channel_standardized,592,0.7322675585746765,0
C_FORECAST_0.75,all_blocks,channel_standardized,593,0.7313517332077026,0
C_FORECAST_0.75,all_blocks,channel_standardized,594,0.7300609946250916,0
C_FORECAST_0.75,all_blocks,channel_standardized,595,0.7277634143829346,0
C_FORECAST_0.75,all_blocks,channel_standardized,596,0.7275027632713318,0
C_FORECAST_0.75,all_blocks,channel_standardized,597,0.7257983684539795,0
C_FORECAST_0.75,all_blocks,channel_standardized,598,0.7243466973304749,0
C_FORECAST_0.75,all_blocks,channel_standardized,599,0.7232416868209839,0
C_FORECAST_0.75,all_blocks,channel_standardized,600,0.7223057746887207,0
C_FORECAST_0.75,all_blocks,channel_standardized,601,0.7189199328422546,0
C_FORECAST_0.75,all_blocks,channel_standardized,602,0.7182015180587769,0
C_FORECAST_0.75,all_blocks,channel_standardized,603,0.717131495475769,0
C_FORECAST_0.75,all_blocks,channel_standardized,604,0.7158536911010742,0
C_FORECAST_0.75,all_blocks,channel_standardized,605,0.7146306037902832,0
C_FORECAST_0.75,all_blocks,channel_standardized,606,0.7131134271621704,0
C_FORECAST_0.75,all_blocks,channel_standardized,607,0.7101944088935852,0
C_FORECAST_0.75,all_blocks,channel_standardized,608,0.7089188694953918,0
C_FORECAST_0.75,all_blocks,channel_standardized,609,0.7072018384933472,0
C_FORECAST_0.75,all_blocks,channel_standardized,610,0.7060832381248474,0
C_FORECAST_0.75,all_blocks,channel_standardized,611,0.7048689723014832,0
C_FORECAST_0.75,all_blocks,channel_standardized,612,0.7036550641059875,0
C_FORECAST_0.75,all_blocks,channel_standardized,613,0.7021195888519287,0
C_FORECAST_0.75,all_blocks,channel_standardized,614,0.7013934850692749,0
C_FORECAST_0.75,all_blocks,channel_standardized,615,0.7010537385940552,0
C_FORECAST_0.75,all_blocks,channel_standardized,616,0.6986493468284607,0
C_FORECAST_0.75,all_blocks,channel_standardized,617,0.6960000991821289,0
C_FORECAST_0.75,all_blocks,channel_standardized,618,0.6956935524940491,0
C_FORECAST_0.75,all_blocks,channel_standardized,619,0.6950265765190125,0
C_FORECAST_0.75,all_blocks,channel_standardized,620,0.6939253807067871,0
C_FORECAST_0.75,all_blocks,channel_standardized,621,0.6919628381729126,0
C_FORECAST_0.75,all_blocks,channel_standardized,622,0.6911933422088623,0
C_FORECAST_0.75,all_blocks,channel_standardized,623,0.690916895866394,0
C_FORECAST_0.75,all_blocks,channel_standardized,624,0.6872240900993347,0
C_FORECAST_0.75,all_blocks,channel_standardized,625,0.6859109997749329,0
C_FORECAST_0.75,all_blocks,channel_standardized,626,0.6852254867553711,0
C_FORECAST_0.75,all_blocks,channel_standardized,627,0.6843976378440857,0
C_FORECAST_0.75,all_blocks,channel_standardized,628,0.682758629322052,0
C_FORECAST_0.75,all_blocks,channel_standardized,629,0.6820007562637329,0
C_FORECAST_0.75,all_blocks,channel_standardized,630,0.6806671619415283,0
C_FORECAST_0.75,all_blocks,channel_standardized,631,0.678797721862793,0
C_FORECAST_0.75,all_blocks,channel_standardized,632,0.6783947944641113,0
C_FORECAST_0.75,all_blocks,channel_standardized,633,0.6771421432495117,0
C_FORECAST_0.75,all_blocks,channel_standardized,634,0.6753884553909302,0
C_FORECAST_0.75,all_blocks,channel_standardized,635,0.6746047139167786,0
C_FORECAST_0.75,all_blocks,channel_standardized,636,0.6724222302436829,0
C_FORECAST_0.75,all_blocks,channel_standardized,637,0.6721225380897522,0
C_FORECAST_0.75,all_blocks,channel_standardized,638,0.6714765429496765,0
C_FORECAST_0.75,all_blocks,channel_standardized,639,0.6707673072814941,0
C_FORECAST_0.75,all_blocks,channel_standardized,640,0.6696796417236328,0
C_FORECAST_0.75,all_blocks,channel_standardized,641,0.6686844229698181,0
C_FORECAST_0.75,all_blocks,channel_standardized,642,0.6650232076644897,0
C_FORECAST_0.75,all_blocks,channel_standardized,643,0.6649144887924194,0
C_FORECAST_0.75,all_blocks,channel_standardized,644,0.6640533208847046,0
C_FORECAST_0.75,all_blocks,channel_standardized,645,0.6622814536094666,0
C_FORECAST_0.75,all_blocks,channel_standardized,646,0.6598720550537109,0
C_FORECAST_0.75,all_blocks,channel_standardized,647,0.6594958901405334,0
C_FORECAST_0.75,all_blocks,channel_standardized,648,0.6586097478866577,0
C_FORECAST_0.75,all_blocks,channel_standardized,649,0.6567469239234924,0
C_FORECAST_0.75,all_blocks,channel_standardized,650,0.6558617949485779,0
C_FORECAST_0.75,all_blocks,channel_standardized,651,0.6546159386634827,0
C_FORECAST_0.75,all_blocks,channel_standardized,652,0.6534725427627563,0
C_FORECAST_0.75,all_blocks,channel_standardized,653,0.6511971950531006,0
C_FORECAST_0.75,all_blocks,channel_standardized,654,0.6505715250968933,0
C_FORECAST_0.75,all_blocks,channel_standardized,655,0.6494829654693604,0
C_FORECAST_0.75,all_blocks,channel_standardized,656,0.6487594842910767,0
C_FORECAST_0.75,all_blocks,channel_standardized,657,0.6467269659042358,0
C_FORECAST_0.75,all_blocks,channel_standardized,658,0.6461858749389648,0
C_FORECAST_0.75,all_blocks,channel_standardized,659,0.6444958448410034,0
C_FORECAST_0.75,all_blocks,channel_standardized,660,0.643970787525177,0
C_FORECAST_0.75,all_blocks,channel_standardized,661,0.6424639821052551,0
C_FORECAST_0.75,all_blocks,channel_standardized,662,0.6418463587760925,0
C_FORECAST_0.75,all_blocks,channel_standardized,663,0.6391845941543579,0
C_FORECAST_0.75,all_blocks,channel_standardized,664,0.6382673978805542,0
C_FORECAST_0.75,all_blocks,channel_standardized,665,0.6375477910041809,0
C_FORECAST_0.75,all_blocks,channel_standardized,666,0.6371790170669556,0
C_FORECAST_0.75,all_blocks,channel_standardized,667,0.635733425617218,0
C_FORECAST_0.75,all_blocks,channel_standardized,668,0.6338659524917603,0
C_FORECAST_0.75,all_blocks,channel_standardized,669,0.632687509059906,0
C_FORECAST_0.75,all_blocks,channel_standardized,670,0.6304965019226074,0
C_FORECAST_0.75,all_blocks,channel_standardized,671,0.6304638981819153,0
C_FORECAST_0.75,all_blocks,channel_standardized,672,0.6287914514541626,0
C_FORECAST_0.75,all_blocks,channel_standardized,673,0.6274164319038391,0
C_FORECAST_0.75,all_blocks,channel_standardized,674,0.6257359981536865,0
C_FORECAST_0.75,all_blocks,channel_standardized,675,0.6240131855010986,0
C_FORECAST_0.75,all_blocks,channel_standardized,676,0.62266606092453,0
C_FORECAST_0.75,all_blocks,channel_standardized,677,0.6216956377029419,0
C_FORECAST_0.75,all_blocks,channel_standardized,678,0.6210204362869263,0
C_FORECAST_0.75,all_blocks,channel_standardized,679,0.6204620599746704,0
C_FORECAST_0.75,all_blocks,channel_standardized,680,0.6192444562911987,0
C_FORECAST_0.75,all_blocks,channel_standardized,681,0.6178770661354065,0
C_FORECAST_0.75,all_blocks,channel_standardized,682,0.6163381934165955,0
C_FORECAST_0.75,all_blocks,channel_standardized,683,0.6156826019287109,0
C_FORECAST_0.75,all_blocks,channel_standardized,684,0.6148706078529358,0
C_FORECAST_0.75,all_blocks,channel_standardized,685,0.6132981777191162,0
C_FORECAST_0.75,all_blocks,channel_standardized,686,0.6129055023193359,0
C_FORECAST_0.75,all_blocks,channel_standardized,687,0.6113943457603455,0
C_FORECAST_0.75,all_blocks,channel_standardized,688,0.6111457347869873,0
C_FORECAST_0.75,all_blocks,channel_standardized,689,0.6087607145309448,0
C_FORECAST_0.75,all_blocks,channel_standardized,690,0.6083106994628906,0
C_FORECAST_0.75,all_blocks,channel_standardized,691,0.607262372970581,0
C_FORECAST_0.75,all_blocks,channel_standardized,692,0.6060724854469299,0
C_FORECAST_0.75,all_blocks,channel_standardized,693,0.605774998664856,0
C_FORECAST_0.75,all_blocks,channel_standardized,694,0.6035094857215881,0
C_FORECAST_0.75,all_blocks,channel_standardized,695,0.6019089221954346,0
C_FORECAST_0.75,all_blocks,channel_standardized,696,0.6007608771324158,0
C_FORECAST_0.75,all_blocks,channel_standardized,697,0.6004511117935181,0
C_FORECAST_0.75,all_blocks,channel_standardized,698,0.5993467569351196,0
C_FORECAST_0.75,all_blocks,channel_standardized,699,0.5977538824081421,0
C_FORECAST_0.75,all_blocks,channel_standardized,700,0.5970873832702637,0
C_FORECAST_0.75,all_blocks,channel_standardized,701,0.5957158207893372,0
C_FORECAST_0.75,all_blocks,channel_standardized,702,0.5946952700614929,0
C_FORECAST_0.75,all_blocks,channel_standardized,703,0.5938851833343506,0
C_FORECAST_0.75,all_blocks,channel_standardized,704,0.5933831334114075,0
C_FORECAST_0.75,all_blocks,channel_standardized,705,0.5922287106513977,0
C_FORECAST_0.75,all_blocks,channel_standardized,706,0.5906804800033569,0
C_FORECAST_0.75,all_blocks,channel_standardized,707,0.5900715589523315,0
C_FORECAST_0.75,all_blocks,channel_standardized,708,0.5889134407043457,0
C_FORECAST_0.75,all_blocks,channel_standardized,709,0.5876889824867249,0
C_FORECAST_0.75,all_blocks,channel_standardized,710,0.5867035388946533,0
C_FORECAST_0.75,all_blocks,channel_standardized,711,0.5848150849342346,0
C_FORECAST_0.75,all_blocks,channel_standardized,712,0.5840532183647156,0
C_FORECAST_0.75,all_blocks,channel_standardized,713,0.582895815372467,0
C_FORECAST_0.75,all_blocks,channel_standardized,714,0.5821366906166077,0
C_FORECAST_0.75,all_blocks,channel_standardized,715,0.5798042416572571,0
C_FORECAST_0.75,all_blocks,channel_standardized,716,0.5786497592926025,0
C_FORECAST_0.75,all_blocks,channel_standardized,717,0.577927827835083,0
C_FORECAST_0.75,all_blocks,channel_standardized,718,0.5773138999938965,0
C_FORECAST_0.75,all_blocks,channel_standardized,719,0.5765640139579773,0
C_FORECAST_0.75,all_blocks,channel_standardized,720,0.5757618546485901,0
C_FORECAST_0.75,all_blocks,channel_standardized,721,0.5752023458480835,0
C_FORECAST_0.75,all_blocks,channel_standardized,722,0.573185384273529,0
C_FORECAST_0.75,all_blocks,channel_standardized,723,0.5729941129684448,0
C_FORECAST_0.75,all_blocks,channel_standardized,724,0.5714688897132874,0
C_FORECAST_0.75,all_blocks,channel_standardized,725,0.5698150396347046,0
C_FORECAST_0.75,all_blocks,channel_standardized,726,0.5687617659568787,0
C_FORECAST_0.75,all_blocks,channel_standardized,727,0.5678442120552063,0
C_FORECAST_0.75,all_blocks,channel_standardized,728,0.5676671266555786,0
C_FORECAST_0.75,all_blocks,channel_standardized,729,0.5671053528785706,0
C_FORECAST_0.75,all_blocks,channel_standardized,730,0.5662544965744019,0
C_FORECAST_0.75,all_blocks,channel_standardized,731,0.565094530582428,0
C_FORECAST_0.75,all_blocks,channel_standardized,732,0.5640246272087097,0
C_FORECAST_0.75,all_blocks,channel_standardized,733,0.5631875395774841,0
C_FORECAST_0.75,all_blocks,channel_standardized,734,0.5621172189712524,0
C_FORECAST_0.75,all_blocks,channel_standardized,735,0.5611984133720398,0
C_FORECAST_0.75,all_blocks,channel_standardized,736,0.5607105493545532,0
C_FORECAST_0.75,all_blocks,channel_standardized,737,0.5592468976974487,0
C_FORECAST_0.75,all_blocks,channel_standardized,738,0.5581809282302856,0
C_FORECAST_0.75,all_blocks,channel_standardized,739,0.5571308135986328,0
C_FORECAST_0.75,all_blocks,channel_standardized,740,0.5554632544517517,0
C_FORECAST_0.75,all_blocks,channel_standardized,741,0.555282711982727,0
C_FORECAST_0.75,all_blocks,channel_standardized,742,0.5540984272956848,0
C_FORECAST_0.75,all_blocks,channel_standardized,743,0.5520522594451904,0
C_FORECAST_0.75,all_blocks,channel_standardized,744,0.5506183505058289,0
C_FORECAST_0.75,all_blocks,channel_standardized,745,0.5503262877464294,0
C_FORECAST_0.75,all_blocks,channel_standardized,746,0.5485140681266785,0
C_FORECAST_0.75,all_blocks,channel_standardized,747,0.5483293533325195,0
C_FORECAST_0.75,all_blocks,channel_standardized,748,0.5471265912055969,0
C_FORECAST_0.75,all_blocks,channel_standardized,749,0.5458047389984131,0
C_FORECAST_0.75,all_blocks,channel_standardized,750,0.5449334979057312,0
C_FORECAST_0.75,all_blocks,channel_standardized,751,0.5436251759529114,0
C_FORECAST_0.75,all_blocks,channel_standardized,752,0.54283607006073,0
C_FORECAST_0.75,all_blocks,channel_standardized,753,0.542421281337738,0
C_FORECAST_0.75,all_blocks,channel_standardized,754,0.5413331985473633,0
C_FORECAST_0.75,all_blocks,channel_standardized,755,0.5394589304924011,0
C_FORECAST_0.75,all_blocks,channel_standardized,756,0.5389307737350464,0
C_FORECAST_0.75,all_blocks,channel_standardized,757,0.5382212996482849,0
C_FORECAST_0.75,all_blocks,channel_standardized,758,0.5368267297744751,0
C_FORECAST_0.75,all_blocks,channel_standardized,759,0.5353976488113403,0
C_FORECAST_0.75,all_blocks,channel_standardized,760,0.534049928188324,0
C_FORECAST_0.75,all_blocks,channel_standardized,761,0.5333799123764038,0
C_FORECAST_0.75,all_blocks,channel_standardized,762,0.532883882522583,0
C_FORECAST_0.75,all_blocks,channel_standardized,763,0.5315871238708496,0
C_FORECAST_0.75,all_blocks,channel_standardized,764,0.5302183628082275,0
C_FORECAST_0.75,all_blocks,channel_standardized,765,0.5294772982597351,0
C_FORECAST_0.75,all_blocks,channel_standardized,766,0.5286116003990173,0
C_FORECAST_0.75,all_blocks,channel_standardized,767,0.5279838442802429,0
C_FORECAST_0.75,all_blocks,channel_standardized,768,0.5270344614982605,0
C_FORECAST_0.75,all_blocks,channel_standardized,769,0.5263879299163818,0
C_FORECAST_0.75,all_blocks,channel_standardized,770,0.524655818939209,0
C_FORECAST_0.75,all_blocks,channel_standardized,771,0.5238159894943237,0
C_FORECAST_0.75,all_blocks,channel_standardized,772,0.5233820080757141,0
C_FORECAST_0.75,all_blocks,channel_standardized,773,0.5229551196098328,0
C_FORECAST_0.75,all_blocks,channel_standardized,774,0.5215311050415039,0
C_FORECAST_0.75,all_blocks,channel_standardized,775,0.5200443267822266,0
C_FORECAST_0.75,all_blocks,channel_standardized,776,0.5193711519241333,0
C_FORECAST_0.75,all_blocks,channel_standardized,777,0.5185655355453491,0
C_FORECAST_0.75,all_blocks,channel_standardized,778,0.5171645879745483,0
C_FORECAST_0.75,all_blocks,channel_standardized,779,0.5164769887924194,0
C_FORECAST_0.75,all_blocks,channel_standardized,780,0.5161200165748596,0
C_FORECAST_0.75,all_blocks,channel_standardized,781,0.5154138803482056,0
C_FORECAST_0.75,all_blocks,channel_standardized,782,0.5139409899711609,0
C_FORECAST_0.75,all_blocks,channel_standardized,783,0.5134313106536865,0
C_FORECAST_0.75,all_blocks,channel_standardized,784,0.5125740766525269,0
C_FORECAST_0.75,all_blocks,channel_standardized,785,0.5114841461181641,0
C_FORECAST_0.75,all_blocks,channel_standardized,786,0.5099521279335022,0
C_FORECAST_0.75,all_blocks,channel_standardized,787,0.5094207525253296,0
C_FORECAST_0.75,all_blocks,channel_standardized,788,0.5080441236495972,0
C_FORECAST_0.75,all_blocks,channel_standardized,789,0.5072348117828369,0
C_FORECAST_0.75,all_blocks,channel_standardized,790,0.5068320035934448,0
C_FORECAST_0.75,all_blocks,channel_standardized,791,0.5057998895645142,0
C_FORECAST_0.75,all_blocks,channel_standardized,792,0.5056183338165283,0
C_FORECAST_0.75,all_blocks,channel_standardized,793,0.5042174458503723,0
C_FORECAST_0.75,all_blocks,channel_standardized,794,0.5032774806022644,0
C_FORECAST_0.75,all_blocks,channel_standardized,795,0.5025169253349304,0
C_FORECAST_0.75,all_blocks,channel_standardized,796,0.5008440613746643,0
C_FORECAST_0.75,all_blocks,channel_standardized,797,0.5003085732460022,0
C_FORECAST_0.75,all_blocks,channel_standardized,798,0.4993656277656555,0
C_FORECAST_0.75,all_blocks,channel_standardized,799,0.49873408675193787,0
C_FORECAST_0.75,all_blocks,channel_standardized,800,0.49844905734062195,0
C_FORECAST_0.75,all_blocks,channel_standardized,801,0.49803170561790466,0
C_FORECAST_0.75,all_blocks,channel_standardized,802,0.497137188911438,0
C_FORECAST_0.75,all_blocks,channel_standardized,803,0.49617719650268555,0
C_FORECAST_0.75,all_blocks,channel_standardized,804,0.4948822855949402,0
C_FORECAST_0.75,all_blocks,channel_standardized,805,0.4929521083831787,0
C_FORECAST_0.75,all_blocks,channel_standardized,806,0.4926356375217438,0
C_FORECAST_0.75,all_blocks,channel_standardized,807,0.49180716276168823,0
C_FORECAST_0.75,all_blocks,channel_standardized,808,0.4907761216163635,0
C_FORECAST_0.75,all_blocks,channel_standardized,809,0.4898099899291992,0
C_FORECAST_0.75,all_blocks,channel_standardized,810,0.48801305890083313,0
C_FORECAST_0.75,all_blocks,channel_standardized,811,0.487831175327301,0
C_FORECAST_0.75,all_blocks,channel_standardized,812,0.4874650239944458,0
C_FORECAST_0.75,all_blocks,channel_standardized,813,0.48659688234329224,0
C_FORECAST_0.75,all_blocks,channel_standardized,814,0.48492947220802307,0
C_FORECAST_0.75,all_blocks,channel_standardized,815,0.4845876395702362,0
C_FORECAST_0.75,all_blocks,channel_standardized,816,0.4825088381767273,0
C_FORECAST_0.75,all_blocks,channel_standardized,817,0.48230209946632385,0
C_FORECAST_0.75,all_blocks,channel_standardized,818,0.4800323247909546,0
C_FORECAST_0.75,all_blocks,channel_standardized,819,0.4796357750892639,0
C_FORECAST_0.75,all_blocks,channel_standardized,820,0.47918474674224854,0
C_FORECAST_0.75,all_blocks,channel_standardized,821,0.4786742925643921,0
C_FORECAST_0.75,all_blocks,channel_standardized,822,0.4783419072628021,0
C_FORECAST_0.75,all_blocks,channel_standardized,823,0.47634121775627136,0
C_FORECAST_0.75,all_blocks,channel_standardized,824,0.4757571518421173,0
C_FORECAST_0.75,all_blocks,channel_standardized,825,0.4744690954685211,0
C_FORECAST_0.75,all_blocks,channel_standardized,826,0.47265559434890747,0
C_FORECAST_0.75,all_blocks,channel_standardized,827,0.47192177176475525,0
C_FORECAST_0.75,all_blocks,channel_standardized,828,0.47169578075408936,0
C_FORECAST_0.75,all_blocks,channel_standardized,829,0.4711117446422577,0
C_FORECAST_0.75,all_blocks,channel_standardized,830,0.47005271911621094,0
C_FORECAST_0.75,all_blocks,channel_standardized,831,0.4685986042022705,0
C_FORECAST_0.75,all_blocks,channel_standardized,832,0.4676247835159302,0
C_FORECAST_0.75,all_blocks,channel_standardized,833,0.4668032228946686,0
C_FORECAST_0.75,all_blocks,channel_standardized,834,0.46645644307136536,0
C_FORECAST_0.75,all_blocks,channel_standardized,835,0.4653812050819397,0
C_FORECAST_0.75,all_blocks,channel_standardized,836,0.4649733006954193,0
C_FORECAST_0.75,all_blocks,channel_standardized,837,0.4644353687763214,0
C_FORECAST_0.75,all_blocks,channel_standardized,838,0.46385759115219116,0
C_FORECAST_0.75,all_blocks,channel_standardized,839,0.4629749059677124,0
C_FORECAST_0.75,all_blocks,channel_standardized,840,0.4623897969722748,0
C_FORECAST_0.75,all_blocks,channel_standardized,841,0.46164965629577637,0
C_FORECAST_0.75,all_blocks,channel_standardized,842,0.4610695242881775,0
C_FORECAST_0.75,all_blocks,channel_standardized,843,0.45971956849098206,0
C_FORECAST_0.75,all_blocks,channel_standardized,844,0.4588207006454468,0
C_FORECAST_0.75,all_blocks,channel_standardized,845,0.45841553807258606,0
C_FORECAST_0.75,all_blocks,channel_standardized,846,0.4573192894458771,0
C_FORECAST_0.75,all_blocks,channel_standardized,847,0.45580533146858215,0
C_FORECAST_0.75,all_blocks,channel_standardized,848,0.45527029037475586,0
C_FORECAST_0.75,all_blocks,channel_standardized,849,0.4540642201900482,0
C_FORECAST_0.75,all_blocks,channel_standardized,850,0.4539645314216614,0
C_FORECAST_0.75,all_blocks,channel_standardized,851,0.45296213030815125,0
C_FORECAST_0.75,all_blocks,channel_standardized,852,0.4517276883125305,0
C_FORECAST_0.75,all_blocks,channel_standardized,853,0.45119211077690125,0
C_FORECAST_0.75,all_blocks,channel_standardized,854,0.4496316611766815,0
C_FORECAST_0.75,all_blocks,channel_standardized,855,0.4486773908138275,0
C_FORECAST_0.75,all_blocks,channel_standardized,856,0.448347806930542,0
C_FORECAST_0.75,all_blocks,channel_standardized,857,0.4480034112930298,0
C_FORECAST_0.75,all_blocks,channel_standardized,858,0.4463077485561371,0
C_FORECAST_0.75,all_blocks,channel_standardized,859,0.44557633996009827,0
C_FORECAST_0.75,all_blocks,channel_standardized,860,0.4443522095680237,0
C_FORECAST_0.75,all_blocks,channel_standardized,861,0.444112628698349,0
C_FORECAST_0.75,all_blocks,channel_standardized,862,0.44364213943481445,0
C_FORECAST_0.75,all_blocks,channel_standardized,863,0.4413244128227234,0
C_FORECAST_0.75,all_blocks,channel_standardized,864,0.4411991834640503,0
C_FORECAST_0.75,all_blocks,channel_standardized,865,0.4405030310153961,0
C_FORECAST_0.75,all_blocks,channel_standardized,866,0.43997424840927124,0
C_FORECAST_0.75,all_blocks,channel_standardized,867,0.43924680352211,0
C_FORECAST_0.75,all_blocks,channel_standardized,868,0.43818163871765137,0
C_FORECAST_0.75,all_blocks,channel_standardized,869,0.4376077353954315,0
C_FORECAST_0.75,all_blocks,channel_standardized,870,0.4364355802536011,0
C_FORECAST_0.75,all_blocks,channel_standardized,871,0.43617314100265503,0
C_FORECAST_0.75,all_blocks,channel_standardized,872,0.4357592463493347,0
C_FORECAST_0.75,all_blocks,channel_standardized,873,0.4343043565750122,0
C_FORECAST_0.75,all_blocks,channel_standardized,874,0.4335392713546753,0
C_FORECAST_0.75,all_blocks,channel_standardized,875,0.4324839413166046,0
C_FORECAST_0.75,all_blocks,channel_standardized,876,0.43140527606010437,0
C_FORECAST_0.75,all_blocks,channel_standardized,877,0.4303390383720398,0
C_FORECAST_0.75,all_blocks,channel_standardized,878,0.4299013316631317,0
C_FORECAST_0.75,all_blocks,channel_standardized,879,0.4290049374103546,0
C_FORECAST_0.75,all_blocks,channel_standardized,880,0.42853108048439026,0
C_FORECAST_0.75,all_blocks,channel_standardized,881,0.4277724027633667,0
C_FORECAST_0.75,all_blocks,channel_standardized,882,0.42675381898880005,0
C_FORECAST_0.75,all_blocks,channel_standardized,883,0.42642319202423096,0
C_FORECAST_0.75,all_blocks,channel_standardized,884,0.4258463680744171,0
C_FORECAST_0.75,all_blocks,channel_standardized,885,0.42498281598091125,0
C_FORECAST_0.75,all_blocks,channel_standardized,886,0.42387083172798157,0
C_FORECAST_0.75,all_blocks,channel_standardized,887,0.42282503843307495,0
C_FORECAST_0.75,all_blocks,channel_standardized,888,0.4217287003993988,0
C_FORECAST_0.75,all_blocks,channel_standardized,889,0.42046448588371277,0
C_FORECAST_0.75,all_blocks,channel_standardized,890,0.4201469123363495,0
C_FORECAST_0.75,all_blocks,channel_standardized,891,0.4189918339252472,0
C_FORECAST_0.75,all_blocks,channel_standardized,892,0.41870206594467163,0
C_FORECAST_0.75,all_blocks,channel_standardized,893,0.41780227422714233,0
C_FORECAST_0.75,all_blocks,channel_standardized,894,0.41687333583831787,0
C_FORECAST_0.75,all_blocks,channel_standardized,895,0.41664689779281616,0
C_FORECAST_0.75,all_blocks,channel_standardized,896,0.41562047600746155,0
C_FORECAST_0.75,all_blocks,channel_standardized,897,0.4148043394088745,0
C_FORECAST_0.75,all_blocks,channel_standardized,898,0.4146486818790436,0
C_FORECAST_0.75,all_blocks,channel_standardized,899,0.41403728723526,0
C_FORECAST_0.75,all_blocks,channel_standardized,900,0.4132993221282959,0
C_FORECAST_0.75,all_blocks,channel_standardized,901,0.4115176796913147,0
C_FORECAST_0.75,all_blocks,channel_standardized,902,0.41137203574180603,0
C_FORECAST_0.75,all_blocks,channel_standardized,903,0.4097541272640228,0
C_FORECAST_0.75,all_blocks,channel_standardized,904,0.4091833531856537,0
C_FORECAST_0.75,all_blocks,channel_standardized,905,0.4086522161960602,0
C_FORECAST_0.75,all_blocks,channel_standardized,906,0.40829458832740784,0
C_FORECAST_0.75,all_blocks,channel_standardized,907,0.40715673565864563,0
C_FORECAST_0.75,all_blocks,channel_standardized,908,0.4071108102798462,0
C_FORECAST_0.75,all_blocks,channel_standardized,909,0.4058380424976349,0
C_FORECAST_0.75,all_blocks,channel_standardized,910,0.40518617630004883,0
C_FORECAST_0.75,all_blocks,channel_standardized,911,0.4041437804698944,0
C_FORECAST_0.75,all_blocks,channel_standardized,912,0.4035695791244507,0
C_FORECAST_0.75,all_blocks,channel_standardized,913,0.4026615023612976,0
C_FORECAST_0.75,all_blocks,channel_standardized,914,0.4021095335483551,0
C_FORECAST_0.75,all_blocks,channel_standardized,915,0.4009089767932892,0
C_FORECAST_0.75,all_blocks,channel_standardized,916,0.40037429332733154,0
C_FORECAST_0.75,all_blocks,channel_standardized,917,0.3996208608150482,0
C_FORECAST_0.75,all_blocks,channel_standardized,918,0.39884769916534424,0
C_FORECAST_0.75,all_blocks,channel_standardized,919,0.3982280492782593,0
C_FORECAST_0.75,all_blocks,channel_standardized,920,0.397359699010849,0
C_FORECAST_0.75,all_blocks,channel_standardized,921,0.3969276547431946,0
C_FORECAST_0.75,all_blocks,channel_standardized,922,0.39581313729286194,0
C_FORECAST_0.75,all_blocks,channel_standardized,923,0.395617812871933,0
C_FORECAST_0.75,all_blocks,channel_standardized,924,0.3948058784008026,0
C_FORECAST_0.75,all_blocks,channel_standardized,925,0.39380210638046265,0
C_FORECAST_0.75,all_blocks,channel_standardized,926,0.3934166431427002,0
C_FORECAST_0.75,all_blocks,channel_standardized,927,0.39222583174705505,0
C_FORECAST_0.75,all_blocks,channel_standardized,928,0.39195647835731506,0
C_FORECAST_0.75,all_blocks,channel_standardized,929,0.39086589217185974,0
C_FORECAST_0.75,all_blocks,channel_standardized,930,0.39046403765678406,0
C_FORECAST_0.75,all_blocks,channel_standardized,931,0.3894686698913574,0
C_FORECAST_0.75,all_blocks,channel_standardized,932,0.38926324248313904,0
C_FORECAST_0.75,all_blocks,channel_standardized,933,0.3878452181816101,0
C_FORECAST_0.75,all_blocks,channel_standardized,934,0.38772135972976685,0
C_FORECAST_0.75,all_blocks,channel_standardized,935,0.38681560754776,0
C_FORECAST_0.75,all_blocks,channel_standardized,936,0.38574185967445374,0
C_FORECAST_0.75,all_blocks,channel_standardized,937,0.3851698040962219,0
C_FORECAST_0.75,all_blocks,channel_standardized,938,0.38455870747566223,0
C_FORECAST_0.75,all_blocks,channel_standardized,939,0.3839382231235504,0
C_FORECAST_0.75,all_blocks,channel_standardized,940,0.38352644443511963,0
C_FORECAST_0.75,all_blocks,channel_standardized,941,0.3828554153442383,0
C_FORECAST_0.75,all_blocks,channel_standardized,942,0.38253435492515564,0
C_FORECAST_0.75,all_blocks,channel_standardized,943,0.38059619069099426,0
C_FORECAST_0.75,all_blocks,channel_standardized,944,0.37968549132347107,0
C_FORECAST_0.75,all_blocks,channel_standardized,945,0.3792091906070709,0
C_FORECAST_0.75,all_blocks,channel_standardized,946,0.3786052465438843,0
C_FORECAST_0.75,all_blocks,channel_standardized,947,0.3778578042984009,0
C_FORECAST_0.75,all_blocks,channel_standardized,948,0.3773971498012543,0
C_FORECAST_0.75,all_blocks,channel_standardized,949,0.3766079843044281,0
C_FORECAST_0.75,all_blocks,channel_standardized,950,0.37642496824264526,0
C_FORECAST_0.75,all_blocks,channel_standardized,951,0.3762143850326538,0
C_FORECAST_0.75,all_blocks,channel_standardized,952,0.3749150335788727,0
C_FORECAST_0.75,all_blocks,channel_standardized,953,0.37366944551467896,0
C_FORECAST_0.75,all_blocks,channel_standardized,954,0.37341660261154175,0
C_FORECAST_0.75,all_blocks,channel_standardized,955,0.3721756339073181,0
C_FORECAST_0.75,all_blocks,channel_standardized,956,0.3720995783805847,0
C_FORECAST_0.75,all_blocks,channel_standardized,957,0.37065383791923523,0
C_FORECAST_0.75,all_blocks,channel_standardized,958,0.3704237937927246,0
C_FORECAST_0.75,all_blocks,channel_standardized,959,0.37010687589645386,0
C_FORECAST_0.75,all_blocks,channel_standardized,960,0.369650274515152,0
C_FORECAST_0.75,all_blocks,channel_standardized,961,0.3693842887878418,0
C_FORECAST_0.75,all_blocks,channel_standardized,962,0.3677699565887451,0
C_FORECAST_0.75,all_blocks,channel_standardized,963,0.36704328656196594,0
C_FORECAST_0.75,all_blocks,channel_standardized,964,0.36672723293304443,0
C_FORECAST_0.75,all_blocks,channel_standardized,965,0.3662719130516052,0
C_FORECAST_0.75,all_blocks,channel_standardized,966,0.36515310406684875,0
C_FORECAST_0.75,all_blocks,channel_standardized,967,0.3641016483306885,0
C_FORECAST_0.75,all_blocks,channel_standardized,968,0.3637481927871704,0
C_FORECAST_0.75,all_blocks,channel_standardized,969,0.36322715878486633,0
C_FORECAST_0.75,all_blocks,channel_standardized,970,0.3625270128250122,0
C_FORECAST_0.75,all_blocks,channel_standardized,971,0.36162999272346497,0
C_FORECAST_0.75,all_blocks,channel_standardized,972,0.36074361205101013,0
C_FORECAST_0.75,all_blocks,channel_standardized,973,0.36037707328796387,0
C_FORECAST_0.75,all_blocks,channel_standardized,974,0.3597802221775055,0
C_FORECAST_0.75,all_blocks,channel_standardized,975,0.35893046855926514,0
C_FORECAST_0.75,all_blocks,channel_standardized,976,0.3585757315158844,0
C_FORECAST_0.75,all_blocks,channel_standardized,977,0.3582712709903717,0
C_FORECAST_0.75,all_blocks,channel_standardized,978,0.35740745067596436,0
C_FORECAST_0.75,all_blocks,channel_standardized,979,0.3566218912601471,0
C_FORECAST_0.75,all_blocks,channel_standardized,980,0.3556973934173584,0
C_FORECAST_0.75,all_blocks,channel_standardized,981,0.35502079129219055,0
C_FORECAST_0.75,all_blocks,channel_standardized,982,0.35384267568588257,0
C_FORECAST_0.75,all_blocks,channel_standardized,983,0.35367551445961,0
C_FORECAST_0.75,all_blocks,channel_standardized,984,0.35315650701522827,0
C_FORECAST_0.75,all_blocks,channel_standardized,985,0.3526531159877777,0
C_FORECAST_0.75,all_blocks,channel_standardized,986,0.3518387973308563,0
C_FORECAST_0.75,all_blocks,channel_standardized,987,0.3515002727508545,0
C_FORECAST_0.75,all_blocks,channel_standardized,988,0.35055553913116455,0
C_FORECAST_0.75,all_blocks,channel_standardized,989,0.3501136302947998,0
C_FORECAST_0.75,all_blocks,channel_standardized,990,0.3496774137020111,0
C_FORECAST_0.75,all_blocks,channel_standardized,991,0.3495365381240845,0
C_FORECAST_0.75,all_blocks,channel_standardized,992,0.34743234515190125,0
C_FORECAST_0.75,all_blocks,channel_standardized,993,0.3473275601863861,0
C_FORECAST_0.75,all_blocks,channel_standardized,994,0.346985787153244,0
C_FORECAST_0.75,all_blocks,channel_standardized,995,0.3460380733013153,0
C_FORECAST_0.75,all_blocks,channel_standardized,996,0.3445501923561096,0
C_FORECAST_0.75,all_blocks,channel_standardized,997,0.3441205620765686,0
C_FORECAST_0.75,all_blocks,channel_standardized,998,0.3437786102294922,0
C_FORECAST_0.75,all_blocks,channel_standardized,999,0.3434026837348938,0
C_FORECAST_0.75,all_blocks,channel_standardized,1000,0.3421841263771057,0
C_FORECAST_0.75,all_blocks,channel_standardized,1001,0.3413407504558563,0
C_FORECAST_0.75,all_blocks,channel_standardized,1002,0.34099096059799194,0
C_FORECAST_0.75,all_blocks,channel_standardized,1003,0.3406292498111725,0
C_FORECAST_0.75,all_blocks,channel_standardized,1004,0.3401651978492737,0
C_FORECAST_0.75,all_blocks,channel_standardized,1005,0.33971232175827026,0
C_FORECAST_0.75,all_blocks,channel_standardized,1006,0.33940160274505615,0
C_FORECAST_0.75,all_blocks,channel_standardized,1007,0.3389841914176941,0
C_FORECAST_0.75,all_blocks,channel_standardized,1008,0.33725959062576294,0
C_FORECAST_0.75,all_blocks,channel_standardized,1009,0.3367254137992859,0
C_FORECAST_0.75,all_blocks,channel_standardized,1010,0.3362496495246887,0
C_FORECAST_0.75,all_blocks,channel_standardized,1011,0.3355899155139923,0
C_FORECAST_0.75,all_blocks,channel_standardized,1012,0.3346836566925049,0
C_FORECAST_0.75,all_blocks,channel_standardized,1013,0.33376818895339966,0
C_FORECAST_0.75,all_blocks,channel_standardized,1014,0.3332352340221405,0
C_FORECAST_0.75,all_blocks,channel_standardized,1015,0.3330853581428528,0
C_FORECAST_0.75,all_blocks,channel_standardized,1016,0.3322994112968445,0
C_FORECAST_0.75,all_blocks,channel_standardized,1017,0.33137497305870056,0
C_FORECAST_0.75,all_blocks,channel_standardized,1018,0.3311753273010254,0
C_FORECAST_0.75,all_blocks,channel_standardized,1019,0.3307543396949768,0
C_FORECAST_0.75,all_blocks,channel_standardized,1020,0.33041733503341675,0
C_FORECAST_0.75,all_blocks,channel_standardized,1021,0.32905659079551697,0
C_FORECAST_0.75,all_blocks,channel_standardized,1022,0.32828250527381897,0
C_FORECAST_0.75,all_blocks,channel_standardized,1023,0.3274935781955719,0
C_FORECAST_0.75,all_blocks,channel_standardized,1024,0.3267137408256531,0
C_FORECAST_0.75,all_blocks,channel_standardized,1025,0.3264133036136627,0
C_FORECAST_0.75,all_blocks,channel_standardized,1026,0.3263588547706604,0
C_FORECAST_0.75,all_blocks,channel_standardized,1027,0.3256964087486267,0
C_FORECAST_0.75,all_blocks,channel_standardized,1028,0.3245922029018402,0
C_FORECAST_0.75,all_blocks,channel_standardized,1029,0.3244089186191559,0
C_FORECAST_0.75,all_blocks,channel_standardized,1030,0.3238838315010071,0
C_FORECAST_0.75,all_blocks,channel_standardized,1031,0.3233679234981537,0
C_FORECAST_0.75,all_blocks,channel_standardized,1032,0.32319140434265137,0
C_FORECAST_0.75,all_blocks,channel_standardized,1033,0.32231104373931885,0
C_FORECAST_0.75,all_blocks,channel_standardized,1034,0.32114115357398987,0
C_FORECAST_0.75,all_blocks,channel_standardized,1035,0.320953905582428,0
C_FORECAST_0.75,all_blocks,channel_standardized,1036,0.3201849162578583,0
C_FORECAST_0.75,all_blocks,channel_standardized,1037,0.319513201713562,0
C_FORECAST_0.75,all_blocks,channel_standardized,1038,0.31903666257858276,0
C_FORECAST_0.75,all_blocks,channel_standardized,1039,0.31824249029159546,0
C_FORECAST_0.75,all_blocks,channel_standardized,1040,0.3176952004432678,0
C_FORECAST_0.75,all_blocks,channel_standardized,1041,0.3170706033706665,0
C_FORECAST_0.75,all_blocks,channel_standardized,1042,0.3166052997112274,0
C_FORECAST_0.75,all_blocks,channel_standardized,1043,0.3152196705341339,0
C_FORECAST_0.75,all_blocks,channel_standardized,1044,0.31503257155418396,0
C_FORECAST_0.75,all_blocks,channel_standardized,1045,0.3147268295288086,0
C_FORECAST_0.75,all_blocks,channel_standardized,1046,0.3144777715206146,0
C_FORECAST_0.75,all_blocks,channel_standardized,1047,0.3136615753173828,0
C_FORECAST_0.75,all_blocks,channel_standardized,1048,0.31289994716644287,0
C_FORECAST_0.75,all_blocks,channel_standardized,1049,0.3122538626194,0
C_FORECAST_0.75,all_blocks,channel_standardized,1050,0.31164881587028503,0
C_FORECAST_0.75,all_blocks,channel_standardized,1051,0.31057193875312805,0
C_FORECAST_0.75,all_blocks,channel_standardized,1052,0.3102319836616516,0
C_FORECAST_0.75,all_blocks,channel_standardized,1053,0.3100864291191101,0
C_FORECAST_0.75,all_blocks,channel_standardized,1054,0.3087064325809479,0
C_FORECAST_0.75,all_blocks,channel_standardized,1055,0.308257520198822,0
C_FORECAST_0.75,all_blocks,channel_standardized,1056,0.30758875608444214,0
C_FORECAST_0.75,all_blocks,channel_standardized,1057,0.3075864017009735,0
C_FORECAST_0.75,all_blocks,channel_standardized,1058,0.3068843185901642,0
C_FORECAST_0.75,all_blocks,channel_standardized,1059,0.30648747086524963,0
C_FORECAST_0.75,all_blocks,channel_standardized,1060,0.30593883991241455,0
C_FORECAST_0.75,all_blocks,channel_standardized,1061,0.305081844329834,0
C_FORECAST_0.75,all_blocks,channel_standardized,1062,0.3046839237213135,0
C_FORECAST_0.75,all_blocks,channel_standardized,1063,0.3039596378803253,0
C_FORECAST_0.75,all_blocks,channel_standardized,1064,0.30303728580474854,0
C_FORECAST_0.75,all_blocks,channel_standardized,1065,0.3027465045452118,0
C_FORECAST_0.75,all_blocks,channel_standardized,1066,0.3013819456100464,0
C_FORECAST_0.75,all_blocks,channel_standardized,1067,0.30115529894828796,0
C_FORECAST_0.75,all_blocks,channel_standardized,1068,0.30098143219947815,0
C_FORECAST_0.75,all_blocks,channel_standardized,1069,0.30016767978668213,0
C_FORECAST_0.75,all_blocks,channel_standardized,1070,0.2996155619621277,0
C_FORECAST_0.75,all_blocks,channel_standardized,1071,0.2991809844970703,0
C_FORECAST_0.75,all_blocks,channel_standardized,1072,0.29832518100738525,0
C_FORECAST_0.75,all_blocks,channel_standardized,1073,0.2979775071144104,0
C_FORECAST_0.75,all_blocks,channel_standardized,1074,0.29758208990097046,0
C_FORECAST_0.75,all_blocks,channel_standardized,1075,0.2965933084487915,0
C_FORECAST_0.75,all_blocks,channel_standardized,1076,0.29628986120224,0
C_FORECAST_0.75,all_blocks,channel_standardized,1077,0.2955266833305359,0
C_FORECAST_0.75,all_blocks,channel_standardized,1078,0.29484498500823975,0
C_FORECAST_0.75,all_blocks,channel_standardized,1079,0.29418468475341797,0
C_FORECAST_0.75,all_blocks,channel_standardized,1080,0.29380470514297485,0
C_FORECAST_0.75,all_blocks,channel_standardized,1081,0.2935132086277008,0
C_FORECAST_0.75,all_blocks,channel_standardized,1082,0.2928863763809204,0
C_FORECAST_0.75,all_blocks,channel_standardized,1083,0.29240360856056213,0
C_FORECAST_0.75,all_blocks,channel_standardized,1084,0.2916073799133301,0
C_FORECAST_0.75,all_blocks,channel_standardized,1085,0.29137563705444336,0
C_FORECAST_0.75,all_blocks,channel_standardized,1086,0.2912079691886902,0
C_FORECAST_0.75,all_blocks,channel_standardized,1087,0.2902891933917999,0
C_FORECAST_0.75,all_blocks,channel_standardized,1088,0.28986048698425293,0
C_FORECAST_0.75,all_blocks,channel_standardized,1089,0.28944483399391174,0
C_FORECAST_0.75,all_blocks,channel_standardized,1090,0.28882843255996704,0
C_FORECAST_0.75,all_blocks,channel_standardized,1091,0.28808850049972534,0
C_FORECAST_0.75,all_blocks,channel_standardized,1092,0.2870838940143585,0
C_FORECAST_0.75,all_blocks,channel_standardized,1093,0.28598636388778687,0
C_FORECAST_0.75,all_blocks,channel_standardized,1094,0.2856331169605255,0
C_FORECAST_0.75,all_blocks,channel_standardized,1095,0.28522825241088867,0
C_FORECAST_0.75,all_blocks,channel_standardized,1096,0.2846966087818146,0
C_FORECAST_0.75,all_blocks,channel_standardized,1097,0.2843438386917114,0
C_FORECAST_0.75,all_blocks,channel_standardized,1098,0.2832108736038208,0
C_FORECAST_0.75,all_blocks,channel_standardized,1099,0.2829497754573822,0
C_FORECAST_0.75,all_blocks,channel_standardized,1100,0.28158238530158997,0
C_FORECAST_0.75,all_blocks,channel_standardized,1101,0.28141722083091736,0
C_FORECAST_0.75,all_blocks,channel_standardized,1102,0.2803192436695099,0
C_FORECAST_0.75,all_blocks,channel_standardized,1103,0.280068963766098,0
C_FORECAST_0.75,all_blocks,channel_standardized,1104,0.2797929048538208,0
C_FORECAST_0.75,all_blocks,channel_standardized,1105,0.2789255976676941,0
C_FORECAST_0.75,all_blocks,channel_standardized,1106,0.2780095040798187,0
C_FORECAST_0.75,all_blocks,channel_standardized,1107,0.2776639759540558,0
C_FORECAST_0.75,all_blocks,channel_standardized,1108,0.27686336636543274,0
C_FORECAST_0.75,all_blocks,channel_standardized,1109,0.27660906314849854,0
C_FORECAST_0.75,all_blocks,channel_standardized,1110,0.2764199376106262,0
C_FORECAST_0.75,all_blocks,channel_standardized,1111,0.27603697776794434,0
C_FORECAST_0.75,all_blocks,channel_standardized,1112,0.2755569517612457,0
C_FORECAST_0.75,all_blocks,channel_standardized,1113,0.2750501036643982,0
C_FORECAST_0.75,all_blocks,channel_standardized,1114,0.27470260858535767,0
C_FORECAST_0.75,all_blocks,channel_standardized,1115,0.27364301681518555,0
C_FORECAST_0.75,all_blocks,channel_standardized,1116,0.2736106514930725,0
C_FORECAST_0.75,all_blocks,channel_standardized,1117,0.2724129855632782,0
C_FORECAST_0.75,all_blocks,channel_standardized,1118,0.27216145396232605,0
C_FORECAST_0.75,all_blocks,channel_standardized,1119,0.2719442844390869,0
C_FORECAST_0.75,all_blocks,channel_standardized,1120,0.2710552513599396,0
C_FORECAST_0.75,all_blocks,channel_standardized,1121,0.27045944333076477,0
C_FORECAST_0.75,all_blocks,channel_standardized,1122,0.27019941806793213,0
C_FORECAST_0.75,all_blocks,channel_standardized,1123,0.2696882486343384,0
C_FORECAST_0.75,all_blocks,channel_standardized,1124,0.2686525881290436,0
C_FORECAST_0.75,all_blocks,channel_standardized,1125,0.26821792125701904,0
C_FORECAST_0.75,all_blocks,channel_standardized,1126,0.2679041028022766,0
C_FORECAST_0.75,all_blocks,channel_standardized,1127,0.2670937180519104,0
C_FORECAST_0.75,all_blocks,channel_standardized,1128,0.2668275833129883,0
C_FORECAST_0.75,all_blocks,channel_standardized,1129,0.26642027497291565,0
C_FORECAST_0.75,all_blocks,channel_standardized,1130,0.2659131586551666,0
C_FORECAST_0.75,all_blocks,channel_standardized,1131,0.2651693820953369,0
C_FORECAST_0.75,all_blocks,channel_standardized,1132,0.26464441418647766,0
C_FORECAST_0.75,all_blocks,channel_standardized,1133,0.2636481523513794,0
C_FORECAST_0.75,all_blocks,channel_standardized,1134,0.26317423582077026,0
C_FORECAST_0.75,all_blocks,channel_standardized,1135,0.26295769214630127,0
C_FORECAST_0.75,all_blocks,channel_standardized,1136,0.26216620206832886,0
C_FORECAST_0.75,all_blocks,channel_standardized,1137,0.2620309293270111,0
C_FORECAST_0.75,all_blocks,channel_standardized,1138,0.26170873641967773,0
C_FORECAST_0.75,all_blocks,channel_standardized,1139,0.2613532245159149,0
C_FORECAST_0.75,all_blocks,channel_standardized,1140,0.2603554129600525,0
C_FORECAST_0.75,all_blocks,channel_standardized,1141,0.2601437568664551,0
C_FORECAST_0.75,all_blocks,channel_standardized,1142,0.25963473320007324,0
C_FORECAST_0.75,all_blocks,channel_standardized,1143,0.2593364715576172,0
C_FORECAST_0.75,all_blocks,channel_standardized,1144,0.2583203911781311,0
C_FORECAST_0.75,all_blocks,channel_standardized,1145,0.2577347755432129,0
C_FORECAST_0.75,all_blocks,channel_standardized,1146,0.25730031728744507,0
C_FORECAST_0.75,all_blocks,channel_standardized,1147,0.256946325302124,0
C_FORECAST_0.75,all_blocks,channel_standardized,1148,0.2564002573490143,0
C_FORECAST_0.75,all_blocks,channel_standardized,1149,0.25588053464889526,0
C_FORECAST_0.75,all_blocks,channel_standardized,1150,0.25573405623435974,0
C_FORECAST_0.75,all_blocks,channel_standardized,1151,0.2549661695957184,0
C_FORECAST_0.75,all_blocks,channel_standardized,1152,0.25411316752433777,0
C_FORECAST_0.75,all_blocks,channel_standardized,1153,0.25386756658554077,0
C_FORECAST_0.75,all_blocks,channel_standardized,1154,0.252799391746521,0
C_FORECAST_0.75,all_blocks,channel_standardized,1155,0.25222790241241455,0
C_FORECAST_0.75,all_blocks,channel_standardized,1156,0.2521568834781647,0
C_FORECAST_0.75,all_blocks,channel_standardized,1157,0.2513447701931,0
C_FORECAST_0.75,all_blocks,channel_standardized,1158,0.25109583139419556,0
C_FORECAST_0.75,all_blocks,channel_standardized,1159,0.25029250979423523,0
C_FORECAST_0.75,all_blocks,channel_standardized,1160,0.24951164424419403,0
C_FORECAST_0.75,all_blocks,channel_standardized,1161,0.24943000078201294,0
C_FORECAST_0.75,all_blocks,channel_standardized,1162,0.24932344257831573,0
C_FORECAST_0.75,all_blocks,channel_standardized,1163,0.2487001121044159,0
C_FORECAST_0.75,all_blocks,channel_standardized,1164,0.24738264083862305,0
C_FORECAST_0.75,all_blocks,channel_standardized,1165,0.24690093100070953,0
C_FORECAST_0.75,all_blocks,channel_standardized,1166,0.24653911590576172,0
C_FORECAST_0.75,all_blocks,channel_standardized,1167,0.2458743304014206,0
C_FORECAST_0.75,all_blocks,channel_standardized,1168,0.245247021317482,0
C_FORECAST_0.75,all_blocks,channel_standardized,1169,0.24473237991333008,0
C_FORECAST_0.75,all_blocks,channel_standardized,1170,0.24419428408145905,0
C_FORECAST_0.75,all_blocks,channel_standardized,1171,0.24364115297794342,0
C_FORECAST_0.75,all_blocks,channel_standardized,1172,0.2433754950761795,0
C_FORECAST_0.75,all_blocks,channel_standardized,1173,0.24280112981796265,0
C_FORECAST_0.75,all_blocks,channel_standardized,1174,0.2426767200231552,0
C_FORECAST_0.75,all_blocks,channel_standardized,1175,0.24239929020404816,0
C_FORECAST_0.75,all_blocks,channel_standardized,1176,0.2420312911272049,0
C_FORECAST_0.75,all_blocks,channel_standardized,1177,0.2413586676120758,0
C_FORECAST_0.75,all_blocks,channel_standardized,1178,0.24094928801059723,0
C_FORECAST_0.75,all_blocks,channel_standardized,1179,0.24029411375522614,0
C_FORECAST_0.75,all_blocks,channel_standardized,1180,0.23981742560863495,0
C_FORECAST_0.75,all_blocks,channel_standardized,1181,0.23960287868976593,0
C_FORECAST_0.75,all_blocks,channel_standardized,1182,0.23869960010051727,0
C_FORECAST_0.75,all_blocks,channel_standardized,1183,0.2380683422088623,0
C_FORECAST_0.75,all_blocks,channel_standardized,1184,0.2378821223974228,0
C_FORECAST_0.75,all_blocks,channel_standardized,1185,0.2377275973558426,0
C_FORECAST_0.75,all_blocks,channel_standardized,1186,0.23709240555763245,0
C_FORECAST_0.75,all_blocks,channel_standardized,1187,0.2361535280942917,0
C_FORECAST_0.75,all_blocks,channel_standardized,1188,0.23579847812652588,0
C_FORECAST_0.75,all_blocks,channel_standardized,1189,0.23514874279499054,0
C_FORECAST_0.75,all_blocks,channel_standardized,1190,0.23478715121746063,0
C_FORECAST_0.75,all_blocks,channel_standardized,1191,0.23449625074863434,0
C_FORECAST_0.75,all_blocks,channel_standardized,1192,0.23355263471603394,0
C_FORECAST_0.75,all_blocks,channel_standardized,1193,0.23329509794712067,0
C_FORECAST_0.75,all_blocks,channel_standardized,1194,0.23278234899044037,0
C_FORECAST_0.75,all_blocks,channel_standardized,1195,0.23261715471744537,0
C_FORECAST_0.75,all_blocks,channel_standardized,1196,0.23164977133274078,0
C_FORECAST_0.75,all_blocks,channel_standardized,1197,0.23157159984111786,0
C_FORECAST_0.75,all_blocks,channel_standardized,1198,0.2310137152671814,0
C_FORECAST_0.75,all_blocks,channel_standardized,1199,0.23010137677192688,0
C_FORECAST_0.75,all_blocks,channel_standardized,1200,0.22956059873104095,0
C_FORECAST_0.75,all_blocks,channel_standardized,1201,0.22884754836559296,0
C_FORECAST_0.75,all_blocks,channel_standardized,1202,0.22806496918201447,0
C_FORECAST_0.75,all_blocks,channel_standardized,1203,0.22786210477352142,0
C_FORECAST_0.75,all_blocks,channel_standardized,1204,0.22759008407592773,0
C_FORECAST_0.75,all_blocks,channel_standardized,1205,0.22701400518417358,0
C_FORECAST_0.75,all_blocks,channel_standardized,1206,0.22666361927986145,0
C_FORECAST_0.75,all_blocks,channel_standardized,1207,0.22628772258758545,0
C_FORECAST_0.75,all_blocks,channel_standardized,1208,0.2255709022283554,0
C_FORECAST_0.75,all_blocks,channel_standardized,1209,0.22463631629943848,0
C_FORECAST_0.75,all_blocks,channel_standardized,1210,0.22431135177612305,0
C_FORECAST_0.75,all_blocks,channel_standardized,1211,0.22374774515628815,0
C_FORECAST_0.75,all_blocks,channel_standardized,1212,0.22317944467067719,0
C_FORECAST_0.75,all_blocks,channel_standardized,1213,0.22293077409267426,0
C_FORECAST_0.75,all_blocks,channel_standardized,1214,0.22235271334648132,0
C_FORECAST_0.75,all_blocks,channel_standardized,1215,0.2221803069114685,0
C_FORECAST_0.75,all_blocks,channel_standardized,1216,0.22192512452602386,0
C_FORECAST_0.75,all_blocks,channel_standardized,1217,0.22129733860492706,0
C_FORECAST_0.75,all_blocks,channel_standardized,1218,0.22109092772006989,0
C_FORECAST_0.75,all_blocks,channel_standardized,1219,0.22071900963783264,0
C_FORECAST_0.75,all_blocks,channel_standardized,1220,0.22009828686714172,0
C_FORECAST_0.75,all_blocks,channel_standardized,1221,0.21979185938835144,0
C_FORECAST_0.75,all_blocks,channel_standardized,1222,0.21934476494789124,0
C_FORECAST_0.75,all_blocks,channel_standardized,1223,0.2191554456949234,0
C_FORECAST_0.75,all_blocks,channel_standardized,1224,0.21871866285800934,0
C_FORECAST_0.75,all_blocks,channel_standardized,1225,0.21749813854694366,0
C_FORECAST_0.75,all_blocks,channel_standardized,1226,0.21703922748565674,0
C_FORECAST_0.75,all_blocks,channel_standardized,1227,0.21681995689868927,0
C_FORECAST_0.75,all_blocks,channel_standardized,1228,0.21630102396011353,0
C_FORECAST_0.75,all_blocks,channel_standardized,1229,0.21615850925445557,0
C_FORECAST_0.75,all_blocks,channel_standardized,1230,0.21503502130508423,0
C_FORECAST_0.75,all_blocks,channel_standardized,1231,0.21463324129581451,0
C_FORECAST_0.75,all_blocks,channel_standardized,1232,0.2144930362701416,0
C_FORECAST_0.75,all_blocks,channel_standardized,1233,0.21372802555561066,0
C_FORECAST_0.75,all_blocks,channel_standardized,1234,0.21324960887432098,0
C_FORECAST_0.75,all_blocks,channel_standardized,1235,0.21267955005168915,0
C_FORECAST_0.75,all_blocks,channel_standardized,1236,0.21260039508342743,0
C_FORECAST_0.75,all_blocks,channel_standardized,1237,0.21222715079784393,0
C_FORECAST_0.75,all_blocks,channel_standardized,1238,0.21200479567050934,0
C_FORECAST_0.75,all_blocks,channel_standardized,1239,0.2112031728029251,0
C_FORECAST_0.75,all_blocks,channel_standardized,1240,0.2109728455543518,0
C_FORECAST_0.75,all_blocks,channel_standardized,1241,0.2104015201330185,0
C_FORECAST_0.75,all_blocks,channel_standardized,1242,0.2101021111011505,0
C_FORECAST_0.75,all_blocks,channel_standardized,1243,0.20956918597221375,0
C_FORECAST_0.75,all_blocks,channel_standardized,1244,0.20919403433799744,0
C_FORECAST_0.75,all_blocks,channel_standardized,1245,0.20817868411540985,0
C_FORECAST_0.75,all_blocks,channel_standardized,1246,0.20806634426116943,0
C_FORECAST_0.75,all_blocks,channel_standardized,1247,0.20778006315231323,0
C_FORECAST_0.75,all_blocks,channel_standardized,1248,0.2073666900396347,0
C_FORECAST_0.75,all_blocks,channel_standardized,1249,0.20686903595924377,0
C_FORECAST_0.75,all_blocks,channel_standardized,1250,0.20620693266391754,0
C_FORECAST_0.75,all_blocks,channel_standardized,1251,0.20546065270900726,0
C_FORECAST_0.75,all_blocks,channel_standardized,1252,0.20533914864063263,0
C_FORECAST_0.75,all_blocks,channel_standardized,1253,0.20502884685993195,0
C_FORECAST_0.75,all_blocks,channel_standardized,1254,0.2047625482082367,0
C_FORECAST_0.75,all_blocks,channel_standardized,1255,0.20456171035766602,0
C_FORECAST_0.75,all_blocks,channel_standardized,1256,0.20413225889205933,0
C_FORECAST_0.75,all_blocks,channel_standardized,1257,0.203635111451149,0
C_FORECAST_0.75,all_blocks,channel_standardized,1258,0.20212529599666595,0
C_FORECAST_0.75,all_blocks,channel_standardized,1259,0.20181012153625488,0
C_FORECAST_0.75,all_blocks,channel_standardized,1260,0.20130398869514465,0
C_FORECAST_0.75,all_blocks,channel_standardized,1261,0.20042996108531952,0
C_FORECAST_0.75,all_blocks,channel_standardized,1262,0.2001597285270691,0
C_FORECAST_0.75,all_blocks,channel_standardized,1263,0.20008082687854767,0
C_FORECAST_0.75,all_blocks,channel_standardized,1264,0.19980868697166443,0
C_FORECAST_0.75,all_blocks,channel_standardized,1265,0.19912594556808472,0
C_FORECAST_0.75,all_blocks,channel_standardized,1266,0.19898715615272522,0
C_FORECAST_0.75,all_blocks,channel_standardized,1267,0.19885782897472382,0
C_FORECAST_0.75,all_blocks,channel_standardized,1268,0.19804534316062927,0
C_FORECAST_0.75,all_blocks,channel_standardized,1269,0.19765529036521912,0
C_FORECAST_0.75,all_blocks,channel_standardized,1270,0.19710272550582886,0
C_FORECAST_0.75,all_blocks,channel_standardized,1271,0.19676004350185394,0
C_FORECAST_0.75,all_blocks,channel_standardized,1272,0.19619864225387573,0
C_FORECAST_0.75,all_blocks,channel_standardized,1273,0.19593508541584015,0
C_FORECAST_0.75,all_blocks,channel_standardized,1274,0.1953623741865158,0
C_FORECAST_0.75,all_blocks,channel_standardized,1275,0.19512781500816345,0
C_FORECAST_0.75,all_blocks,channel_standardized,1276,0.1938907355070114,0
C_FORECAST_0.75,all_blocks,channel_standardized,1277,0.19370314478874207,0
C_FORECAST_0.75,all_blocks,channel_standardized,1278,0.19345638155937195,0
C_FORECAST_0.75,all_blocks,channel_standardized,1279,0.19322018325328827,0
C_FORECAST_0.75,all_blocks,channel_standardized,1280,0.19240619242191315,0
C_FORECAST_0.75,all_blocks,channel_standardized,1281,0.1920866221189499,0
C_FORECAST_0.75,all_blocks,channel_standardized,1282,0.19147641956806183,0
C_FORECAST_0.75,all_blocks,channel_standardized,1283,0.1910613775253296,0
C_FORECAST_0.75,all_blocks,channel_standardized,1284,0.19075408577919006,0
C_FORECAST_0.75,all_blocks,channel_standardized,1285,0.19017592072486877,0
C_FORECAST_0.75,all_blocks,channel_standardized,1286,0.1899847686290741,0
C_FORECAST_0.75,all_blocks,channel_standardized,1287,0.18929478526115417,0
C_FORECAST_0.75,all_blocks,channel_standardized,1288,0.18861886858940125,0
C_FORECAST_0.75,all_blocks,channel_standardized,1289,0.18846149742603302,0
C_FORECAST_0.75,all_blocks,channel_standardized,1290,0.18831516802310944,0
C_FORECAST_0.75,all_blocks,channel_standardized,1291,0.18798184394836426,0
C_FORECAST_0.75,all_blocks,channel_standardized,1292,0.18749473989009857,0
C_FORECAST_0.75,all_blocks,channel_standardized,1293,0.18737168610095978,0
C_FORECAST_0.75,all_blocks,channel_standardized,1294,0.1865357756614685,0
C_FORECAST_0.75,all_blocks,channel_standardized,1295,0.18607117235660553,0
C_FORECAST_0.75,all_blocks,channel_standardized,1296,0.18572668731212616,0
C_FORECAST_0.75,all_blocks,channel_standardized,1297,0.1850438266992569,0
C_FORECAST_0.75,all_blocks,channel_standardized,1298,0.18463902175426483,0
C_FORECAST_0.75,all_blocks,channel_standardized,1299,0.18413445353507996,0
C_FORECAST_0.75,all_blocks,channel_standardized,1300,0.18389983475208282,0
C_FORECAST_0.75,all_blocks,channel_standardized,1301,0.18345052003860474,0
C_FORECAST_0.75,all_blocks,channel_standardized,1302,0.18331964313983917,0
C_FORECAST_0.75,all_blocks,channel_standardized,1303,0.18307767808437347,0
C_FORECAST_0.75,all_blocks,channel_standardized,1304,0.18231527507305145,0
C_FORECAST_0.75,all_blocks,channel_standardized,1305,0.1820424199104309,0
C_FORECAST_0.75,all_blocks,channel_standardized,1306,0.18122054636478424,0
C_FORECAST_0.75,all_blocks,channel_standardized,1307,0.18106873333454132,0
C_FORECAST_0.75,all_blocks,channel_standardized,1308,0.18041273951530457,0
C_FORECAST_0.75,all_blocks,channel_standardized,1309,0.180077463388443,0
C_FORECAST_0.75,all_blocks,channel_standardized,1310,0.17961998283863068,0
C_FORECAST_0.75,all_blocks,channel_standardized,1311,0.17896303534507751,0
C_FORECAST_0.75,all_blocks,channel_standardized,1312,0.17868506908416748,0
C_FORECAST_0.75,all_blocks,channel_standardized,1313,0.17846491932868958,0
C_FORECAST_0.75,all_blocks,channel_standardized,1314,0.17808231711387634,0
C_FORECAST_0.75,all_blocks,channel_standardized,1315,0.17750181257724762,0
C_FORECAST_0.75,all_blocks,channel_standardized,1316,0.17732012271881104,0
C_FORECAST_0.75,all_blocks,channel_standardized,1317,0.17681489884853363,0
C_FORECAST_0.75,all_blocks,channel_standardized,1318,0.1765974760055542,0
C_FORECAST_0.75,all_blocks,channel_standardized,1319,0.17612896859645844,0
C_FORECAST_0.75,all_blocks,channel_standardized,1320,0.1754661202430725,0
C_FORECAST_0.75,all_blocks,channel_standardized,1321,0.1750403642654419,0
C_FORECAST_0.75,all_blocks,channel_standardized,1322,0.17489540576934814,0
C_FORECAST_0.75,all_blocks,channel_standardized,1323,0.1746097058057785,0
C_FORECAST_0.75,all_blocks,channel_standardized,1324,0.17340943217277527,0
C_FORECAST_0.75,all_blocks,channel_standardized,1325,0.1730937957763672,0
C_FORECAST_0.75,all_blocks,channel_standardized,1326,0.17292112112045288,0
C_FORECAST_0.75,all_blocks,channel_standardized,1327,0.17218764126300812,0
C_FORECAST_0.75,all_blocks,channel_standardized,1328,0.17197011411190033,0
C_FORECAST_0.75,all_blocks,channel_standardized,1329,0.17148232460021973,0
C_FORECAST_0.75,all_blocks,channel_standardized,1330,0.17126032710075378,0
C_FORECAST_0.75,all_blocks,channel_standardized,1331,0.17109821736812592,0
C_FORECAST_0.75,all_blocks,channel_standardized,1332,0.17072929441928864,0
C_FORECAST_0.75,all_blocks,channel_standardized,1333,0.17039795219898224,0
C_FORECAST_0.75,all_blocks,channel_standardized,1334,0.17009097337722778,0
C_FORECAST_0.75,all_blocks,channel_standardized,1335,0.16941645741462708,0
C_FORECAST_0.75,all_blocks,channel_standardized,1336,0.16907960176467896,0
C_FORECAST_0.75,all_blocks,channel_standardized,1337,0.16872844099998474,0
C_FORECAST_0.75,all_blocks,channel_standardized,1338,0.16821403801441193,0
C_FORECAST_0.75,all_blocks,channel_standardized,1339,0.1679297834634781,0
C_FORECAST_0.75,all_blocks,channel_standardized,1340,0.1674390733242035,0
C_FORECAST_0.75,all_blocks,channel_standardized,1341,0.16709131002426147,0
C_FORECAST_0.75,all_blocks,channel_standardized,1342,0.16660213470458984,0
C_FORECAST_0.75,all_blocks,channel_standardized,1343,0.166236013174057,0
C_FORECAST_0.75,all_blocks,channel_standardized,1344,0.16565778851509094,0
C_FORECAST_0.75,all_blocks,channel_standardized,1345,0.16512228548526764,0
C_FORECAST_0.75,all_blocks,channel_standardized,1346,0.16502882540225983,0
C_FORECAST_0.75,all_blocks,channel_standardized,1347,0.1644764244556427,0
C_FORECAST_0.75,all_blocks,channel_standardized,1348,0.16392138600349426,0
C_FORECAST_0.75,all_blocks,channel_standardized,1349,0.16317196190357208,0
C_FORECAST_0.75,all_blocks,channel_standardized,1350,0.1625669300556183,0
C_FORECAST_0.75,all_blocks,channel_standardized,1351,0.16228604316711426,0
C_FORECAST_0.75,all_blocks,channel_standardized,1352,0.16219472885131836,0
C_FORECAST_0.75,all_blocks,channel_standardized,1353,0.1618267446756363,0
C_FORECAST_0.75,all_blocks,channel_standardized,1354,0.1615285575389862,0
C_FORECAST_0.75,all_blocks,channel_standardized,1355,0.1611502468585968,0
C_FORECAST_0.75,all_blocks,channel_standardized,1356,0.16064254939556122,0
C_FORECAST_0.75,all_blocks,channel_standardized,1357,0.1600639522075653,0
C_FORECAST_0.75,all_blocks,channel_standardized,1358,0.15963953733444214,0
C_FORECAST_0.75,all_blocks,channel_standardized,1359,0.159506157040596,0
C_FORECAST_0.75,all_blocks,channel_standardized,1360,0.15909594297409058,0
C_FORECAST_0.75,all_blocks,channel_standardized,1361,0.15859951078891754,0
C_FORECAST_0.75,all_blocks,channel_standardized,1362,0.15797287225723267,0
C_FORECAST_0.75,all_blocks,channel_standardized,1363,0.15761321783065796,0
C_FORECAST_0.75,all_blocks,channel_standardized,1364,0.1574362963438034,0
C_FORECAST_0.75,all_blocks,channel_standardized,1365,0.15700650215148926,0
C_FORECAST_0.75,all_blocks,channel_standardized,1366,0.15687160193920135,0
C_FORECAST_0.75,all_blocks,channel_standardized,1367,0.15643568336963654,0
C_FORECAST_0.75,all_blocks,channel_standardized,1368,0.15538090467453003,0
C_FORECAST_0.75,all_blocks,channel_standardized,1369,0.1552821397781372,0
C_FORECAST_0.75,all_blocks,channel_standardized,1370,0.1550895720720291,0
C_FORECAST_0.75,all_blocks,channel_standardized,1371,0.15482962131500244,0
C_FORECAST_0.75,all_blocks,channel_standardized,1372,0.1544370800256729,0
C_FORECAST_0.75,all_blocks,channel_standardized,1373,0.1536453366279602,0
C_FORECAST_0.75,all_blocks,channel_standardized,1374,0.1534954011440277,0
C_FORECAST_0.75,all_blocks,channel_standardized,1375,0.1532832533121109,0
C_FORECAST_0.75,all_blocks,channel_standardized,1376,0.1529902070760727,0
C_FORECAST_0.75,all_blocks,channel_standardized,1377,0.1520865559577942,0
C_FORECAST_0.75,all_blocks,channel_standardized,1378,0.15200655162334442,0
C_FORECAST_0.75,all_blocks,channel_standardized,1379,0.15176622569561005,0
C_FORECAST_0.75,all_blocks,channel_standardized,1380,0.15117448568344116,0
C_FORECAST_0.75,all_blocks,channel_standardized,1381,0.1507566273212433,0
C_FORECAST_0.75,all_blocks,channel_standardized,1382,0.1507328748703003,0
C_FORECAST_0.75,all_blocks,channel_standardized,1383,0.1500844806432724,0
C_FORECAST_0.75,all_blocks,channel_standardized,1384,0.1498405933380127,0
C_FORECAST_0.75,all_blocks,channel_standardized,1385,0.14928847551345825,0
C_FORECAST_0.75,all_blocks,channel_standardized,1386,0.1486186534166336,0
C_FORECAST_0.75,all_blocks,channel_standardized,1387,0.14828233420848846,0
C_FORECAST_0.75,all_blocks,channel_standardized,1388,0.1477966606616974,0
C_FORECAST_0.75,all_blocks,channel_standardized,1389,0.1473080813884735,0
C_FORECAST_0.75,all_blocks,channel_standardized,1390,0.14721298217773438,0
C_FORECAST_0.75,all_blocks,channel_standardized,1391,0.14658807218074799,0
C_FORECAST_0.75,all_blocks,channel_standardized,1392,0.14647191762924194,0
C_FORECAST_0.75,all_blocks,channel_standardized,1393,0.14629217982292175,0
C_FORECAST_0.75,all_blocks,channel_standardized,1394,0.1458228975534439,0
C_FORECAST_0.75,all_blocks,channel_standardized,1395,0.14560577273368835,0
C_FORECAST_0.75,all_blocks,channel_standardized,1396,0.1447722315788269,0
C_FORECAST_0.75,all_blocks,channel_standardized,1397,0.14449083805084229,0
C_FORECAST_0.75,all_blocks,channel_standardized,1398,0.1440671980381012,0
C_FORECAST_0.75,all_blocks,channel_standardized,1399,0.143882617354393,0
C_FORECAST_0.75,all_blocks,channel_standardized,1400,0.14352446794509888,0
C_FORECAST_0.75,all_blocks,channel_standardized,1401,0.14340031147003174,0
C_FORECAST_0.75,all_blocks,channel_standardized,1402,0.14295923709869385,0
C_FORECAST_0.75,all_blocks,channel_standardized,1403,0.1425277441740036,0
C_FORECAST_0.75,all_blocks,channel_standardized,1404,0.1420547366142273,0
C_FORECAST_0.75,all_blocks,channel_standardized,1405,0.14151091873645782,0
C_FORECAST_0.75,all_blocks,channel_standardized,1406,0.14106474816799164,0
C_FORECAST_0.75,all_blocks,channel_standardized,1407,0.1407850682735443,0
C_FORECAST_0.75,all_blocks,channel_standardized,1408,0.14051960408687592,0
C_FORECAST_0.75,all_blocks,channel_standardized,1409,0.13992753624916077,0
C_FORECAST_0.75,all_blocks,channel_standardized,1410,0.13962632417678833,0
C_FORECAST_0.75,all_blocks,channel_standardized,1411,0.1394398957490921,0
C_FORECAST_0.75,all_blocks,channel_standardized,1412,0.1390702873468399,0
C_FORECAST_0.75,all_blocks,channel_standardized,1413,0.1383526623249054,0
C_FORECAST_0.75,all_blocks,channel_standardized,1414,0.13786092400550842,0
C_FORECAST_0.75,all_blocks,channel_standardized,1415,0.1371135711669922,0
C_FORECAST_0.75,all_blocks,channel_standardized,1416,0.13686570525169373,0
C_FORECAST_0.75,all_blocks,channel_standardized,1417,0.13638164103031158,0
C_FORECAST_0.75,all_blocks,channel_standardized,1418,0.135984867811203,0
C_FORECAST_0.75,all_blocks,channel_standardized,1419,0.13594868779182434,0
C_FORECAST_0.75,all_blocks,channel_standardized,1420,0.13532660901546478,0
C_FORECAST_0.75,all_blocks,channel_standardized,1421,0.13523411750793457,0
C_FORECAST_0.75,all_blocks,channel_standardized,1422,0.13448524475097656,0
C_FORECAST_0.75,all_blocks,channel_standardized,1423,0.1341080516576767,0
C_FORECAST_0.75,all_blocks,channel_standardized,1424,0.1337747871875763,0
C_FORECAST_0.75,all_blocks,channel_standardized,1425,0.1333959549665451,0
C_FORECAST_0.75,all_blocks,channel_standardized,1426,0.13309341669082642,0
C_FORECAST_0.75,all_blocks,channel_standardized,1427,0.13257233798503876,0
C_FORECAST_0.75,all_blocks,channel_standardized,1428,0.13194385170936584,0
C_FORECAST_0.75,all_blocks,channel_standardized,1429,0.13164538145065308,0
C_FORECAST_0.75,all_blocks,channel_standardized,1430,0.13163621723651886,0
C_FORECAST_0.75,all_blocks,channel_standardized,1431,0.13106051087379456,0
C_FORECAST_0.75,all_blocks,channel_standardized,1432,0.13057675957679749,0
C_FORECAST_0.75,all_blocks,channel_standardized,1433,0.1301831305027008,0
C_FORECAST_0.75,all_blocks,channel_standardized,1434,0.12990109622478485,0
C_FORECAST_0.75,all_blocks,channel_standardized,1435,0.129695326089859,0
C_FORECAST_0.75,all_blocks,channel_standardized,1436,0.12889888882637024,0
C_FORECAST_0.75,all_blocks,channel_standardized,1437,0.12872572243213654,0
C_FORECAST_0.75,all_blocks,channel_standardized,1438,0.1286177635192871,0
C_FORECAST_0.75,all_blocks,channel_standardized,1439,0.12827369570732117,0
C_FORECAST_0.75,all_blocks,channel_standardized,1440,0.12749937176704407,0
C_FORECAST_0.75,all_blocks,channel_standardized,1441,0.12725237011909485,0
C_FORECAST_0.75,all_blocks,channel_standardized,1442,0.12669634819030762,0
C_FORECAST_0.75,all_blocks,channel_standardized,1443,0.12662355601787567,0
C_FORECAST_0.75,all_blocks,channel_standardized,1444,0.12649275362491608,0
C_FORECAST_0.75,all_blocks,channel_standardized,1445,0.12571057677268982,0
C_FORECAST_0.75,all_blocks,channel_standardized,1446,0.1254832148551941,0
C_FORECAST_0.75,all_blocks,channel_standardized,1447,0.12498621642589569,0
C_FORECAST_0.75,all_blocks,channel_standardized,1448,0.12449322640895844,0
C_FORECAST_0.75,all_blocks,channel_standardized,1449,0.12426747381687164,0
C_FORECAST_0.75,all_blocks,channel_standardized,1450,0.12365264445543289,0
C_FORECAST_0.75,all_blocks,channel_standardized,1451,0.12327058613300323,0
C_FORECAST_0.75,all_blocks,channel_standardized,1452,0.1228177472949028,0
C_FORECAST_0.75,all_blocks,channel_standardized,1453,0.12271037697792053,0
C_FORECAST_0.75,all_blocks,channel_standardized,1454,0.12248038500547409,0
C_FORECAST_0.75,all_blocks,channel_standardized,1455,0.12198108434677124,0
C_FORECAST_0.75,all_blocks,channel_standardized,1456,0.12162218987941742,0
C_FORECAST_0.75,all_blocks,channel_standardized,1457,0.12122683972120285,0
C_FORECAST_0.75,all_blocks,channel_standardized,1458,0.12092694640159607,0
C_FORECAST_0.75,all_blocks,channel_standardized,1459,0.12023932486772537,0
C_FORECAST_0.75,all_blocks,channel_standardized,1460,0.12011987715959549,0
C_FORECAST_0.75,all_blocks,channel_standardized,1461,0.11997634172439575,0
C_FORECAST_0.75,all_blocks,channel_standardized,1462,0.11979951709508896,0
C_FORECAST_0.75,all_blocks,channel_standardized,1463,0.11905428767204285,0
C_FORECAST_0.75,all_blocks,channel_standardized,1464,0.11849401146173477,0
C_FORECAST_0.75,all_blocks,channel_standardized,1465,0.11823862046003342,0
C_FORECAST_0.75,all_blocks,channel_standardized,1466,0.11790915578603745,0
C_FORECAST_0.75,all_blocks,channel_standardized,1467,0.11728566139936447,0
C_FORECAST_0.75,all_blocks,channel_standardized,1468,0.11661338061094284,0
C_FORECAST_0.75,all_blocks,channel_standardized,1469,0.11616945266723633,0
C_FORECAST_0.75,all_blocks,channel_standardized,1470,0.11565086990594864,0
C_FORECAST_0.75,all_blocks,channel_standardized,1471,0.11546924710273743,0
C_FORECAST_0.75,all_blocks,channel_standardized,1472,0.11510617285966873,0
C_FORECAST_0.75,all_blocks,channel_standardized,1473,0.11460285633802414,0
C_FORECAST_0.75,all_blocks,channel_standardized,1474,0.11454150825738907,0
C_FORECAST_0.75,all_blocks,channel_standardized,1475,0.11428461968898773,0
C_FORECAST_0.75,all_blocks,channel_standardized,1476,0.11354893445968628,0
C_FORECAST_0.75,all_blocks,channel_standardized,1477,0.11318603903055191,0
C_FORECAST_0.75,all_blocks,channel_standardized,1478,0.11271494626998901,0
C_FORECAST_0.75,all_blocks,channel_standardized,1479,0.11241111904382706,0
C_FORECAST_0.75,all_blocks,channel_standardized,1480,0.1120309829711914,0
C_FORECAST_0.75,all_blocks,channel_standardized,1481,0.11141788214445114,0
C_FORECAST_0.75,all_blocks,channel_standardized,1482,0.11100459098815918,0
C_FORECAST_0.75,all_blocks,channel_standardized,1483,0.11065015196800232,0
C_FORECAST_0.75,all_blocks,channel_standardized,1484,0.11020389944314957,0
C_FORECAST_0.75,all_blocks,channel_standardized,1485,0.10979120433330536,0
C_FORECAST_0.75,all_blocks,channel_standardized,1486,0.10972227156162262,0
C_FORECAST_0.75,all_blocks,channel_standardized,1487,0.10930124670267105,0
C_FORECAST_0.75,all_blocks,channel_standardized,1488,0.10903772711753845,0
C_FORECAST_0.75,all_blocks,channel_standardized,1489,0.10856122523546219,0
C_FORECAST_0.75,all_blocks,channel_standardized,1490,0.10833438485860825,0
C_FORECAST_0.75,all_blocks,channel_standardized,1491,0.1075081154704094,0
C_FORECAST_0.75,all_blocks,channel_standardized,1492,0.10688041150569916,0
C_FORECAST_0.75,all_blocks,channel_standardized,1493,0.1067194864153862,0
C_FORECAST_0.75,all_blocks,channel_standardized,1494,0.10602561384439468,0
C_FORECAST_0.75,all_blocks,channel_standardized,1495,0.10601092875003815,0
C_FORECAST_0.75,all_blocks,channel_standardized,1496,0.10549098253250122,0
C_FORECAST_0.75,all_blocks,channel_standardized,1497,0.10528186708688736,0
C_FORECAST_0.75,all_blocks,channel_standardized,1498,0.10483284294605255,0
C_FORECAST_0.75,all_blocks,channel_standardized,1499,0.10439446568489075,0
C_FORECAST_0.75,all_blocks,channel_standardized,1500,0.10381915420293808,0
C_FORECAST_0.75,all_blocks,channel_standardized,1501,0.10368536412715912,0
C_FORECAST_0.75,all_blocks,channel_standardized,1502,0.10338717699050903,0
C_FORECAST_0.75,all_blocks,channel_standardized,1503,0.10285317152738571,0
C_FORECAST_0.75,all_blocks,channel_standardized,1504,0.10216221213340759,0
C_FORECAST_0.75,all_blocks,channel_standardized,1505,0.10157940536737442,0
C_FORECAST_0.75,all_blocks,channel_standardized,1506,0.10126835107803345,0
C_FORECAST_0.75,all_blocks,channel_standardized,1507,0.10111422091722488,0
C_FORECAST_0.75,all_blocks,channel_standardized,1508,0.10056667029857635,0
C_FORECAST_0.75,all_blocks,channel_standardized,1509,0.09956088662147522,0
C_FORECAST_0.75,all_blocks,channel_standardized,1510,0.09950700402259827,0
C_FORECAST_0.75,all_blocks,channel_standardized,1511,0.09895040094852448,0
C_FORECAST_0.75,all_blocks,channel_standardized,1512,0.0985860526561737,0
C_FORECAST_0.75,all_blocks,channel_standardized,1513,0.09805355221033096,0
C_FORECAST_0.75,all_blocks,channel_standardized,1514,0.09786413609981537,0
C_FORECAST_0.75,all_blocks,channel_standardized,1515,0.09747182577848434,0
C_FORECAST_0.75,all_blocks,channel_standardized,1516,0.09726700186729431,0
C_FORECAST_0.75,all_blocks,channel_standardized,1517,0.09669668227434158,0
C_FORECAST_0.75,all_blocks,channel_standardized,1518,0.09598648548126221,0
C_FORECAST_0.75,all_blocks,channel_standardized,1519,0.09557835012674332,0
C_FORECAST_0.75,all_blocks,channel_standardized,1520,0.0950787141919136,0
C_FORECAST_0.75,all_blocks,channel_standardized,1521,0.09408865869045258,0
C_FORECAST_0.75,all_blocks,channel_standardized,1522,0.0931594967842102,0
C_FORECAST_0.75,all_blocks,channel_standardized,1523,0.09310289472341537,0
C_FORECAST_0.75,all_blocks,channel_standardized,1524,0.09200123697519302,0
C_FORECAST_0.75,all_blocks,channel_standardized,1525,0.09143462777137756,0
C_FORECAST_0.75,all_blocks,channel_standardized,1526,0.09099462628364563,0
C_FORECAST_0.75,all_blocks,channel_standardized,1527,0.09063626080751419,0
C_FORECAST_0.75,all_blocks,channel_standardized,1528,0.09014102816581726,0
C_FORECAST_0.75,all_blocks,channel_standardized,1529,0.0894094780087471,0
C_FORECAST_0.75,all_blocks,channel_standardized,1530,0.08840746432542801,0
C_FORECAST_0.75,all_blocks,channel_standardized,1531,0.08766761422157288,0
C_FORECAST_0.75,all_blocks,channel_standardized,1532,0.08726716041564941,0
C_FORECAST_0.75,all_blocks,channel_standardized,1533,0.08641594648361206,0
C_FORECAST_0.75,all_blocks,channel_standardized,1534,0.08491428196430206,0
C_FORECAST_0.75,all_blocks,channel_standardized,1535,0.08106912672519684,0
C_FORECAST_0.75,all_blocks,channel_standardized,1536,0.02005595527589321,0
C_FORECAST_1,all_blocks,centered,1,9.543840408325195,1
C_FORECAST_1,all_blocks,centered,2,0.0802571028470993,0
C_FORECAST_1,all_blocks,centered,3,0.07046858221292496,0
C_FORECAST_1,all_blocks,centered,4,0.041392598301172256,0
C_FORECAST_1,all_blocks,centered,5,0.03429558873176575,0
C_FORECAST_1,all_blocks,centered,6,0.0297351386398077,0
C_FORECAST_1,all_blocks,centered,7,0.025447851046919823,0
C_FORECAST_1,all_blocks,centered,8,0.022983402013778687,0
C_FORECAST_1,all_blocks,centered,9,0.022609768435359,0
C_FORECAST_1,all_blocks,centered,10,0.02032836712896824,0
C_FORECAST_1,all_blocks,centered,11,0.01884271577000618,0
C_FORECAST_1,all_blocks,centered,12,0.018517548218369484,0
C_FORECAST_1,all_blocks,centered,13,0.018016623333096504,0
C_FORECAST_1,all_blocks,centered,14,0.016784869134426117,0
C_FORECAST_1,all_blocks,centered,15,0.01628885418176651,0
C_FORECAST_1,all_blocks,centered,16,0.015651922672986984,0
C_FORECAST_1,all_blocks,centered,17,0.015495851635932922,0
C_FORECAST_1,all_blocks,centered,18,0.014928989112377167,0
C_FORECAST_1,all_blocks,centered,19,0.014718626625835896,0
C_FORECAST_1,all_blocks,centered,20,0.01431492529809475,0
C_FORECAST_1,all_blocks,centered,21,0.014175492338836193,0
C_FORECAST_1,all_blocks,centered,22,0.013739521615207195,0
C_FORECAST_1,all_blocks,centered,23,0.013460398651659489,0
C_FORECAST_1,all_blocks,centered,24,0.013057885691523552,0
C_FORECAST_1,all_blocks,centered,25,0.013021430000662804,0
C_FORECAST_1,all_blocks,centered,26,0.012593477964401245,0
C_FORECAST_1,all_blocks,centered,27,0.012459197081625462,0
C_FORECAST_1,all_blocks,centered,28,0.01226386521011591,0
C_FORECAST_1,all_blocks,centered,29,0.011905230581760406,0
C_FORECAST_1,all_blocks,centered,30,0.01167252566665411,0
C_FORECAST_1,all_blocks,centered,31,0.011578336358070374,0
C_FORECAST_1,all_blocks,centered,32,0.01138843223452568,0
C_FORECAST_1,all_blocks,centered,33,0.011267316527664661,0
C_FORECAST_1,all_blocks,centered,34,0.011137600056827068,0
C_FORECAST_1,all_blocks,centered,35,0.011026812717318535,0
C_FORECAST_1,all_blocks,centered,36,0.010772651992738247,0
C_FORECAST_1,all_blocks,centered,37,0.010629738681018353,0
C_FORECAST_1,all_blocks,centered,38,0.010543311014771461,0
C_FORECAST_1,all_blocks,centered,39,0.01043710671365261,0
C_FORECAST_1,all_blocks,centered,40,0.01026344858109951,0
C_FORECAST_1,all_blocks,centered,41,0.010124700143933296,0
C_FORECAST_1,all_blocks,centered,42,0.010033445432782173,0
C_FORECAST_1,all_blocks,centered,43,0.009909041225910187,0
C_FORECAST_1,all_blocks,centered,44,0.009844223968684673,0
C_FORECAST_1,all_blocks,centered,45,0.009751025587320328,0
C_FORECAST_1,all_blocks,centered,46,0.009580274112522602,0
C_FORECAST_1,all_blocks,centered,47,0.009526562876999378,0
C_FORECAST_1,all_blocks,centered,48,0.00944844912737608,0
C_FORECAST_1,all_blocks,centered,49,0.009381171315908432,0
C_FORECAST_1,all_blocks,centered,50,0.009347916580736637,0
C_FORECAST_1,all_blocks,centered,51,0.00915561057627201,0
C_FORECAST_1,all_blocks,centered,52,0.009082209318876266,0
C_FORECAST_1,all_blocks,centered,53,0.00902034156024456,0
C_FORECAST_1,all_blocks,centered,54,0.008878685534000397,0
C_FORECAST_1,all_blocks,centered,55,0.008796914480626583,0
C_FORECAST_1,all_blocks,centered,56,0.008732246235013008,0
C_FORECAST_1,all_blocks,centered,57,0.008700411766767502,0
C_FORECAST_1,all_blocks,centered,58,0.008599353954195976,0
C_FORECAST_1,all_blocks,centered,59,0.00854252465069294,0
C_FORECAST_1,all_blocks,centered,60,0.008400588296353817,0
C_FORECAST_1,all_blocks,centered,61,0.008362017571926117,0
C_FORECAST_1,all_blocks,centered,62,0.008323634043335915,0
C_FORECAST_1,all_blocks,centered,63,0.008242737501859665,0
C_FORECAST_1,all_blocks,centered,64,0.008156551979482174,0
C_FORECAST_1,all_blocks,centered,65,0.008138872683048248,0
C_FORECAST_1,all_blocks,centered,66,0.00802028551697731,0
C_FORECAST_1,all_blocks,centered,67,0.007960310205817223,0
C_FORECAST_1,all_blocks,centered,68,0.007876475341618061,0
C_FORECAST_1,all_blocks,centered,69,0.007828943431377411,0
C_FORECAST_1,all_blocks,centered,70,0.0077480291947722435,0
C_FORECAST_1,all_blocks,centered,71,0.0077184573747217655,0
C_FORECAST_1,all_blocks,centered,72,0.0075951674953103065,0
C_FORECAST_1,all_blocks,centered,73,0.007565650157630444,0
C_FORECAST_1,all_blocks,centered,74,0.007550389971584082,0
C_FORECAST_1,all_blocks,centered,75,0.0074830916710197926,0
C_FORECAST_1,all_blocks,centered,76,0.007454435806721449,0
C_FORECAST_1,all_blocks,centered,77,0.007415263447910547,0
C_FORECAST_1,all_blocks,centered,78,0.0073362537659704685,0
C_FORECAST_1,all_blocks,centered,79,0.007293169852346182,0
C_FORECAST_1,all_blocks,centered,80,0.0072576445527374744,0
C_FORECAST_1,all_blocks,centered,81,0.007173315621912479,0
C_FORECAST_1,all_blocks,centered,82,0.007147200871258974,0
C_FORECAST_1,all_blocks,centered,83,0.007056961767375469,0
C_FORECAST_1,all_blocks,centered,84,0.007032428868114948,0
C_FORECAST_1,all_blocks,centered,85,0.006988047156482935,0
C_FORECAST_1,all_blocks,centered,86,0.0069650583900511265,0
C_FORECAST_1,all_blocks,centered,87,0.00686327600851655,0
C_FORECAST_1,all_blocks,centered,88,0.006835718173533678,0
C_FORECAST_1,all_blocks,centered,89,0.006785450037568808,0
C_FORECAST_1,all_blocks,centered,90,0.006734915543347597,0
C_FORECAST_1,all_blocks,centered,91,0.0067255208268761635,0
C_FORECAST_1,all_blocks,centered,92,0.006718499585986137,0
C_FORECAST_1,all_blocks,centered,93,0.006640265695750713,0
C_FORECAST_1,all_blocks,centered,94,0.0065893069840967655,0
C_FORECAST_1,all_blocks,centered,95,0.006546935066580772,0
C_FORECAST_1,all_blocks,centered,96,0.0064741624519228935,0
C_FORECAST_1,all_blocks,centered,97,0.00645209476351738,0
C_FORECAST_1,all_blocks,centered,98,0.006367000751197338,0
C_FORECAST_1,all_blocks,centered,99,0.006365772802382708,0
C_FORECAST_1,all_blocks,centered,100,0.006317409221082926,0
C_FORECAST_1,all_blocks,centered,101,0.006283505819737911,0
C_FORECAST_1,all_blocks,centered,102,0.006262278184294701,0
C_FORECAST_1,all_blocks,centered,103,0.006213342305272818,0
C_FORECAST_1,all_blocks,centered,104,0.006211518310010433,0
C_FORECAST_1,all_blocks,centered,105,0.006200135685503483,0
C_FORECAST_1,all_blocks,centered,106,0.006168345920741558,0
C_FORECAST_1,all_blocks,centered,107,0.0061326781287789345,0
C_FORECAST_1,all_blocks,centered,108,0.006084039807319641,0
C_FORECAST_1,all_blocks,centered,109,0.006062176078557968,0
C_FORECAST_1,all_blocks,centered,110,0.0060422709211707115,0
C_FORECAST_1,all_blocks,centered,111,0.005997087806463242,0
C_FORECAST_1,all_blocks,centered,112,0.005918446462601423,0
C_FORECAST_1,all_blocks,centered,113,0.005865240469574928,0
C_FORECAST_1,all_blocks,centered,114,0.005863133817911148,0
C_FORECAST_1,all_blocks,centered,115,0.005832653492689133,0
C_FORECAST_1,all_blocks,centered,116,0.005812069401144981,0
C_FORECAST_1,all_blocks,centered,117,0.005793828517198563,0
C_FORECAST_1,all_blocks,centered,118,0.0057493154890835285,0
C_FORECAST_1,all_blocks,centered,119,0.005715483333915472,0
C_FORECAST_1,all_blocks,centered,120,0.005700295325368643,0
C_FORECAST_1,all_blocks,centered,121,0.005688220728188753,0
C_FORECAST_1,all_blocks,centered,122,0.0056336140260100365,0
C_FORECAST_1,all_blocks,centered,123,0.005614904686808586,0
C_FORECAST_1,all_blocks,centered,124,0.005567498505115509,0
C_FORECAST_1,all_blocks,centered,125,0.005515312310308218,0
C_FORECAST_1,all_blocks,centered,126,0.005502545740455389,0
C_FORECAST_1,all_blocks,centered,127,0.005482303444296122,0
C_FORECAST_1,all_blocks,centered,128,0.005460913293063641,0
C_FORECAST_1,all_blocks,centered,129,0.005435130558907986,0
C_FORECAST_1,all_blocks,centered,130,0.005394095089286566,0
C_FORECAST_1,all_blocks,centered,131,0.005363374948501587,0
C_FORECAST_1,all_blocks,centered,132,0.005335899069905281,0
C_FORECAST_1,all_blocks,centered,133,0.00532574113458395,0
C_FORECAST_1,all_blocks,centered,134,0.005321849137544632,0
C_FORECAST_1,all_blocks,centered,135,0.005294950678944588,0
C_FORECAST_1,all_blocks,centered,136,0.00528271310031414,0
C_FORECAST_1,all_blocks,centered,137,0.005245049949735403,0
C_FORECAST_1,all_blocks,centered,138,0.0051772757433354855,0
C_FORECAST_1,all_blocks,centered,139,0.0051734959706664085,0
C_FORECAST_1,all_blocks,centered,140,0.005156070925295353,0
C_FORECAST_1,all_blocks,centered,141,0.005140330176800489,0
C_FORECAST_1,all_blocks,centered,142,0.005113129038363695,0
C_FORECAST_1,all_blocks,centered,143,0.005075248423963785,0
C_FORECAST_1,all_blocks,centered,144,0.005066021345555782,0
C_FORECAST_1,all_blocks,centered,145,0.0050470405258238316,0
C_FORECAST_1,all_blocks,centered,146,0.005009856075048447,0
C_FORECAST_1,all_blocks,centered,147,0.004973151255398989,0
C_FORECAST_1,all_blocks,centered,148,0.004971659276634455,0
C_FORECAST_1,all_blocks,centered,149,0.004961556755006313,0
C_FORECAST_1,all_blocks,centered,150,0.0049006156623363495,0
C_FORECAST_1,all_blocks,centered,151,0.00487876869738102,0
C_FORECAST_1,all_blocks,centered,152,0.004870698321610689,0
C_FORECAST_1,all_blocks,centered,153,0.004864030983299017,0
C_FORECAST_1,all_blocks,centered,154,0.004842178430408239,0
C_FORECAST_1,all_blocks,centered,155,0.0048338123597204685,0
C_FORECAST_1,all_blocks,centered,156,0.004812588915228844,0
C_FORECAST_1,all_blocks,centered,157,0.004763040225952864,0
C_FORECAST_1,all_blocks,centered,158,0.0047436184249818325,0
C_FORECAST_1,all_blocks,centered,159,0.00472200196236372,0
C_FORECAST_1,all_blocks,centered,160,0.004706525709480047,0
C_FORECAST_1,all_blocks,centered,161,0.004691496025770903,0
C_FORECAST_1,all_blocks,centered,162,0.004641725216060877,0
C_FORECAST_1,all_blocks,centered,163,0.0046412586234509945,0
C_FORECAST_1,all_blocks,centered,164,0.00461167749017477,0
C_FORECAST_1,all_blocks,centered,165,0.004602683242410421,0
C_FORECAST_1,all_blocks,centered,166,0.004589550197124481,0
C_FORECAST_1,all_blocks,centered,167,0.00456780381500721,0
C_FORECAST_1,all_blocks,centered,168,0.004550124518573284,0
C_FORECAST_1,all_blocks,centered,169,0.00452616810798645,0
C_FORECAST_1,all_blocks,centered,170,0.004523357376456261,0
C_FORECAST_1,all_blocks,centered,171,0.004496167879551649,0
C_FORECAST_1,all_blocks,centered,172,0.004484012722969055,0
C_FORECAST_1,all_blocks,centered,173,0.0044587948359549046,0
C_FORECAST_1,all_blocks,centered,174,0.004446325823664665,0
C_FORECAST_1,all_blocks,centered,175,0.004422815516591072,0
C_FORECAST_1,all_blocks,centered,176,0.004403098486363888,0
C_FORECAST_1,all_blocks,centered,177,0.004378309939056635,0
C_FORECAST_1,all_blocks,centered,178,0.004347589332610369,0
C_FORECAST_1,all_blocks,centered,179,0.00433721486479044,0
C_FORECAST_1,all_blocks,centered,180,0.0043229516595602036,0
C_FORECAST_1,all_blocks,centered,181,0.004308749921619892,0
C_FORECAST_1,all_blocks,centered,182,0.004294324200600386,0
C_FORECAST_1,all_blocks,centered,183,0.004264596849679947,0
C_FORECAST_1,all_blocks,centered,184,0.004258031956851482,0
C_FORECAST_1,all_blocks,centered,185,0.004253143910318613,0
C_FORECAST_1,all_blocks,centered,186,0.004242354072630405,0
C_FORECAST_1,all_blocks,centered,187,0.004215989261865616,0
C_FORECAST_1,all_blocks,centered,188,0.004214189015328884,0
C_FORECAST_1,all_blocks,centered,189,0.0042011430487036705,0
C_FORECAST_1,all_blocks,centered,190,0.004178662318736315,0
C_FORECAST_1,all_blocks,centered,191,0.004167632665485144,0
C_FORECAST_1,all_blocks,centered,192,0.004137255251407623,0
C_FORECAST_1,all_blocks,centered,193,0.0041310908272862434,0
C_FORECAST_1,all_blocks,centered,194,0.0041122036054730415,0
C_FORECAST_1,all_blocks,centered,195,0.004098542965948582,0
C_FORECAST_1,all_blocks,centered,196,0.004064988344907761,0
C_FORECAST_1,all_blocks,centered,197,0.0040573058649897575,0
C_FORECAST_1,all_blocks,centered,198,0.0040153865702450275,0
C_FORECAST_1,all_blocks,centered,199,0.004012925084680319,0
C_FORECAST_1,all_blocks,centered,200,0.003998388536274433,0
C_FORECAST_1,all_blocks,centered,201,0.003986523486673832,0
C_FORECAST_1,all_blocks,centered,202,0.003969868179410696,0
C_FORECAST_1,all_blocks,centered,203,0.003958235494792461,0
C_FORECAST_1,all_blocks,centered,204,0.003944003954529762,0
C_FORECAST_1,all_blocks,centered,205,0.003939283546060324,0
C_FORECAST_1,all_blocks,centered,206,0.003915259148925543,0
C_FORECAST_1,all_blocks,centered,207,0.003887302242219448,0
C_FORECAST_1,all_blocks,centered,208,0.0038833615835756063,0
C_FORECAST_1,all_blocks,centered,209,0.003854060312733054,0
C_FORECAST_1,all_blocks,centered,210,0.003852947847917676,0
C_FORECAST_1,all_blocks,centered,211,0.0038460635114461184,0
C_FORECAST_1,all_blocks,centered,212,0.00381163926795125,0
C_FORECAST_1,all_blocks,centered,213,0.0038085132837295532,0
C_FORECAST_1,all_blocks,centered,214,0.003795479191467166,0
C_FORECAST_1,all_blocks,centered,215,0.003781544044613838,0
C_FORECAST_1,all_blocks,centered,216,0.0037667658179998398,0
C_FORECAST_1,all_blocks,centered,217,0.0037621366791427135,0
C_FORECAST_1,all_blocks,centered,218,0.003745023161172867,0
C_FORECAST_1,all_blocks,centered,219,0.003737989580258727,0
C_FORECAST_1,all_blocks,centered,220,0.003730785334482789,0
C_FORECAST_1,all_blocks,centered,221,0.0037092098500579596,0
C_FORECAST_1,all_blocks,centered,222,0.003696845145896077,0
C_FORECAST_1,all_blocks,centered,223,0.003677545813843608,0
C_FORECAST_1,all_blocks,centered,224,0.003660313319414854,0
C_FORECAST_1,all_blocks,centered,225,0.003657961031422019,0
C_FORECAST_1,all_blocks,centered,226,0.003644822631031275,0
C_FORECAST_1,all_blocks,centered,227,0.003641500137746334,0
C_FORECAST_1,all_blocks,centered,228,0.0036232094280421734,0
C_FORECAST_1,all_blocks,centered,229,0.0036167714279145002,0
C_FORECAST_1,all_blocks,centered,230,0.003592266235500574,0
C_FORECAST_1,all_blocks,centered,231,0.0035827872343361378,0
C_FORECAST_1,all_blocks,centered,232,0.0035633642692118883,0
C_FORECAST_1,all_blocks,centered,233,0.003556817537173629,0
C_FORECAST_1,all_blocks,centered,234,0.003546429332345724,0
C_FORECAST_1,all_blocks,centered,235,0.0035188535694032907,0
C_FORECAST_1,all_blocks,centered,236,0.0035125655122101307,0
C_FORECAST_1,all_blocks,centered,237,0.0035107566509395838,0
C_FORECAST_1,all_blocks,centered,238,0.0034833617974072695,0
C_FORECAST_1,all_blocks,centered,239,0.0034760497510433197,0
C_FORECAST_1,all_blocks,centered,240,0.0034617173951119184,0
C_FORECAST_1,all_blocks,centered,241,0.0034555853344500065,0
C_FORECAST_1,all_blocks,centered,242,0.003436163067817688,0
C_FORECAST_1,all_blocks,centered,243,0.0034162544179707766,0
C_FORECAST_1,all_blocks,centered,244,0.0034148877020925283,0
C_FORECAST_1,all_blocks,centered,245,0.003398322965949774,0
C_FORECAST_1,all_blocks,centered,246,0.003391025122255087,0
C_FORECAST_1,all_blocks,centered,247,0.003382550785318017,0
C_FORECAST_1,all_blocks,centered,248,0.0033676268067210913,0
C_FORECAST_1,all_blocks,centered,249,0.003356905421242118,0
C_FORECAST_1,all_blocks,centered,250,0.0033479181583970785,0
C_FORECAST_1,all_blocks,centered,251,0.0033298665657639503,0
C_FORECAST_1,all_blocks,centered,252,0.003321138909086585,0
C_FORECAST_1,all_blocks,centered,253,0.003308366984128952,0
C_FORECAST_1,all_blocks,centered,254,0.0032895386684685946,0
C_FORECAST_1,all_blocks,centered,255,0.0032883973326534033,0
C_FORECAST_1,all_blocks,centered,256,0.003265670733526349,0
C_FORECAST_1,all_blocks,centered,257,0.00326403696089983,0
C_FORECAST_1,all_blocks,centered,258,0.003245915751904249,0
C_FORECAST_1,all_blocks,centered,259,0.003239860525354743,0
C_FORECAST_1,all_blocks,centered,260,0.003221197985112667,0
C_FORECAST_1,all_blocks,centered,261,0.0032130167819559574,0
C_FORECAST_1,all_blocks,centered,262,0.003208763897418976,0
C_FORECAST_1,all_blocks,centered,263,0.0032015929464250803,0
C_FORECAST_1,all_blocks,centered,264,0.0031948124524205923,0
C_FORECAST_1,all_blocks,centered,265,0.003185732988640666,0
C_FORECAST_1,all_blocks,centered,266,0.0031719510443508625,0
C_FORECAST_1,all_blocks,centered,267,0.003160909516736865,0
C_FORECAST_1,all_blocks,centered,268,0.003149775555357337,0
C_FORECAST_1,all_blocks,centered,269,0.003145646071061492,0
C_FORECAST_1,all_blocks,centered,270,0.0031238312367349863,0
C_FORECAST_1,all_blocks,centered,271,0.003120316890999675,0
C_FORECAST_1,all_blocks,centered,272,0.0031071172561496496,0
C_FORECAST_1,all_blocks,centered,273,0.003105882089585066,0
C_FORECAST_1,all_blocks,centered,274,0.0030800923705101013,0
C_FORECAST_1,all_blocks,centered,275,0.0030789198353886604,0
C_FORECAST_1,all_blocks,centered,276,0.003067062934860587,0
C_FORECAST_1,all_blocks,centered,277,0.0030667653772979975,0
C_FORECAST_1,all_blocks,centered,278,0.003033662913367152,0
C_FORECAST_1,all_blocks,centered,279,0.0030265727546066046,0
C_FORECAST_1,all_blocks,centered,280,0.0030230332631617785,0
C_FORECAST_1,all_blocks,centered,281,0.003017659531906247,0
C_FORECAST_1,all_blocks,centered,282,0.0030071234796196222,0
C_FORECAST_1,all_blocks,centered,283,0.0030008626636117697,0
C_FORECAST_1,all_blocks,centered,284,0.0029921764507889748,0
C_FORECAST_1,all_blocks,centered,285,0.0029755025170743465,0
C_FORECAST_1,all_blocks,centered,286,0.002972196787595749,0
C_FORECAST_1,all_blocks,centered,287,0.0029683345928788185,0
C_FORECAST_1,all_blocks,centered,288,0.002955511212348938,0
C_FORECAST_1,all_blocks,centered,289,0.0029466203413903713,0
C_FORECAST_1,all_blocks,centered,290,0.0029303927440196276,0
C_FORECAST_1,all_blocks,centered,291,0.002926910063251853,0
C_FORECAST_1,all_blocks,centered,292,0.002912194700911641,0
C_FORECAST_1,all_blocks,centered,293,0.0029103539418429136,0
C_FORECAST_1,all_blocks,centered,294,0.0029007589910179377,0
C_FORECAST_1,all_blocks,centered,295,0.002895642537623644,0
C_FORECAST_1,all_blocks,centered,296,0.002879667328670621,0
C_FORECAST_1,all_blocks,centered,297,0.0028689370956271887,0
C_FORECAST_1,all_blocks,centered,298,0.0028596753254532814,0
C_FORECAST_1,all_blocks,centered,299,0.0028520002961158752,0
C_FORECAST_1,all_blocks,centered,300,0.0028463362250477076,0
C_FORECAST_1,all_blocks,centered,301,0.0028406186029314995,0
C_FORECAST_1,all_blocks,centered,302,0.0028288557659834623,0
C_FORECAST_1,all_blocks,centered,303,0.002827489748597145,0
C_FORECAST_1,all_blocks,centered,304,0.0028120081406086683,0
C_FORECAST_1,all_blocks,centered,305,0.0028033980634063482,0
C_FORECAST_1,all_blocks,centered,306,0.0027890948113054037,0
C_FORECAST_1,all_blocks,centered,307,0.0027798740193247795,0
C_FORECAST_1,all_blocks,centered,308,0.0027716937474906445,0
C_FORECAST_1,all_blocks,centered,309,0.002760284813120961,0
C_FORECAST_1,all_blocks,centered,310,0.0027535930275917053,0
C_FORECAST_1,all_blocks,centered,311,0.002752529690042138,0
C_FORECAST_1,all_blocks,centered,312,0.0027397111989557743,0
C_FORECAST_1,all_blocks,centered,313,0.0027324571274220943,0
C_FORECAST_1,all_blocks,centered,314,0.0027170891407877207,0
C_FORECAST_1,all_blocks,centered,315,0.002713305177167058,0
C_FORECAST_1,all_blocks,centered,316,0.0027021504938602448,0
C_FORECAST_1,all_blocks,centered,317,0.0026919569354504347,0
C_FORECAST_1,all_blocks,centered,318,0.002691107103601098,0
C_FORECAST_1,all_blocks,centered,319,0.0026783074717968702,0
C_FORECAST_1,all_blocks,centered,320,0.0026682657189667225,0
C_FORECAST_1,all_blocks,centered,321,0.00266362726688385,0
C_FORECAST_1,all_blocks,centered,322,0.0026629820931702852,0
C_FORECAST_1,all_blocks,centered,323,0.002651188289746642,0
C_FORECAST_1,all_blocks,centered,324,0.002650805050507188,0
C_FORECAST_1,all_blocks,centered,325,0.002634944161400199,0
C_FORECAST_1,all_blocks,centered,326,0.0026334302965551615,0
C_FORECAST_1,all_blocks,centered,327,0.002614990109577775,0
C_FORECAST_1,all_blocks,centered,328,0.002606322057545185,0
C_FORECAST_1,all_blocks,centered,329,0.0025992305018007755,0
C_FORECAST_1,all_blocks,centered,330,0.002584894886240363,0
C_FORECAST_1,all_blocks,centered,331,0.0025831807870417833,0
C_FORECAST_1,all_blocks,centered,332,0.0025793761014938354,0
C_FORECAST_1,all_blocks,centered,333,0.002573406556621194,0
C_FORECAST_1,all_blocks,centered,334,0.002569309901446104,0
C_FORECAST_1,all_blocks,centered,335,0.0025670609902590513,0
C_FORECAST_1,all_blocks,centered,336,0.002558748237788677,0
C_FORECAST_1,all_blocks,centered,337,0.002546559786424041,0
C_FORECAST_1,all_blocks,centered,338,0.0025365196634083986,0
C_FORECAST_1,all_blocks,centered,339,0.002527184784412384,0
C_FORECAST_1,all_blocks,centered,340,0.002525955904275179,0
C_FORECAST_1,all_blocks,centered,341,0.002514652209356427,0
C_FORECAST_1,all_blocks,centered,342,0.00250052148476243,0
C_FORECAST_1,all_blocks,centered,343,0.0024988935329020023,0
C_FORECAST_1,all_blocks,centered,344,0.002497402485460043,0
C_FORECAST_1,all_blocks,centered,345,0.0024839630350470543,0
C_FORECAST_1,all_blocks,centered,346,0.0024798696395009756,0
C_FORECAST_1,all_blocks,centered,347,0.002471132902428508,0
C_FORECAST_1,all_blocks,centered,348,0.0024704367388039827,0
C_FORECAST_1,all_blocks,centered,349,0.0024581863544881344,0
C_FORECAST_1,all_blocks,centered,350,0.002451803768053651,0
C_FORECAST_1,all_blocks,centered,351,0.0024477816186845303,0
C_FORECAST_1,all_blocks,centered,352,0.0024292832240462303,0
C_FORECAST_1,all_blocks,centered,353,0.0024260636419057846,0
C_FORECAST_1,all_blocks,centered,354,0.002420624950900674,0
C_FORECAST_1,all_blocks,centered,355,0.0024106106720864773,0
C_FORECAST_1,all_blocks,centered,356,0.0023958380334079266,0
C_FORECAST_1,all_blocks,centered,357,0.0023931923788040876,0
C_FORECAST_1,all_blocks,centered,358,0.0023891297169029713,0
C_FORECAST_1,all_blocks,centered,359,0.0023763140197843313,0
C_FORECAST_1,all_blocks,centered,360,0.002375392708927393,0
C_FORECAST_1,all_blocks,centered,361,0.002361369552090764,0
C_FORECAST_1,all_blocks,centered,362,0.0023533611092716455,0
C_FORECAST_1,all_blocks,centered,363,0.002349145943298936,0
C_FORECAST_1,all_blocks,centered,364,0.0023465275298804045,0
C_FORECAST_1,all_blocks,centered,365,0.0023346873931586742,0
C_FORECAST_1,all_blocks,centered,366,0.002326266374439001,0
C_FORECAST_1,all_blocks,centered,367,0.0023187194019556046,0
C_FORECAST_1,all_blocks,centered,368,0.002314553828909993,0
C_FORECAST_1,all_blocks,centered,369,0.0023132767528295517,0
C_FORECAST_1,all_blocks,centered,370,0.0023127677850425243,0
C_FORECAST_1,all_blocks,centered,371,0.0022960936184972525,0
C_FORECAST_1,all_blocks,centered,372,0.0022921664640307426,0
C_FORECAST_1,all_blocks,centered,373,0.0022908132523298264,0
C_FORECAST_1,all_blocks,centered,374,0.002282318426296115,0
C_FORECAST_1,all_blocks,centered,375,0.0022773551754653454,0
C_FORECAST_1,all_blocks,centered,376,0.00225843652151525,0
C_FORECAST_1,all_blocks,centered,377,0.002248549135401845,0
C_FORECAST_1,all_blocks,centered,378,0.002246235264465213,0
C_FORECAST_1,all_blocks,centered,379,0.002239594701677561,0
C_FORECAST_1,all_blocks,centered,380,0.002238541143015027,0
C_FORECAST_1,all_blocks,centered,381,0.0022234609350562096,0
C_FORECAST_1,all_blocks,centered,382,0.0022195761557668447,0
C_FORECAST_1,all_blocks,centered,383,0.0022162622772157192,0
C_FORECAST_1,all_blocks,centered,384,0.0022161381784826517,0
C_FORECAST_1,all_blocks,centered,385,0.0022049169056117535,0
C_FORECAST_1,all_blocks,centered,386,0.002203727141022682,0
C_FORECAST_1,all_blocks,centered,387,0.002186434343457222,0
C_FORECAST_1,all_blocks,centered,388,0.002184947021305561,0
C_FORECAST_1,all_blocks,centered,389,0.0021803202107548714,0
C_FORECAST_1,all_blocks,centered,390,0.002177493181079626,0
C_FORECAST_1,all_blocks,centered,391,0.00216995133087039,0
C_FORECAST_1,all_blocks,centered,392,0.002169425133615732,0
C_FORECAST_1,all_blocks,centered,393,0.0021618278697133064,0
C_FORECAST_1,all_blocks,centered,394,0.002153445268049836,0
C_FORECAST_1,all_blocks,centered,395,0.002145964652299881,0
C_FORECAST_1,all_blocks,centered,396,0.002139610704034567,0
C_FORECAST_1,all_blocks,centered,397,0.0021384553983807564,0
C_FORECAST_1,all_blocks,centered,398,0.002134316600859165,0
C_FORECAST_1,all_blocks,centered,399,0.0021225307136774063,0
C_FORECAST_1,all_blocks,centered,400,0.0021126882638782263,0
C_FORECAST_1,all_blocks,centered,401,0.0021087918430566788,0
C_FORECAST_1,all_blocks,centered,402,0.002101714489981532,0
C_FORECAST_1,all_blocks,centered,403,0.0020961419213563204,0
C_FORECAST_1,all_blocks,centered,404,0.002086443128064275,0
C_FORECAST_1,all_blocks,centered,405,0.002082706894725561,0
C_FORECAST_1,all_blocks,centered,406,0.002081790240481496,0
C_FORECAST_1,all_blocks,centered,407,0.002073778538033366,0
C_FORECAST_1,all_blocks,centered,408,0.0020663163159042597,0
C_FORECAST_1,all_blocks,centered,409,0.002064003609120846,0
C_FORECAST_1,all_blocks,centered,410,0.0020520559046417475,0
C_FORECAST_1,all_blocks,centered,411,0.0020509324967861176,0
C_FORECAST_1,all_blocks,centered,412,0.0020466407295316458,0
C_FORECAST_1,all_blocks,centered,413,0.002045844914391637,0
C_FORECAST_1,all_blocks,centered,414,0.0020384201779961586,0
C_FORECAST_1,all_blocks,centered,415,0.0020276426803320646,0
C_FORECAST_1,all_blocks,centered,416,0.0020206826739013195,0
C_FORECAST_1,all_blocks,centered,417,0.0020192565862089396,0
C_FORECAST_1,all_blocks,centered,418,0.002017345977947116,0
C_FORECAST_1,all_blocks,centered,419,0.002008311217650771,0
C_FORECAST_1,all_blocks,centered,420,0.0020016750786453485,0
C_FORECAST_1,all_blocks,centered,421,0.0020009104628115892,0
C_FORECAST_1,all_blocks,centered,422,0.0020001728553324938,0
C_FORECAST_1,all_blocks,centered,423,0.001986005110666156,0
C_FORECAST_1,all_blocks,centered,424,0.0019833389669656754,0
C_FORECAST_1,all_blocks,centered,425,0.001980719156563282,0
C_FORECAST_1,all_blocks,centered,426,0.0019751018844544888,0
C_FORECAST_1,all_blocks,centered,427,0.0019708811305463314,0
C_FORECAST_1,all_blocks,centered,428,0.0019597667269408703,0
C_FORECAST_1,all_blocks,centered,429,0.0019520551431924105,0
C_FORECAST_1,all_blocks,centered,430,0.0019491882994771004,0
C_FORECAST_1,all_blocks,centered,431,0.0019481037743389606,0
C_FORECAST_1,all_blocks,centered,432,0.0019388601649552584,0
C_FORECAST_1,all_blocks,centered,433,0.0019373734248802066,0
C_FORECAST_1,all_blocks,centered,434,0.001922265742905438,0
C_FORECAST_1,all_blocks,centered,435,0.0019154393812641501,0
C_FORECAST_1,all_blocks,centered,436,0.0019116944167762995,0
C_FORECAST_1,all_blocks,centered,437,0.0019082633079960942,0
C_FORECAST_1,all_blocks,centered,438,0.00190525664947927,0
C_FORECAST_1,all_blocks,centered,439,0.0019040569895878434,0
C_FORECAST_1,all_blocks,centered,440,0.0018931193044409156,0
C_FORECAST_1,all_blocks,centered,441,0.0018911509541794658,0
C_FORECAST_1,all_blocks,centered,442,0.0018850122578442097,0
C_FORECAST_1,all_blocks,centered,443,0.001881081028841436,0
C_FORECAST_1,all_blocks,centered,444,0.0018789076711982489,0
C_FORECAST_1,all_blocks,centered,445,0.0018697509076446295,0
C_FORECAST_1,all_blocks,centered,446,0.0018690908327698708,0
C_FORECAST_1,all_blocks,centered,447,0.001868287567049265,0
C_FORECAST_1,all_blocks,centered,448,0.0018605400109663606,0
C_FORECAST_1,all_blocks,centered,449,0.0018590237013995647,0
C_FORECAST_1,all_blocks,centered,450,0.0018445634050294757,0
C_FORECAST_1,all_blocks,centered,451,0.0018443051958456635,0
C_FORECAST_1,all_blocks,centered,452,0.0018427888862788677,0
C_FORECAST_1,all_blocks,centered,453,0.0018301698146387935,0
C_FORECAST_1,all_blocks,centered,454,0.0018259980715811253,0
C_FORECAST_1,all_blocks,centered,455,0.0018225107342004776,0
C_FORECAST_1,all_blocks,centered,456,0.0018188863759860396,0
C_FORECAST_1,all_blocks,centered,457,0.0018111279932782054,0
C_FORECAST_1,all_blocks,centered,458,0.0018059859285131097,0
C_FORECAST_1,all_blocks,centered,459,0.0018011890351772308,0
C_FORECAST_1,all_blocks,centered,460,0.0017995127709582448,0
C_FORECAST_1,all_blocks,centered,461,0.001795000396668911,0
C_FORECAST_1,all_blocks,centered,462,0.0017886010464280844,0
C_FORECAST_1,all_blocks,centered,463,0.0017862670356407762,0
C_FORECAST_1,all_blocks,centered,464,0.0017814195016399026,0
C_FORECAST_1,all_blocks,centered,465,0.0017737757880240679,0
C_FORECAST_1,all_blocks,centered,466,0.0017683106707409024,0
C_FORECAST_1,all_blocks,centered,467,0.001763422740623355,0
C_FORECAST_1,all_blocks,centered,468,0.001760275918059051,0
C_FORECAST_1,all_blocks,centered,469,0.0017548605101183057,0
C_FORECAST_1,all_blocks,centered,470,0.001752927084453404,0
C_FORECAST_1,all_blocks,centered,471,0.0017519289394840598,0
C_FORECAST_1,all_blocks,centered,472,0.0017408820567652583,0
C_FORECAST_1,all_blocks,centered,473,0.0017379623604938388,0
C_FORECAST_1,all_blocks,centered,474,0.001733889919705689,0
C_FORECAST_1,all_blocks,centered,475,0.0017302405321970582,0
C_FORECAST_1,all_blocks,centered,476,0.0017288547242060304,0
C_FORECAST_1,all_blocks,centered,477,0.001724984380416572,0
C_FORECAST_1,all_blocks,centered,478,0.0017181702423840761,0
C_FORECAST_1,all_blocks,centered,479,0.0017113968497142196,0
C_FORECAST_1,all_blocks,centered,480,0.0017039593076333404,0
C_FORECAST_1,all_blocks,centered,481,0.0017023106338456273,0
C_FORECAST_1,all_blocks,centered,482,0.0016956296749413013,0
C_FORECAST_1,all_blocks,centered,483,0.0016940596979111433,0
C_FORECAST_1,all_blocks,centered,484,0.0016917753964662552,0
C_FORECAST_1,all_blocks,centered,485,0.0016869837418198586,0
C_FORECAST_1,all_blocks,centered,486,0.0016774394316598773,0
C_FORECAST_1,all_blocks,centered,487,0.0016749845817685127,0
C_FORECAST_1,all_blocks,centered,488,0.0016731941141188145,0
C_FORECAST_1,all_blocks,centered,489,0.001667563570663333,0
C_FORECAST_1,all_blocks,centered,490,0.001666784635744989,0
C_FORECAST_1,all_blocks,centered,491,0.001655690255574882,0
C_FORECAST_1,all_blocks,centered,492,0.0016554684843868017,0
C_FORECAST_1,all_blocks,centered,493,0.001648745615966618,0
C_FORECAST_1,all_blocks,centered,494,0.0016477436292916536,0
C_FORECAST_1,all_blocks,centered,495,0.0016453341813758016,0
C_FORECAST_1,all_blocks,centered,496,0.001640294911339879,0
C_FORECAST_1,all_blocks,centered,497,0.0016313480446115136,0
C_FORECAST_1,all_blocks,centered,498,0.0016295249806717038,0
C_FORECAST_1,all_blocks,centered,499,0.0016246603336185217,0
C_FORECAST_1,all_blocks,centered,500,0.0016238385578617454,0
C_FORECAST_1,all_blocks,centered,501,0.0016182565595954657,0
C_FORECAST_1,all_blocks,centered,502,0.0016136610647663474,0
C_FORECAST_1,all_blocks,centered,503,0.001608581282198429,0
C_FORECAST_1,all_blocks,centered,504,0.0016018885653465986,0
C_FORECAST_1,all_blocks,centered,505,0.0016015168512240052,0
C_FORECAST_1,all_blocks,centered,506,0.0015940098091959953,0
C_FORECAST_1,all_blocks,centered,507,0.001591542619280517,0
C_FORECAST_1,all_blocks,centered,508,0.001587376813404262,0
C_FORECAST_1,all_blocks,centered,509,0.0015846781898289919,0
C_FORECAST_1,all_blocks,centered,510,0.0015821392880752683,0
C_FORECAST_1,all_blocks,centered,511,0.001574865193106234,0
C_FORECAST_1,all_blocks,centered,512,0.001569355488754809,0
C_FORECAST_1,all_blocks,centered,513,0.001568222651258111,0
C_FORECAST_1,all_blocks,centered,514,0.0015640589408576488,0
C_FORECAST_1,all_blocks,centered,515,0.0015630414709448814,0
C_FORECAST_1,all_blocks,centered,516,0.0015567063819617033,0
C_FORECAST_1,all_blocks,centered,517,0.0015511676901951432,0
C_FORECAST_1,all_blocks,centered,518,0.0015456159599125385,0
C_FORECAST_1,all_blocks,centered,519,0.0015442597214132547,0
C_FORECAST_1,all_blocks,centered,520,0.001540209399536252,0
C_FORECAST_1,all_blocks,centered,521,0.001531144487671554,0
C_FORECAST_1,all_blocks,centered,522,0.0015303130494430661,0
C_FORECAST_1,all_blocks,centered,523,0.0015261010266840458,0
C_FORECAST_1,all_blocks,centered,524,0.0015234677121043205,0
C_FORECAST_1,all_blocks,centered,525,0.0015178885078057647,0
C_FORECAST_1,all_blocks,centered,526,0.0015156922163441777,0
C_FORECAST_1,all_blocks,centered,527,0.0015155506553128362,0
C_FORECAST_1,all_blocks,centered,528,0.001509960973635316,0
C_FORECAST_1,all_blocks,centered,529,0.0015088088111951947,0
C_FORECAST_1,all_blocks,centered,530,0.0015003510052338243,0
C_FORECAST_1,all_blocks,centered,531,0.0014961260603740811,0
C_FORECAST_1,all_blocks,centered,532,0.0014891942264512181,0
C_FORECAST_1,all_blocks,centered,533,0.001488948822952807,0
C_FORECAST_1,all_blocks,centered,534,0.0014839011710137129,0
C_FORECAST_1,all_blocks,centered,535,0.0014833894092589617,0
C_FORECAST_1,all_blocks,centered,536,0.0014797357143834233,0
C_FORECAST_1,all_blocks,centered,537,0.0014770175330340862,0
C_FORECAST_1,all_blocks,centered,538,0.0014731765259057283,0
C_FORECAST_1,all_blocks,centered,539,0.001469558454118669,0
C_FORECAST_1,all_blocks,centered,540,0.0014676658902317286,0
C_FORECAST_1,all_blocks,centered,541,0.0014594662934541702,0
C_FORECAST_1,all_blocks,centered,542,0.0014555512461811304,0
C_FORECAST_1,all_blocks,centered,543,0.0014520951081067324,0
C_FORECAST_1,all_blocks,centered,544,0.0014505472499877214,0
C_FORECAST_1,all_blocks,centered,545,0.0014483508421108127,0
C_FORECAST_1,all_blocks,centered,546,0.0014423903776332736,0
C_FORECAST_1,all_blocks,centered,547,0.0014410970034077764,0
C_FORECAST_1,all_blocks,centered,548,0.0014382080407813191,0
C_FORECAST_1,all_blocks,centered,549,0.001430080272257328,0
C_FORECAST_1,all_blocks,centered,550,0.0014296708395704627,0
C_FORECAST_1,all_blocks,centered,551,0.0014268042286857963,0
C_FORECAST_1,all_blocks,centered,552,0.001422740169800818,0
C_FORECAST_1,all_blocks,centered,553,0.0014201648300513625,0
C_FORECAST_1,all_blocks,centered,554,0.0014082613633945584,0
C_FORECAST_1,all_blocks,centered,555,0.0014071414479985833,0
C_FORECAST_1,all_blocks,centered,556,0.0014065724099054933,0
C_FORECAST_1,all_blocks,centered,557,0.001405000570230186,0
C_FORECAST_1,all_blocks,centered,558,0.0013969952706247568,0
C_FORECAST_1,all_blocks,centered,559,0.0013953510206192732,0
C_FORECAST_1,all_blocks,centered,560,0.0013940510107204318,0
C_FORECAST_1,all_blocks,centered,561,0.0013894287403672934,0
C_FORECAST_1,all_blocks,centered,562,0.0013892954448238015,0
C_FORECAST_1,all_blocks,centered,563,0.0013829602394253016,0
C_FORECAST_1,all_blocks,centered,564,0.0013779576402157545,0
C_FORECAST_1,all_blocks,centered,565,0.0013736379332840443,0
C_FORECAST_1,all_blocks,centered,566,0.0013659638352692127,0
C_FORECAST_1,all_blocks,centered,567,0.0013631947804242373,0
C_FORECAST_1,all_blocks,centered,568,0.001362003618851304,0
C_FORECAST_1,all_blocks,centered,569,0.0013617813820019364,0
C_FORECAST_1,all_blocks,centered,570,0.001358646433800459,0
C_FORECAST_1,all_blocks,centered,571,0.0013503886293619871,0
C_FORECAST_1,all_blocks,centered,572,0.0013499928172677755,0
C_FORECAST_1,all_blocks,centered,573,0.001348436577245593,0
C_FORECAST_1,all_blocks,centered,574,0.0013478376204147935,0
C_FORECAST_1,all_blocks,centered,575,0.0013417719164863229,0
C_FORECAST_1,all_blocks,centered,576,0.0013387749204412103,0
C_FORECAST_1,all_blocks,centered,577,0.0013282665750011802,0
C_FORECAST_1,all_blocks,centered,578,0.0013272084761410952,0
C_FORECAST_1,all_blocks,centered,579,0.0013239140389487147,0
C_FORECAST_1,all_blocks,centered,580,0.0013228614116087556,0
C_FORECAST_1,all_blocks,centered,581,0.0013227816671133041,0
C_FORECAST_1,all_blocks,centered,582,0.0013170588063076138,0
C_FORECAST_1,all_blocks,centered,583,0.0013120169751346111,0
C_FORECAST_1,all_blocks,centered,584,0.0013106883270666003,0
C_FORECAST_1,all_blocks,centered,585,0.0013036923483014107,0
C_FORECAST_1,all_blocks,centered,586,0.00130176218226552,0
C_FORECAST_1,all_blocks,centered,587,0.0013016267912462354,0
C_FORECAST_1,all_blocks,centered,588,0.0012974112760275602,0
C_FORECAST_1,all_blocks,centered,589,0.0012965359492227435,0
C_FORECAST_1,all_blocks,centered,590,0.0012917498825117946,0
C_FORECAST_1,all_blocks,centered,591,0.001284669153392315,0
C_FORECAST_1,all_blocks,centered,592,0.0012808653991669416,0
C_FORECAST_1,all_blocks,centered,593,0.001280203927308321,0
C_FORECAST_1,all_blocks,centered,594,0.0012799022952094674,0
C_FORECAST_1,all_blocks,centered,595,0.0012777094962075353,0
C_FORECAST_1,all_blocks,centered,596,0.001276689232327044,0
C_FORECAST_1,all_blocks,centered,597,0.0012707618298009038,0
C_FORECAST_1,all_blocks,centered,598,0.001265784609131515,0
C_FORECAST_1,all_blocks,centered,599,0.0012655667960643768,0
C_FORECAST_1,all_blocks,centered,600,0.0012645259266719222,0
C_FORECAST_1,all_blocks,centered,601,0.0012566448422148824,0
C_FORECAST_1,all_blocks,centered,602,0.001248662476427853,0
C_FORECAST_1,all_blocks,centered,603,0.0012478298740461469,0
C_FORECAST_1,all_blocks,centered,604,0.0012440270511433482,0
C_FORECAST_1,all_blocks,centered,605,0.0012378467945382,0
C_FORECAST_1,all_blocks,centered,606,0.001236363430507481,0
C_FORECAST_1,all_blocks,centered,607,0.0012333631748333573,0
C_FORECAST_1,all_blocks,centered,608,0.0012329797027632594,0
C_FORECAST_1,all_blocks,centered,609,0.0012325721327215433,0
C_FORECAST_1,all_blocks,centered,610,0.0012299863155931234,0
C_FORECAST_1,all_blocks,centered,611,0.0012249534483999014,0
C_FORECAST_1,all_blocks,centered,612,0.0012201039353385568,0
C_FORECAST_1,all_blocks,centered,613,0.0012193034635856748,0
C_FORECAST_1,all_blocks,centered,614,0.0012138596503064036,0
C_FORECAST_1,all_blocks,centered,615,0.0012094606645405293,0
C_FORECAST_1,all_blocks,centered,616,0.0012070611119270325,0
C_FORECAST_1,all_blocks,centered,617,0.0012045089388266206,0
C_FORECAST_1,all_blocks,centered,618,0.0012000520946457982,0
C_FORECAST_1,all_blocks,centered,619,0.0011988511541858315,0
C_FORECAST_1,all_blocks,centered,620,0.0011962979333475232,0
C_FORECAST_1,all_blocks,centered,621,0.001194185926578939,0
C_FORECAST_1,all_blocks,centered,622,0.001189987757243216,0
C_FORECAST_1,all_blocks,centered,623,0.0011856085620820522,0
C_FORECAST_1,all_blocks,centered,624,0.0011842265957966447,0
C_FORECAST_1,all_blocks,centered,625,0.0011840860825031996,0
C_FORECAST_1,all_blocks,centered,626,0.0011802543886005878,0
C_FORECAST_1,all_blocks,centered,627,0.0011764843948185444,0
C_FORECAST_1,all_blocks,centered,628,0.0011761445784941316,0
C_FORECAST_1,all_blocks,centered,629,0.0011706139193847775,0
C_FORECAST_1,all_blocks,centered,630,0.0011683842167258263,0
C_FORECAST_1,all_blocks,centered,631,0.0011669177329167724,0
C_FORECAST_1,all_blocks,centered,632,0.001160198007710278,0
C_FORECAST_1,all_blocks,centered,633,0.0011584004387259483,0
C_FORECAST_1,all_blocks,centered,634,0.0011566109023988247,0
C_FORECAST_1,all_blocks,centered,635,0.0011542598949745297,0
C_FORECAST_1,all_blocks,centered,636,0.001144509413279593,0
C_FORECAST_1,all_blocks,centered,637,0.0011438034707680345,0
C_FORECAST_1,all_blocks,centered,638,0.0011433876352384686,0
C_FORECAST_1,all_blocks,centered,639,0.00114190555177629,0
C_FORECAST_1,all_blocks,centered,640,0.0011362482327967882,0
C_FORECAST_1,all_blocks,centered,641,0.0011315533192828298,0
C_FORECAST_1,all_blocks,centered,642,0.0011312620481476188,0
C_FORECAST_1,all_blocks,centered,643,0.0011311884736642241,0
C_FORECAST_1,all_blocks,centered,644,0.0011264504864811897,0
C_FORECAST_1,all_blocks,centered,645,0.001122488989494741,0
C_FORECAST_1,all_blocks,centered,646,0.001122234738431871,0
C_FORECAST_1,all_blocks,centered,647,0.0011173998937010765,0
C_FORECAST_1,all_blocks,centered,648,0.0011090337065979838,0
C_FORECAST_1,all_blocks,centered,649,0.0011051010806113482,0
C_FORECAST_1,all_blocks,centered,650,0.0011031937319785357,0
C_FORECAST_1,all_blocks,centered,651,0.0011029220186173916,0
C_FORECAST_1,all_blocks,centered,652,0.0010978246573358774,0
C_FORECAST_1,all_blocks,centered,653,0.0010968641145154834,0
C_FORECAST_1,all_blocks,centered,654,0.0010950700379908085,0
C_FORECAST_1,all_blocks,centered,655,0.0010917664039880037,0
C_FORECAST_1,all_blocks,centered,656,0.0010905382223427296,0
C_FORECAST_1,all_blocks,centered,657,0.0010897580068558455,0
C_FORECAST_1,all_blocks,centered,658,0.0010878014145419002,0
C_FORECAST_1,all_blocks,centered,659,0.0010848806705325842,0
C_FORECAST_1,all_blocks,centered,660,0.0010795866837725043,0
C_FORECAST_1,all_blocks,centered,661,0.0010765478946268559,0
C_FORECAST_1,all_blocks,centered,662,0.0010751133086159825,0
C_FORECAST_1,all_blocks,centered,663,0.0010714988457038999,0
C_FORECAST_1,all_blocks,centered,664,0.0010657691163942218,0
C_FORECAST_1,all_blocks,centered,665,0.0010652717901393771,0
C_FORECAST_1,all_blocks,centered,666,0.0010644261492416263,0
C_FORECAST_1,all_blocks,centered,667,0.0010634480277076364,0
C_FORECAST_1,all_blocks,centered,668,0.00106145313475281,0
C_FORECAST_1,all_blocks,centered,669,0.0010570890735834837,0
C_FORECAST_1,all_blocks,centered,670,0.001056718174368143,0
C_FORECAST_1,all_blocks,centered,671,0.0010562032693997025,0
C_FORECAST_1,all_blocks,centered,672,0.0010490447748452425,0
C_FORECAST_1,all_blocks,centered,673,0.001048158505000174,0
C_FORECAST_1,all_blocks,centered,674,0.0010449625551700592,0
C_FORECAST_1,all_blocks,centered,675,0.0010429436806589365,0
C_FORECAST_1,all_blocks,centered,676,0.0010360708693042397,0
C_FORECAST_1,all_blocks,centered,677,0.0010334730613976717,0
C_FORECAST_1,all_blocks,centered,678,0.0010310253128409386,0
C_FORECAST_1,all_blocks,centered,679,0.0010305154137313366,0
C_FORECAST_1,all_blocks,centered,680,0.0010303003946319222,0
C_FORECAST_1,all_blocks,centered,681,0.0010258207330480218,0
C_FORECAST_1,all_blocks,centered,682,0.001025633653625846,0
C_FORECAST_1,all_blocks,centered,683,0.0010203508427366614,0
C_FORECAST_1,all_blocks,centered,684,0.0010182493133470416,0
C_FORECAST_1,all_blocks,centered,685,0.0010135937482118607,0
C_FORECAST_1,all_blocks,centered,686,0.001010407693684101,0
C_FORECAST_1,all_blocks,centered,687,0.0010077004553750157,0
C_FORECAST_1,all_blocks,centered,688,0.0010064573725685477,0
C_FORECAST_1,all_blocks,centered,689,0.0010025505907833576,0
C_FORECAST_1,all_blocks,centered,690,0.0010011449921876192,0
C_FORECAST_1,all_blocks,centered,691,0.0009990151738747954,0
C_FORECAST_1,all_blocks,centered,692,0.0009987680241465569,0
C_FORECAST_1,all_blocks,centered,693,0.0009967918740585446,0
C_FORECAST_1,all_blocks,centered,694,0.0009932902175933123,0
C_FORECAST_1,all_blocks,centered,695,0.0009916520211845636,0
C_FORECAST_1,all_blocks,centered,696,0.0009907314088195562,0
C_FORECAST_1,all_blocks,centered,697,0.0009866144973784685,0
C_FORECAST_1,all_blocks,centered,698,0.0009852770017459989,0
C_FORECAST_1,all_blocks,centered,699,0.0009800023399293423,0
C_FORECAST_1,all_blocks,centered,700,0.0009777424857020378,0
C_FORECAST_1,all_blocks,centered,701,0.0009734033956192434,0
C_FORECAST_1,all_blocks,centered,702,0.0009703816031105816,0
C_FORECAST_1,all_blocks,centered,703,0.0009701265371404588,0
C_FORECAST_1,all_blocks,centered,704,0.0009698630892671645,0
C_FORECAST_1,all_blocks,centered,705,0.0009691473096609116,0
C_FORECAST_1,all_blocks,centered,706,0.0009646895923651755,0
C_FORECAST_1,all_blocks,centered,707,0.0009631193825043738,0
C_FORECAST_1,all_blocks,centered,708,0.0009591339621692896,0
C_FORECAST_1,all_blocks,centered,709,0.0009556540171615779,0
C_FORECAST_1,all_blocks,centered,710,0.0009534352575428784,0
C_FORECAST_1,all_blocks,centered,711,0.0009530949755571783,0
C_FORECAST_1,all_blocks,centered,712,0.0009484284673817456,0
C_FORECAST_1,all_blocks,centered,713,0.0009457619744352996,0
C_FORECAST_1,all_blocks,centered,714,0.0009443264571018517,0
C_FORECAST_1,all_blocks,centered,715,0.000943496183026582,0
C_FORECAST_1,all_blocks,centered,716,0.0009431894868612289,0
C_FORECAST_1,all_blocks,centered,717,0.0009378545801155269,0
C_FORECAST_1,all_blocks,centered,718,0.0009369565523229539,0
C_FORECAST_1,all_blocks,centered,719,0.0009331157780252397,0
C_FORECAST_1,all_blocks,centered,720,0.0009312343900091946,0
C_FORECAST_1,all_blocks,centered,721,0.000926889362744987,0
C_FORECAST_1,all_blocks,centered,722,0.0009268591529689729,0
C_FORECAST_1,all_blocks,centered,723,0.0009258321369998157,0
C_FORECAST_1,all_blocks,centered,724,0.0009208933915942907,0
C_FORECAST_1,all_blocks,centered,725,0.0009194167796522379,0
C_FORECAST_1,all_blocks,centered,726,0.0009170737466774881,0
C_FORECAST_1,all_blocks,centered,727,0.0009162731003016233,0
C_FORECAST_1,all_blocks,centered,728,0.0009142254712060094,0
C_FORECAST_1,all_blocks,centered,729,0.0009088916121982038,0
C_FORECAST_1,all_blocks,centered,730,0.000906995905097574,0
C_FORECAST_1,all_blocks,centered,731,0.000906385772395879,0
C_FORECAST_1,all_blocks,centered,732,0.0009039501310326159,0
C_FORECAST_1,all_blocks,centered,733,0.0009021165315061808,0
C_FORECAST_1,all_blocks,centered,734,0.0008993296069093049,0
C_FORECAST_1,all_blocks,centered,735,0.0008947307360358536,0
C_FORECAST_1,all_blocks,centered,736,0.0008932739146985114,0
C_FORECAST_1,all_blocks,centered,737,0.0008917194791138172,0
C_FORECAST_1,all_blocks,centered,738,0.0008893606718629599,0
C_FORECAST_1,all_blocks,centered,739,0.000886167457792908,0
C_FORECAST_1,all_blocks,centered,740,0.0008848016732372344,0
C_FORECAST_1,all_blocks,centered,741,0.0008825372206047177,0
C_FORECAST_1,all_blocks,centered,742,0.0008812783053144813,0
C_FORECAST_1,all_blocks,centered,743,0.0008794197347015142,0
C_FORECAST_1,all_blocks,centered,744,0.0008752196445129812,0
C_FORECAST_1,all_blocks,centered,745,0.0008728226530365646,0
C_FORECAST_1,all_blocks,centered,746,0.0008726883097551763,0
C_FORECAST_1,all_blocks,centered,747,0.0008709409739822149,0
C_FORECAST_1,all_blocks,centered,748,0.0008698855526745319,0
C_FORECAST_1,all_blocks,centered,749,0.0008664251654408872,0
C_FORECAST_1,all_blocks,centered,750,0.0008627817733213305,0
C_FORECAST_1,all_blocks,centered,751,0.0008596518309786916,0
C_FORECAST_1,all_blocks,centered,752,0.0008573867962695658,0
C_FORECAST_1,all_blocks,centered,753,0.0008561291033402085,0
C_FORECAST_1,all_blocks,centered,754,0.0008538707043044269,0
C_FORECAST_1,all_blocks,centered,755,0.0008534808875992894,0
C_FORECAST_1,all_blocks,centered,756,0.0008516935049556196,0
C_FORECAST_1,all_blocks,centered,757,0.0008487087325192988,0
C_FORECAST_1,all_blocks,centered,758,0.000847446674015373,0
C_FORECAST_1,all_blocks,centered,759,0.000846653594635427,0
C_FORECAST_1,all_blocks,centered,760,0.0008458724478259683,0
C_FORECAST_1,all_blocks,centered,761,0.000841215718537569,0
C_FORECAST_1,all_blocks,centered,762,0.0008395262993872166,0
C_FORECAST_1,all_blocks,centered,763,0.0008368930430151522,0
C_FORECAST_1,all_blocks,centered,764,0.0008365147514268756,0
C_FORECAST_1,all_blocks,centered,765,0.0008338219486176968,0
C_FORECAST_1,all_blocks,centered,766,0.0008319466724060476,0
C_FORECAST_1,all_blocks,centered,767,0.0008298199973069131,0
C_FORECAST_1,all_blocks,centered,768,0.0008250818937085569,0
C_FORECAST_1,all_blocks,centered,769,0.0008250130922533572,0
C_FORECAST_1,all_blocks,centered,770,0.0008240793249569833,0
C_FORECAST_1,all_blocks,centered,771,0.0008216282003559172,0
C_FORECAST_1,all_blocks,centered,772,0.0008208113722503185,0
C_FORECAST_1,all_blocks,centered,773,0.0008150159264914691,0
C_FORECAST_1,all_blocks,centered,774,0.0008126933244057,0
C_FORECAST_1,all_blocks,centered,775,0.00080998515477404,0
C_FORECAST_1,all_blocks,centered,776,0.0008099493570625782,0
C_FORECAST_1,all_blocks,centered,777,0.0008075383375398815,0
C_FORECAST_1,all_blocks,centered,778,0.0008073133649304509,0
C_FORECAST_1,all_blocks,centered,779,0.000804531155154109,0
C_FORECAST_1,all_blocks,centered,780,0.0008026966243050992,0
C_FORECAST_1,all_blocks,centered,781,0.0007998606888577342,0
C_FORECAST_1,all_blocks,centered,782,0.0007990517187863588,0
C_FORECAST_1,all_blocks,centered,783,0.0007967178826220334,0
C_FORECAST_1,all_blocks,centered,784,0.0007946296245791018,0
C_FORECAST_1,all_blocks,centered,785,0.0007916487520560622,0
C_FORECAST_1,all_blocks,centered,786,0.0007895610178820789,0
C_FORECAST_1,all_blocks,centered,787,0.0007867616950534284,0
C_FORECAST_1,all_blocks,centered,788,0.0007836728473193944,0
C_FORECAST_1,all_blocks,centered,789,0.0007819401216693223,0
C_FORECAST_1,all_blocks,centered,790,0.000781908689532429,0
C_FORECAST_1,all_blocks,centered,791,0.000779429217800498,0
C_FORECAST_1,all_blocks,centered,792,0.0007758086430840194,0
C_FORECAST_1,all_blocks,centered,793,0.0007736009429208934,0
C_FORECAST_1,all_blocks,centered,794,0.000772617815528065,0
C_FORECAST_1,all_blocks,centered,795,0.0007704200106672943,0
C_FORECAST_1,all_blocks,centered,796,0.0007703929441049695,0
C_FORECAST_1,all_blocks,centered,797,0.0007683020085096359,0
C_FORECAST_1,all_blocks,centered,798,0.0007641102420166135,0
C_FORECAST_1,all_blocks,centered,799,0.000762939453125,0
C_FORECAST_1,all_blocks,centered,800,0.0007628629682585597,0
C_FORECAST_1,all_blocks,centered,801,0.0007613803609274328,0
C_FORECAST_1,all_blocks,centered,802,0.0007572011090815067,0
C_FORECAST_1,all_blocks,centered,803,0.000756496621761471,0
C_FORECAST_1,all_blocks,centered,804,0.0007536275079473853,0
C_FORECAST_1,all_blocks,centered,805,0.0007514642202295363,0
C_FORECAST_1,all_blocks,centered,806,0.0007508996641263366,0
C_FORECAST_1,all_blocks,centered,807,0.0007495809113606811,0
C_FORECAST_1,all_blocks,centered,808,0.0007485658279620111,0
C_FORECAST_1,all_blocks,centered,809,0.0007441100315190852,0
C_FORECAST_1,all_blocks,centered,810,0.0007431165431626141,0
C_FORECAST_1,all_blocks,centered,811,0.0007417809101752937,0
C_FORECAST_1,all_blocks,centered,812,0.0007383516058325768,0
C_FORECAST_1,all_blocks,centered,813,0.0007382286712527275,0
C_FORECAST_1,all_blocks,centered,814,0.0007367763319052756,0
C_FORECAST_1,all_blocks,centered,815,0.0007361568859778345,0
C_FORECAST_1,all_blocks,centered,816,0.0007349412189796567,0
C_FORECAST_1,all_blocks,centered,817,0.0007282334263436496,0
C_FORECAST_1,all_blocks,centered,818,0.0007253380608744919,0
C_FORECAST_1,all_blocks,centered,819,0.0007248049369081855,0
C_FORECAST_1,all_blocks,centered,820,0.0007242593565024436,0
C_FORECAST_1,all_blocks,centered,821,0.0007222493295557797,0
C_FORECAST_1,all_blocks,centered,822,0.0007210184121504426,0
C_FORECAST_1,all_blocks,centered,823,0.0007166278664954007,0
C_FORECAST_1,all_blocks,centered,824,0.0007152629550546408,0
C_FORECAST_1,all_blocks,centered,825,0.0007150521851144731,0
C_FORECAST_1,all_blocks,centered,826,0.0007113533793017268,0
C_FORECAST_1,all_blocks,centered,827,0.000710478809196502,0
C_FORECAST_1,all_blocks,centered,828,0.0007087955018505454,0
C_FORECAST_1,all_blocks,centered,829,0.0007085215765982866,0
C_FORECAST_1,all_blocks,centered,830,0.0007065915269777179,0
C_FORECAST_1,all_blocks,centered,831,0.0007031959830783308,0
C_FORECAST_1,all_blocks,centered,832,0.0007012499845586717,0
C_FORECAST_1,all_blocks,centered,833,0.0007004152284935117,0
C_FORECAST_1,all_blocks,centered,834,0.000697634182870388,0
C_FORECAST_1,all_blocks,centered,835,0.0006974348216317594,0
C_FORECAST_1,all_blocks,centered,836,0.0006962479674257338,0
C_FORECAST_1,all_blocks,centered,837,0.000695080787409097,0
C_FORECAST_1,all_blocks,centered,838,0.000691757770255208,0
C_FORECAST_1,all_blocks,centered,839,0.0006907727802172303,0
C_FORECAST_1,all_blocks,centered,840,0.000686099287122488,0
C_FORECAST_1,all_blocks,centered,841,0.0006843637092970312,0
C_FORECAST_1,all_blocks,centered,842,0.0006843540468253195,0
C_FORECAST_1,all_blocks,centered,843,0.0006839672569185495,0
C_FORECAST_1,all_blocks,centered,844,0.0006820723065175116,0
C_FORECAST_1,all_blocks,centered,845,0.0006775098736397922,0
C_FORECAST_1,all_blocks,centered,846,0.0006748613668605685,0
C_FORECAST_1,all_blocks,centered,847,0.0006744972779415548,0
C_FORECAST_1,all_blocks,centered,848,0.0006741376128047705,0
C_FORECAST_1,all_blocks,centered,849,0.0006732134497724473,0
C_FORECAST_1,all_blocks,centered,850,0.000670652138069272,0
C_FORECAST_1,all_blocks,centered,851,0.0006706428248435259,0
C_FORECAST_1,all_blocks,centered,852,0.0006678052595816553,0
C_FORECAST_1,all_blocks,centered,853,0.000664744118694216,0
C_FORECAST_1,all_blocks,centered,854,0.0006624341476708651,0
C_FORECAST_1,all_blocks,centered,855,0.0006619196501560509,0
C_FORECAST_1,all_blocks,centered,856,0.0006611844873987138,0
C_FORECAST_1,all_blocks,centered,857,0.0006573886494152248,0
C_FORECAST_1,all_blocks,centered,858,0.000655698124319315,0
C_FORECAST_1,all_blocks,centered,859,0.0006547384546138346,0
C_FORECAST_1,all_blocks,centered,860,0.000654384377412498,0
C_FORECAST_1,all_blocks,centered,861,0.0006479666335508227,0
C_FORECAST_1,all_blocks,centered,862,0.0006476896815001965,0
C_FORECAST_1,all_blocks,centered,863,0.0006465576007030904,0
C_FORECAST_1,all_blocks,centered,864,0.0006451126537285745,0
C_FORECAST_1,all_blocks,centered,865,0.0006438617128878832,0
C_FORECAST_1,all_blocks,centered,866,0.0006431734655052423,0
C_FORECAST_1,all_blocks,centered,867,0.0006388788460753858,0
C_FORECAST_1,all_blocks,centered,868,0.0006381846615113318,0
C_FORECAST_1,all_blocks,centered,869,0.0006378189427778125,0
C_FORECAST_1,all_blocks,centered,870,0.0006352356285788119,0
C_FORECAST_1,all_blocks,centered,871,0.0006344966823235154,0
C_FORECAST_1,all_blocks,centered,872,0.0006329149473458529,0
C_FORECAST_1,all_blocks,centered,873,0.0006315705832093954,0
C_FORECAST_1,all_blocks,centered,874,0.0006270509329624474,0
C_FORECAST_1,all_blocks,centered,875,0.00062506616814062,0
C_FORECAST_1,all_blocks,centered,876,0.0006232159794308245,0
C_FORECAST_1,all_blocks,centered,877,0.0006225047982297838,0
C_FORECAST_1,all_blocks,centered,878,0.0006224221433512866,0
C_FORECAST_1,all_blocks,centered,879,0.000620843842625618,0
C_FORECAST_1,all_blocks,centered,880,0.0006151626002974808,0
C_FORECAST_1,all_blocks,centered,881,0.0006148609681986272,0
C_FORECAST_1,all_blocks,centered,882,0.0006139668403193355,0
C_FORECAST_1,all_blocks,centered,883,0.0006125728250481188,0
C_FORECAST_1,all_blocks,centered,884,0.0006108751404099166,0
C_FORECAST_1,all_blocks,centered,885,0.0006101508042775095,0
C_FORECAST_1,all_blocks,centered,886,0.0006086467183195055,0
C_FORECAST_1,all_blocks,centered,887,0.0006077408907003701,0
C_FORECAST_1,all_blocks,centered,888,0.0006053286488167942,0
C_FORECAST_1,all_blocks,centered,889,0.0006052508251741529,0
C_FORECAST_1,all_blocks,centered,890,0.0006044863257557154,0
C_FORECAST_1,all_blocks,centered,891,0.0006026916089467704,0
C_FORECAST_1,all_blocks,centered,892,0.0006017485866323113,0
C_FORECAST_1,all_blocks,centered,893,0.0005963195580989122,0
C_FORECAST_1,all_blocks,centered,894,0.0005955750239081681,0
C_FORECAST_1,all_blocks,centered,895,0.0005948951584286988,0
C_FORECAST_1,all_blocks,centered,896,0.000592246069572866,0
C_FORECAST_1,all_blocks,centered,897,0.0005921555566601455,0
C_FORECAST_1,all_blocks,centered,898,0.0005903418641537428,0
C_FORECAST_1,all_blocks,centered,899,0.00059019576292485,0
C_FORECAST_1,all_blocks,centered,900,0.0005842410027980804,0
C_FORECAST_1,all_blocks,centered,901,0.0005839184741489589,0
C_FORECAST_1,all_blocks,centered,902,0.0005833785980939865,0
C_FORECAST_1,all_blocks,centered,903,0.000581143016461283,0
C_FORECAST_1,all_blocks,centered,904,0.0005794534808956087,0
C_FORECAST_1,all_blocks,centered,905,0.000579359068069607,0
C_FORECAST_1,all_blocks,centered,906,0.0005741126951761544,0
C_FORECAST_1,all_blocks,centered,907,0.000574095465708524,0
C_FORECAST_1,all_blocks,centered,908,0.0005735160666517913,0
C_FORECAST_1,all_blocks,centered,909,0.0005690860562026501,0
C_FORECAST_1,all_blocks,centered,910,0.0005689614918082952,0
C_FORECAST_1,all_blocks,centered,911,0.0005684313946403563,0
C_FORECAST_1,all_blocks,centered,912,0.0005680418689735234,0
C_FORECAST_1,all_blocks,centered,913,0.0005663354531861842,0
C_FORECAST_1,all_blocks,centered,914,0.0005621120217256248,0
C_FORECAST_1,all_blocks,centered,915,0.0005597381968982518,0
C_FORECAST_1,all_blocks,centered,916,0.0005588203785009682,0
C_FORECAST_1,all_blocks,centered,917,0.0005586290499195457,0
C_FORECAST_1,all_blocks,centered,918,0.0005580539582297206,0
C_FORECAST_1,all_blocks,centered,919,0.0005576145485974848,0
C_FORECAST_1,all_blocks,centered,920,0.000554420636035502,0
C_FORECAST_1,all_blocks,centered,921,0.0005536548560485244,0
C_FORECAST_1,all_blocks,centered,922,0.0005469305906444788,0
C_FORECAST_1,all_blocks,centered,923,0.0005466303555294871,0
C_FORECAST_1,all_blocks,centered,924,0.0005462206318043172,0
C_FORECAST_1,all_blocks,centered,925,0.0005461018881760538,0
C_FORECAST_1,all_blocks,centered,926,0.0005458263913169503,0
C_FORECAST_1,all_blocks,centered,927,0.0005450213211588562,0
C_FORECAST_1,all_blocks,centered,928,0.0005428732838481665,0
C_FORECAST_1,all_blocks,centered,929,0.0005385848344303668,0
C_FORECAST_1,all_blocks,centered,930,0.0005383647512644529,0
C_FORECAST_1,all_blocks,centered,931,0.0005373391904868186,0
C_FORECAST_1,all_blocks,centered,932,0.000536502106115222,0
C_FORECAST_1,all_blocks,centered,933,0.0005358357448130846,0
C_FORECAST_1,all_blocks,centered,934,0.0005324415978975594,0
C_FORECAST_1,all_blocks,centered,935,0.0005316601018421352,0
C_FORECAST_1,all_blocks,centered,936,0.0005298068281263113,0
C_FORECAST_1,all_blocks,centered,937,0.000528020435012877,0
C_FORECAST_1,all_blocks,centered,938,0.0005256339209154248,0
C_FORECAST_1,all_blocks,centered,939,0.0005252318223938346,0
C_FORECAST_1,all_blocks,centered,940,0.0005248648812994361,0
C_FORECAST_1,all_blocks,centered,941,0.0005248060915619135,0
C_FORECAST_1,all_blocks,centered,942,0.0005222705076448619,0
C_FORECAST_1,all_blocks,centered,943,0.0005206624045968056,0
C_FORECAST_1,all_blocks,centered,944,0.0005200215964578092,0
C_FORECAST_1,all_blocks,centered,945,0.0005184446927160025,0
C_FORECAST_1,all_blocks,centered,946,0.0005181246087886393,0
C_FORECAST_1,all_blocks,centered,947,0.0005174346151761711,0
C_FORECAST_1,all_blocks,centered,948,0.0005152184166945517,0
C_FORECAST_1,all_blocks,centered,949,0.0005134064122103155,0
C_FORECAST_1,all_blocks,centered,950,0.0005101737333461642,0
C_FORECAST_1,all_blocks,centered,951,0.0005074292421340942,0
C_FORECAST_1,all_blocks,centered,952,0.0005063156131654978,0
C_FORECAST_1,all_blocks,centered,953,0.000505247968249023,0
C_FORECAST_1,all_blocks,centered,954,0.0005047052400186658,0
C_FORECAST_1,all_blocks,centered,955,0.000503648305311799,0
C_FORECAST_1,all_blocks,centered,956,0.0005032207700423896,0
C_FORECAST_1,all_blocks,centered,957,0.0005008730222471058,0
C_FORECAST_1,all_blocks,centered,958,0.0004982939572073519,0
C_FORECAST_1,all_blocks,centered,959,0.0004960725200362504,0
C_FORECAST_1,all_blocks,centered,960,0.0004959458019584417,0
C_FORECAST_1,all_blocks,centered,961,0.0004936045152135193,0
C_FORECAST_1,all_blocks,centered,962,0.0004933085874654353,0
C_FORECAST_1,all_blocks,centered,963,0.0004926775582134724,0
C_FORECAST_1,all_blocks,centered,964,0.000490328180603683,0
C_FORECAST_1,all_blocks,centered,965,0.0004884909722022712,0
C_FORECAST_1,all_blocks,centered,966,0.0004840750771109015,0
C_FORECAST_1,all_blocks,centered,967,0.0004838851746171713,0
C_FORECAST_1,all_blocks,centered,968,0.0004826459917239845,0
C_FORECAST_1,all_blocks,centered,969,0.0004821053007617593,0
C_FORECAST_1,all_blocks,centered,970,0.0004813025298062712,0
C_FORECAST_1,all_blocks,centered,971,0.0004777229914907366,0
C_FORECAST_1,all_blocks,centered,972,0.0004771527892444283,0
C_FORECAST_1,all_blocks,centered,973,0.00047703401651233435,0
C_FORECAST_1,all_blocks,centered,974,0.00047550606541335583,0
C_FORECAST_1,all_blocks,centered,975,0.0004754555120598525,0
C_FORECAST_1,all_blocks,centered,976,0.0004740824515465647,0
C_FORECAST_1,all_blocks,centered,977,0.00047022485523484647,0
C_FORECAST_1,all_blocks,centered,978,0.000470049271825701,0
C_FORECAST_1,all_blocks,centered,979,0.000469702499685809,0
C_FORECAST_1,all_blocks,centered,980,0.0004663423460442573,0
C_FORECAST_1,all_blocks,centered,981,0.0004662336141336709,0
C_FORECAST_1,all_blocks,centered,982,0.0004645829030778259,0
C_FORECAST_1,all_blocks,centered,983,0.0004644376167561859,0
C_FORECAST_1,all_blocks,centered,984,0.00046130819828249514,0
C_FORECAST_1,all_blocks,centered,985,0.0004600555694196373,0
C_FORECAST_1,all_blocks,centered,986,0.00045773712918162346,0
C_FORECAST_1,all_blocks,centered,987,0.00045647582737728953,0
C_FORECAST_1,all_blocks,centered,988,0.0004553888866212219,0
C_FORECAST_1,all_blocks,centered,989,0.0004539715882856399,0
C_FORECAST_1,all_blocks,centered,990,0.0004518753557931632,0
C_FORECAST_1,all_blocks,centered,991,0.0004513555904850364,0
C_FORECAST_1,all_blocks,centered,992,0.00045073541696183383,0
C_FORECAST_1,all_blocks,centered,993,0.0004506850673351437,0
C_FORECAST_1,all_blocks,centered,994,0.00044642764260061085,0
C_FORECAST_1,all_blocks,centered,995,0.0004447492538020015,0
C_FORECAST_1,all_blocks,centered,996,0.00044472195440903306,0
C_FORECAST_1,all_blocks,centered,997,0.0004445886588655412,0
C_FORECAST_1,all_blocks,centered,998,0.00044449217966757715,0
C_FORECAST_1,all_blocks,centered,999,0.0004411155532579869,0
C_FORECAST_1,all_blocks,centered,1000,0.00043983416981063783,0
C_FORECAST_1,all_blocks,centered,1001,0.0004397180746309459,0
C_FORECAST_1,all_blocks,centered,1002,0.00043656156049109995,0
C_FORECAST_1,all_blocks,centered,1003,0.0004361318133305758,0
C_FORECAST_1,all_blocks,centered,1004,0.00043388427002355456,0
C_FORECAST_1,all_blocks,centered,1005,0.0004310579097364098,0
C_FORECAST_1,all_blocks,centered,1006,0.0004305186739657074,0
C_FORECAST_1,all_blocks,centered,1007,0.0004273773229215294,0
C_FORECAST_1,all_blocks,centered,1008,0.0004271110228728503,0
C_FORECAST_1,all_blocks,centered,1009,0.00042642021435312927,0
C_FORECAST_1,all_blocks,centered,1010,0.00042505780584178865,0
C_FORECAST_1,all_blocks,centered,1011,0.000424141064286232,0
C_FORECAST_1,all_blocks,centered,1012,0.00042387130088172853,0
C_FORECAST_1,all_blocks,centered,1013,0.00042374676559120417,0
C_FORECAST_1,all_blocks,centered,1014,0.0004219990223646164,0
C_FORECAST_1,all_blocks,centered,1015,0.00042135879630222917,0
C_FORECAST_1,all_blocks,centered,1016,0.0004160845128353685,0
C_FORECAST_1,all_blocks,centered,1017,0.00041557764052413404,0
C_FORECAST_1,all_blocks,centered,1018,0.0004138493095524609,0
C_FORECAST_1,all_blocks,centered,1019,0.00041128520388156176,0
C_FORECAST_1,all_blocks,centered,1020,0.0004106834239792079,0
C_FORECAST_1,all_blocks,centered,1021,0.0004103996907360852,0
C_FORECAST_1,all_blocks,centered,1022,0.00040903070475906134,0
C_FORECAST_1,all_blocks,centered,1023,0.0004085442633368075,0
C_FORECAST_1,all_blocks,centered,1024,0.00040806588367559016,0
C_FORECAST_1,all_blocks,centered,1025,0.00040542290662415326,0
C_FORECAST_1,all_blocks,centered,1026,0.0004031303687952459,0
C_FORECAST_1,all_blocks,centered,1027,0.00040110255940817297,0
C_FORECAST_1,all_blocks,centered,1028,0.0003996766754426062,0
C_FORECAST_1,all_blocks,centered,1029,0.0003996120358351618,0
C_FORECAST_1,all_blocks,centered,1030,0.00039793606265448034,0
C_FORECAST_1,all_blocks,centered,1031,0.0003946179640479386,0
C_FORECAST_1,all_blocks,centered,1032,0.00039454924990423024,0
C_FORECAST_1,all_blocks,centered,1033,0.00039298037881962955,0
C_FORECAST_1,all_blocks,centered,1034,0.00039285921957343817,0
C_FORECAST_1,all_blocks,centered,1035,0.0003921337192878127,0
C_FORECAST_1,all_blocks,centered,1036,0.0003894504625350237,0
C_FORECAST_1,all_blocks,centered,1037,0.00038939289515838027,0
C_FORECAST_1,all_blocks,centered,1038,0.00038869696436449885,0
C_FORECAST_1,all_blocks,centered,1039,0.00038843529182486236,0
C_FORECAST_1,all_blocks,centered,1040,0.00038829914410598576,0
C_FORECAST_1,all_blocks,centered,1041,0.00038671543006785214,0
C_FORECAST_1,all_blocks,centered,1042,0.0003841427678707987,0
C_FORECAST_1,all_blocks,centered,1043,0.0003818343684542924,0
C_FORECAST_1,all_blocks,centered,1044,0.0003803557774517685,0
C_FORECAST_1,all_blocks,centered,1045,0.0003783676656894386,0
C_FORECAST_1,all_blocks,centered,1046,0.0003782925195991993,0
C_FORECAST_1,all_blocks,centered,1047,0.0003770043549593538,0
C_FORECAST_1,all_blocks,centered,1048,0.00037478451849892735,0
C_FORECAST_1,all_blocks,centered,1049,0.0003728762676473707,0
C_FORECAST_1,all_blocks,centered,1050,0.00037150076241232455,0
C_FORECAST_1,all_blocks,centered,1051,0.00037024926859885454,0
C_FORECAST_1,all_blocks,centered,1052,0.0003702344838529825,0
C_FORECAST_1,all_blocks,centered,1053,0.0003695015620905906,0
C_FORECAST_1,all_blocks,centered,1054,0.0003691073216032237,0
C_FORECAST_1,all_blocks,centered,1055,0.0003671142039820552,0
C_FORECAST_1,all_blocks,centered,1056,0.00036465495941229165,0
C_FORECAST_1,all_blocks,centered,1057,0.000363491679308936,0
C_FORECAST_1,all_blocks,centered,1058,0.0003627029655035585,0
C_FORECAST_1,all_blocks,centered,1059,0.0003620102652348578,0
C_FORECAST_1,all_blocks,centered,1060,0.000361458194674924,0
C_FORECAST_1,all_blocks,centered,1061,0.00036014700890518725,0
C_FORECAST_1,all_blocks,centered,1062,0.000359936966560781,0
C_FORECAST_1,all_blocks,centered,1063,0.00035769434180110693,0
C_FORECAST_1,all_blocks,centered,1064,0.00035412420402280986,0
C_FORECAST_1,all_blocks,centered,1065,0.0003536549920681864,0
C_FORECAST_1,all_blocks,centered,1066,0.0003530242829583585,0
C_FORECAST_1,all_blocks,centered,1067,0.0003509616362862289,0
C_FORECAST_1,all_blocks,centered,1068,0.00035077790380455554,0
C_FORECAST_1,all_blocks,centered,1069,0.00034992131986655295,0
C_FORECAST_1,all_blocks,centered,1070,0.00034870734089054167,0
C_FORECAST_1,all_blocks,centered,1071,0.00034863135078921914,0
C_FORECAST_1,all_blocks,centered,1072,0.00034831513767130673,0
C_FORECAST_1,all_blocks,centered,1073,0.0003483023610897362,0
C_FORECAST_1,all_blocks,centered,1074,0.0003434827085584402,0
C_FORECAST_1,all_blocks,centered,1075,0.0003412951482459903,0
C_FORECAST_1,all_blocks,centered,1076,0.00034061065525747836,0
C_FORECAST_1,all_blocks,centered,1077,0.0003388199838809669,0
C_FORECAST_1,all_blocks,centered,1078,0.00033785169944167137,0
C_FORECAST_1,all_blocks,centered,1079,0.0003370392369106412,0
C_FORECAST_1,all_blocks,centered,1080,0.0003352261264808476,0
C_FORECAST_1,all_blocks,centered,1081,0.0003348984755575657,0
C_FORECAST_1,all_blocks,centered,1082,0.0003343060670886189,0
C_FORECAST_1,all_blocks,centered,1083,0.0003335586516186595,0
C_FORECAST_1,all_blocks,centered,1084,0.00033208911190740764,0
C_FORECAST_1,all_blocks,centered,1085,0.00033142929896712303,0
C_FORECAST_1,all_blocks,centered,1086,0.00033002719283103943,0
C_FORECAST_1,all_blocks,centered,1087,0.0003298741939943284,0
C_FORECAST_1,all_blocks,centered,1088,0.0003295644128229469,0
C_FORECAST_1,all_blocks,centered,1089,0.0003269076987635344,0
C_FORECAST_1,all_blocks,centered,1090,0.00032660391298122704,0
C_FORECAST_1,all_blocks,centered,1091,0.00032405852107331157,0
C_FORECAST_1,all_blocks,centered,1092,0.00032267399365082383,0
C_FORECAST_1,all_blocks,centered,1093,0.00032159558031708,0
C_FORECAST_1,all_blocks,centered,1094,0.0003204280510544777,0
C_FORECAST_1,all_blocks,centered,1095,0.0003194012679159641,0
C_FORECAST_1,all_blocks,centered,1096,0.00031868048245087266,0
C_FORECAST_1,all_blocks,centered,1097,0.0003178507031407207,0
C_FORECAST_1,all_blocks,centered,1098,0.0003155063895974308,0
C_FORECAST_1,all_blocks,centered,1099,0.0003150400298181921,0
C_FORECAST_1,all_blocks,centered,1100,0.00031404351466335356,0
C_FORECAST_1,all_blocks,centered,1101,0.0003130938857793808,0
C_FORECAST_1,all_blocks,centered,1102,0.0003126894880551845,0
C_FORECAST_1,all_blocks,centered,1103,0.0003109919489361346,0
C_FORECAST_1,all_blocks,centered,1104,0.00031025303178466856,0
C_FORECAST_1,all_blocks,centered,1105,0.00030841256375424564,0
C_FORECAST_1,all_blocks,centered,1106,0.00030787696596235037,0
C_FORECAST_1,all_blocks,centered,1107,0.0003062124887946993,0
C_FORECAST_1,all_blocks,centered,1108,0.00030604968196712434,0
C_FORECAST_1,all_blocks,centered,1109,0.000303957931464538,0
C_FORECAST_1,all_blocks,centered,1110,0.0003030326042789966,0
C_FORECAST_1,all_blocks,centered,1111,0.00030124239856377244,0
C_FORECAST_1,all_blocks,centered,1112,0.0003003931196872145,0
C_FORECAST_1,all_blocks,centered,1113,0.00029822782380506396,0
C_FORECAST_1,all_blocks,centered,1114,0.00029793355497531593,0
C_FORECAST_1,all_blocks,centered,1115,0.00029764228384010494,0
C_FORECAST_1,all_blocks,centered,1116,0.00029746058862656355,0
C_FORECAST_1,all_blocks,centered,1117,0.0002953999792225659,0
C_FORECAST_1,all_blocks,centered,1118,0.00029415328754112124,0
C_FORECAST_1,all_blocks,centered,1119,0.00029386687674559653,0
C_FORECAST_1,all_blocks,centered,1120,0.00029347266536206007,0
C_FORECAST_1,all_blocks,centered,1121,0.00029119604732841253,0
C_FORECAST_1,all_blocks,centered,1122,0.0002885816211346537,0
C_FORECAST_1,all_blocks,centered,1123,0.00028811043011955917,0
C_FORECAST_1,all_blocks,centered,1124,0.0002880274842027575,0
C_FORECAST_1,all_blocks,centered,1125,0.0002831761376000941,0
C_FORECAST_1,all_blocks,centered,1126,0.00028168168500997126,0
C_FORECAST_1,all_blocks,centered,1127,0.0002803647075779736,0
C_FORECAST_1,all_blocks,centered,1128,0.00027973586111329496,0
C_FORECAST_1,all_blocks,centered,1129,0.00027946545742452145,0
C_FORECAST_1,all_blocks,centered,1130,0.0002772539737634361,0
C_FORECAST_1,all_blocks,centered,1131,0.00027608106029219925,0
C_FORECAST_1,all_blocks,centered,1132,0.0002758952905423939,0
C_FORECAST_1,all_blocks,centered,1133,0.0002748352417256683,0
C_FORECAST_1,all_blocks,centered,1134,0.0002747842518147081,0
C_FORECAST_1,all_blocks,centered,1135,0.0002706793020479381,0
C_FORECAST_1,all_blocks,centered,1136,0.0002699713222682476,0
C_FORECAST_1,all_blocks,centered,1137,0.0002699324977584183,0
C_FORECAST_1,all_blocks,centered,1138,0.00026944014825858176,0
C_FORECAST_1,all_blocks,centered,1139,0.0002675990399438888,0
C_FORECAST_1,all_blocks,centered,1140,0.0002664966741576791,0
C_FORECAST_1,all_blocks,centered,1141,0.0002650753885973245,0
C_FORECAST_1,all_blocks,centered,1142,0.00026499241357669234,0
C_FORECAST_1,all_blocks,centered,1143,0.0002629157970659435,0
C_FORECAST_1,all_blocks,centered,1144,0.0002621255407575518,0
C_FORECAST_1,all_blocks,centered,1145,0.00026074409834109247,0
C_FORECAST_1,all_blocks,centered,1146,0.00026062902179546654,0
C_FORECAST_1,all_blocks,centered,1147,0.0002595099213067442,0
C_FORECAST_1,all_blocks,centered,1148,0.00025871541583910584,0
C_FORECAST_1,all_blocks,centered,1149,0.00025679016835056245,0
C_FORECAST_1,all_blocks,centered,1150,0.0002542204165365547,0
C_FORECAST_1,all_blocks,centered,1151,0.00025297634419985116,0
C_FORECAST_1,all_blocks,centered,1152,0.0002523389121051878,0
C_FORECAST_1,all_blocks,centered,1153,0.0002522643480915576,0
C_FORECAST_1,all_blocks,centered,1154,0.000249471195274964,0
C_FORECAST_1,all_blocks,centered,1155,0.0002492895000614226,0
C_FORECAST_1,all_blocks,centered,1156,0.0002467128506395966,0
C_FORECAST_1,all_blocks,centered,1157,0.0002462443080730736,0
C_FORECAST_1,all_blocks,centered,1158,0.0002444633573759347,0
C_FORECAST_1,all_blocks,centered,1159,0.00024428547476418316,0
C_FORECAST_1,all_blocks,centered,1160,0.00024407351156696677,0
C_FORECAST_1,all_blocks,centered,1161,0.0002431718457955867,0
C_FORECAST_1,all_blocks,centered,1162,0.00024174235295504332,0
C_FORECAST_1,all_blocks,centered,1163,0.00024095251865219325,0
C_FORECAST_1,all_blocks,centered,1164,0.00024019608099479228,0
C_FORECAST_1,all_blocks,centered,1165,0.00023817257897462696,0
C_FORECAST_1,all_blocks,centered,1166,0.00023718374723102897,0
C_FORECAST_1,all_blocks,centered,1167,0.00023468348081223667,0
C_FORECAST_1,all_blocks,centered,1168,0.00023430815781466663,0
C_FORECAST_1,all_blocks,centered,1169,0.00023423241509590298,0
C_FORECAST_1,all_blocks,centered,1170,0.00023251013772096485,0
C_FORECAST_1,all_blocks,centered,1171,0.00023159866395872086,0
C_FORECAST_1,all_blocks,centered,1172,0.0002301932399859652,0
C_FORECAST_1,all_blocks,centered,1173,0.0002298686740687117,0
C_FORECAST_1,all_blocks,centered,1174,0.00022781144070904702,0
C_FORECAST_1,all_blocks,centered,1175,0.00022735346283297986,0
C_FORECAST_1,all_blocks,centered,1176,0.00022654663189314306,0
C_FORECAST_1,all_blocks,centered,1177,0.00022462500783149153,0
C_FORECAST_1,all_blocks,centered,1178,0.00022425357019528747,0
C_FORECAST_1,all_blocks,centered,1179,0.00022397779684979469,0
C_FORECAST_1,all_blocks,centered,1180,0.00022113991144578904,0
C_FORECAST_1,all_blocks,centered,1181,0.00022051950509194285,0
C_FORECAST_1,all_blocks,centered,1182,0.00021930417278781533,0
C_FORECAST_1,all_blocks,centered,1183,0.0002189624065067619,0
C_FORECAST_1,all_blocks,centered,1184,0.00021814584033563733,0
C_FORECAST_1,all_blocks,centered,1185,0.00021776981884613633,0
C_FORECAST_1,all_blocks,centered,1186,0.00021502333402168006,0
C_FORECAST_1,all_blocks,centered,1187,0.00021389334870036691,0
C_FORECAST_1,all_blocks,centered,1188,0.000213765146327205,0
C_FORECAST_1,all_blocks,centered,1189,0.0002126629842678085,0
C_FORECAST_1,all_blocks,centered,1190,0.000211533741094172,0
C_FORECAST_1,all_blocks,centered,1191,0.00021073991956654936,0
C_FORECAST_1,all_blocks,centered,1192,0.00020692928228527308,0
C_FORECAST_1,all_blocks,centered,1193,0.00020655139815062284,0
C_FORECAST_1,all_blocks,centered,1194,0.000204895346541889,0
C_FORECAST_1,all_blocks,centered,1195,0.0002046615700237453,0
C_FORECAST_1,all_blocks,centered,1196,0.0002042939158855006,0
C_FORECAST_1,all_blocks,centered,1197,0.000204239331651479,0
C_FORECAST_1,all_blocks,centered,1198,0.00020241489983163774,0
C_FORECAST_1,all_blocks,centered,1199,0.00020098841923754662,0
C_FORECAST_1,all_blocks,centered,1200,0.00019851136312354356,0
C_FORECAST_1,all_blocks,centered,1201,0.00019832683028653264,0
C_FORECAST_1,all_blocks,centered,1202,0.00019711372442543507,0
C_FORECAST_1,all_blocks,centered,1203,0.00019694735237862915,0
C_FORECAST_1,all_blocks,centered,1204,0.0001962163660209626,0
C_FORECAST_1,all_blocks,centered,1205,0.00019316554244142026,0
C_FORECAST_1,all_blocks,centered,1206,0.0001900482748169452,0
C_FORECAST_1,all_blocks,centered,1207,0.00018970192468259484,0
C_FORECAST_1,all_blocks,centered,1208,0.00018865671881940216,0
C_FORECAST_1,all_blocks,centered,1209,0.000188317455467768,0
C_FORECAST_1,all_blocks,centered,1210,0.00018739116785582155,0
C_FORECAST_1,all_blocks,centered,1211,0.00018430092313792557,0
C_FORECAST_1,all_blocks,centered,1212,0.00018397587700746953,0
C_FORECAST_1,all_blocks,centered,1213,0.0001827975211199373,0
C_FORECAST_1,all_blocks,centered,1214,0.000181856332346797,0
C_FORECAST_1,all_blocks,centered,1215,0.00018029734201263636,0
C_FORECAST_1,all_blocks,centered,1216,0.00017907487927004695,0
C_FORECAST_1,all_blocks,centered,1217,0.00017850770382210612,0
C_FORECAST_1,all_blocks,centered,1218,0.00017845888214651495,0
C_FORECAST_1,all_blocks,centered,1219,0.00017754817963577807,0
C_FORECAST_1,all_blocks,centered,1220,0.0001769635418895632,0
C_FORECAST_1,all_blocks,centered,1221,0.00017652045062277466,0
C_FORECAST_1,all_blocks,centered,1222,0.00017552515782881528,0
C_FORECAST_1,all_blocks,centered,1223,0.00017434275650884956,0
C_FORECAST_1,all_blocks,centered,1224,0.00017142937576863915,0
C_FORECAST_1,all_blocks,centered,1225,0.0001701013243291527,0
C_FORECAST_1,all_blocks,centered,1226,0.00017004282562993467,0
C_FORECAST_1,all_blocks,centered,1227,0.0001685388560872525,0
C_FORECAST_1,all_blocks,centered,1228,0.00016751035582274199,0
C_FORECAST_1,all_blocks,centered,1229,0.00016706070164218545,0
C_FORECAST_1,all_blocks,centered,1230,0.00016688910545781255,0
C_FORECAST_1,all_blocks,centered,1231,0.00016551173757761717,0
C_FORECAST_1,all_blocks,centered,1232,0.00016410312673542649,0
C_FORECAST_1,all_blocks,centered,1233,0.00016325103933922946,0
C_FORECAST_1,all_blocks,centered,1234,0.00016275719099212438,0
C_FORECAST_1,all_blocks,centered,1235,0.00016037168097682297,0
C_FORECAST_1,all_blocks,centered,1236,0.00015937958960421383,0
C_FORECAST_1,all_blocks,centered,1237,0.00015877888654358685,0
C_FORECAST_1,all_blocks,centered,1238,0.00015807563613634557,0
C_FORECAST_1,all_blocks,centered,1239,0.0001563754049129784,0
C_FORECAST_1,all_blocks,centered,1240,0.00015532631368841976,0
C_FORECAST_1,all_blocks,centered,1241,0.0001537053904030472,0
C_FORECAST_1,all_blocks,centered,1242,0.00015183331561274827,0
C_FORECAST_1,all_blocks,centered,1243,0.00015171465929597616,0
C_FORECAST_1,all_blocks,centered,1244,0.00014994601951912045,0
C_FORECAST_1,all_blocks,centered,1245,0.00014879168884363025,0
C_FORECAST_1,all_blocks,centered,1246,0.00014758949691895396,0
C_FORECAST_1,all_blocks,centered,1247,0.00014518930402118713,0
C_FORECAST_1,all_blocks,centered,1248,0.00014466690481640399,0
C_FORECAST_1,all_blocks,centered,1249,0.00014458007353823632,0
C_FORECAST_1,all_blocks,centered,1250,0.00014424709661398083,0
C_FORECAST_1,all_blocks,centered,1251,0.0001434909790987149,0
C_FORECAST_1,all_blocks,centered,1252,0.0001406466035405174,0
C_FORECAST_1,all_blocks,centered,1253,0.0001396847073920071,0
C_FORECAST_1,all_blocks,centered,1254,0.00013917477917857468,0
C_FORECAST_1,all_blocks,centered,1255,0.0001390253601130098,0
C_FORECAST_1,all_blocks,centered,1256,0.00013840937754139304,0
C_FORECAST_1,all_blocks,centered,1257,0.00013629815657623112,0
C_FORECAST_1,all_blocks,centered,1258,0.0001357045694021508,0
C_FORECAST_1,all_blocks,centered,1259,0.0001347270590486005,0
C_FORECAST_1,all_blocks,centered,1260,0.00013463445066008717,0
C_FORECAST_1,all_blocks,centered,1261,0.00013202706759329885,0
C_FORECAST_1,all_blocks,centered,1262,0.00013183894043322653,0
C_FORECAST_1,all_blocks,centered,1263,0.00013052862777840346,0
C_FORECAST_1,all_blocks,centered,1264,0.00012983170745428652,0
C_FORECAST_1,all_blocks,centered,1265,0.00012891151709482074,0
C_FORECAST_1,all_blocks,centered,1266,0.0001285380421904847,0
C_FORECAST_1,all_blocks,centered,1267,0.00012851790233980864,0
C_FORECAST_1,all_blocks,centered,1268,0.0001261267316294834,0
C_FORECAST_1,all_blocks,centered,1269,0.0001244513114215806,0
C_FORECAST_1,all_blocks,centered,1270,0.00012370497279334813,0
C_FORECAST_1,all_blocks,centered,1271,0.00012334882922004908,0
C_FORECAST_1,all_blocks,centered,1272,0.00012131835683248937,0
C_FORECAST_1,all_blocks,centered,1273,0.00011715429718606174,0
C_FORECAST_1,all_blocks,centered,1274,0.000117083742225077,0
C_FORECAST_1,all_blocks,centered,1275,0.00011620721488725394,0
C_FORECAST_1,all_blocks,centered,1276,0.00011578437261050567,0
C_FORECAST_1,all_blocks,centered,1277,0.00011493044439703226,0
C_FORECAST_1,all_blocks,centered,1278,0.00011340503260726109,0
C_FORECAST_1,all_blocks,centered,1279,0.00011085305595770478,0
C_FORECAST_1,all_blocks,centered,1280,0.00011079292016802356,0
C_FORECAST_1,all_blocks,centered,1281,0.00010987508721882477,0
C_FORECAST_1,all_blocks,centered,1282,0.00010961794760078192,0
C_FORECAST_1,all_blocks,centered,1283,0.00010920022759819403,0
C_FORECAST_1,all_blocks,centered,1284,0.00010918632324319333,0
C_FORECAST_1,all_blocks,centered,1285,0.00010873873543459922,0
C_FORECAST_1,all_blocks,centered,1286,0.00010724259482230991,0
C_FORECAST_1,all_blocks,centered,1287,0.00010562763782218099,0
C_FORECAST_1,all_blocks,centered,1288,0.00010546751582296565,0
C_FORECAST_1,all_blocks,centered,1289,0.00010314014798495919,0
C_FORECAST_1,all_blocks,centered,1290,0.00010169710731133819,0
C_FORECAST_1,all_blocks,centered,1291,0.00010126324923476204,0
C_FORECAST_1,all_blocks,centered,1292,0.00010118971113115549,0
C_FORECAST_1,all_blocks,centered,1293,0.00010025621304521337,0
C_FORECAST_1,all_blocks,centered,1294,9.979683090932667e-05,0
C_FORECAST_1,all_blocks,centered,1295,9.708118886919692e-05,0
C_FORECAST_1,all_blocks,centered,1296,9.426518226973712e-05,0
C_FORECAST_1,all_blocks,centered,1297,9.426027099834755e-05,0
C_FORECAST_1,all_blocks,centered,1298,9.34089403017424e-05,0
C_FORECAST_1,all_blocks,centered,1299,9.266458073398098e-05,0
C_FORECAST_1,all_blocks,centered,1300,9.242402302334085e-05,0
C_FORECAST_1,all_blocks,centered,1301,9.1236324806232e-05,0
C_FORECAST_1,all_blocks,centered,1302,9.122151095652953e-05,0
C_FORECAST_1,all_blocks,centered,1303,8.982433064375073e-05,0
C_FORECAST_1,all_blocks,centered,1304,8.878247172106057e-05,0
C_FORECAST_1,all_blocks,centered,1305,8.696605800651014e-05,0
C_FORECAST_1,all_blocks,centered,1306,8.679935126565397e-05,0
C_FORECAST_1,all_blocks,centered,1307,8.541554416297004e-05,0
C_FORECAST_1,all_blocks,centered,1308,8.51863733259961e-05,0
C_FORECAST_1,all_blocks,centered,1309,8.174387039616704e-05,0
C_FORECAST_1,all_blocks,centered,1310,8.146545587806031e-05,0
C_FORECAST_1,all_blocks,centered,1311,7.893342990428209e-05,0
C_FORECAST_1,all_blocks,centered,1312,7.881911733420566e-05,0
C_FORECAST_1,all_blocks,centered,1313,7.855302101233974e-05,0
C_FORECAST_1,all_blocks,centered,1314,7.798395381541923e-05,0
C_FORECAST_1,all_blocks,centered,1315,7.797105354256928e-05,0
C_FORECAST_1,all_blocks,centered,1316,7.701147842453793e-05,0
C_FORECAST_1,all_blocks,centered,1317,7.51790648791939e-05,0
C_FORECAST_1,all_blocks,centered,1318,7.309504871955141e-05,0
C_FORECAST_1,all_blocks,centered,1319,7.30331230442971e-05,0
C_FORECAST_1,all_blocks,centered,1320,7.303070742636919e-05,0
C_FORECAST_1,all_blocks,centered,1321,7.236117380671203e-05,0
C_FORECAST_1,all_blocks,centered,1322,7.076901965774596e-05,0
C_FORECAST_1,all_blocks,centered,1323,6.972507981117815e-05,0
C_FORECAST_1,all_blocks,centered,1324,6.908474460942671e-05,0
C_FORECAST_1,all_blocks,centered,1325,6.892097735544667e-05,0
C_FORECAST_1,all_blocks,centered,1326,6.869478238513693e-05,0
C_FORECAST_1,all_blocks,centered,1327,6.853975355625153e-05,0
C_FORECAST_1,all_blocks,centered,1328,6.75586488796398e-05,0
C_FORECAST_1,all_blocks,centered,1329,6.728051084792241e-05,0
C_FORECAST_1,all_blocks,centered,1330,6.67689528199844e-05,0
C_FORECAST_1,all_blocks,centered,1331,6.595140439458191e-05,0
C_FORECAST_1,all_blocks,centered,1332,6.577623571502045e-05,0
C_FORECAST_1,all_blocks,centered,1333,6.287001451710239e-05,0
C_FORECAST_1,all_blocks,centered,1334,6.222446245374158e-05,0
C_FORECAST_1,all_blocks,centered,1335,6.163115176605061e-05,0
C_FORECAST_1,all_blocks,centered,1336,6.023490641382523e-05,0
C_FORECAST_1,all_blocks,centered,1337,5.9958438214380294e-05,0
C_FORECAST_1,all_blocks,centered,1338,5.8626214013202116e-05,0
C_FORECAST_1,all_blocks,centered,1339,5.717357635148801e-05,0
C_FORECAST_1,all_blocks,centered,1340,5.673365012626164e-05,0
C_FORECAST_1,all_blocks,centered,1341,5.646107456414029e-05,0
C_FORECAST_1,all_blocks,centered,1342,5.6083721574395895e-05,0
C_FORECAST_1,all_blocks,centered,1343,5.6008982937783e-05,0
C_FORECAST_1,all_blocks,centered,1344,5.600592339760624e-05,0
C_FORECAST_1,all_blocks,centered,1345,5.589224019786343e-05,0
C_FORECAST_1,all_blocks,centered,1346,5.56039740331471e-05,0
C_FORECAST_1,all_blocks,centered,1347,5.406581112765707e-05,0
C_FORECAST_1,all_blocks,centered,1348,5.3128907893551514e-05,0
C_FORECAST_1,all_blocks,centered,1349,5.30232246092055e-05,0
C_FORECAST_1,all_blocks,centered,1350,5.1327584515092894e-05,0
C_FORECAST_1,all_blocks,centered,1351,5.123675146023743e-05,0
C_FORECAST_1,all_blocks,centered,1352,5.091310231364332e-05,0
C_FORECAST_1,all_blocks,centered,1353,5.0098173232981935e-05,0
C_FORECAST_1,all_blocks,centered,1354,4.9650952860247344e-05,0
C_FORECAST_1,all_blocks,centered,1355,4.8811685701366514e-05,0
C_FORECAST_1,all_blocks,centered,1356,4.872586214332841e-05,0
C_FORECAST_1,all_blocks,centered,1357,4.813616760657169e-05,0
C_FORECAST_1,all_blocks,centered,1358,4.806905781151727e-05,0
C_FORECAST_1,all_blocks,centered,1359,4.7902954975143075e-05,0
C_FORECAST_1,all_blocks,centered,1360,4.6578490582760423e-05,0
C_FORECAST_1,all_blocks,centered,1361,4.546579293673858e-05,0
C_FORECAST_1,all_blocks,centered,1362,4.531164086074568e-05,0
C_FORECAST_1,all_blocks,centered,1363,4.454693043953739e-05,0
C_FORECAST_1,all_blocks,centered,1364,4.4415457523427904e-05,0
C_FORECAST_1,all_blocks,centered,1365,4.390770482132211e-05,0
C_FORECAST_1,all_blocks,centered,1366,4.389770401758142e-05,0
C_FORECAST_1,all_blocks,centered,1367,4.378070298116654e-05,0
C_FORECAST_1,all_blocks,centered,1368,4.296423867344856e-05,0
C_FORECAST_1,all_blocks,centered,1369,4.23985839006491e-05,0
C_FORECAST_1,all_blocks,centered,1370,4.1976461943704635e-05,0
C_FORECAST_1,all_blocks,centered,1371,4.1530365706421435e-05,0
C_FORECAST_1,all_blocks,centered,1372,4.043430817546323e-05,0
C_FORECAST_1,all_blocks,centered,1373,4.021807762910612e-05,0
C_FORECAST_1,all_blocks,centered,1374,4.018976687802933e-05,0
C_FORECAST_1,all_blocks,centered,1375,4.000218541477807e-05,0
C_FORECAST_1,all_blocks,centered,1376,3.984569411841221e-05,0
C_FORECAST_1,all_blocks,centered,1377,3.9198112062877044e-05,0
C_FORECAST_1,all_blocks,centered,1378,3.9181810279842466e-05,0
C_FORECAST_1,all_blocks,centered,1379,3.877044582623057e-05,0
C_FORECAST_1,all_blocks,centered,1380,3.854086753563024e-05,0
C_FORECAST_1,all_blocks,centered,1381,3.794943404500373e-05,0
C_FORECAST_1,all_blocks,centered,1382,3.775073491851799e-05,0
C_FORECAST_1,all_blocks,centered,1383,3.7677651562262326e-05,0
C_FORECAST_1,all_blocks,centered,1384,3.744589412235655e-05,0
C_FORECAST_1,all_blocks,centered,1385,3.7078105378896e-05,0
C_FORECAST_1,all_blocks,centered,1386,3.644786193035543e-05,0
C_FORECAST_1,all_blocks,centered,1387,3.639429633039981e-05,0
C_FORECAST_1,all_blocks,centered,1388,3.608546467148699e-05,0
C_FORECAST_1,all_blocks,centered,1389,3.597659815568477e-05,0
C_FORECAST_1,all_blocks,centered,1390,3.566182203940116e-05,0
C_FORECAST_1,all_blocks,centered,1391,3.509537782520056e-05,0
C_FORECAST_1,all_blocks,centered,1392,3.5003391531063244e-05,0
C_FORECAST_1,all_blocks,centered,1393,3.486611240077764e-05,0
C_FORECAST_1,all_blocks,centered,1394,3.456690683378838e-05,0
C_FORECAST_1,all_blocks,centered,1395,3.407876647543162e-05,0
C_FORECAST_1,all_blocks,centered,1396,3.359410402481444e-05,0
C_FORECAST_1,all_blocks,centered,1397,3.315554204164073e-05,0
C_FORECAST_1,all_blocks,centered,1398,3.295767237432301e-05,0
C_FORECAST_1,all_blocks,centered,1399,3.276281131547876e-05,0
C_FORECAST_1,all_blocks,centered,1400,3.240163277951069e-05,0
C_FORECAST_1,all_blocks,centered,1401,3.1750922062201425e-05,0
C_FORECAST_1,all_blocks,centered,1402,3.17452650051564e-05,0
C_FORECAST_1,all_blocks,centered,1403,3.1735311495140195e-05,0
C_FORECAST_1,all_blocks,centered,1404,3.158717663609423e-05,0
C_FORECAST_1,all_blocks,centered,1405,3.1386058253701776e-05,0
C_FORECAST_1,all_blocks,centered,1406,3.044365075766109e-05,0
C_FORECAST_1,all_blocks,centered,1407,3.026225749636069e-05,0
C_FORECAST_1,all_blocks,centered,1408,2.9891747544752434e-05,0
C_FORECAST_1,all_blocks,centered,1409,2.9746715881628916e-05,0
C_FORECAST_1,all_blocks,centered,1410,2.949916961370036e-05,0
C_FORECAST_1,all_blocks,centered,1411,2.940855483757332e-05,0
C_FORECAST_1,all_blocks,centered,1412,2.940212652902119e-05,0
C_FORECAST_1,all_blocks,centered,1413,2.931460039690137e-05,0
C_FORECAST_1,all_blocks,centered,1414,2.9294920750544406e-05,0
C_FORECAST_1,all_blocks,centered,1415,2.8561722501763143e-05,0
C_FORECAST_1,all_blocks,centered,1416,2.8524107619887218e-05,0
C_FORECAST_1,all_blocks,centered,1417,2.8475986255216412e-05,0
C_FORECAST_1,all_blocks,centered,1418,2.8261074476176873e-05,0
C_FORECAST_1,all_blocks,centered,1419,2.8242799089639448e-05,0
C_FORECAST_1,all_blocks,centered,1420,2.800534821290057e-05,0
C_FORECAST_1,all_blocks,centered,1421,2.7989448426524177e-05,0
C_FORECAST_1,all_blocks,centered,1422,2.7830747058033012e-05,0
C_FORECAST_1,all_blocks,centered,1423,2.7704569220077246e-05,0
C_FORECAST_1,all_blocks,centered,1424,2.760463030426763e-05,0
C_FORECAST_1,all_blocks,centered,1425,2.7187936211703345e-05,0
C_FORECAST_1,all_blocks,centered,1426,2.707982093852479e-05,0
C_FORECAST_1,all_blocks,centered,1427,2.6610861823428422e-05,0
C_FORECAST_1,all_blocks,centered,1428,2.653953379194718e-05,0
C_FORECAST_1,all_blocks,centered,1429,2.6398238333058544e-05,0
C_FORECAST_1,all_blocks,centered,1430,2.5977551558753476e-05,0
C_FORECAST_1,all_blocks,centered,1431,2.580205000413116e-05,0
C_FORECAST_1,all_blocks,centered,1432,2.570206197560765e-05,0
C_FORECAST_1,all_blocks,centered,1433,2.5452127374592237e-05,0
C_FORECAST_1,all_blocks,centered,1434,2.519570625736378e-05,0
C_FORECAST_1,all_blocks,centered,1435,2.4853306967997923e-05,0
C_FORECAST_1,all_blocks,centered,1436,2.4833936549839564e-05,0
C_FORECAST_1,all_blocks,centered,1437,2.4812454284983687e-05,0
C_FORECAST_1,all_blocks,centered,1438,2.462542033754289e-05,0
C_FORECAST_1,all_blocks,centered,1439,2.4584314815001562e-05,0
C_FORECAST_1,all_blocks,centered,1440,2.456449692544993e-05,0
C_FORECAST_1,all_blocks,centered,1441,2.4538243451388553e-05,0
C_FORECAST_1,all_blocks,centered,1442,2.435601709294133e-05,0
C_FORECAST_1,all_blocks,centered,1443,2.411569766991306e-05,0
C_FORECAST_1,all_blocks,centered,1444,2.3992019123397768e-05,0
C_FORECAST_1,all_blocks,centered,1445,2.3887982024461962e-05,0
C_FORECAST_1,all_blocks,centered,1446,2.371151276747696e-05,0
C_FORECAST_1,all_blocks,centered,1447,2.3599381165695377e-05,0
C_FORECAST_1,all_blocks,centered,1448,2.351283546886407e-05,0
C_FORECAST_1,all_blocks,centered,1449,2.3183391022030264e-05,0
C_FORECAST_1,all_blocks,centered,1450,2.31137455557473e-05,0
C_FORECAST_1,all_blocks,centered,1451,2.308897819602862e-05,0
C_FORECAST_1,all_blocks,centered,1452,2.2735626771464013e-05,0
C_FORECAST_1,all_blocks,centered,1453,2.2675136278849095e-05,0
C_FORECAST_1,all_blocks,centered,1454,2.2551039364770986e-05,0
C_FORECAST_1,all_blocks,centered,1455,2.2376207198249176e-05,0
C_FORECAST_1,all_blocks,centered,1456,2.2262169295572676e-05,0
C_FORECAST_1,all_blocks,centered,1457,2.203514850407373e-05,0
C_FORECAST_1,all_blocks,centered,1458,2.199220580223482e-05,0
C_FORECAST_1,all_blocks,centered,1459,2.197569665440824e-05,0
C_FORECAST_1,all_blocks,centered,1460,2.1601668777293526e-05,0
C_FORECAST_1,all_blocks,centered,1461,2.1496158296940848e-05,0
C_FORECAST_1,all_blocks,centered,1462,2.144109566870611e-05,0
C_FORECAST_1,all_blocks,centered,1463,2.12194772757357e-05,0
C_FORECAST_1,all_blocks,centered,1464,2.098959157592617e-05,0
C_FORECAST_1,all_blocks,centered,1465,2.0931389371980913e-05,0
C_FORECAST_1,all_blocks,centered,1466,2.0916204448440112e-05,0
C_FORECAST_1,all_blocks,centered,1467,2.0909592421958223e-05,0
C_FORECAST_1,all_blocks,centered,1468,2.0879540898022242e-05,0
C_FORECAST_1,all_blocks,centered,1469,2.072152892651502e-05,0
C_FORECAST_1,all_blocks,centered,1470,2.0340692572062835e-05,0
C_FORECAST_1,all_blocks,centered,1471,2.019415478571318e-05,0
C_FORECAST_1,all_blocks,centered,1472,2.0157325707259588e-05,0
C_FORECAST_1,all_blocks,centered,1473,2.0116915038670413e-05,0
C_FORECAST_1,all_blocks,centered,1474,2.010607386182528e-05,0
C_FORECAST_1,all_blocks,centered,1475,1.9937964680138975e-05,0
C_FORECAST_1,all_blocks,centered,1476,1.9836654246319085e-05,0
C_FORECAST_1,all_blocks,centered,1477,1.95452321349876e-05,0
C_FORECAST_1,all_blocks,centered,1478,1.9467772290227003e-05,0
C_FORECAST_1,all_blocks,centered,1479,1.942010931088589e-05,0
C_FORECAST_1,all_blocks,centered,1480,1.9394250557525083e-05,0
C_FORECAST_1,all_blocks,centered,1481,1.932434861373622e-05,0
C_FORECAST_1,all_blocks,centered,1482,1.9237095330026932e-05,0
C_FORECAST_1,all_blocks,centered,1483,1.92265633813804e-05,0
C_FORECAST_1,all_blocks,centered,1484,1.9212258848710917e-05,0
C_FORECAST_1,all_blocks,centered,1485,1.8757624275167473e-05,0
C_FORECAST_1,all_blocks,centered,1486,1.8709582946030423e-05,0
C_FORECAST_1,all_blocks,centered,1487,1.8557104340288788e-05,0
C_FORECAST_1,all_blocks,centered,1488,1.8540031305747107e-05,0
C_FORECAST_1,all_blocks,centered,1489,1.8491833543521352e-05,0
C_FORECAST_1,all_blocks,centered,1490,1.839856486185454e-05,0
C_FORECAST_1,all_blocks,centered,1491,1.8337383153266273e-05,0
C_FORECAST_1,all_blocks,centered,1492,1.8288501451024786e-05,0
C_FORECAST_1,all_blocks,centered,1493,1.8181624909630045e-05,0
C_FORECAST_1,all_blocks,centered,1494,1.7889291484607384e-05,0
C_FORECAST_1,all_blocks,centered,1495,1.78869395313086e-05,0
C_FORECAST_1,all_blocks,centered,1496,1.782588878995739e-05,0
C_FORECAST_1,all_blocks,centered,1497,1.7596632460481487e-05,0
C_FORECAST_1,all_blocks,centered,1498,1.75565746758366e-05,0
C_FORECAST_1,all_blocks,centered,1499,1.7506637959741056e-05,0
C_FORECAST_1,all_blocks,centered,1500,1.728829010971822e-05,0
C_FORECAST_1,all_blocks,centered,1501,1.7180802387883887e-05,0
C_FORECAST_1,all_blocks,centered,1502,1.714856807666365e-05,0
C_FORECAST_1,all_blocks,centered,1503,1.7022899555740878e-05,0
C_FORECAST_1,all_blocks,centered,1504,1.6899935872061178e-05,0
C_FORECAST_1,all_blocks,centered,1505,1.680463901720941e-05,0
C_FORECAST_1,all_blocks,centered,1506,1.674385384831112e-05,0
C_FORECAST_1,all_blocks,centered,1507,1.673400947765913e-05,0
C_FORECAST_1,all_blocks,centered,1508,1.6450523617095314e-05,0
C_FORECAST_1,all_blocks,centered,1509,1.642535426071845e-05,0
C_FORECAST_1,all_blocks,centered,1510,1.6196598153328523e-05,0
C_FORECAST_1,all_blocks,centered,1511,1.6115556718432344e-05,0
C_FORECAST_1,all_blocks,centered,1512,1.593514571140986e-05,0
C_FORECAST_1,all_blocks,centered,1513,1.5930976587696932e-05,0
C_FORECAST_1,all_blocks,centered,1514,1.5909934518276714e-05,0
C_FORECAST_1,all_blocks,centered,1515,1.5791865735081956e-05,0
C_FORECAST_1,all_blocks,centered,1516,1.5452696970896795e-05,0
C_FORECAST_1,all_blocks,centered,1517,1.534767034172546e-05,0
C_FORECAST_1,all_blocks,centered,1518,1.5241305845847819e-05,0
C_FORECAST_1,all_blocks,centered,1519,1.5187978533504065e-05,0
C_FORECAST_1,all_blocks,centered,1520,1.5164464457484428e-05,0
C_FORECAST_1,all_blocks,centered,1521,1.4861032468616031e-05,0
C_FORECAST_1,all_blocks,centered,1522,1.477357182011474e-05,0
C_FORECAST_1,all_blocks,centered,1523,1.465564128011465e-05,0
C_FORECAST_1,all_blocks,centered,1524,1.4583065421902575e-05,0
C_FORECAST_1,all_blocks,centered,1525,1.4472096154349856e-05,0
C_FORECAST_1,all_blocks,centered,1526,1.432851240679156e-05,0
C_FORECAST_1,all_blocks,centered,1527,1.4316083252197132e-05,0
C_FORECAST_1,all_blocks,centered,1528,1.4102388377068564e-05,0
C_FORECAST_1,all_blocks,centered,1529,1.3837970982422121e-05,0
C_FORECAST_1,all_blocks,centered,1530,1.3546493391913828e-05,0
C_FORECAST_1,all_blocks,centered,1531,1.3511520592146553e-05,0
C_FORECAST_1,all_blocks,centered,1532,1.3447222045215312e-05,0
C_FORECAST_1,all_blocks,centered,1533,1.2719997357635293e-05,0
C_FORECAST_1,all_blocks,centered,1534,1.2637960026040673e-05,0
C_FORECAST_1,all_blocks,centered,1535,1.2479556062316988e-05,0
C_FORECAST_1,all_blocks,centered,1536,1.2386683920340147e-05,0
C_FORECAST_1,all_blocks,channel_standardized,1,32.547122955322266,1
C_FORECAST_1,all_blocks,channel_standardized,2,29.54336929321289,1
C_FORECAST_1,all_blocks,channel_standardized,3,22.193103790283203,1
C_FORECAST_1,all_blocks,channel_standardized,4,16.985687255859375,1
C_FORECAST_1,all_blocks,channel_standardized,5,16.433773040771484,1
C_FORECAST_1,all_blocks,channel_standardized,6,13.482519149780273,1
C_FORECAST_1,all_blocks,channel_standardized,7,11.947468757629395,1
C_FORECAST_1,all_blocks,channel_standardized,8,10.627361297607422,1
C_FORECAST_1,all_blocks,channel_standardized,9,10.31300163269043,1
C_FORECAST_1,all_blocks,channel_standardized,10,9.1278657913208,1
C_FORECAST_1,all_blocks,channel_standardized,11,8.813583374023438,1
C_FORECAST_1,all_blocks,channel_standardized,12,8.151914596557617,1
C_FORECAST_1,all_blocks,channel_standardized,13,7.672083377838135,1
C_FORECAST_1,all_blocks,channel_standardized,14,7.345076084136963,1
C_FORECAST_1,all_blocks,channel_standardized,15,7.172475814819336,1
C_FORECAST_1,all_blocks,channel_standardized,16,6.998934268951416,1
C_FORECAST_1,all_blocks,channel_standardized,17,6.775381565093994,1
C_FORECAST_1,all_blocks,channel_standardized,18,6.393694877624512,1
C_FORECAST_1,all_blocks,channel_standardized,19,6.211791515350342,1
C_FORECAST_1,all_blocks,channel_standardized,20,6.02650260925293,1
C_FORECAST_1,all_blocks,channel_standardized,21,5.885587692260742,1
C_FORECAST_1,all_blocks,channel_standardized,22,5.833456993103027,1
C_FORECAST_1,all_blocks,channel_standardized,23,5.747408390045166,1
C_FORECAST_1,all_blocks,channel_standardized,24,5.580536842346191,1
C_FORECAST_1,all_blocks,channel_standardized,25,5.358954906463623,1
C_FORECAST_1,all_blocks,channel_standardized,26,5.260942459106445,1
C_FORECAST_1,all_blocks,channel_standardized,27,5.202577590942383,1
C_FORECAST_1,all_blocks,channel_standardized,28,5.108062744140625,1
C_FORECAST_1,all_blocks,channel_standardized,29,5.051120758056641,1
C_FORECAST_1,all_blocks,channel_standardized,30,5.0126051902771,1
C_FORECAST_1,all_blocks,channel_standardized,31,4.89674711227417,1
C_FORECAST_1,all_blocks,channel_standardized,32,4.835585117340088,1
C_FORECAST_1,all_blocks,channel_standardized,33,4.793215274810791,1
C_FORECAST_1,all_blocks,channel_standardized,34,4.690788745880127,1
C_FORECAST_1,all_blocks,channel_standardized,35,4.619056701660156,1
C_FORECAST_1,all_blocks,channel_standardized,36,4.532577037811279,1
C_FORECAST_1,all_blocks,channel_standardized,37,4.517345428466797,1
C_FORECAST_1,all_blocks,channel_standardized,38,4.443464756011963,1
C_FORECAST_1,all_blocks,channel_standardized,39,4.407495975494385,1
C_FORECAST_1,all_blocks,channel_standardized,40,4.367654323577881,1
C_FORECAST_1,all_blocks,channel_standardized,41,4.278815746307373,1
C_FORECAST_1,all_blocks,channel_standardized,42,4.233827590942383,1
C_FORECAST_1,all_blocks,channel_standardized,43,4.16496467590332,1
C_FORECAST_1,all_blocks,channel_standardized,44,4.14673376083374,1
C_FORECAST_1,all_blocks,channel_standardized,45,4.084303379058838,1
C_FORECAST_1,all_blocks,channel_standardized,46,4.023333549499512,1
C_FORECAST_1,all_blocks,channel_standardized,47,3.91471004486084,1
C_FORECAST_1,all_blocks,channel_standardized,48,3.9011805057525635,1
C_FORECAST_1,all_blocks,channel_standardized,49,3.88254451751709,1
C_FORECAST_1,all_blocks,channel_standardized,50,3.8344950675964355,1
C_FORECAST_1,all_blocks,channel_standardized,51,3.811366558074951,1
C_FORECAST_1,all_blocks,channel_standardized,52,3.791213035583496,1
C_FORECAST_1,all_blocks,channel_standardized,53,3.7562806606292725,1
C_FORECAST_1,all_blocks,channel_standardized,54,3.7085835933685303,1
C_FORECAST_1,all_blocks,channel_standardized,55,3.6876020431518555,1
C_FORECAST_1,all_blocks,channel_standardized,56,3.638439655303955,1
C_FORECAST_1,all_blocks,channel_standardized,57,3.5952842235565186,1
C_FORECAST_1,all_blocks,channel_standardized,58,3.589230537414551,1
C_FORECAST_1,all_blocks,channel_standardized,59,3.5746190547943115,1
C_FORECAST_1,all_blocks,channel_standardized,60,3.5386080741882324,1
C_FORECAST_1,all_blocks,channel_standardized,61,3.5371720790863037,1
C_FORECAST_1,all_blocks,channel_standardized,62,3.500575304031372,1
C_FORECAST_1,all_blocks,channel_standardized,63,3.470371961593628,1
C_FORECAST_1,all_blocks,channel_standardized,64,3.4465763568878174,1
C_FORECAST_1,all_blocks,channel_standardized,65,3.396669626235962,1
C_FORECAST_1,all_blocks,channel_standardized,66,3.3886642456054688,1
C_FORECAST_1,all_blocks,channel_standardized,67,3.3723220825195312,1
C_FORECAST_1,all_blocks,channel_standardized,68,3.339318037033081,1
C_FORECAST_1,all_blocks,channel_standardized,69,3.326477289199829,1
C_FORECAST_1,all_blocks,channel_standardized,70,3.2988667488098145,1
C_FORECAST_1,all_blocks,channel_standardized,71,3.262784957885742,1
C_FORECAST_1,all_blocks,channel_standardized,72,3.2586042881011963,1
C_FORECAST_1,all_blocks,channel_standardized,73,3.2248265743255615,1
C_FORECAST_1,all_blocks,channel_standardized,74,3.2144508361816406,1
C_FORECAST_1,all_blocks,channel_standardized,75,3.1881096363067627,1
C_FORECAST_1,all_blocks,channel_standardized,76,3.158956289291382,1
C_FORECAST_1,all_blocks,channel_standardized,77,3.1401991844177246,1
C_FORECAST_1,all_blocks,channel_standardized,78,3.1259396076202393,1
C_FORECAST_1,all_blocks,channel_standardized,79,3.0969676971435547,1
C_FORECAST_1,all_blocks,channel_standardized,80,3.0861401557922363,1
C_FORECAST_1,all_blocks,channel_standardized,81,3.0541133880615234,1
C_FORECAST_1,all_blocks,channel_standardized,82,3.0359158515930176,1
C_FORECAST_1,all_blocks,channel_standardized,83,3.0284175872802734,1
C_FORECAST_1,all_blocks,channel_standardized,84,3.0151259899139404,1
C_FORECAST_1,all_blocks,channel_standardized,85,2.9946084022521973,1
C_FORECAST_1,all_blocks,channel_standardized,86,2.9742016792297363,1
C_FORECAST_1,all_blocks,channel_standardized,87,2.9575207233428955,1
C_FORECAST_1,all_blocks,channel_standardized,88,2.9410643577575684,1
C_FORECAST_1,all_blocks,channel_standardized,89,2.916809320449829,1
C_FORECAST_1,all_blocks,channel_standardized,90,2.9003734588623047,1
C_FORECAST_1,all_blocks,channel_standardized,91,2.867824077606201,1
C_FORECAST_1,all_blocks,channel_standardized,92,2.8560595512390137,1
C_FORECAST_1,all_blocks,channel_standardized,93,2.8543481826782227,1
C_FORECAST_1,all_blocks,channel_standardized,94,2.8492307662963867,1
C_FORECAST_1,all_blocks,channel_standardized,95,2.8325514793395996,1
C_FORECAST_1,all_blocks,channel_standardized,96,2.818696975708008,1
C_FORECAST_1,all_blocks,channel_standardized,97,2.790024518966675,1
C_FORECAST_1,all_blocks,channel_standardized,98,2.7804007530212402,1
C_FORECAST_1,all_blocks,channel_standardized,99,2.767603635787964,1
C_FORECAST_1,all_blocks,channel_standardized,100,2.7589070796966553,1
C_FORECAST_1,all_blocks,channel_standardized,101,2.738637924194336,1
C_FORECAST_1,all_blocks,channel_standardized,102,2.7309932708740234,1
C_FORECAST_1,all_blocks,channel_standardized,103,2.7126624584198,1
C_FORECAST_1,all_blocks,channel_standardized,104,2.7031338214874268,1
C_FORECAST_1,all_blocks,channel_standardized,105,2.6851632595062256,1
C_FORECAST_1,all_blocks,channel_standardized,106,2.676079511642456,1
C_FORECAST_1,all_blocks,channel_standardized,107,2.659653902053833,1
C_FORECAST_1,all_blocks,channel_standardized,108,2.649935722351074,1
C_FORECAST_1,all_blocks,channel_standardized,109,2.6357526779174805,1
C_FORECAST_1,all_blocks,channel_standardized,110,2.62394642829895,1
C_FORECAST_1,all_blocks,channel_standardized,111,2.6058526039123535,1
C_FORECAST_1,all_blocks,channel_standardized,112,2.592827796936035,1
C_FORECAST_1,all_blocks,channel_standardized,113,2.5857362747192383,1
C_FORECAST_1,all_blocks,channel_standardized,114,2.5800771713256836,1
C_FORECAST_1,all_blocks,channel_standardized,115,2.5665061473846436,1
C_FORECAST_1,all_blocks,channel_standardized,116,2.5495293140411377,1
C_FORECAST_1,all_blocks,channel_standardized,117,2.5265021324157715,1
C_FORECAST_1,all_blocks,channel_standardized,118,2.5224268436431885,1
C_FORECAST_1,all_blocks,channel_standardized,119,2.507169485092163,1
C_FORECAST_1,all_blocks,channel_standardized,120,2.4923367500305176,1
C_FORECAST_1,all_blocks,channel_standardized,121,2.4849891662597656,1
C_FORECAST_1,all_blocks,channel_standardized,122,2.47369647026062,1
C_FORECAST_1,all_blocks,channel_standardized,123,2.4660391807556152,1
C_FORECAST_1,all_blocks,channel_standardized,124,2.4546706676483154,1
C_FORECAST_1,all_blocks,channel_standardized,125,2.4291915893554688,1
C_FORECAST_1,all_blocks,channel_standardized,126,2.425499439239502,1
C_FORECAST_1,all_blocks,channel_standardized,127,2.422675609588623,1
C_FORECAST_1,all_blocks,channel_standardized,128,2.4072470664978027,1
C_FORECAST_1,all_blocks,channel_standardized,129,2.4023525714874268,1
C_FORECAST_1,all_blocks,channel_standardized,130,2.37784743309021,1
C_FORECAST_1,all_blocks,channel_standardized,131,2.3718864917755127,1
C_FORECAST_1,all_blocks,channel_standardized,132,2.3685359954833984,1
C_FORECAST_1,all_blocks,channel_standardized,133,2.358205795288086,1
C_FORECAST_1,all_blocks,channel_standardized,134,2.348755121231079,1
C_FORECAST_1,all_blocks,channel_standardized,135,2.336963653564453,1
C_FORECAST_1,all_blocks,channel_standardized,136,2.3251399993896484,1
C_FORECAST_1,all_blocks,channel_standardized,137,2.320258855819702,1
C_FORECAST_1,all_blocks,channel_standardized,138,2.3051817417144775,1
C_FORECAST_1,all_blocks,channel_standardized,139,2.296921730041504,1
C_FORECAST_1,all_blocks,channel_standardized,140,2.2815630435943604,1
C_FORECAST_1,all_blocks,channel_standardized,141,2.27013897895813,1
C_FORECAST_1,all_blocks,channel_standardized,142,2.268454074859619,1
C_FORECAST_1,all_blocks,channel_standardized,143,2.261427164077759,1
C_FORECAST_1,all_blocks,channel_standardized,144,2.253295421600342,1
C_FORECAST_1,all_blocks,channel_standardized,145,2.242600679397583,1
C_FORECAST_1,all_blocks,channel_standardized,146,2.2397398948669434,1
C_FORECAST_1,all_blocks,channel_standardized,147,2.2260656356811523,1
C_FORECAST_1,all_blocks,channel_standardized,148,2.214818239212036,1
C_FORECAST_1,all_blocks,channel_standardized,149,2.2062857151031494,1
C_FORECAST_1,all_blocks,channel_standardized,150,2.2039475440979004,1
C_FORECAST_1,all_blocks,channel_standardized,151,2.194082498550415,1
C_FORECAST_1,all_blocks,channel_standardized,152,2.1856133937835693,1
C_FORECAST_1,all_blocks,channel_standardized,153,2.181173801422119,1
C_FORECAST_1,all_blocks,channel_standardized,154,2.1712467670440674,1
C_FORECAST_1,all_blocks,channel_standardized,155,2.159552574157715,1
C_FORECAST_1,all_blocks,channel_standardized,156,2.152879238128662,1
C_FORECAST_1,all_blocks,channel_standardized,157,2.1371264457702637,1
C_FORECAST_1,all_blocks,channel_standardized,158,2.1347761154174805,1
C_FORECAST_1,all_blocks,channel_standardized,159,2.119722366333008,1
C_FORECAST_1,all_blocks,channel_standardized,160,2.1133334636688232,1
C_FORECAST_1,all_blocks,channel_standardized,161,2.112361192703247,1
C_FORECAST_1,all_blocks,channel_standardized,162,2.098799705505371,1
C_FORECAST_1,all_blocks,channel_standardized,163,2.0925543308258057,1
C_FORECAST_1,all_blocks,channel_standardized,164,2.083263397216797,1
C_FORECAST_1,all_blocks,channel_standardized,165,2.078687906265259,1
C_FORECAST_1,all_blocks,channel_standardized,166,2.068044424057007,1
C_FORECAST_1,all_blocks,channel_standardized,167,2.0593819618225098,1
C_FORECAST_1,all_blocks,channel_standardized,168,2.049267530441284,0
C_FORECAST_1,all_blocks,channel_standardized,169,2.044293165206909,0
C_FORECAST_1,all_blocks,channel_standardized,170,2.03692889213562,0
C_FORECAST_1,all_blocks,channel_standardized,171,2.031585693359375,0
C_FORECAST_1,all_blocks,channel_standardized,172,2.025824546813965,0
C_FORECAST_1,all_blocks,channel_standardized,173,2.007725715637207,0
C_FORECAST_1,all_blocks,channel_standardized,174,2.0066685676574707,0
C_FORECAST_1,all_blocks,channel_standardized,175,2.001814126968384,0
C_FORECAST_1,all_blocks,channel_standardized,176,1.9977833032608032,0
C_FORECAST_1,all_blocks,channel_standardized,177,1.9851148128509521,0
C_FORECAST_1,all_blocks,channel_standardized,178,1.9764822721481323,0
C_FORECAST_1,all_blocks,channel_standardized,179,1.9751967191696167,0
C_FORECAST_1,all_blocks,channel_standardized,180,1.9694035053253174,0
C_FORECAST_1,all_blocks,channel_standardized,181,1.9593342542648315,0
C_FORECAST_1,all_blocks,channel_standardized,182,1.9491311311721802,0
C_FORECAST_1,all_blocks,channel_standardized,183,1.9462521076202393,0
C_FORECAST_1,all_blocks,channel_standardized,184,1.9408270120620728,0
C_FORECAST_1,all_blocks,channel_standardized,185,1.9296079874038696,0
C_FORECAST_1,all_blocks,channel_standardized,186,1.918607234954834,0
C_FORECAST_1,all_blocks,channel_standardized,187,1.9117227792739868,0
C_FORECAST_1,all_blocks,channel_standardized,188,1.908734679222107,0
C_FORECAST_1,all_blocks,channel_standardized,189,1.9032258987426758,0
C_FORECAST_1,all_blocks,channel_standardized,190,1.8950505256652832,0
C_FORECAST_1,all_blocks,channel_standardized,191,1.8813318014144897,0
C_FORECAST_1,all_blocks,channel_standardized,192,1.8789496421813965,0
C_FORECAST_1,all_blocks,channel_standardized,193,1.8749116659164429,0
C_FORECAST_1,all_blocks,channel_standardized,194,1.869447112083435,0
C_FORECAST_1,all_blocks,channel_standardized,195,1.8609874248504639,0
C_FORECAST_1,all_blocks,channel_standardized,196,1.8587497472763062,0
C_FORECAST_1,all_blocks,channel_standardized,197,1.8441985845565796,0
C_FORECAST_1,all_blocks,channel_standardized,198,1.832240343093872,0
C_FORECAST_1,all_blocks,channel_standardized,199,1.824060082435608,0
C_FORECAST_1,all_blocks,channel_standardized,200,1.822779655456543,0
C_FORECAST_1,all_blocks,channel_standardized,201,1.8202757835388184,0
C_FORECAST_1,all_blocks,channel_standardized,202,1.8098026514053345,0
C_FORECAST_1,all_blocks,channel_standardized,203,1.8042551279067993,0
C_FORECAST_1,all_blocks,channel_standardized,204,1.801608681678772,0
C_FORECAST_1,all_blocks,channel_standardized,205,1.79739511013031,0
C_FORECAST_1,all_blocks,channel_standardized,206,1.7892529964447021,0
C_FORECAST_1,all_blocks,channel_standardized,207,1.7852627038955688,0
C_FORECAST_1,all_blocks,channel_standardized,208,1.776865839958191,0
C_FORECAST_1,all_blocks,channel_standardized,209,1.774972677230835,0
C_FORECAST_1,all_blocks,channel_standardized,210,1.7662246227264404,0
C_FORECAST_1,all_blocks,channel_standardized,211,1.760923147201538,0
C_FORECAST_1,all_blocks,channel_standardized,212,1.7528353929519653,0
C_FORECAST_1,all_blocks,channel_standardized,213,1.7480900287628174,0
C_FORECAST_1,all_blocks,channel_standardized,214,1.7449090480804443,0
C_FORECAST_1,all_blocks,channel_standardized,215,1.7433501482009888,0
C_FORECAST_1,all_blocks,channel_standardized,216,1.735665202140808,0
C_FORECAST_1,all_blocks,channel_standardized,217,1.7328299283981323,0
C_FORECAST_1,all_blocks,channel_standardized,218,1.7252253293991089,0
C_FORECAST_1,all_blocks,channel_standardized,219,1.7166162729263306,0
C_FORECAST_1,all_blocks,channel_standardized,220,1.7128316164016724,0
C_FORECAST_1,all_blocks,channel_standardized,221,1.708587408065796,0
C_FORECAST_1,all_blocks,channel_standardized,222,1.705851674079895,0
C_FORECAST_1,all_blocks,channel_standardized,223,1.7000317573547363,0
C_FORECAST_1,all_blocks,channel_standardized,224,1.6955196857452393,0
C_FORECAST_1,all_blocks,channel_standardized,225,1.6905959844589233,0
C_FORECAST_1,all_blocks,channel_standardized,226,1.6852079629898071,0
C_FORECAST_1,all_blocks,channel_standardized,227,1.6817924976348877,0
C_FORECAST_1,all_blocks,channel_standardized,228,1.6723310947418213,0
C_FORECAST_1,all_blocks,channel_standardized,229,1.6663998365402222,0
C_FORECAST_1,all_blocks,channel_standardized,230,1.6641546487808228,0
C_FORECAST_1,all_blocks,channel_standardized,231,1.6618767976760864,0
C_FORECAST_1,all_blocks,channel_standardized,232,1.6554882526397705,0
C_FORECAST_1,all_blocks,channel_standardized,233,1.6523653268814087,0
C_FORECAST_1,all_blocks,channel_standardized,234,1.6478756666183472,0
C_FORECAST_1,all_blocks,channel_standardized,235,1.6412746906280518,0
C_FORECAST_1,all_blocks,channel_standardized,236,1.6361263990402222,0
C_FORECAST_1,all_blocks,channel_standardized,237,1.634159803390503,0
C_FORECAST_1,all_blocks,channel_standardized,238,1.628562569618225,0
C_FORECAST_1,all_blocks,channel_standardized,239,1.6209694147109985,0
C_FORECAST_1,all_blocks,channel_standardized,240,1.6165046691894531,0
C_FORECAST_1,all_blocks,channel_standardized,241,1.612796664237976,0
C_FORECAST_1,all_blocks,channel_standardized,242,1.6115409135818481,0
C_FORECAST_1,all_blocks,channel_standardized,243,1.6030445098876953,0
C_FORECAST_1,all_blocks,channel_standardized,244,1.601576805114746,0
C_FORECAST_1,all_blocks,channel_standardized,245,1.5961858034133911,0
C_FORECAST_1,all_blocks,channel_standardized,246,1.5938217639923096,0
C_FORECAST_1,all_blocks,channel_standardized,247,1.5901031494140625,0
C_FORECAST_1,all_blocks,channel_standardized,248,1.584747314453125,0
C_FORECAST_1,all_blocks,channel_standardized,249,1.5780224800109863,0
C_FORECAST_1,all_blocks,channel_standardized,250,1.5743229389190674,0
C_FORECAST_1,all_blocks,channel_standardized,251,1.5684713125228882,0
C_FORECAST_1,all_blocks,channel_standardized,252,1.5675104856491089,0
C_FORECAST_1,all_blocks,channel_standardized,253,1.5638751983642578,0
C_FORECAST_1,all_blocks,channel_standardized,254,1.5518003702163696,0
C_FORECAST_1,all_blocks,channel_standardized,255,1.5508147478103638,0
C_FORECAST_1,all_blocks,channel_standardized,256,1.5435820817947388,0
C_FORECAST_1,all_blocks,channel_standardized,257,1.539430022239685,0
C_FORECAST_1,all_blocks,channel_standardized,258,1.534665822982788,0
C_FORECAST_1,all_blocks,channel_standardized,259,1.531788945198059,0
C_FORECAST_1,all_blocks,channel_standardized,260,1.5255199670791626,0
C_FORECAST_1,all_blocks,channel_standardized,261,1.5240684747695923,0
C_FORECAST_1,all_blocks,channel_standardized,262,1.5149601697921753,0
C_FORECAST_1,all_blocks,channel_standardized,263,1.5147349834442139,0
C_FORECAST_1,all_blocks,channel_standardized,264,1.5120949745178223,0
C_FORECAST_1,all_blocks,channel_standardized,265,1.501528263092041,0
C_FORECAST_1,all_blocks,channel_standardized,266,1.4992603063583374,0
C_FORECAST_1,all_blocks,channel_standardized,267,1.4914883375167847,0
C_FORECAST_1,all_blocks,channel_standardized,268,1.4875292778015137,0
C_FORECAST_1,all_blocks,channel_standardized,269,1.4848629236221313,0
C_FORECAST_1,all_blocks,channel_standardized,270,1.4838579893112183,0
C_FORECAST_1,all_blocks,channel_standardized,271,1.4767141342163086,0
C_FORECAST_1,all_blocks,channel_standardized,272,1.4743618965148926,0
C_FORECAST_1,all_blocks,channel_standardized,273,1.4676824808120728,0
C_FORECAST_1,all_blocks,channel_standardized,274,1.464853048324585,0
C_FORECAST_1,all_blocks,channel_standardized,275,1.4611577987670898,0
C_FORECAST_1,all_blocks,channel_standardized,276,1.4589076042175293,0
C_FORECAST_1,all_blocks,channel_standardized,277,1.4541581869125366,0
C_FORECAST_1,all_blocks,channel_standardized,278,1.4507575035095215,0
C_FORECAST_1,all_blocks,channel_standardized,279,1.4471057653427124,0
C_FORECAST_1,all_blocks,channel_standardized,280,1.4433608055114746,0
C_FORECAST_1,all_blocks,channel_standardized,281,1.4399096965789795,0
C_FORECAST_1,all_blocks,channel_standardized,282,1.4363197088241577,0
C_FORECAST_1,all_blocks,channel_standardized,283,1.4353522062301636,0
C_FORECAST_1,all_blocks,channel_standardized,284,1.4294334650039673,0
C_FORECAST_1,all_blocks,channel_standardized,285,1.4278420209884644,0
C_FORECAST_1,all_blocks,channel_standardized,286,1.4226162433624268,0
C_FORECAST_1,all_blocks,channel_standardized,287,1.41815185546875,0
C_FORECAST_1,all_blocks,channel_standardized,288,1.4137638807296753,0
C_FORECAST_1,all_blocks,channel_standardized,289,1.4095737934112549,0
C_FORECAST_1,all_blocks,channel_standardized,290,1.4058363437652588,0
C_FORECAST_1,all_blocks,channel_standardized,291,1.4027149677276611,0
C_FORECAST_1,all_blocks,channel_standardized,292,1.3987858295440674,0
C_FORECAST_1,all_blocks,channel_standardized,293,1.3967047929763794,0
C_FORECAST_1,all_blocks,channel_standardized,294,1.3919645547866821,0
C_FORECAST_1,all_blocks,channel_standardized,295,1.3880478143692017,0
C_FORECAST_1,all_blocks,channel_standardized,296,1.385868787765503,0
C_FORECAST_1,all_blocks,channel_standardized,297,1.3821686506271362,0
C_FORECAST_1,all_blocks,channel_standardized,298,1.3751633167266846,0
C_FORECAST_1,all_blocks,channel_standardized,299,1.3738806247711182,0
C_FORECAST_1,all_blocks,channel_standardized,300,1.3727796077728271,0
C_FORECAST_1,all_blocks,channel_standardized,301,1.3678419589996338,0
C_FORECAST_1,all_blocks,channel_standardized,302,1.3610830307006836,0
C_FORECAST_1,all_blocks,channel_standardized,303,1.3546202182769775,0
C_FORECAST_1,all_blocks,channel_standardized,304,1.353118896484375,0
C_FORECAST_1,all_blocks,channel_standardized,305,1.3494555950164795,0
C_FORECAST_1,all_blocks,channel_standardized,306,1.3460273742675781,0
C_FORECAST_1,all_blocks,channel_standardized,307,1.3423124551773071,0
C_FORECAST_1,all_blocks,channel_standardized,308,1.3397753238677979,0
C_FORECAST_1,all_blocks,channel_standardized,309,1.337670087814331,0
C_FORECAST_1,all_blocks,channel_standardized,310,1.3350433111190796,0
C_FORECAST_1,all_blocks,channel_standardized,311,1.3319991827011108,0
C_FORECAST_1,all_blocks,channel_standardized,312,1.3245360851287842,0
C_FORECAST_1,all_blocks,channel_standardized,313,1.3230323791503906,0
C_FORECAST_1,all_blocks,channel_standardized,314,1.320490837097168,0
C_FORECAST_1,all_blocks,channel_standardized,315,1.3160014152526855,0
C_FORECAST_1,all_blocks,channel_standardized,316,1.3142751455307007,0
C_FORECAST_1,all_blocks,channel_standardized,317,1.3105651140213013,0
C_FORECAST_1,all_blocks,channel_standardized,318,1.3079568147659302,0
C_FORECAST_1,all_blocks,channel_standardized,319,1.30369234085083,0
C_FORECAST_1,all_blocks,channel_standardized,320,1.3010393381118774,0
C_FORECAST_1,all_blocks,channel_standardized,321,1.2995712757110596,0
C_FORECAST_1,all_blocks,channel_standardized,322,1.2933080196380615,0
C_FORECAST_1,all_blocks,channel_standardized,323,1.2885704040527344,0
C_FORECAST_1,all_blocks,channel_standardized,324,1.28782057762146,0
C_FORECAST_1,all_blocks,channel_standardized,325,1.284449577331543,0
C_FORECAST_1,all_blocks,channel_standardized,326,1.2802523374557495,0
C_FORECAST_1,all_blocks,channel_standardized,327,1.2767380475997925,0
C_FORECAST_1,all_blocks,channel_standardized,328,1.2758625745773315,0
C_FORECAST_1,all_blocks,channel_standardized,329,1.2691984176635742,0
C_FORECAST_1,all_blocks,channel_standardized,330,1.266377329826355,0
C_FORECAST_1,all_blocks,channel_standardized,331,1.2648706436157227,0
C_FORECAST_1,all_blocks,channel_standardized,332,1.2607964277267456,0
C_FORECAST_1,all_blocks,channel_standardized,333,1.2578054666519165,0
C_FORECAST_1,all_blocks,channel_standardized,334,1.2548575401306152,0
C_FORECAST_1,all_blocks,channel_standardized,335,1.253867745399475,0
C_FORECAST_1,all_blocks,channel_standardized,336,1.2477080821990967,0
C_FORECAST_1,all_blocks,channel_standardized,337,1.2456380128860474,0
C_FORECAST_1,all_blocks,channel_standardized,338,1.2431347370147705,0
C_FORECAST_1,all_blocks,channel_standardized,339,1.2412220239639282,0
C_FORECAST_1,all_blocks,channel_standardized,340,1.2373194694519043,0
C_FORECAST_1,all_blocks,channel_standardized,341,1.2351661920547485,0
C_FORECAST_1,all_blocks,channel_standardized,342,1.2345144748687744,0
C_FORECAST_1,all_blocks,channel_standardized,343,1.2314568758010864,0
C_FORECAST_1,all_blocks,channel_standardized,344,1.2303156852722168,0
C_FORECAST_1,all_blocks,channel_standardized,345,1.2235569953918457,0
C_FORECAST_1,all_blocks,channel_standardized,346,1.2213916778564453,0
C_FORECAST_1,all_blocks,channel_standardized,347,1.216862678527832,0
C_FORECAST_1,all_blocks,channel_standardized,348,1.2144668102264404,0
C_FORECAST_1,all_blocks,channel_standardized,349,1.2107878923416138,0
C_FORECAST_1,all_blocks,channel_standardized,350,1.2090438604354858,0
C_FORECAST_1,all_blocks,channel_standardized,351,1.207045078277588,0
C_FORECAST_1,all_blocks,channel_standardized,352,1.2044477462768555,0
C_FORECAST_1,all_blocks,channel_standardized,353,1.203964352607727,0
C_FORECAST_1,all_blocks,channel_standardized,354,1.2010148763656616,0
C_FORECAST_1,all_blocks,channel_standardized,355,1.1954926252365112,0
C_FORECAST_1,all_blocks,channel_standardized,356,1.1925896406173706,0
C_FORECAST_1,all_blocks,channel_standardized,357,1.1912122964859009,0
C_FORECAST_1,all_blocks,channel_standardized,358,1.1858043670654297,0
C_FORECAST_1,all_blocks,channel_standardized,359,1.1854503154754639,0
C_FORECAST_1,all_blocks,channel_standardized,360,1.1823081970214844,0
C_FORECAST_1,all_blocks,channel_standardized,361,1.1790107488632202,0
C_FORECAST_1,all_blocks,channel_standardized,362,1.1768404245376587,0
C_FORECAST_1,all_blocks,channel_standardized,363,1.1746670007705688,0
C_FORECAST_1,all_blocks,channel_standardized,364,1.1705294847488403,0
C_FORECAST_1,all_blocks,channel_standardized,365,1.1673496961593628,0
C_FORECAST_1,all_blocks,channel_standardized,366,1.162690281867981,0
C_FORECAST_1,all_blocks,channel_standardized,367,1.1611381769180298,0
C_FORECAST_1,all_blocks,channel_standardized,368,1.1595003604888916,0
C_FORECAST_1,all_blocks,channel_standardized,369,1.158799171447754,0
C_FORECAST_1,all_blocks,channel_standardized,370,1.156569004058838,0
C_FORECAST_1,all_blocks,channel_standardized,371,1.153099536895752,0
C_FORECAST_1,all_blocks,channel_standardized,372,1.1494158506393433,0
C_FORECAST_1,all_blocks,channel_standardized,373,1.1470519304275513,0
C_FORECAST_1,all_blocks,channel_standardized,374,1.1443277597427368,0
C_FORECAST_1,all_blocks,channel_standardized,375,1.1425549983978271,0
C_FORECAST_1,all_blocks,channel_standardized,376,1.137819528579712,0
C_FORECAST_1,all_blocks,channel_standardized,377,1.1360803842544556,0
C_FORECAST_1,all_blocks,channel_standardized,378,1.1346243619918823,0
C_FORECAST_1,all_blocks,channel_standardized,379,1.134124994277954,0
C_FORECAST_1,all_blocks,channel_standardized,380,1.132046103477478,0
C_FORECAST_1,all_blocks,channel_standardized,381,1.1290602684020996,0
C_FORECAST_1,all_blocks,channel_standardized,382,1.1258288621902466,0
C_FORECAST_1,all_blocks,channel_standardized,383,1.1223137378692627,0
C_FORECAST_1,all_blocks,channel_standardized,384,1.1194899082183838,0
C_FORECAST_1,all_blocks,channel_standardized,385,1.1159113645553589,0
C_FORECAST_1,all_blocks,channel_standardized,386,1.1153569221496582,0
C_FORECAST_1,all_blocks,channel_standardized,387,1.114647388458252,0
C_FORECAST_1,all_blocks,channel_standardized,388,1.1117453575134277,0
C_FORECAST_1,all_blocks,channel_standardized,389,1.109859824180603,0
C_FORECAST_1,all_blocks,channel_standardized,390,1.1067606210708618,0
C_FORECAST_1,all_blocks,channel_standardized,391,1.1045368909835815,0
C_FORECAST_1,all_blocks,channel_standardized,392,1.1020160913467407,0
C_FORECAST_1,all_blocks,channel_standardized,393,1.0980713367462158,0
C_FORECAST_1,all_blocks,channel_standardized,394,1.0953805446624756,0
C_FORECAST_1,all_blocks,channel_standardized,395,1.09302818775177,0
C_FORECAST_1,all_blocks,channel_standardized,396,1.0906246900558472,0
C_FORECAST_1,all_blocks,channel_standardized,397,1.0894780158996582,0
C_FORECAST_1,all_blocks,channel_standardized,398,1.086143970489502,0
C_FORECAST_1,all_blocks,channel_standardized,399,1.080856442451477,0
C_FORECAST_1,all_blocks,channel_standardized,400,1.0789800882339478,0
C_FORECAST_1,all_blocks,channel_standardized,401,1.0768855810165405,0
C_FORECAST_1,all_blocks,channel_standardized,402,1.0753201246261597,0
C_FORECAST_1,all_blocks,channel_standardized,403,1.0726408958435059,0
C_FORECAST_1,all_blocks,channel_standardized,404,1.0710926055908203,0
C_FORECAST_1,all_blocks,channel_standardized,405,1.06879460811615,0
C_FORECAST_1,all_blocks,channel_standardized,406,1.0660828351974487,0
C_FORECAST_1,all_blocks,channel_standardized,407,1.0636405944824219,0
C_FORECAST_1,all_blocks,channel_standardized,408,1.0628772974014282,0
C_FORECAST_1,all_blocks,channel_standardized,409,1.0602537393569946,0
C_FORECAST_1,all_blocks,channel_standardized,410,1.0569111108779907,0
C_FORECAST_1,all_blocks,channel_standardized,411,1.0555927753448486,0
C_FORECAST_1,all_blocks,channel_standardized,412,1.0536965131759644,0
C_FORECAST_1,all_blocks,channel_standardized,413,1.049426555633545,0
C_FORECAST_1,all_blocks,channel_standardized,414,1.0480711460113525,0
C_FORECAST_1,all_blocks,channel_standardized,415,1.0463674068450928,0
C_FORECAST_1,all_blocks,channel_standardized,416,1.0437740087509155,0
C_FORECAST_1,all_blocks,channel_standardized,417,1.0424301624298096,0
C_FORECAST_1,all_blocks,channel_standardized,418,1.0397748947143555,0
C_FORECAST_1,all_blocks,channel_standardized,419,1.039209008216858,0
C_FORECAST_1,all_blocks,channel_standardized,420,1.0352160930633545,0
C_FORECAST_1,all_blocks,channel_standardized,421,1.0316842794418335,0
C_FORECAST_1,all_blocks,channel_standardized,422,1.0279488563537598,0
C_FORECAST_1,all_blocks,channel_standardized,423,1.0268380641937256,0
C_FORECAST_1,all_blocks,channel_standardized,424,1.02586829662323,0
C_FORECAST_1,all_blocks,channel_standardized,425,1.025283694267273,0
C_FORECAST_1,all_blocks,channel_standardized,426,1.0203418731689453,0
C_FORECAST_1,all_blocks,channel_standardized,427,1.019736409187317,0
C_FORECAST_1,all_blocks,channel_standardized,428,1.0167490243911743,0
C_FORECAST_1,all_blocks,channel_standardized,429,1.0140941143035889,0
C_FORECAST_1,all_blocks,channel_standardized,430,1.0105433464050293,0
C_FORECAST_1,all_blocks,channel_standardized,431,1.0091776847839355,0
C_FORECAST_1,all_blocks,channel_standardized,432,1.0074927806854248,0
C_FORECAST_1,all_blocks,channel_standardized,433,1.0058090686798096,0
C_FORECAST_1,all_blocks,channel_standardized,434,1.0046875476837158,0
C_FORECAST_1,all_blocks,channel_standardized,435,1.0036430358886719,0
C_FORECAST_1,all_blocks,channel_standardized,436,1.0009161233901978,0
C_FORECAST_1,all_blocks,channel_standardized,437,0.9988312721252441,0
C_FORECAST_1,all_blocks,channel_standardized,438,0.9976983070373535,0
C_FORECAST_1,all_blocks,channel_standardized,439,0.9967344403266907,0
C_FORECAST_1,all_blocks,channel_standardized,440,0.9959880709648132,0
C_FORECAST_1,all_blocks,channel_standardized,441,0.9909650087356567,0
C_FORECAST_1,all_blocks,channel_standardized,442,0.989285945892334,0
C_FORECAST_1,all_blocks,channel_standardized,443,0.9875633120536804,0
C_FORECAST_1,all_blocks,channel_standardized,444,0.9861958026885986,0
C_FORECAST_1,all_blocks,channel_standardized,445,0.9827393889427185,0
C_FORECAST_1,all_blocks,channel_standardized,446,0.981422483921051,0
C_FORECAST_1,all_blocks,channel_standardized,447,0.9801568388938904,0
C_FORECAST_1,all_blocks,channel_standardized,448,0.9783945679664612,0
C_FORECAST_1,all_blocks,channel_standardized,449,0.9740145206451416,0
C_FORECAST_1,all_blocks,channel_standardized,450,0.9703407287597656,0
C_FORECAST_1,all_blocks,channel_standardized,451,0.966159999370575,0
C_FORECAST_1,all_blocks,channel_standardized,452,0.9659504890441895,0
C_FORECAST_1,all_blocks,channel_standardized,453,0.9648767113685608,0
C_FORECAST_1,all_blocks,channel_standardized,454,0.9638153910636902,0
C_FORECAST_1,all_blocks,channel_standardized,455,0.9611405730247498,0
C_FORECAST_1,all_blocks,channel_standardized,456,0.9592260718345642,0
C_FORECAST_1,all_blocks,channel_standardized,457,0.9564334750175476,0
C_FORECAST_1,all_blocks,channel_standardized,458,0.9546403884887695,0
C_FORECAST_1,all_blocks,channel_standardized,459,0.95270836353302,0
C_FORECAST_1,all_blocks,channel_standardized,460,0.9522625207901001,0
C_FORECAST_1,all_blocks,channel_standardized,461,0.9504941701889038,0
C_FORECAST_1,all_blocks,channel_standardized,462,0.948456883430481,0
C_FORECAST_1,all_blocks,channel_standardized,463,0.9461540579795837,0
C_FORECAST_1,all_blocks,channel_standardized,464,0.9428406357765198,0
C_FORECAST_1,all_blocks,channel_standardized,465,0.9423856139183044,0
C_FORECAST_1,all_blocks,channel_standardized,466,0.9393542408943176,0
C_FORECAST_1,all_blocks,channel_standardized,467,0.9384291768074036,0
C_FORECAST_1,all_blocks,channel_standardized,468,0.9380221962928772,0
C_FORECAST_1,all_blocks,channel_standardized,469,0.9338624477386475,0
C_FORECAST_1,all_blocks,channel_standardized,470,0.9333135485649109,0
C_FORECAST_1,all_blocks,channel_standardized,471,0.9310016632080078,0
C_FORECAST_1,all_blocks,channel_standardized,472,0.9299696087837219,0
C_FORECAST_1,all_blocks,channel_standardized,473,0.9282496571540833,0
C_FORECAST_1,all_blocks,channel_standardized,474,0.9271588325500488,0
C_FORECAST_1,all_blocks,channel_standardized,475,0.9258447289466858,0
C_FORECAST_1,all_blocks,channel_standardized,476,0.9241200089454651,0
C_FORECAST_1,all_blocks,channel_standardized,477,0.9201227426528931,0
C_FORECAST_1,all_blocks,channel_standardized,478,0.9182109236717224,0
C_FORECAST_1,all_blocks,channel_standardized,479,0.9170762896537781,0
C_FORECAST_1,all_blocks,channel_standardized,480,0.9125338792800903,0
C_FORECAST_1,all_blocks,channel_standardized,481,0.910449206829071,0
C_FORECAST_1,all_blocks,channel_standardized,482,0.9092074632644653,0
C_FORECAST_1,all_blocks,channel_standardized,483,0.9078994393348694,0
C_FORECAST_1,all_blocks,channel_standardized,484,0.906904399394989,0
C_FORECAST_1,all_blocks,channel_standardized,485,0.9047408699989319,0
C_FORECAST_1,all_blocks,channel_standardized,486,0.9028101563453674,0
C_FORECAST_1,all_blocks,channel_standardized,487,0.9013304710388184,0
C_FORECAST_1,all_blocks,channel_standardized,488,0.9005632996559143,0
C_FORECAST_1,all_blocks,channel_standardized,489,0.8972463607788086,0
C_FORECAST_1,all_blocks,channel_standardized,490,0.8949881792068481,0
C_FORECAST_1,all_blocks,channel_standardized,491,0.8921610713005066,0
C_FORECAST_1,all_blocks,channel_standardized,492,0.8897321820259094,0
C_FORECAST_1,all_blocks,channel_standardized,493,0.888961672782898,0
C_FORECAST_1,all_blocks,channel_standardized,494,0.8860031962394714,0
C_FORECAST_1,all_blocks,channel_standardized,495,0.8851765394210815,0
C_FORECAST_1,all_blocks,channel_standardized,496,0.8843415379524231,0
C_FORECAST_1,all_blocks,channel_standardized,497,0.8824536800384521,0
C_FORECAST_1,all_blocks,channel_standardized,498,0.8805333971977234,0
C_FORECAST_1,all_blocks,channel_standardized,499,0.8795272707939148,0
C_FORECAST_1,all_blocks,channel_standardized,500,0.8773159384727478,0
C_FORECAST_1,all_blocks,channel_standardized,501,0.8736240267753601,0
C_FORECAST_1,all_blocks,channel_standardized,502,0.8729579448699951,0
C_FORECAST_1,all_blocks,channel_standardized,503,0.8718157410621643,0
C_FORECAST_1,all_blocks,channel_standardized,504,0.8705571293830872,0
C_FORECAST_1,all_blocks,channel_standardized,505,0.8694279193878174,0
C_FORECAST_1,all_blocks,channel_standardized,506,0.8677946329116821,0
C_FORECAST_1,all_blocks,channel_standardized,507,0.8656377196311951,0
C_FORECAST_1,all_blocks,channel_standardized,508,0.8629765510559082,0
C_FORECAST_1,all_blocks,channel_standardized,509,0.8612039089202881,0
C_FORECAST_1,all_blocks,channel_standardized,510,0.8595549464225769,0
C_FORECAST_1,all_blocks,channel_standardized,511,0.8569452166557312,0
C_FORECAST_1,all_blocks,channel_standardized,512,0.8559798002243042,0
C_FORECAST_1,all_blocks,channel_standardized,513,0.8554636240005493,0
C_FORECAST_1,all_blocks,channel_standardized,514,0.853646993637085,0
C_FORECAST_1,all_blocks,channel_standardized,515,0.8529503345489502,0
C_FORECAST_1,all_blocks,channel_standardized,516,0.8510386347770691,0
C_FORECAST_1,all_blocks,channel_standardized,517,0.8492147326469421,0
C_FORECAST_1,all_blocks,channel_standardized,518,0.8466833233833313,0
C_FORECAST_1,all_blocks,channel_standardized,519,0.8433481454849243,0
C_FORECAST_1,all_blocks,channel_standardized,520,0.8429268002510071,0
C_FORECAST_1,all_blocks,channel_standardized,521,0.8415504693984985,0
C_FORECAST_1,all_blocks,channel_standardized,522,0.8394821286201477,0
C_FORECAST_1,all_blocks,channel_standardized,523,0.8383314609527588,0
C_FORECAST_1,all_blocks,channel_standardized,524,0.837822675704956,0
C_FORECAST_1,all_blocks,channel_standardized,525,0.8364475965499878,0
C_FORECAST_1,all_blocks,channel_standardized,526,0.8324234485626221,0
C_FORECAST_1,all_blocks,channel_standardized,527,0.8311607241630554,0
C_FORECAST_1,all_blocks,channel_standardized,528,0.8285640478134155,0
C_FORECAST_1,all_blocks,channel_standardized,529,0.82803875207901,0
C_FORECAST_1,all_blocks,channel_standardized,530,0.8248305320739746,0
C_FORECAST_1,all_blocks,channel_standardized,531,0.8242855072021484,0
C_FORECAST_1,all_blocks,channel_standardized,532,0.8234218955039978,0
C_FORECAST_1,all_blocks,channel_standardized,533,0.822220504283905,0
C_FORECAST_1,all_blocks,channel_standardized,534,0.8197816610336304,0
C_FORECAST_1,all_blocks,channel_standardized,535,0.8184750080108643,0
C_FORECAST_1,all_blocks,channel_standardized,536,0.8171164393424988,0
C_FORECAST_1,all_blocks,channel_standardized,537,0.814834475517273,0
C_FORECAST_1,all_blocks,channel_standardized,538,0.8132482171058655,0
C_FORECAST_1,all_blocks,channel_standardized,539,0.8122628331184387,0
C_FORECAST_1,all_blocks,channel_standardized,540,0.8107829689979553,0
C_FORECAST_1,all_blocks,channel_standardized,541,0.8093774914741516,0
C_FORECAST_1,all_blocks,channel_standardized,542,0.8079370856285095,0
C_FORECAST_1,all_blocks,channel_standardized,543,0.8066348433494568,0
C_FORECAST_1,all_blocks,channel_standardized,544,0.8055520057678223,0
C_FORECAST_1,all_blocks,channel_standardized,545,0.8038514852523804,0
C_FORECAST_1,all_blocks,channel_standardized,546,0.8034732937812805,0
C_FORECAST_1,all_blocks,channel_standardized,547,0.8017191886901855,0
C_FORECAST_1,all_blocks,channel_standardized,548,0.7986868619918823,0
C_FORECAST_1,all_blocks,channel_standardized,549,0.7978891134262085,0
C_FORECAST_1,all_blocks,channel_standardized,550,0.7970878481864929,0
C_FORECAST_1,all_blocks,channel_standardized,551,0.7930319309234619,0
C_FORECAST_1,all_blocks,channel_standardized,552,0.7924233078956604,0
C_FORECAST_1,all_blocks,channel_standardized,553,0.7884886264801025,0
C_FORECAST_1,all_blocks,channel_standardized,554,0.7876558303833008,0
C_FORECAST_1,all_blocks,channel_standardized,555,0.78669673204422,0
C_FORECAST_1,all_blocks,channel_standardized,556,0.7849913239479065,0
C_FORECAST_1,all_blocks,channel_standardized,557,0.7842316627502441,0
C_FORECAST_1,all_blocks,channel_standardized,558,0.7831019759178162,0
C_FORECAST_1,all_blocks,channel_standardized,559,0.7817469239234924,0
C_FORECAST_1,all_blocks,channel_standardized,560,0.7791957855224609,0
C_FORECAST_1,all_blocks,channel_standardized,561,0.778220534324646,0
C_FORECAST_1,all_blocks,channel_standardized,562,0.7762727737426758,0
C_FORECAST_1,all_blocks,channel_standardized,563,0.7747244238853455,0
C_FORECAST_1,all_blocks,channel_standardized,564,0.7739695310592651,0
C_FORECAST_1,all_blocks,channel_standardized,565,0.7738202810287476,0
C_FORECAST_1,all_blocks,channel_standardized,566,0.7692382335662842,0
C_FORECAST_1,all_blocks,channel_standardized,567,0.7681376934051514,0
C_FORECAST_1,all_blocks,channel_standardized,568,0.7664245367050171,0
C_FORECAST_1,all_blocks,channel_standardized,569,0.7647160291671753,0
C_FORECAST_1,all_blocks,channel_standardized,570,0.763173520565033,0
C_FORECAST_1,all_blocks,channel_standardized,571,0.7623028755187988,0
C_FORECAST_1,all_blocks,channel_standardized,572,0.7608814239501953,0
C_FORECAST_1,all_blocks,channel_standardized,573,0.7589185237884521,0
C_FORECAST_1,all_blocks,channel_standardized,574,0.7577176094055176,0
C_FORECAST_1,all_blocks,channel_standardized,575,0.7562602758407593,0
C_FORECAST_1,all_blocks,channel_standardized,576,0.7559300661087036,0
C_FORECAST_1,all_blocks,channel_standardized,577,0.7552025318145752,0
C_FORECAST_1,all_blocks,channel_standardized,578,0.7523554563522339,0
C_FORECAST_1,all_blocks,channel_standardized,579,0.7510457634925842,0
C_FORECAST_1,all_blocks,channel_standardized,580,0.7481865882873535,0
C_FORECAST_1,all_blocks,channel_standardized,581,0.7479295134544373,0
C_FORECAST_1,all_blocks,channel_standardized,582,0.7472964525222778,0
C_FORECAST_1,all_blocks,channel_standardized,583,0.7465851902961731,0
C_FORECAST_1,all_blocks,channel_standardized,584,0.745191752910614,0
C_FORECAST_1,all_blocks,channel_standardized,585,0.7430944442749023,0
C_FORECAST_1,all_blocks,channel_standardized,586,0.7416566610336304,0
C_FORECAST_1,all_blocks,channel_standardized,587,0.7397540807723999,0
C_FORECAST_1,all_blocks,channel_standardized,588,0.7377060055732727,0
C_FORECAST_1,all_blocks,channel_standardized,589,0.7358471751213074,0
C_FORECAST_1,all_blocks,channel_standardized,590,0.7355339527130127,0
C_FORECAST_1,all_blocks,channel_standardized,591,0.7337909936904907,0
C_FORECAST_1,all_blocks,channel_standardized,592,0.7331361174583435,0
C_FORECAST_1,all_blocks,channel_standardized,593,0.7303563952445984,0
C_FORECAST_1,all_blocks,channel_standardized,594,0.7291544675827026,0
C_FORECAST_1,all_blocks,channel_standardized,595,0.7278172373771667,0
C_FORECAST_1,all_blocks,channel_standardized,596,0.7276344895362854,0
C_FORECAST_1,all_blocks,channel_standardized,597,0.7255762815475464,0
C_FORECAST_1,all_blocks,channel_standardized,598,0.7242540121078491,0
C_FORECAST_1,all_blocks,channel_standardized,599,0.7215690612792969,0
C_FORECAST_1,all_blocks,channel_standardized,600,0.7200586199760437,0
C_FORECAST_1,all_blocks,channel_standardized,601,0.7187783718109131,0
C_FORECAST_1,all_blocks,channel_standardized,602,0.7174054384231567,0
C_FORECAST_1,all_blocks,channel_standardized,603,0.7173179388046265,0
C_FORECAST_1,all_blocks,channel_standardized,604,0.7164855003356934,0
C_FORECAST_1,all_blocks,channel_standardized,605,0.7149351835250854,0
C_FORECAST_1,all_blocks,channel_standardized,606,0.7135491967201233,0
C_FORECAST_1,all_blocks,channel_standardized,607,0.7124613523483276,0
C_FORECAST_1,all_blocks,channel_standardized,608,0.7115706205368042,0
C_FORECAST_1,all_blocks,channel_standardized,609,0.7098568677902222,0
C_FORECAST_1,all_blocks,channel_standardized,610,0.7090242505073547,0
C_FORECAST_1,all_blocks,channel_standardized,611,0.7079321146011353,0
C_FORECAST_1,all_blocks,channel_standardized,612,0.7052659392356873,0
C_FORECAST_1,all_blocks,channel_standardized,613,0.7040311694145203,0
C_FORECAST_1,all_blocks,channel_standardized,614,0.7031137347221375,0
C_FORECAST_1,all_blocks,channel_standardized,615,0.70231693983078,0
C_FORECAST_1,all_blocks,channel_standardized,616,0.7009053826332092,0
C_FORECAST_1,all_blocks,channel_standardized,617,0.700230062007904,0
C_FORECAST_1,all_blocks,channel_standardized,618,0.6994621157646179,0
C_FORECAST_1,all_blocks,channel_standardized,619,0.6974940299987793,0
C_FORECAST_1,all_blocks,channel_standardized,620,0.6970316767692566,0
C_FORECAST_1,all_blocks,channel_standardized,621,0.694726288318634,0
C_FORECAST_1,all_blocks,channel_standardized,622,0.6931252479553223,0
C_FORECAST_1,all_blocks,channel_standardized,623,0.6921927332878113,0
C_FORECAST_1,all_blocks,channel_standardized,624,0.6916300058364868,0
C_FORECAST_1,all_blocks,channel_standardized,625,0.688980221748352,0
C_FORECAST_1,all_blocks,channel_standardized,626,0.6883484125137329,0
C_FORECAST_1,all_blocks,channel_standardized,627,0.6868273019790649,0
C_FORECAST_1,all_blocks,channel_standardized,628,0.685860812664032,0
C_FORECAST_1,all_blocks,channel_standardized,629,0.6853743195533752,0
C_FORECAST_1,all_blocks,channel_standardized,630,0.6845847368240356,0
C_FORECAST_1,all_blocks,channel_standardized,631,0.6834350228309631,0
C_FORECAST_1,all_blocks,channel_standardized,632,0.6813554167747498,0
C_FORECAST_1,all_blocks,channel_standardized,633,0.6798238754272461,0
C_FORECAST_1,all_blocks,channel_standardized,634,0.6794286370277405,0
C_FORECAST_1,all_blocks,channel_standardized,635,0.677422046661377,0
C_FORECAST_1,all_blocks,channel_standardized,636,0.6757964491844177,0
C_FORECAST_1,all_blocks,channel_standardized,637,0.6750577688217163,0
C_FORECAST_1,all_blocks,channel_standardized,638,0.6741644740104675,0
C_FORECAST_1,all_blocks,channel_standardized,639,0.6724353432655334,0
C_FORECAST_1,all_blocks,channel_standardized,640,0.6698159575462341,0
C_FORECAST_1,all_blocks,channel_standardized,641,0.6691103577613831,0
C_FORECAST_1,all_blocks,channel_standardized,642,0.668480396270752,0
C_FORECAST_1,all_blocks,channel_standardized,643,0.6663839221000671,0
C_FORECAST_1,all_blocks,channel_standardized,644,0.6656997799873352,0
C_FORECAST_1,all_blocks,channel_standardized,645,0.6631209254264832,0
C_FORECAST_1,all_blocks,channel_standardized,646,0.6623125076293945,0
C_FORECAST_1,all_blocks,channel_standardized,647,0.6618483662605286,0
C_FORECAST_1,all_blocks,channel_standardized,648,0.6605437397956848,0
C_FORECAST_1,all_blocks,channel_standardized,649,0.6594522595405579,0
C_FORECAST_1,all_blocks,channel_standardized,650,0.6578055620193481,0
C_FORECAST_1,all_blocks,channel_standardized,651,0.655599057674408,0
C_FORECAST_1,all_blocks,channel_standardized,652,0.6550953388214111,0
C_FORECAST_1,all_blocks,channel_standardized,653,0.6539874076843262,0
C_FORECAST_1,all_blocks,channel_standardized,654,0.6533728241920471,0
C_FORECAST_1,all_blocks,channel_standardized,655,0.6517261266708374,0
C_FORECAST_1,all_blocks,channel_standardized,656,0.6500079035758972,0
C_FORECAST_1,all_blocks,channel_standardized,657,0.6482557058334351,0
C_FORECAST_1,all_blocks,channel_standardized,658,0.6473701000213623,0
C_FORECAST_1,all_blocks,channel_standardized,659,0.6462132930755615,0
C_FORECAST_1,all_blocks,channel_standardized,660,0.6454563736915588,0
C_FORECAST_1,all_blocks,channel_standardized,661,0.6438155174255371,0
C_FORECAST_1,all_blocks,channel_standardized,662,0.6425417065620422,0
C_FORECAST_1,all_blocks,channel_standardized,663,0.6415383219718933,0
C_FORECAST_1,all_blocks,channel_standardized,664,0.6394447684288025,0
C_FORECAST_1,all_blocks,channel_standardized,665,0.6388441920280457,0
C_FORECAST_1,all_blocks,channel_standardized,666,0.6382525563240051,0
C_FORECAST_1,all_blocks,channel_standardized,667,0.637959361076355,0
C_FORECAST_1,all_blocks,channel_standardized,668,0.6366852521896362,0
C_FORECAST_1,all_blocks,channel_standardized,669,0.6355993151664734,0
C_FORECAST_1,all_blocks,channel_standardized,670,0.6344566345214844,0
C_FORECAST_1,all_blocks,channel_standardized,671,0.6330429911613464,0
C_FORECAST_1,all_blocks,channel_standardized,672,0.6319899559020996,0
C_FORECAST_1,all_blocks,channel_standardized,673,0.6309742331504822,0
C_FORECAST_1,all_blocks,channel_standardized,674,0.6297677755355835,0
C_FORECAST_1,all_blocks,channel_standardized,675,0.6285275220870972,0
C_FORECAST_1,all_blocks,channel_standardized,676,0.6273593902587891,0
C_FORECAST_1,all_blocks,channel_standardized,677,0.6267272233963013,0
C_FORECAST_1,all_blocks,channel_standardized,678,0.6256667375564575,0
C_FORECAST_1,all_blocks,channel_standardized,679,0.6243971586227417,0
C_FORECAST_1,all_blocks,channel_standardized,680,0.6237882375717163,0
C_FORECAST_1,all_blocks,channel_standardized,681,0.6213130354881287,0
C_FORECAST_1,all_blocks,channel_standardized,682,0.6209096312522888,0
C_FORECAST_1,all_blocks,channel_standardized,683,0.6198655962944031,0
C_FORECAST_1,all_blocks,channel_standardized,684,0.619374692440033,0
C_FORECAST_1,all_blocks,channel_standardized,685,0.6169663667678833,0
C_FORECAST_1,all_blocks,channel_standardized,686,0.616466760635376,0
C_FORECAST_1,all_blocks,channel_standardized,687,0.6153905987739563,0
C_FORECAST_1,all_blocks,channel_standardized,688,0.6143208742141724,0
C_FORECAST_1,all_blocks,channel_standardized,689,0.6124821305274963,0
C_FORECAST_1,all_blocks,channel_standardized,690,0.6113814115524292,0
C_FORECAST_1,all_blocks,channel_standardized,691,0.6093822121620178,0
C_FORECAST_1,all_blocks,channel_standardized,692,0.6088173985481262,0
C_FORECAST_1,all_blocks,channel_standardized,693,0.6071254014968872,0
C_FORECAST_1,all_blocks,channel_standardized,694,0.6048160195350647,0
C_FORECAST_1,all_blocks,channel_standardized,695,0.6041598916053772,0
C_FORECAST_1,all_blocks,channel_standardized,696,0.6031613945960999,0
C_FORECAST_1,all_blocks,channel_standardized,697,0.6024463772773743,0
C_FORECAST_1,all_blocks,channel_standardized,698,0.6021929383277893,0
C_FORECAST_1,all_blocks,channel_standardized,699,0.5998799204826355,0
C_FORECAST_1,all_blocks,channel_standardized,700,0.5992481112480164,0
C_FORECAST_1,all_blocks,channel_standardized,701,0.598647952079773,0
C_FORECAST_1,all_blocks,channel_standardized,702,0.5977291464805603,0
C_FORECAST_1,all_blocks,channel_standardized,703,0.5958533883094788,0
C_FORECAST_1,all_blocks,channel_standardized,704,0.5958158373832703,0
C_FORECAST_1,all_blocks,channel_standardized,705,0.5948306322097778,0
C_FORECAST_1,all_blocks,channel_standardized,706,0.5930966138839722,0
C_FORECAST_1,all_blocks,channel_standardized,707,0.5910206437110901,0
C_FORECAST_1,all_blocks,channel_standardized,708,0.5907463431358337,0
C_FORECAST_1,all_blocks,channel_standardized,709,0.5902810096740723,0
C_FORECAST_1,all_blocks,channel_standardized,710,0.58753901720047,0
C_FORECAST_1,all_blocks,channel_standardized,711,0.5870414972305298,0
C_FORECAST_1,all_blocks,channel_standardized,712,0.5863062739372253,0
C_FORECAST_1,all_blocks,channel_standardized,713,0.5840099453926086,0
C_FORECAST_1,all_blocks,channel_standardized,714,0.582958996295929,0
C_FORECAST_1,all_blocks,channel_standardized,715,0.5821294784545898,0
C_FORECAST_1,all_blocks,channel_standardized,716,0.5815662145614624,0
C_FORECAST_1,all_blocks,channel_standardized,717,0.5807214975357056,0
C_FORECAST_1,all_blocks,channel_standardized,718,0.5794795155525208,0
C_FORECAST_1,all_blocks,channel_standardized,719,0.5771165490150452,0
C_FORECAST_1,all_blocks,channel_standardized,720,0.5764021873474121,0
C_FORECAST_1,all_blocks,channel_standardized,721,0.575640857219696,0
C_FORECAST_1,all_blocks,channel_standardized,722,0.574923038482666,0
C_FORECAST_1,all_blocks,channel_standardized,723,0.5732086300849915,0
C_FORECAST_1,all_blocks,channel_standardized,724,0.572021484375,0
C_FORECAST_1,all_blocks,channel_standardized,725,0.5715577006340027,0
C_FORECAST_1,all_blocks,channel_standardized,726,0.5710986256599426,0
C_FORECAST_1,all_blocks,channel_standardized,727,0.5688519477844238,0
C_FORECAST_1,all_blocks,channel_standardized,728,0.5684735774993896,0
C_FORECAST_1,all_blocks,channel_standardized,729,0.5668275356292725,0
C_FORECAST_1,all_blocks,channel_standardized,730,0.5658331513404846,0
C_FORECAST_1,all_blocks,channel_standardized,731,0.5640422701835632,0
C_FORECAST_1,all_blocks,channel_standardized,732,0.5636630058288574,0
C_FORECAST_1,all_blocks,channel_standardized,733,0.5623410940170288,0
C_FORECAST_1,all_blocks,channel_standardized,734,0.5613247752189636,0
C_FORECAST_1,all_blocks,channel_standardized,735,0.560564398765564,0
C_FORECAST_1,all_blocks,channel_standardized,736,0.5603388547897339,0
C_FORECAST_1,all_blocks,channel_standardized,737,0.5586678981781006,0
C_FORECAST_1,all_blocks,channel_standardized,738,0.5582596063613892,0
C_FORECAST_1,all_blocks,channel_standardized,739,0.5570859313011169,0
C_FORECAST_1,all_blocks,channel_standardized,740,0.555007815361023,0
C_FORECAST_1,all_blocks,channel_standardized,741,0.5547909140586853,0
C_FORECAST_1,all_blocks,channel_standardized,742,0.5534995198249817,0
C_FORECAST_1,all_blocks,channel_standardized,743,0.5525250434875488,0
C_FORECAST_1,all_blocks,channel_standardized,744,0.5520215034484863,0
C_FORECAST_1,all_blocks,channel_standardized,745,0.5506110787391663,0
C_FORECAST_1,all_blocks,channel_standardized,746,0.549533486366272,0
C_FORECAST_1,all_blocks,channel_standardized,747,0.5489161014556885,0
C_FORECAST_1,all_blocks,channel_standardized,748,0.5482347011566162,0
C_FORECAST_1,all_blocks,channel_standardized,749,0.5471688508987427,0
C_FORECAST_1,all_blocks,channel_standardized,750,0.545792281627655,0
C_FORECAST_1,all_blocks,channel_standardized,751,0.5452940464019775,0
C_FORECAST_1,all_blocks,channel_standardized,752,0.5434958338737488,0
C_FORECAST_1,all_blocks,channel_standardized,753,0.5432876944541931,0
C_FORECAST_1,all_blocks,channel_standardized,754,0.5416032671928406,0
C_FORECAST_1,all_blocks,channel_standardized,755,0.5412712693214417,0
C_FORECAST_1,all_blocks,channel_standardized,756,0.5402488112449646,0
C_FORECAST_1,all_blocks,channel_standardized,757,0.5396223068237305,0
C_FORECAST_1,all_blocks,channel_standardized,758,0.5380956530570984,0
C_FORECAST_1,all_blocks,channel_standardized,759,0.5362738370895386,0
C_FORECAST_1,all_blocks,channel_standardized,760,0.5352213978767395,0
C_FORECAST_1,all_blocks,channel_standardized,761,0.534886360168457,0
C_FORECAST_1,all_blocks,channel_standardized,762,0.5344610214233398,0
C_FORECAST_1,all_blocks,channel_standardized,763,0.5336623787879944,0
C_FORECAST_1,all_blocks,channel_standardized,764,0.533066987991333,0
C_FORECAST_1,all_blocks,channel_standardized,765,0.5311099290847778,0
C_FORECAST_1,all_blocks,channel_standardized,766,0.5294694304466248,0
C_FORECAST_1,all_blocks,channel_standardized,767,0.5289868116378784,0
C_FORECAST_1,all_blocks,channel_standardized,768,0.5288230776786804,0
C_FORECAST_1,all_blocks,channel_standardized,769,0.5271592736244202,0
C_FORECAST_1,all_blocks,channel_standardized,770,0.5260108709335327,0
C_FORECAST_1,all_blocks,channel_standardized,771,0.5243483781814575,0
C_FORECAST_1,all_blocks,channel_standardized,772,0.5240432024002075,0
C_FORECAST_1,all_blocks,channel_standardized,773,0.5229660868644714,0
C_FORECAST_1,all_blocks,channel_standardized,774,0.5221554040908813,0
C_FORECAST_1,all_blocks,channel_standardized,775,0.5219988226890564,0
C_FORECAST_1,all_blocks,channel_standardized,776,0.5211551785469055,0
C_FORECAST_1,all_blocks,channel_standardized,777,0.5200219750404358,0
C_FORECAST_1,all_blocks,channel_standardized,778,0.5198796391487122,0
C_FORECAST_1,all_blocks,channel_standardized,779,0.5190753936767578,0
C_FORECAST_1,all_blocks,channel_standardized,780,0.5167112946510315,0
C_FORECAST_1,all_blocks,channel_standardized,781,0.5164524912834167,0
C_FORECAST_1,all_blocks,channel_standardized,782,0.5148247480392456,0
C_FORECAST_1,all_blocks,channel_standardized,783,0.5144252181053162,0
C_FORECAST_1,all_blocks,channel_standardized,784,0.513592004776001,0
C_FORECAST_1,all_blocks,channel_standardized,785,0.5121279954910278,0
C_FORECAST_1,all_blocks,channel_standardized,786,0.5111162662506104,0
C_FORECAST_1,all_blocks,channel_standardized,787,0.5096840262413025,0
C_FORECAST_1,all_blocks,channel_standardized,788,0.5088295340538025,0
C_FORECAST_1,all_blocks,channel_standardized,789,0.507966160774231,0
C_FORECAST_1,all_blocks,channel_standardized,790,0.5073840022087097,0
C_FORECAST_1,all_blocks,channel_standardized,791,0.5057148933410645,0
C_FORECAST_1,all_blocks,channel_standardized,792,0.5050713419914246,0
C_FORECAST_1,all_blocks,channel_standardized,793,0.5038563013076782,0
C_FORECAST_1,all_blocks,channel_standardized,794,0.5028514266014099,0
C_FORECAST_1,all_blocks,channel_standardized,795,0.5021416544914246,0
C_FORECAST_1,all_blocks,channel_standardized,796,0.5015738010406494,0
C_FORECAST_1,all_blocks,channel_standardized,797,0.5002914667129517,0
C_FORECAST_1,all_blocks,channel_standardized,798,0.49973055720329285,0
C_FORECAST_1,all_blocks,channel_standardized,799,0.4994165003299713,0
C_FORECAST_1,all_blocks,channel_standardized,800,0.49821579456329346,0
C_FORECAST_1,all_blocks,channel_standardized,801,0.4973832666873932,0
C_FORECAST_1,all_blocks,channel_standardized,802,0.49543213844299316,0
C_FORECAST_1,all_blocks,channel_standardized,803,0.49490678310394287,0
C_FORECAST_1,all_blocks,channel_standardized,804,0.4932710528373718,0
C_FORECAST_1,all_blocks,channel_standardized,805,0.4930185079574585,0
C_FORECAST_1,all_blocks,channel_standardized,806,0.49028730392456055,0
C_FORECAST_1,all_blocks,channel_standardized,807,0.48970404267311096,0
C_FORECAST_1,all_blocks,channel_standardized,808,0.4888347387313843,0
C_FORECAST_1,all_blocks,channel_standardized,809,0.4883062243461609,0
C_FORECAST_1,all_blocks,channel_standardized,810,0.4874160587787628,0
C_FORECAST_1,all_blocks,channel_standardized,811,0.48686644434928894,0
C_FORECAST_1,all_blocks,channel_standardized,812,0.48649150133132935,0
C_FORECAST_1,all_blocks,channel_standardized,813,0.485201895236969,0
C_FORECAST_1,all_blocks,channel_standardized,814,0.4850069582462311,0
C_FORECAST_1,all_blocks,channel_standardized,815,0.4837602376937866,0
C_FORECAST_1,all_blocks,channel_standardized,816,0.4829793870449066,0
C_FORECAST_1,all_blocks,channel_standardized,817,0.48272353410720825,0
C_FORECAST_1,all_blocks,channel_standardized,818,0.48123955726623535,0
C_FORECAST_1,all_blocks,channel_standardized,819,0.4804987907409668,0
C_FORECAST_1,all_blocks,channel_standardized,820,0.4780576825141907,0
C_FORECAST_1,all_blocks,channel_standardized,821,0.4769473671913147,0
C_FORECAST_1,all_blocks,channel_standardized,822,0.4767596125602722,0
C_FORECAST_1,all_blocks,channel_standardized,823,0.4764561057090759,0
C_FORECAST_1,all_blocks,channel_standardized,824,0.4754864275455475,0
C_FORECAST_1,all_blocks,channel_standardized,825,0.4753241539001465,0
C_FORECAST_1,all_blocks,channel_standardized,826,0.4737499952316284,0
C_FORECAST_1,all_blocks,channel_standardized,827,0.4730927050113678,0
C_FORECAST_1,all_blocks,channel_standardized,828,0.47078415751457214,0
C_FORECAST_1,all_blocks,channel_standardized,829,0.47037482261657715,0
C_FORECAST_1,all_blocks,channel_standardized,830,0.4699808657169342,0
C_FORECAST_1,all_blocks,channel_standardized,831,0.4694680869579315,0
C_FORECAST_1,all_blocks,channel_standardized,832,0.46871045231819153,0
C_FORECAST_1,all_blocks,channel_standardized,833,0.46751290559768677,0
C_FORECAST_1,all_blocks,channel_standardized,834,0.4669226408004761,0
C_FORECAST_1,all_blocks,channel_standardized,835,0.46649831533432007,0
C_FORECAST_1,all_blocks,channel_standardized,836,0.4656755030155182,0
C_FORECAST_1,all_blocks,channel_standardized,837,0.4648592174053192,0
C_FORECAST_1,all_blocks,channel_standardized,838,0.46466153860092163,0
C_FORECAST_1,all_blocks,channel_standardized,839,0.46332961320877075,0
C_FORECAST_1,all_blocks,channel_standardized,840,0.4618622660636902,0
C_FORECAST_1,all_blocks,channel_standardized,841,0.4608190357685089,0
C_FORECAST_1,all_blocks,channel_standardized,842,0.4596812427043915,0
C_FORECAST_1,all_blocks,channel_standardized,843,0.45890024304389954,0
C_FORECAST_1,all_blocks,channel_standardized,844,0.4580484926700592,0
C_FORECAST_1,all_blocks,channel_standardized,845,0.4575580358505249,0
C_FORECAST_1,all_blocks,channel_standardized,846,0.4571395218372345,0
C_FORECAST_1,all_blocks,channel_standardized,847,0.4561252295970917,0
C_FORECAST_1,all_blocks,channel_standardized,848,0.4555475413799286,0
C_FORECAST_1,all_blocks,channel_standardized,849,0.45444437861442566,0
C_FORECAST_1,all_blocks,channel_standardized,850,0.4538540542125702,0
C_FORECAST_1,all_blocks,channel_standardized,851,0.45320188999176025,0
C_FORECAST_1,all_blocks,channel_standardized,852,0.452493280172348,0
C_FORECAST_1,all_blocks,channel_standardized,853,0.4513290822505951,0
C_FORECAST_1,all_blocks,channel_standardized,854,0.4502197504043579,0
C_FORECAST_1,all_blocks,channel_standardized,855,0.4492636024951935,0
C_FORECAST_1,all_blocks,channel_standardized,856,0.44886836409568787,0
C_FORECAST_1,all_blocks,channel_standardized,857,0.4473852813243866,0
C_FORECAST_1,all_blocks,channel_standardized,858,0.44689545035362244,0
C_FORECAST_1,all_blocks,channel_standardized,859,0.4457537531852722,0
C_FORECAST_1,all_blocks,channel_standardized,860,0.4456616938114166,0
C_FORECAST_1,all_blocks,channel_standardized,861,0.44506901502609253,0
C_FORECAST_1,all_blocks,channel_standardized,862,0.4433690905570984,0
C_FORECAST_1,all_blocks,channel_standardized,863,0.44244226813316345,0
C_FORECAST_1,all_blocks,channel_standardized,864,0.4420092701911926,0
C_FORECAST_1,all_blocks,channel_standardized,865,0.44102734327316284,0
C_FORECAST_1,all_blocks,channel_standardized,866,0.44021177291870117,0
C_FORECAST_1,all_blocks,channel_standardized,867,0.4398568868637085,0
C_FORECAST_1,all_blocks,channel_standardized,868,0.43796977400779724,0
C_FORECAST_1,all_blocks,channel_standardized,869,0.4376974105834961,0
C_FORECAST_1,all_blocks,channel_standardized,870,0.4360227882862091,0
C_FORECAST_1,all_blocks,channel_standardized,871,0.43543317914009094,0
C_FORECAST_1,all_blocks,channel_standardized,872,0.4342048466205597,0
C_FORECAST_1,all_blocks,channel_standardized,873,0.4340028166770935,0
C_FORECAST_1,all_blocks,channel_standardized,874,0.43333378434181213,0
C_FORECAST_1,all_blocks,channel_standardized,875,0.432510644197464,0
C_FORECAST_1,all_blocks,channel_standardized,876,0.43112826347351074,0
C_FORECAST_1,all_blocks,channel_standardized,877,0.4302734434604645,0
C_FORECAST_1,all_blocks,channel_standardized,878,0.42968493700027466,0
C_FORECAST_1,all_blocks,channel_standardized,879,0.429158478975296,0
C_FORECAST_1,all_blocks,channel_standardized,880,0.42881521582603455,0
C_FORECAST_1,all_blocks,channel_standardized,881,0.4267074465751648,0
C_FORECAST_1,all_blocks,channel_standardized,882,0.4261501133441925,0
C_FORECAST_1,all_blocks,channel_standardized,883,0.42467325925827026,0
C_FORECAST_1,all_blocks,channel_standardized,884,0.42443639039993286,0
C_FORECAST_1,all_blocks,channel_standardized,885,0.42405086755752563,0
C_FORECAST_1,all_blocks,channel_standardized,886,0.4232838749885559,0
C_FORECAST_1,all_blocks,channel_standardized,887,0.4231248199939728,0
C_FORECAST_1,all_blocks,channel_standardized,888,0.4215998351573944,0
C_FORECAST_1,all_blocks,channel_standardized,889,0.42096537351608276,0
C_FORECAST_1,all_blocks,channel_standardized,890,0.42052704095840454,0
C_FORECAST_1,all_blocks,channel_standardized,891,0.41911888122558594,0
C_FORECAST_1,all_blocks,channel_standardized,892,0.4186288118362427,0
C_FORECAST_1,all_blocks,channel_standardized,893,0.41773369908332825,0
C_FORECAST_1,all_blocks,channel_standardized,894,0.4172452986240387,0
C_FORECAST_1,all_blocks,channel_standardized,895,0.41697654128074646,0
C_FORECAST_1,all_blocks,channel_standardized,896,0.41670456528663635,0
C_FORECAST_1,all_blocks,channel_standardized,897,0.4152778089046478,0
C_FORECAST_1,all_blocks,channel_standardized,898,0.4146646559238434,0
C_FORECAST_1,all_blocks,channel_standardized,899,0.414242684841156,0
C_FORECAST_1,all_blocks,channel_standardized,900,0.413289874792099,0
C_FORECAST_1,all_blocks,channel_standardized,901,0.4129188358783722,0
C_FORECAST_1,all_blocks,channel_standardized,902,0.41151759028434753,0
C_FORECAST_1,all_blocks,channel_standardized,903,0.41134124994277954,0
C_FORECAST_1,all_blocks,channel_standardized,904,0.40975621342658997,0
C_FORECAST_1,all_blocks,channel_standardized,905,0.409513920545578,0
C_FORECAST_1,all_blocks,channel_standardized,906,0.4088593125343323,0
C_FORECAST_1,all_blocks,channel_standardized,907,0.40832066535949707,0
C_FORECAST_1,all_blocks,channel_standardized,908,0.4080042243003845,0
C_FORECAST_1,all_blocks,channel_standardized,909,0.4070102870464325,0
C_FORECAST_1,all_blocks,channel_standardized,910,0.4056010842323303,0
C_FORECAST_1,all_blocks,channel_standardized,911,0.405091792345047,0
C_FORECAST_1,all_blocks,channel_standardized,912,0.40365907549858093,0
C_FORECAST_1,all_blocks,channel_standardized,913,0.403376966714859,0
C_FORECAST_1,all_blocks,channel_standardized,914,0.4023902416229248,0
C_FORECAST_1,all_blocks,channel_standardized,915,0.4016920030117035,0
C_FORECAST_1,all_blocks,channel_standardized,916,0.40037867426872253,0
C_FORECAST_1,all_blocks,channel_standardized,917,0.39999544620513916,0
C_FORECAST_1,all_blocks,channel_standardized,918,0.39957383275032043,0
C_FORECAST_1,all_blocks,channel_standardized,919,0.39919012784957886,0
C_FORECAST_1,all_blocks,channel_standardized,920,0.39845964312553406,0
C_FORECAST_1,all_blocks,channel_standardized,921,0.3977199196815491,0
C_FORECAST_1,all_blocks,channel_standardized,922,0.3973081409931183,0
C_FORECAST_1,all_blocks,channel_standardized,923,0.39570844173431396,0
C_FORECAST_1,all_blocks,channel_standardized,924,0.39480966329574585,0
C_FORECAST_1,all_blocks,channel_standardized,925,0.3943495750427246,0
C_FORECAST_1,all_blocks,channel_standardized,926,0.3931727707386017,0
C_FORECAST_1,all_blocks,channel_standardized,927,0.3925805389881134,0
C_FORECAST_1,all_blocks,channel_standardized,928,0.39226189255714417,0
C_FORECAST_1,all_blocks,channel_standardized,929,0.3914656639099121,0
C_FORECAST_1,all_blocks,channel_standardized,930,0.39028069376945496,0
C_FORECAST_1,all_blocks,channel_standardized,931,0.38961759209632874,0
C_FORECAST_1,all_blocks,channel_standardized,932,0.3892799913883209,0
C_FORECAST_1,all_blocks,channel_standardized,933,0.3886210024356842,0
C_FORECAST_1,all_blocks,channel_standardized,934,0.3874598741531372,0
C_FORECAST_1,all_blocks,channel_standardized,935,0.387030690908432,0
C_FORECAST_1,all_blocks,channel_standardized,936,0.3865770697593689,0
C_FORECAST_1,all_blocks,channel_standardized,937,0.38568782806396484,0
C_FORECAST_1,all_blocks,channel_standardized,938,0.38546285033226013,0
C_FORECAST_1,all_blocks,channel_standardized,939,0.3846989572048187,0
C_FORECAST_1,all_blocks,channel_standardized,940,0.38387593626976013,0
C_FORECAST_1,all_blocks,channel_standardized,941,0.3829239308834076,0
C_FORECAST_1,all_blocks,channel_standardized,942,0.3825491666793823,0
C_FORECAST_1,all_blocks,channel_standardized,943,0.3818400204181671,0
C_FORECAST_1,all_blocks,channel_standardized,944,0.38140931725502014,0
C_FORECAST_1,all_blocks,channel_standardized,945,0.3805576264858246,0
C_FORECAST_1,all_blocks,channel_standardized,946,0.3798125684261322,0
C_FORECAST_1,all_blocks,channel_standardized,947,0.37915724515914917,0
C_FORECAST_1,all_blocks,channel_standardized,948,0.3786819875240326,0
C_FORECAST_1,all_blocks,channel_standardized,949,0.37717995047569275,0
C_FORECAST_1,all_blocks,channel_standardized,950,0.3771074414253235,0
C_FORECAST_1,all_blocks,channel_standardized,951,0.3768371641635895,0
C_FORECAST_1,all_blocks,channel_standardized,952,0.3753969371318817,0
C_FORECAST_1,all_blocks,channel_standardized,953,0.37507861852645874,0
C_FORECAST_1,all_blocks,channel_standardized,954,0.374560683965683,0
C_FORECAST_1,all_blocks,channel_standardized,955,0.3738309144973755,0
C_FORECAST_1,all_blocks,channel_standardized,956,0.3724961280822754,0
C_FORECAST_1,all_blocks,channel_standardized,957,0.37191614508628845,0
C_FORECAST_1,all_blocks,channel_standardized,958,0.3715268671512604,0
C_FORECAST_1,all_blocks,channel_standardized,959,0.3701034188270569,0
C_FORECAST_1,all_blocks,channel_standardized,960,0.36942580342292786,0
C_FORECAST_1,all_blocks,channel_standardized,961,0.3686563968658447,0
C_FORECAST_1,all_blocks,channel_standardized,962,0.36793234944343567,0
C_FORECAST_1,all_blocks,channel_standardized,963,0.3676204979419708,0
C_FORECAST_1,all_blocks,channel_standardized,964,0.3661266267299652,0
C_FORECAST_1,all_blocks,channel_standardized,965,0.36570051312446594,0
C_FORECAST_1,all_blocks,channel_standardized,966,0.3648245334625244,0
C_FORECAST_1,all_blocks,channel_standardized,967,0.3646441698074341,0
C_FORECAST_1,all_blocks,channel_standardized,968,0.3637778162956238,0
C_FORECAST_1,all_blocks,channel_standardized,969,0.3634931445121765,0
C_FORECAST_1,all_blocks,channel_standardized,970,0.36314645409584045,0
C_FORECAST_1,all_blocks,channel_standardized,971,0.3618887662887573,0
C_FORECAST_1,all_blocks,channel_standardized,972,0.36090394854545593,0
C_FORECAST_1,all_blocks,channel_standardized,973,0.36013200879096985,0
C_FORECAST_1,all_blocks,channel_standardized,974,0.3594808578491211,0
C_FORECAST_1,all_blocks,channel_standardized,975,0.358843058347702,0
C_FORECAST_1,all_blocks,channel_standardized,976,0.3580062985420227,0
C_FORECAST_1,all_blocks,channel_standardized,977,0.35758769512176514,0
C_FORECAST_1,all_blocks,channel_standardized,978,0.3569658100605011,0
C_FORECAST_1,all_blocks,channel_standardized,979,0.3567034602165222,0
C_FORECAST_1,all_blocks,channel_standardized,980,0.35577139258384705,0
C_FORECAST_1,all_blocks,channel_standardized,981,0.3550098240375519,0
C_FORECAST_1,all_blocks,channel_standardized,982,0.35412800312042236,0
C_FORECAST_1,all_blocks,channel_standardized,983,0.3531894087791443,0
C_FORECAST_1,all_blocks,channel_standardized,984,0.3522263169288635,0
C_FORECAST_1,all_blocks,channel_standardized,985,0.3521781861782074,0
C_FORECAST_1,all_blocks,channel_standardized,986,0.3508632779121399,0
C_FORECAST_1,all_blocks,channel_standardized,987,0.3503274619579315,0
C_FORECAST_1,all_blocks,channel_standardized,988,0.34959208965301514,0
C_FORECAST_1,all_blocks,channel_standardized,989,0.3492896556854248,0
C_FORECAST_1,all_blocks,channel_standardized,990,0.3485262989997864,0
C_FORECAST_1,all_blocks,channel_standardized,991,0.34709760546684265,0
C_FORECAST_1,all_blocks,channel_standardized,992,0.34682220220565796,0
C_FORECAST_1,all_blocks,channel_standardized,993,0.3465338945388794,0
C_FORECAST_1,all_blocks,channel_standardized,994,0.34508371353149414,0
C_FORECAST_1,all_blocks,channel_standardized,995,0.344341516494751,0
C_FORECAST_1,all_blocks,channel_standardized,996,0.3438817858695984,0
C_FORECAST_1,all_blocks,channel_standardized,997,0.34308066964149475,0
C_FORECAST_1,all_blocks,channel_standardized,998,0.3421860635280609,0
C_FORECAST_1,all_blocks,channel_standardized,999,0.34198448061943054,0
C_FORECAST_1,all_blocks,channel_standardized,1000,0.340927392244339,0
C_FORECAST_1,all_blocks,channel_standardized,1001,0.3401908874511719,0
C_FORECAST_1,all_blocks,channel_standardized,1002,0.3400806188583374,0
C_FORECAST_1,all_blocks,channel_standardized,1003,0.33963868021965027,0
C_FORECAST_1,all_blocks,channel_standardized,1004,0.3384969234466553,0
C_FORECAST_1,all_blocks,channel_standardized,1005,0.33777108788490295,0
C_FORECAST_1,all_blocks,channel_standardized,1006,0.3368991017341614,0
C_FORECAST_1,all_blocks,channel_standardized,1007,0.33642566204071045,0
C_FORECAST_1,all_blocks,channel_standardized,1008,0.3359904885292053,0
C_FORECAST_1,all_blocks,channel_standardized,1009,0.3353758454322815,0
C_FORECAST_1,all_blocks,channel_standardized,1010,0.33483240008354187,0
C_FORECAST_1,all_blocks,channel_standardized,1011,0.3340323567390442,0
C_FORECAST_1,all_blocks,channel_standardized,1012,0.33341097831726074,0
C_FORECAST_1,all_blocks,channel_standardized,1013,0.3327319025993347,0
C_FORECAST_1,all_blocks,channel_standardized,1014,0.3323778510093689,0
C_FORECAST_1,all_blocks,channel_standardized,1015,0.3314886689186096,0
C_FORECAST_1,all_blocks,channel_standardized,1016,0.3309248089790344,0
C_FORECAST_1,all_blocks,channel_standardized,1017,0.33064278960227966,0
C_FORECAST_1,all_blocks,channel_standardized,1018,0.3298581540584564,0
C_FORECAST_1,all_blocks,channel_standardized,1019,0.329039067029953,0
C_FORECAST_1,all_blocks,channel_standardized,1020,0.3280796408653259,0
C_FORECAST_1,all_blocks,channel_standardized,1021,0.3275861442089081,0
C_FORECAST_1,all_blocks,channel_standardized,1022,0.32694563269615173,0
C_FORECAST_1,all_blocks,channel_standardized,1023,0.3257814943790436,0
C_FORECAST_1,all_blocks,channel_standardized,1024,0.32532626390457153,0
C_FORECAST_1,all_blocks,channel_standardized,1025,0.32514241337776184,0
C_FORECAST_1,all_blocks,channel_standardized,1026,0.32438206672668457,0
C_FORECAST_1,all_blocks,channel_standardized,1027,0.3243245780467987,0
C_FORECAST_1,all_blocks,channel_standardized,1028,0.3232296109199524,0
C_FORECAST_1,all_blocks,channel_standardized,1029,0.3226551115512848,0
C_FORECAST_1,all_blocks,channel_standardized,1030,0.3221187889575958,0
C_FORECAST_1,all_blocks,channel_standardized,1031,0.32123151421546936,0
C_FORECAST_1,all_blocks,channel_standardized,1032,0.32042619585990906,0
C_FORECAST_1,all_blocks,channel_standardized,1033,0.31977468729019165,0
C_FORECAST_1,all_blocks,channel_standardized,1034,0.3192543387413025,0
C_FORECAST_1,all_blocks,channel_standardized,1035,0.318921834230423,0
C_FORECAST_1,all_blocks,channel_standardized,1036,0.31825268268585205,0
C_FORECAST_1,all_blocks,channel_standardized,1037,0.3178948163986206,0
C_FORECAST_1,all_blocks,channel_standardized,1038,0.3169223964214325,0
C_FORECAST_1,all_blocks,channel_standardized,1039,0.31630152463912964,0
C_FORECAST_1,all_blocks,channel_standardized,1040,0.3155936598777771,0
C_FORECAST_1,all_blocks,channel_standardized,1041,0.3153098523616791,0
C_FORECAST_1,all_blocks,channel_standardized,1042,0.31446248292922974,0
C_FORECAST_1,all_blocks,channel_standardized,1043,0.3139057457447052,0
C_FORECAST_1,all_blocks,channel_standardized,1044,0.3134717345237732,0
C_FORECAST_1,all_blocks,channel_standardized,1045,0.312999427318573,0
C_FORECAST_1,all_blocks,channel_standardized,1046,0.3124047517776489,0
C_FORECAST_1,all_blocks,channel_standardized,1047,0.31218865513801575,0
C_FORECAST_1,all_blocks,channel_standardized,1048,0.3112761676311493,0
C_FORECAST_1,all_blocks,channel_standardized,1049,0.3106386661529541,0
C_FORECAST_1,all_blocks,channel_standardized,1050,0.31007352471351624,0
C_FORECAST_1,all_blocks,channel_standardized,1051,0.30924636125564575,0
C_FORECAST_1,all_blocks,channel_standardized,1052,0.3089240491390228,0
C_FORECAST_1,all_blocks,channel_standardized,1053,0.30803701281547546,0
C_FORECAST_1,all_blocks,channel_standardized,1054,0.3075283467769623,0
C_FORECAST_1,all_blocks,channel_standardized,1055,0.30701515078544617,0
C_FORECAST_1,all_blocks,channel_standardized,1056,0.30539292097091675,0
C_FORECAST_1,all_blocks,channel_standardized,1057,0.3048313558101654,0
C_FORECAST_1,all_blocks,channel_standardized,1058,0.3045276999473572,0
C_FORECAST_1,all_blocks,channel_standardized,1059,0.3039861023426056,0
C_FORECAST_1,all_blocks,channel_standardized,1060,0.30343207716941833,0
C_FORECAST_1,all_blocks,channel_standardized,1061,0.3024863004684448,0
C_FORECAST_1,all_blocks,channel_standardized,1062,0.3020980656147003,0
C_FORECAST_1,all_blocks,channel_standardized,1063,0.3017455041408539,0
C_FORECAST_1,all_blocks,channel_standardized,1064,0.3009627163410187,0
C_FORECAST_1,all_blocks,channel_standardized,1065,0.30042269825935364,0
C_FORECAST_1,all_blocks,channel_standardized,1066,0.3001713156700134,0
C_FORECAST_1,all_blocks,channel_standardized,1067,0.2995333671569824,0
C_FORECAST_1,all_blocks,channel_standardized,1068,0.29897940158843994,0
C_FORECAST_1,all_blocks,channel_standardized,1069,0.29811790585517883,0
C_FORECAST_1,all_blocks,channel_standardized,1070,0.29728981852531433,0
C_FORECAST_1,all_blocks,channel_standardized,1071,0.29700300097465515,0
C_FORECAST_1,all_blocks,channel_standardized,1072,0.29658952355384827,0
C_FORECAST_1,all_blocks,channel_standardized,1073,0.2963757812976837,0
C_FORECAST_1,all_blocks,channel_standardized,1074,0.29553982615470886,0
C_FORECAST_1,all_blocks,channel_standardized,1075,0.29512378573417664,0
C_FORECAST_1,all_blocks,channel_standardized,1076,0.294070839881897,0
C_FORECAST_1,all_blocks,channel_standardized,1077,0.2939381003379822,0
C_FORECAST_1,all_blocks,channel_standardized,1078,0.2931203246116638,0
C_FORECAST_1,all_blocks,channel_standardized,1079,0.2926589846611023,0
C_FORECAST_1,all_blocks,channel_standardized,1080,0.2920846939086914,0
C_FORECAST_1,all_blocks,channel_standardized,1081,0.29168689250946045,0
C_FORECAST_1,all_blocks,channel_standardized,1082,0.29076650738716125,0
C_FORECAST_1,all_blocks,channel_standardized,1083,0.2902788817882538,0
C_FORECAST_1,all_blocks,channel_standardized,1084,0.29017677903175354,0
C_FORECAST_1,all_blocks,channel_standardized,1085,0.28939950466156006,0
C_FORECAST_1,all_blocks,channel_standardized,1086,0.2882302403450012,0
C_FORECAST_1,all_blocks,channel_standardized,1087,0.28778648376464844,0
C_FORECAST_1,all_blocks,channel_standardized,1088,0.28737664222717285,0
C_FORECAST_1,all_blocks,channel_standardized,1089,0.2863462567329407,0
C_FORECAST_1,all_blocks,channel_standardized,1090,0.2860322594642639,0
C_FORECAST_1,all_blocks,channel_standardized,1091,0.28571975231170654,0
C_FORECAST_1,all_blocks,channel_standardized,1092,0.2854560315608978,0
C_FORECAST_1,all_blocks,channel_standardized,1093,0.2844909727573395,0
C_FORECAST_1,all_blocks,channel_standardized,1094,0.28396594524383545,0
C_FORECAST_1,all_blocks,channel_standardized,1095,0.28304627537727356,0
C_FORECAST_1,all_blocks,channel_standardized,1096,0.28267186880111694,0
C_FORECAST_1,all_blocks,channel_standardized,1097,0.2819993793964386,0
C_FORECAST_1,all_blocks,channel_standardized,1098,0.28141361474990845,0
C_FORECAST_1,all_blocks,channel_standardized,1099,0.280703067779541,0
C_FORECAST_1,all_blocks,channel_standardized,1100,0.28028374910354614,0
C_FORECAST_1,all_blocks,channel_standardized,1101,0.27968940138816833,0
C_FORECAST_1,all_blocks,channel_standardized,1102,0.2791401445865631,0
C_FORECAST_1,all_blocks,channel_standardized,1103,0.27899232506752014,0
C_FORECAST_1,all_blocks,channel_standardized,1104,0.2784479260444641,0
C_FORECAST_1,all_blocks,channel_standardized,1105,0.27827632427215576,0
C_FORECAST_1,all_blocks,channel_standardized,1106,0.2773298919200897,0
C_FORECAST_1,all_blocks,channel_standardized,1107,0.276915043592453,0
C_FORECAST_1,all_blocks,channel_standardized,1108,0.2764092683792114,0
C_FORECAST_1,all_blocks,channel_standardized,1109,0.27556926012039185,0
C_FORECAST_1,all_blocks,channel_standardized,1110,0.27491241693496704,0
C_FORECAST_1,all_blocks,channel_standardized,1111,0.27454090118408203,0
C_FORECAST_1,all_blocks,channel_standardized,1112,0.2736389636993408,0
C_FORECAST_1,all_blocks,channel_standardized,1113,0.273508757352829,0
C_FORECAST_1,all_blocks,channel_standardized,1114,0.2728841006755829,0
C_FORECAST_1,all_blocks,channel_standardized,1115,0.27221399545669556,0
C_FORECAST_1,all_blocks,channel_standardized,1116,0.27153050899505615,0
C_FORECAST_1,all_blocks,channel_standardized,1117,0.27110806107521057,0
C_FORECAST_1,all_blocks,channel_standardized,1118,0.2699485123157501,0
C_FORECAST_1,all_blocks,channel_standardized,1119,0.26954641938209534,0
C_FORECAST_1,all_blocks,channel_standardized,1120,0.26867273449897766,0
C_FORECAST_1,all_blocks,channel_standardized,1121,0.26827487349510193,0
C_FORECAST_1,all_blocks,channel_standardized,1122,0.26792627573013306,0
C_FORECAST_1,all_blocks,channel_standardized,1123,0.26728129386901855,0
C_FORECAST_1,all_blocks,channel_standardized,1124,0.2665858268737793,0
C_FORECAST_1,all_blocks,channel_standardized,1125,0.26565298438072205,0
C_FORECAST_1,all_blocks,channel_standardized,1126,0.26530829071998596,0
C_FORECAST_1,all_blocks,channel_standardized,1127,0.2650195360183716,0
C_FORECAST_1,all_blocks,channel_standardized,1128,0.26487231254577637,0
C_FORECAST_1,all_blocks,channel_standardized,1129,0.2641068994998932,0
C_FORECAST_1,all_blocks,channel_standardized,1130,0.26370200514793396,0
C_FORECAST_1,all_blocks,channel_standardized,1131,0.2631499767303467,0
C_FORECAST_1,all_blocks,channel_standardized,1132,0.26269468665122986,0
C_FORECAST_1,all_blocks,channel_standardized,1133,0.2620851695537567,0
C_FORECAST_1,all_blocks,channel_standardized,1134,0.2616449296474457,0
C_FORECAST_1,all_blocks,channel_standardized,1135,0.26117050647735596,0
C_FORECAST_1,all_blocks,channel_standardized,1136,0.2604730725288391,0
C_FORECAST_1,all_blocks,channel_standardized,1137,0.2603137791156769,0
C_FORECAST_1,all_blocks,channel_standardized,1138,0.2596954107284546,0
C_FORECAST_1,all_blocks,channel_standardized,1139,0.25905632972717285,0
C_FORECAST_1,all_blocks,channel_standardized,1140,0.25800031423568726,0
C_FORECAST_1,all_blocks,channel_standardized,1141,0.2577337920665741,0
C_FORECAST_1,all_blocks,channel_standardized,1142,0.2575303018093109,0
C_FORECAST_1,all_blocks,channel_standardized,1143,0.2567107081413269,0
C_FORECAST_1,all_blocks,channel_standardized,1144,0.25627395510673523,0
C_FORECAST_1,all_blocks,channel_standardized,1145,0.2557118833065033,0
C_FORECAST_1,all_blocks,channel_standardized,1146,0.2554805874824524,0
C_FORECAST_1,all_blocks,channel_standardized,1147,0.2551942467689514,0
C_FORECAST_1,all_blocks,channel_standardized,1148,0.2544078230857849,0
C_FORECAST_1,all_blocks,channel_standardized,1149,0.25421300530433655,0
C_FORECAST_1,all_blocks,channel_standardized,1150,0.2538527846336365,0
C_FORECAST_1,all_blocks,channel_standardized,1151,0.2531944215297699,0
C_FORECAST_1,all_blocks,channel_standardized,1152,0.2524360716342926,0
C_FORECAST_1,all_blocks,channel_standardized,1153,0.2522197663784027,0
C_FORECAST_1,all_blocks,channel_standardized,1154,0.2515232563018799,0
C_FORECAST_1,all_blocks,channel_standardized,1155,0.2501763701438904,0
C_FORECAST_1,all_blocks,channel_standardized,1156,0.2500251233577728,0
C_FORECAST_1,all_blocks,channel_standardized,1157,0.24947422742843628,0
C_FORECAST_1,all_blocks,channel_standardized,1158,0.24914364516735077,0
C_FORECAST_1,all_blocks,channel_standardized,1159,0.24868761003017426,0
C_FORECAST_1,all_blocks,channel_standardized,1160,0.24797414243221283,0
C_FORECAST_1,all_blocks,channel_standardized,1161,0.24764662981033325,0
C_FORECAST_1,all_blocks,channel_standardized,1162,0.24733750522136688,0
C_FORECAST_1,all_blocks,channel_standardized,1163,0.24663874506950378,0
C_FORECAST_1,all_blocks,channel_standardized,1164,0.2459823042154312,0
C_FORECAST_1,all_blocks,channel_standardized,1165,0.24562492966651917,0
C_FORECAST_1,all_blocks,channel_standardized,1166,0.2449520230293274,0
C_FORECAST_1,all_blocks,channel_standardized,1167,0.24444887042045593,0
C_FORECAST_1,all_blocks,channel_standardized,1168,0.2436060607433319,0
C_FORECAST_1,all_blocks,channel_standardized,1169,0.2434127777814865,0
C_FORECAST_1,all_blocks,channel_standardized,1170,0.2433675229549408,0
C_FORECAST_1,all_blocks,channel_standardized,1171,0.24299925565719604,0
C_FORECAST_1,all_blocks,channel_standardized,1172,0.2426629513502121,0
C_FORECAST_1,all_blocks,channel_standardized,1173,0.24224384129047394,0
C_FORECAST_1,all_blocks,channel_standardized,1174,0.24171148240566254,0
C_FORECAST_1,all_blocks,channel_standardized,1175,0.24114754796028137,0
C_FORECAST_1,all_blocks,channel_standardized,1176,0.24032601714134216,0
C_FORECAST_1,all_blocks,channel_standardized,1177,0.23977014422416687,0
C_FORECAST_1,all_blocks,channel_standardized,1178,0.23900364339351654,0
C_FORECAST_1,all_blocks,channel_standardized,1179,0.23837949335575104,0
C_FORECAST_1,all_blocks,channel_standardized,1180,0.23764872550964355,0
C_FORECAST_1,all_blocks,channel_standardized,1181,0.23739902675151825,0
C_FORECAST_1,all_blocks,channel_standardized,1182,0.23702514171600342,0
C_FORECAST_1,all_blocks,channel_standardized,1183,0.23685607314109802,0
C_FORECAST_1,all_blocks,channel_standardized,1184,0.23626820743083954,0
C_FORECAST_1,all_blocks,channel_standardized,1185,0.23568269610404968,0
C_FORECAST_1,all_blocks,channel_standardized,1186,0.2351311445236206,0
C_FORECAST_1,all_blocks,channel_standardized,1187,0.2344493418931961,0
C_FORECAST_1,all_blocks,channel_standardized,1188,0.23366694152355194,0
C_FORECAST_1,all_blocks,channel_standardized,1189,0.23304182291030884,0
C_FORECAST_1,all_blocks,channel_standardized,1190,0.2325466126203537,0
C_FORECAST_1,all_blocks,channel_standardized,1191,0.23243996500968933,0
C_FORECAST_1,all_blocks,channel_standardized,1192,0.23210425674915314,0
C_FORECAST_1,all_blocks,channel_standardized,1193,0.23204131424427032,0
C_FORECAST_1,all_blocks,channel_standardized,1194,0.2312352955341339,0
C_FORECAST_1,all_blocks,channel_standardized,1195,0.23094648122787476,0
C_FORECAST_1,all_blocks,channel_standardized,1196,0.23026619851589203,0
C_FORECAST_1,all_blocks,channel_standardized,1197,0.2296352982521057,0
C_FORECAST_1,all_blocks,channel_standardized,1198,0.22916044294834137,0
C_FORECAST_1,all_blocks,channel_standardized,1199,0.22839340567588806,0
C_FORECAST_1,all_blocks,channel_standardized,1200,0.2279423326253891,0
C_FORECAST_1,all_blocks,channel_standardized,1201,0.22757446765899658,0
C_FORECAST_1,all_blocks,channel_standardized,1202,0.22723796963691711,0
C_FORECAST_1,all_blocks,channel_standardized,1203,0.2268468290567398,0
C_FORECAST_1,all_blocks,channel_standardized,1204,0.2266014814376831,0
C_FORECAST_1,all_blocks,channel_standardized,1205,0.2259073704481125,0
C_FORECAST_1,all_blocks,channel_standardized,1206,0.2252117544412613,0
C_FORECAST_1,all_blocks,channel_standardized,1207,0.22489288449287415,0
C_FORECAST_1,all_blocks,channel_standardized,1208,0.22450263798236847,0
C_FORECAST_1,all_blocks,channel_standardized,1209,0.22425466775894165,0
C_FORECAST_1,all_blocks,channel_standardized,1210,0.22355663776397705,0
C_FORECAST_1,all_blocks,channel_standardized,1211,0.2229474037885666,0
C_FORECAST_1,all_blocks,channel_standardized,1212,0.2225107103586197,0
C_FORECAST_1,all_blocks,channel_standardized,1213,0.22190873324871063,0
C_FORECAST_1,all_blocks,channel_standardized,1214,0.22167284786701202,0
C_FORECAST_1,all_blocks,channel_standardized,1215,0.22085830569267273,0
C_FORECAST_1,all_blocks,channel_standardized,1216,0.2206830382347107,0
C_FORECAST_1,all_blocks,channel_standardized,1217,0.22000150382518768,0
C_FORECAST_1,all_blocks,channel_standardized,1218,0.21961340308189392,0
C_FORECAST_1,all_blocks,channel_standardized,1219,0.21936678886413574,0
C_FORECAST_1,all_blocks,channel_standardized,1220,0.2185688465833664,0
C_FORECAST_1,all_blocks,channel_standardized,1221,0.21833044290542603,0
C_FORECAST_1,all_blocks,channel_standardized,1222,0.21753466129302979,0
C_FORECAST_1,all_blocks,channel_standardized,1223,0.21677275002002716,0
C_FORECAST_1,all_blocks,channel_standardized,1224,0.2167450338602066,0
C_FORECAST_1,all_blocks,channel_standardized,1225,0.21626901626586914,0
C_FORECAST_1,all_blocks,channel_standardized,1226,0.215837299823761,0
C_FORECAST_1,all_blocks,channel_standardized,1227,0.21551476418972015,0
C_FORECAST_1,all_blocks,channel_standardized,1228,0.21536515653133392,0
C_FORECAST_1,all_blocks,channel_standardized,1229,0.21460619568824768,0
C_FORECAST_1,all_blocks,channel_standardized,1230,0.21375253796577454,0
C_FORECAST_1,all_blocks,channel_standardized,1231,0.21339212357997894,0
C_FORECAST_1,all_blocks,channel_standardized,1232,0.21309159696102142,0
C_FORECAST_1,all_blocks,channel_standardized,1233,0.2126116305589676,0
C_FORECAST_1,all_blocks,channel_standardized,1234,0.21184532344341278,0
C_FORECAST_1,all_blocks,channel_standardized,1235,0.21128582954406738,0
C_FORECAST_1,all_blocks,channel_standardized,1236,0.2112477868795395,0
C_FORECAST_1,all_blocks,channel_standardized,1237,0.2106078863143921,0
C_FORECAST_1,all_blocks,channel_standardized,1238,0.2103019654750824,0
C_FORECAST_1,all_blocks,channel_standardized,1239,0.21006764471530914,0
C_FORECAST_1,all_blocks,channel_standardized,1240,0.20970812439918518,0
C_FORECAST_1,all_blocks,channel_standardized,1241,0.20869183540344238,0
C_FORECAST_1,all_blocks,channel_standardized,1242,0.20823928713798523,0
C_FORECAST_1,all_blocks,channel_standardized,1243,0.20768852531909943,0
C_FORECAST_1,all_blocks,channel_standardized,1244,0.20749209821224213,0
C_FORECAST_1,all_blocks,channel_standardized,1245,0.20631831884384155,0
C_FORECAST_1,all_blocks,channel_standardized,1246,0.2061975598335266,0
C_FORECAST_1,all_blocks,channel_standardized,1247,0.20586392283439636,0
C_FORECAST_1,all_blocks,channel_standardized,1248,0.2055644690990448,0
C_FORECAST_1,all_blocks,channel_standardized,1249,0.20473499596118927,0
C_FORECAST_1,all_blocks,channel_standardized,1250,0.20449809730052948,0
C_FORECAST_1,all_blocks,channel_standardized,1251,0.20399542152881622,0
C_FORECAST_1,all_blocks,channel_standardized,1252,0.2038649618625641,0
C_FORECAST_1,all_blocks,channel_standardized,1253,0.20374420285224915,0
C_FORECAST_1,all_blocks,channel_standardized,1254,0.20315766334533691,0
C_FORECAST_1,all_blocks,channel_standardized,1255,0.20259636640548706,0
C_FORECAST_1,all_blocks,channel_standardized,1256,0.20213356614112854,0
C_FORECAST_1,all_blocks,channel_standardized,1257,0.20184451341629028,0
C_FORECAST_1,all_blocks,channel_standardized,1258,0.20128412544727325,0
C_FORECAST_1,all_blocks,channel_standardized,1259,0.20116998255252838,0
C_FORECAST_1,all_blocks,channel_standardized,1260,0.2001996636390686,0
C_FORECAST_1,all_blocks,channel_standardized,1261,0.1997055560350418,0
C_FORECAST_1,all_blocks,channel_standardized,1262,0.19902005791664124,0
C_FORECAST_1,all_blocks,channel_standardized,1263,0.19857965409755707,0
C_FORECAST_1,all_blocks,channel_standardized,1264,0.19826169312000275,0
C_FORECAST_1,all_blocks,channel_standardized,1265,0.1980292797088623,0
C_FORECAST_1,all_blocks,channel_standardized,1266,0.19743883609771729,0
C_FORECAST_1,all_blocks,channel_standardized,1267,0.19708602130413055,0
C_FORECAST_1,all_blocks,channel_standardized,1268,0.19684655964374542,0
C_FORECAST_1,all_blocks,channel_standardized,1269,0.19607281684875488,0
C_FORECAST_1,all_blocks,channel_standardized,1270,0.19565324485301971,0
C_FORECAST_1,all_blocks,channel_standardized,1271,0.1952785700559616,0
C_FORECAST_1,all_blocks,channel_standardized,1272,0.19500984251499176,0
C_FORECAST_1,all_blocks,channel_standardized,1273,0.19439780712127686,0
C_FORECAST_1,all_blocks,channel_standardized,1274,0.19390857219696045,0
C_FORECAST_1,all_blocks,channel_standardized,1275,0.19369365274906158,0
C_FORECAST_1,all_blocks,channel_standardized,1276,0.19337989389896393,0
C_FORECAST_1,all_blocks,channel_standardized,1277,0.19318346679210663,0
C_FORECAST_1,all_blocks,channel_standardized,1278,0.19292519986629486,0
C_FORECAST_1,all_blocks,channel_standardized,1279,0.1919565349817276,0
C_FORECAST_1,all_blocks,channel_standardized,1280,0.1915081888437271,0
C_FORECAST_1,all_blocks,channel_standardized,1281,0.19113506376743317,0
C_FORECAST_1,all_blocks,channel_standardized,1282,0.1905510127544403,0
C_FORECAST_1,all_blocks,channel_standardized,1283,0.19038210809230804,0
C_FORECAST_1,all_blocks,channel_standardized,1284,0.18951983749866486,0
C_FORECAST_1,all_blocks,channel_standardized,1285,0.18888477981090546,0
C_FORECAST_1,all_blocks,channel_standardized,1286,0.18835805356502533,0
C_FORECAST_1,all_blocks,channel_standardized,1287,0.1882319301366806,0
C_FORECAST_1,all_blocks,channel_standardized,1288,0.18748456239700317,0
C_FORECAST_1,all_blocks,channel_standardized,1289,0.18725574016571045,0
C_FORECAST_1,all_blocks,channel_standardized,1290,0.18687789142131805,0
C_FORECAST_1,all_blocks,channel_standardized,1291,0.18624325096607208,0
C_FORECAST_1,all_blocks,channel_standardized,1292,0.18611563742160797,0
C_FORECAST_1,all_blocks,channel_standardized,1293,0.18550337851047516,0
C_FORECAST_1,all_blocks,channel_standardized,1294,0.18523502349853516,0
C_FORECAST_1,all_blocks,channel_standardized,1295,0.18469302356243134,0
C_FORECAST_1,all_blocks,channel_standardized,1296,0.1844107061624527,0
C_FORECAST_1,all_blocks,channel_standardized,1297,0.18383339047431946,0
C_FORECAST_1,all_blocks,channel_standardized,1298,0.1836199015378952,0
C_FORECAST_1,all_blocks,channel_standardized,1299,0.18303851783275604,0
C_FORECAST_1,all_blocks,channel_standardized,1300,0.1827184557914734,0
C_FORECAST_1,all_blocks,channel_standardized,1301,0.18210723996162415,0
C_FORECAST_1,all_blocks,channel_standardized,1302,0.18147191405296326,0
C_FORECAST_1,all_blocks,channel_standardized,1303,0.18105778098106384,0
C_FORECAST_1,all_blocks,channel_standardized,1304,0.18095041811466217,0
C_FORECAST_1,all_blocks,channel_standardized,1305,0.18063263595104218,0
C_FORECAST_1,all_blocks,channel_standardized,1306,0.18000677227973938,0
C_FORECAST_1,all_blocks,channel_standardized,1307,0.1798304170370102,0
C_FORECAST_1,all_blocks,channel_standardized,1308,0.17904172837734222,0
C_FORECAST_1,all_blocks,channel_standardized,1309,0.1789054274559021,0
C_FORECAST_1,all_blocks,channel_standardized,1310,0.17845579981803894,0
C_FORECAST_1,all_blocks,channel_standardized,1311,0.17806512117385864,0
C_FORECAST_1,all_blocks,channel_standardized,1312,0.17799021303653717,0
C_FORECAST_1,all_blocks,channel_standardized,1313,0.1771273910999298,0
C_FORECAST_1,all_blocks,channel_standardized,1314,0.177017942070961,0
C_FORECAST_1,all_blocks,channel_standardized,1315,0.17638453841209412,0
C_FORECAST_1,all_blocks,channel_standardized,1316,0.17579442262649536,0
C_FORECAST_1,all_blocks,channel_standardized,1317,0.17542877793312073,0
C_FORECAST_1,all_blocks,channel_standardized,1318,0.1750146746635437,0
C_FORECAST_1,all_blocks,channel_standardized,1319,0.17487365007400513,0
C_FORECAST_1,all_blocks,channel_standardized,1320,0.1746937781572342,0
C_FORECAST_1,all_blocks,channel_standardized,1321,0.1745215356349945,0
C_FORECAST_1,all_blocks,channel_standardized,1322,0.17380499839782715,0
C_FORECAST_1,all_blocks,channel_standardized,1323,0.1733359396457672,0
C_FORECAST_1,all_blocks,channel_standardized,1324,0.17284606397151947,0
C_FORECAST_1,all_blocks,channel_standardized,1325,0.17192909121513367,0
C_FORECAST_1,all_blocks,channel_standardized,1326,0.17158278822898865,0
C_FORECAST_1,all_blocks,channel_standardized,1327,0.17135943472385406,0
C_FORECAST_1,all_blocks,channel_standardized,1328,0.17109966278076172,0
C_FORECAST_1,all_blocks,channel_standardized,1329,0.17085324227809906,0
C_FORECAST_1,all_blocks,channel_standardized,1330,0.1703699380159378,0
C_FORECAST_1,all_blocks,channel_standardized,1331,0.16990959644317627,0
C_FORECAST_1,all_blocks,channel_standardized,1332,0.16949759423732758,0
C_FORECAST_1,all_blocks,channel_standardized,1333,0.16878251731395721,0
C_FORECAST_1,all_blocks,channel_standardized,1334,0.16862574219703674,0
C_FORECAST_1,all_blocks,channel_standardized,1335,0.16829968988895416,0
C_FORECAST_1,all_blocks,channel_standardized,1336,0.16788090765476227,0
C_FORECAST_1,all_blocks,channel_standardized,1337,0.16743920743465424,0
C_FORECAST_1,all_blocks,channel_standardized,1338,0.16641926765441895,0
C_FORECAST_1,all_blocks,channel_standardized,1339,0.166086345911026,0
C_FORECAST_1,all_blocks,channel_standardized,1340,0.16593611240386963,0
C_FORECAST_1,all_blocks,channel_standardized,1341,0.16521750390529633,0
C_FORECAST_1,all_blocks,channel_standardized,1342,0.16491076350212097,0
C_FORECAST_1,all_blocks,channel_standardized,1343,0.16477233171463013,0
C_FORECAST_1,all_blocks,channel_standardized,1344,0.16390296816825867,0
C_FORECAST_1,all_blocks,channel_standardized,1345,0.16344667971134186,0
C_FORECAST_1,all_blocks,channel_standardized,1346,0.16316518187522888,0
C_FORECAST_1,all_blocks,channel_standardized,1347,0.16290920972824097,0
C_FORECAST_1,all_blocks,channel_standardized,1348,0.16244669258594513,0
C_FORECAST_1,all_blocks,channel_standardized,1349,0.16219274699687958,0
C_FORECAST_1,all_blocks,channel_standardized,1350,0.16164547204971313,0
C_FORECAST_1,all_blocks,channel_standardized,1351,0.16117124259471893,0
C_FORECAST_1,all_blocks,channel_standardized,1352,0.16073109209537506,0
C_FORECAST_1,all_blocks,channel_standardized,1353,0.16018614172935486,0
C_FORECAST_1,all_blocks,channel_standardized,1354,0.16010579466819763,0
C_FORECAST_1,all_blocks,channel_standardized,1355,0.15963687002658844,0
C_FORECAST_1,all_blocks,channel_standardized,1356,0.15921050310134888,0
C_FORECAST_1,all_blocks,channel_standardized,1357,0.15882693231105804,0
C_FORECAST_1,all_blocks,channel_standardized,1358,0.15862229466438293,0
C_FORECAST_1,all_blocks,channel_standardized,1359,0.15805211663246155,0
C_FORECAST_1,all_blocks,channel_standardized,1360,0.15795420110225677,0
C_FORECAST_1,all_blocks,channel_standardized,1361,0.15740719437599182,0
C_FORECAST_1,all_blocks,channel_standardized,1362,0.1571841537952423,0
C_FORECAST_1,all_blocks,channel_standardized,1363,0.15693630278110504,0
C_FORECAST_1,all_blocks,channel_standardized,1364,0.1567119061946869,0
C_FORECAST_1,all_blocks,channel_standardized,1365,0.1561933308839798,0
C_FORECAST_1,all_blocks,channel_standardized,1366,0.15568718314170837,0
C_FORECAST_1,all_blocks,channel_standardized,1367,0.15518079698085785,0
C_FORECAST_1,all_blocks,channel_standardized,1368,0.15484564006328583,0
C_FORECAST_1,all_blocks,channel_standardized,1369,0.15442219376564026,0
C_FORECAST_1,all_blocks,channel_standardized,1370,0.15375515818595886,0
C_FORECAST_1,all_blocks,channel_standardized,1371,0.15357181429862976,0
C_FORECAST_1,all_blocks,channel_standardized,1372,0.15319469571113586,0
C_FORECAST_1,all_blocks,channel_standardized,1373,0.15218324959278107,0
C_FORECAST_1,all_blocks,channel_standardized,1374,0.1518295556306839,0
C_FORECAST_1,all_blocks,channel_standardized,1375,0.15142808854579926,0
C_FORECAST_1,all_blocks,channel_standardized,1376,0.15095070004463196,0
C_FORECAST_1,all_blocks,channel_standardized,1377,0.15082602202892303,0
C_FORECAST_1,all_blocks,channel_standardized,1378,0.15010888874530792,0
C_FORECAST_1,all_blocks,channel_standardized,1379,0.1500169187784195,0
C_FORECAST_1,all_blocks,channel_standardized,1380,0.14949972927570343,0
C_FORECAST_1,all_blocks,channel_standardized,1381,0.1492665857076645,0
C_FORECAST_1,all_blocks,channel_standardized,1382,0.14911770820617676,0
C_FORECAST_1,all_blocks,channel_standardized,1383,0.14887946844100952,0
C_FORECAST_1,all_blocks,channel_standardized,1384,0.14830416440963745,0
C_FORECAST_1,all_blocks,channel_standardized,1385,0.14798122644424438,0
C_FORECAST_1,all_blocks,channel_standardized,1386,0.14764763414859772,0
C_FORECAST_1,all_blocks,channel_standardized,1387,0.14735101163387299,0
C_FORECAST_1,all_blocks,channel_standardized,1388,0.14698834717273712,0
C_FORECAST_1,all_blocks,channel_standardized,1389,0.14643828570842743,0
C_FORECAST_1,all_blocks,channel_standardized,1390,0.14623256027698517,0
C_FORECAST_1,all_blocks,channel_standardized,1391,0.14593811333179474,0
C_FORECAST_1,all_blocks,channel_standardized,1392,0.1455676257610321,0
C_FORECAST_1,all_blocks,channel_standardized,1393,0.14526355266571045,0
C_FORECAST_1,all_blocks,channel_standardized,1394,0.14437833428382874,0
C_FORECAST_1,all_blocks,channel_standardized,1395,0.14389629662036896,0
C_FORECAST_1,all_blocks,channel_standardized,1396,0.14383287727832794,0
C_FORECAST_1,all_blocks,channel_standardized,1397,0.14328798651695251,0
C_FORECAST_1,all_blocks,channel_standardized,1398,0.1430007815361023,0
C_FORECAST_1,all_blocks,channel_standardized,1399,0.14229825139045715,0
C_FORECAST_1,all_blocks,channel_standardized,1400,0.14182205498218536,0
C_FORECAST_1,all_blocks,channel_standardized,1401,0.1416606456041336,0
C_FORECAST_1,all_blocks,channel_standardized,1402,0.14137150347232819,0
C_FORECAST_1,all_blocks,channel_standardized,1403,0.1411643922328949,0
C_FORECAST_1,all_blocks,channel_standardized,1404,0.14038178324699402,0
C_FORECAST_1,all_blocks,channel_standardized,1405,0.14016860723495483,0
C_FORECAST_1,all_blocks,channel_standardized,1406,0.1395120769739151,0
C_FORECAST_1,all_blocks,channel_standardized,1407,0.13899996876716614,0
C_FORECAST_1,all_blocks,channel_standardized,1408,0.13875027000904083,0
C_FORECAST_1,all_blocks,channel_standardized,1409,0.13850310444831848,0
C_FORECAST_1,all_blocks,channel_standardized,1410,0.13785547018051147,0
C_FORECAST_1,all_blocks,channel_standardized,1411,0.13748681545257568,0
C_FORECAST_1,all_blocks,channel_standardized,1412,0.1373400241136551,0
C_FORECAST_1,all_blocks,channel_standardized,1413,0.13671691715717316,0
C_FORECAST_1,all_blocks,channel_standardized,1414,0.13619761168956757,0
C_FORECAST_1,all_blocks,channel_standardized,1415,0.13575874269008636,0
C_FORECAST_1,all_blocks,channel_standardized,1416,0.13527995347976685,0
C_FORECAST_1,all_blocks,channel_standardized,1417,0.13503864407539368,0
C_FORECAST_1,all_blocks,channel_standardized,1418,0.13436506688594818,0
C_FORECAST_1,all_blocks,channel_standardized,1419,0.1341768503189087,0
C_FORECAST_1,all_blocks,channel_standardized,1420,0.13397811353206635,0
C_FORECAST_1,all_blocks,channel_standardized,1421,0.13346058130264282,0
C_FORECAST_1,all_blocks,channel_standardized,1422,0.13316167891025543,0
C_FORECAST_1,all_blocks,channel_standardized,1423,0.1330852061510086,0
C_FORECAST_1,all_blocks,channel_standardized,1424,0.132419615983963,0
C_FORECAST_1,all_blocks,channel_standardized,1425,0.1322801411151886,0
C_FORECAST_1,all_blocks,channel_standardized,1426,0.1318146139383316,0
C_FORECAST_1,all_blocks,channel_standardized,1427,0.13119278848171234,0
C_FORECAST_1,all_blocks,channel_standardized,1428,0.13082396984100342,0
C_FORECAST_1,all_blocks,channel_standardized,1429,0.13025838136672974,0
C_FORECAST_1,all_blocks,channel_standardized,1430,0.13005398213863373,0
C_FORECAST_1,all_blocks,channel_standardized,1431,0.12957745790481567,0
C_FORECAST_1,all_blocks,channel_standardized,1432,0.1292942762374878,0
C_FORECAST_1,all_blocks,channel_standardized,1433,0.12911853194236755,0
C_FORECAST_1,all_blocks,channel_standardized,1434,0.12881194055080414,0
C_FORECAST_1,all_blocks,channel_standardized,1435,0.1286129653453827,0
C_FORECAST_1,all_blocks,channel_standardized,1436,0.12842829525470734,0
C_FORECAST_1,all_blocks,channel_standardized,1437,0.12804336845874786,0
C_FORECAST_1,all_blocks,channel_standardized,1438,0.1278032511472702,0
C_FORECAST_1,all_blocks,channel_standardized,1439,0.12716269493103027,0
C_FORECAST_1,all_blocks,channel_standardized,1440,0.12693122029304504,0
C_FORECAST_1,all_blocks,channel_standardized,1441,0.12664180994033813,0
C_FORECAST_1,all_blocks,channel_standardized,1442,0.12635207176208496,0
C_FORECAST_1,all_blocks,channel_standardized,1443,0.12554581463336945,0
C_FORECAST_1,all_blocks,channel_standardized,1444,0.12509040534496307,0
C_FORECAST_1,all_blocks,channel_standardized,1445,0.12459904700517654,0
C_FORECAST_1,all_blocks,channel_standardized,1446,0.12402670830488205,0
C_FORECAST_1,all_blocks,channel_standardized,1447,0.12389115989208221,0
C_FORECAST_1,all_blocks,channel_standardized,1448,0.12354034185409546,0
C_FORECAST_1,all_blocks,channel_standardized,1449,0.12309080362319946,0
C_FORECAST_1,all_blocks,channel_standardized,1450,0.12242191284894943,0
C_FORECAST_1,all_blocks,channel_standardized,1451,0.12232838571071625,0
C_FORECAST_1,all_blocks,channel_standardized,1452,0.12184521555900574,0
C_FORECAST_1,all_blocks,channel_standardized,1453,0.12158629298210144,0
C_FORECAST_1,all_blocks,channel_standardized,1454,0.12124646455049515,0
C_FORECAST_1,all_blocks,channel_standardized,1455,0.12116692960262299,0
C_FORECAST_1,all_blocks,channel_standardized,1456,0.12061228603124619,0
C_FORECAST_1,all_blocks,channel_standardized,1457,0.12030579149723053,0
C_FORECAST_1,all_blocks,channel_standardized,1458,0.11965630203485489,0
C_FORECAST_1,all_blocks,channel_standardized,1459,0.11936613917350769,0
C_FORECAST_1,all_blocks,channel_standardized,1460,0.11882056295871735,0
C_FORECAST_1,all_blocks,channel_standardized,1461,0.11799801141023636,0
C_FORECAST_1,all_blocks,channel_standardized,1462,0.11785075813531876,0
C_FORECAST_1,all_blocks,channel_standardized,1463,0.11750741302967072,0
C_FORECAST_1,all_blocks,channel_standardized,1464,0.11709929257631302,0
C_FORECAST_1,all_blocks,channel_standardized,1465,0.11659310758113861,0
C_FORECAST_1,all_blocks,channel_standardized,1466,0.1165555864572525,0
C_FORECAST_1,all_blocks,channel_standardized,1467,0.11610978096723557,0
C_FORECAST_1,all_blocks,channel_standardized,1468,0.11514287441968918,0
C_FORECAST_1,all_blocks,channel_standardized,1469,0.11477168649435043,0
C_FORECAST_1,all_blocks,channel_standardized,1470,0.11462584882974625,0
C_FORECAST_1,all_blocks,channel_standardized,1471,0.11413010209798813,0
C_FORECAST_1,all_blocks,channel_standardized,1472,0.11377835273742676,0
C_FORECAST_1,all_blocks,channel_standardized,1473,0.1132478341460228,0
C_FORECAST_1,all_blocks,channel_standardized,1474,0.11281536519527435,0
C_FORECAST_1,all_blocks,channel_standardized,1475,0.11264517903327942,0
C_FORECAST_1,all_blocks,channel_standardized,1476,0.1122869998216629,0
C_FORECAST_1,all_blocks,channel_standardized,1477,0.11199412494897842,0
C_FORECAST_1,all_blocks,channel_standardized,1478,0.11138898134231567,0
C_FORECAST_1,all_blocks,channel_standardized,1479,0.11058657616376877,0
C_FORECAST_1,all_blocks,channel_standardized,1480,0.1104581356048584,0
C_FORECAST_1,all_blocks,channel_standardized,1481,0.10986503958702087,0
C_FORECAST_1,all_blocks,channel_standardized,1482,0.10979124158620834,0
C_FORECAST_1,all_blocks,channel_standardized,1483,0.10915829241275787,0
C_FORECAST_1,all_blocks,channel_standardized,1484,0.10872110724449158,0
C_FORECAST_1,all_blocks,channel_standardized,1485,0.10869055986404419,0
C_FORECAST_1,all_blocks,channel_standardized,1486,0.1084393560886383,0
C_FORECAST_1,all_blocks,channel_standardized,1487,0.10819876939058304,0
C_FORECAST_1,all_blocks,channel_standardized,1488,0.1077655553817749,0
C_FORECAST_1,all_blocks,channel_standardized,1489,0.10733085870742798,0
C_FORECAST_1,all_blocks,channel_standardized,1490,0.10683869570493698,0
C_FORECAST_1,all_blocks,channel_standardized,1491,0.10641998797655106,0
C_FORECAST_1,all_blocks,channel_standardized,1492,0.10611819475889206,0
C_FORECAST_1,all_blocks,channel_standardized,1493,0.1057513877749443,0
C_FORECAST_1,all_blocks,channel_standardized,1494,0.10530739277601242,0
C_FORECAST_1,all_blocks,channel_standardized,1495,0.10447122156620026,0
C_FORECAST_1,all_blocks,channel_standardized,1496,0.10405931621789932,0
C_FORECAST_1,all_blocks,channel_standardized,1497,0.10395392775535583,0
C_FORECAST_1,all_blocks,channel_standardized,1498,0.10364294797182083,0
C_FORECAST_1,all_blocks,channel_standardized,1499,0.10313545167446136,0
C_FORECAST_1,all_blocks,channel_standardized,1500,0.10264906287193298,0
C_FORECAST_1,all_blocks,channel_standardized,1501,0.10238565504550934,0
C_FORECAST_1,all_blocks,channel_standardized,1502,0.10220322757959366,0
C_FORECAST_1,all_blocks,channel_standardized,1503,0.10111625492572784,0
C_FORECAST_1,all_blocks,channel_standardized,1504,0.10071058571338654,0
C_FORECAST_1,all_blocks,channel_standardized,1505,0.10040319710969925,0
C_FORECAST_1,all_blocks,channel_standardized,1506,0.10001572221517563,0
C_FORECAST_1,all_blocks,channel_standardized,1507,0.09983425587415695,0
C_FORECAST_1,all_blocks,channel_standardized,1508,0.09945609420537949,0
C_FORECAST_1,all_blocks,channel_standardized,1509,0.09818505495786667,0
C_FORECAST_1,all_blocks,channel_standardized,1510,0.09783842414617538,0
C_FORECAST_1,all_blocks,channel_standardized,1511,0.0974796935915947,0
C_FORECAST_1,all_blocks,channel_standardized,1512,0.0970739871263504,0
C_FORECAST_1,all_blocks,channel_standardized,1513,0.09684395790100098,0
C_FORECAST_1,all_blocks,channel_standardized,1514,0.0966542661190033,0
C_FORECAST_1,all_blocks,channel_standardized,1515,0.09572868049144745,0
C_FORECAST_1,all_blocks,channel_standardized,1516,0.09547895193099976,0
C_FORECAST_1,all_blocks,channel_standardized,1517,0.09513096511363983,0
C_FORECAST_1,all_blocks,channel_standardized,1518,0.0937189981341362,0
C_FORECAST_1,all_blocks,channel_standardized,1519,0.09329496324062347,0
C_FORECAST_1,all_blocks,channel_standardized,1520,0.09297075867652893,0
C_FORECAST_1,all_blocks,channel_standardized,1521,0.09284508228302002,0
C_FORECAST_1,all_blocks,channel_standardized,1522,0.0922423005104065,0
C_FORECAST_1,all_blocks,channel_standardized,1523,0.09210976213216782,0
C_FORECAST_1,all_blocks,channel_standardized,1524,0.09065619111061096,0
C_FORECAST_1,all_blocks,channel_standardized,1525,0.08988598734140396,0
C_FORECAST_1,all_blocks,channel_standardized,1526,0.08984887599945068,0
C_FORECAST_1,all_blocks,channel_standardized,1527,0.08897547423839569,0
C_FORECAST_1,all_blocks,channel_standardized,1528,0.08863471448421478,0
C_FORECAST_1,all_blocks,channel_standardized,1529,0.08801437169313431,0
C_FORECAST_1,all_blocks,channel_standardized,1530,0.08741506934165955,0
C_FORECAST_1,all_blocks,channel_standardized,1531,0.08733031153678894,0
C_FORECAST_1,all_blocks,channel_standardized,1532,0.08542371541261673,0
C_FORECAST_1,all_blocks,channel_standardized,1533,0.08426576852798462,0
C_FORECAST_1,all_blocks,channel_standardized,1534,0.08387197554111481,0
C_FORECAST_1,all_blocks,channel_standardized,1535,0.08167211711406708,0
C_FORECAST_1,all_blocks,channel_standardized,1536,0.02051093801856041,0
Q,all_blocks,centered,1,0.02251495234668255,1
Q,all_blocks,centered,2,0.0028454104904085398,0
Q,all_blocks,centered,3,0.001690726145170629,0
Q,all_blocks,centered,4,0.0006974240532144904,0
Q,all_blocks,centered,5,0.0006383534055203199,0
Q,all_blocks,centered,6,0.0005189722869545221,0
Q,all_blocks,centered,7,0.00043516478035598993,0
Q,all_blocks,centered,8,0.0004160066309850663,0
Q,all_blocks,centered,9,0.00039060667040757835,0
Q,all_blocks,centered,10,0.0003685425326693803,0
Q,all_blocks,centered,11,0.0003605116799008101,0
Q,all_blocks,centered,12,0.0003568353713490069,0
Q,all_blocks,centered,13,0.0003248983412049711,0
Q,all_blocks,centered,14,0.00031484279315918684,0
Q,all_blocks,centered,15,0.000297202990623191,0
Q,all_blocks,centered,16,0.00029143356368876994,0
Q,all_blocks,centered,17,0.00027786276768893003,0
Q,all_blocks,centered,18,0.0002761563519015908,0
Q,all_blocks,centered,19,0.0002723480574786663,0
Q,all_blocks,centered,20,0.0002636606805026531,0
Q,all_blocks,centered,21,0.0002590796793811023,0
Q,all_blocks,centered,22,0.00025706979795359075,0
Q,all_blocks,centered,23,0.000248241558438167,0
Q,all_blocks,centered,24,0.000244782684603706,0
Q,all_blocks,centered,25,0.00024088897043839097,0
Q,all_blocks,centered,26,0.00023296409926842898,0
Q,all_blocks,centered,27,0.00022636627545580268,0
Q,all_blocks,centered,28,0.0002253396960441023,0
Q,all_blocks,centered,29,0.0002212183753727004,0
Q,all_blocks,centered,30,0.0002196810528403148,0
Q,all_blocks,centered,31,0.000219442299567163,0
Q,all_blocks,centered,32,0.00021511623344849795,0
Q,all_blocks,centered,33,0.00021240061323624104,0
Q,all_blocks,centered,34,0.0002102116122841835,0
Q,all_blocks,centered,35,0.000207265155040659,0
Q,all_blocks,centered,36,0.0002066900924546644,0
Q,all_blocks,centered,37,0.00020358541223686188,0
Q,all_blocks,centered,38,0.00020133705402258784,0
Q,all_blocks,centered,39,0.00019801597227342427,0
Q,all_blocks,centered,40,0.00019747029000427574,0
Q,all_blocks,centered,41,0.00019475354929454625,0
Q,all_blocks,centered,42,0.00019399238226469606,0
Q,all_blocks,centered,43,0.00019355765834916383,0
Q,all_blocks,centered,44,0.0001903686934383586,0
Q,all_blocks,centered,45,0.00018862972501665354,0
Q,all_blocks,centered,46,0.00018537402502261102,0
Q,all_blocks,centered,47,0.00018492605886422098,0
Q,all_blocks,centered,48,0.00018290644220542163,0
Q,all_blocks,centered,49,0.0001815169962355867,0
Q,all_blocks,centered,50,0.0001797002332750708,0
Q,all_blocks,centered,51,0.00017875139019452035,0
Q,all_blocks,centered,52,0.00017624054453335702,0
Q,all_blocks,centered,53,0.00017562454740982503,0
Q,all_blocks,centered,54,0.00017503928393125534,0
Q,all_blocks,centered,55,0.00017375903553329408,0
Q,all_blocks,centered,56,0.0001720025611575693,0
Q,all_blocks,centered,57,0.00017118817777372897,0
Q,all_blocks,centered,58,0.0001700589491520077,0
Q,all_blocks,centered,59,0.00016946319374255836,0
Q,all_blocks,centered,60,0.00016873693675734103,0
Q,all_blocks,centered,61,0.00016684041474945843,0
Q,all_blocks,centered,62,0.00016619928646832705,0
Q,all_blocks,centered,63,0.00016548551502637565,0
Q,all_blocks,centered,64,0.00016339212015736848,0
Q,all_blocks,centered,65,0.00016282754950225353,0
Q,all_blocks,centered,66,0.00016190065070986748,0
Q,all_blocks,centered,67,0.00016153347678482533,0
Q,all_blocks,centered,68,0.00015973539848346263,0
Q,all_blocks,centered,69,0.0001595087378518656,0
Q,all_blocks,centered,70,0.0001574583147885278,0
Q,all_blocks,centered,71,0.0001570666499901563,0
Q,all_blocks,centered,72,0.00015589661779813468,0
Q,all_blocks,centered,73,0.00015504802286159247,0
Q,all_blocks,centered,74,0.00015442068979609758,0
Q,all_blocks,centered,75,0.00015426232130266726,0
Q,all_blocks,centered,76,0.0001533873873995617,0
Q,all_blocks,centered,77,0.00015175575390458107,0
Q,all_blocks,centered,78,0.0001512572489446029,0
Q,all_blocks,centered,79,0.00014993046352174133,0
Q,all_blocks,centered,80,0.00014921696856617928,0
Q,all_blocks,centered,81,0.00014847164857201278,0
Q,all_blocks,centered,82,0.0001476382603868842,0
Q,all_blocks,centered,83,0.00014732610725332052,0
Q,all_blocks,centered,84,0.00014615677355322987,0
Q,all_blocks,centered,85,0.00014563232252839953,0
Q,all_blocks,centered,86,0.00014467591245193034,0
Q,all_blocks,centered,87,0.00014392717275768518,0
Q,all_blocks,centered,88,0.0001432947610737756,0
Q,all_blocks,centered,89,0.0001424003712600097,0
Q,all_blocks,centered,90,0.00014169370115268975,0
Q,all_blocks,centered,91,0.00014076309162192047,0
Q,all_blocks,centered,92,0.00014036970969755203,0
Q,all_blocks,centered,93,0.00013982647215016186,0
Q,all_blocks,centered,94,0.00013959819625597447,0
Q,all_blocks,centered,95,0.00013859673344995826,0
Q,all_blocks,centered,96,0.00013774981198366731,0
Q,all_blocks,centered,97,0.00013709862832911313,0
Q,all_blocks,centered,98,0.0001367966178804636,0
Q,all_blocks,centered,99,0.00013621574908029288,0
Q,all_blocks,centered,100,0.0001352981198579073,0
Q,all_blocks,centered,101,0.00013433372077997774,0
Q,all_blocks,centered,102,0.00013428935199044645,0
Q,all_blocks,centered,103,0.00013396466965787113,0
Q,all_blocks,centered,104,0.00013340530858840793,0
Q,all_blocks,centered,105,0.00013312915689311922,0
Q,all_blocks,centered,106,0.0001322570169577375,0
Q,all_blocks,centered,107,0.00013189236051402986,0
Q,all_blocks,centered,108,0.0001306175981881097,0
Q,all_blocks,centered,109,0.00013052816211711615,0
Q,all_blocks,centered,110,0.00012991052062716335,0
Q,all_blocks,centered,111,0.00012936830171383917,0
Q,all_blocks,centered,112,0.00012868302292190492,0
Q,all_blocks,centered,113,0.00012825700105167925,0
Q,all_blocks,centered,114,0.00012728091678582132,0
Q,all_blocks,centered,115,0.00012685783440247178,0
Q,all_blocks,centered,116,0.00012579470057971776,0
Q,all_blocks,centered,117,0.00012537692964542657,0
Q,all_blocks,centered,118,0.00012490244989749044,0
Q,all_blocks,centered,119,0.00012475575204007328,0
Q,all_blocks,centered,120,0.0001239171833731234,0
Q,all_blocks,centered,121,0.00012358841195236892,0
Q,all_blocks,centered,122,0.0001234971423400566,0
Q,all_blocks,centered,123,0.00012305531708989292,0
Q,all_blocks,centered,124,0.00012259431241545826,0
Q,all_blocks,centered,125,0.0001220986741827801,0
Q,all_blocks,centered,126,0.00012159992911620066,0
Q,all_blocks,centered,127,0.00012121754116378725,0
Q,all_blocks,centered,128,0.00012099187733838335,0
Q,all_blocks,centered,129,0.00012028851051582024,0
Q,all_blocks,centered,130,0.0001199707985506393,0
Q,all_blocks,centered,131,0.0001194611904793419,0
Q,all_blocks,centered,132,0.00011873263429151848,0
Q,all_blocks,centered,133,0.00011855645425384864,0
Q,all_blocks,centered,134,0.00011829368304461241,0
Q,all_blocks,centered,135,0.0001175648721982725,0
Q,all_blocks,centered,136,0.00011740454647224396,0
Q,all_blocks,centered,137,0.00011678170994855464,0
Q,all_blocks,centered,138,0.00011610907677095383,0
Q,all_blocks,centered,139,0.00011595966498134658,0
Q,all_blocks,centered,140,0.00011554080265341327,0
Q,all_blocks,centered,141,0.00011523018474690616,0
Q,all_blocks,centered,142,0.00011486542643979192,0
Q,all_blocks,centered,143,0.00011417731730034575,0
Q,all_blocks,centered,144,0.00011384922981960699,0
Q,all_blocks,centered,145,0.00011300371261313558,0
Q,all_blocks,centered,146,0.00011295636068098247,0
Q,all_blocks,centered,147,0.00011239823652431369,0
Q,all_blocks,centered,148,0.00011191116209374741,0
Q,all_blocks,centered,149,0.00011186151095898822,0
Q,all_blocks,centered,150,0.00011140640708617866,0
Q,all_blocks,centered,151,0.0001113603575504385,0
Q,all_blocks,centered,152,0.0001107044008676894,0
Q,all_blocks,centered,153,0.000110635970486328,0
Q,all_blocks,centered,154,0.00011011816241079941,0
Q,all_blocks,centered,155,0.00010976274643326178,0
Q,all_blocks,centered,156,0.00010929108975687996,0
Q,all_blocks,centered,157,0.00010882319475058466,0
Q,all_blocks,centered,158,0.00010840927279787138,0
Q,all_blocks,centered,159,0.00010818579175975174,0
Q,all_blocks,centered,160,0.00010789456428028643,0
Q,all_blocks,centered,161,0.00010770639346446842,0
Q,all_blocks,centered,162,0.00010707259934861213,0
Q,all_blocks,centered,163,0.00010699091217247769,0
Q,all_blocks,centered,164,0.00010634082718752325,0
Q,all_blocks,centered,165,0.00010588370059849694,0
Q,all_blocks,centered,166,0.00010568951984168962,0
Q,all_blocks,centered,167,0.0001056415494531393,0
Q,all_blocks,centered,168,0.00010547485726419836,0
Q,all_blocks,centered,169,0.00010495893366169184,0
Q,all_blocks,centered,170,0.00010483880760148168,0
Q,all_blocks,centered,171,0.00010444459621794522,0
Q,all_blocks,centered,172,0.00010356688289903104,0
Q,all_blocks,centered,173,0.00010343164467485622,0
Q,all_blocks,centered,174,0.0001032170548569411,0
Q,all_blocks,centered,175,0.00010286823089700192,0
Q,all_blocks,centered,176,0.00010266854951623827,0
Q,all_blocks,centered,177,0.00010244656004942954,0
Q,all_blocks,centered,178,0.0001022791548166424,0
Q,all_blocks,centered,179,0.00010185207793256268,0
Q,all_blocks,centered,180,0.00010179959645029157,0
Q,all_blocks,centered,181,0.0001013164728647098,0
Q,all_blocks,centered,182,0.00010105470573762432,0
Q,all_blocks,centered,183,0.00010068891424452886,0
Q,all_blocks,centered,184,0.00010027054668171331,0
Q,all_blocks,centered,185,9.970983228413388e-05,0
Q,all_blocks,centered,186,9.933439287124202e-05,0
Q,all_blocks,centered,187,9.912671521306038e-05,0
Q,all_blocks,centered,188,9.895008406601846e-05,0
Q,all_blocks,centered,189,9.87256717053242e-05,0
Q,all_blocks,centered,190,9.851243521552533e-05,0
Q,all_blocks,centered,191,9.7966032626573e-05,0
Q,all_blocks,centered,192,9.775584476301447e-05,0
Q,all_blocks,centered,193,9.759522072272375e-05,0
Q,all_blocks,centered,194,9.724793926579878e-05,0
Q,all_blocks,centered,195,9.6648778708186e-05,0
Q,all_blocks,centered,196,9.64671780820936e-05,0
Q,all_blocks,centered,197,9.639030031394213e-05,0
Q,all_blocks,centered,198,9.590088302502409e-05,0
Q,all_blocks,centered,199,9.578061144566163e-05,0
Q,all_blocks,centered,200,9.57302181632258e-05,0
Q,all_blocks,centered,201,9.527195652481169e-05,0
Q,all_blocks,centered,202,9.516734280623496e-05,0
Q,all_blocks,centered,203,9.486512863077223e-05,0
Q,all_blocks,centered,204,9.48273009271361e-05,0
Q,all_blocks,centered,205,9.420392598258331e-05,0
Q,all_blocks,centered,206,9.382792632095516e-05,0
Q,all_blocks,centered,207,9.35986390686594e-05,0
Q,all_blocks,centered,208,9.357200178783387e-05,0
Q,all_blocks,centered,209,9.318720549345016e-05,0
Q,all_blocks,centered,210,9.286354179494083e-05,0
Q,all_blocks,centered,211,9.277974459109828e-05,0
Q,all_blocks,centered,212,9.251494338968769e-05,0
Q,all_blocks,centered,213,9.241105726687238e-05,0
Q,all_blocks,centered,214,9.204801608575508e-05,0
Q,all_blocks,centered,215,9.186026727547869e-05,0
Q,all_blocks,centered,216,9.152480197371915e-05,0
Q,all_blocks,centered,217,9.125241922447458e-05,0
Q,all_blocks,centered,218,9.118597517954186e-05,0
Q,all_blocks,centered,219,9.107742516789585e-05,0
Q,all_blocks,centered,220,9.043314639711753e-05,0
Q,all_blocks,centered,221,9.038680582307279e-05,0
Q,all_blocks,centered,222,9.018908167490736e-05,0
Q,all_blocks,centered,223,8.99542064871639e-05,0
Q,all_blocks,centered,224,8.957412501331419e-05,0
Q,all_blocks,centered,225,8.939376857597381e-05,0
Q,all_blocks,centered,226,8.899800741346553e-05,0
Q,all_blocks,centered,227,8.867974975146353e-05,0
Q,all_blocks,centered,228,8.851422899169847e-05,0
Q,all_blocks,centered,229,8.826435805531219e-05,0
Q,all_blocks,centered,230,8.792741573415697e-05,0
Q,all_blocks,centered,231,8.772571891313419e-05,0
Q,all_blocks,centered,232,8.758583862800151e-05,0
Q,all_blocks,centered,233,8.73292374308221e-05,0
Q,all_blocks,centered,234,8.725283987587318e-05,0
Q,all_blocks,centered,235,8.710702240932733e-05,0
Q,all_blocks,centered,236,8.660335879540071e-05,0
Q,all_blocks,centered,237,8.631130185676739e-05,0
Q,all_blocks,centered,238,8.620521839475259e-05,0
Q,all_blocks,centered,239,8.591454388806596e-05,0
Q,all_blocks,centered,240,8.580508438171819e-05,0
Q,all_blocks,centered,241,8.545619493816048e-05,0
Q,all_blocks,centered,242,8.530802733730525e-05,0
Q,all_blocks,centered,243,8.502279524691403e-05,0
Q,all_blocks,centered,244,8.484098361805081e-05,0
Q,all_blocks,centered,245,8.465634164167568e-05,0
Q,all_blocks,centered,246,8.444234845228493e-05,0
Q,all_blocks,centered,247,8.436061762040481e-05,0
Q,all_blocks,centered,248,8.40863140183501e-05,0
Q,all_blocks,centered,249,8.384522516280413e-05,0
Q,all_blocks,centered,250,8.36962935863994e-05,0
Q,all_blocks,centered,251,8.333077130373567e-05,0
Q,all_blocks,centered,252,8.287436503451318e-05,0
Q,all_blocks,centered,253,8.28047122922726e-05,0
Q,all_blocks,centered,254,8.269849058706313e-05,0
Q,all_blocks,centered,255,8.248847007052973e-05,0
Q,all_blocks,centered,256,8.238927694037557e-05,0
Q,all_blocks,centered,257,8.215272828238085e-05,0
Q,all_blocks,centered,258,8.210101077565923e-05,0
Q,all_blocks,centered,259,8.189473737729713e-05,0
Q,all_blocks,centered,260,8.158988930517808e-05,0
Q,all_blocks,centered,261,8.151598740369081e-05,0
Q,all_blocks,centered,262,8.126880129566416e-05,0
Q,all_blocks,centered,263,8.119098492898047e-05,0
Q,all_blocks,centered,264,8.098388934740797e-05,0
Q,all_blocks,centered,265,8.061461994657293e-05,0
Q,all_blocks,centered,266,8.055139187490568e-05,0
Q,all_blocks,centered,267,8.031228207983077e-05,0
Q,all_blocks,centered,268,8.011797035578638e-05,0
Q,all_blocks,centered,269,7.998853834578767e-05,0
Q,all_blocks,centered,270,7.97860775492154e-05,0
Q,all_blocks,centered,271,7.958460628287867e-05,0
Q,all_blocks,centered,272,7.954696047818288e-05,0
Q,all_blocks,centered,273,7.930523861432448e-05,0
Q,all_blocks,centered,274,7.909074338385835e-05,0
Q,all_blocks,centered,275,7.896199531387538e-05,0
Q,all_blocks,centered,276,7.872435526223853e-05,0
Q,all_blocks,centered,277,7.84403964644298e-05,0
Q,all_blocks,centered,278,7.827667286619544e-05,0
Q,all_blocks,centered,279,7.817448204150423e-05,0
Q,all_blocks,centered,280,7.793679105816409e-05,0
Q,all_blocks,centered,281,7.748902862658724e-05,0
Q,all_blocks,centered,282,7.721694419160485e-05,0
Q,all_blocks,centered,283,7.704293966526166e-05,0
Q,all_blocks,centered,284,7.69473408581689e-05,0
Q,all_blocks,centered,285,7.688612822676077e-05,0
Q,all_blocks,centered,286,7.653942884644493e-05,0
Q,all_blocks,centered,287,7.639979594387114e-05,0
Q,all_blocks,centered,288,7.622431439813226e-05,0
Q,all_blocks,centered,289,7.613920024596155e-05,0
Q,all_blocks,centered,290,7.600906246807426e-05,0
Q,all_blocks,centered,291,7.573419134132564e-05,0
Q,all_blocks,centered,292,7.564930274384096e-05,0
Q,all_blocks,centered,293,7.527803973061964e-05,0
Q,all_blocks,centered,294,7.518628990510479e-05,0
Q,all_blocks,centered,295,7.498774357372895e-05,0
Q,all_blocks,centered,296,7.495852332795039e-05,0
Q,all_blocks,centered,297,7.466319220839068e-05,0
Q,all_blocks,centered,298,7.444398215739056e-05,0
Q,all_blocks,centered,299,7.435956649715081e-05,0
Q,all_blocks,centered,300,7.432451820932329e-05,0
Q,all_blocks,centered,301,7.408941746689379e-05,0
Q,all_blocks,centered,302,7.399473543046042e-05,0
Q,all_blocks,centered,303,7.38940725568682e-05,0
Q,all_blocks,centered,304,7.381939940387383e-05,0
Q,all_blocks,centered,305,7.351095700869337e-05,0
Q,all_blocks,centered,306,7.323684258153662e-05,0
Q,all_blocks,centered,307,7.305947656277567e-05,0
Q,all_blocks,centered,308,7.283307786565274e-05,0
Q,all_blocks,centered,309,7.26991129340604e-05,0
Q,all_blocks,centered,310,7.25938007235527e-05,0
Q,all_blocks,centered,311,7.241198909468949e-05,0
Q,all_blocks,centered,312,7.22183904144913e-05,0
Q,all_blocks,centered,313,7.201638072729111e-05,0
Q,all_blocks,centered,314,7.194079807959497e-05,0
Q,all_blocks,centered,315,7.178808300523087e-05,0
Q,all_blocks,centered,316,7.162219117162749e-05,0
Q,all_blocks,centered,317,7.140680827433243e-05,0
Q,all_blocks,centered,318,7.123784598661587e-05,0
Q,all_blocks,centered,319,7.111640297807753e-05,0
Q,all_blocks,centered,320,7.088704296620563e-05,0
Q,all_blocks,centered,321,7.072335574775934e-05,0
Q,all_blocks,centered,322,7.063593511702493e-05,0
Q,all_blocks,centered,323,7.052828004816547e-05,0
Q,all_blocks,centered,324,7.032555731711909e-05,0
Q,all_blocks,centered,325,7.02322504366748e-05,0
Q,all_blocks,centered,326,6.997823220444843e-05,0
Q,all_blocks,centered,327,6.994978321017697e-05,0
Q,all_blocks,centered,328,6.9708694354631e-05,0
Q,all_blocks,centered,329,6.9572648499161e-05,0
Q,all_blocks,centered,330,6.946823123143986e-05,0
Q,all_blocks,centered,331,6.943097105249763e-05,0
Q,all_blocks,centered,332,6.91927780280821e-05,0
Q,all_blocks,centered,333,6.897930870763958e-05,0
Q,all_blocks,centered,334,6.886979099363089e-05,0
Q,all_blocks,centered,335,6.863732414785773e-05,0
Q,all_blocks,centered,336,6.85062404954806e-05,0
Q,all_blocks,centered,337,6.836041575297713e-05,0
Q,all_blocks,centered,338,6.823161675129086e-05,0
Q,all_blocks,centered,339,6.81003148201853e-05,0
Q,all_blocks,centered,340,6.796800880692899e-05,0
Q,all_blocks,centered,341,6.777267117286101e-05,0
Q,all_blocks,centered,342,6.759441748727113e-05,0
Q,all_blocks,centered,343,6.754505739081651e-05,0
Q,all_blocks,centered,344,6.737262447131798e-05,0
Q,all_blocks,centered,345,6.729564483975992e-05,0
Q,all_blocks,centered,346,6.702460814267397e-05,0
Q,all_blocks,centered,347,6.690533336950466e-05,0
Q,all_blocks,centered,348,6.676342309219763e-05,0
Q,all_blocks,centered,349,6.657792982878163e-05,0
Q,all_blocks,centered,350,6.647867849096656e-05,0
Q,all_blocks,centered,351,6.646852125413716e-05,0
Q,all_blocks,centered,352,6.639455386903137e-05,0
Q,all_blocks,centered,353,6.629596464335918e-05,0
Q,all_blocks,centered,354,6.595746526727453e-05,0
Q,all_blocks,centered,355,6.577440217370167e-05,0
Q,all_blocks,centered,356,6.56076954328455e-05,0
Q,all_blocks,centered,357,6.554010906256735e-05,0
Q,all_blocks,centered,358,6.534020212711766e-05,0
Q,all_blocks,centered,359,6.523312185890973e-05,0
Q,all_blocks,centered,360,6.483495235443115e-05,0
Q,all_blocks,centered,361,6.45839681965299e-05,0
Q,all_blocks,centered,362,6.455660331994295e-05,0
Q,all_blocks,centered,363,6.443573511205614e-05,0
Q,all_blocks,centered,364,6.429363565985113e-05,0
Q,all_blocks,centered,365,6.409836350940168e-05,0
Q,all_blocks,centered,366,6.394718366209418e-05,0
Q,all_blocks,centered,367,6.38590645394288e-05,0
Q,all_blocks,centered,368,6.371637573465705e-05,0
Q,all_blocks,centered,369,6.359167309710756e-05,0
Q,all_blocks,centered,370,6.354322249535471e-05,0
Q,all_blocks,centered,371,6.346387817757204e-05,0
Q,all_blocks,centered,372,6.325843423837796e-05,0
Q,all_blocks,centered,373,6.304769340204075e-05,0
Q,all_blocks,centered,374,6.29153146292083e-05,0
Q,all_blocks,centered,375,6.287678115768358e-05,0
Q,all_blocks,centered,376,6.282331742113456e-05,0
Q,all_blocks,centered,377,6.260781083256006e-05,0
Q,all_blocks,centered,378,6.245931581361219e-05,0
Q,all_blocks,centered,379,6.236474291654304e-05,0
Q,all_blocks,centered,380,6.232994928723201e-05,0
Q,all_blocks,centered,381,6.218470662133768e-05,0
Q,all_blocks,centered,382,6.20074279140681e-05,0
Q,all_blocks,centered,383,6.174758891575038e-05,0
Q,all_blocks,centered,384,6.16802935837768e-05,0
Q,all_blocks,centered,385,6.154923903523013e-05,0
Q,all_blocks,centered,386,6.137701711850241e-05,0
Q,all_blocks,centered,387,6.116974691394717e-05,0
Q,all_blocks,centered,388,6.10930728726089e-05,0
Q,all_blocks,centered,389,6.095607022871263e-05,0
Q,all_blocks,centered,390,6.0848004068247974e-05,0
Q,all_blocks,centered,391,6.07817382842768e-05,0
Q,all_blocks,centered,392,6.060117084416561e-05,0
Q,all_blocks,centered,393,6.0379388742148876e-05,0
Q,all_blocks,centered,394,6.02652107772883e-05,0
Q,all_blocks,centered,395,6.022462184773758e-05,0
Q,all_blocks,centered,396,5.997706830385141e-05,0
Q,all_blocks,centered,397,5.992185469949618e-05,0
Q,all_blocks,centered,398,5.984213203191757e-05,0
Q,all_blocks,centered,399,5.962308932794258e-05,0
Q,all_blocks,centered,400,5.953633808530867e-05,0
Q,all_blocks,centered,401,5.948157195234671e-05,0
Q,all_blocks,centered,402,5.927977690589614e-05,0
Q,all_blocks,centered,403,5.9270041674608365e-05,0
Q,all_blocks,centered,404,5.9103596868226305e-05,0
Q,all_blocks,centered,405,5.895342837902717e-05,0
Q,all_blocks,centered,406,5.882793993805535e-05,0
Q,all_blocks,centered,407,5.872188194189221e-05,0
Q,all_blocks,centered,408,5.860034434590489e-05,0
Q,all_blocks,centered,409,5.842603059136309e-05,0
Q,all_blocks,centered,410,5.8355821238365024e-05,0
Q,all_blocks,centered,411,5.826643973705359e-05,0
Q,all_blocks,centered,412,5.818966019432992e-05,0
Q,all_blocks,centered,413,5.800255894428119e-05,0
Q,all_blocks,centered,414,5.794460594188422e-05,0
Q,all_blocks,centered,415,5.7713070418685675e-05,0
Q,all_blocks,centered,416,5.771198630100116e-05,0
Q,all_blocks,centered,417,5.760193744208664e-05,0
Q,all_blocks,centered,418,5.746588794863783e-05,0
Q,all_blocks,centered,419,5.740490814787336e-05,0
Q,all_blocks,centered,420,5.726235031033866e-05,0
Q,all_blocks,centered,421,5.717137537430972e-05,0
Q,all_blocks,centered,422,5.7067154557444155e-05,0
Q,all_blocks,centered,423,5.701908958144486e-05,0
Q,all_blocks,centered,424,5.691168553312309e-05,0
Q,all_blocks,centered,425,5.6677963584661484e-05,0
Q,all_blocks,centered,426,5.652719482895918e-05,0
Q,all_blocks,centered,427,5.643890472128987e-05,0
Q,all_blocks,centered,428,5.640787640004419e-05,0
Q,all_blocks,centered,429,5.629279257846065e-05,0
Q,all_blocks,centered,430,5.6153021432692185e-05,0
Q,all_blocks,centered,431,5.5875207181088626e-05,0
Q,all_blocks,centered,432,5.585316102951765e-05,0
Q,all_blocks,centered,433,5.582131780101918e-05,0
Q,all_blocks,centered,434,5.5727126891724765e-05,0
Q,all_blocks,centered,435,5.556810356210917e-05,0
Q,all_blocks,centered,436,5.5482651077909395e-05,0
Q,all_blocks,centered,437,5.52701203559991e-05,0
Q,all_blocks,centered,438,5.512891584658064e-05,0
Q,all_blocks,centered,439,5.502886779140681e-05,0
Q,all_blocks,centered,440,5.500427141669206e-05,0
Q,all_blocks,centered,441,5.4865908168721944e-05,0
Q,all_blocks,centered,442,5.4748859838582575e-05,0
Q,all_blocks,centered,443,5.4653803090332076e-05,0
Q,all_blocks,centered,444,5.452632831293158e-05,0
Q,all_blocks,centered,445,5.450033859233372e-05,0
Q,all_blocks,centered,446,5.431726822280325e-05,0
Q,all_blocks,centered,447,5.418813816504553e-05,0
Q,all_blocks,centered,448,5.4096504754852504e-05,0
Q,all_blocks,centered,449,5.398397843237035e-05,0
Q,all_blocks,centered,450,5.388021236285567e-05,0
Q,all_blocks,centered,451,5.382349627325311e-05,0
Q,all_blocks,centered,452,5.370184953790158e-05,0
Q,all_blocks,centered,453,5.3644202125724405e-05,0
Q,all_blocks,centered,454,5.3465209930436686e-05,0
Q,all_blocks,centered,455,5.3340059821493924e-05,0
Q,all_blocks,centered,456,5.325919482856989e-05,0
Q,all_blocks,centered,457,5.3107116400497034e-05,0
Q,all_blocks,centered,458,5.289725959300995e-05,0
Q,all_blocks,centered,459,5.2821211284026504e-05,0
Q,all_blocks,centered,460,5.278755270410329e-05,0
Q,all_blocks,centered,461,5.267425876809284e-05,0
Q,all_blocks,centered,462,5.266351217869669e-05,0
Q,all_blocks,centered,463,5.24934075656347e-05,0
Q,all_blocks,centered,464,5.24409806530457e-05,0
Q,all_blocks,centered,465,5.2314633649075404e-05,0
Q,all_blocks,centered,466,5.2142171625746414e-05,0
Q,all_blocks,centered,467,5.2087405492784455e-05,0
Q,all_blocks,centered,468,5.199937004363164e-05,0
Q,all_blocks,centered,469,5.1846032874891534e-05,0
Q,all_blocks,centered,470,5.174815305508673e-05,0
Q,all_blocks,centered,471,5.165083712199703e-05,0
Q,all_blocks,centered,472,5.160385262570344e-05,0
Q,all_blocks,centered,473,5.146497642272152e-05,0
Q,all_blocks,centered,474,5.140931534697302e-05,0
Q,all_blocks,centered,475,5.1291393901919946e-05,0
Q,all_blocks,centered,476,5.113861698191613e-05,0
Q,all_blocks,centered,477,5.109010817250237e-05,0
Q,all_blocks,centered,478,5.097482062410563e-05,0
Q,all_blocks,centered,479,5.088869511382654e-05,0
Q,all_blocks,centered,480,5.080019400338642e-05,0
Q,all_blocks,centered,481,5.063925345893949e-05,0
Q,all_blocks,centered,482,5.0563521654112265e-05,0
Q,all_blocks,centered,483,5.043642522650771e-05,0
Q,all_blocks,centered,484,5.0412912969477475e-05,0
Q,all_blocks,centered,485,5.031955151935108e-05,0
Q,all_blocks,centered,486,5.016955401515588e-05,0
Q,all_blocks,centered,487,5.006905848858878e-05,0
Q,all_blocks,centered,488,4.994847040507011e-05,0
Q,all_blocks,centered,489,4.983462349628098e-05,0
Q,all_blocks,centered,490,4.970658119418658e-05,0
Q,all_blocks,centered,491,4.959393118042499e-05,0
Q,all_blocks,centered,492,4.955989061272703e-05,0
Q,all_blocks,centered,493,4.9379017582396045e-05,0
Q,all_blocks,centered,494,4.9298861995339394e-05,0
Q,all_blocks,centered,495,4.9212761950911954e-05,0
Q,all_blocks,centered,496,4.9156031309394166e-05,0
Q,all_blocks,centered,497,4.9095026042778045e-05,0
Q,all_blocks,centered,498,4.8828685976332054e-05,0
Q,all_blocks,centered,499,4.87644829263445e-05,0
Q,all_blocks,centered,500,4.8662452172720805e-05,0
Q,all_blocks,centered,501,4.85938107885886e-05,0
Q,all_blocks,centered,502,4.8484234866918996e-05,0
Q,all_blocks,centered,503,4.835533763980493e-05,0
Q,all_blocks,centered,504,4.83220792375505e-05,0
Q,all_blocks,centered,505,4.831180922337808e-05,0
Q,all_blocks,centered,506,4.820575486519374e-05,0
Q,all_blocks,centered,507,4.819677633349784e-05,0
Q,all_blocks,centered,508,4.805222852155566e-05,0
Q,all_blocks,centered,509,4.800381793756969e-05,0
Q,all_blocks,centered,510,4.776802597916685e-05,0
Q,all_blocks,centered,511,4.771392195834778e-05,0
Q,all_blocks,centered,512,4.766908386955038e-05,0
Q,all_blocks,centered,513,4.755059853778221e-05,0
Q,all_blocks,centered,514,4.738941788673401e-05,0
Q,all_blocks,centered,515,4.7285720938816667e-05,0
Q,all_blocks,centered,516,4.7191741032293066e-05,0
Q,all_blocks,centered,517,4.7168938181130216e-05,0
Q,all_blocks,centered,518,4.6978813770692796e-05,0
Q,all_blocks,centered,519,4.684924351749942e-05,0
Q,all_blocks,centered,520,4.672091381507926e-05,0
Q,all_blocks,centered,521,4.6659570216434076e-05,0
Q,all_blocks,centered,522,4.661601269617677e-05,0
Q,all_blocks,centered,523,4.645614171749912e-05,0
Q,all_blocks,centered,524,4.6418361307587475e-05,0
Q,all_blocks,centered,525,4.6407276386162266e-05,0
Q,all_blocks,centered,526,4.62744283140637e-05,0
Q,all_blocks,centered,527,4.615924262907356e-05,0
Q,all_blocks,centered,528,4.6100030886009336e-05,0
Q,all_blocks,centered,529,4.601895489031449e-05,0
Q,all_blocks,centered,530,4.5952248910907656e-05,0
Q,all_blocks,centered,531,4.593439007294364e-05,0
Q,all_blocks,centered,532,4.576406718115322e-05,0
Q,all_blocks,centered,533,4.5632608816958964e-05,0
Q,all_blocks,centered,534,4.553108738036826e-05,0
Q,all_blocks,centered,535,4.5503002183977515e-05,0
Q,all_blocks,centered,536,4.539527799352072e-05,0
Q,all_blocks,centered,537,4.526505290414207e-05,0
Q,all_blocks,centered,538,4.524620089796372e-05,0
Q,all_blocks,centered,539,4.509040809352882e-05,0
Q,all_blocks,centered,540,4.501035436987877e-05,0
Q,all_blocks,centered,541,4.485808312892914e-05,0
Q,all_blocks,centered,542,4.478042683331296e-05,0
Q,all_blocks,centered,543,4.4730073568644e-05,0
Q,all_blocks,centered,544,4.4672317017102614e-05,0
Q,all_blocks,centered,545,4.458937110030092e-05,0
Q,all_blocks,centered,546,4.451795757631771e-05,0
Q,all_blocks,centered,547,4.448726394912228e-05,0
Q,all_blocks,centered,548,4.436354720382951e-05,0
Q,all_blocks,centered,549,4.4343916670186445e-05,0
Q,all_blocks,centered,550,4.4214812078280374e-05,0
Q,all_blocks,centered,551,4.416492811287753e-05,0
Q,all_blocks,centered,552,4.4052943849237636e-05,0
Q,all_blocks,centered,553,4.3977903260383755e-05,0
Q,all_blocks,centered,554,4.389911555335857e-05,0
Q,all_blocks,centered,555,4.3836855184054e-05,0
Q,all_blocks,centered,556,4.3691459723049775e-05,0
Q,all_blocks,centered,557,4.356604040367529e-05,0
Q,all_blocks,centered,558,4.350478047854267e-05,0
Q,all_blocks,centered,559,4.341637759353034e-05,0
Q,all_blocks,centered,560,4.335694029578008e-05,0
Q,all_blocks,centered,561,4.326116686570458e-05,0
Q,all_blocks,centered,562,4.315233672969043e-05,0
Q,all_blocks,centered,563,4.310047734179534e-05,0
Q,all_blocks,centered,564,4.2990541260223836e-05,0
Q,all_blocks,centered,565,4.292939411243424e-05,0
Q,all_blocks,centered,566,4.289620483177714e-05,0
Q,all_blocks,centered,567,4.2746542021632195e-05,0
Q,all_blocks,centered,568,4.2665695218602195e-05,0
Q,all_blocks,centered,569,4.2583600588841364e-05,0
Q,all_blocks,centered,570,4.25215985160321e-05,0
Q,all_blocks,centered,571,4.234493098920211e-05,0
Q,all_blocks,centered,572,4.230687773087993e-05,0
Q,all_blocks,centered,573,4.218027606839314e-05,0
Q,all_blocks,centered,574,4.2170875531155616e-05,0
Q,all_blocks,centered,575,4.1960036469390616e-05,0
Q,all_blocks,centered,576,4.188802631688304e-05,0
Q,all_blocks,centered,577,4.187330705462955e-05,0
Q,all_blocks,centered,578,4.1777180740609765e-05,0
Q,all_blocks,centered,579,4.176336369710043e-05,0
Q,all_blocks,centered,580,4.170185638940893e-05,0
Q,all_blocks,centered,581,4.1674706153571606e-05,0
Q,all_blocks,centered,582,4.1604544094298035e-05,0
Q,all_blocks,centered,583,4.1406376112718135e-05,0
Q,all_blocks,centered,584,4.12788285757415e-05,0
Q,all_blocks,centered,585,4.122201426071115e-05,0
Q,all_blocks,centered,586,4.111033194931224e-05,0
Q,all_blocks,centered,587,4.108431676286273e-05,0
Q,all_blocks,centered,588,4.101430386072025e-05,0
Q,all_blocks,centered,589,4.0956841985462233e-05,0
Q,all_blocks,centered,590,4.0845858165994287e-05,0
Q,all_blocks,centered,591,4.0689923480385914e-05,0
Q,all_blocks,centered,592,4.055856334161945e-05,0
Q,all_blocks,centered,593,4.05260143452324e-05,0
Q,all_blocks,centered,594,4.050942516187206e-05,0
Q,all_blocks,centered,595,4.0483973862137645e-05,0
Q,all_blocks,centered,596,4.0400063880952075e-05,0
Q,all_blocks,centered,597,4.030885247630067e-05,0
Q,all_blocks,centered,598,4.027076283819042e-05,0
Q,all_blocks,centered,599,4.021130735054612e-05,0
Q,all_blocks,centered,600,4.006444214610383e-05,0
Q,all_blocks,centered,601,3.9950813516043127e-05,0
Q,all_blocks,centered,602,3.994988219346851e-05,0
Q,all_blocks,centered,603,3.985038347309455e-05,0
Q,all_blocks,centered,604,3.983392889495008e-05,0
Q,all_blocks,centered,605,3.977179221692495e-05,0
Q,all_blocks,centered,606,3.9706737879896536e-05,0
Q,all_blocks,centered,607,3.959845707868226e-05,0
Q,all_blocks,centered,608,3.9485115848947316e-05,0
Q,all_blocks,centered,609,3.937785004382022e-05,0
Q,all_blocks,centered,610,3.9375812775688246e-05,0
Q,all_blocks,centered,611,3.9315105823334306e-05,0
Q,all_blocks,centered,612,3.919123992091045e-05,0
Q,all_blocks,centered,613,3.918585571227595e-05,0
Q,all_blocks,centered,614,3.899681905750185e-05,0
Q,all_blocks,centered,615,3.8918358768569306e-05,0
Q,all_blocks,centered,616,3.8878344639670104e-05,0
Q,all_blocks,centered,617,3.878372081089765e-05,0
Q,all_blocks,centered,618,3.87301406590268e-05,0
Q,all_blocks,centered,619,3.8703241443727165e-05,0
Q,all_blocks,centered,620,3.865226244670339e-05,0
Q,all_blocks,centered,621,3.8541424146387726e-05,0
Q,all_blocks,centered,622,3.847976404358633e-05,0
Q,all_blocks,centered,623,3.837099939119071e-05,0
Q,all_blocks,centered,624,3.833122900687158e-05,0
Q,all_blocks,centered,625,3.8219404814299196e-05,0
Q,all_blocks,centered,626,3.8156162190716714e-05,0
Q,all_blocks,centered,627,3.81019817723427e-05,0
Q,all_blocks,centered,628,3.800010017585009e-05,0
Q,all_blocks,centered,629,3.7902529584243894e-05,0
Q,all_blocks,centered,630,3.78827317035757e-05,0
Q,all_blocks,centered,631,3.781492341659032e-05,0
Q,all_blocks,centered,632,3.7770951166749e-05,0
Q,all_blocks,centered,633,3.772350828512572e-05,0
Q,all_blocks,centered,634,3.7711015465902165e-05,0
Q,all_blocks,centered,635,3.75215859094169e-05,0
Q,all_blocks,centered,636,3.7423444155137986e-05,0
Q,all_blocks,centered,637,3.7414651160361245e-05,0
Q,all_blocks,centered,638,3.7336783861974254e-05,0
Q,all_blocks,centered,639,3.717915024026297e-05,0
Q,all_blocks,centered,640,3.708454823936336e-05,0
Q,all_blocks,centered,641,3.7066736695123836e-05,0
Q,all_blocks,centered,642,3.6930490750819445e-05,0
Q,all_blocks,centered,643,3.687087519210763e-05,0
Q,all_blocks,centered,644,3.6812067264690995e-05,0
Q,all_blocks,centered,645,3.674975232570432e-05,0
Q,all_blocks,centered,646,3.6669214750872925e-05,0
Q,all_blocks,centered,647,3.660514994408004e-05,0
Q,all_blocks,centered,648,3.6506011383607984e-05,0
Q,all_blocks,centered,649,3.6460027331486344e-05,0
Q,all_blocks,centered,650,3.6406738217920065e-05,0
Q,all_blocks,centered,651,3.627125988714397e-05,0
Q,all_blocks,centered,652,3.623112206696533e-05,0
Q,all_blocks,centered,653,3.6196084693074226e-05,0
Q,all_blocks,centered,654,3.61598540621344e-05,0
Q,all_blocks,centered,655,3.60316080332268e-05,0
Q,all_blocks,centered,656,3.595658563426696e-05,0
Q,all_blocks,centered,657,3.586809179978445e-05,0
Q,all_blocks,centered,658,3.584962178138085e-05,0
Q,all_blocks,centered,659,3.575515074771829e-05,0
Q,all_blocks,centered,660,3.568246029317379e-05,0
Q,all_blocks,centered,661,3.5635555832413957e-05,0
Q,all_blocks,centered,662,3.5558339732233435e-05,0
Q,all_blocks,centered,663,3.5535133065423e-05,0
Q,all_blocks,centered,664,3.5507564462022856e-05,0
Q,all_blocks,centered,665,3.541493424563669e-05,0
Q,all_blocks,centered,666,3.5377874155528843e-05,0
Q,all_blocks,centered,667,3.523832492646761e-05,0
Q,all_blocks,centered,668,3.506312350509688e-05,0
Q,all_blocks,centered,669,3.5025255783693865e-05,0
Q,all_blocks,centered,670,3.495307464618236e-05,0
Q,all_blocks,centered,671,3.490724338917062e-05,0
Q,all_blocks,centered,672,3.484373155515641e-05,0
Q,all_blocks,centered,673,3.477356585790403e-05,0
Q,all_blocks,centered,674,3.477091377135366e-05,0
Q,all_blocks,centered,675,3.467425995040685e-05,0
Q,all_blocks,centered,676,3.460107836872339e-05,0
Q,all_blocks,centered,677,3.453501994954422e-05,0
Q,all_blocks,centered,678,3.446456685196608e-05,0
Q,all_blocks,centered,679,3.441035732976161e-05,0
Q,all_blocks,centered,680,3.4358025004621595e-05,0
Q,all_blocks,centered,681,3.434721293160692e-05,0
Q,all_blocks,centered,682,3.424297392484732e-05,0
Q,all_blocks,centered,683,3.4146796679124236e-05,0
Q,all_blocks,centered,684,3.413790909689851e-05,0
Q,all_blocks,centered,685,3.406983523746021e-05,0
Q,all_blocks,centered,686,3.4030603274004534e-05,0
Q,all_blocks,centered,687,3.39333237207029e-05,0
Q,all_blocks,centered,688,3.388869663467631e-05,0
Q,all_blocks,centered,689,3.37837336701341e-05,0
Q,all_blocks,centered,690,3.37264864356257e-05,0
Q,all_blocks,centered,691,3.365592783666216e-05,0
Q,all_blocks,centered,692,3.358108369866386e-05,0
Q,all_blocks,centered,693,3.349614416947588e-05,0
Q,all_blocks,centered,694,3.347748861415312e-05,0
Q,all_blocks,centered,695,3.337168163852766e-05,0
Q,all_blocks,centered,696,3.334272696520202e-05,0
Q,all_blocks,centered,697,3.32554081978742e-05,0
Q,all_blocks,centered,698,3.3194100979017094e-05,0
Q,all_blocks,centered,699,3.306203143438324e-05,0
Q,all_blocks,centered,700,3.301646211184561e-05,0
Q,all_blocks,centered,701,3.2961794204311445e-05,0
Q,all_blocks,centered,702,3.2918964279815555e-05,0
Q,all_blocks,centered,703,3.282727993791923e-05,0
Q,all_blocks,centered,704,3.273444599471986e-05,0
Q,all_blocks,centered,705,3.273197580710985e-05,0
Q,all_blocks,centered,706,3.266554631409235e-05,0
Q,all_blocks,centered,707,3.256745185353793e-05,0
Q,all_blocks,centered,708,3.244831532356329e-05,0
Q,all_blocks,centered,709,3.240905425627716e-05,0
Q,all_blocks,centered,710,3.238721546949819e-05,0
Q,all_blocks,centered,711,3.230143920518458e-05,0
Q,all_blocks,centered,712,3.222177838324569e-05,0
Q,all_blocks,centered,713,3.215753531549126e-05,0
Q,all_blocks,centered,714,3.210503200534731e-05,0
Q,all_blocks,centered,715,3.207306144759059e-05,0
Q,all_blocks,centered,716,3.192643998772837e-05,0
Q,all_blocks,centered,717,3.1870436941972e-05,0
Q,all_blocks,centered,718,3.1811301596462727e-05,0
Q,all_blocks,centered,719,3.177000326104462e-05,0
Q,all_blocks,centered,720,3.1735311495140195e-05,0
Q,all_blocks,centered,721,3.167446993757039e-05,0
Q,all_blocks,centered,722,3.1662584660807624e-05,0
Q,all_blocks,centered,723,3.154258956783451e-05,0
Q,all_blocks,centered,724,3.150187330902554e-05,0
Q,all_blocks,centered,725,3.1437572033610195e-05,0
Q,all_blocks,centered,726,3.137470775982365e-05,0
Q,all_blocks,centered,727,3.129709875793196e-05,0
Q,all_blocks,centered,728,3.1278006645152345e-05,0
Q,all_blocks,centered,729,3.113893399131484e-05,0
Q,all_blocks,centered,730,3.105115320067853e-05,0
Q,all_blocks,centered,731,3.102681148448028e-05,0
Q,all_blocks,centered,732,3.099342211498879e-05,0
Q,all_blocks,centered,733,3.089255187660456e-05,0
Q,all_blocks,centered,734,3.085408025071956e-05,0
Q,all_blocks,centered,735,3.080519672948867e-05,0
Q,all_blocks,centered,736,3.072780600632541e-05,0
Q,all_blocks,centered,737,3.0690171115566045e-05,0
Q,all_blocks,centered,738,3.060404924326576e-05,0
Q,all_blocks,centered,739,3.055662091355771e-05,0
Q,all_blocks,centered,740,3.0450415579252876e-05,0
Q,all_blocks,centered,741,3.0434990549110807e-05,0
Q,all_blocks,centered,742,3.040519186470192e-05,0
Q,all_blocks,centered,743,3.0318293283926323e-05,0
Q,all_blocks,centered,744,3.0250836061895825e-05,0
Q,all_blocks,centered,745,3.0212349884095602e-05,0
Q,all_blocks,centered,746,3.0076784241828136e-05,0
Q,all_blocks,centered,747,3.0007513487362303e-05,0
Q,all_blocks,centered,748,2.9989943868713453e-05,0
Q,all_blocks,centered,749,2.9966337024234235e-05,0
Q,all_blocks,centered,750,2.9909924705862068e-05,0
Q,all_blocks,centered,751,2.988515370816458e-05,0
Q,all_blocks,centered,752,2.973277514684014e-05,0
Q,all_blocks,centered,753,2.967620275740046e-05,0
Q,all_blocks,centered,754,2.966971260320861e-05,0
Q,all_blocks,centered,755,2.9588423785753548e-05,0
Q,all_blocks,centered,756,2.952187423943542e-05,0
Q,all_blocks,centered,757,2.939721707662102e-05,0
Q,all_blocks,centered,758,2.933257565018721e-05,0
Q,all_blocks,centered,759,2.924276668636594e-05,0
Q,all_blocks,centered,760,2.917379606515169e-05,0
Q,all_blocks,centered,761,2.9129931135685183e-05,0
Q,all_blocks,centered,762,2.9124683351255953e-05,0
Q,all_blocks,centered,763,2.9108410672051832e-05,0
Q,all_blocks,centered,764,2.907780981331598e-05,0
Q,all_blocks,centered,765,2.9003480449318886e-05,0
Q,all_blocks,centered,766,2.8910211767652072e-05,0
Q,all_blocks,centered,767,2.8813128665206023e-05,0
Q,all_blocks,centered,768,2.8807291528210044e-05,0
Q,all_blocks,centered,769,2.8797223421861418e-05,0
Q,all_blocks,centered,770,2.8587772249011323e-05,0
Q,all_blocks,centered,771,2.8566919354489073e-05,0
Q,all_blocks,centered,772,2.8518805265775882e-05,0
Q,all_blocks,centered,773,2.842451613105368e-05,0
Q,all_blocks,centered,774,2.838320506270975e-05,0
Q,all_blocks,centered,775,2.8328877306194045e-05,0
Q,all_blocks,centered,776,2.831991332641337e-05,0
Q,all_blocks,centered,777,2.8166168704046868e-05,0
Q,all_blocks,centered,778,2.8127560653956607e-05,0
Q,all_blocks,centered,779,2.809238685586024e-05,0
Q,all_blocks,centered,780,2.8054426365997642e-05,0
Q,all_blocks,centered,781,2.8020163881592453e-05,0
Q,all_blocks,centered,782,2.7953108656220138e-05,0
Q,all_blocks,centered,783,2.788605706882663e-05,0
Q,all_blocks,centered,784,2.7846359444083646e-05,0
Q,all_blocks,centered,785,2.7775997295975685e-05,0
Q,all_blocks,centered,786,2.7699978090822697e-05,0
Q,all_blocks,centered,787,2.7662574211717583e-05,0
Q,all_blocks,centered,788,2.761493669822812e-05,0
Q,all_blocks,centered,789,2.7534990294952877e-05,0
Q,all_blocks,centered,790,2.7504962417879142e-05,0
Q,all_blocks,centered,791,2.741437310760375e-05,0
Q,all_blocks,centered,792,2.7367786969989538e-05,0
Q,all_blocks,centered,793,2.7314285034663044e-05,0
Q,all_blocks,centered,794,2.731199492700398e-05,0
Q,all_blocks,centered,795,2.716558810789138e-05,0
Q,all_blocks,centered,796,2.7100939405499958e-05,0
Q,all_blocks,centered,797,2.7059155399911106e-05,0
Q,all_blocks,centered,798,2.7032147045247257e-05,0
Q,all_blocks,centered,799,2.6983818315784447e-05,0
Q,all_blocks,centered,800,2.6930960302706808e-05,0
Q,all_blocks,centered,801,2.6885205443250015e-05,0
Q,all_blocks,centered,802,2.683431921468582e-05,0
Q,all_blocks,centered,803,2.6759316824609414e-05,0
Q,all_blocks,centered,804,2.672148730198387e-05,0
Q,all_blocks,centered,805,2.6698508008848876e-05,0
Q,all_blocks,centered,806,2.663393024704419e-05,0
Q,all_blocks,centered,807,2.660031896084547e-05,0
Q,all_blocks,centered,808,2.6526815418037586e-05,0
Q,all_blocks,centered,809,2.6378233087598346e-05,0
Q,all_blocks,centered,810,2.6331341359764338e-05,0
Q,all_blocks,centered,811,2.629755181260407e-05,0
Q,all_blocks,centered,812,2.6247800633427687e-05,0
Q,all_blocks,centered,813,2.6156896637985483e-05,0
Q,all_blocks,centered,814,2.609308467071969e-05,0
Q,all_blocks,centered,815,2.6054300178657286e-05,0
Q,all_blocks,centered,816,2.598497667349875e-05,0
Q,all_blocks,centered,817,2.59527860180242e-05,0
Q,all_blocks,centered,818,2.587516610219609e-05,0
Q,all_blocks,centered,819,2.5835970518528484e-05,0
Q,all_blocks,centered,820,2.5835272026597522e-05,0
Q,all_blocks,centered,821,2.5765430109458975e-05,0
Q,all_blocks,centered,822,2.5763201847439632e-05,0
Q,all_blocks,centered,823,2.570595097495243e-05,0
Q,all_blocks,centered,824,2.5642260879976675e-05,0
Q,all_blocks,centered,825,2.5601140805520117e-05,0
Q,all_blocks,centered,826,2.5508832550258376e-05,0
Q,all_blocks,centered,827,2.549002419982571e-05,0
Q,all_blocks,centered,828,2.5391946110175923e-05,0
Q,all_blocks,centered,829,2.5361718144267797e-05,0
Q,all_blocks,centered,830,2.532173675717786e-05,0
Q,all_blocks,centered,831,2.5281844500568695e-05,0
Q,all_blocks,centered,832,2.5240564355044626e-05,0
Q,all_blocks,centered,833,2.5138842829619534e-05,0
Q,all_blocks,centered,834,2.5070870833587833e-05,0
Q,all_blocks,centered,835,2.5042825654963963e-05,0
Q,all_blocks,centered,836,2.5037285013240762e-05,0
Q,all_blocks,centered,837,2.4981503884191625e-05,0
Q,all_blocks,centered,838,2.4886128812795505e-05,0
Q,all_blocks,centered,839,2.4855615265551023e-05,0
Q,all_blocks,centered,840,2.4852872229530476e-05,0
Q,all_blocks,centered,841,2.4725464754737914e-05,0
Q,all_blocks,centered,842,2.4655200832057744e-05,0
Q,all_blocks,centered,843,2.4613858840893954e-05,0
Q,all_blocks,centered,844,2.456835500197485e-05,0
Q,all_blocks,centered,845,2.444730489514768e-05,0
Q,all_blocks,centered,846,2.444337405904662e-05,0
Q,all_blocks,centered,847,2.442703043925576e-05,0
Q,all_blocks,centered,848,2.4348346414626576e-05,0
Q,all_blocks,centered,849,2.433042027405463e-05,0
Q,all_blocks,centered,850,2.4202978238463402e-05,0
Q,all_blocks,centered,851,2.414255141047761e-05,0
Q,all_blocks,centered,852,2.4128872610162944e-05,0
Q,all_blocks,centered,853,2.408177351753693e-05,0
Q,all_blocks,centered,854,2.3996193704078905e-05,0
Q,all_blocks,centered,855,2.3948659872985445e-05,0
Q,all_blocks,centered,856,2.389120163570624e-05,0
Q,all_blocks,centered,857,2.3807746401871555e-05,0
Q,all_blocks,centered,858,2.3795511879143305e-05,0
Q,all_blocks,centered,859,2.374805262661539e-05,0
Q,all_blocks,centered,860,2.3699178200331517e-05,0
Q,all_blocks,centered,861,2.3647720809094608e-05,0
Q,all_blocks,centered,862,2.361348924750928e-05,0
Q,all_blocks,centered,863,2.358750134590082e-05,0
Q,all_blocks,centered,864,2.3517897716374137e-05,0
Q,all_blocks,centered,865,2.350870636291802e-05,0
Q,all_blocks,centered,866,2.3422733647748828e-05,0
Q,all_blocks,centered,867,2.3383498046314344e-05,0
Q,all_blocks,centered,868,2.3347110982285812e-05,0
Q,all_blocks,centered,869,2.333036536583677e-05,0
Q,all_blocks,centered,870,2.3231288651004434e-05,0
Q,all_blocks,centered,871,2.322112959518563e-05,0
Q,all_blocks,centered,872,2.3162114302976988e-05,0
Q,all_blocks,centered,873,2.307744580321014e-05,0
Q,all_blocks,centered,874,2.2982949303695932e-05,0
Q,all_blocks,centered,875,2.296659476996865e-05,0
Q,all_blocks,centered,876,2.2899866962688975e-05,0
Q,all_blocks,centered,877,2.2885862563271075e-05,0
Q,all_blocks,centered,878,2.2776401237933896e-05,0
Q,all_blocks,centered,879,2.274446342198644e-05,0
Q,all_blocks,centered,880,2.2686903321300633e-05,0
Q,all_blocks,centered,881,2.2637446818407625e-05,0
Q,all_blocks,centered,882,2.2612468455918133e-05,0
Q,all_blocks,centered,883,2.2593367248191498e-05,0
Q,all_blocks,centered,884,2.248838973173406e-05,0
Q,all_blocks,centered,885,2.244953611807432e-05,0
Q,all_blocks,centered,886,2.2437365259975195e-05,0
Q,all_blocks,centered,887,2.233835039078258e-05,0
Q,all_blocks,centered,888,2.2296595489024185e-05,0
Q,all_blocks,centered,889,2.2279160475591198e-05,0
Q,all_blocks,centered,890,2.2229749447433278e-05,0
Q,all_blocks,centered,891,2.217463406850584e-05,0
Q,all_blocks,centered,892,2.2067149984650314e-05,0
Q,all_blocks,centered,893,2.2036965674487874e-05,0
Q,all_blocks,centered,894,2.1972165995975956e-05,0
Q,all_blocks,centered,895,2.192395731981378e-05,0
Q,all_blocks,centered,896,2.183870310545899e-05,0
Q,all_blocks,centered,897,2.1776791982119903e-05,0
Q,all_blocks,centered,898,2.17432916542748e-05,0
Q,all_blocks,centered,899,2.1711934095947072e-05,0
Q,all_blocks,centered,900,2.1666450265911408e-05,0
Q,all_blocks,centered,901,2.1665699023287743e-05,0
Q,all_blocks,centered,902,2.1618325263261795e-05,0
Q,all_blocks,centered,903,2.15057261812035e-05,0
Q,all_blocks,centered,904,2.1487850972334854e-05,0
Q,all_blocks,centered,905,2.1424732040031813e-05,0
Q,all_blocks,centered,906,2.139519710908644e-05,0
Q,all_blocks,centered,907,2.1353062038542703e-05,0
Q,all_blocks,centered,908,2.1295767510309815e-05,0
Q,all_blocks,centered,909,2.126911022060085e-05,0
Q,all_blocks,centered,910,2.122259684256278e-05,0
Q,all_blocks,centered,911,2.119219243468251e-05,0
Q,all_blocks,centered,912,2.113113077939488e-05,0
Q,all_blocks,centered,913,2.106388274114579e-05,0
Q,all_blocks,centered,914,2.104031591443345e-05,0
Q,all_blocks,centered,915,2.0961722839274444e-05,0
Q,all_blocks,centered,916,2.095760646625422e-05,0
Q,all_blocks,centered,917,2.0868041247013025e-05,0
Q,all_blocks,centered,918,2.0820723875658587e-05,0
Q,all_blocks,centered,919,2.0734391000587493e-05,0
Q,all_blocks,centered,920,2.0733323253807612e-05,0
Q,all_blocks,centered,921,2.07013581530191e-05,0
Q,all_blocks,centered,922,2.0602039512596093e-05,0
Q,all_blocks,centered,923,2.0546483938232996e-05,0
Q,all_blocks,centered,924,2.0527329979813658e-05,0
Q,all_blocks,centered,925,2.0477513317018747e-05,0
Q,all_blocks,centered,926,2.042230153165292e-05,0
Q,all_blocks,centered,927,2.0362698705866933e-05,0
Q,all_blocks,centered,928,2.0316905647632666e-05,0
Q,all_blocks,centered,929,2.0280867829569615e-05,0
Q,all_blocks,centered,930,2.0261470126570202e-05,0
Q,all_blocks,centered,931,2.0173160010017455e-05,0
Q,all_blocks,centered,932,2.0148263502051122e-05,0
Q,all_blocks,centered,933,2.0120465705986135e-05,0
Q,all_blocks,centered,934,2.0056291759829037e-05,0
Q,all_blocks,centered,935,2.0013867469970137e-05,0
Q,all_blocks,centered,936,1.9966209947597235e-05,0
Q,all_blocks,centered,937,1.9899860490113497e-05,0
Q,all_blocks,centered,938,1.9892308046109974e-05,0
Q,all_blocks,centered,939,1.9821998648694716e-05,0
Q,all_blocks,centered,940,1.9810933736152947e-05,0
Q,all_blocks,centered,941,1.9719003830687143e-05,0
Q,all_blocks,centered,942,1.970657285710331e-05,0
Q,all_blocks,centered,943,1.966232775885146e-05,0
Q,all_blocks,centered,944,1.966073614312336e-05,0
Q,all_blocks,centered,945,1.9529115888872184e-05,0
Q,all_blocks,centered,946,1.951605372596532e-05,0
Q,all_blocks,centered,947,1.942385279107839e-05,0
Q,all_blocks,centered,948,1.9397713913349435e-05,0
Q,all_blocks,centered,949,1.9376393538550474e-05,0
Q,all_blocks,centered,950,1.93100258911727e-05,0
Q,all_blocks,centered,951,1.926499135151971e-05,0
Q,all_blocks,centered,952,1.924939533637371e-05,0
Q,all_blocks,centered,953,1.920703289215453e-05,0
Q,all_blocks,centered,954,1.9178296497557312e-05,0
Q,all_blocks,centered,955,1.91006238310365e-05,0
Q,all_blocks,centered,956,1.9060791601077653e-05,0
Q,all_blocks,centered,957,1.9010602045455016e-05,0
Q,all_blocks,centered,958,1.9002209228347056e-05,0
Q,all_blocks,centered,959,1.8933104001916945e-05,0
Q,all_blocks,centered,960,1.890233761514537e-05,0
Q,all_blocks,centered,961,1.8795713913277723e-05,0
Q,all_blocks,centered,962,1.8773980627884157e-05,0
Q,all_blocks,centered,963,1.870546293503139e-05,0
Q,all_blocks,centered,964,1.865772355813533e-05,0
Q,all_blocks,centered,965,1.856586277426686e-05,0
Q,all_blocks,centered,966,1.8518587239668705e-05,0
Q,all_blocks,centered,967,1.8475804608897306e-05,0
Q,all_blocks,centered,968,1.8454611563356593e-05,0
Q,all_blocks,centered,969,1.8409438780508935e-05,0
Q,all_blocks,centered,970,1.8365044525125995e-05,0
Q,all_blocks,centered,971,1.8343644114793278e-05,0
Q,all_blocks,centered,972,1.824226274038665e-05,0
Q,all_blocks,centered,973,1.8237044059787877e-05,0
Q,all_blocks,centered,974,1.8193668438470922e-05,0
Q,all_blocks,centered,975,1.8130393073079176e-05,0
Q,all_blocks,centered,976,1.8122984329238534e-05,0
Q,all_blocks,centered,977,1.806581531127449e-05,0
Q,all_blocks,centered,978,1.802121551008895e-05,0
Q,all_blocks,centered,979,1.801105827325955e-05,0
Q,all_blocks,centered,980,1.79726612259401e-05,0
Q,all_blocks,centered,981,1.794773925212212e-05,0
Q,all_blocks,centered,982,1.7876653146231547e-05,0
Q,all_blocks,centered,983,1.7855212718131952e-05,0
Q,all_blocks,centered,984,1.775345481291879e-05,0
Q,all_blocks,centered,985,1.7746753655956127e-05,0
Q,all_blocks,centered,986,1.7653874238021672e-05,0
Q,all_blocks,centered,987,1.758577855071053e-05,0
Q,all_blocks,centered,988,1.75391833181493e-05,0
Q,all_blocks,centered,989,1.753013020788785e-05,0
Q,all_blocks,centered,990,1.746029192872811e-05,0
Q,all_blocks,centered,991,1.744639484968502e-05,0
Q,all_blocks,centered,992,1.7362266589771025e-05,0
Q,all_blocks,centered,993,1.733772842271719e-05,0
Q,all_blocks,centered,994,1.7307263988186605e-05,0
Q,all_blocks,centered,995,1.723977766232565e-05,0
Q,all_blocks,centered,996,1.723087189020589e-05,0
Q,all_blocks,centered,997,1.7213416867889464e-05,0
Q,all_blocks,centered,998,1.711072945909109e-05,0
Q,all_blocks,centered,999,1.708471063466277e-05,0
Q,all_blocks,centered,1000,1.7038508303812705e-05,0
Q,all_blocks,centered,1001,1.70370185514912e-05,0
Q,all_blocks,centered,1002,1.6972660887404345e-05,0
Q,all_blocks,centered,1003,1.6907977624214254e-05,0
Q,all_blocks,centered,1004,1.68540864251554e-05,0
Q,all_blocks,centered,1005,1.6823441910673864e-05,0
Q,all_blocks,centered,1006,1.6733074517105706e-05,0
Q,all_blocks,centered,1007,1.6642676200717688e-05,0
Q,all_blocks,centered,1008,1.6641537513351068e-05,0
Q,all_blocks,centered,1009,1.658506334933918e-05,0
Q,all_blocks,centered,1010,1.6554480680497363e-05,0
Q,all_blocks,centered,1011,1.6504240193171427e-05,0
Q,all_blocks,centered,1012,1.6437401427538134e-05,0
Q,all_blocks,centered,1013,1.636132219573483e-05,0
Q,all_blocks,centered,1014,1.6348254575859755e-05,0
Q,all_blocks,centered,1015,1.6343889001291245e-05,0
Q,all_blocks,centered,1016,1.631742088648025e-05,0
Q,all_blocks,centered,1017,1.622921809030231e-05,0
Q,all_blocks,centered,1018,1.618397618585732e-05,0
Q,all_blocks,centered,1019,1.612740925338585e-05,0
Q,all_blocks,centered,1020,1.611197876627557e-05,0
Q,all_blocks,centered,1021,1.606371188245248e-05,0
Q,all_blocks,centered,1022,1.5999909010133706e-05,0
Q,all_blocks,centered,1023,1.5969564628903754e-05,0
Q,all_blocks,centered,1024,1.591001455381047e-05,0
Q,all_blocks,centered,1025,1.5907728084130213e-05,0
Q,all_blocks,centered,1026,1.5765619536978193e-05,0
Q,all_blocks,centered,1027,1.5757888832013123e-05,0
Q,all_blocks,centered,1028,1.575172609591391e-05,0
Q,all_blocks,centered,1029,1.5700552467023954e-05,0
Q,all_blocks,centered,1030,1.561600947752595e-05,0
Q,all_blocks,centered,1031,1.559376141813118e-05,0
Q,all_blocks,centered,1032,1.552915455249604e-05,0
Q,all_blocks,centered,1033,1.5513282050960697e-05,0
Q,all_blocks,centered,1034,1.5457691915798932e-05,0
Q,all_blocks,centered,1035,1.5393723515444435e-05,0
Q,all_blocks,centered,1036,1.5390702174045146e-05,0
Q,all_blocks,centered,1037,1.538647666166071e-05,0
Q,all_blocks,centered,1038,1.52993670781143e-05,0
Q,all_blocks,centered,1039,1.5218515727610793e-05,0
Q,all_blocks,centered,1040,1.5209890079859179e-05,0
Q,all_blocks,centered,1041,1.5161670489760581e-05,0
Q,all_blocks,centered,1042,1.5119819181563798e-05,0
Q,all_blocks,centered,1043,1.5050758520374075e-05,0
Q,all_blocks,centered,1044,1.503032399341464e-05,0
Q,all_blocks,centered,1045,1.4922751688573044e-05,0
Q,all_blocks,centered,1046,1.4914216990291607e-05,0
Q,all_blocks,centered,1047,1.4831562111794483e-05,0
Q,all_blocks,centered,1048,1.4806762010266539e-05,0
Q,all_blocks,centered,1049,1.4764842489967123e-05,0
Q,all_blocks,centered,1050,1.4753912182641216e-05,0
Q,all_blocks,centered,1051,1.4681298125651665e-05,0
Q,all_blocks,centered,1052,1.4617026863561478e-05,0
Q,all_blocks,centered,1053,1.4568239748768974e-05,0
Q,all_blocks,centered,1054,1.452523338230094e-05,0
Q,all_blocks,centered,1055,1.4519338037644047e-05,0
Q,all_blocks,centered,1056,1.4483275663224049e-05,0
Q,all_blocks,centered,1057,1.4393991477845702e-05,0
Q,all_blocks,centered,1058,1.4355758139572572e-05,0
Q,all_blocks,centered,1059,1.4341503629111685e-05,0
Q,all_blocks,centered,1060,1.4283375094237272e-05,0
Q,all_blocks,centered,1061,1.4237027244234923e-05,0
Q,all_blocks,centered,1062,1.4231547538656741e-05,0
Q,all_blocks,centered,1063,1.4191633454174735e-05,0
Q,all_blocks,centered,1064,1.4131367606751155e-05,0
Q,all_blocks,centered,1065,1.407168383593671e-05,0
Q,all_blocks,centered,1066,1.4008752259542234e-05,0
Q,all_blocks,centered,1067,1.3973170098324772e-05,0
Q,all_blocks,centered,1068,1.3923006918048486e-05,0
Q,all_blocks,centered,1069,1.3920401215727907e-05,0
Q,all_blocks,centered,1070,1.3892902643419802e-05,0
Q,all_blocks,centered,1071,1.3875069271307439e-05,0
Q,all_blocks,centered,1072,1.3816703358315863e-05,0
Q,all_blocks,centered,1073,1.3696731912204996e-05,0
Q,all_blocks,centered,1074,1.3688152648683172e-05,0
Q,all_blocks,centered,1075,1.3619500350614544e-05,0
Q,all_blocks,centered,1076,1.360219539492391e-05,0
Q,all_blocks,centered,1077,1.354154937871499e-05,0
Q,all_blocks,centered,1078,1.3501683497452177e-05,0
Q,all_blocks,centered,1079,1.3464280527841765e-05,0
Q,all_blocks,centered,1080,1.3435086657409556e-05,0
Q,all_blocks,centered,1081,1.3370691704039928e-05,0
Q,all_blocks,centered,1082,1.3363078323891386e-05,0
Q,all_blocks,centered,1083,1.3360237062443048e-05,0
Q,all_blocks,centered,1084,1.3237136954558082e-05,0
Q,all_blocks,centered,1085,1.3184460840420797e-05,0
Q,all_blocks,centered,1086,1.316431189479772e-05,0
Q,all_blocks,centered,1087,1.3115571164235007e-05,0
Q,all_blocks,centered,1088,1.3054634109721519e-05,0
Q,all_blocks,centered,1089,1.3041512829659041e-05,0
Q,all_blocks,centered,1090,1.2955672900716309e-05,0
Q,all_blocks,centered,1091,1.2925698683829978e-05,0
Q,all_blocks,centered,1092,1.2907265045214444e-05,0
Q,all_blocks,centered,1093,1.2888177479908336e-05,0
Q,all_blocks,centered,1094,1.2847777725255582e-05,0
Q,all_blocks,centered,1095,1.2745991625706665e-05,0
Q,all_blocks,centered,1096,1.2684636203630362e-05,0
Q,all_blocks,centered,1097,1.2648230949707795e-05,0
Q,all_blocks,centered,1098,1.2590493497555144e-05,0
Q,all_blocks,centered,1099,1.2575570508488454e-05,0
Q,all_blocks,centered,1100,1.2565881661430467e-05,0
Q,all_blocks,centered,1101,1.2464422070479486e-05,0
Q,all_blocks,centered,1102,1.2440394129953347e-05,0
Q,all_blocks,centered,1103,1.2404913832142483e-05,0
Q,all_blocks,centered,1104,1.2346509720373433e-05,0
Q,all_blocks,centered,1105,1.2267141755728517e-05,0
Q,all_blocks,centered,1106,1.2265629266039468e-05,0
Q,all_blocks,centered,1107,1.2214878552185837e-05,0
Q,all_blocks,centered,1108,1.2190879715490155e-05,0
Q,all_blocks,centered,1109,1.2107311704312451e-05,0
Q,all_blocks,centered,1110,1.2085713024134748e-05,0
Q,all_blocks,centered,1111,1.2028114724671468e-05,0
Q,all_blocks,centered,1112,1.198018708237214e-05,0
Q,all_blocks,centered,1113,1.195043387269834e-05,0
Q,all_blocks,centered,1114,1.1870763046317734e-05,0
Q,all_blocks,centered,1115,1.1828186870843638e-05,0
Q,all_blocks,centered,1116,1.18074431156856e-05,0
Q,all_blocks,centered,1117,1.1757201718864962e-05,0
Q,all_blocks,centered,1118,1.173410601040814e-05,0
Q,all_blocks,centered,1119,1.1670230378513224e-05,0
Q,all_blocks,centered,1120,1.161542513727909e-05,0
Q,all_blocks,centered,1121,1.1564655324036721e-05,0
Q,all_blocks,centered,1122,1.1489892131066881e-05,0
Q,all_blocks,centered,1123,1.1449463272583671e-05,0
Q,all_blocks,centered,1124,1.1420137525419705e-05,0
Q,all_blocks,centered,1125,1.1357238690834492e-05,0
Q,all_blocks,centered,1126,1.1302331586193759e-05,0
Q,all_blocks,centered,1127,1.1231725693505723e-05,0
Q,all_blocks,centered,1128,1.1178241038578562e-05,0
Q,all_blocks,centered,1129,1.1138314221170731e-05,0
Q,all_blocks,centered,1130,1.1126961908303201e-05,0
Q,all_blocks,centered,1131,1.1087167877121828e-05,0
Q,all_blocks,centered,1132,1.1019431440217886e-05,0
Q,all_blocks,centered,1133,1.0922250112344045e-05,0
Q,all_blocks,centered,1134,1.0918770385615062e-05,0
Q,all_blocks,centered,1135,1.0867976016015746e-05,0
Q,all_blocks,centered,1136,1.0866163393075112e-05,0
Q,all_blocks,centered,1137,1.079417415894568e-05,0
Q,all_blocks,centered,1138,1.0765249498945195e-05,0
Q,all_blocks,centered,1139,1.0690228918974753e-05,0
Q,all_blocks,centered,1140,1.0679907063604333e-05,0
Q,all_blocks,centered,1141,1.0615119208523538e-05,0
Q,all_blocks,centered,1142,1.0535890396567993e-05,0
Q,all_blocks,centered,1143,1.0491328794159926e-05,0
Q,all_blocks,centered,1144,1.0414260941615794e-05,0
Q,all_blocks,centered,1145,1.0386494068370666e-05,0
Q,all_blocks,centered,1146,1.0300506801286247e-05,0
Q,all_blocks,centered,1147,1.0274663509335369e-05,0
Q,all_blocks,centered,1148,1.0261733223160263e-05,0
Q,all_blocks,centered,1149,1.0198143172601704e-05,0
Q,all_blocks,centered,1150,1.0178226148127578e-05,0
Q,all_blocks,centered,1151,1.016257556329947e-05,0
Q,all_blocks,centered,1152,1.013450491882395e-05,0
Q,all_blocks,centered,1153,1.0055449820356444e-05,0
Q,all_blocks,centered,1154,1.000442080112407e-05,0
Q,all_blocks,centered,1155,9.919843250827398e-06,0
Q,all_blocks,centered,1156,9.900282748276368e-06,0
Q,all_blocks,centered,1157,9.80769982561469e-06,0
Q,all_blocks,centered,1158,9.761519322637469e-06,0
Q,all_blocks,centered,1159,9.712945939099882e-06,0
Q,all_blocks,centered,1160,9.691730156191625e-06,0
Q,all_blocks,centered,1161,9.655129360908177e-06,0
Q,all_blocks,centered,1162,9.583687642589211e-06,0
Q,all_blocks,centered,1163,9.564426363795064e-06,0
Q,all_blocks,centered,1164,9.509449228062294e-06,0
Q,all_blocks,centered,1165,9.439857421966735e-06,0
Q,all_blocks,centered,1166,9.385410521645099e-06,0
Q,all_blocks,centered,1167,9.315501301898621e-06,0
Q,all_blocks,centered,1168,9.284878615289927e-06,0
Q,all_blocks,centered,1169,9.23781317396788e-06,0
Q,all_blocks,centered,1170,9.203899026033469e-06,0
Q,all_blocks,centered,1171,9.148415301751811e-06,0
Q,all_blocks,centered,1172,9.14818429009756e-06,0
Q,all_blocks,centered,1173,9.082405995286535e-06,0
Q,all_blocks,centered,1174,9.040252734848764e-06,0
Q,all_blocks,centered,1175,8.965530469140504e-06,0
Q,all_blocks,centered,1176,8.920721484173555e-06,0
Q,all_blocks,centered,1177,8.87721216713544e-06,0
Q,all_blocks,centered,1178,8.852921382640488e-06,0
Q,all_blocks,centered,1179,8.746593266550917e-06,0
Q,all_blocks,centered,1180,8.71606698638061e-06,0
Q,all_blocks,centered,1181,8.658147635287605e-06,0
Q,all_blocks,centered,1182,8.653165423311293e-06,0
Q,all_blocks,centered,1183,8.548498954041861e-06,0
Q,all_blocks,centered,1184,8.518814865965396e-06,0
Q,all_blocks,centered,1185,8.518352842656896e-06,0
Q,all_blocks,centered,1186,8.413819159613922e-06,0
Q,all_blocks,centered,1187,8.39469885249855e-06,0
Q,all_blocks,centered,1188,8.327596333401743e-06,0
Q,all_blocks,centered,1189,8.273023922811262e-06,0
Q,all_blocks,centered,1190,8.2482656580396e-06,0
Q,all_blocks,centered,1191,8.173390597221442e-06,0
Q,all_blocks,centered,1192,8.148623237502761e-06,0
Q,all_blocks,centered,1193,8.037363841140177e-06,0
Q,all_blocks,centered,1194,8.02084741735598e-06,0
Q,all_blocks,centered,1195,8.001200512808282e-06,0
Q,all_blocks,centered,1196,7.958225069160108e-06,0
Q,all_blocks,centered,1197,7.880468729126733e-06,0
Q,all_blocks,centered,1198,7.834460120648146e-06,0
Q,all_blocks,centered,1199,7.816029210516717e-06,0
Q,all_blocks,centered,1200,7.789129995217081e-06,0
Q,all_blocks,centered,1201,7.73591182223754e-06,0
Q,all_blocks,centered,1202,7.659687071281951e-06,0
Q,all_blocks,centered,1203,7.598426236654632e-06,0
Q,all_blocks,centered,1204,7.563047802250367e-06,0
Q,all_blocks,centered,1205,7.4830140874837525e-06,0
Q,all_blocks,centered,1206,7.4787285484489985e-06,0
Q,all_blocks,centered,1207,7.394022759399377e-06,0
Q,all_blocks,centered,1208,7.3698038249858655e-06,0
Q,all_blocks,centered,1209,7.305945473490283e-06,0
Q,all_blocks,centered,1210,7.248356723721372e-06,0
Q,all_blocks,centered,1211,7.221069154184079e-06,0
Q,all_blocks,centered,1212,7.148239092202857e-06,0
Q,all_blocks,centered,1213,7.107974852260668e-06,0
Q,all_blocks,centered,1214,7.03610112395836e-06,0
Q,all_blocks,centered,1215,6.988975201238645e-06,0
Q,all_blocks,centered,1216,6.958814537938451e-06,0
Q,all_blocks,centered,1217,6.928724360477645e-06,0
Q,all_blocks,centered,1218,6.860248959128512e-06,0
Q,all_blocks,centered,1219,6.837528417236172e-06,0
Q,all_blocks,centered,1220,6.8044091676711105e-06,0
Q,all_blocks,centered,1221,6.71246061756392e-06,0
Q,all_blocks,centered,1222,6.6724460339173675e-06,0
Q,all_blocks,centered,1223,6.626434696954675e-06,0
Q,all_blocks,centered,1224,6.5360004555259366e-06,0
Q,all_blocks,centered,1225,6.53158031127532e-06,0
Q,all_blocks,centered,1226,6.525317530758912e-06,0
Q,all_blocks,centered,1227,6.4813280005182605e-06,0
Q,all_blocks,centered,1228,6.401327937055612e-06,0
Q,all_blocks,centered,1229,6.387094344972866e-06,0
Q,all_blocks,centered,1230,6.345661404338898e-06,0
Q,all_blocks,centered,1231,6.279354693106143e-06,0
Q,all_blocks,centered,1232,6.234444754227297e-06,0
Q,all_blocks,centered,1233,6.232498435565503e-06,0
Q,all_blocks,centered,1234,6.184745870996267e-06,0
Q,all_blocks,centered,1235,6.165510058053769e-06,0
Q,all_blocks,centered,1236,6.107698482082924e-06,0
Q,all_blocks,centered,1237,6.08404252488981e-06,0
Q,all_blocks,centered,1238,5.994323146296665e-06,0
Q,all_blocks,centered,1239,5.9859944485651795e-06,0
Q,all_blocks,centered,1240,5.928836344537558e-06,0
Q,all_blocks,centered,1241,5.865636467206059e-06,0
Q,all_blocks,centered,1242,5.793223863292951e-06,0
Q,all_blocks,centered,1243,5.733748366765212e-06,0
Q,all_blocks,centered,1244,5.6406715884804726e-06,0
Q,all_blocks,centered,1245,5.638646143779624e-06,0
Q,all_blocks,centered,1246,5.596724804490805e-06,0
Q,all_blocks,centered,1247,5.5479367802035995e-06,0
Q,all_blocks,centered,1248,5.45140255781007e-06,0
Q,all_blocks,centered,1249,5.443609097710578e-06,0
Q,all_blocks,centered,1250,5.403888280852698e-06,0
Q,all_blocks,centered,1251,5.381149549066322e-06,0
Q,all_blocks,centered,1252,5.267234882921912e-06,0
Q,all_blocks,centered,1253,5.230541319178883e-06,0
Q,all_blocks,centered,1254,5.201207386562601e-06,0
Q,all_blocks,centered,1255,5.1508773140085395e-06,0
Q,all_blocks,centered,1256,5.142037025507307e-06,0
Q,all_blocks,centered,1257,5.084306394564919e-06,0
Q,all_blocks,centered,1258,5.074675300420495e-06,0
Q,all_blocks,centered,1259,5.06164815305965e-06,0
Q,all_blocks,centered,1260,4.996851657779189e-06,0
Q,all_blocks,centered,1261,4.937626727041788e-06,0
Q,all_blocks,centered,1262,4.897298367723124e-06,0
Q,all_blocks,centered,1263,4.841499048779951e-06,0
Q,all_blocks,centered,1264,4.826347321795765e-06,0
Q,all_blocks,centered,1265,4.818932211492211e-06,0
Q,all_blocks,centered,1266,4.74592297905474e-06,0
Q,all_blocks,centered,1267,4.71702651339001e-06,0
Q,all_blocks,centered,1268,4.645759418053785e-06,0
Q,all_blocks,centered,1269,4.580884251481621e-06,0
Q,all_blocks,centered,1270,4.571571480482817e-06,0
Q,all_blocks,centered,1271,4.523063125816407e-06,0
Q,all_blocks,centered,1272,4.521367827692302e-06,0
Q,all_blocks,centered,1273,4.4601283661904745e-06,0
Q,all_blocks,centered,1274,4.401676505949581e-06,0
Q,all_blocks,centered,1275,4.3780119085568e-06,0
Q,all_blocks,centered,1276,4.3448271753732115e-06,0
Q,all_blocks,centered,1277,4.298849489714485e-06,0
Q,all_blocks,centered,1278,4.2385659071442205e-06,0
Q,all_blocks,centered,1279,4.236676431901287e-06,0
Q,all_blocks,centered,1280,4.143871592532378e-06,0
Q,all_blocks,centered,1281,4.119985078432364e-06,0
Q,all_blocks,centered,1282,4.103207629668759e-06,0
Q,all_blocks,centered,1283,4.091632945346646e-06,0
Q,all_blocks,centered,1284,4.046461981488392e-06,0
Q,all_blocks,centered,1285,3.995902716269484e-06,0
Q,all_blocks,centered,1286,3.9741466935083736e-06,0
Q,all_blocks,centered,1287,3.942533567169448e-06,0
Q,all_blocks,centered,1288,3.902326625393471e-06,0
Q,all_blocks,centered,1289,3.882898454321548e-06,0
Q,all_blocks,centered,1290,3.844954335363582e-06,0
Q,all_blocks,centered,1291,3.8414668779296335e-06,0
Q,all_blocks,centered,1292,3.7888187307544285e-06,0
Q,all_blocks,centered,1293,3.7342949781304924e-06,0
Q,all_blocks,centered,1294,3.7010272535553668e-06,0
Q,all_blocks,centered,1295,3.6948204069631174e-06,0
Q,all_blocks,centered,1296,3.6303356409916887e-06,0
Q,all_blocks,centered,1297,3.6232440834282897e-06,0
Q,all_blocks,centered,1298,3.5925938846048666e-06,0
Q,all_blocks,centered,1299,3.5422565360931912e-06,0
Q,all_blocks,centered,1300,3.4872298328991747e-06,0
Q,all_blocks,centered,1301,3.4503959795983974e-06,0
Q,all_blocks,centered,1302,3.4041831895592622e-06,0
Q,all_blocks,centered,1303,3.398312401259318e-06,0
Q,all_blocks,centered,1304,3.376928816578584e-06,0
Q,all_blocks,centered,1305,3.33357411363977e-06,0
Q,all_blocks,centered,1306,3.2873144846234936e-06,0
Q,all_blocks,centered,1307,3.277375526522519e-06,0
Q,all_blocks,centered,1308,3.233004918001825e-06,0
Q,all_blocks,centered,1309,3.208328507753322e-06,0
Q,all_blocks,centered,1310,3.1658264560974203e-06,0
Q,all_blocks,centered,1311,3.159813104502973e-06,0
Q,all_blocks,centered,1312,3.1114454941416625e-06,0
Q,all_blocks,centered,1313,3.05110893350502e-06,0
Q,all_blocks,centered,1314,3.0458581932180095e-06,0
Q,all_blocks,centered,1315,3.020334133907454e-06,0
Q,all_blocks,centered,1316,2.9817083486705087e-06,0
Q,all_blocks,centered,1317,2.9044267648714595e-06,0
Q,all_blocks,centered,1318,2.8811816719098715e-06,0
Q,all_blocks,centered,1319,2.8646809369092807e-06,0
Q,all_blocks,centered,1320,2.826439185810159e-06,0
Q,all_blocks,centered,1321,2.8026622658217093e-06,0
Q,all_blocks,centered,1322,2.7688261070579756e-06,0
Q,all_blocks,centered,1323,2.7503922410687665e-06,0
Q,all_blocks,centered,1324,2.712593413889408e-06,0
Q,all_blocks,centered,1325,2.6773561785375932e-06,0
Q,all_blocks,centered,1326,2.644645292093628e-06,0
Q,all_blocks,centered,1327,2.6211032491119113e-06,0
Q,all_blocks,centered,1328,2.600604602776002e-06,0
Q,all_blocks,centered,1329,2.5858475964923855e-06,0
Q,all_blocks,centered,1330,2.562723238952458e-06,0
Q,all_blocks,centered,1331,2.5192414341290714e-06,0
Q,all_blocks,centered,1332,2.4641781237733085e-06,0
Q,all_blocks,centered,1333,2.461466237946297e-06,0
Q,all_blocks,centered,1334,2.4427822609141003e-06,0
Q,all_blocks,centered,1335,2.436171143926913e-06,0
Q,all_blocks,centered,1336,2.410328306723386e-06,0
Q,all_blocks,centered,1337,2.3518769012298435e-06,0
Q,all_blocks,centered,1338,2.3487050384574104e-06,0
Q,all_blocks,centered,1339,2.318567112524761e-06,0
Q,all_blocks,centered,1340,2.308972625542083e-06,0
Q,all_blocks,centered,1341,2.26925044444215e-06,0
Q,all_blocks,centered,1342,2.2622996311838506e-06,0
Q,all_blocks,centered,1343,2.2254873783822404e-06,0
Q,all_blocks,centered,1344,2.205298414992285e-06,0
Q,all_blocks,centered,1345,2.1591977201751433e-06,0
Q,all_blocks,centered,1346,2.1557791569648543e-06,0
Q,all_blocks,centered,1347,2.1437151644931873e-06,0
Q,all_blocks,centered,1348,2.101396830767044e-06,0
Q,all_blocks,centered,1349,2.0811878584936494e-06,0
Q,all_blocks,centered,1350,2.0562156350933947e-06,0
Q,all_blocks,centered,1351,2.0334209693828598e-06,0
Q,all_blocks,centered,1352,2.0208401565469103e-06,0
Q,all_blocks,centered,1353,2.01433795155026e-06,0
Q,all_blocks,centered,1354,1.980909473786596e-06,0
Q,all_blocks,centered,1355,1.964244802366011e-06,0
Q,all_blocks,centered,1356,1.932307668539579e-06,0
Q,all_blocks,centered,1357,1.92475704352546e-06,0
Q,all_blocks,centered,1358,1.8990746184499585e-06,0
Q,all_blocks,centered,1359,1.885308279270248e-06,0
Q,all_blocks,centered,1360,1.8818985836333013e-06,0
Q,all_blocks,centered,1361,1.878228545137972e-06,0
Q,all_blocks,centered,1362,1.85785529538407e-06,0
Q,all_blocks,centered,1363,1.8408692312732455e-06,0
Q,all_blocks,centered,1364,1.8262298908666708e-06,0
Q,all_blocks,centered,1365,1.807488388294587e-06,0
Q,all_blocks,centered,1366,1.7987719047596329e-06,0
Q,all_blocks,centered,1367,1.7850626363724587e-06,0
Q,all_blocks,centered,1368,1.7561550293976325e-06,0
Q,all_blocks,centered,1369,1.7313724356426974e-06,0
Q,all_blocks,centered,1370,1.7144330968221766e-06,0
Q,all_blocks,centered,1371,1.7044437754520914e-06,0
Q,all_blocks,centered,1372,1.6898535477594123e-06,0
Q,all_blocks,centered,1373,1.6718821598260547e-06,0
Q,all_blocks,centered,1374,1.6660138726365403e-06,0
Q,all_blocks,centered,1375,1.6471324215672212e-06,0
Q,all_blocks,centered,1376,1.6389108168368693e-06,0
Q,all_blocks,centered,1377,1.6321880593750393e-06,0
Q,all_blocks,centered,1378,1.6317907238772023e-06,0
Q,all_blocks,centered,1379,1.5737273315608036e-06,0
Q,all_blocks,centered,1380,1.5724826880614273e-06,0
Q,all_blocks,centered,1381,1.5640362107660621e-06,0
Q,all_blocks,centered,1382,1.5395779655591468e-06,0
Q,all_blocks,centered,1383,1.5389490499728709e-06,0
Q,all_blocks,centered,1384,1.5206790067168185e-06,0
Q,all_blocks,centered,1385,1.5064184708535322e-06,0
Q,all_blocks,centered,1386,1.5014896916909493e-06,0
Q,all_blocks,centered,1387,1.5008040463726502e-06,0
Q,all_blocks,centered,1388,1.4827237464487553e-06,0
Q,all_blocks,centered,1389,1.4640927474829368e-06,0
Q,all_blocks,centered,1390,1.4576916100850212e-06,0
Q,all_blocks,centered,1391,1.4292918422142975e-06,0
Q,all_blocks,centered,1392,1.4184118981575011e-06,0
Q,all_blocks,centered,1393,1.4106076378084254e-06,0
Q,all_blocks,centered,1394,1.4012240399097209e-06,0
Q,all_blocks,centered,1395,1.3986044677949394e-06,0
Q,all_blocks,centered,1396,1.3877398714612355e-06,0
Q,all_blocks,centered,1397,1.3795518043480115e-06,0
Q,all_blocks,centered,1398,1.3665587630384834e-06,0
Q,all_blocks,centered,1399,1.3618424645756022e-06,0
Q,all_blocks,centered,1400,1.3541273347073002e-06,0
Q,all_blocks,centered,1401,1.3446061757349526e-06,0
Q,all_blocks,centered,1402,1.3341021940505016e-06,0
Q,all_blocks,centered,1403,1.3023624205743545e-06,0
Q,all_blocks,centered,1404,1.2957111721334513e-06,0
Q,all_blocks,centered,1405,1.2925585224365932e-06,0
Q,all_blocks,centered,1406,1.2795441080015735e-06,0
Q,all_blocks,centered,1407,1.2724448197332094e-06,0
Q,all_blocks,centered,1408,1.2646520417547435e-06,0
Q,all_blocks,centered,1409,1.259941200260073e-06,0
Q,all_blocks,centered,1410,1.250844889000291e-06,0
Q,all_blocks,centered,1411,1.2403186246956466e-06,0
Q,all_blocks,centered,1412,1.2329276160016889e-06,0
Q,all_blocks,centered,1413,1.2278488839001511e-06,0
Q,all_blocks,centered,1414,1.2006897804894834e-06,0
Q,all_blocks,centered,1415,1.1984247976215556e-06,0
Q,all_blocks,centered,1416,1.192267518490553e-06,0
Q,all_blocks,centered,1417,1.1795447107942891e-06,0
Q,all_blocks,centered,1418,1.1768362355724094e-06,0
Q,all_blocks,centered,1419,1.1715660548361484e-06,0
Q,all_blocks,centered,1420,1.1556109029697836e-06,0
Q,all_blocks,centered,1421,1.1462897191449883e-06,0
Q,all_blocks,centered,1422,1.145779378930456e-06,0
Q,all_blocks,centered,1423,1.130273517446767e-06,0
Q,all_blocks,centered,1424,1.129272163780115e-06,0
Q,all_blocks,centered,1425,1.1184980621692375e-06,0
Q,all_blocks,centered,1426,1.1114668723166687e-06,0
Q,all_blocks,centered,1427,1.1049230579374125e-06,0
Q,all_blocks,centered,1428,1.0934888905467233e-06,0
Q,all_blocks,centered,1429,1.086655174731277e-06,0
Q,all_blocks,centered,1430,1.0866475577131496e-06,0
Q,all_blocks,centered,1431,1.071746737579815e-06,0
Q,all_blocks,centered,1432,1.0646105010891915e-06,0
Q,all_blocks,centered,1433,1.0576218301139306e-06,0
Q,all_blocks,centered,1434,1.0575606665952364e-06,0
Q,all_blocks,centered,1435,1.04779644516384e-06,0
Q,all_blocks,centered,1436,1.0408722346255672e-06,0
Q,all_blocks,centered,1437,1.0301691872882657e-06,0
Q,all_blocks,centered,1438,1.0241807331112796e-06,0
Q,all_blocks,centered,1439,1.0138212473975727e-06,0
Q,all_blocks,centered,1440,1.0132434908882715e-06,0
Q,all_blocks,centered,1441,1.0091583817484207e-06,0
Q,all_blocks,centered,1442,1.004706064122729e-06,0
Q,all_blocks,centered,1443,1.0029043551185168e-06,0
Q,all_blocks,centered,1444,9.903237696562428e-07,0
Q,all_blocks,centered,1445,9.823166919886717e-07,0
Q,all_blocks,centered,1446,9.694490472611506e-07,0
Q,all_blocks,centered,1447,9.689074431662448e-07,0
Q,all_blocks,centered,1448,9.645117415857385e-07,0
Q,all_blocks,centered,1449,9.637734592615743e-07,0
Q,all_blocks,centered,1450,9.557425073580816e-07,0
Q,all_blocks,centered,1451,9.491822652307746e-07,0
Q,all_blocks,centered,1452,9.408803407495725e-07,0
Q,all_blocks,centered,1453,9.375165745950653e-07,0
Q,all_blocks,centered,1454,9.316734690401063e-07,0
Q,all_blocks,centered,1455,9.255841177946422e-07,0
Q,all_blocks,centered,1456,9.215377758664545e-07,0
Q,all_blocks,centered,1457,9.076904916582862e-07,0
Q,all_blocks,centered,1458,9.06266564015823e-07,0
Q,all_blocks,centered,1459,9.012726991386444e-07,0
Q,all_blocks,centered,1460,8.958058970165439e-07,0
Q,all_blocks,centered,1461,8.955576618063787e-07,0
Q,all_blocks,centered,1462,8.861590004016762e-07,0
Q,all_blocks,centered,1463,8.844733656587778e-07,0
Q,all_blocks,centered,1464,8.787960723566357e-07,0
Q,all_blocks,centered,1465,8.688949719726224e-07,0
Q,all_blocks,centered,1466,8.631964192318264e-07,0
Q,all_blocks,centered,1467,8.59611816395045e-07,0
Q,all_blocks,centered,1468,8.563465030420048e-07,0
Q,all_blocks,centered,1469,8.465063388030103e-07,0
Q,all_blocks,centered,1470,8.403346214436169e-07,0
Q,all_blocks,centered,1471,8.385875958083489e-07,0
Q,all_blocks,centered,1472,8.355290788131242e-07,0
Q,all_blocks,centered,1473,8.282120802505233e-07,0
Q,all_blocks,centered,1474,8.264244115707697e-07,0
Q,all_blocks,centered,1475,8.161920277416357e-07,0
Q,all_blocks,centered,1476,8.107541589197353e-07,0
Q,all_blocks,centered,1477,8.063314567152702e-07,0
Q,all_blocks,centered,1478,8.056570663939056e-07,0
Q,all_blocks,centered,1479,7.947424478516041e-07,0
Q,all_blocks,centered,1480,7.857638593122829e-07,0
Q,all_blocks,centered,1481,7.836034114916401e-07,0
Q,all_blocks,centered,1482,7.813492288732959e-07,0
Q,all_blocks,centered,1483,7.765692657812906e-07,0
Q,all_blocks,centered,1484,7.764394354126125e-07,0
Q,all_blocks,centered,1485,7.661626000299293e-07,0
Q,all_blocks,centered,1486,7.592329325234459e-07,0
Q,all_blocks,centered,1487,7.539799753430998e-07,0
Q,all_blocks,centered,1488,7.466444458259502e-07,0
Q,all_blocks,centered,1489,7.460062647624e-07,0
Q,all_blocks,centered,1490,7.37867196676234e-07,0
Q,all_blocks,centered,1491,7.308156000362942e-07,0
Q,all_blocks,centered,1492,7.269847515090078e-07,0
Q,all_blocks,centered,1493,7.248777365020942e-07,0
Q,all_blocks,centered,1494,7.20470154647046e-07,0
Q,all_blocks,centered,1495,7.151556928874925e-07,0
Q,all_blocks,centered,1496,7.028512527540443e-07,0
Q,all_blocks,centered,1497,6.947634005882719e-07,0
Q,all_blocks,centered,1498,6.903943017277925e-07,0
Q,all_blocks,centered,1499,6.883067840135482e-07,0
Q,all_blocks,centered,1500,6.825238187957439e-07,0
Q,all_blocks,centered,1501,6.8230895067245e-07,0
Q,all_blocks,centered,1502,6.721101044604438e-07,0
Q,all_blocks,centered,1503,6.700811354676262e-07,0
Q,all_blocks,centered,1504,6.587349048459146e-07,0
Q,all_blocks,centered,1505,6.555034133270965e-07,0
Q,all_blocks,centered,1506,6.472266136370308e-07,0
Q,all_blocks,centered,1507,6.352978516588337e-07,0
Q,all_blocks,centered,1508,6.318121563708701e-07,0
Q,all_blocks,centered,1509,6.158720680105034e-07,0
Q,all_blocks,centered,1510,6.120455395830504e-07,0
Q,all_blocks,centered,1511,6.117307975728181e-07,0
Q,all_blocks,centered,1512,5.978013177809771e-07,0
Q,all_blocks,centered,1513,5.970117626930005e-07,0
Q,all_blocks,centered,1514,5.84634335609735e-07,0
Q,all_blocks,centered,1515,5.821559057039849e-07,0
Q,all_blocks,centered,1516,5.789767101305188e-07,0
Q,all_blocks,centered,1517,5.78439198761771e-07,0
Q,all_blocks,centered,1518,5.590992486759205e-07,0
Q,all_blocks,centered,1519,5.572798045250238e-07,0
Q,all_blocks,centered,1520,5.541646146411949e-07,0
Q,all_blocks,centered,1521,5.490725811796437e-07,0
Q,all_blocks,centered,1522,5.373950671128114e-07,0
Q,all_blocks,centered,1523,5.266882112664462e-07,0
Q,all_blocks,centered,1524,5.245501597528346e-07,0
Q,all_blocks,centered,1525,5.092986157251289e-07,0
Q,all_blocks,centered,1526,5.076881279819645e-07,0
Q,all_blocks,centered,1527,4.965677931068058e-07,0
Q,all_blocks,centered,1528,4.899962959825643e-07,0
Q,all_blocks,centered,1529,4.851308972320112e-07,0
Q,all_blocks,centered,1530,4.7121997681642824e-07,0
Q,all_blocks,centered,1531,4.6969279310360434e-07,0
Q,all_blocks,centered,1532,4.650983100873418e-07,0
Q,all_blocks,centered,1533,4.439256997557095e-07,0
Q,all_blocks,centered,1534,4.4319537551018584e-07,0
Q,all_blocks,centered,1535,4.2863629801104253e-07,0
Q,all_blocks,centered,1536,3.994932740170043e-07,0
Q,all_blocks,channel_standardized,1,45.630348205566406,1
Q,all_blocks,channel_standardized,2,30.45316505432129,1
Q,all_blocks,channel_standardized,3,11.606096267700195,1
Q,all_blocks,channel_standardized,4,11.491445541381836,1
Q,all_blocks,channel_standardized,5,9.826025009155273,1
Q,all_blocks,channel_standardized,6,7.663769721984863,1
Q,all_blocks,channel_standardized,7,7.391229152679443,1
Q,all_blocks,channel_standardized,8,6.643306732177734,1
Q,all_blocks,channel_standardized,9,6.578261375427246,1
Q,all_blocks,channel_standardized,10,6.340841293334961,1
Q,all_blocks,channel_standardized,11,5.740800857543945,1
Q,all_blocks,channel_standardized,12,5.527663230895996,1
Q,all_blocks,channel_standardized,13,5.238344669342041,1
Q,all_blocks,channel_standardized,14,4.928557395935059,1
Q,all_blocks,channel_standardized,15,4.8377790451049805,1
Q,all_blocks,channel_standardized,16,4.791093826293945,1
Q,all_blocks,channel_standardized,17,4.590169906616211,1
Q,all_blocks,channel_standardized,18,4.360924243927002,1
Q,all_blocks,channel_standardized,19,4.353818416595459,1
Q,all_blocks,channel_standardized,20,4.212718486785889,1
Q,all_blocks,channel_standardized,21,4.180933475494385,1
Q,all_blocks,channel_standardized,22,4.133269309997559,1
Q,all_blocks,channel_standardized,23,4.034976005554199,1
Q,all_blocks,channel_standardized,24,3.954822540283203,1
Q,all_blocks,channel_standardized,25,3.8997371196746826,1
Q,all_blocks,channel_standardized,26,3.7835659980773926,1
Q,all_blocks,channel_standardized,27,3.7164628505706787,1
Q,all_blocks,channel_standardized,28,3.6586496829986572,1
Q,all_blocks,channel_standardized,29,3.592127561569214,1
Q,all_blocks,channel_standardized,30,3.560722827911377,1
Q,all_blocks,channel_standardized,31,3.4713687896728516,1
Q,all_blocks,channel_standardized,32,3.422268867492676,1
Q,all_blocks,channel_standardized,33,3.386314868927002,1
Q,all_blocks,channel_standardized,34,3.3175392150878906,1
Q,all_blocks,channel_standardized,35,3.2628533840179443,1
Q,all_blocks,channel_standardized,36,3.255916118621826,1
Q,all_blocks,channel_standardized,37,3.2400405406951904,1
Q,all_blocks,channel_standardized,38,3.1875627040863037,1
Q,all_blocks,channel_standardized,39,3.1585958003997803,1
Q,all_blocks,channel_standardized,40,3.108109712600708,1
Q,all_blocks,channel_standardized,41,3.086702346801758,1
Q,all_blocks,channel_standardized,42,3.058692693710327,1
Q,all_blocks,channel_standardized,43,3.026808023452759,1
Q,all_blocks,channel_standardized,44,3.0104568004608154,1
Q,all_blocks,channel_standardized,45,2.973651885986328,1
Q,all_blocks,channel_standardized,46,2.9613258838653564,1
Q,all_blocks,channel_standardized,47,2.9082772731781006,1
Q,all_blocks,channel_standardized,48,2.905827283859253,1
Q,all_blocks,channel_standardized,49,2.8836629390716553,1
Q,all_blocks,channel_standardized,50,2.8678815364837646,1
Q,all_blocks,channel_standardized,51,2.839869499206543,1
Q,all_blocks,channel_standardized,52,2.8132596015930176,1
Q,all_blocks,channel_standardized,53,2.7948668003082275,1
Q,all_blocks,channel_standardized,54,2.7723259925842285,1
Q,all_blocks,channel_standardized,55,2.763491153717041,1
Q,all_blocks,channel_standardized,56,2.7273449897766113,1
Q,all_blocks,channel_standardized,57,2.7216153144836426,1
Q,all_blocks,channel_standardized,58,2.694455146789551,1
Q,all_blocks,channel_standardized,59,2.6716208457946777,1
Q,all_blocks,channel_standardized,60,2.6623382568359375,1
Q,all_blocks,channel_standardized,61,2.6264636516571045,1
Q,all_blocks,channel_standardized,62,2.6128172874450684,1
Q,all_blocks,channel_standardized,63,2.6091437339782715,1
Q,all_blocks,channel_standardized,64,2.587547540664673,1
Q,all_blocks,channel_standardized,65,2.5750792026519775,1
Q,all_blocks,channel_standardized,66,2.556943893432617,1
Q,all_blocks,channel_standardized,67,2.5344347953796387,1
Q,all_blocks,channel_standardized,68,2.51875901222229,1
Q,all_blocks,channel_standardized,69,2.5106379985809326,1
Q,all_blocks,channel_standardized,70,2.5045924186706543,1
Q,all_blocks,channel_standardized,71,2.4828572273254395,1
Q,all_blocks,channel_standardized,72,2.474820613861084,1
Q,all_blocks,channel_standardized,73,2.468723773956299,1
Q,all_blocks,channel_standardized,74,2.453066349029541,1
Q,all_blocks,channel_standardized,75,2.433426856994629,1
Q,all_blocks,channel_standardized,76,2.413860321044922,1
Q,all_blocks,channel_standardized,77,2.406219720840454,1
Q,all_blocks,channel_standardized,78,2.4023239612579346,1
Q,all_blocks,channel_standardized,79,2.381098508834839,1
Q,all_blocks,channel_standardized,80,2.3783726692199707,1
Q,all_blocks,channel_standardized,81,2.3580384254455566,1
Q,all_blocks,channel_standardized,82,2.3383734226226807,1
Q,all_blocks,channel_standardized,83,2.326453685760498,1
Q,all_blocks,channel_standardized,84,2.32025408744812,1
Q,all_blocks,channel_standardized,85,2.309140920639038,1
Q,all_blocks,channel_standardized,86,2.303187131881714,1
Q,all_blocks,channel_standardized,87,2.2986323833465576,1
Q,all_blocks,channel_standardized,88,2.292210102081299,1
Q,all_blocks,channel_standardized,89,2.2775280475616455,1
Q,all_blocks,channel_standardized,90,2.2698214054107666,1
Q,all_blocks,channel_standardized,91,2.264914035797119,1
Q,all_blocks,channel_standardized,92,2.2564878463745117,1
Q,all_blocks,channel_standardized,93,2.2366466522216797,1
Q,all_blocks,channel_standardized,94,2.2242937088012695,1
Q,all_blocks,channel_standardized,95,2.205758810043335,1
Q,all_blocks,channel_standardized,96,2.20327091217041,1
Q,all_blocks,channel_standardized,97,2.191296100616455,1
Q,all_blocks,channel_standardized,98,2.1894123554229736,1
Q,all_blocks,channel_standardized,99,2.1814093589782715,1
Q,all_blocks,channel_standardized,100,2.173595666885376,1
Q,all_blocks,channel_standardized,101,2.170008897781372,1
Q,all_blocks,channel_standardized,102,2.162299871444702,1
Q,all_blocks,channel_standardized,103,2.1526596546173096,1
Q,all_blocks,channel_standardized,104,2.144519567489624,1
Q,all_blocks,channel_standardized,105,2.138059616088867,1
Q,all_blocks,channel_standardized,106,2.124229669570923,1
Q,all_blocks,channel_standardized,107,2.1195876598358154,1
Q,all_blocks,channel_standardized,108,2.1126880645751953,1
Q,all_blocks,channel_standardized,109,2.1055428981781006,1
Q,all_blocks,channel_standardized,110,2.099398374557495,1
Q,all_blocks,channel_standardized,111,2.088502883911133,1
Q,all_blocks,channel_standardized,112,2.0840439796447754,1
Q,all_blocks,channel_standardized,113,2.0778980255126953,1
Q,all_blocks,channel_standardized,114,2.0618977546691895,1
Q,all_blocks,channel_standardized,115,2.0581839084625244,1
Q,all_blocks,channel_standardized,116,2.052345037460327,0
Q,all_blocks,channel_standardized,117,2.0455100536346436,0
Q,all_blocks,channel_standardized,118,2.042130947113037,0
Q,all_blocks,channel_standardized,119,2.040318489074707,0
Q,all_blocks,channel_standardized,120,2.028475284576416,0
Q,all_blocks,channel_standardized,121,2.0164620876312256,0
Q,all_blocks,channel_standardized,122,2.013030767440796,0
Q,all_blocks,channel_standardized,123,2.007087230682373,0
Q,all_blocks,channel_standardized,124,1.998548984527588,0
Q,all_blocks,channel_standardized,125,1.9905421733856201,0
Q,all_blocks,channel_standardized,126,1.9873608350753784,0
Q,all_blocks,channel_standardized,127,1.9815462827682495,0
Q,all_blocks,channel_standardized,128,1.9750969409942627,0
Q,all_blocks,channel_standardized,129,1.9700570106506348,0
Q,all_blocks,channel_standardized,130,1.955693244934082,0
Q,all_blocks,channel_standardized,131,1.953728437423706,0
Q,all_blocks,channel_standardized,132,1.9502400159835815,0
Q,all_blocks,channel_standardized,133,1.9469577074050903,0
Q,all_blocks,channel_standardized,134,1.939046859741211,0
Q,all_blocks,channel_standardized,135,1.9327458143234253,0
Q,all_blocks,channel_standardized,136,1.9242913722991943,0
Q,all_blocks,channel_standardized,137,1.9202265739440918,0
Q,all_blocks,channel_standardized,138,1.9153950214385986,0
Q,all_blocks,channel_standardized,139,1.909300684928894,0
Q,all_blocks,channel_standardized,140,1.9011176824569702,0
Q,all_blocks,channel_standardized,141,1.8964678049087524,0
Q,all_blocks,channel_standardized,142,1.8947087526321411,0
Q,all_blocks,channel_standardized,143,1.889853596687317,0
Q,all_blocks,channel_standardized,144,1.8833250999450684,0
Q,all_blocks,channel_standardized,145,1.8794664144515991,0
Q,all_blocks,channel_standardized,146,1.8757277727127075,0
Q,all_blocks,channel_standardized,147,1.8674700260162354,0
Q,all_blocks,channel_standardized,148,1.8655058145523071,0
Q,all_blocks,channel_standardized,149,1.855859637260437,0
Q,all_blocks,channel_standardized,150,1.8541828393936157,0
Q,all_blocks,channel_standardized,151,1.8482375144958496,0
Q,all_blocks,channel_standardized,152,1.841097354888916,0
Q,all_blocks,channel_standardized,153,1.8345451354980469,0
Q,all_blocks,channel_standardized,154,1.829026222229004,0
Q,all_blocks,channel_standardized,155,1.8258051872253418,0
Q,all_blocks,channel_standardized,156,1.820256233215332,0
Q,all_blocks,channel_standardized,157,1.8180952072143555,0
Q,all_blocks,channel_standardized,158,1.8077656030654907,0
Q,all_blocks,channel_standardized,159,1.8040926456451416,0
Q,all_blocks,channel_standardized,160,1.799862027168274,0
Q,all_blocks,channel_standardized,161,1.795575499534607,0
Q,all_blocks,channel_standardized,162,1.791692852973938,0
Q,all_blocks,channel_standardized,163,1.7833517789840698,0
Q,all_blocks,channel_standardized,164,1.7815499305725098,0
Q,all_blocks,channel_standardized,165,1.7790591716766357,0
Q,all_blocks,channel_standardized,166,1.7760335206985474,0
Q,all_blocks,channel_standardized,167,1.7708133459091187,0
Q,all_blocks,channel_standardized,168,1.76137375831604,0
Q,all_blocks,channel_standardized,169,1.7608873844146729,0
Q,all_blocks,channel_standardized,170,1.7545932531356812,0
Q,all_blocks,channel_standardized,171,1.7522567510604858,0
Q,all_blocks,channel_standardized,172,1.747631311416626,0
Q,all_blocks,channel_standardized,173,1.7446569204330444,0
Q,all_blocks,channel_standardized,174,1.7399557828903198,0
Q,all_blocks,channel_standardized,175,1.7363983392715454,0
Q,all_blocks,channel_standardized,176,1.7331244945526123,0
Q,all_blocks,channel_standardized,177,1.7301610708236694,0
Q,all_blocks,channel_standardized,178,1.7274401187896729,0
Q,all_blocks,channel_standardized,179,1.7226604223251343,0
Q,all_blocks,channel_standardized,180,1.7140339612960815,0
Q,all_blocks,channel_standardized,181,1.7127742767333984,0
Q,all_blocks,channel_standardized,182,1.7102333307266235,0
Q,all_blocks,channel_standardized,183,1.7015202045440674,0
Q,all_blocks,channel_standardized,184,1.6981244087219238,0
Q,all_blocks,channel_standardized,185,1.6954997777938843,0
Q,all_blocks,channel_standardized,186,1.692987322807312,0
Q,all_blocks,channel_standardized,187,1.689367651939392,0
Q,all_blocks,channel_standardized,188,1.685600996017456,0
Q,all_blocks,channel_standardized,189,1.6847937107086182,0
Q,all_blocks,channel_standardized,190,1.6798044443130493,0
Q,all_blocks,channel_standardized,191,1.6768338680267334,0
Q,all_blocks,channel_standardized,192,1.6700993776321411,0
Q,all_blocks,channel_standardized,193,1.6690036058425903,0
Q,all_blocks,channel_standardized,194,1.6656131744384766,0
Q,all_blocks,channel_standardized,195,1.663322925567627,0
Q,all_blocks,channel_standardized,196,1.6577560901641846,0
Q,all_blocks,channel_standardized,197,1.6545599699020386,0
Q,all_blocks,channel_standardized,198,1.6510485410690308,0
Q,all_blocks,channel_standardized,199,1.6479724645614624,0
Q,all_blocks,channel_standardized,200,1.639958381652832,0
Q,all_blocks,channel_standardized,201,1.6379295587539673,0
Q,all_blocks,channel_standardized,202,1.6368039846420288,0
Q,all_blocks,channel_standardized,203,1.6333624124526978,0
Q,all_blocks,channel_standardized,204,1.631828784942627,0
Q,all_blocks,channel_standardized,205,1.620743751525879,0
Q,all_blocks,channel_standardized,206,1.6193621158599854,0
Q,all_blocks,channel_standardized,207,1.617239236831665,0
Q,all_blocks,channel_standardized,208,1.6121962070465088,0
Q,all_blocks,channel_standardized,209,1.6071889400482178,0
Q,all_blocks,channel_standardized,210,1.6045124530792236,0
Q,all_blocks,channel_standardized,211,1.599897861480713,0
Q,all_blocks,channel_standardized,212,1.597536325454712,0
Q,all_blocks,channel_standardized,213,1.595959186553955,0
Q,all_blocks,channel_standardized,214,1.5936298370361328,0
Q,all_blocks,channel_standardized,215,1.5920836925506592,0
Q,all_blocks,channel_standardized,216,1.5881924629211426,0
Q,all_blocks,channel_standardized,217,1.5860689878463745,0
Q,all_blocks,channel_standardized,218,1.583965539932251,0
Q,all_blocks,channel_standardized,219,1.579182505607605,0
Q,all_blocks,channel_standardized,220,1.5774126052856445,0
Q,all_blocks,channel_standardized,221,1.5697107315063477,0
Q,all_blocks,channel_standardized,222,1.5682055950164795,0
Q,all_blocks,channel_standardized,223,1.565438985824585,0
Q,all_blocks,channel_standardized,224,1.564178705215454,0
Q,all_blocks,channel_standardized,225,1.5583631992340088,0
Q,all_blocks,channel_standardized,226,1.5572377443313599,0
Q,all_blocks,channel_standardized,227,1.5537189245224,0
Q,all_blocks,channel_standardized,228,1.550042986869812,0
Q,all_blocks,channel_standardized,229,1.545586109161377,0
Q,all_blocks,channel_standardized,230,1.5445592403411865,0
Q,all_blocks,channel_standardized,231,1.5397334098815918,0
Q,all_blocks,channel_standardized,232,1.5357035398483276,0
Q,all_blocks,channel_standardized,233,1.5340659618377686,0
Q,all_blocks,channel_standardized,234,1.5309574604034424,0
Q,all_blocks,channel_standardized,235,1.5300425291061401,0
Q,all_blocks,channel_standardized,236,1.5263710021972656,0
Q,all_blocks,channel_standardized,237,1.5249207019805908,0
Q,all_blocks,channel_standardized,238,1.5199638605117798,0
Q,all_blocks,channel_standardized,239,1.5185203552246094,0
Q,all_blocks,channel_standardized,240,1.5158838033676147,0
Q,all_blocks,channel_standardized,241,1.5117138624191284,0
Q,all_blocks,channel_standardized,242,1.5103464126586914,0
Q,all_blocks,channel_standardized,243,1.5055313110351562,0
Q,all_blocks,channel_standardized,244,1.5024089813232422,0
Q,all_blocks,channel_standardized,245,1.5003100633621216,0
Q,all_blocks,channel_standardized,246,1.498063564300537,0
Q,all_blocks,channel_standardized,247,1.4952861070632935,0
Q,all_blocks,channel_standardized,248,1.4934452772140503,0
Q,all_blocks,channel_standardized,249,1.4891078472137451,0
Q,all_blocks,channel_standardized,250,1.4887937307357788,0
Q,all_blocks,channel_standardized,251,1.4832490682601929,0
Q,all_blocks,channel_standardized,252,1.4825507402420044,0
Q,all_blocks,channel_standardized,253,1.4774515628814697,0
Q,all_blocks,channel_standardized,254,1.4759085178375244,0
Q,all_blocks,channel_standardized,255,1.471767544746399,0
Q,all_blocks,channel_standardized,256,1.470420241355896,0
Q,all_blocks,channel_standardized,257,1.4675830602645874,0
Q,all_blocks,channel_standardized,258,1.4671400785446167,0
Q,all_blocks,channel_standardized,259,1.4659507274627686,0
Q,all_blocks,channel_standardized,260,1.4609116315841675,0
Q,all_blocks,channel_standardized,261,1.4567160606384277,0
Q,all_blocks,channel_standardized,262,1.455322027206421,0
Q,all_blocks,channel_standardized,263,1.4542490243911743,0
Q,all_blocks,channel_standardized,264,1.450736165046692,0
Q,all_blocks,channel_standardized,265,1.4498627185821533,0
Q,all_blocks,channel_standardized,266,1.4467025995254517,0
Q,all_blocks,channel_standardized,267,1.4423526525497437,0
Q,all_blocks,channel_standardized,268,1.438590407371521,0
Q,all_blocks,channel_standardized,269,1.4373104572296143,0
Q,all_blocks,channel_standardized,270,1.43494713306427,0
Q,all_blocks,channel_standardized,271,1.4340277910232544,0
Q,all_blocks,channel_standardized,272,1.4298603534698486,0
Q,all_blocks,channel_standardized,273,1.4272245168685913,0
Q,all_blocks,channel_standardized,274,1.425735354423523,0
Q,all_blocks,channel_standardized,275,1.4221858978271484,0
Q,all_blocks,channel_standardized,276,1.4196401834487915,0
Q,all_blocks,channel_standardized,277,1.4178950786590576,0
Q,all_blocks,channel_standardized,278,1.4139063358306885,0
Q,all_blocks,channel_standardized,279,1.4133247137069702,0
Q,all_blocks,channel_standardized,280,1.4110569953918457,0
Q,all_blocks,channel_standardized,281,1.4089757204055786,0
Q,all_blocks,channel_standardized,282,1.4056501388549805,0
Q,all_blocks,channel_standardized,283,1.4046964645385742,0
Q,all_blocks,channel_standardized,284,1.3994876146316528,0
Q,all_blocks,channel_standardized,285,1.3982425928115845,0
Q,all_blocks,channel_standardized,286,1.395289659500122,0
Q,all_blocks,channel_standardized,287,1.3939119577407837,0
Q,all_blocks,channel_standardized,288,1.3914024829864502,0
Q,all_blocks,channel_standardized,289,1.3878074884414673,0
Q,all_blocks,channel_standardized,290,1.3845837116241455,0
Q,all_blocks,channel_standardized,291,1.3842227458953857,0
Q,all_blocks,channel_standardized,292,1.3807706832885742,0
Q,all_blocks,channel_standardized,293,1.3790318965911865,0
Q,all_blocks,channel_standardized,294,1.3767224550247192,0
Q,all_blocks,channel_standardized,295,1.3698933124542236,0
Q,all_blocks,channel_standardized,296,1.3673018217086792,0
Q,all_blocks,channel_standardized,297,1.3650773763656616,0
Q,all_blocks,channel_standardized,298,1.3639665842056274,0
Q,all_blocks,channel_standardized,299,1.3624582290649414,0
Q,all_blocks,channel_standardized,300,1.358596682548523,0
Q,all_blocks,channel_standardized,301,1.357115387916565,0
Q,all_blocks,channel_standardized,302,1.3544384241104126,0
Q,all_blocks,channel_standardized,303,1.3528010845184326,0
Q,all_blocks,channel_standardized,304,1.3506691455841064,0
Q,all_blocks,channel_standardized,305,1.3483740091323853,0
Q,all_blocks,channel_standardized,306,1.3459385633468628,0
Q,all_blocks,channel_standardized,307,1.3430002927780151,0
Q,all_blocks,channel_standardized,308,1.3413035869598389,0
Q,all_blocks,channel_standardized,309,1.3402998447418213,0
Q,all_blocks,channel_standardized,310,1.3401169776916504,0
Q,all_blocks,channel_standardized,311,1.3344871997833252,0
Q,all_blocks,channel_standardized,312,1.3314905166625977,0
Q,all_blocks,channel_standardized,313,1.3310469388961792,0
Q,all_blocks,channel_standardized,314,1.3284366130828857,0
Q,all_blocks,channel_standardized,315,1.3279811143875122,0
Q,all_blocks,channel_standardized,316,1.3231760263442993,0
Q,all_blocks,channel_standardized,317,1.3214905261993408,0
Q,all_blocks,channel_standardized,318,1.3199542760849,0
Q,all_blocks,channel_standardized,319,1.3179057836532593,0
Q,all_blocks,channel_standardized,320,1.317031741142273,0
Q,all_blocks,channel_standardized,321,1.3142294883728027,0
Q,all_blocks,channel_standardized,322,1.3117797374725342,0
Q,all_blocks,channel_standardized,323,1.3095229864120483,0
Q,all_blocks,channel_standardized,324,1.3069822788238525,0
Q,all_blocks,channel_standardized,325,1.3034894466400146,0
Q,all_blocks,channel_standardized,326,1.3012570142745972,0
Q,all_blocks,channel_standardized,327,1.3008835315704346,0
Q,all_blocks,channel_standardized,328,1.2960563898086548,0
Q,all_blocks,channel_standardized,329,1.2950408458709717,0
Q,all_blocks,channel_standardized,330,1.2933309078216553,0
Q,all_blocks,channel_standardized,331,1.290500521659851,0
Q,all_blocks,channel_standardized,332,1.2873297929763794,0
Q,all_blocks,channel_standardized,333,1.2840253114700317,0
Q,all_blocks,channel_standardized,334,1.2827264070510864,0
Q,all_blocks,channel_standardized,335,1.2817903757095337,0
Q,all_blocks,channel_standardized,336,1.2795405387878418,0
Q,all_blocks,channel_standardized,337,1.2770967483520508,0
Q,all_blocks,channel_standardized,338,1.2752386331558228,0
Q,all_blocks,channel_standardized,339,1.2735981941223145,0
Q,all_blocks,channel_standardized,340,1.272621750831604,0
Q,all_blocks,channel_standardized,341,1.2710658311843872,0
Q,all_blocks,channel_standardized,342,1.2696654796600342,0
Q,all_blocks,channel_standardized,343,1.2674813270568848,0
Q,all_blocks,channel_standardized,344,1.2664068937301636,0
Q,all_blocks,channel_standardized,345,1.2637890577316284,0
Q,all_blocks,channel_standardized,346,1.2627381086349487,0
Q,all_blocks,channel_standardized,347,1.2593083381652832,0
Q,all_blocks,channel_standardized,348,1.2576484680175781,0
Q,all_blocks,channel_standardized,349,1.2561501264572144,0
Q,all_blocks,channel_standardized,350,1.2535417079925537,0
Q,all_blocks,channel_standardized,351,1.2509976625442505,0
Q,all_blocks,channel_standardized,352,1.2506849765777588,0
Q,all_blocks,channel_standardized,353,1.2497526407241821,0
Q,all_blocks,channel_standardized,354,1.2457334995269775,0
Q,all_blocks,channel_standardized,355,1.2435321807861328,0
Q,all_blocks,channel_standardized,356,1.2428408861160278,0
Q,all_blocks,channel_standardized,357,1.2400020360946655,0
Q,all_blocks,channel_standardized,358,1.2382731437683105,0
Q,all_blocks,channel_standardized,359,1.2377119064331055,0
Q,all_blocks,channel_standardized,360,1.2365987300872803,0
Q,all_blocks,channel_standardized,361,1.233257532119751,0
Q,all_blocks,channel_standardized,362,1.232473373413086,0
Q,all_blocks,channel_standardized,363,1.2321412563323975,0
Q,all_blocks,channel_standardized,364,1.2291866540908813,0
Q,all_blocks,channel_standardized,365,1.227272629737854,0
Q,all_blocks,channel_standardized,366,1.2247337102890015,0
Q,all_blocks,channel_standardized,367,1.222798228263855,0
Q,all_blocks,channel_standardized,368,1.220610499382019,0
Q,all_blocks,channel_standardized,369,1.2193408012390137,0
Q,all_blocks,channel_standardized,370,1.2168731689453125,0
Q,all_blocks,channel_standardized,371,1.214199185371399,0
Q,all_blocks,channel_standardized,372,1.21102774143219,0
Q,all_blocks,channel_standardized,373,1.2084743976593018,0
Q,all_blocks,channel_standardized,374,1.2063767910003662,0
Q,all_blocks,channel_standardized,375,1.2043181657791138,0
Q,all_blocks,channel_standardized,376,1.2041456699371338,0
Q,all_blocks,channel_standardized,377,1.2024730443954468,0
Q,all_blocks,channel_standardized,378,1.2013623714447021,0
Q,all_blocks,channel_standardized,379,1.1986697912216187,0
Q,all_blocks,channel_standardized,380,1.196628212928772,0
Q,all_blocks,channel_standardized,381,1.1954073905944824,0
Q,all_blocks,channel_standardized,382,1.195299506187439,0
Q,all_blocks,channel_standardized,383,1.192267656326294,0
Q,all_blocks,channel_standardized,384,1.1906007528305054,0
Q,all_blocks,channel_standardized,385,1.1890829801559448,0
Q,all_blocks,channel_standardized,386,1.1863497495651245,0
Q,all_blocks,channel_standardized,387,1.18608558177948,0
Q,all_blocks,channel_standardized,388,1.1843581199645996,0
Q,all_blocks,channel_standardized,389,1.1818426847457886,0
Q,all_blocks,channel_standardized,390,1.1811751127243042,0
Q,all_blocks,channel_standardized,391,1.1795556545257568,0
Q,all_blocks,channel_standardized,392,1.179011583328247,0
Q,all_blocks,channel_standardized,393,1.1769347190856934,0
Q,all_blocks,channel_standardized,394,1.1740949153900146,0
Q,all_blocks,channel_standardized,395,1.171689510345459,0
Q,all_blocks,channel_standardized,396,1.169999122619629,0
Q,all_blocks,channel_standardized,397,1.1680883169174194,0
Q,all_blocks,channel_standardized,398,1.1678739786148071,0
Q,all_blocks,channel_standardized,399,1.1652122735977173,0
Q,all_blocks,channel_standardized,400,1.163200855255127,0
Q,all_blocks,channel_standardized,401,1.161421537399292,0
Q,all_blocks,channel_standardized,402,1.1601794958114624,0
Q,all_blocks,channel_standardized,403,1.1586496829986572,0
Q,all_blocks,channel_standardized,404,1.1555942296981812,0
Q,all_blocks,channel_standardized,405,1.152793288230896,0
Q,all_blocks,channel_standardized,406,1.150382399559021,0
Q,all_blocks,channel_standardized,407,1.1499069929122925,0
Q,all_blocks,channel_standardized,408,1.1475738286972046,0
Q,all_blocks,channel_standardized,409,1.146945595741272,0
Q,all_blocks,channel_standardized,410,1.1456151008605957,0
Q,all_blocks,channel_standardized,411,1.1442111730575562,0
Q,all_blocks,channel_standardized,412,1.1420098543167114,0
Q,all_blocks,channel_standardized,413,1.140202522277832,0
Q,all_blocks,channel_standardized,414,1.1395949125289917,0
Q,all_blocks,channel_standardized,415,1.1381405591964722,0
Q,all_blocks,channel_standardized,416,1.1355619430541992,0
Q,all_blocks,channel_standardized,417,1.1344540119171143,0
Q,all_blocks,channel_standardized,418,1.131643295288086,0
Q,all_blocks,channel_standardized,419,1.128968358039856,0
Q,all_blocks,channel_standardized,420,1.1281535625457764,0
Q,all_blocks,channel_standardized,421,1.127192497253418,0
Q,all_blocks,channel_standardized,422,1.1258310079574585,0
Q,all_blocks,channel_standardized,423,1.1241414546966553,0
Q,all_blocks,channel_standardized,424,1.1228581666946411,0
Q,all_blocks,channel_standardized,425,1.1199109554290771,0
Q,all_blocks,channel_standardized,426,1.1181728839874268,0
Q,all_blocks,channel_standardized,427,1.114628553390503,0
Q,all_blocks,channel_standardized,428,1.113808035850525,0
Q,all_blocks,channel_standardized,429,1.1132858991622925,0
Q,all_blocks,channel_standardized,430,1.1108119487762451,0
Q,all_blocks,channel_standardized,431,1.1097005605697632,0
Q,all_blocks,channel_standardized,432,1.1084741353988647,0
Q,all_blocks,channel_standardized,433,1.1070783138275146,0
Q,all_blocks,channel_standardized,434,1.1048136949539185,0
Q,all_blocks,channel_standardized,435,1.1036969423294067,0
Q,all_blocks,channel_standardized,436,1.1034018993377686,0
Q,all_blocks,channel_standardized,437,1.1025854349136353,0
Q,all_blocks,channel_standardized,438,1.1005308628082275,0
Q,all_blocks,channel_standardized,439,1.0979681015014648,0
Q,all_blocks,channel_standardized,440,1.0961483716964722,0
Q,all_blocks,channel_standardized,441,1.0950039625167847,0
Q,all_blocks,channel_standardized,442,1.093940258026123,0
Q,all_blocks,channel_standardized,443,1.0937834978103638,0
Q,all_blocks,channel_standardized,444,1.0918004512786865,0
Q,all_blocks,channel_standardized,445,1.0889723300933838,0
Q,all_blocks,channel_standardized,446,1.0876425504684448,0
Q,all_blocks,channel_standardized,447,1.0854949951171875,0
Q,all_blocks,channel_standardized,448,1.0833704471588135,0
Q,all_blocks,channel_standardized,449,1.0821325778961182,0
Q,all_blocks,channel_standardized,450,1.0813546180725098,0
Q,all_blocks,channel_standardized,451,1.0800812244415283,0
Q,all_blocks,channel_standardized,452,1.0783034563064575,0
Q,all_blocks,channel_standardized,453,1.0767477750778198,0
Q,all_blocks,channel_standardized,454,1.0745192766189575,0
Q,all_blocks,channel_standardized,455,1.0720758438110352,0
Q,all_blocks,channel_standardized,456,1.07176673412323,0
Q,all_blocks,channel_standardized,457,1.0691232681274414,0
Q,all_blocks,channel_standardized,458,1.0680910348892212,0
Q,all_blocks,channel_standardized,459,1.0665496587753296,0
Q,all_blocks,channel_standardized,460,1.0655509233474731,0
Q,all_blocks,channel_standardized,461,1.0633960962295532,0
Q,all_blocks,channel_standardized,462,1.0623019933700562,0
Q,all_blocks,channel_standardized,463,1.0619810819625854,0
Q,all_blocks,channel_standardized,464,1.0594971179962158,0
Q,all_blocks,channel_standardized,465,1.0579475164413452,0
Q,all_blocks,channel_standardized,466,1.0568925142288208,0
Q,all_blocks,channel_standardized,467,1.0561854839324951,0
Q,all_blocks,channel_standardized,468,1.053978443145752,0
Q,all_blocks,channel_standardized,469,1.0534005165100098,0
Q,all_blocks,channel_standardized,470,1.0521434545516968,0
Q,all_blocks,channel_standardized,471,1.0507341623306274,0
Q,all_blocks,channel_standardized,472,1.0484483242034912,0
Q,all_blocks,channel_standardized,473,1.047759771347046,0
Q,all_blocks,channel_standardized,474,1.0462487936019897,0
Q,all_blocks,channel_standardized,475,1.0447719097137451,0
Q,all_blocks,channel_standardized,476,1.0434987545013428,0
Q,all_blocks,channel_standardized,477,1.0426174402236938,0
Q,all_blocks,channel_standardized,478,1.0413836240768433,0
Q,all_blocks,channel_standardized,479,1.0385258197784424,0
Q,all_blocks,channel_standardized,480,1.037734866142273,0
Q,all_blocks,channel_standardized,481,1.0363000631332397,0
Q,all_blocks,channel_standardized,482,1.0347464084625244,0
Q,all_blocks,channel_standardized,483,1.032585859298706,0
Q,all_blocks,channel_standardized,484,1.0302656888961792,0
Q,all_blocks,channel_standardized,485,1.0295166969299316,0
Q,all_blocks,channel_standardized,486,1.027444839477539,0
Q,all_blocks,channel_standardized,487,1.024958848953247,0
Q,all_blocks,channel_standardized,488,1.0244866609573364,0
Q,all_blocks,channel_standardized,489,1.0238370895385742,0
Q,all_blocks,channel_standardized,490,1.0222785472869873,0
Q,all_blocks,channel_standardized,491,1.0215957164764404,0
Q,all_blocks,channel_standardized,492,1.020034670829773,0
Q,all_blocks,channel_standardized,493,1.0193597078323364,0
Q,all_blocks,channel_standardized,494,1.017762303352356,0
Q,all_blocks,channel_standardized,495,1.0159587860107422,0
Q,all_blocks,channel_standardized,496,1.0132509469985962,0
Q,all_blocks,channel_standardized,497,1.010858178138733,0
Q,all_blocks,channel_standardized,498,1.0105255842208862,0
Q,all_blocks,channel_standardized,499,1.009113073348999,0
Q,all_blocks,channel_standardized,500,1.0080245733261108,0
Q,all_blocks,channel_standardized,501,1.006301760673523,0
Q,all_blocks,channel_standardized,502,1.0054463148117065,0
Q,all_blocks,channel_standardized,503,1.0043787956237793,0
Q,all_blocks,channel_standardized,504,1.002931833267212,0
Q,all_blocks,channel_standardized,505,1.0021085739135742,0
Q,all_blocks,channel_standardized,506,0.9997718930244446,0
Q,all_blocks,channel_standardized,507,0.9984372854232788,0
Q,all_blocks,channel_standardized,508,0.996842086315155,0
Q,all_blocks,channel_standardized,509,0.9951220154762268,0
Q,all_blocks,channel_standardized,510,0.9939647316932678,0
Q,all_blocks,channel_standardized,511,0.992142379283905,0
Q,all_blocks,channel_standardized,512,0.9909489750862122,0
Q,all_blocks,channel_standardized,513,0.9895864725112915,0
Q,all_blocks,channel_standardized,514,0.9889781475067139,0
Q,all_blocks,channel_standardized,515,0.9877527952194214,0
Q,all_blocks,channel_standardized,516,0.9863131046295166,0
Q,all_blocks,channel_standardized,517,0.9850678443908691,0
Q,all_blocks,channel_standardized,518,0.9834392070770264,0
Q,all_blocks,channel_standardized,519,0.9831861257553101,0
Q,all_blocks,channel_standardized,520,0.9822443127632141,0
Q,all_blocks,channel_standardized,521,0.9816213250160217,0
Q,all_blocks,channel_standardized,522,0.9791404604911804,0
Q,all_blocks,channel_standardized,523,0.977253794670105,0
Q,all_blocks,channel_standardized,524,0.9766492247581482,0
Q,all_blocks,channel_standardized,525,0.9760801196098328,0
Q,all_blocks,channel_standardized,526,0.9740712642669678,0
Q,all_blocks,channel_standardized,527,0.9723742604255676,0
Q,all_blocks,channel_standardized,528,0.9707614183425903,0
Q,all_blocks,channel_standardized,529,0.9700251817703247,0
Q,all_blocks,channel_standardized,530,0.9690625071525574,0
Q,all_blocks,channel_standardized,531,0.9664156436920166,0
Q,all_blocks,channel_standardized,532,0.9660633206367493,0
Q,all_blocks,channel_standardized,533,0.9650533199310303,0
Q,all_blocks,channel_standardized,534,0.9635226130485535,0
Q,all_blocks,channel_standardized,535,0.9632889628410339,0
Q,all_blocks,channel_standardized,536,0.962358832359314,0
Q,all_blocks,channel_standardized,537,0.9609854221343994,0
Q,all_blocks,channel_standardized,538,0.9587675333023071,0
Q,all_blocks,channel_standardized,539,0.9569224715232849,0
Q,all_blocks,channel_standardized,540,0.9556651711463928,0
Q,all_blocks,channel_standardized,541,0.9544795155525208,0
Q,all_blocks,channel_standardized,542,0.9531840085983276,0
Q,all_blocks,channel_standardized,543,0.9516140818595886,0
Q,all_blocks,channel_standardized,544,0.9500898718833923,0
Q,all_blocks,channel_standardized,545,0.9491826295852661,0
Q,all_blocks,channel_standardized,546,0.9475753307342529,0
Q,all_blocks,channel_standardized,547,0.9467817544937134,0
Q,all_blocks,channel_standardized,548,0.9457316994667053,0
Q,all_blocks,channel_standardized,549,0.9442676305770874,0
Q,all_blocks,channel_standardized,550,0.941399097442627,0
Q,all_blocks,channel_standardized,551,0.9411929845809937,0
Q,all_blocks,channel_standardized,552,0.9392455816268921,0
Q,all_blocks,channel_standardized,553,0.9385551810264587,0
Q,all_blocks,channel_standardized,554,0.9373058080673218,0
Q,all_blocks,channel_standardized,555,0.9370986223220825,0
Q,all_blocks,channel_standardized,556,0.9349498152732849,0
Q,all_blocks,channel_standardized,557,0.9336124062538147,0
Q,all_blocks,channel_standardized,558,0.9329832196235657,0
Q,all_blocks,channel_standardized,559,0.9323498606681824,0
Q,all_blocks,channel_standardized,560,0.9315334558486938,0
Q,all_blocks,channel_standardized,561,0.9297168850898743,0
Q,all_blocks,channel_standardized,562,0.9287229180335999,0
Q,all_blocks,channel_standardized,563,0.9264775514602661,0
Q,all_blocks,channel_standardized,564,0.9255291223526001,0
Q,all_blocks,channel_standardized,565,0.9240710139274597,0
Q,all_blocks,channel_standardized,566,0.923040509223938,0
Q,all_blocks,channel_standardized,567,0.9220318794250488,0
Q,all_blocks,channel_standardized,568,0.9203895926475525,0
Q,all_blocks,channel_standardized,569,0.9197018146514893,0
Q,all_blocks,channel_standardized,570,0.9194663166999817,0
Q,all_blocks,channel_standardized,571,0.9166205525398254,0
Q,all_blocks,channel_standardized,572,0.9161418080329895,0
Q,all_blocks,channel_standardized,573,0.9152222871780396,0
Q,all_blocks,channel_standardized,574,0.9126099944114685,0
Q,all_blocks,channel_standardized,575,0.9113370776176453,0
Q,all_blocks,channel_standardized,576,0.909164309501648,0
Q,all_blocks,channel_standardized,577,0.9088244438171387,0
Q,all_blocks,channel_standardized,578,0.9078525304794312,0
Q,all_blocks,channel_standardized,579,0.9056443572044373,0
Q,all_blocks,channel_standardized,580,0.9051068425178528,0
Q,all_blocks,channel_standardized,581,0.9040316343307495,0
Q,all_blocks,channel_standardized,582,0.9015569686889648,0
Q,all_blocks,channel_standardized,583,0.9010027050971985,0
Q,all_blocks,channel_standardized,584,0.8997642993927002,0
Q,all_blocks,channel_standardized,585,0.8987013101577759,0
Q,all_blocks,channel_standardized,586,0.8973703384399414,0
Q,all_blocks,channel_standardized,587,0.8969209790229797,0
Q,all_blocks,channel_standardized,588,0.8955317139625549,0
Q,all_blocks,channel_standardized,589,0.8937803506851196,0
Q,all_blocks,channel_standardized,590,0.8927538394927979,0
Q,all_blocks,channel_standardized,591,0.8919999003410339,0
Q,all_blocks,channel_standardized,592,0.8912667036056519,0
Q,all_blocks,channel_standardized,593,0.8900158405303955,0
Q,all_blocks,channel_standardized,594,0.8887943625450134,0
Q,all_blocks,channel_standardized,595,0.8881412744522095,0
Q,all_blocks,channel_standardized,596,0.8867678642272949,0
Q,all_blocks,channel_standardized,597,0.8853089809417725,0
Q,all_blocks,channel_standardized,598,0.8836270570755005,0
Q,all_blocks,channel_standardized,599,0.8831021189689636,0
Q,all_blocks,channel_standardized,600,0.8799505233764648,0
Q,all_blocks,channel_standardized,601,0.8792636394500732,0
Q,all_blocks,channel_standardized,602,0.8785724639892578,0
Q,all_blocks,channel_standardized,603,0.876399040222168,0
Q,all_blocks,channel_standardized,604,0.8759883642196655,0
Q,all_blocks,channel_standardized,605,0.8750892877578735,0
Q,all_blocks,channel_standardized,606,0.8740410804748535,0
Q,all_blocks,channel_standardized,607,0.8733515739440918,0
Q,all_blocks,channel_standardized,608,0.8724120855331421,0
Q,all_blocks,channel_standardized,609,0.8717249631881714,0
Q,all_blocks,channel_standardized,610,0.8702845573425293,0
Q,all_blocks,channel_standardized,611,0.8689079880714417,0
Q,all_blocks,channel_standardized,612,0.8680684566497803,0
Q,all_blocks,channel_standardized,613,0.8674073815345764,0
Q,all_blocks,channel_standardized,614,0.8665450811386108,0
Q,all_blocks,channel_standardized,615,0.8641908168792725,0
Q,all_blocks,channel_standardized,616,0.8619306683540344,0
Q,all_blocks,channel_standardized,617,0.8609364032745361,0
Q,all_blocks,channel_standardized,618,0.8596023321151733,0
Q,all_blocks,channel_standardized,619,0.8590689897537231,0
Q,all_blocks,channel_standardized,620,0.8586769104003906,0
Q,all_blocks,channel_standardized,621,0.8575884699821472,0
Q,all_blocks,channel_standardized,622,0.8562610745429993,0
Q,all_blocks,channel_standardized,623,0.8555557727813721,0
Q,all_blocks,channel_standardized,624,0.8543949127197266,0
Q,all_blocks,channel_standardized,625,0.852273166179657,0
Q,all_blocks,channel_standardized,626,0.8512580990791321,0
Q,all_blocks,channel_standardized,627,0.8510192632675171,0
Q,all_blocks,channel_standardized,628,0.8495135307312012,0
Q,all_blocks,channel_standardized,629,0.848332405090332,0
Q,all_blocks,channel_standardized,630,0.847396731376648,0
Q,all_blocks,channel_standardized,631,0.8467012643814087,0
Q,all_blocks,channel_standardized,632,0.8455828428268433,0
Q,all_blocks,channel_standardized,633,0.8441113829612732,0
Q,all_blocks,channel_standardized,634,0.8431641459465027,0
Q,all_blocks,channel_standardized,635,0.8420899510383606,0
Q,all_blocks,channel_standardized,636,0.8401440382003784,0
Q,all_blocks,channel_standardized,637,0.8394113183021545,0
Q,all_blocks,channel_standardized,638,0.8375454545021057,0
Q,all_blocks,channel_standardized,639,0.8369365930557251,0
Q,all_blocks,channel_standardized,640,0.835973858833313,0
Q,all_blocks,channel_standardized,641,0.8344537019729614,0
Q,all_blocks,channel_standardized,642,0.8335071802139282,0
Q,all_blocks,channel_standardized,643,0.8333711624145508,0
Q,all_blocks,channel_standardized,644,0.8319816589355469,0
Q,all_blocks,channel_standardized,645,0.8299541473388672,0
Q,all_blocks,channel_standardized,646,0.8297616839408875,0
Q,all_blocks,channel_standardized,647,0.8264999389648438,0
Q,all_blocks,channel_standardized,648,0.8261363506317139,0
Q,all_blocks,channel_standardized,649,0.8255642056465149,0
Q,all_blocks,channel_standardized,650,0.8255530595779419,0
Q,all_blocks,channel_standardized,651,0.8237721920013428,0
Q,all_blocks,channel_standardized,652,0.822662353515625,0
Q,all_blocks,channel_standardized,653,0.8216239213943481,0
Q,all_blocks,channel_standardized,654,0.8203168511390686,0
Q,all_blocks,channel_standardized,655,0.8183175921440125,0
Q,all_blocks,channel_standardized,656,0.8175594806671143,0
Q,all_blocks,channel_standardized,657,0.8171955943107605,0
Q,all_blocks,channel_standardized,658,0.815784215927124,0
Q,all_blocks,channel_standardized,659,0.8143583536148071,0
Q,all_blocks,channel_standardized,660,0.8136221766471863,0
Q,all_blocks,channel_standardized,661,0.8130397200584412,0
Q,all_blocks,channel_standardized,662,0.811203122138977,0
Q,all_blocks,channel_standardized,663,0.8102128505706787,0
Q,all_blocks,channel_standardized,664,0.8090707659721375,0
Q,all_blocks,channel_standardized,665,0.8082480430603027,0
Q,all_blocks,channel_standardized,666,0.8075578808784485,0
Q,all_blocks,channel_standardized,667,0.8060782551765442,0
Q,all_blocks,channel_standardized,668,0.8048920631408691,0
Q,all_blocks,channel_standardized,669,0.8040517568588257,0
Q,all_blocks,channel_standardized,670,0.8031543493270874,0
Q,all_blocks,channel_standardized,671,0.8019712567329407,0
Q,all_blocks,channel_standardized,672,0.7998640537261963,0
Q,all_blocks,channel_standardized,673,0.7997956275939941,0
Q,all_blocks,channel_standardized,674,0.7978591918945312,0
Q,all_blocks,channel_standardized,675,0.7977326512336731,0
Q,all_blocks,channel_standardized,676,0.7970972657203674,0
Q,all_blocks,channel_standardized,677,0.7964264154434204,0
Q,all_blocks,channel_standardized,678,0.7944627404212952,0
Q,all_blocks,channel_standardized,679,0.793837308883667,0
Q,all_blocks,channel_standardized,680,0.7920814752578735,0
Q,all_blocks,channel_standardized,681,0.7917656898498535,0
Q,all_blocks,channel_standardized,682,0.7910651564598083,0
Q,all_blocks,channel_standardized,683,0.7882640361785889,0
Q,all_blocks,channel_standardized,684,0.7876573801040649,0
Q,all_blocks,channel_standardized,685,0.787032961845398,0
Q,all_blocks,channel_standardized,686,0.7863955497741699,0
Q,all_blocks,channel_standardized,687,0.7855474352836609,0
Q,all_blocks,channel_standardized,688,0.7840626239776611,0
Q,all_blocks,channel_standardized,689,0.7827386856079102,0
Q,all_blocks,channel_standardized,690,0.7825698852539062,0
Q,all_blocks,channel_standardized,691,0.7814316749572754,0
Q,all_blocks,channel_standardized,692,0.7801039218902588,0
Q,all_blocks,channel_standardized,693,0.7792766094207764,0
Q,all_blocks,channel_standardized,694,0.7788682579994202,0
Q,all_blocks,channel_standardized,695,0.7778410911560059,0
Q,all_blocks,channel_standardized,696,0.7754182815551758,0
Q,all_blocks,channel_standardized,697,0.7746798396110535,0
Q,all_blocks,channel_standardized,698,0.7730218172073364,0
Q,all_blocks,channel_standardized,699,0.7721771001815796,0
Q,all_blocks,channel_standardized,700,0.7717743515968323,0
Q,all_blocks,channel_standardized,701,0.7705511450767517,0
Q,all_blocks,channel_standardized,702,0.7699224352836609,0
Q,all_blocks,channel_standardized,703,0.7691076397895813,0
Q,all_blocks,channel_standardized,704,0.7675992250442505,0
Q,all_blocks,channel_standardized,705,0.7666596174240112,0
Q,all_blocks,channel_standardized,706,0.7659925222396851,0
Q,all_blocks,channel_standardized,707,0.7642351984977722,0
Q,all_blocks,channel_standardized,708,0.762951672077179,0
Q,all_blocks,channel_standardized,709,0.7620304226875305,0
Q,all_blocks,channel_standardized,710,0.7610273957252502,0
Q,all_blocks,channel_standardized,711,0.7604655623435974,0
Q,all_blocks,channel_standardized,712,0.7601872682571411,0
Q,all_blocks,channel_standardized,713,0.759355366230011,0
Q,all_blocks,channel_standardized,714,0.7582998871803284,0
Q,all_blocks,channel_standardized,715,0.7563176155090332,0
Q,all_blocks,channel_standardized,716,0.7551025748252869,0
Q,all_blocks,channel_standardized,717,0.7536071538925171,0
Q,all_blocks,channel_standardized,718,0.7525999546051025,0
Q,all_blocks,channel_standardized,719,0.752541720867157,0
Q,all_blocks,channel_standardized,720,0.7516753077507019,0
Q,all_blocks,channel_standardized,721,0.7509288787841797,0
Q,all_blocks,channel_standardized,722,0.7491787075996399,0
Q,all_blocks,channel_standardized,723,0.7486150860786438,0
Q,all_blocks,channel_standardized,724,0.7469806671142578,0
Q,all_blocks,channel_standardized,725,0.7463776469230652,0
Q,all_blocks,channel_standardized,726,0.7455518245697021,0
Q,all_blocks,channel_standardized,727,0.7438718676567078,0
Q,all_blocks,channel_standardized,728,0.7428810000419617,0
Q,all_blocks,channel_standardized,729,0.7417382001876831,0
Q,all_blocks,channel_standardized,730,0.7407211661338806,0
Q,all_blocks,channel_standardized,731,0.7404412031173706,0
Q,all_blocks,channel_standardized,732,0.7393092513084412,0
Q,all_blocks,channel_standardized,733,0.7389273047447205,0
Q,all_blocks,channel_standardized,734,0.7375166416168213,0
Q,all_blocks,channel_standardized,735,0.7372277975082397,0
Q,all_blocks,channel_standardized,736,0.7359018325805664,0
Q,all_blocks,channel_standardized,737,0.7353838086128235,0
Q,all_blocks,channel_standardized,738,0.7344895005226135,0
Q,all_blocks,channel_standardized,739,0.7330177426338196,0
Q,all_blocks,channel_standardized,740,0.731086015701294,0
Q,all_blocks,channel_standardized,741,0.7304136157035828,0
Q,all_blocks,channel_standardized,742,0.7290385961532593,0
Q,all_blocks,channel_standardized,743,0.7276264429092407,0
Q,all_blocks,channel_standardized,744,0.7270469665527344,0
Q,all_blocks,channel_standardized,745,0.7258925437927246,0
Q,all_blocks,channel_standardized,746,0.7251385450363159,0
Q,all_blocks,channel_standardized,747,0.7238501906394958,0
Q,all_blocks,channel_standardized,748,0.7233802080154419,0
Q,all_blocks,channel_standardized,749,0.7229102849960327,0
Q,all_blocks,channel_standardized,750,0.7221086621284485,0
Q,all_blocks,channel_standardized,751,0.7208861112594604,0
Q,all_blocks,channel_standardized,752,0.7200314402580261,0
Q,all_blocks,channel_standardized,753,0.7189655303955078,0
Q,all_blocks,channel_standardized,754,0.7181591987609863,0
Q,all_blocks,channel_standardized,755,0.7170827984809875,0
Q,all_blocks,channel_standardized,756,0.71662837266922,0
Q,all_blocks,channel_standardized,757,0.7154508233070374,0
Q,all_blocks,channel_standardized,758,0.7151605486869812,0
Q,all_blocks,channel_standardized,759,0.7147773504257202,0
Q,all_blocks,channel_standardized,760,0.7121885418891907,0
Q,all_blocks,channel_standardized,761,0.7116034626960754,0
Q,all_blocks,channel_standardized,762,0.7107030153274536,0
Q,all_blocks,channel_standardized,763,0.7105208039283752,0
Q,all_blocks,channel_standardized,764,0.7093780040740967,0
Q,all_blocks,channel_standardized,765,0.7074825167655945,0
Q,all_blocks,channel_standardized,766,0.7063765525817871,0
Q,all_blocks,channel_standardized,767,0.7055224180221558,0
Q,all_blocks,channel_standardized,768,0.7047573924064636,0
Q,all_blocks,channel_standardized,769,0.7036458849906921,0
Q,all_blocks,channel_standardized,770,0.7029074430465698,0
Q,all_blocks,channel_standardized,771,0.7022684216499329,0
Q,all_blocks,channel_standardized,772,0.7012487053871155,0
Q,all_blocks,channel_standardized,773,0.7000772953033447,0
Q,all_blocks,channel_standardized,774,0.6996123790740967,0
Q,all_blocks,channel_standardized,775,0.6993157267570496,0
Q,all_blocks,channel_standardized,776,0.6982952952384949,0
Q,all_blocks,channel_standardized,777,0.6968324184417725,0
Q,all_blocks,channel_standardized,778,0.695921778678894,0
Q,all_blocks,channel_standardized,779,0.6951268315315247,0
Q,all_blocks,channel_standardized,780,0.6945940256118774,0
Q,all_blocks,channel_standardized,781,0.6937105059623718,0
Q,all_blocks,channel_standardized,782,0.692747950553894,0
Q,all_blocks,channel_standardized,783,0.6921459436416626,0
Q,all_blocks,channel_standardized,784,0.6911596059799194,0
Q,all_blocks,channel_standardized,785,0.6899576783180237,0
Q,all_blocks,channel_standardized,786,0.6882393956184387,0
Q,all_blocks,channel_standardized,787,0.6874569654464722,0
Q,all_blocks,channel_standardized,788,0.6860542297363281,0
Q,all_blocks,channel_standardized,789,0.685489296913147,0
Q,all_blocks,channel_standardized,790,0.6847880482673645,0
Q,all_blocks,channel_standardized,791,0.6843836903572083,0
Q,all_blocks,channel_standardized,792,0.6835959553718567,0
Q,all_blocks,channel_standardized,793,0.6832490563392639,0
Q,all_blocks,channel_standardized,794,0.6826321482658386,0
Q,all_blocks,channel_standardized,795,0.6818313598632812,0
Q,all_blocks,channel_standardized,796,0.6809042692184448,0
Q,all_blocks,channel_standardized,797,0.6798884272575378,0
Q,all_blocks,channel_standardized,798,0.6782726049423218,0
Q,all_blocks,channel_standardized,799,0.6771349906921387,0
Q,all_blocks,channel_standardized,800,0.676066517829895,0
Q,all_blocks,channel_standardized,801,0.6755960583686829,0
Q,all_blocks,channel_standardized,802,0.6746966242790222,0
Q,all_blocks,channel_standardized,803,0.6738632917404175,0
Q,all_blocks,channel_standardized,804,0.6726244688034058,0
Q,all_blocks,channel_standardized,805,0.6714993119239807,0
Q,all_blocks,channel_standardized,806,0.6711212992668152,0
Q,all_blocks,channel_standardized,807,0.6694775819778442,0
Q,all_blocks,channel_standardized,808,0.6678633093833923,0
Q,all_blocks,channel_standardized,809,0.6672360301017761,0
Q,all_blocks,channel_standardized,810,0.6666446924209595,0
Q,all_blocks,channel_standardized,811,0.6657918095588684,0
Q,all_blocks,channel_standardized,812,0.6650934219360352,0
Q,all_blocks,channel_standardized,813,0.6643406748771667,0
Q,all_blocks,channel_standardized,814,0.6632776856422424,0
Q,all_blocks,channel_standardized,815,0.6625596284866333,0
Q,all_blocks,channel_standardized,816,0.6613109111785889,0
Q,all_blocks,channel_standardized,817,0.6608110070228577,0
Q,all_blocks,channel_standardized,818,0.6596148014068604,0
Q,all_blocks,channel_standardized,819,0.6588952541351318,0
Q,all_blocks,channel_standardized,820,0.6582244634628296,0
Q,all_blocks,channel_standardized,821,0.6576825976371765,0
Q,all_blocks,channel_standardized,822,0.6562369465827942,0
Q,all_blocks,channel_standardized,823,0.6553458571434021,0
Q,all_blocks,channel_standardized,824,0.6546871066093445,0
Q,all_blocks,channel_standardized,825,0.6544491648674011,0
Q,all_blocks,channel_standardized,826,0.6528729796409607,0
Q,all_blocks,channel_standardized,827,0.651554524898529,0
Q,all_blocks,channel_standardized,828,0.6508793830871582,0
Q,all_blocks,channel_standardized,829,0.6500970125198364,0
Q,all_blocks,channel_standardized,830,0.6492832899093628,0
Q,all_blocks,channel_standardized,831,0.6484211683273315,0
Q,all_blocks,channel_standardized,832,0.6477340459823608,0
Q,all_blocks,channel_standardized,833,0.6472641229629517,0
Q,all_blocks,channel_standardized,834,0.6461043953895569,0
Q,all_blocks,channel_standardized,835,0.6456376910209656,0
Q,all_blocks,channel_standardized,836,0.6445975303649902,0
Q,all_blocks,channel_standardized,837,0.6424388885498047,0
Q,all_blocks,channel_standardized,838,0.641730785369873,0
Q,all_blocks,channel_standardized,839,0.6415109634399414,0
Q,all_blocks,channel_standardized,840,0.6402978897094727,0
Q,all_blocks,channel_standardized,841,0.6394731402397156,0
Q,all_blocks,channel_standardized,842,0.6383554935455322,0
Q,all_blocks,channel_standardized,843,0.6381754875183105,0
Q,all_blocks,channel_standardized,844,0.6362756490707397,0
Q,all_blocks,channel_standardized,845,0.6355026960372925,0
Q,all_blocks,channel_standardized,846,0.6347681283950806,0
Q,all_blocks,channel_standardized,847,0.6343955993652344,0
Q,all_blocks,channel_standardized,848,0.6335976123809814,0
Q,all_blocks,channel_standardized,849,0.6333802938461304,0
Q,all_blocks,channel_standardized,850,0.6326300501823425,0
Q,all_blocks,channel_standardized,851,0.6318899989128113,0
Q,all_blocks,channel_standardized,852,0.6305385828018188,0
Q,all_blocks,channel_standardized,853,0.6299666166305542,0
Q,all_blocks,channel_standardized,854,0.6287673115730286,0
Q,all_blocks,channel_standardized,855,0.6273208260536194,0
Q,all_blocks,channel_standardized,856,0.6264193058013916,0
Q,all_blocks,channel_standardized,857,0.6263285875320435,0
Q,all_blocks,channel_standardized,858,0.6249237060546875,0
Q,all_blocks,channel_standardized,859,0.6245087385177612,0
Q,all_blocks,channel_standardized,860,0.6236912608146667,0
Q,all_blocks,channel_standardized,861,0.622614324092865,0
Q,all_blocks,channel_standardized,862,0.6218194961547852,0
Q,all_blocks,channel_standardized,863,0.6211802959442139,0
Q,all_blocks,channel_standardized,864,0.6200313568115234,0
Q,all_blocks,channel_standardized,865,0.6191192269325256,0
Q,all_blocks,channel_standardized,866,0.6182722449302673,0
Q,all_blocks,channel_standardized,867,0.6173865795135498,0
Q,all_blocks,channel_standardized,868,0.6166795492172241,0
Q,all_blocks,channel_standardized,869,0.6159006357192993,0
Q,all_blocks,channel_standardized,870,0.6153337955474854,0
Q,all_blocks,channel_standardized,871,0.6146394610404968,0
Q,all_blocks,channel_standardized,872,0.6133591532707214,0
Q,all_blocks,channel_standardized,873,0.6125969886779785,0
Q,all_blocks,channel_standardized,874,0.6117904782295227,0
Q,all_blocks,channel_standardized,875,0.6104769706726074,0
Q,all_blocks,channel_standardized,876,0.6100005507469177,0
Q,all_blocks,channel_standardized,877,0.6098201870918274,0
Q,all_blocks,channel_standardized,878,0.6089402437210083,0
Q,all_blocks,channel_standardized,879,0.6078163981437683,0
Q,all_blocks,channel_standardized,880,0.6074544787406921,0
Q,all_blocks,channel_standardized,881,0.6064910292625427,0
Q,all_blocks,channel_standardized,882,0.6061474680900574,0
Q,all_blocks,channel_standardized,883,0.6046391725540161,0
Q,all_blocks,channel_standardized,884,0.6027363538742065,0
Q,all_blocks,channel_standardized,885,0.6023699045181274,0
Q,all_blocks,channel_standardized,886,0.6017971038818359,0
Q,all_blocks,channel_standardized,887,0.6013141870498657,0
Q,all_blocks,channel_standardized,888,0.600058913230896,0
Q,all_blocks,channel_standardized,889,0.5996035933494568,0
Q,all_blocks,channel_standardized,890,0.5987104773521423,0
Q,all_blocks,channel_standardized,891,0.5985553860664368,0
Q,all_blocks,channel_standardized,892,0.5966452956199646,0
Q,all_blocks,channel_standardized,893,0.5961387753486633,0
Q,all_blocks,channel_standardized,894,0.5950786471366882,0
Q,all_blocks,channel_standardized,895,0.5940057039260864,0
Q,all_blocks,channel_standardized,896,0.5929394960403442,0
Q,all_blocks,channel_standardized,897,0.591657280921936,0
Q,all_blocks,channel_standardized,898,0.5913310050964355,0
Q,all_blocks,channel_standardized,899,0.5908632874488831,0
Q,all_blocks,channel_standardized,900,0.5902509689331055,0
Q,all_blocks,channel_standardized,901,0.5891194939613342,0
Q,all_blocks,channel_standardized,902,0.5888106226921082,0
Q,all_blocks,channel_standardized,903,0.5878129601478577,0
Q,all_blocks,channel_standardized,904,0.5866767764091492,0
Q,all_blocks,channel_standardized,905,0.5854960083961487,0
Q,all_blocks,channel_standardized,906,0.5851881504058838,0
Q,all_blocks,channel_standardized,907,0.5843743085861206,0
Q,all_blocks,channel_standardized,908,0.582932710647583,0
Q,all_blocks,channel_standardized,909,0.582782506942749,0
Q,all_blocks,channel_standardized,910,0.5821972489356995,0
Q,all_blocks,channel_standardized,911,0.5814910531044006,0
Q,all_blocks,channel_standardized,912,0.5802666544914246,0
Q,all_blocks,channel_standardized,913,0.5792007446289062,0
Q,all_blocks,channel_standardized,914,0.5785709023475647,0
Q,all_blocks,channel_standardized,915,0.5776134133338928,0
Q,all_blocks,channel_standardized,916,0.5772709250450134,0
Q,all_blocks,channel_standardized,917,0.57695072889328,0
Q,all_blocks,channel_standardized,918,0.5754981637001038,0
Q,all_blocks,channel_standardized,919,0.5746469497680664,0
Q,all_blocks,channel_standardized,920,0.5742030143737793,0
Q,all_blocks,channel_standardized,921,0.5741062164306641,0
Q,all_blocks,channel_standardized,922,0.572584331035614,0
Q,all_blocks,channel_standardized,923,0.5712239742279053,0
Q,all_blocks,channel_standardized,924,0.5707331299781799,0
Q,all_blocks,channel_standardized,925,0.5701512694358826,0
Q,all_blocks,channel_standardized,926,0.569654643535614,0
Q,all_blocks,channel_standardized,927,0.5687835216522217,0
Q,all_blocks,channel_standardized,928,0.5681803226470947,0
Q,all_blocks,channel_standardized,929,0.5673456192016602,0
Q,all_blocks,channel_standardized,930,0.566801130771637,0
Q,all_blocks,channel_standardized,931,0.56540846824646,0
Q,all_blocks,channel_standardized,932,0.5646917819976807,0
Q,all_blocks,channel_standardized,933,0.5638797879219055,0
Q,all_blocks,channel_standardized,934,0.5628842115402222,0
Q,all_blocks,channel_standardized,935,0.5628229379653931,0
Q,all_blocks,channel_standardized,936,0.5617841482162476,0
Q,all_blocks,channel_standardized,937,0.5608137249946594,0
Q,all_blocks,channel_standardized,938,0.560194730758667,0
Q,all_blocks,channel_standardized,939,0.559413492679596,0
Q,all_blocks,channel_standardized,940,0.5587619543075562,0
Q,all_blocks,channel_standardized,941,0.5584645867347717,0
Q,all_blocks,channel_standardized,942,0.5575413107872009,0
Q,all_blocks,channel_standardized,943,0.5570482611656189,0
Q,all_blocks,channel_standardized,944,0.5568569898605347,0
Q,all_blocks,channel_standardized,945,0.5546543598175049,0
Q,all_blocks,channel_standardized,946,0.5545387864112854,0
Q,all_blocks,channel_standardized,947,0.5537610054016113,0
Q,all_blocks,channel_standardized,948,0.5527176856994629,0
Q,all_blocks,channel_standardized,949,0.5524579286575317,0
Q,all_blocks,channel_standardized,950,0.5514395236968994,0
Q,all_blocks,channel_standardized,951,0.5498365759849548,0
Q,all_blocks,channel_standardized,952,0.5489022135734558,0
Q,all_blocks,channel_standardized,953,0.548298716545105,0
Q,all_blocks,channel_standardized,954,0.5475780963897705,0
Q,all_blocks,channel_standardized,955,0.5465700626373291,0
Q,all_blocks,channel_standardized,956,0.5459699630737305,0
Q,all_blocks,channel_standardized,957,0.5449612140655518,0
Q,all_blocks,channel_standardized,958,0.5446367263793945,0
Q,all_blocks,channel_standardized,959,0.543710470199585,0
Q,all_blocks,channel_standardized,960,0.5428176522254944,0
Q,all_blocks,channel_standardized,961,0.5419771671295166,0
Q,all_blocks,channel_standardized,962,0.541179895401001,0
Q,all_blocks,channel_standardized,963,0.540691614151001,0
Q,all_blocks,channel_standardized,964,0.5400170087814331,0
Q,all_blocks,channel_standardized,965,0.5391402244567871,0
Q,all_blocks,channel_standardized,966,0.5389106273651123,0
Q,all_blocks,channel_standardized,967,0.5379058122634888,0
Q,all_blocks,channel_standardized,968,0.5370399355888367,0
Q,all_blocks,channel_standardized,969,0.5368062853813171,0
Q,all_blocks,channel_standardized,970,0.5362902879714966,0
Q,all_blocks,channel_standardized,971,0.5357543230056763,0
Q,all_blocks,channel_standardized,972,0.5352557301521301,0
Q,all_blocks,channel_standardized,973,0.5339660048484802,0
Q,all_blocks,channel_standardized,974,0.5329625606536865,0
Q,all_blocks,channel_standardized,975,0.5321840643882751,0
Q,all_blocks,channel_standardized,976,0.5314146280288696,0
Q,all_blocks,channel_standardized,977,0.5312008261680603,0
Q,all_blocks,channel_standardized,978,0.5309463143348694,0
Q,all_blocks,channel_standardized,979,0.5301556587219238,0
Q,all_blocks,channel_standardized,980,0.5284762978553772,0
Q,all_blocks,channel_standardized,981,0.5279256701469421,0
Q,all_blocks,channel_standardized,982,0.5275782346725464,0
Q,all_blocks,channel_standardized,983,0.5266741514205933,0
Q,all_blocks,channel_standardized,984,0.5255375504493713,0
Q,all_blocks,channel_standardized,985,0.525331974029541,0
Q,all_blocks,channel_standardized,986,0.5243518352508545,0
Q,all_blocks,channel_standardized,987,0.5232775211334229,0
Q,all_blocks,channel_standardized,988,0.5229081511497498,0
Q,all_blocks,channel_standardized,989,0.522262692451477,0
Q,all_blocks,channel_standardized,990,0.5208659768104553,0
Q,all_blocks,channel_standardized,991,0.5201961994171143,0
Q,all_blocks,channel_standardized,992,0.5195900797843933,0
Q,all_blocks,channel_standardized,993,0.5190885066986084,0
Q,all_blocks,channel_standardized,994,0.5185296535491943,0
Q,all_blocks,channel_standardized,995,0.5177526473999023,0
Q,all_blocks,channel_standardized,996,0.5167607665061951,0
Q,all_blocks,channel_standardized,997,0.5159436464309692,0
Q,all_blocks,channel_standardized,998,0.5146545767784119,0
Q,all_blocks,channel_standardized,999,0.5138357281684875,0
Q,all_blocks,channel_standardized,1000,0.5127176642417908,0
Q,all_blocks,channel_standardized,1001,0.5123053193092346,0
Q,all_blocks,channel_standardized,1002,0.5113348960876465,0
Q,all_blocks,channel_standardized,1003,0.5109022855758667,0
Q,all_blocks,channel_standardized,1004,0.5101867318153381,0
Q,all_blocks,channel_standardized,1005,0.5093576908111572,0
Q,all_blocks,channel_standardized,1006,0.5088653564453125,0
Q,all_blocks,channel_standardized,1007,0.5084320902824402,0
Q,all_blocks,channel_standardized,1008,0.5078645944595337,0
Q,all_blocks,channel_standardized,1009,0.5067983269691467,0
Q,all_blocks,channel_standardized,1010,0.5061590075492859,0
Q,all_blocks,channel_standardized,1011,0.5047560334205627,0
Q,all_blocks,channel_standardized,1012,0.5042893886566162,0
Q,all_blocks,channel_standardized,1013,0.5038139820098877,0
Q,all_blocks,channel_standardized,1014,0.5032649636268616,0
Q,all_blocks,channel_standardized,1015,0.5026800036430359,0
Q,all_blocks,channel_standardized,1016,0.5014866590499878,0
Q,all_blocks,channel_standardized,1017,0.5006608366966248,0
Q,all_blocks,channel_standardized,1018,0.5002978444099426,0
Q,all_blocks,channel_standardized,1019,0.49999210238456726,0
Q,all_blocks,channel_standardized,1020,0.4981710910797119,0
Q,all_blocks,channel_standardized,1021,0.49815234541893005,0
Q,all_blocks,channel_standardized,1022,0.49749916791915894,0
Q,all_blocks,channel_standardized,1023,0.4968811273574829,0
Q,all_blocks,channel_standardized,1024,0.4959868788719177,0
Q,all_blocks,channel_standardized,1025,0.4951596260070801,0
Q,all_blocks,channel_standardized,1026,0.4945545196533203,0
Q,all_blocks,channel_standardized,1027,0.49351727962493896,0
Q,all_blocks,channel_standardized,1028,0.4928947985172272,0
Q,all_blocks,channel_standardized,1029,0.49212485551834106,0
Q,all_blocks,channel_standardized,1030,0.4916412830352783,0
Q,all_blocks,channel_standardized,1031,0.491432785987854,0
Q,all_blocks,channel_standardized,1032,0.4899180829524994,0
Q,all_blocks,channel_standardized,1033,0.4895624816417694,0
Q,all_blocks,channel_standardized,1034,0.48919597268104553,0
Q,all_blocks,channel_standardized,1035,0.4877583384513855,0
Q,all_blocks,channel_standardized,1036,0.48731908202171326,0
Q,all_blocks,channel_standardized,1037,0.4868625998497009,0
Q,all_blocks,channel_standardized,1038,0.48629385232925415,0
Q,all_blocks,channel_standardized,1039,0.4852476716041565,0
Q,all_blocks,channel_standardized,1040,0.48454171419143677,0
Q,all_blocks,channel_standardized,1041,0.48315340280532837,0
Q,all_blocks,channel_standardized,1042,0.4823901653289795,0
Q,all_blocks,channel_standardized,1043,0.48198601603507996,0
Q,all_blocks,channel_standardized,1044,0.4812738597393036,0
Q,all_blocks,channel_standardized,1045,0.48059555888175964,0
Q,all_blocks,channel_standardized,1046,0.48018011450767517,0
Q,all_blocks,channel_standardized,1047,0.47999316453933716,0
Q,all_blocks,channel_standardized,1048,0.4789874255657196,0
Q,all_blocks,channel_standardized,1049,0.4787164032459259,0
Q,all_blocks,channel_standardized,1050,0.4777815341949463,0
Q,all_blocks,channel_standardized,1051,0.4773939251899719,0
Q,all_blocks,channel_standardized,1052,0.4764330983161926,0
Q,all_blocks,channel_standardized,1053,0.47584718465805054,0
Q,all_blocks,channel_standardized,1054,0.47454676032066345,0
Q,all_blocks,channel_standardized,1055,0.4743579626083374,0
Q,all_blocks,channel_standardized,1056,0.4728377163410187,0
Q,all_blocks,channel_standardized,1057,0.4723879098892212,0
Q,all_blocks,channel_standardized,1058,0.47160109877586365,0
Q,all_blocks,channel_standardized,1059,0.4710995554924011,0
Q,all_blocks,channel_standardized,1060,0.47016000747680664,0
Q,all_blocks,channel_standardized,1061,0.4694986939430237,0
Q,all_blocks,channel_standardized,1062,0.46863049268722534,0
Q,all_blocks,channel_standardized,1063,0.46828749775886536,0
Q,all_blocks,channel_standardized,1064,0.4675244390964508,0
Q,all_blocks,channel_standardized,1065,0.4669147729873657,0
Q,all_blocks,channel_standardized,1066,0.46642014384269714,0
Q,all_blocks,channel_standardized,1067,0.4658609926700592,0
Q,all_blocks,channel_standardized,1068,0.46552401781082153,0
Q,all_blocks,channel_standardized,1069,0.46458789706230164,0
Q,all_blocks,channel_standardized,1070,0.4641743004322052,0
Q,all_blocks,channel_standardized,1071,0.4631745219230652,0
Q,all_blocks,channel_standardized,1072,0.46235722303390503,0
Q,all_blocks,channel_standardized,1073,0.4620184004306793,0
Q,all_blocks,channel_standardized,1074,0.46116903424263,0
Q,all_blocks,channel_standardized,1075,0.4605276882648468,0
Q,all_blocks,channel_standardized,1076,0.46018216013908386,0
Q,all_blocks,channel_standardized,1077,0.4593217372894287,0
Q,all_blocks,channel_standardized,1078,0.4586111307144165,0
Q,all_blocks,channel_standardized,1079,0.4580356776714325,0
Q,all_blocks,channel_standardized,1080,0.4574771523475647,0
Q,all_blocks,channel_standardized,1081,0.45709776878356934,0
Q,all_blocks,channel_standardized,1082,0.4567740261554718,0
Q,all_blocks,channel_standardized,1083,0.4558165371417999,0
Q,all_blocks,channel_standardized,1084,0.454501748085022,0
Q,all_blocks,channel_standardized,1085,0.45378974080085754,0
Q,all_blocks,channel_standardized,1086,0.452951580286026,0
Q,all_blocks,channel_standardized,1087,0.45175760984420776,0
Q,all_blocks,channel_standardized,1088,0.45138514041900635,0
Q,all_blocks,channel_standardized,1089,0.45064201951026917,0
Q,all_blocks,channel_standardized,1090,0.4502679407596588,0
Q,all_blocks,channel_standardized,1091,0.4496825337409973,0
Q,all_blocks,channel_standardized,1092,0.4493407607078552,0
Q,all_blocks,channel_standardized,1093,0.4484519958496094,0
Q,all_blocks,channel_standardized,1094,0.4478749930858612,0
Q,all_blocks,channel_standardized,1095,0.44731053709983826,0
Q,all_blocks,channel_standardized,1096,0.4471186697483063,0
Q,all_blocks,channel_standardized,1097,0.44587546586990356,0
Q,all_blocks,channel_standardized,1098,0.44501495361328125,0
Q,all_blocks,channel_standardized,1099,0.4446702003479004,0
Q,all_blocks,channel_standardized,1100,0.44411638379096985,0
Q,all_blocks,channel_standardized,1101,0.44314122200012207,0
Q,all_blocks,channel_standardized,1102,0.44276466965675354,0
Q,all_blocks,channel_standardized,1103,0.44208410382270813,0
Q,all_blocks,channel_standardized,1104,0.44121238589286804,0
Q,all_blocks,channel_standardized,1105,0.44050586223602295,0
Q,all_blocks,channel_standardized,1106,0.44010522961616516,0
Q,all_blocks,channel_standardized,1107,0.43912631273269653,0
Q,all_blocks,channel_standardized,1108,0.43785667419433594,0
Q,all_blocks,channel_standardized,1109,0.43741899728775024,0
Q,all_blocks,channel_standardized,1110,0.4369094967842102,0
Q,all_blocks,channel_standardized,1111,0.43598055839538574,0
Q,all_blocks,channel_standardized,1112,0.4351594150066376,0
Q,all_blocks,channel_standardized,1113,0.43501633405685425,0
Q,all_blocks,channel_standardized,1114,0.43420183658599854,0
Q,all_blocks,channel_standardized,1115,0.4339422285556793,0
Q,all_blocks,channel_standardized,1116,0.4329359829425812,0
Q,all_blocks,channel_standardized,1117,0.4327148199081421,0
Q,all_blocks,channel_standardized,1118,0.431977778673172,0
Q,all_blocks,channel_standardized,1119,0.4310758709907532,0
Q,all_blocks,channel_standardized,1120,0.43092021346092224,0
Q,all_blocks,channel_standardized,1121,0.429855078458786,0
Q,all_blocks,channel_standardized,1122,0.4288853406906128,0
Q,all_blocks,channel_standardized,1123,0.4286004602909088,0
Q,all_blocks,channel_standardized,1124,0.4284367859363556,0
Q,all_blocks,channel_standardized,1125,0.427458792924881,0
Q,all_blocks,channel_standardized,1126,0.42678025364875793,0
Q,all_blocks,channel_standardized,1127,0.4264000356197357,0
Q,all_blocks,channel_standardized,1128,0.42579519748687744,0
Q,all_blocks,channel_standardized,1129,0.42518970370292664,0
Q,all_blocks,channel_standardized,1130,0.42469221353530884,0
Q,all_blocks,channel_standardized,1131,0.42356571555137634,0
Q,all_blocks,channel_standardized,1132,0.4230145812034607,0
Q,all_blocks,channel_standardized,1133,0.42277634143829346,0
Q,all_blocks,channel_standardized,1134,0.42230477929115295,0
Q,all_blocks,channel_standardized,1135,0.4217638373374939,0
Q,all_blocks,channel_standardized,1136,0.4201897084712982,0
Q,all_blocks,channel_standardized,1137,0.4200834035873413,0
Q,all_blocks,channel_standardized,1138,0.41934603452682495,0
Q,all_blocks,channel_standardized,1139,0.41838058829307556,0
Q,all_blocks,channel_standardized,1140,0.41760221123695374,0
Q,all_blocks,channel_standardized,1141,0.417079359292984,0
Q,all_blocks,channel_standardized,1142,0.416128933429718,0
Q,all_blocks,channel_standardized,1143,0.41574227809906006,0
Q,all_blocks,channel_standardized,1144,0.4154035151004791,0
Q,all_blocks,channel_standardized,1145,0.4147937595844269,0
Q,all_blocks,channel_standardized,1146,0.4143544137477875,0
Q,all_blocks,channel_standardized,1147,0.4137037992477417,0
Q,all_blocks,channel_standardized,1148,0.413345605134964,0
Q,all_blocks,channel_standardized,1149,0.4128820598125458,0
Q,all_blocks,channel_standardized,1150,0.41143882274627686,0
Q,all_blocks,channel_standardized,1151,0.4110929071903229,0
Q,all_blocks,channel_standardized,1152,0.4106539487838745,0
Q,all_blocks,channel_standardized,1153,0.4097624719142914,0
Q,all_blocks,channel_standardized,1154,0.409052312374115,0
Q,all_blocks,channel_standardized,1155,0.40878552198410034,0
Q,all_blocks,channel_standardized,1156,0.4086119532585144,0
Q,all_blocks,channel_standardized,1157,0.4075310528278351,0
Q,all_blocks,channel_standardized,1158,0.4064372181892395,0
Q,all_blocks,channel_standardized,1159,0.4055726230144501,0
Q,all_blocks,channel_standardized,1160,0.4053279757499695,0
Q,all_blocks,channel_standardized,1161,0.40468138456344604,0
Q,all_blocks,channel_standardized,1162,0.4040107727050781,0
Q,all_blocks,channel_standardized,1163,0.40380075573921204,0
Q,all_blocks,channel_standardized,1164,0.4031117260456085,0
Q,all_blocks,channel_standardized,1165,0.4022270143032074,0
Q,all_blocks,channel_standardized,1166,0.4020337462425232,0
Q,all_blocks,channel_standardized,1167,0.4010108709335327,0
Q,all_blocks,channel_standardized,1168,0.4005378782749176,0
Q,all_blocks,channel_standardized,1169,0.399910032749176,0
Q,all_blocks,channel_standardized,1170,0.3993251919746399,0
Q,all_blocks,channel_standardized,1171,0.3987024426460266,0
Q,all_blocks,channel_standardized,1172,0.39809930324554443,0
Q,all_blocks,channel_standardized,1173,0.3970428705215454,0
Q,all_blocks,channel_standardized,1174,0.39694520831108093,0
Q,all_blocks,channel_standardized,1175,0.3962046504020691,0
Q,all_blocks,channel_standardized,1176,0.39528772234916687,0
Q,all_blocks,channel_standardized,1177,0.39414772391319275,0
Q,all_blocks,channel_standardized,1178,0.39368778467178345,0
Q,all_blocks,channel_standardized,1179,0.39343181252479553,0
Q,all_blocks,channel_standardized,1180,0.39264053106307983,0
Q,all_blocks,channel_standardized,1181,0.39176908135414124,0
Q,all_blocks,channel_standardized,1182,0.3913372755050659,0
Q,all_blocks,channel_standardized,1183,0.3904338777065277,0
Q,all_blocks,channel_standardized,1184,0.3901176452636719,0
Q,all_blocks,channel_standardized,1185,0.3896597623825073,0
Q,all_blocks,channel_standardized,1186,0.3890778720378876,0
Q,all_blocks,channel_standardized,1187,0.38841894268989563,0
Q,all_blocks,channel_standardized,1188,0.3874109387397766,0
Q,all_blocks,channel_standardized,1189,0.3870719075202942,0
Q,all_blocks,channel_standardized,1190,0.38651037216186523,0
Q,all_blocks,channel_standardized,1191,0.3863333463668823,0
Q,all_blocks,channel_standardized,1192,0.3856128752231598,0
Q,all_blocks,channel_standardized,1193,0.38480478525161743,0
Q,all_blocks,channel_standardized,1194,0.3842296898365021,0
Q,all_blocks,channel_standardized,1195,0.3831103444099426,0
Q,all_blocks,channel_standardized,1196,0.3829821050167084,0
Q,all_blocks,channel_standardized,1197,0.3821870684623718,0
Q,all_blocks,channel_standardized,1198,0.38169679045677185,0
Q,all_blocks,channel_standardized,1199,0.38108474016189575,0
Q,all_blocks,channel_standardized,1200,0.38027438521385193,0
Q,all_blocks,channel_standardized,1201,0.37991708517074585,0
Q,all_blocks,channel_standardized,1202,0.37922194600105286,0
Q,all_blocks,channel_standardized,1203,0.37874966859817505,0
Q,all_blocks,channel_standardized,1204,0.37772002816200256,0
Q,all_blocks,channel_standardized,1205,0.37683674693107605,0
Q,all_blocks,channel_standardized,1206,0.3766551911830902,0
Q,all_blocks,channel_standardized,1207,0.37503984570503235,0
Q,all_blocks,channel_standardized,1208,0.37451159954071045,0
Q,all_blocks,channel_standardized,1209,0.3743835985660553,0
Q,all_blocks,channel_standardized,1210,0.37320736050605774,0
Q,all_blocks,channel_standardized,1211,0.3726951777935028,0
Q,all_blocks,channel_standardized,1212,0.3723996877670288,0
Q,all_blocks,channel_standardized,1213,0.37212902307510376,0
Q,all_blocks,channel_standardized,1214,0.3715423345565796,0
Q,all_blocks,channel_standardized,1215,0.37141016125679016,0
Q,all_blocks,channel_standardized,1216,0.3702555000782013,0
Q,all_blocks,channel_standardized,1217,0.36973685026168823,0
Q,all_blocks,channel_standardized,1218,0.36914917826652527,0
Q,all_blocks,channel_standardized,1219,0.3683566153049469,0
Q,all_blocks,channel_standardized,1220,0.3671444058418274,0
Q,all_blocks,channel_standardized,1221,0.36694830656051636,0
Q,all_blocks,channel_standardized,1222,0.3660692274570465,0
Q,all_blocks,channel_standardized,1223,0.3655202090740204,0
Q,all_blocks,channel_standardized,1224,0.3648066520690918,0
Q,all_blocks,channel_standardized,1225,0.36421626806259155,0
Q,all_blocks,channel_standardized,1226,0.3635939955711365,0
Q,all_blocks,channel_standardized,1227,0.3634897470474243,0
Q,all_blocks,channel_standardized,1228,0.3619156777858734,0
Q,all_blocks,channel_standardized,1229,0.3619042932987213,0
Q,all_blocks,channel_standardized,1230,0.361198365688324,0
Q,all_blocks,channel_standardized,1231,0.36093804240226746,0
Q,all_blocks,channel_standardized,1232,0.36017197370529175,0
Q,all_blocks,channel_standardized,1233,0.35992923378944397,0
Q,all_blocks,channel_standardized,1234,0.35952967405319214,0
Q,all_blocks,channel_standardized,1235,0.35843026638031006,0
Q,all_blocks,channel_standardized,1236,0.3575904071331024,0
Q,all_blocks,channel_standardized,1237,0.35747218132019043,0
Q,all_blocks,channel_standardized,1238,0.3566659986972809,0
Q,all_blocks,channel_standardized,1239,0.35650238394737244,0
Q,all_blocks,channel_standardized,1240,0.35585471987724304,0
Q,all_blocks,channel_standardized,1241,0.3556501865386963,0
Q,all_blocks,channel_standardized,1242,0.3544588088989258,0
Q,all_blocks,channel_standardized,1243,0.35347309708595276,0
Q,all_blocks,channel_standardized,1244,0.3529278039932251,0
Q,all_blocks,channel_standardized,1245,0.3525698781013489,0
Q,all_blocks,channel_standardized,1246,0.3520872890949249,0
Q,all_blocks,channel_standardized,1247,0.35118815302848816,0
Q,all_blocks,channel_standardized,1248,0.35087427496910095,0
Q,all_blocks,channel_standardized,1249,0.3505943715572357,0
Q,all_blocks,channel_standardized,1250,0.3501449525356293,0
Q,all_blocks,channel_standardized,1251,0.34964799880981445,0
Q,all_blocks,channel_standardized,1252,0.3486061096191406,0
Q,all_blocks,channel_standardized,1253,0.34825706481933594,0
Q,all_blocks,channel_standardized,1254,0.3472999632358551,0
Q,all_blocks,channel_standardized,1255,0.3469126522541046,0
Q,all_blocks,channel_standardized,1256,0.34631773829460144,0
Q,all_blocks,channel_standardized,1257,0.3458070755004883,0
Q,all_blocks,channel_standardized,1258,0.3451896905899048,0
Q,all_blocks,channel_standardized,1259,0.3442387282848358,0
Q,all_blocks,channel_standardized,1260,0.34388530254364014,0
Q,all_blocks,channel_standardized,1261,0.3435964286327362,0
Q,all_blocks,channel_standardized,1262,0.34306472539901733,0
Q,all_blocks,channel_standardized,1263,0.34176236391067505,0
Q,all_blocks,channel_standardized,1264,0.34165680408477783,0
Q,all_blocks,channel_standardized,1265,0.3414345681667328,0
Q,all_blocks,channel_standardized,1266,0.3409014046192169,0
Q,all_blocks,channel_standardized,1267,0.34050652384757996,0
Q,all_blocks,channel_standardized,1268,0.3401719629764557,0
Q,all_blocks,channel_standardized,1269,0.3393654525279999,0
Q,all_blocks,channel_standardized,1270,0.33872202038764954,0
Q,all_blocks,channel_standardized,1271,0.3385091722011566,0
Q,all_blocks,channel_standardized,1272,0.33706429600715637,0
Q,all_blocks,channel_standardized,1273,0.3366314470767975,0
Q,all_blocks,channel_standardized,1274,0.3360590636730194,0
Q,all_blocks,channel_standardized,1275,0.33554312586784363,0
Q,all_blocks,channel_standardized,1276,0.3347848355770111,0
Q,all_blocks,channel_standardized,1277,0.33429738879203796,0
Q,all_blocks,channel_standardized,1278,0.3337693214416504,0
Q,all_blocks,channel_standardized,1279,0.3329921066761017,0
Q,all_blocks,channel_standardized,1280,0.33246639370918274,0
Q,all_blocks,channel_standardized,1281,0.3320876955986023,0
Q,all_blocks,channel_standardized,1282,0.33179566264152527,0
Q,all_blocks,channel_standardized,1283,0.33109256625175476,0
Q,all_blocks,channel_standardized,1284,0.3302154839038849,0
Q,all_blocks,channel_standardized,1285,0.33003756403923035,0
Q,all_blocks,channel_standardized,1286,0.3288913667201996,0
Q,all_blocks,channel_standardized,1287,0.32862287759780884,0
Q,all_blocks,channel_standardized,1288,0.32841262221336365,0
Q,all_blocks,channel_standardized,1289,0.3279878497123718,0
Q,all_blocks,channel_standardized,1290,0.3266006410121918,0
Q,all_blocks,channel_standardized,1291,0.3263359069824219,0
Q,all_blocks,channel_standardized,1292,0.3257392942905426,0
Q,all_blocks,channel_standardized,1293,0.3251880705356598,0
Q,all_blocks,channel_standardized,1294,0.32472971081733704,0
Q,all_blocks,channel_standardized,1295,0.324362576007843,0
Q,all_blocks,channel_standardized,1296,0.3236335515975952,0
Q,all_blocks,channel_standardized,1297,0.32329604029655457,0
Q,all_blocks,channel_standardized,1298,0.3219327926635742,0
Q,all_blocks,channel_standardized,1299,0.3212025463581085,0
Q,all_blocks,channel_standardized,1300,0.3209284543991089,0
Q,all_blocks,channel_standardized,1301,0.3206065893173218,0
Q,all_blocks,channel_standardized,1302,0.32000258564949036,0
Q,all_blocks,channel_standardized,1303,0.31949326395988464,0
Q,all_blocks,channel_standardized,1304,0.3188554048538208,0
Q,all_blocks,channel_standardized,1305,0.3184628486633301,0
Q,all_blocks,channel_standardized,1306,0.31795641779899597,0
Q,all_blocks,channel_standardized,1307,0.31762149930000305,0
Q,all_blocks,channel_standardized,1308,0.31648552417755127,0
Q,all_blocks,channel_standardized,1309,0.3153936266899109,0
Q,all_blocks,channel_standardized,1310,0.31490564346313477,0
Q,all_blocks,channel_standardized,1311,0.3144311010837555,0
Q,all_blocks,channel_standardized,1312,0.31370580196380615,0
Q,all_blocks,channel_standardized,1313,0.3136814534664154,0
Q,all_blocks,channel_standardized,1314,0.3130161464214325,0
Q,all_blocks,channel_standardized,1315,0.3126372992992401,0
Q,all_blocks,channel_standardized,1316,0.3121591806411743,0
Q,all_blocks,channel_standardized,1317,0.3118869364261627,0
Q,all_blocks,channel_standardized,1318,0.31110915541648865,0
Q,all_blocks,channel_standardized,1319,0.3104543685913086,0
Q,all_blocks,channel_standardized,1320,0.31024646759033203,0
Q,all_blocks,channel_standardized,1321,0.30973297357559204,0
Q,all_blocks,channel_standardized,1322,0.30933430790901184,0
Q,all_blocks,channel_standardized,1323,0.3084796667098999,0
Q,all_blocks,channel_standardized,1324,0.30837228894233704,0
Q,all_blocks,channel_standardized,1325,0.30813130736351013,0
Q,all_blocks,channel_standardized,1326,0.30702170729637146,0
Q,all_blocks,channel_standardized,1327,0.3065313994884491,0
Q,all_blocks,channel_standardized,1328,0.3058871328830719,0
Q,all_blocks,channel_standardized,1329,0.3050711452960968,0
Q,all_blocks,channel_standardized,1330,0.30441468954086304,0
Q,all_blocks,channel_standardized,1331,0.3035348951816559,0
Q,all_blocks,channel_standardized,1332,0.3030717670917511,0
Q,all_blocks,channel_standardized,1333,0.3025830388069153,0
Q,all_blocks,channel_standardized,1334,0.30181756615638733,0
Q,all_blocks,channel_standardized,1335,0.3013940155506134,0
Q,all_blocks,channel_standardized,1336,0.30096426606178284,0
Q,all_blocks,channel_standardized,1337,0.3005082309246063,0
Q,all_blocks,channel_standardized,1338,0.3001731038093567,0
Q,all_blocks,channel_standardized,1339,0.2993501126766205,0
Q,all_blocks,channel_standardized,1340,0.29852065443992615,0
Q,all_blocks,channel_standardized,1341,0.29804831743240356,0
Q,all_blocks,channel_standardized,1342,0.2978144884109497,0
Q,all_blocks,channel_standardized,1343,0.29732438921928406,0
Q,all_blocks,channel_standardized,1344,0.29638180136680603,0
Q,all_blocks,channel_standardized,1345,0.2956729233264923,0
Q,all_blocks,channel_standardized,1346,0.2951672673225403,0
Q,all_blocks,channel_standardized,1347,0.29450827836990356,0
Q,all_blocks,channel_standardized,1348,0.2939082384109497,0
Q,all_blocks,channel_standardized,1349,0.29344791173934937,0
Q,all_blocks,channel_standardized,1350,0.29279229044914246,0
Q,all_blocks,channel_standardized,1351,0.2924802303314209,0
Q,all_blocks,channel_standardized,1352,0.2920202910900116,0
Q,all_blocks,channel_standardized,1353,0.29159340262413025,0
Q,all_blocks,channel_standardized,1354,0.290774405002594,0
Q,all_blocks,channel_standardized,1355,0.29031044244766235,0
Q,all_blocks,channel_standardized,1356,0.2898843586444855,0
Q,all_blocks,channel_standardized,1357,0.2894406318664551,0
Q,all_blocks,channel_standardized,1358,0.2890435755252838,0
Q,all_blocks,channel_standardized,1359,0.28821611404418945,0
Q,all_blocks,channel_standardized,1360,0.28767842054367065,0
Q,all_blocks,channel_standardized,1361,0.2871340215206146,0
Q,all_blocks,channel_standardized,1362,0.286041259765625,0
Q,all_blocks,channel_standardized,1363,0.2859002947807312,0
Q,all_blocks,channel_standardized,1364,0.2846015989780426,0
Q,all_blocks,channel_standardized,1365,0.28411078453063965,0
Q,all_blocks,channel_standardized,1366,0.28398188948631287,0
Q,all_blocks,channel_standardized,1367,0.28357934951782227,0
Q,all_blocks,channel_standardized,1368,0.2831680476665497,0
Q,all_blocks,channel_standardized,1369,0.2823931574821472,0
Q,all_blocks,channel_standardized,1370,0.282091349363327,0
Q,all_blocks,channel_standardized,1371,0.28155118227005005,0
Q,all_blocks,channel_standardized,1372,0.28073593974113464,0
Q,all_blocks,channel_standardized,1373,0.27977126836776733,0
Q,all_blocks,channel_standardized,1374,0.279105007648468,0
Q,all_blocks,channel_standardized,1375,0.2788223624229431,0
Q,all_blocks,channel_standardized,1376,0.2778497636318207,0
Q,all_blocks,channel_standardized,1377,0.2775028645992279,0
Q,all_blocks,channel_standardized,1378,0.2771979570388794,0
Q,all_blocks,channel_standardized,1379,0.276736855506897,0
Q,all_blocks,channel_standardized,1380,0.27548158168792725,0
Q,all_blocks,channel_standardized,1381,0.2750702202320099,0
Q,all_blocks,channel_standardized,1382,0.2749951183795929,0
Q,all_blocks,channel_standardized,1383,0.27447575330734253,0
Q,all_blocks,channel_standardized,1384,0.2741008996963501,0
Q,all_blocks,channel_standardized,1385,0.27313628792762756,0
Q,all_blocks,channel_standardized,1386,0.27285516262054443,0
Q,all_blocks,channel_standardized,1387,0.27222123742103577,0
Q,all_blocks,channel_standardized,1388,0.2716228663921356,0
Q,all_blocks,channel_standardized,1389,0.27130505442619324,0
Q,all_blocks,channel_standardized,1390,0.2707785665988922,0
Q,all_blocks,channel_standardized,1391,0.27000054717063904,0
Q,all_blocks,channel_standardized,1392,0.2690383195877075,0
Q,all_blocks,channel_standardized,1393,0.2688694894313812,0
Q,all_blocks,channel_standardized,1394,0.26808297634124756,0
Q,all_blocks,channel_standardized,1395,0.26782187819480896,0
Q,all_blocks,channel_standardized,1396,0.26766693592071533,0
Q,all_blocks,channel_standardized,1397,0.26663053035736084,0
Q,all_blocks,channel_standardized,1398,0.26643750071525574,0
Q,all_blocks,channel_standardized,1399,0.2656783163547516,0
Q,all_blocks,channel_standardized,1400,0.26463329792022705,0
Q,all_blocks,channel_standardized,1401,0.26406174898147583,0
Q,all_blocks,channel_standardized,1402,0.2630458176136017,0
Q,all_blocks,channel_standardized,1403,0.262745201587677,0
Q,all_blocks,channel_standardized,1404,0.26207712292671204,0
Q,all_blocks,channel_standardized,1405,0.26180708408355713,0
Q,all_blocks,channel_standardized,1406,0.261576771736145,0
Q,all_blocks,channel_standardized,1407,0.26116883754730225,0
Q,all_blocks,channel_standardized,1408,0.26038968563079834,0
Q,all_blocks,channel_standardized,1409,0.2597271502017975,0
Q,all_blocks,channel_standardized,1410,0.25928694009780884,0
Q,all_blocks,channel_standardized,1411,0.2581416070461273,0
Q,all_blocks,channel_standardized,1412,0.2578042149543762,0
Q,all_blocks,channel_standardized,1413,0.256742924451828,0
Q,all_blocks,channel_standardized,1414,0.2566993534564972,0
Q,all_blocks,channel_standardized,1415,0.25637421011924744,0
Q,all_blocks,channel_standardized,1416,0.2560732066631317,0
Q,all_blocks,channel_standardized,1417,0.25550252199172974,0
Q,all_blocks,channel_standardized,1418,0.2550923824310303,0
Q,all_blocks,channel_standardized,1419,0.25460895895957947,0
Q,all_blocks,channel_standardized,1420,0.25340917706489563,0
Q,all_blocks,channel_standardized,1421,0.25295478105545044,0
Q,all_blocks,channel_standardized,1422,0.2525090277194977,0
Q,all_blocks,channel_standardized,1423,0.25208085775375366,0
Q,all_blocks,channel_standardized,1424,0.2517244517803192,0
Q,all_blocks,channel_standardized,1425,0.25087228417396545,0
Q,all_blocks,channel_standardized,1426,0.25068366527557373,0
Q,all_blocks,channel_standardized,1427,0.2505522072315216,0
Q,all_blocks,channel_standardized,1428,0.2496335506439209,0
Q,all_blocks,channel_standardized,1429,0.2489350289106369,0
Q,all_blocks,channel_standardized,1430,0.24824532866477966,0
Q,all_blocks,channel_standardized,1431,0.2480870634317398,0
Q,all_blocks,channel_standardized,1432,0.24773307144641876,0
Q,all_blocks,channel_standardized,1433,0.24717062711715698,0
Q,all_blocks,channel_standardized,1434,0.24571339786052704,0
Q,all_blocks,channel_standardized,1435,0.2451232522726059,0
Q,all_blocks,channel_standardized,1436,0.24497090280056,0
Q,all_blocks,channel_standardized,1437,0.2447313517332077,0
Q,all_blocks,channel_standardized,1438,0.24374070763587952,0
Q,all_blocks,channel_standardized,1439,0.2432391345500946,0
Q,all_blocks,channel_standardized,1440,0.2428465634584427,0
Q,all_blocks,channel_standardized,1441,0.24197138845920563,0
Q,all_blocks,channel_standardized,1442,0.24167779088020325,0
Q,all_blocks,channel_standardized,1443,0.24073810875415802,0
Q,all_blocks,channel_standardized,1444,0.24047040939331055,0
Q,all_blocks,channel_standardized,1445,0.2401956170797348,0
Q,all_blocks,channel_standardized,1446,0.23984172940254211,0
Q,all_blocks,channel_standardized,1447,0.23957200348377228,0
Q,all_blocks,channel_standardized,1448,0.23878592252731323,0
Q,all_blocks,channel_standardized,1449,0.2378247231245041,0
Q,all_blocks,channel_standardized,1450,0.23676587641239166,0
Q,all_blocks,channel_standardized,1451,0.23601661622524261,0
Q,all_blocks,channel_standardized,1452,0.23567204177379608,0
Q,all_blocks,channel_standardized,1453,0.2351837456226349,0
Q,all_blocks,channel_standardized,1454,0.23471882939338684,0
Q,all_blocks,channel_standardized,1455,0.23370294272899628,0
Q,all_blocks,channel_standardized,1456,0.23313750326633453,0
Q,all_blocks,channel_standardized,1457,0.2323770672082901,0
Q,all_blocks,channel_standardized,1458,0.23226241767406464,0
Q,all_blocks,channel_standardized,1459,0.23155638575553894,0
Q,all_blocks,channel_standardized,1460,0.2306833565235138,0
Q,all_blocks,channel_standardized,1461,0.2302410900592804,0
Q,all_blocks,channel_standardized,1462,0.23005633056163788,0
Q,all_blocks,channel_standardized,1463,0.2288551777601242,0
Q,all_blocks,channel_standardized,1464,0.22784321010112762,0
Q,all_blocks,channel_standardized,1465,0.22732312977313995,0
Q,all_blocks,channel_standardized,1466,0.22697687149047852,0
Q,all_blocks,channel_standardized,1467,0.2261040061712265,0
Q,all_blocks,channel_standardized,1468,0.22576971352100372,0
Q,all_blocks,channel_standardized,1469,0.22538986802101135,0
Q,all_blocks,channel_standardized,1470,0.22460108995437622,0
Q,all_blocks,channel_standardized,1471,0.22415009140968323,0
Q,all_blocks,channel_standardized,1472,0.22350889444351196,0
Q,all_blocks,channel_standardized,1473,0.22301948070526123,0
Q,all_blocks,channel_standardized,1474,0.22206620872020721,0
Q,all_blocks,channel_standardized,1475,0.22164243459701538,0
Q,all_blocks,channel_standardized,1476,0.22115115821361542,0
Q,all_blocks,channel_standardized,1477,0.22086870670318604,0
Q,all_blocks,channel_standardized,1478,0.22016918659210205,0
Q,all_blocks,channel_standardized,1479,0.21928751468658447,0
Q,all_blocks,channel_standardized,1480,0.21877408027648926,0
Q,all_blocks,channel_standardized,1481,0.21846240758895874,0
Q,all_blocks,channel_standardized,1482,0.21809716522693634,0
Q,all_blocks,channel_standardized,1483,0.21739864349365234,0
Q,all_blocks,channel_standardized,1484,0.2170349806547165,0
Q,all_blocks,channel_standardized,1485,0.2158692479133606,0
Q,all_blocks,channel_standardized,1486,0.21511489152908325,0
Q,all_blocks,channel_standardized,1487,0.2143155336380005,0
Q,all_blocks,channel_standardized,1488,0.21387538313865662,0
Q,all_blocks,channel_standardized,1489,0.21293312311172485,0
Q,all_blocks,channel_standardized,1490,0.21186940371990204,0
Q,all_blocks,channel_standardized,1491,0.2114037722349167,0
Q,all_blocks,channel_standardized,1492,0.2101769596338272,0
Q,all_blocks,channel_standardized,1493,0.21001119911670685,0
Q,all_blocks,channel_standardized,1494,0.2088535726070404,0
Q,all_blocks,channel_standardized,1495,0.2082234025001526,0
Q,all_blocks,channel_standardized,1496,0.2077859342098236,0
Q,all_blocks,channel_standardized,1497,0.20746736228466034,0
Q,all_blocks,channel_standardized,1498,0.2067231833934784,0
Q,all_blocks,channel_standardized,1499,0.20624904334545135,0
Q,all_blocks,channel_standardized,1500,0.20527233183383942,0
Q,all_blocks,channel_standardized,1501,0.20444221794605255,0
Q,all_blocks,channel_standardized,1502,0.20385393500328064,0
Q,all_blocks,channel_standardized,1503,0.20274461805820465,0
Q,all_blocks,channel_standardized,1504,0.20207500457763672,0
Q,all_blocks,channel_standardized,1505,0.20159181952476501,0
Q,all_blocks,channel_standardized,1506,0.20066411793231964,0
Q,all_blocks,channel_standardized,1507,0.2003326565027237,0
Q,all_blocks,channel_standardized,1508,0.1987707018852234,0
Q,all_blocks,channel_standardized,1509,0.19825202226638794,0
Q,all_blocks,channel_standardized,1510,0.19764626026153564,0
Q,all_blocks,channel_standardized,1511,0.1966450959444046,0
Q,all_blocks,channel_standardized,1512,0.19546182453632355,0
Q,all_blocks,channel_standardized,1513,0.19495877623558044,0
Q,all_blocks,channel_standardized,1514,0.19386999309062958,0
Q,all_blocks,channel_standardized,1515,0.19352301955223083,0
Q,all_blocks,channel_standardized,1516,0.19242751598358154,0
Q,all_blocks,channel_standardized,1517,0.1920631378889084,0
Q,all_blocks,channel_standardized,1518,0.19187316298484802,0
Q,all_blocks,channel_standardized,1519,0.19059687852859497,0
Q,all_blocks,channel_standardized,1520,0.18960927426815033,0
Q,all_blocks,channel_standardized,1521,0.18822787702083588,0
Q,all_blocks,channel_standardized,1522,0.18754933774471283,0
Q,all_blocks,channel_standardized,1523,0.1863996386528015,0
Q,all_blocks,channel_standardized,1524,0.1861807405948639,0
Q,all_blocks,channel_standardized,1525,0.18570838868618011,0
Q,all_blocks,channel_standardized,1526,0.1836242824792862,0
Q,all_blocks,channel_standardized,1527,0.18289773166179657,0
Q,all_blocks,channel_standardized,1528,0.1821884661912918,0
Q,all_blocks,channel_standardized,1529,0.18131080269813538,0
Q,all_blocks,channel_standardized,1530,0.18120402097702026,0
Q,all_blocks,channel_standardized,1531,0.17874683439731598,0
Q,all_blocks,channel_standardized,1532,0.1768970489501953,0
Q,all_blocks,channel_standardized,1533,0.17640440165996552,0
Q,all_blocks,channel_standardized,1534,0.1761261224746704,0
Q,all_blocks,channel_standardized,1535,0.17496857047080994,0
Q,all_blocks,channel_standardized,1536,0.1688171774148941,0
