selection_policy,memory_variant,samples,parsed_rate,correct,accuracy,accuracy_ci95_low,accuracy_ci95_high,mean_total_state_bytes,cold_start_total_state_bytes,mean_feature_state_bytes,codec_parameter_bytes,codec_rank,residual_tokens_per_frame,mean_feature_state_compression_ratio,mean_total_state_compression_ratio,mean_pool_reconstruction_error,mean_selected_reconstruction_error,mean_compression_seconds,mean_reconstruction_seconds,mean_inference_seconds,mean_policy_seconds
learned_recent_query_topk,full,8,1.0,8,1.0,0.6755843804891231,1.0,8413328.0,8413328.0,8388608.0,2105344,256,0,1.0,1.0,0.0,0.0,0.0,1.4553603250533342e-05,0.08889177377568558,7.429952298174612
learned_recent_query_topk,pca_r256_global_k64,8,1.0,7,0.875,0.5291051942301386,0.9775830911367038,1073424.0,3178768.0,1048704.0,2105344,256,4,7.999023556694739,7.837842269224463,0.06711273780092597,0.06634922279044986,0.005521010898519307,0.001728983857901767,0.08848897821735591,7.436784943769453
learned_recent_query_topk,pca_r256_grid2x2,8,1.0,8,1.0,0.6755843804891231,1.0,1073296.0,3178640.0,1048576.0,2105344,256,4,8.0,7.838777000939163,0.06415171921253204,0.06370367622002959,0.0005078363756183535,0.00039176151040010154,0.08516151289222762,7.427107081573922
learned_recent_query_topk,pca_r256_mean1_s3,8,1.0,7,0.875,0.5291051942301386,0.9775830911367038,1073392.0,3178736.0,1048672.0,2105344,256,4,7.999267645174087,7.838075931253447,0.06096490239724517,0.06038921093568206,0.0013214399223215878,0.0004275826795492321,0.08147810320951976,7.424273096607067
learned_recent_query_topk,pca_r256_s4,8,1.0,7,0.875,0.5291051942301386,0.9775830911367038,1073424.0,3178768.0,1048704.0,2105344,256,4,7.999023556694739,7.837842269224463,0.06742763612419367,0.06711241183802485,0.006167226732941344,0.0005488557217177004,0.08406126275076531,7.4318233160011005
learned_recent_query_topk,pca_r256_temporal_k64,8,1.0,7,0.875,0.5291051942301386,0.9775830911367038,1073424.0,3178768.0,1048704.0,2105344,256,4,7.999023556694739,7.837842269224463,0.06945427879691124,0.06835204036906362,0.004233154351823032,0.000891613366547972,0.08071295925765298,7.4268836977717
