{
  "decomposition": {
    "weight_count": 9,
    "method_means": {
      "ternary_no_hadamard": {
        "count": 9,
        "activation_relative_l2_mean": 0.5110918581485748,
        "relative_fro_error_mean": 0.5094248122639127
      },
      "ternary_hadamard": {
        "count": 9,
        "activation_relative_l2_mean": 0.5142626100116305,
        "relative_fro_error_mean": 0.510958645078871
      },
      "robuq_weight_svd_r8": {
        "count": 9,
        "activation_relative_l2_mean": 0.48916881283124286,
        "relative_fro_error_mean": 0.482117235660553
      },
      "robuq_weight_svd_r16": {
        "count": 9,
        "activation_relative_l2_mean": 0.4784386389785343,
        "relative_fro_error_mean": 0.471205559041765
      },
      "robuq_weight_svd_r32": {
        "count": 9,
        "activation_relative_l2_mean": 0.46171532405747306,
        "relative_fro_error_mean": 0.45411261253886753
      },
      "ternary_qer_svd_r16": {
        "count": 9,
        "activation_relative_l2_mean": 0.4895865519841512,
        "relative_fro_error_mean": 0.48269572522905135
      },
      "fp8_hadamard": {
        "count": 9,
        "activation_relative_l2_mean": 0.027011467143893242,
        "relative_fro_error_mean": 0.02650540963643127
      },
      "fp8_qer_svd_r16": {
        "count": 9,
        "activation_relative_l2_mean": 0.026376572334104113,
        "relative_fro_error_mean": 0.02592608415418201
      }
    },
    "best_matched_hybrid_minus_fixed_error_rank16_mean": 0.003233667876985338,
    "best_matched_hybrid_minus_robuq_rank16_mean": 0.014381580882602267,
    "best_matched_hybrid_wins_vs_fixed_error_rank16": 0,
    "bcm_energy": {
      "64": {
        "capture_mean": 0.015612431699134137,
        "increment_after_lowrank_mean": 0.009768086280991035
      },
      "128": {
        "capture_mean": 0.007829634198639825,
        "increment_after_lowrank_mean": 0.007217327935394292
      },
      "256": {
        "capture_mean": 0.003933306540626843,
        "increment_after_lowrank_mean": 0.003562368013721805
      }
    },
    "sparse_energy_after_rank8": {
      "row_sparse": 0.011613932540520008,
      "tile_sparse": 0.012319652242895652
    }
  },
  "alternating": {
    "weight_count": 9,
    "pure_rank16_mean_improvement_after_three_updates": 0.005813794003592597,
    "candidate_minus_pure_rank16_mean": {
      "bcm": 0.0049176083670722116,
      "row_sparse": 0.010680321190092299,
      "tile_sparse": 0.011951655149459839
    },
    "candidate_wins": {
      "bcm": 0,
      "row_sparse": 0,
      "tile_sparse": 0
    }
  },
  "h200_probe": {
    "q_projection": {
      "bf16_dense": {
        "latency_ms": 0.05620480179786682,
        "speedup_vs_bf16": 1.0,
        "output_relative_l2": 0.0,
        "scope": "measured"
      },
      "fp8_dynamic_main": {
        "latency_ms": 0.25710239410400393,
        "speedup_vs_bf16": 0.21860862865061717,
        "output_relative_l2": 0.038936350494623184,
        "scope": "measured"
      },
      "fp8_static_input_main": {
        "latency_ms": 0.03745599985122681,
        "speedup_vs_bf16": 1.5005553721996272,
        "output_relative_l2": 0.038936350494623184,
        "scope": "lower_bound"
      },
      "fp8_dynamic_svd_r16": {
        "latency_ms": 0.31410400867462157,
        "speedup_vs_bf16": 0.1789369133970176,
        "output_relative_l2": 0.03819693252444267,
        "scope": "measured"
      },
      "fp8_static_input_svd_r16": {
        "latency_ms": 0.1256432056427002,
        "speedup_vs_bf16": 0.4473365790880892,
        "output_relative_l2": 0.03819693252444267,
        "scope": "lower_bound"
      },
      "fp8_dynamic_bcm_b128_svd_r10": {
        "latency_ms": 0.6829391956329346,
        "speedup_vs_bf16": 0.0822983980964474,
        "output_relative_l2": 0.03831276297569275,
        "scope": "measured"
      },
      "fp8_static_input_bcm_b128_svd_r10": {
        "latency_ms": 0.46187601089477537,
        "speedup_vs_bf16": 0.1216880731453953,
        "output_relative_l2": 0.03831276297569275,
        "scope": "lower_bound"
      },
      "fp8_dynamic_svd_r8_rowsparse_b16": {
        "latency_ms": 0.376258397102356,
        "speedup_vs_bf16": 0.14937819921285922,
        "output_relative_l2": 0.038277268409729004,
        "scope": "measured"
      },
      "fp8_static_input_svd_r8_rowsparse_b16": {
        "latency_ms": 0.17776960134506226,
        "speedup_vs_bf16": 0.3161665513822562,
        "output_relative_l2": 0.038277268409729004,
        "scope": "lower_bound"
      }
    },
    "ffn_up": {
      "bf16_dense": {
        "latency_ms": 0.30579519271850586,
        "speedup_vs_bf16": 1.0,
        "output_relative_l2": 0.0,
        "scope": "measured"
      },
      "fp8_dynamic_main": {
        "latency_ms": 0.4370880126953125,
        "speedup_vs_bf16": 0.699619261651248,
        "output_relative_l2": 0.0388747900724411,
        "scope": "measured"
      },
      "fp8_static_input_main": {
        "latency_ms": 0.1926159977912903,
        "speedup_vs_bf16": 1.5875897964085581,
        "output_relative_l2": 0.0388747900724411,
        "scope": "lower_bound"
      },
      "fp8_dynamic_svd_r16": {
        "latency_ms": 0.5832943916320801,
        "speedup_vs_bf16": 0.5242553281935031,
        "output_relative_l2": 0.03868457302451134,
        "scope": "measured"
      },
      "fp8_static_input_svd_r16": {
        "latency_ms": 0.36136159896850584,
        "speedup_vs_bf16": 0.8462304616522277,
        "output_relative_l2": 0.03868457302451134,
        "scope": "lower_bound"
      },
      "fp8_dynamic_bcm_b128_svd_r5": {
        "latency_ms": 1.7861295700073243,
        "speedup_vs_bf16": 0.1712054925092875,
        "output_relative_l2": 0.03878286853432655,
        "scope": "measured"
      },
      "fp8_static_input_bcm_b128_svd_r5": {
        "latency_ms": 1.5730352401733398,
        "speedup_vs_bf16": 0.19439818314865528,
        "output_relative_l2": 0.03878286853432655,
        "scope": "lower_bound"
      },
      "fp8_dynamic_svd_r8_rowsparse_b16": {
        "latency_ms": 0.764406394958496,
        "speedup_vs_bf16": 0.40004269291220307,
        "output_relative_l2": 0.038694676011800766,
        "scope": "measured"
      },
      "fp8_static_input_svd_r8_rowsparse_b16": {
        "latency_ms": 0.5419519901275635,
        "speedup_vs_bf16": 0.5642477531017618,
        "output_relative_l2": 0.038694676011800766,
        "scope": "lower_bound"
      }
    },
    "ffn_down": {
      "bf16_dense": {
        "latency_ms": 0.29268798828125,
        "speedup_vs_bf16": 1.0,
        "output_relative_l2": 0.0,
        "scope": "measured"
      },
      "fp8_dynamic_main": {
        "latency_ms": 1.2963983535766601,
        "speedup_vs_bf16": 0.22577010181611776,
        "output_relative_l2": 0.037570931017398834,
        "scope": "measured"
      },
      "fp8_static_input_main": {
        "latency_ms": 0.1734336018562317,
        "speedup_vs_bf16": 1.6876083132026203,
        "output_relative_l2": 0.037570931017398834,
        "scope": "lower_bound"
      },
      "fp8_dynamic_svd_r16": {
        "latency_ms": 1.3673952102661133,
        "speedup_vs_bf16": 0.21404783787730908,
        "output_relative_l2": 0.03722624108195305,
        "scope": "measured"
      },
      "fp8_static_input_svd_r16": {
        "latency_ms": 0.2503056049346924,
        "speedup_vs_bf16": 1.1693225501586975,
        "output_relative_l2": 0.03722624108195305,
        "scope": "lower_bound"
      },
      "fp8_dynamic_bcm_b128_svd_r5": {
        "latency_ms": 3.082415962219238,
        "speedup_vs_bf16": 0.09495408532420273,
        "output_relative_l2": 0.03741554915904999,
        "scope": "measured"
      },
      "fp8_static_input_bcm_b128_svd_r5": {
        "latency_ms": 1.96203670501709,
        "speedup_vs_bf16": 0.14917559265472588,
        "output_relative_l2": 0.03741554915904999,
        "scope": "lower_bound"
      },