{
  "created_unix": 1783400360.8904588,
  "elapsed_sec": 0.06402730941772461,
  "input_json": "/home/spco/sow_linear/multimodel_compression/remote_logs/hybrid_attention_decomposition_20260704.json",
  "input_npz": "/home/spco/sow_linear/multimodel_compression/remote_logs/hybrid_attention_decomposition_20260704.npz",
  "python": "3.8.10",
  "rows": [
    {
      "delta_no_local_cyclic": -0.0021955500401370023,
      "delta_no_sink_global": 1.0412553507922804,
      "delta_no_sparse_routing": 0.006513086264556503,
      "dominant_failure_mode": "sink_or_low_rank_global_needed",
      "flat_bcm_error": 0.8642424941062927,
      "full_hybrid_error": 0.037832557883550735,
      "grid_bccb_error": 0.9849249124526978,
      "grid_shape": "8x8",
      "key": "ex0",
      "label": "ViT L0 H0",
      "local_cyclic_density": 0.140625,
      "local_cyclic_mass": 0.015574774415337908,
      "map_id": "vit:s0:l0:h0",
      "monarch_proxy_error": 0.6653580069541931,
      "n": 64,
      "no_local_cyclic_error": 0.03563700784341373,
      "no_sink_global_error": 1.0790879086758312,
      "no_sparse_routing_error": 0.04434564414810724,
      "nominal_budget_ratio": 6.291858678955453,
      "only_local_cyclic_error": 1.068963027267716,
      "only_sink_global_error": 0.04458168249061966,
      "only_sparse_routing_error": 1.4277581196020406,
      "permuted_bcm_error": 0.8618378043174744,
      "sink_global_density": 0.487548828125,
      "sink_global_mass": 0.970220993920354,
      "sparse_routing_density": 0.0185546875,
      "sparse_routing_mass": 0.008395520407645582
    },
    {
      "delta_no_local_cyclic": -0.002185604025132515,
      "delta_no_sink_global": 1.3237493494481318,
      "delta_no_sparse_routing": 0.0076221878841629676,
      "dominant_failure_mode": "sink_or_low_rank_global_needed",
      "flat_bcm_error": 0.42794761061668396,
      "full_hybrid_error": 0.1341729901026912,
      "grid_bccb_error": 0.842901349067688,
      "grid_shape": "8x8",
      "key": "ex1",
      "label": "ViT L5 H0",
      "local_cyclic_density": 0.140625,
      "local_cyclic_mass": 0.11255748406525556,
      "map_id": "vit:s0:l5:h0",
      "monarch_proxy_error": 1.226486325263977,
      "n": 64,
      "no_local_cyclic_error": 0.1319873860775587,
      "no_sink_global_error": 1.457922339550823,
      "no_sparse_routing_error": 0.14179517798685418,
      "nominal_budget_ratio": 6.291858678955453,
      "only_local_cyclic_error": 1.5763566781757685,
      "only_sink_global_error": 0.13775630448849702,
      "only_sparse_routing_error": 2.9627695027741896,
      "permuted_bcm_error": 0.4284037947654724,
      "sink_global_density": 0.791748046875,
      "sink_global_mass": 0.8941774432627864,
      "sparse_routing_density": 0.03125,
      "sparse_routing_mass": 0.011841821548298643
    },
    {
      "delta_no_local_cyclic": 0.1971610808394043,
      "delta_no_sink_global": 1.0065704435875187,
      "delta_no_sparse_routing": 0.16560058300239167,
      "dominant_failure_mode": "sink_or_low_rank_global_needed",
      "flat_bcm_error": 0.5980809330940247,
      "full_hybrid_error": 0.2904636084411998,
      "grid_bccb_error": 0.6954010725021362,
      "grid_shape": "8x8",
      "key": "ex2",
      "label": "Qwen L8 H0 F1",
      "local_cyclic_density": 0.140625,
      "local_cyclic_mass": 0.2648904063272679,
      "map_id": "qwen:v0:f1:l8:h0",
      "monarch_proxy_error": 0.2441105842590332,
      "n": 64,
      "no_local_cyclic_error": 0.4876246892806041,
      "no_sink_global_error": 1.2970340520287185,
      "no_sparse_routing_error": 0.45606419144359145,
      "nominal_budget_ratio": 6.291858678955453,
      "only_local_cyclic_error": 1.639486422273009,
      "only_sink_global_error": 0.6477958504858656,
      "only_sparse_routing_error": 2.6295065325119436,
      "permuted_bcm_error": 0.5995753407478333,
      "sink_global_density": 0.884521484375,
      "sink_global_mass": 0.577133412925293,
      "sparse_routing_density": 0.03125,
      "sparse_routing_mass": 0.1015605521275643
    },
    {
      "delta_no_local_cyclic": 0.02921171808286116,
      "delta_no_sink_global": 0.9720316567109109,
      "delta_no_sparse_routing": 0.1783117859064703,
      "dominant_failure_mode": "sink_or_low_rank_global_needed",
      "flat_bcm_error": 0.8498204946517944,
      "full_hybrid_error": 0.12489091393652979,
      "grid_bccb_error": 0.9813426733016968,
      "grid_shape": "14x14",
      "key": "ex3",
      "label": "Qwen L26 H0 F0",
      "local_cyclic_density": 0.04591836734693878,
      "local_cyclic_mass": 0.07856570716812254,
      "map_id": "qwen:v2:f0:l26:h0",
      "monarch_proxy_error": 0.8348357677459717,
      "n": 196,
      "no_local_cyclic_error": 0.15410263201939095,
      "no_sink_global_error": 1.0969225706474406,
      "no_sparse_routing_error": 0.3032026998430001,
      "nominal_budget_ratio": 9.767607424357996,
      "only_local_cyclic_error": 1.255050642484488,
      "only_sink_global_error": 0.3684189332405612,
      "only_sparse_routing_error": 1.2909766498500044,
      "permuted_bcm_error": 0.8520459532737732,
      "sink_global_density": 0.908866097459392,
      "sink_global_mass": 0.6957996092203989,
      "sparse_routing_density": 0.02040816326530612,
      "sparse_routing_mass": 0.15733883670742774
    }
  ],
  "summary": [
    {
      "examples": 4,
      "mean_delta_no_local_cyclic": 0.05549791121424899,
      "mean_delta_no_sink_global": 1.0859017001347104,
      "mean_delta_no_sparse_routing": 0.08951191076439535,
      "mean_full_hybrid_error": 0.14684001759099288,
      "mean_grid_bccb_error": 0.8761425018310547,
      "mean_monarch_proxy_error": 0.7426976710557938,
      "mean_no_local_cyclic_error": 0.20233792880524187,
      "mean_no_sink_global_error": 1.2327417177257032,
      "mean_no_sparse_routing_error": 0.23635192835538824,
      "mean_only_local_cyclic_error": 1.3849641925502456,
      "mean_only_sink_global_error": 0.29963819267638586,
      "mean_only_sparse_routing_error": 2.0777527011845445,
      "method_note": "Matrix-level intervention over saved oracle decomposition. Components are chosen from observed dense A; this does not prove task-level causality.",
      "scope": "representative_attention_component_intervention"
    }
  ]
}