{
  "created_unix": 1783449100.8323355,
  "elapsed_sec": 0.30092406272888184,
  "high_json": "/home/spco/sow_linear/multimodel_compression/remote_logs/wan_bccb_high_noise_delta_perturb_smallgrid_layers0_8_20_39_heads0_10_20_30.json",
  "low_json": "/home/spco/sow_linear/multimodel_compression/remote_logs/wan_bccb_low_noise_delta_perturb_smallgrid_layers0_8_heads0_10_20_30.json",
  "python": "3.8.10",
  "rows": [
    {
      "attention_error_delta_low_minus_high": -0.07337827519077933,
      "attention_r2_delta_low_minus_high": 0.10588852462298404,
      "head": 0,
      "high_attention_error": 0.7118004698248708,
      "high_attention_r2": 0.4851552164677143,
      "high_axis_mean_r2": 0.40127142327477294,
      "high_axis_mean_r2_drop": 0.08388379319294137,
      "high_logit_rowmax_mean": 17.372819900512695,
      "high_logit_rowmax_std": 1.5884120464324951,
      "high_random_coord_r2": 0.1048924626509975,
      "high_random_coord_r2_drop": 0.3802627538167168,
      "layer": 0,
      "low_attention_error": 0.6384221946340914,
      "low_attention_r2": 0.5910437410906983,
      "low_axis_mean_r2": 0.5455150381403017,
      "low_axis_mean_r2_drop": 0.04552870295039668,
      "low_logit_rowmax_mean": 27.450485229492188,
      "low_logit_rowmax_std": 1.1542593240737915,
      "low_random_coord_r2": 0.32584673404266606,
      "low_random_coord_r2_drop": 0.2651970070480323
    },
    {
      "attention_error_delta_low_minus_high": 0.1440854735244752,
      "attention_r2_delta_low_minus_high": -0.13268060418874716,
      "head": 10,
      "high_attention_error": 0.5336019433780739,
      "high_attention_r2": 0.6705764340271874,
      "high_axis_mean_r2": 0.5366971146167202,
      "high_axis_mean_r2_drop": 0.13387931941046716,
      "high_logit_rowmax_mean": 8.253178596496582,
      "high_logit_rowmax_std": 0.8546545505523682,
      "high_random_coord_r2": 0.02603023872659671,
      "high_random_coord_r2_drop": 0.6445461953005907,
      "layer": 0,
      "low_attention_error": 0.6776874169025491,
      "low_attention_r2": 0.5378958298384402,
      "low_axis_mean_r2": 0.4696343177090569,
      "low_axis_mean_r2_drop": 0.0682615121293833,
      "low_logit_rowmax_mean": 24.397876739501953,
      "low_logit_rowmax_std": 1.2772468328475952,
      "low_random_coord_r2": 0.19487279830393356,
      "low_random_coord_r2_drop": 0.34302303153450664
    },
    {
      "attention_error_delta_low_minus_high": 0.2288095136723432,
      "attention_r2_delta_low_minus_high": -0.0405760289402578,
      "head": 20,
      "high_attention_error": 0.31527547265671424,
      "high_attention_r2": 0.04082849906324226,
      "high_axis_mean_r2": 0.03646336171165613,
      "high_axis_mean_r2_drop": 0.004365137351586133,
      "high_logit_rowmax_mean": 1.2663013935089111,
      "high_logit_rowmax_std": 0.12197913229465485,
      "high_random_coord_r2": 0.000702507219648707,
      "high_random_coord_r2_drop": 0.040125991843593556,
      "layer": 0,
      "low_attention_error": 0.5440849863290574,
      "low_attention_r2": 0.0002524701229844606,
      "low_axis_mean_r2": 0.00022939851665060296,
      "low_axis_mean_r2_drop": 2.307160633385763e-05,
      "low_logit_rowmax_mean": 1.6296515464782715,
      "low_logit_rowmax_std": 0.16196241974830627,
      "low_random_coord_r2": 5.915816659762818e-05,
      "low_random_coord_r2_drop": 0.0001933119563868324
    },
    {
      "attention_error_delta_low_minus_high": -0.048620175978072666,
      "attention_r2_delta_low_minus_high": 0.03692151839813618,
      "head": 30,
      "high_attention_error": 0.3942474798667715,
      "high_attention_r2": 0.8434216692532622,
      "high_axis_mean_r2": 0.5353096066488714,
      "high_axis_mean_r2_drop": 0.30811206260439084,
      "high_logit_rowmax_mean": 22.050806045532227,
      "high_logit_rowmax_std": 1.4337921142578125,
      "high_random_coord_r2": 0.010844217864982797,
      "high_random_coord_r2_drop": 0.8325774513882794,
      "layer": 0,
      "low_attention_error": 0.34562730388869883,
      "low_attention_r2": 0.8803431876513984,
      "low_axis_mean_r2": 0.5484077412183426,
      "low_axis_mean_r2_drop": 0.33193544643305584,
      "low_logit_rowmax_mean": 41.12721252441406,
      "low_logit_rowmax_std": 1.6412997245788574,
      "low_random_coord_r2": 0.011567316427541274,
      "low_random_coord_r2_drop": 0.8687758712238571
    },
    {
      "attention_error_delta_low_minus_high": -0.12781305533702775,
      "attention_r2_delta_low_minus_high": 0.32184596515239006,
      "head": 0,
      "high_attention_error": 0.415748375963091,
      "high_attention_r2": 0.3247962244275121,
      "high_axis_mean_r2": 0.22692406077121838,
      "high_axis_mean_r2_drop": 0.09787216365629373,
      "high_logit_rowmax_mean": 6.568209171295166,
      "high_logit_rowmax_std": 0.39282751083374023,
      "high_random_coord_r2": 0.001431228336887691,
      "high_random_coord_r2_drop": 0.3233649960906244,
      "layer": 8,
      "low_attention_error": 0.28793532062606325,
      "low_attention_r2": 0.6466421895799022,
      "low_axis_mean_r2": 0.48617081262086725,
      "low_axis_mean_r2_drop": 0.1604713769590349,
      "low_logit_rowmax_mean": 7.211979389190674,
      "low_logit_rowmax_std": 0.18442171812057495,
      "low_random_coord_r2": 0.0010880559853442273,
      "low_random_coord_r2_drop": 0.6455541335945579
    },
    {
      "attention_error_delta_low_minus_high": 0.12067084261749372,
      "attention_r2_delta_low_minus_high": 0.5062445890803613,
      "head": 10,
      "high_attention_error": 0.2765596306045007,
      "high_attention_r2": 0.2982842537219742,
      "high_axis_mean_r2": 0.22634755270865833,
      "high_axis_mean_r2_drop": 0.07193670101331587,
      "high_logit_rowmax_mean": -0.805982232093811,
      "high_logit_rowmax_std": 0.23536363244056702,
      "high_random_coord_r2": 0.0006389997273728021,
      "high_random_coord_r2_drop": 0.2976452539946014,
      "layer": 8,
      "low_attention_error": 0.3972304732219944,
      "low_attention_r2": 0.8045288428023355,
      "low_axis_mean_r2": 0.5894256502719696,
      "low_axis_mean_r2_drop": 0.21510319253036592,
      "low_logit_rowmax_mean": 4.2471923828125,
      "low_logit_rowmax_std": 0.30730289220809937,
      "low_random_coord_r2": 0.011179307791989834,
      "low_random_coord_r2_drop": 0.7933495350103457
    },
    {
      "attention_error_delta_low_minus_high": -0.16616789017009048,
      "attention_r2_delta_low_minus_high": 0.5641490711895935,
      "head": 20,
      "high_attention_error": 0.42349140945550856,
      "high_attention_r2": 0.3626577280540213,
      "high_axis_mean_r2": 0.2613604954662788,
      "high_axis_mean_r2_drop": 0.10129723258774248,
      "high_logit_rowmax_mean": 3.713533878326416,
      "high_logit_rowmax_std": 0.43985140323638916,
      "high_random_coord_r2": 0.0013618480006880596,
      "high_random_coord_r2_drop": 0.36129588005333324,
      "layer": 8,
      "low_attention_error": 0.2573235192854181,
      "low_attention_r2": 0.9268067992436148,
      "low_axis_mean_r2": 0.7223967545127395,
      "low_axis_mean_r2_drop": 0.2044100447308752,
      "low_logit_rowmax_mean": 8.586811065673828,
      "low_logit_rowmax_std": 0.4468056559562683,
      "low_random_coord_r2": 0.0837061509346716,
      "low_random_coord_r2_drop": 0.8431006483089432
    },
    {
      "attention_error_delta_low_minus_high": 0.08191071509302039,
      "attention_r2_delta_low_minus_high": -0.0024482363621424197,
      "head": 30,
      "high_attention_error": 0.2406571496700196,
      "high_attention_r2": 0.44004300349006076,
      "high_axis_mean_r2": 0.31330927606569187,
      "high_axis_mean_r2_drop": 0.1267337274243689,
      "high_logit_rowmax_mean": 1.7849606275558472,
      "high_logit_rowmax_std": 0.22413043677806854,
      "high_random_coord_r2": 0.0009826696207456687,
      "high_random_coord_r2_drop": 0.4390603338693151,
      "layer": 8,
      "low_attention_error": 0.32256786476304,