{
  "generator_entropy": 6.967180911024231,
  "delta_entropy": 5.322050406051535,
  "generator_summary": {
    "mean": 0.00016681340639479458,
    "median": 0.00010861451301025227,
    "std": 0.03092203289270401,
    "max_abs": 0.13086892664432526
  },
  "delta_summary": {
    "mean": -9.207365110341925e-06,
    "median": -5.701847840100527e-06,
    "std": 0.003862893208861351,
    "max_abs": 0.04247582331299782
  },
  "threshold_sparsity": {
    "0.001": 0.3687896728515625,
    "0.01": 0.9682464599609375,
    "0.05": 1.0
  },
  "quantization_mse": {
    "int8": 9.314879534372267e-09,
    "int4": 2.4673713596712332e-06,
    "int2": 1.3284774468047544e-05
  },
  "estimated_compressed_bits": {
    "fp16_base_int4_delta": 1310720,
    "entropy_delta": 1397361.8954109934
  }
}