policy,tasks,samples,parsed_rate,micro_accuracy,micro_accuracy_ci95_low,micro_accuracy_ci95_high,macro_task_accuracy,mean_inference_seconds,mean_decode_seconds,mean_policy_seconds,reference_policy,macro_gain_vs_reference,macro_gain_vs_uniform
exact_recent,5,200,1.0,0.47,0.4020463337087108,0.5390844266463886,0.47000000000000003,0.2969664787780493,3.828900991898263,4.8757186577934775,exact_recent,0.0,nan
learned_recent_query_topk,5,200,1.0,0.51,0.441184632709161,0.5784384471724727,0.51,0.28182012479228435,3.6883191950636682,4.705657007366535,exact_recent,0.03999999999999998,nan
recent_pool_query_mmr,5,200,1.0,0.505,0.4362687594824017,0.5735427804584151,0.505,0.28156024755502584,3.7217666297755203,4.7363390902214455,exact_recent,0.034999999999999976,nan
recent_pool_query_topk,5,200,1.0,0.5,0.43135962209034523,0.5686403779096547,0.5000000000000001,0.28147497233003377,3.7614930713915964,4.779377505969605,exact_recent,0.030000000000000082,nan
