layer,rank,count,relative_projection_error_mean,relative_projection_error_std
0,1,3,0.874983266722151,0.001196395967550528
0,2,3,0.7833484766944429,0.0010757745190674332
0,4,3,0.6124823711116624,0.002369251115386621
0,8,3,0.28976647413947837,0.0054744027097715
2,1,3,0.8749903201012251,0.0011922462338868208
2,2,3,0.7833608216546314,0.0010722720962357197
2,4,3,0.6124824698049315,0.002372159611005572
2,8,3,0.28977064549542736,0.005494022072378685
