{
  "checkpoint_count": 200,
  "policy_rows": 800,
  "fingerprints": [
    "b5538473e2354f57af923385a3bd63fc91fffe27f1763cd81b14592080a38c48"
  ],
  "prediction_mismatches_vs_raw": 3,
  "selected_frame_mismatches_vs_raw": 0,
  "correctness_mismatches_vs_raw": 1,
  "mismatch_examples": [
    [
      "moving_direction_0114",
      "exact_recent",
      2,
      0
    ],
    [
      "moving_direction_0114",
      "recent_pool_query_topk",
      0,
      2
    ],
    [
      "scene_transition_0198",
      "exact_recent",
      3,
      0
    ]
  ],
  "parsed_rate": 1.0,
  "state_bytes_values": [
    8413328
  ],
  "feature_cache_bytes_values": [
    8388608
  ],
  "raw_frame_replay_at_read_values": [
    0
  ],
  "visual_cache_counted_values": [
    1
  ],
  "matched_state_values": [
    1
  ],
  "latency_seconds": {
    "write": {
      "mean": 8.680363910074812,
      "p50": 8.131158466509078,
      "p95": 15.327249818877316,
      "p99": 16.584538725155866
    },
    "decode": {
      "mean": 7.062531142150402,
      "p50": 6.619172377511859,
      "p95": 12.876511338434645,
      "p99": 14.74211382660316
    },
    "preprocess": {
      "mean": 1.231239820146002,
      "p50": 1.0611588694737293,
      "p95": 2.2880442424793723,
      "p99": 2.465121625039028
    },
    "vision_encode": {
      "mean": 0.38640099588199517,
      "p50": 0.3637786114704795,
      "p95": 0.36882763234898447,
      "p99": 1.6145876614621366
    },
    "read": {
      "mean": 0.08286974807691877,
      "p50": 0.08166312851244584,
      "p95": 0.0903776212304365,
      "p99": 0.09296028761076741
    },
    "end_to_end_policy": {
      "mean": 8.76323365815173,
      "p50": 8.214396188501269,
      "p95": 15.410745010786918,
      "p99": 16.66722225773381
    }
  }
}
