policy,tasks,samples,parsed_rate,micro_accuracy,micro_accuracy_ci95_low,micro_accuracy_ci95_high,macro_task_accuracy,mean_inference_seconds,mean_decode_seconds,mean_policy_seconds,mean_feature_cache_write_seconds,mean_preprocess_seconds,mean_vision_encode_seconds,reference_policy,macro_gain_vs_reference,macro_gain_vs_uniform
exact_recent,5,200,1.0,0.475,0.4069150074009861,0.54402729289493,0.475,0.08346090663806535,7.062531142150402,8.763824816712876,8.680363910074812,1.231239820146002,0.38640099588199517,exact_recent,0.0,nan
learned_recent_query_topk,5,200,1.0,0.51,0.441184632709161,0.5784384471724727,0.51,0.08274880817101803,7.062531142150402,8.763112718245829,8.680363910074812,1.231239820146002,0.38640099588199517,exact_recent,0.03500000000000003,nan
recent_pool_query_mmr,5,200,1.0,0.505,0.4362687594824017,0.5735427804584151,0.505,0.0824996483779978,7.062531142150402,8.762863558452809,8.680363910074812,1.231239820146002,0.38640099588199517,exact_recent,0.030000000000000027,nan
recent_pool_query_topk,5,200,1.0,0.5,0.43135962209034523,0.5686403779096547,0.5000000000000001,0.0827696291205939,7.062531142150402,8.763133539195405,8.680363910074812,1.231239820146002,0.38640099588199517,exact_recent,0.025000000000000133,nan
