layer,flow_point,timestep,method,velocity_relative_l2,velocity_mean_relative_l2,velocity_p95_relative_l2,activation_relative_l2,rank8_energy,feature_coefficient_r2,previous_flow_coefficient_r2,flow_rank8_energy
0,0,98,raw_reuse,1.3230328621771967,1.3264979124069214,1.6230562031269073,1.282938715223887,0.8543287019188672,0.7875383463157013,0.9998967809042288,0.6232057441281799
0,0,98,shift_reuse,0.00937432966927072,0.0093797966837883,0.013689012639224528,0.04449553130095286,0.8543287019188672,0.7875383463157013,0.9998967809042288,0.6232057441281799
0,0,98,shift_toeplitz_r2,0.008913980723288948,0.008946376852691174,0.0122740073595196,0.0291086662292663,0.8543287019188672,0.7875383463157013,0.9998967809042288,0.6232057441281799
0,0,98,shift_circular_r2,0.008984172627425504,0.009029020555317402,0.012377504911273717,0.028737983237104907,0.8543287019188672,0.7875383463157013,0.9998967809042288,0.6232057441281799
0,0,98,shift_rank8_feature,0.007120524500960838,0.007068615406751633,0.011067089065909386,0.018808885846987214,0.8543287019188672,0.7875383463157013,0.9998967809042288,0.6232057441281799
0,0,98,shift_rank8_prev_flow,0.006568664950765326,0.0065581961534917355,0.009735982678830623,0.016983504064698438,0.8543287019188672,0.7875383463157013,0.9998967809042288,0.6232057441281799
0,0,98,shift_rank8_oracle,0.006569231139203316,0.006558794993907213,0.009738999418914316,0.016982569163354527,0.8543287019188672,0.7875383463157013,0.9998967809042288,0.6232057441281799
0,0,98,flow_reuse,0.006703444630426909,0.0065303402952849865,0.010318049835041164,0.00786114490378161,0.8543287019188672,0.7875383463157013,0.9998967809042288,0.6232057441281799
0,0,98,flow_toeplitz_r2,0.005127545746934185,0.005007987841963768,0.007807930302806199,0.006966120875677326,0.8543287019188672,0.7875383463157013,0.9998967809042288,0.6232057441281799
0,0,98,flow_rank8_oracle,0.0019979407476386282,0.0019550698343664408,0.0028238657279871402,0.004825451701203777,0.8543287019188672,0.7875383463157013,0.9998967809042288,0.6232057441281799
1,0,98,raw_reuse,0.08800701378774539,0.08862695097923279,0.11025586724281311,0.9202103085749275,0.7097413474268475,0.7275701214475743,0.9997856817646121,0.4761893282725983
1,0,98,shift_reuse,0.001964149075441962,0.001974375918507576,0.002834005793556571,0.07769371492607847,0.7097413474268475,0.7275701214475743,0.9997856817646121,0.4761893282725983
1,0,98,shift_toeplitz_r2,0.002017672301010124,0.0020200307480990887,0.002794040192384273,0.057782496885316725,0.7097413474268475,0.7275701214475743,0.9997856817646121,0.4761893282725983
1,0,98,shift_circular_r2,0.002045473517624924,0.0020508868619799614,0.002837272360920906,0.05762305426781707,0.7097413474268475,0.7275701214475743,0.9997856817646121,0.4761893282725983
1,0,98,shift_rank8_feature,0.00219495545111123,0.0022204008419066668,0.003537755878642201,0.04660888758855498,0.7097413474268475,0.7275701214475743,0.9997856817646121,0.4761893282725983
1,0,98,shift_rank8_prev_flow,0.0018997895943714486,0.001905116718262434,0.0030527691822499034,0.04186194883067113,0.7097413474268475,0.7275701214475743,0.9997856817646121,0.4761893282725983
1,0,98,shift_rank8_oracle,0.0019005675918576264,0.001905629993416369,0.0030450875638052817,0.041858000146827105,0.7097413474268475,0.7275701214475743,0.9997856817646121,0.4761893282725983
1,0,98,flow_reuse,0.0005975452725184374,0.0005791328730992973,0.000981939656776376,0.011632162691172373,0.7097413474268475,0.7275701214475743,0.9997856817646121,0.4761893282725983
1,0,98,flow_toeplitz_r2,0.0003887080314752993,0.0003890280204359442,0.0005512591334991156,0.009210967678551712,0.7097413474268475,0.7275701214475743,0.9997856817646121,0.4761893282725983
1,0,98,flow_rank8_oracle,0.0003655798875150362,0.00035825837403535843,0.0005963435862213373,0.008418750499320875,0.7097413474268475,0.7275701214475743,0.9997856817646121,0.4761893282725983
2,0,98,raw_reuse,0.0455852327431935,0.04292348027229309,0.06935770660638808,0.7898713929223523,0.6179290696848347,0.658660840407609,0.999113677271235,0.5247777353059098
2,0,98,shift_reuse,0.0010396872809828183,0.0010003583738580346,0.0015367135347332803,0.05369073115059412,0.6179290696848347,0.658660840407609,0.999113677271235,0.5247777353059098
2,0,98,shift_toeplitz_r2,0.0012196873397390747,0.0011832437012344599,0.0018254830443765965,0.04446821358410997,0.6179290696848347,0.658660840407609,0.999113677271235,0.5247777353059098
2,0,98,shift_circular_r2,0.001233761556428967,0.001199511461891234,0.001838120730826631,0.04438369234685963,0.6179290696848347,0.658660840407609,0.999113677271235,0.5247777353059098
2,0,98,shift_rank8_feature,0.0014266293275168927,0.0014162627048790455,0.0020978341810405253,0.03652147821548179,0.6179290696848347,0.658660840407609,0.999113677271235,0.5247777353059098
2,0,98,shift_rank8_prev_flow,0.0010777863056215915,0.0010705129243433475,0.001634505233960226,0.033196343282425225,0.6179290696848347,0.658660840407609,0.999113677271235,0.5247777353059098
2,0,98,shift_rank8_oracle,0.0010792124638075648,0.0010723791783675551,0.001642835250822827,0.033187253758404645,0.6179290696848347,0.658660840407609,0.999113677271235,0.5247777353059098
2,0,98,flow_reuse,0.0004910187369899297,0.0004913018783554435,0.000607239076634869,0.025823778306138,0.6179290696848347,0.658660840407609,0.999113677271235,0.5247777353059098
2,0,98,flow_toeplitz_r2,0.0005041615282223454,0.0005126922042109072,0.0007286943087819963,0.02015115785695972,0.6179290696848347,0.658660840407609,0.999113677271235,0.5247777353059098
2,0,98,flow_rank8_oracle,0.0006195423186428664,0.0006272850441746414,0.0009062247059773653,0.017801975784271243,0.6179290696848347,0.658660840407609,0.999113677271235,0.5247777353059098
3,0,98,raw_reuse,0.01929637320696931,0.01709095761179924,0.030254507157951593,0.6239930333433727,0.7234216857767715,0.7398437559740771,0.9985536912921735,0.8145272057708779
3,0,98,shift_reuse,0.0006635931434279808,0.0006496876012533903,0.0009848841029452158,0.05250920358072915,0.7234216857767715,0.7398437559740771,0.9985536912921735,0.8145272057708779
3,0,98,shift_toeplitz_r2,0.0009468173697480708,0.0009308047592639923,0.001253892871318385,0.03958058962760558,0.7234216857767715,0.7398437559740771,0.9985536912921735,0.8145272057708779
3,0,98,shift_circular_r2,0.0009550152780833539,0.0009385632001794875,0.0012668713461607695,0.039507084796757484,0.7234216857767715,0.7398437559740771,0.9985536912921735,0.8145272057708779
3,0,98,shift_rank8_feature,0.0011656617072015392,0.0011566121829673648,0.001462797774001956,0.030030590040322252,0.7234216857767715,0.7398437559740771,0.9985536912921735,0.8145272057708779
3,0,98,shift_rank8_prev_flow,0.0010260297471493985,0.001013335189782083,0.0012762504338752478,0.02762897652467824,0.7234216857767715,0.7398437559740771,0.9985536912921735,0.8145272057708779
3,0,98,shift_rank8_oracle,0.0010217867446381962,0.001009336207062006,0.0012690289237070828,0.02761496479527177,0.7234216857767715,0.7398437559740771,0.9985536912921735,0.8145272057708779
3,0,98,flow_reuse,0.0008024259591968622,0.0008118627592921257,0.0011633932124823331,0.05858815317564775,0.7234216857767715,0.7398437559740771,0.9985536912921735,0.8145272057708779
3,0,98,flow_toeplitz_r2,0.0007466935754884218,0.0007576901116408408,0.0010855772881768644,0.03204466006595194,0.7234216857767715,0.7398437559740771,0.9985536912921735,0.8145272057708779
3,0,98,flow_rank8_oracle,0.000491017486372898,0.0004962079110555351,0.0007038608513539657,0.025231897732947445,0.7234216857767715,0.7398437559740771,0.9985536912921735,0.8145272057708779
4,0,98,raw_reuse,0.018298590009790453,0.017522772774100304,0.027430159691721197,0.5075527885810577,0.810056293779022,0.866583124215765,0.9972070499022598,0.8495317264209333
4,0,98,shift_reuse,0.0009755338106451642,0.000953547889366746,0.0015517702791839837,0.06527933025026553,0.810056293779022,0.866583124215765,0.9972070499022598,0.8495317264209333
4,0,98,shift_toeplitz_r2,0.000906758798759302,0.000892201263923198,0.0012711028044577687,0.045125514757789316,0.810056293779022,0.866583124215765,0.9972070499022598,0.8495317264209333
4,0,98,shift_circular_r2,0.000906066639078482,0.0008912383927963674,0.0012619019777048378,0.04509847646166797,0.810056293779022,0.866583124215765,0.9972070499022598,0.8495317264209333
4,0,98,shift_rank8_feature,0.0009420422296898778,0.0009293388575315475,0.0012456908647436647,0.030441656845590533,0.810056293779022,0.866583124215765,0.9972070499022598,0.8495317264209333
4,0,98,shift_rank8_prev_flow,0.0008926761119813313,0.0008728886023163795,0.0011264878907240928,0.02849349805612362,0.810056293779022,0.866583124215765,0.9972070499022598,0.8495317264209333
4,0,98,shift_rank8_oracle,0.0008881314833805731,0.0008688948582857847,0.0011147353274282067,0.028450384746159563,0.810056293779022,0.866583124215765,0.9972070499022598,0.8495317264209333
4,0,98,flow_reuse,0.000933066494407103,0.0009309532470069826,0.0013288575049955397,0.09492524040939716,0.810056293779022,0.866583124215765,0.9972070499022598,0.8495317264209333
4,0,98,flow_toeplitz_r2,0.0008174108524707504,0.0008157078991644084,0.0013471979356836526,0.046573955024712926,0.810056293779022,0.866583124215765,0.9972070499022598,0.8495317264209333
4,0,98,flow_rank8_oracle,0.000663343986407528,0.0006679873913526535,0.0010009288089349866,0.03682172877767606,0.810056293779022,0.866583124215765,0.9972070499022598,0.8495317264209333
5,0,98,raw_reuse,0.02325951400312636,0.022521384060382843,0.03280558306723833,0.41155321040794746,0.8783185959050274,0.8324512363496983,0.9957498035576042,0.8358192197079036
5,0,98,shift_reuse,0.001628954264598571,0.001592167653143406,0.0023949727066792546,0.07445660614149113,0.8783185959050274,0.8324512363496983,0.9957498035576042,0.8358192197079036
5,0,98,shift_toeplitz_r2,0.0014199578541150342,0.0013672051718458533,0.002116285474039614,0.048306264789635366,0.8783185959050274,0.8324512363496983,0.9957498035576042,0.8358192197079036
5,0,98,shift_circular_r2,0.0014167527500476894,0.0013643359998241067,0.0021047034068033097,0.048260841755667444,0.8783185959050274,0.8324512363496983,0.9957498035576042,0.8358192197079036
5,0,98,shift_rank8_feature,0.0010931469524672784,0.0010562548413872719,0.0016088993230368941,0.029067932664365307,0.8783185959050274,0.8324512363496983,0.9957498035576042,0.8358192197079036
5,0,98,shift_rank8_prev_flow,0.0010028055614857234,0.0009642972727306187,0.0014179452264215795,0.02605566055854671,0.8783185959050274,0.8324512363496983,0.9957498035576042,0.8358192197079036
5,0,98,shift_rank8_oracle,0.0010051106760600706,0.0009669172577559948,0.001424100319854915,0.025972594952916296,0.8783185959050274,0.8324512363496983,0.9957498035576042,0.8358192197079036
5,0,98,flow_reuse,0.0005894054610288998,0.0005876318900845945,0.0007871304725995287,0.054555134402369865,0.8783185959050274,0.8324512363496983,0.9957498035576042,0.8358192197079036
5,0,98,flow_toeplitz_r2,0.0004885584322111939,0.00048125535249710083,0.0007832331990357488,0.030959552735780285,0.8783185959050274,0.8324512363496983,0.9957498035576042,0.8358192197079036
5,0,98,flow_rank8_oracle,0.0004427793115344919,0.000442349148215726,0.0006686350592644885,0.022105319059962502,0.8783185959050274,0.8324512363496983,0.9957498035576042,0.8358192197079036
6,0,98,raw_reuse,0.02277199346935902,0.022448457777500153,0.02937130015343427,0.20035432963227323,0.9268065022317714,0.7923372436488191,0.9866506955501027,0.828935624420041
6,0,98,shift_reuse,0.003168164023617083,0.0029783565551042557,0.005201941751874983,0.046333702933001104,0.9268065022317714,0.7923372436488191,0.9866506955501027,0.828935624420041
6,0,98,shift_toeplitz_r2,0.002624329796606478,0.0023325367365032434,0.004428610298782587,0.030001399289153453,0.9268065022317714,0.7923372436488191,0.9866506955501027,0.828935624420041
6,0,98,shift_circular_r2,0.0026159531637281186,0.0023270633537322283,0.004396823048591614,0.02998130420584164,0.9268065022317714,0.7923372436488191,0.9866506955501027,0.828935624420041
6,0,98,shift_rank8_feature,0.0014516420092283632,0.0013546362752094865,0.002242414548527449,0.015537977315187477,0.9268065022317714,0.7923372436488191,0.9866506955501027,0.828935624420041
6,0,98,shift_rank8_prev_flow,0.0011598813552809993,0.0010755377588793635,0.0017394475755281742,0.012749570909974608,0.9268065022317714,0.7923372436488191,0.9866506955501027,0.828935624420041
6,0,98,shift_rank8_oracle,0.0011130549565327018,0.0010499829659238458,0.0017298465478233992,0.012535258479274546,0.9268065022317714,0.7923372436488191,0.9866506955501027,0.828935624420041
6,0,98,flow_reuse,0.0016023276047614566,0.0015552365221083164,0.002161570219323039,0.02087752327718452,0.9268065022317714,0.7923372436488191,0.9866506955501027,0.828935624420041
6,0,98,flow_toeplitz_r2,0.0009347035521016047,0.0009200956556014717,0.0012728772009722887,0.01300747679876055,0.9268065022317714,0.7923372436488191,0.9866506955501027,0.828935624420041
6,0,98,flow_rank8_oracle,0.0005685960463147607,0.0005688237142749131,0.0008471920125884935,0.008634928877378965,0.9268065022317714,0.7923372436488191,0.9866506955501027,0.828935624420041
7,0,98,raw_reuse,0.07654258653869428,0.07681593298912048,0.09730619080364704,0.3670831861780544,0.8416548025376387,0.8130360284888116,0.9865898253247408,0.7000863540394375
7,0,98,shift_reuse,0.004748636982057039,0.004290284123271704,0.009060102421790358,0.02671420307708689,0.8416548025376387,0.8130360284888116,0.9865898253247408,0.7000863540394375
7,0,98,shift_toeplitz_r2,0.004483576660659202,0.003991407807916403,0.009131981572136278,0.02157783217851473,0.8416548025376387,0.8130360284888116,0.9865898253247408,0.7000863540394375
7,0,98,shift_circular_r2,0.004477079818871952,0.003986923955380917,0.009118497278541322,0.021661447909834416,0.8416548025376387,0.8130360284888116,0.9865898253247408,0.7000863540394375
7,0,98,shift_rank8_feature,0.002560609039761794,0.0024078364949673414,0.004822628549300132,0.012837160772046639,0.8416548025376387,0.8130360284888116,0.9865898253247408,0.7000863540394375
7,0,98,shift_rank8_prev_flow,0.0018447316343204695,0.001773423864506185,0.002911484730429947,0.01080358782086856,0.8416548025376387,0.8130360284888116,0.9865898253247408,0.7000863540394375
7,0,98,shift_rank8_oracle,0.0017720541856796296,0.0016975103644654155,0.002955931879114359,0.01063028007153146,0.8416548025376387,0.8130360284888116,0.9865898253247408,0.7000863540394375
7,0,98,flow_reuse,0.0020883799141335714,0.0020717603620141745,0.003635724377818405,0.00863488340396785,0.8416548025376387,0.8130360284888116,0.9865898253247408,0.7000863540394375
7,0,98,flow_toeplitz_r2,0.0016138191835884208,0.0016096556792035699,0.0026881760568357995,0.00706578769417488,0.8416548025376387,0.8130360284888116,0.9865898253247408,0.7000863540394375
7,0,98,flow_rank8_oracle,0.0009245041448995352,0.0009227425907738507,0.0013489893521182238,0.00472883968413469,0.8416548025376387,0.8130360284888116,0.9865898253247408,0.7000863540394375
0,1,88,raw_reuse,1.321424297602224,1.3250807523727417,1.6246940970420838,1.2816399081418777,0.8548204160226276,0.785133511122984,0.9999150266567064,0.657264200610963
0,1,88,shift_reuse,0.009903659907803567,0.00984590407460928,0.014685900369659066,0.044756208696436955,0.8548204160226276,0.785133511122984,0.9999150266567064,0.657264200610963
0,1,88,shift_toeplitz_r2,0.008744082295509045,0.008730879984796047,0.012159854033961892,0.029160259078009183,0.8548204160226276,0.785133511122984,0.9999150266567064,0.657264200610963
0,1,88,shift_circular_r2,0.008817071820614614,0.008819914422929287,0.012039583036676049,0.028791419513833853,0.8548204160226276,0.785133511122984,0.9999150266567064,0.657264200610963
0,1,88,shift_rank8_feature,0.007128310592935879,0.007071925792843103,0.011223033256828784,0.018896887754590384,0.8548204160226276,0.785133511122984,0.9999150266567064,0.657264200610963
0,1,88,shift_rank8_prev_flow,0.006581699795353847,0.006563931237906218,0.009569953009486197,0.01705397479417161,0.8548204160226276,0.785133511122984,0.9999150266567064,0.657264200610963
0,1,88,shift_rank8_oracle,0.006575706242930611,0.006559660192579031,0.009543073549866676,0.017053205444799876,0.8548204160226276,0.785133511122984,0.9999150266567064,0.657264200610963
0,1,88,flow_reuse,0.007058414793211593,0.0068969824351370335,0.010916314274072646,0.007486044378453449,0.8548204160226276,0.785133511122984,0.9999150266567064,0.657264200610963
0,1,88,flow_toeplitz_r2,0.005234931087692547,0.005131880287081003,0.007912951777689158,0.006666523556192897,0.8548204160226276,0.785133511122984,0.9999150266567064,0.657264200610963
0,1,88,flow_rank8_oracle,0.0021824873911095387,0.0021508459467440844,0.0030402578646317123,0.004382603005069242,0.8548204160226276,0.785133511122984,0.9999150266567064,0.657264200610963
1,1,88,raw_reuse,0.08738176315950802,0.08796272426843643,0.11031934060156345,0.9202906663307713,0.7093851359957223,0.7158865605098417,0.9997642717357029,0.3733767832650131
1,1,88,shift_reuse,0.0020709485093109606,0.002072359202429652,0.00295340894954279,0.07686890923797861,0.7093851359957223,0.7158865605098417,0.9997642717357029,0.3733767832650131
1,1,88,shift_toeplitz_r2,0.002112472794515382,0.0021124170161783695,0.0030169695266522465,0.05651487836835799,0.7093851359957223,0.7158865605098417,0.9997642717357029,0.3733767832650131
1,1,88,shift_circular_r2,0.002145978518583705,0.0021495476830750704,0.003042363002896309,0.056387447939146615,0.7093851359957223,0.7158865605098417,0.9997642717357029,0.3733767832650131
1,1,88,shift_rank8_feature,0.0023349319951004506,0.002362695289775729,0.0037012299173511563,0.04618397590554412,0.7093851359957223,0.7158865605098417,0.9997642717357029,0.3733767832650131
1,1,88,shift_rank8_prev_flow,0.0019965518557639858,0.002003024099394679,0.0030628202948719263,0.04144319794498947,0.7093851359957223,0.7158865605098417,0.9997642717357029,0.3733767832650131
1,1,88,shift_rank8_oracle,0.001996329737478556,0.002002578228712082,0.003045295993797481,0.04143903469608938,0.7093851359957223,0.7158865605098417,0.9997642717357029,0.3733767832650131
1,1,88,flow_reuse,0.0004530568686296337,0.00044625892769545317,0.0007723541348241269,0.008485934914928748,0.7093851359957223,0.7158865605098417,0.9997642717357029,0.3733767832650131
1,1,88,flow_toeplitz_r2,0.0003282141882293172,0.0003276375646237284,0.00047255906247301027,0.007479500950205444,0.7093851359957223,0.7158865605098417,0.9997642717357029,0.3733767832650131
1,1,88,flow_rank8_oracle,0.00034854168107703495,0.0003493903495837003,0.0004858291387790814,0.006717426718722594,0.7093851359957223,0.7158865605098417,0.9997642717357029,0.3733767832650131
2,1,88,raw_reuse,0.04381427739051867,0.04090153053402901,0.0683918923139572,0.7711725514294795,0.6165529381395755,0.6624000102757188,0.9992975275276759,0.3660060777093074
2,1,88,shift_reuse,0.0010664416628461996,0.0010305928299203515,0.001602487580385059,0.05264402631064293,0.6165529381395755,0.6624000102757188,0.9992975275276759,0.3660060777093074
2,1,88,shift_toeplitz_r2,0.0012160553965989342,0.0011898078955709934,0.0016650843026582152,0.04300463045854439,0.6165529381395755,0.6624000102757188,0.9992975275276759,0.3660060777093074
2,1,88,shift_circular_r2,0.0012313690413820117,0.0012073343386873603,0.0016712339653167873,0.04291968091185687,0.6165529381395755,0.6624000102757188,0.9992975275276759,0.3660060777093074
2,1,88,shift_rank8_feature,0.0014050137660902057,0.0013977844500914216,0.0021369943977333603,0.035744681931737125,0.6165529381395755,0.6624000102757188,0.9992975275276759,0.3660060777093074
2,1,88,shift_rank8_prev_flow,0.0010574806920584975,0.0010487488470971584,0.001541471591917798,0.0326056767908933,0.6165529381395755,0.6624000102757188,0.9992975275276759,0.3660060777093074
2,1,88,shift_rank8_oracle,0.0010562261561482193,0.0010472211288288236,0.0015391170687507837,0.03259881435282269,0.6165529381395755,0.6624000102757188,0.9992975275276759,0.3660060777093074
2,1,88,flow_reuse,0.00018593542155544802,0.00018394412472844124,0.0002777469810098409,0.011600159835870453,0.6165529381395755,0.6624000102757188,0.9992975275276759,0.3660060777093074
2,1,88,flow_toeplitz_r2,0.000369120052659282,0.00037375438841991127,0.0004801679780939594,0.012115827917715353,0.6165529381395755,0.6624000102757188,0.9992975275276759,0.3660060777093074
2,1,88,flow_rank8_oracle,0.00024041721362383397,0.00023766257800161839,0.00036014385404996573,0.009236481194299113,0.6165529381395755,0.6624000102757188,0.9992975275276759,0.3660060777093074
3,1,88,raw_reuse,0.01983462762022321,0.0174358319491148,0.03354487530887127,0.6416439770073668,0.7143942923980173,0.6983947725282099,0.9980794106280612,0.33277047316875685
3,1,88,shift_reuse,0.0007289241662975639,0.0007214599754661322,0.0010118213365785777,0.05416336198549854,0.7143942923980173,0.6983947725282099,0.9980794106280612,0.33277047316875685
3,1,88,shift_toeplitz_r2,0.000941138559232553,0.0009350127074867487,0.0012337409774772824,0.03984026608232594,0.7143942923980173,0.6983947725282099,0.9980794106280612,0.33277047316875685
3,1,88,shift_circular_r2,0.0009464287750152964,0.0009401424904353917,0.0012478313001338392,0.03977331833554701,0.7143942923980173,0.6983947725282099,0.9980794106280612,0.33277047316875685
3,1,88,shift_rank8_feature,0.0012127329531061175,0.001213815645314753,0.0015702136966865509,0.03161375304771926,0.7143942923980173,0.6983947725282099,0.9980794106280612,0.33277047316875685
3,1,88,shift_rank8_prev_flow,0.001045509404036654,0.0010412869742140174,0.0012673089979216455,0.028963798894993974,0.7143942923980173,0.6983947725282099,0.9980794106280612,0.33277047316875685
3,1,88,shift_rank8_oracle,0.0010491017576591017,0.00104517734143883,0.0012852174637373536,0.02894603312781348,0.7143942923980173,0.6983947725282099,0.9980794106280612,0.33277047316875685
3,1,88,flow_reuse,0.0003530402306500929,0.0003399296256247908,0.0006106237153289839,0.019472277307143588,0.7143942923980173,0.6983947725282099,0.9980794106280612,0.33277047316875685
3,1,88,flow_toeplitz_r2,0.00039632308503595616,0.00038803834468126297,0.0005549923051148653,0.025023049426434765,0.7143942923980173,0.6983947725282099,0.9980794106280612,0.33277047316875685
3,1,88,flow_rank8_oracle,0.00037126263499838474,0.00036593960248865187,0.0005980765708955005,0.015905758133615378,0.7143942923980173,0.6983947725282099,0.9980794106280612,0.33277047316875685
4,1,88,raw_reuse,0.020248423062128762,0.019480763003230095,0.031023934297263616,0.4967396684730825,0.7646475478774108,0.7932503623052343,0.9962891246943204,0.5673512705248667
4,1,88,shift_reuse,0.0011724890341658638,0.0011663143523037434,0.001891361339949071,0.07052775976973262,0.7646475478774108,0.7932503623052343,0.9962891246943204,0.5673512705248667
4,1,88,shift_toeplitz_r2,0.0010384792237546755,0.0010268512414768338,0.0014457283774390816,0.0499776963110006,0.7646475478774108,0.7932503623052343,0.9962891246943204,0.5673512705248667
4,1,88,shift_circular_r2,0.001031481587442796,0.0010200239485129714,0.0014186464890372007,0.04993338867060351,0.7646475478774108,0.7932503623052343,0.9962891246943204,0.5673512705248667
4,1,88,shift_rank8_feature,0.0010341671477165806,0.001022683922201395,0.001434283354319632,0.03676321286165462,0.7646475478774108,0.7932503623052343,0.9962891246943204,0.5673512705248667
4,1,88,shift_rank8_prev_flow,0.0009813820799074383,0.0009642133954912424,0.001379306922899559,0.034262638543001024,0.7646475478774108,0.7932503623052343,0.9962891246943204,0.5673512705248667
4,1,88,shift_rank8_oracle,0.0009838416530322152,0.0009666201658546925,0.0014019535155966876,0.03421522915367785,0.7646475478774108,0.7932503623052343,0.9962891246943204,0.5673512705248667
4,1,88,flow_reuse,0.0005072223526529769,0.0004924573586322367,0.0009315277129644527,0.03658390019422976,0.7646475478774108,0.7932503623052343,0.9962891246943204,0.5673512705248667
4,1,88,flow_toeplitz_r2,0.0004944960672828616,0.00048822828102856874,0.0007958301575854418,0.0451101664143159,0.7646475478774108,0.7932503623052343,0.9962891246943204,0.5673512705248667
4,1,88,flow_rank8_oracle,0.0004379541622541461,0.00043692789040505886,0.0006234257394680754,0.02406343775049486,0.7646475478774108,0.7932503623052343,0.9962891246943204,0.5673512705248667
5,1,88,raw_reuse,0.023347970855516775,0.022607063874602318,0.0331085504963994,0.4252128256112208,0.8345402740539125,0.7421995263168972,0.9697711191300605,0.6125030519072512
5,1,88,shift_reuse,0.0020766191254155235,0.002054073614999652,0.00318792313337326,0.08477442148015417,0.8345402740539125,0.7421995263168972,0.9697711191300605,0.6125030519072512
5,1,88,shift_toeplitz_r2,0.0017565428072476498,0.0017217770218849182,0.002681103884242475,0.05763663592026095,0.8345402740539125,0.7421995263168972,0.9697711191300605,0.6125030519072512
5,1,88,shift_circular_r2,0.0017475077591014364,0.0017123535508289933,0.0026842285762540994,0.05754574326888405,0.8345402740539125,0.7421995263168972,0.9697711191300605,0.6125030519072512
5,1,88,shift_rank8_feature,0.0012943404856221928,0.0012630942510440946,0.0019289668765850366,0.03892987221285237,0.8345402740539125,0.7421995263168972,0.9697711191300605,0.6125030519072512
5,1,88,shift_rank8_prev_flow,0.0011841161071193544,0.0011661745375022292,0.0015158174326643347,0.03503405764687947,0.8345402740539125,0.7421995263168972,0.9697711191300605,0.6125030519072512
5,1,88,shift_rank8_oracle,0.0011886698733409803,0.0011691581457853317,0.0015399771684315056,0.03448347187098274,0.8345402740539125,0.7421995263168972,0.9697711191300605,0.6125030519072512
5,1,88,flow_reuse,0.0007977632542095322,0.0006897973362356424,0.0012463517894502729,0.03671440043741356,0.8345402740539125,0.7421995263168972,0.9697711191300605,0.6125030519072512
5,1,88,flow_toeplitz_r2,0.0007221439828767991,0.0006416148389689624,0.0012121217325329775,0.039426294416960814,0.8345402740539125,0.7421995263168972,0.9697711191300605,0.6125030519072512
5,1,88,flow_rank8_oracle,0.0004934369658783341,0.0004633429052773863,0.0008222461678087711,0.02285443996225229,0.8345402740539125,0.7421995263168972,0.9697711191300605,0.6125030519072512
6,1,88,raw_reuse,0.02415783597189391,0.024044416844844818,0.029576880671083928,0.19845086367326478,0.9017152743456325,0.679615591216939,0.9723568820698362,0.6140275115259393
6,1,88,shift_reuse,0.0039171201411733105,0.0037328244652599096,0.006414804421365259,0.05359955029198804,0.9017152743456325,0.679615591216939,0.9723568820698362,0.6140275115259393
6,1,88,shift_toeplitz_r2,0.003264774667480816,0.0030310284346342087,0.005530390632338821,0.03506125858898209,0.9017152743456325,0.679615591216939,0.9723568820698362,0.6140275115259393
6,1,88,shift_circular_r2,0.0032563780956151077,0.003022142918780446,0.005491989757865666,0.034998656744133466,0.9017152743456325,0.679615591216939,0.9723568820698362,0.6140275115259393
6,1,88,shift_rank8_feature,0.0020559254844566676,0.0019025892252102494,0.003391016146633774,0.02108078677612617,0.9017152743456325,0.679615591216939,0.9723568820698362,0.6140275115259393
6,1,88,shift_rank8_prev_flow,0.0016309429959345883,0.0015147663652896881,0.0023124468512833118,0.01721464603029214,0.9017152743456325,0.679615591216939,0.9723568820698362,0.6140275115259393
6,1,88,shift_rank8_oracle,0.0015400108194544618,0.001456263824366033,0.0024851500289514656,0.0168036687636274,0.9017152743456325,0.679615591216939,0.9723568820698362,0.6140275115259393
6,1,88,flow_reuse,0.0012140342567496497,0.001085395342670381,0.0021800411283038556,0.012702118997060523,0.9017152743456325,0.679615591216939,0.9723568820698362,0.6140275115259393
6,1,88,flow_toeplitz_r2,0.0011796872824332827,0.0010658676037564874,0.0019677523465361445,0.01372586911474053,0.9017152743456325,0.679615591216939,0.9723568820698362,0.6140275115259393
6,1,88,flow_rank8_oracle,0.0007123005698229559,0.0006679597427137196,0.0009753140853717923,0.00789140582212836,0.9017152743456325,0.679615591216939,0.9723568820698362,0.6140275115259393
7,1,88,raw_reuse,0.07480837527800241,0.07513449341058731,0.0924513179808855,0.32265141693108745,0.8349114786709425,0.6846114314979648,0.9563602211165702,0.7720180336264004
7,1,88,shift_reuse,0.0055437906600264274,0.00501411035656929,0.011045464873313902,0.02724520801376157,0.8349114786709425,0.6846114314979648,0.9563602211165702,0.7720180336264004
7,1,88,shift_toeplitz_r2,0.005055368936141523,0.004470014479011297,0.01071351999416947,0.022238061328793617,0.8349114786709425,0.6846114314979648,0.9563602211165702,0.7720180336264004
7,1,88,shift_circular_r2,0.005053638416221023,0.004470724146813154,0.010676795849576589,0.022320949767573588,0.8349114786709425,0.6846114314979648,0.9563602211165702,0.7720180336264004
7,1,88,shift_rank8_feature,0.0028004470880597793,0.0026768308598548174,0.005021890229545533,0.014445481360602362,0.8349114786709425,0.6846114314979648,0.9563602211165702,0.7720180336264004
7,1,88,shift_rank8_prev_flow,0.002375669763097449,0.0021796030923724174,0.0042126745916903005,0.011595800417251157,0.8349114786709425,0.6846114314979648,0.9563602211165702,0.7720180336264004
7,1,88,shift_rank8_oracle,0.002051268283029378,0.0019439057214185596,0.003685417317319661,0.011070024112692402,0.8349114786709425,0.6846114314979648,0.9563602211165702,0.7720180336264004
7,1,88,flow_reuse,0.0018370473722736276,0.0015539220767095685,0.0036436316673643864,0.009702491902417074,0.8349114786709425,0.6846114314979648,0.9563602211165702,0.7720180336264004
7,1,88,flow_toeplitz_r2,0.0017843184029863687,0.001485800719819963,0.00386185370152816,0.008055232382858376,0.8349114786709425,0.6846114314979648,0.9563602211165702,0.7720180336264004
7,1,88,flow_rank8_oracle,0.0009934222109429524,0.0009160785120911896,0.0018984519876539701,0.004632693570171036,0.8349114786709425,0.6846114314979648,0.9563602211165702,0.7720180336264004
0,2,77,raw_reuse,1.3216304343536656,1.3248847723007202,1.6286884129047394,1.2748182067823914,0.8572540556731545,0.7947489656850698,0.9999364897285867,0.5510478791469151
0,2,77,shift_reuse,0.0128214393625687,0.012327320873737335,0.021851847227662802,0.04605757744981434,0.8572540556731545,0.7947489656850698,0.9999364897285867,0.5510478791469151
0,2,77,shift_toeplitz_r2,0.009032678889380433,0.009000471793115139,0.012897708220407367,0.029753744141550464,0.8572540556731545,0.7947489656850698,0.9999364897285867,0.5510478791469151
0,2,77,shift_circular_r2,0.009089425765963872,0.009074191562831402,0.012593773100525141,0.029373850688594237,0.8572540556731545,0.7947489656850698,0.9999364897285867,0.5510478791469151
0,2,77,shift_rank8_feature,0.007168555735223002,0.007108531426638365,0.01016818694770336,0.019195988415324574,0.8572540556731545,0.7947489656850698,0.9999364897285867,0.5510478791469151
0,2,77,shift_rank8_prev_flow,0.006734363746189385,0.006722635123878717,0.009521227329969406,0.017401937866407383,0.8572540556731545,0.7947489656850698,0.9999364897285867,0.5510478791469151
0,2,77,shift_rank8_oracle,0.006729404616634156,0.006717330310493708,0.00950670107267797,0.017401353135845524,0.8572540556731545,0.7947489656850698,0.9999364897285867,0.5510478791469151
0,2,77,flow_reuse,0.00787635077640315,0.007811431307345629,0.011416335823014379,0.008857720457092523,0.8572540556731545,0.7947489656850698,0.9999364897285867,0.5510478791469151
0,2,77,flow_toeplitz_r2,0.005115272094577171,0.005044381134212017,0.00741283418610692,0.007519152339331715,0.8572540556731545,0.7947489656850698,0.9999364897285867,0.5510478791469151
0,2,77,flow_rank8_oracle,0.0036160541056510535,0.0035893109161406755,0.0046106534078717235,0.005935017227555335,0.8572540556731545,0.7947489656850698,0.9999364897285867,0.5510478791469151
1,2,77,raw_reuse,0.08842880094599341,0.0889454260468483,0.11050781682133674,0.9240460043528977,0.7181555471578582,0.7410677838320102,0.9998247684345751,0.3473760939614826
1,2,77,shift_reuse,0.002455149258747012,0.0024261351209133863,0.003771047736518085,0.07967917370729653,0.7181555471578582,0.7410677838320102,0.9998247684345751,0.3473760939614826
1,2,77,shift_toeplitz_r2,0.0022060233802462174,0.002196709858253598,0.0031116542988456784,0.058359769120200564,0.7181555471578582,0.7410677838320102,0.9998247684345751,0.3473760939614826
1,2,77,shift_circular_r2,0.0022461980417774413,0.0022409572266042233,0.003180508769582957,0.05824140631506202,0.7181555471578582,0.7410677838320102,0.9998247684345751,0.3473760939614826
1,2,77,shift_rank8_feature,0.0023205586911563187,0.00232939375564456,0.0037165377871133387,0.046871287783714445,0.7181555471578582,0.7410677838320102,0.9998247684345751,0.3473760939614826
1,2,77,shift_rank8_prev_flow,0.002026182285499918,0.002035667886957526,0.003045061510056257,0.04230415484766076,0.7181555471578582,0.7410677838320102,0.9998247684345751,0.3473760939614826
1,2,77,shift_rank8_oracle,0.0020292550508464163,0.0020378546323627234,0.003050136473029852,0.04230089609633901,0.7181555471578582,0.7410677838320102,0.9998247684345751,0.3473760939614826
1,2,77,flow_reuse,0.0005001280343072567,0.0004865853989031166,0.0008381432882742955,0.008720306579043139,0.7181555471578582,0.7410677838320102,0.9998247684345751,0.3473760939614826
1,2,77,flow_toeplitz_r2,0.00037464630852422734,0.00037950766272842884,0.0005165250826394185,0.007244966769862106,0.7181555471578582,0.7410677838320102,0.9998247684345751,0.3473760939614826
1,2,77,flow_rank8_oracle,0.0003992046590724203,0.00039991727680899203,0.0006099263671785593,0.00704471199465635,0.7181555471578582,0.7410677838320102,0.9998247684345751,0.3473760939614826
2,2,77,raw_reuse,0.041557311641604644,0.038359884172677994,0.06767922285944222,0.7801512496909806,0.565023683611938,0.4566056681740047,0.9990548371830714,0.40900285135380976
2,2,77,shift_reuse,0.00128734984359557,0.0012482833117246628,0.0022095107357017695,0.05578611650515418,0.565023683611938,0.4566056681740047,0.9990548371830714,0.40900285135380976
2,2,77,shift_toeplitz_r2,0.0013844648462442563,0.0013752380618825555,0.001970715308561921,0.04570035483582845,0.565023683611938,0.4566056681740047,0.9990548371830714,0.40900285135380976
2,2,77,shift_circular_r2,0.001398267129713835,0.0013906261883676052,0.0019901535008102654,0.04561651137864873,0.565023683611938,0.4566056681740047,0.9990548371830714,0.40900285135380976
2,2,77,shift_rank8_feature,0.0016431486887449847,0.0016285256715491414,0.0024314039736054835,0.04104132790575073,0.565023683611938,0.4566056681740047,0.9990548371830714,0.40900285135380976
2,2,77,shift_rank8_prev_flow,0.0012981981378356149,0.0013009639224037528,0.0020236310898326336,0.03680028857145726,0.565023683611938,0.4566056681740047,0.9990548371830714,0.40900285135380976
2,2,77,shift_rank8_oracle,0.0013001418500550174,0.001302860677242279,0.00204705762444064,0.03679247181518908,0.565023683611938,0.4566056681740047,0.9990548371830714,0.40900285135380976
2,2,77,flow_reuse,0.0002791069878031386,0.0002707989187911153,0.00044401390478014945,0.015323389127880921,0.565023683611938,0.4566056681740047,0.9990548371830714,0.40900285135380976
2,2,77,flow_toeplitz_r2,0.0005216529187633001,0.0005274345749057829,0.0006934191711479798,0.01387764559342968,0.565023683611938,0.4566056681740047,0.9990548371830714,0.40900285135380976
2,2,77,flow_rank8_oracle,0.0004932193557291675,0.0004970386507920921,0.0007023705373285338,0.01178006056069769,0.565023683611938,0.4566056681740047,0.9990548371830714,0.40900285135380976
3,2,77,raw_reuse,0.02161402547848104,0.019584696739912033,0.03794109653681516,0.7038820017087588,0.5270065094762826,0.26689374693705303,0.9979063419661388,0.542083786295863
3,2,77,shift_reuse,0.001224892193174741,0.001171403331682086,0.0021737297414802016,0.06726795305408187,0.5270065094762826,0.26689374693705303,0.9979063419661388,0.542083786295863
3,2,77,shift_toeplitz_r2,0.0014044277340934306,0.001385319628752768,0.0020015576970763504,0.05495550059948034,0.5270065094762826,0.26689374693705303,0.9979063419661388,0.542083786295863
3,2,77,shift_circular_r2,0.0014138796156072213,0.0013957530027255416,0.0020013763918541373,0.05492356621632694,0.5270065094762826,0.26689374693705303,0.9979063419661388,0.542083786295863
3,2,77,shift_rank8_feature,0.0016580778719578592,0.0016575920162722468,0.0023371590767055747,0.051061250842674245,0.5270065094762826,0.26689374693705303,0.9979063419661388,0.542083786295863
3,2,77,shift_rank8_prev_flow,0.0015505904728889104,0.0015401476994156837,0.0022616785834543404,0.046277631552208445,0.5270065094762826,0.26689374693705303,0.9979063419661388,0.542083786295863
3,2,77,shift_rank8_oracle,0.0015513541307859563,0.0015410137129947543,0.0022620514966547487,0.04626321607456329,0.5270065094762826,0.26689374693705303,0.9979063419661388,0.542083786295863
3,2,77,flow_reuse,0.0004063336628140382,0.00038782707997597754,0.0006429560860851779,0.029320327761741392,0.5270065094762826,0.26689374693705303,0.9979063419661388,0.542083786295863
3,2,77,flow_toeplitz_r2,0.00043750916344140726,0.00042911441414617,0.0006806523917475715,0.024954091908292127,0.5270065094762826,0.26689374693705303,0.9979063419661388,0.542083786295863
3,2,77,flow_rank8_oracle,0.0004366474132454757,0.0004325567279011011,0.0006693761533824727,0.019840921159237322,0.5270065094762826,0.26689374693705303,0.9979063419661388,0.542083786295863
4,2,77,raw_reuse,0.022087599457135534,0.021407516673207283,0.033317544311285016,0.5585513333618993,0.6426963772498666,0.16910544814047768,0.9978301741710685,0.5977328173433339
4,2,77,shift_reuse,0.0018469102507567452,0.001828680164180696,0.0027489604777656495,0.08813951392761235,0.6426963772498666,0.16910544814047768,0.9978301741710685,0.5977328173433339
4,2,77,shift_toeplitz_r2,0.0016428246611510913,0.0016112354351207614,0.0024160772562026975,0.068006679012764,0.6426963772498666,0.16910544814047768,0.9978301741710685,0.5977328173433339
4,2,77,shift_circular_r2,0.001639147361636763,0.0016087492695078254,0.002390485897194594,0.06793721687689085,0.6426963772498666,0.16910544814047768,0.9978301741710685,0.5977328173433339
4,2,77,shift_rank8_feature,0.0017468290185916622,0.0017026002751663327,0.002510641771368682,0.06127514516173239,0.6426963772498666,0.16910544814047768,0.9978301741710685,0.5977328173433339
4,2,77,shift_rank8_prev_flow,0.0015537955013351194,0.0015289653092622757,0.0022561071906238793,0.05270953596707958,0.6426963772498666,0.16910544814047768,0.9978301741710685,0.5977328173433339
4,2,77,shift_rank8_oracle,0.0015548265188313239,0.001530068344436586,0.0022550079389475285,0.05268528830302734,0.6426963772498666,0.16910544814047768,0.9978301741710685,0.5977328173433339
4,2,77,flow_reuse,0.0005672148932179687,0.000528448261320591,0.0011259230261202896,0.0324073864113876,0.6426963772498666,0.16910544814047768,0.9978301741710685,0.5977328173433339
4,2,77,flow_toeplitz_r2,0.0005690418127002228,0.0005310201668180525,0.0010268529178574677,0.027274593561608038,0.6426963772498666,0.16910544814047768,0.9978301741710685,0.5977328173433339
4,2,77,flow_rank8_oracle,0.00045722251377576707,0.0004426028172019869,0.0007948754267999902,0.020554234613802676,0.6426963772498666,0.16910544814047768,0.9978301741710685,0.5977328173433339
5,2,77,raw_reuse,0.02597374727935518,0.025275563821196556,0.03542773649096489,0.4826934703405013,0.7249410102742104,0.18040922904900936,0.9955916611837806,0.6441975690023114
5,2,77,shift_reuse,0.0032717878774461005,0.003164655761793256,0.005726081924512982,0.10017113651246999,0.7249410102742104,0.18040922904900936,0.9955916611837806,0.6441975690023114
5,2,77,shift_toeplitz_r2,0.0029639872771809917,0.002853201935067773,0.005855690292082726,0.07471903962532243,0.7249410102742104,0.18040922904900936,0.9955916611837806,0.6441975690023114
5,2,77,shift_circular_r2,0.002960964606341839,0.0028493839781731367,0.0058290086220949885,0.07464409710255913,0.7249410102742104,0.18040922904900936,0.9955916611837806,0.6441975690023114
5,2,77,shift_rank8_feature,0.0024884242519113095,0.0023892493918538094,0.0033781618229113517,0.06564781791762783,0.7249410102742104,0.18040922904900936,0.9955916611837806,0.6441975690023114
5,2,77,shift_rank8_prev_flow,0.0019889949339791323,0.001911815837956965,0.0026450567645952103,0.05261508550804064,0.7249410102742104,0.18040922904900936,0.9955916611837806,0.6441975690023114
5,2,77,shift_rank8_oracle,0.001982740147392288,0.0019053290598094463,0.0026527870912104842,0.05253581619190956,0.7249410102742104,0.18040922904900936,0.9955916611837806,0.6441975690023114
5,2,77,flow_reuse,0.0007034769399813586,0.0006619559717364609,0.0011449633340816943,0.02780591035050762,0.7249410102742104,0.18040922904900936,0.9955916611837806,0.6441975690023114
5,2,77,flow_toeplitz_r2,0.0006869198552837384,0.0006401822902262211,0.0012414800759870555,0.023275513898076767,0.7249410102742104,0.18040922904900936,0.9955916611837806,0.6441975690023114
5,2,77,flow_rank8_oracle,0.00047365104712733134,0.0004559700610116124,0.0006958417652640492,0.016585996665585485,0.7249410102742104,0.18040922904900936,0.9955916611837806,0.6441975690023114
6,2,77,raw_reuse,0.029411352962898537,0.02914503775537014,0.038410136476159096,0.21549262041479017,0.8579006164242201,0.3711703642616332,0.9944453397920524,0.6995438358559193
6,2,77,shift_reuse,0.005452534158632907,0.005166841670870781,0.009207207057625054,0.06689560217915187,0.8579006164242201,0.3711703642616332,0.9944453397920524,0.6995438358559193
6,2,77,shift_toeplitz_r2,0.004647398009505081,0.00432049622759223,0.007479124283418059,0.04600165423315677,0.8579006164242201,0.3711703642616332,0.9944453397920524,0.6995438358559193
6,2,77,shift_circular_r2,0.004648583503954933,0.004317746963351965,0.007454053685069084,0.04589347336442571,0.8579006164242201,0.3711703642616332,0.9944453397920524,0.6995438358559193
6,2,77,shift_rank8_feature,0.0037310071730183394,0.00345792924053967,0.006128506944514811,0.034781537448124206,0.8579006164242201,0.3711703642616332,0.9944453397920524,0.6995438358559193
6,2,77,shift_rank8_prev_flow,0.002363982695505634,0.0022281797137111425,0.003440049139317125,0.025317326988915936,0.8579006164242201,0.3711703642616332,0.9944453397920524,0.6995438358559193
6,2,77,shift_rank8_oracle,0.002303847526181015,0.0021842075511813164,0.003439209552016109,0.025217014287119897,0.8579006164242201,0.3711703642616332,0.9944453397920524,0.6995438358559193
6,2,77,flow_reuse,0.0012526734509214817,0.0010882624192163348,0.0025089667178690434,0.012133138559784122,0.8579006164242201,0.3711703642616332,0.9944453397920524,0.6995438358559193
6,2,77,flow_toeplitz_r2,0.0011243790375537897,0.0009914274560287595,0.002272164798341691,0.009996297472789845,0.8579006164242201,0.3711703642616332,0.9944453397920524,0.6995438358559193
6,2,77,flow_rank8_oracle,0.000624489008824419,0.0005683640483766794,0.0011792284145485609,0.006650643738260025,0.8579006164242201,0.3711703642616332,0.9944453397920524,0.6995438358559193
7,2,77,raw_reuse,0.07610243675931344,0.07619953900575638,0.09513005949556827,0.30935435448386256,0.7871968121030636,0.492708148237487,0.9879733679877893,0.6957426070061252
7,2,77,shift_reuse,0.006122053822793362,0.0056389435194432735,0.011009845277294516,0.02772961542372999,0.7871968121030636,0.492708148237487,0.9879733679877893,0.6957426070061252
7,2,77,shift_toeplitz_r2,0.005610597516330656,0.005150351673364639,0.010471031442284584,0.023515027247868914,0.7871968121030636,0.492708148237487,0.9879733679877893,0.6957426070061252
7,2,77,shift_circular_r2,0.005614826762113702,0.005155237857252359,0.010471422551199793,0.023578499234456,0.7871968121030636,0.492708148237487,0.9879733679877893,0.6957426070061252
7,2,77,shift_rank8_feature,0.004138342612643299,0.004031623713672161,0.006665449473075567,0.017256999341469688,0.7871968121030636,0.492708148237487,0.9879733679877893,0.6957426070061252
7,2,77,shift_rank8_prev_flow,0.0027055771410948322,0.002573105739429593,0.004389328672550618,0.012915572971243287,0.7871968121030636,0.492708148237487,0.9879733679877893,0.6957426070061252
7,2,77,shift_rank8_oracle,0.0026060797026115066,0.002489764243364334,0.004060169099830091,0.012791836838390669,0.7871968121030636,0.492708148237487,0.9879733679877893,0.6957426070061252
7,2,77,flow_reuse,0.001453572939191168,0.0013820637250319123,0.0024429844925180073,0.007044382870068733,0.7871968121030636,0.492708148237487,0.9879733679877893,0.6957426070061252
7,2,77,flow_toeplitz_r2,0.001408017878231857,0.0013315402902662754,0.0025771867018193,0.006212028620166421,0.7871968121030636,0.492708148237487,0.9879733679877893,0.6957426070061252
7,2,77,flow_rank8_oracle,0.0009256088491862622,0.0008845858392305672,0.0015458687616046517,0.0038856485975441147,0.7871968121030636,0.492708148237487,0.9879733679877893,0.6957426070061252
0,3,66,raw_reuse,1.3207943670719915,1.3238388299942017,1.633550578355789,1.2602855048207802,0.8616991723908527,0.7990306115393861,0.9999150683065706,0.4739570667584443
0,3,66,shift_reuse,0.01717130510032094,0.016019485890865326,0.03440972892567515,0.04877079399887953,0.8616991723908527,0.7990306115393861,0.9999150683065706,0.4739570667584443
0,3,66,shift_toeplitz_r2,0.009753526808787478,0.00970977172255516,0.013854769757017492,0.03132329498788089,0.8616991723908527,0.7990306115393861,0.9999150683065706,0.4739570667584443
0,3,66,shift_circular_r2,0.009786266978570286,0.009756463579833508,0.013423787709325551,0.030914489344547522,0.8616991723908527,0.7990306115393861,0.9999150683065706,0.4739570667584443
0,3,66,shift_rank8_feature,0.007731273814324515,0.007690517697483301,0.010296528181061148,0.02001782624436235,0.8616991723908527,0.7990306115393861,0.9999150683065706,0.4739570667584443
0,3,66,shift_rank8_prev_flow,0.007215332086702464,0.007217594888061285,0.00992684867233038,0.01813811989152422,0.8616991723908527,0.7990306115393861,0.9999150683065706,0.4739570667584443
0,3,66,shift_rank8_oracle,0.007209695377992795,0.007211688905954361,0.009922911645844577,0.01813728241970421,0.8616991723908527,0.7990306115393861,0.9999150683065706,0.4739570667584443
0,3,66,flow_reuse,0.009259896525020404,0.009253456257283688,0.01286845440044999,0.010600852190856292,0.8616991723908527,0.7990306115393861,0.9999150683065706,0.4739570667584443
0,3,66,flow_toeplitz_r2,0.0058813406001787475,0.005837990436702967,0.007729692338034511,0.008890483151718039,0.8616991723908527,0.7990306115393861,0.9999150683065706,0.4739570667584443
0,3,66,flow_rank8_oracle,0.005294502276991145,0.005248902831226587,0.006335604679770767,0.007688672712983507,0.8616991723908527,0.7990306115393861,0.9999150683065706,0.4739570667584443
1,3,66,raw_reuse,0.09059706452233172,0.09113198518753052,0.11333597265183926,0.9171774541997467,0.7229252080957653,0.7506015701765812,0.9998568194621733,0.33407236779426985
1,3,66,shift_reuse,0.002957742936532127,0.0028779413551092148,0.004764877958223224,0.08513129371701912,0.7229252080957653,0.7506015701765812,0.9998568194621733,0.33407236779426985
1,3,66,shift_toeplitz_r2,0.0023738254985797595,0.0023503254633396864,0.003550387232098728,0.06216981173417963,0.7229252080957653,0.7506015701765812,0.9998568194621733,0.33407236779426985
1,3,66,shift_circular_r2,0.00241287165701339,0.0023930976167321205,0.0035954190534539516,0.062035685134707114,0.7229252080957653,0.7506015701765812,0.9998568194621733,0.33407236779426985
1,3,66,shift_rank8_feature,0.0024622965207908155,0.002475196495652199,0.003725138900335878,0.049474177809073164,0.7229252080957653,0.7506015701765812,0.9998568194621733,0.33407236779426985
1,3,66,shift_rank8_prev_flow,0.0021921142970254023,0.002200608840212226,0.003155269706621766,0.04481413803916115,0.7229252080957653,0.7506015701765812,0.9998568194621733,0.33407236779426985
1,3,66,shift_rank8_oracle,0.0021920380212931845,0.002199932001531124,0.0031644031405448914,0.0448113204248561,0.7229252080957653,0.7506015701765812,0.9998568194621733,0.33407236779426985
1,3,66,flow_reuse,0.0005789783013693929,0.0005721611669287086,0.0008655586367240175,0.009856110993420698,0.7229252080957653,0.7506015701765812,0.9998568194621733,0.33407236779426985
1,3,66,flow_toeplitz_r2,0.0004126005307360384,0.0004178915696684271,0.0005833227536641061,0.008160170877847123,0.7229252080957653,0.7506015701765812,0.9998568194621733,0.33407236779426985
1,3,66,flow_rank8_oracle,0.00047556860910218546,0.00047823518980294466,0.0006753071065759286,0.008043019166210827,0.7229252080957653,0.7506015701765812,0.9998568194621733,0.33407236779426985
2,3,66,raw_reuse,0.03919543072059362,0.03597947582602501,0.06469011548906563,0.8199728908830534,0.5469107783070635,0.45696159135173,0.9990926202486299,0.6509368021494064
2,3,66,shift_reuse,0.0017304383392955532,0.0016552164452150464,0.0029663029825314877,0.0661179700602427,0.5469107783070635,0.45696159135173,0.9990926202486299,0.6509368021494064
2,3,66,shift_toeplitz_r2,0.0016450085006926513,0.0016240598633885384,0.0022565742605365814,0.05497091211706829,0.5469107783070635,0.45696159135173,0.9990926202486299,0.6509368021494064
2,3,66,shift_circular_r2,0.0016593328342319694,0.0016404418274760246,0.0022863222984597087,0.0549099381147627,0.5469107783070635,0.45696159135173,0.9990926202486299,0.6509368021494064
2,3,66,shift_rank8_feature,0.0018327253410561298,0.0018192928982898593,0.0026982768089510497,0.049393736032845525,0.5469107783070635,0.45696159135173,0.9990926202486299,0.6509368021494064
2,3,66,shift_rank8_prev_flow,0.0015141075746572827,0.0015000938437879086,0.0023308823467232285,0.044513873582139644,0.5469107783070635,0.45696159135173,0.9990926202486299,0.6509368021494064
2,3,66,shift_rank8_oracle,0.0015169001265389038,0.00150224007666111,0.002330385544337332,0.04450526353583922,0.5469107783070635,0.45696159135173,0.9990926202486299,0.6509368021494064
2,3,66,flow_reuse,0.0004227987885204541,0.0004040788917336613,0.0006446730287279934,0.022171906147772015,0.5469107783070635,0.45696159135173,0.9990926202486299,0.6509368021494064
2,3,66,flow_toeplitz_r2,0.0004189044540573166,0.0004200659750495106,0.0006034634687239304,0.01530715341869059,0.5469107783070635,0.45696159135173,0.9990926202486299,0.6509368021494064
2,3,66,flow_rank8_oracle,0.00047122578691385485,0.0004660234262701124,0.0006393417919753119,0.013099510372697189,0.5469107783070635,0.45696159135173,0.9990926202486299,0.6509368021494064
3,3,66,raw_reuse,0.023130934025628377,0.0215846449136734,0.04017356149852275,0.7183777239889482,0.4793733995335995,0.3504190464052308,0.9990999283468623,0.6365282156683767
3,3,66,shift_reuse,0.0019748703738066164,0.001815048512071371,0.0036140284151770174,0.07875997841484722,0.4793733995335995,0.3504190464052308,0.9990999283468623,0.6365282156683767
3,3,66,shift_toeplitz_r2,0.002038301453789139,0.0019214493222534657,0.003140139079187065,0.06713117865455423,0.4793733995335995,0.3504190464052308,0.9990999283468623,0.6365282156683767
3,3,66,shift_circular_r2,0.0020460822574878334,0.0019301656866446137,0.0031495042261667546,0.06710155694229701,0.4793733995335995,0.3504190464052308,0.9990999283468623,0.6365282156683767
3,3,66,shift_rank8_feature,0.0021297872912914247,0.0020869080908596516,0.003064307174645364,0.06221155726954201,0.4793733995335995,0.3504190464052308,0.9990999283468623,0.6365282156683767
3,3,66,shift_rank8_prev_flow,0.001970199447142569,0.0019311620853841305,0.0030317636672407386,0.056836657488312736,0.4793733995335995,0.3504190464052308,0.9990999283468623,0.6365282156683767
3,3,66,shift_rank8_oracle,0.0019712274719963802,0.0019323128508403897,0.0030492754536680876,0.056828842422995754,0.4793733995335995,0.3504190464052308,0.9990999283468623,0.6365282156683767
3,3,66,flow_reuse,0.0004677872961441511,0.0004429626278579235,0.0008299570064991713,0.027245845243996283,0.4793733995335995,0.3504190464052308,0.9990999283468623,0.6365282156683767
3,3,66,flow_toeplitz_r2,0.0004445630332148855,0.00041903919191099703,0.0007095494394889101,0.021233060366562577,0.4793733995335995,0.3504190464052308,0.9990999283468623,0.6365282156683767
3,3,66,flow_rank8_oracle,0.0004385181814366046,0.00042275237501598895,0.0006938743579667061,0.016426144425381914,0.4793733995335995,0.3504190464052308,0.9990999283468623,0.6365282156683767
4,3,66,raw_reuse,0.023582580516752747,0.022970467805862427,0.03479991052299738,0.5947681852134269,0.584444188671731,0.16066669832833314,0.9991880514844174,0.6477120828528813
4,3,66,shift_reuse,0.0028821387476300683,0.0027312792371958494,0.00506418312434107,0.10146507736875271,0.584444188671731,0.16066669832833314,0.9991880514844174,0.6477120828528813
4,3,66,shift_toeplitz_r2,0.002517830006932731,0.0023668587673455477,0.004205772699788212,0.0832620547038779,0.584444188671731,0.16066669832833314,0.9991880514844174,0.6477120828528813
4,3,66,shift_circular_r2,0.002513975932249618,0.0023624657187610865,0.004193486506119369,0.08319529862307107,0.584444188671731,0.16066669832833314,0.9991880514844174,0.6477120828528813
4,3,66,shift_rank8_feature,0.00259304761141156,0.0023917790967971087,0.004258113028481602,0.07637175154121889,0.584444188671731,0.16066669832833314,0.9991880514844174,0.6477120828528813
4,3,66,shift_rank8_prev_flow,0.002168486927036551,0.002073106588795781,0.003226591600105166,0.06541954532779178,0.584444188671731,0.16066669832833314,0.9991880514844174,0.6477120828528813
4,3,66,shift_rank8_oracle,0.002166074848466083,0.002072348725050688,0.0032298524049110705,0.06540805497272947,0.584444188671731,0.16066669832833314,0.9991880514844174,0.6477120828528813
4,3,66,flow_reuse,0.0006630629031341999,0.0006211655563674867,0.001142437377711758,0.02721854394307642,0.584444188671731,0.16066669832833314,0.9991880514844174,0.6477120828528813
4,3,66,flow_toeplitz_r2,0.0007064138307666085,0.0006540618487633765,0.0011760380759369582,0.021876226254172404,0.584444188671731,0.16066669832833314,0.9991880514844174,0.6477120828528813
4,3,66,flow_rank8_oracle,0.0005210990535399169,0.0005088133038952947,0.0008592012658482416,0.016155251608867133,0.584444188671731,0.16066669832833314,0.9991880514844174,0.6477120828528813
5,3,66,raw_reuse,0.02786364358009756,0.02713862992823124,0.03716169763356447,0.5030393294183554,0.6866314072531319,0.21618572327099483,0.9988870230221202,0.6512328201402954
5,3,66,shift_reuse,0.004579776937709467,0.004324010573327541,0.008320371899753808,0.11330862179845978,0.6866314072531319,0.21618572327099483,0.9988870230221202,0.6512328201402954
5,3,66,shift_toeplitz_r2,0.004135696456011166,0.003887056140229106,0.00805173513945192,0.08984983406270053,0.6866314072531319,0.21618572327099483,0.9988870230221202,0.6512328201402954
5,3,66,shift_circular_r2,0.004130276578611482,0.0038796861190348864,0.008042389666661619,0.08971793450690006,0.6866314072531319,0.21618572327099483,0.9988870230221202,0.6512328201402954
5,3,66,shift_rank8_feature,0.0033720765616778395,0.003209466114640236,0.005405222647823393,0.07951905080002049,0.6866314072531319,0.21618572327099483,0.9988870230221202,0.6512328201402954
5,3,66,shift_rank8_prev_flow,0.0023897533200267895,0.00227942643687129,0.0035732838790863745,0.06345515422647414,0.6866314072531319,0.21618572327099483,0.9988870230221202,0.6512328201402954
5,3,66,shift_rank8_oracle,0.0023874917558833982,0.002280240645632148,0.0035823446232825513,0.06342941749776118,0.6866314072531319,0.21618572327099483,0.9988870230221202,0.6512328201402954
5,3,66,flow_reuse,0.000760033690062914,0.0007107420824468136,0.0013522218097932635,0.022924913296742615,0.6866314072531319,0.21618572327099483,0.9988870230221202,0.6512328201402954
5,3,66,flow_toeplitz_r2,0.0007968414839452967,0.0007410181569866836,0.0011573814088478684,0.019151364472895102,0.6866314072531319,0.21618572327099483,0.9988870230221202,0.6512328201402954
5,3,66,flow_rank8_oracle,0.0005078551419820317,0.0004918918712064624,0.0007842400111258029,0.013538654538898853,0.6866314072531319,0.21618572327099483,0.9988870230221202,0.6512328201402954
6,3,66,raw_reuse,0.03296351236954169,0.03235046565532684,0.04653752334415912,0.2354916105243244,0.8453361247772927,0.3721083496832315,0.9981502390134132,0.8469326756893334
6,3,66,shift_reuse,0.007451149490222573,0.0069454126060009,0.013494937913492318,0.08197470646729903,0.8453361247772927,0.3721083496832315,0.9981502390134132,0.8469326756893334
6,3,66,shift_toeplitz_r2,0.006355314831456965,0.005801673512905836,0.011370599316433071,0.05910028579148739,0.8453361247772927,0.3721083496832315,0.9981502390134132,0.8469326756893334
6,3,66,shift_circular_r2,0.0063505594809112635,0.005795969162136316,0.011351604852825402,0.05891166005439447,0.8453361247772927,0.3721083496832315,0.9981502390134132,0.8469326756893334
6,3,66,shift_rank8_feature,0.00546571300363514,0.004901880398392677,0.009203268494457005,0.0453209903836395,0.8453361247772927,0.3721083496832315,0.9981502390134132,0.8469326756893334
6,3,66,shift_rank8_prev_flow,0.0030214164239603636,0.0028055415023118258,0.004848946025595068,0.0322847881085103,0.8453361247772927,0.3721083496832315,0.9981502390134132,0.8469326756893334
6,3,66,shift_rank8_oracle,0.0029979936630573434,0.0027891353238373995,0.004777088179253042,0.03223846194589374,0.8453361247772927,0.3721083496832315,0.9981502390134132,0.8469326756893334
6,3,66,flow_reuse,0.0014395308447653242,0.001292044180445373,0.002452357555739581,0.013824775249742259,0.8453361247772927,0.3721083496832315,0.9981502390134132,0.8469326756893334
6,3,66,flow_toeplitz_r2,0.0010896460261004088,0.0009416614193469286,0.0020079703186638652,0.008423537676769096,0.8453361247772927,0.3721083496832315,0.9981502390134132,0.8469326756893334
6,3,66,flow_rank8_oracle,0.0005304423780616601,0.0005137718981131911,0.0007519196718931198,0.005408780098802657,0.8453361247772927,0.3721083496832315,0.9981502390134132,0.8469326756893334
7,3,66,raw_reuse,0.07628771180842621,0.07589641213417053,0.10009704157710074,0.29571459125524513,0.7777694829512285,0.3901328407383623,0.9966974489614858,0.7043638093198064
7,3,66,shift_reuse,0.007027552098180859,0.006438268814235926,0.012208379153162236,0.030828741220334775,0.7777694829512285,0.3901328407383623,0.9966974489614858,0.7043638093198064
7,3,66,shift_toeplitz_r2,0.0064575021315556955,0.005893348250538111,0.011315784417092797,0.02708076373644653,0.7777694829512285,0.3901328407383623,0.9966974489614858,0.7043638093198064
7,3,66,shift_circular_r2,0.006466353737892739,0.00590115413069725,0.011293860431760545,0.027134563578397497,0.7777694829512285,0.3901328407383623,0.9966974489614858,0.7043638093198064
7,3,66,shift_rank8_feature,0.005347930598191339,0.005145999602973461,0.008905035164207218,0.020332604971622533,0.7777694829512285,0.3901328407383623,0.9966974489614858,0.7043638093198064
7,3,66,shift_rank8_prev_flow,0.0030921090894525357,0.002925317035987973,0.004506340995430946,0.01457070207056473,0.7777694829512285,0.3901328407383623,0.9966974489614858,0.7043638093198064
7,3,66,shift_rank8_oracle,0.0030720399710547825,0.002911556512117386,0.00449011423625052,0.014533080752923996,0.7777694829512285,0.3901328407383623,0.9966974489614858,0.7043638093198064
7,3,66,flow_reuse,0.0015152035007563918,0.0014705437934026122,0.002163332886993885,0.006013883880050393,0.7777694829512285,0.3901328407383623,0.9966974489614858,0.7043638093198064
7,3,66,flow_toeplitz_r2,0.0014557272156375074,0.0014137389371171594,0.002117951412219554,0.005397995262059129,0.7777694829512285,0.3901328407383623,0.9966974489614858,0.7043638093198064
7,3,66,flow_rank8_oracle,0.0008863307984983379,0.0008770304266363382,0.0012728299072477967,0.0032698952247537947,0.7777694829512285,0.3901328407383623,0.9966974489614858,0.7043638093198064
0,4,55,raw_reuse,1.3192981601043572,1.3221741914749146,1.6340715825557708,1.2359279426339405,0.8685662078522727,0.8065960373961746,0.9998614901550479,0.4259714652481488
0,4,55,shift_reuse,0.023472765233869517,0.02167641930282116,0.04510710556060074,0.05342786611671423,0.8685662078522727,0.8065960373961746,0.9998614901550479,0.4259714652481488
0,4,55,shift_toeplitz_r2,0.011292961082166264,0.011228685267269611,0.01588527066633105,0.034368022357605055,0.8685662078522727,0.8065960373961746,0.9998614901550479,0.4259714652481488
0,4,55,shift_circular_r2,0.011336911842953143,0.011282575316727161,0.015583063336089253,0.033907395936570835,0.8685662078522727,0.8065960373961746,0.9998614901550479,0.4259714652481488
0,4,55,shift_rank8_feature,0.008905144725901181,0.008843238465487957,0.01215195315890014,0.021481892744709363,0.8685662078522727,0.8065960373961746,0.9998614901550479,0.4259714652481488
0,4,55,shift_rank8_prev_flow,0.00799688974726289,0.008009105920791626,0.010569753963500262,0.019371225150119496,0.8685662078522727,0.8065960373961746,0.9998614901550479,0.4259714652481488
0,4,55,shift_rank8_oracle,0.007990303071579233,0.008003323338925838,0.01059710793197155,0.019369629219378518,0.8685662078522727,0.8065960373961746,0.9998614901550479,0.4259714652481488
0,4,55,flow_reuse,0.01003240553773209,0.010015360079705715,0.013579285517334939,0.011174763525330837,0.8685662078522727,0.8065960373961746,0.9998614901550479,0.4259714652481488
0,4,55,flow_toeplitz_r2,0.007128285377619657,0.007066637277603149,0.009560574078932405,0.00972989509852503,0.8685662078522727,0.8065960373961746,0.9998614901550479,0.4259714652481488
0,4,55,flow_rank8_oracle,0.006266896885714377,0.006200743373483419,0.007593185547739267,0.00846652280213373,0.8685662078522727,0.8065960373961746,0.9998614901550479,0.4259714652481488
1,4,55,raw_reuse,0.09234681414147111,0.09293809533119202,0.11758726574480534,0.914365392090826,0.7254185320948775,0.7701973870276292,0.9997977441249937,0.35370566550382143
1,4,55,shift_reuse,0.0036968043661761898,0.003563330275937915,0.006201498326845467,0.0939806300525423,0.7254185320948775,0.7701973870276292,0.9997977441249937,0.35370566550382143
1,4,55,shift_toeplitz_r2,0.0027006421995191274,0.002673449693247676,0.003996041254140437,0.06871887461178698,0.7254185320948775,0.7701973870276292,0.9997977441249937,0.35370566550382143
1,4,55,shift_circular_r2,0.002762041757764886,0.002736726077273488,0.004060703190043568,0.06853913619135064,0.7254185320948775,0.7701973870276292,0.9997977441249937,0.35370566550382143
1,4,55,shift_rank8_feature,0.0027963246567275827,0.002807406708598137,0.004081268864683807,0.05388325542426353,0.7254185320948775,0.7701973870276292,0.9997977441249937,0.35370566550382143
1,4,55,shift_rank8_prev_flow,0.0024879188672418447,0.002488858764991164,0.0035491110174916685,0.04925061596842431,0.7254185320948775,0.7701973870276292,0.9997977441249937,0.35370566550382143
1,4,55,shift_rank8_oracle,0.0024866949151189353,0.002487175166606903,0.0035403470043092965,0.049246340485900764,0.7254185320948775,0.7701973870276292,0.9997977441249937,0.35370566550382143
1,4,55,flow_reuse,0.0005010272380843847,0.0004905987880192697,0.0007465910020982847,0.011675367320311577,0.7254185320948775,0.7701973870276292,0.9997977441249937,0.35370566550382143
1,4,55,flow_toeplitz_r2,0.0004523625616907997,0.0004534523468464613,0.0006419489625841379,0.009536103326598126,0.7254185320948775,0.7701973870276292,0.9997977441249937,0.35370566550382143
1,4,55,flow_rank8_oracle,0.0005503514320130874,0.0005502505810000002,0.0007216908852569759,0.0093861111165086,0.7254185320948775,0.7701973870276292,0.9997977441249937,0.35370566550382143
2,4,55,raw_reuse,0.03779840859387623,0.03492521122097969,0.06171695850789545,0.8737814819849296,0.5196239990940198,0.5504094992940578,0.999737480210432,0.6433702022746144
2,4,55,shift_reuse,0.0023245183122820113,0.002190730767324567,0.004097098321653902,0.08005769145654618,0.5196239990940198,0.5504094992940578,0.999737480210432,0.6433702022746144
2,4,55,shift_toeplitz_r2,0.001971524400274279,0.0019294805824756622,0.0026990741840563714,0.06824000503781098,0.5196239990940198,0.5504094992940578,0.999737480210432,0.6433702022746144
2,4,55,shift_circular_r2,0.001991444447732433,0.0019515404710546136,0.002721815148834139,0.06814610457432602,0.5196239990940198,0.5504094992940578,0.999737480210432,0.6433702022746144
2,4,55,shift_rank8_feature,0.002152096323545132,0.002130085602402687,0.0029051950434222816,0.06047100488253458,0.5196239990940198,0.5504094992940578,0.999737480210432,0.6433702022746144
2,4,55,shift_rank8_prev_flow,0.0018533731286406118,0.0018298531649634242,0.0025456572184339166,0.055490357668842784,0.5196239990940198,0.5504094992940578,0.999737480210432,0.6433702022746144
2,4,55,shift_rank8_oracle,0.001854068628101565,0.0018304454861208797,0.00254781455732882,0.05548731548043095,0.5196239990940198,0.5504094992940578,0.999737480210432,0.6433702022746144
2,4,55,flow_reuse,0.0005058620189632278,0.0004964367253705859,0.0007822240673704072,0.022826728932838523,0.5196239990940198,0.5504094992940578,0.999737480210432,0.6433702022746144
2,4,55,flow_toeplitz_r2,0.0003488992821765483,0.00034374036476947367,0.0004935604316415264,0.014971410788002126,0.5196239990940198,0.5504094992940578,0.999737480210432,0.6433702022746144
2,4,55,flow_rank8_oracle,0.00044456431506658686,0.0004355706332717091,0.000686187983956188,0.013631777700104417,0.5196239990940198,0.5504094992940578,0.999737480210432,0.6433702022746144
3,4,55,raw_reuse,0.024382647615515677,0.023175634443759918,0.03935654778033495,0.717890838933185,0.44619974654678574,0.06709581258858399,0.9996547127199671,0.5998952940512288
3,4,55,shift_reuse,0.0031607371354108586,0.0027461815625429153,0.005649088555946946,0.0917277011553138,0.44619974654678574,0.06709581258858399,0.9996547127199671,0.5998952940512288
3,4,55,shift_toeplitz_r2,0.0032040475879112156,0.0028003801126033068,0.004383140755817294,0.0816991768930077,0.44619974654678574,0.06709581258858399,0.9996547127199671,0.5998952940512288
3,4,55,shift_circular_r2,0.0032185364611528582,0.002816341817378998,0.004383785370737314,0.08166515047012145,0.44619974654678574,0.06709581258858399,0.9996547127199671,0.5998952940512288
3,4,55,shift_rank8_feature,0.003280103292855414,0.0030480280984193087,0.0053875804878771305,0.07857721592679028,0.44619974654678574,0.06709581258858399,0.9996547127199671,0.5998952940512288
3,4,55,shift_rank8_prev_flow,0.002873775667091898,0.0027409913018345833,0.004545529768802225,0.06826579813570359,0.44619974654678574,0.06709581258858399,0.9996547127199671,0.5998952940512288
3,4,55,shift_rank8_oracle,0.0028740952545906577,0.002740897936746478,0.0045366745442152025,0.06826169760952602,0.44619974654678574,0.06709581258858399,0.9996547127199671,0.5998952940512288
3,4,55,flow_reuse,0.0005472692259124605,0.0005270994151942432,0.0008191716973669827,0.02286498771284344,0.44619974654678574,0.06709581258858399,0.9996547127199671,0.5998952940512288
3,4,55,flow_toeplitz_r2,0.0004028586281262697,0.00037903827615082264,0.000599479631637223,0.017401452133818378,0.44619974654678574,0.06709581258858399,0.9996547127199671,0.5998952940512288
3,4,55,flow_rank8_oracle,0.00040301468202194065,0.00038509315345436335,0.0006265257427003235,0.014462980547445941,0.44619974654678574,0.06709581258858399,0.9996547127199671,0.5998952940512288
4,4,55,raw_reuse,0.02558290402532571,0.024913007393479347,0.0353613393381238,0.5907320219867254,0.5480848071672005,-0.008811864497651811,0.9996072837708776,0.6530602961370686
4,4,55,shift_reuse,0.004483635361198833,0.00394445052370429,0.007876102719455958,0.11145072026019864,0.5480848071672005,-0.008811864497651811,0.9996072837708776,0.6530602961370686
4,4,55,shift_toeplitz_r2,0.0040436472387928996,0.003492078511044383,0.00668333361390978,0.09606969652404493,0.5480848071672005,-0.008811864497651811,0.9996072837708776,0.6530602961370686
4,4,55,shift_circular_r2,0.004050217595114918,0.0034962173085659742,0.006688565714284777,0.09599387146724066,0.5480848071672005,-0.008811864497651811,0.9996072837708776,0.6530602961370686
4,4,55,shift_rank8_feature,0.004017631003131454,0.0036522606387734413,0.005714870733208954,0.09067804555056683,0.5480848071672005,-0.008811864497651811,0.9996072837708776,0.6530602961370686
4,4,55,shift_rank8_prev_flow,0.0029618730210053215,0.002782633760944009,0.004250744660384952,0.07492911940653944,0.5480848071672005,-0.008811864497651811,0.9996072837708776,0.6530602961370686
4,4,55,shift_rank8_oracle,0.0029609609500159534,0.002783128758892417,0.004250705917365849,0.07492234302858991,0.5480848071672005,-0.008811864497651811,0.9996072837708776,0.6530602961370686
4,4,55,flow_reuse,0.0007643428013554847,0.0007300855941139162,0.0012256629532203076,0.023243941374296664,0.5480848071672005,-0.008811864497651811,0.9996072837708776,0.6530602961370686
4,4,55,flow_toeplitz_r2,0.0006477144434836374,0.0006182942888699472,0.0011279027035925536,0.017755901622730757,0.5480848071672005,-0.008811864497651811,0.9996072837708776,0.6530602961370686
4,4,55,flow_rank8_oracle,0.0005109401169909495,0.0004919955390505493,0.0007273087161593139,0.013691051856362805,0.5480848071672005,-0.008811864497651811,0.9996072837708776,0.6530602961370686
5,4,55,raw_reuse,0.03064990443381731,0.029780173674225807,0.040634944848716256,0.5073409377424317,0.6500464868180629,0.07087634145766686,0.9995862308087149,0.6527234012655383
5,4,55,shift_reuse,0.006763270669160349,0.006065910682082176,0.01215232005342841,0.1266862638095359,0.6500464868180629,0.07087634145766686,0.9995862308087149,0.6527234012655383
5,4,55,shift_toeplitz_r2,0.00622526528754261,0.005562306847423315,0.011185333924368022,0.10628460040441105,0.6500464868180629,0.07087634145766686,0.9995862308087149,0.6527234012655383
5,4,55,shift_circular_r2,0.006224860023395247,0.005560837686061859,0.011183172464370726,0.10612651758936999,0.6500464868180629,0.07087634145766686,0.9995862308087149,0.6527234012655383
5,4,55,shift_rank8_feature,0.00523884645975731,0.004742402117699385,0.008778542140498755,0.09769241871154694,0.6500464868180629,0.07087634145766686,0.9995862308087149,0.6527234012655383
5,4,55,shift_rank8_prev_flow,0.003421197773690822,0.0031665079295635223,0.0051845365669578305,0.07495529279281789,0.6500464868180629,0.07087634145766686,0.9995862308087149,0.6527234012655383
5,4,55,shift_rank8_oracle,0.003405152441332879,0.0031602687668055296,0.005228320229798554,0.0749436269293808,0.6500464868180629,0.07087634145766686,0.9995862308087149,0.6527234012655383
5,4,55,flow_reuse,0.0009009055427913696,0.000838904466945678,0.0014798784919548779,0.020014645087495384,0.6500464868180629,0.07087634145766686,0.9995862308087149,0.6527234012655383
5,4,55,flow_toeplitz_r2,0.0007296001270443948,0.0006716809584759176,0.0012425896245986223,0.015798202264059435,0.6500464868180629,0.07087634145766686,0.9995862308087149,0.6527234012655383
5,4,55,flow_rank8_oracle,0.0005120354974765033,0.00048794070607982576,0.000832001512753777,0.011794666159927133,0.6500464868180629,0.07087634145766686,0.9995862308087149,0.6527234012655383
6,4,55,raw_reuse,0.03606190158714023,0.03500324860215187,0.05287252403795719,0.26040587253069997,0.8220734406632119,0.172793178097991,0.9997010882660504,0.893970115896844
6,4,55,shift_reuse,0.010547657649384938,0.00963932741433382,0.01977749085053801,0.10329443377753815,0.8220734406632119,0.172793178097991,0.9997010882660504,0.893970115896844
6,4,55,shift_toeplitz_r2,0.009240736078641345,0.00825717207044363,0.016736938618123528,0.0790659447061308,0.8220734406632119,0.172793178097991,0.9997010882660504,0.893970115896844
6,4,55,shift_circular_r2,0.009239616389106682,0.008255927823483944,0.016735887015238402,0.07875280278573661,0.8220734406632119,0.172793178097991,0.9997010882660504,0.893970115896844
6,4,55,shift_rank8_feature,0.00909337949609265,0.008164242841303349,0.015606718929484486,0.06579072837356859,0.8220734406632119,0.172793178097991,0.9997010882660504,0.893970115896844
6,4,55,shift_rank8_prev_flow,0.004461550278429933,0.004093373194336891,0.007897541765123604,0.043581046436242304,0.8220734406632119,0.172793178097991,0.9997010882660504,0.893970115896844
6,4,55,shift_rank8_oracle,0.004432262917391111,0.004076141398400068,0.007859658217057586,0.04357097330570126,0.8220734406632119,0.172793178097991,0.9997010882660504,0.893970115896844
6,4,55,flow_reuse,0.0017541184311667649,0.0015871055657044053,0.003055114659946411,0.016111423691801914,0.8220734406632119,0.172793178097991,0.9997010882660504,0.893970115896844
6,4,55,flow_toeplitz_r2,0.001063189184774598,0.0008734469301998615,0.002259417797904461,0.008132198639002105,0.8220734406632119,0.172793178097991,0.9997010882660504,0.893970115896844
6,4,55,flow_rank8_oracle,0.000508746976112936,0.0004793137777596712,0.0008322706096805631,0.005246238884464775,0.8220734406632119,0.172793178097991,0.9997010882660504,0.893970115896844
7,4,55,raw_reuse,0.07732576289026248,0.07612975686788559,0.10627298727631568,0.28924871221547727,0.7573825678979853,0.21472940659691275,0.9991041866897066,0.6422355408729277
7,4,55,shift_reuse,0.00892325015100822,0.00806506723165512,0.015242790151387449,0.03646509128482444,0.7573825678979853,0.21472940659691275,0.9991041866897066,0.6422355408729277
7,4,55,shift_toeplitz_r2,0.008437840712005512,0.007611063774675131,0.01474232338368892,0.03314724907200276,0.7573825678979853,0.21472940659691275,0.9991041866897066,0.6422355408729277
7,4,55,shift_circular_r2,0.008440087344124454,0.007612256333231926,0.01474457210861146,0.03316505779769282,0.7573825678979853,0.21472940659691275,0.9991041866897066,0.6422355408729277
7,4,55,shift_rank8_feature,0.00823323218230312,0.007747771684080362,0.013907959591597314,0.026226148516425345,0.7573825678979853,0.21472940659691275,0.9991041866897066,0.6422355408729277
7,4,55,shift_rank8_prev_flow,0.004847767010867241,0.004556701052933931,0.008218730031512677,0.017972914479247665,0.7573825678979853,0.21472940659691275,0.9991041866897066,0.6422355408729277
7,4,55,shift_rank8_oracle,0.004836405108641832,0.004549570381641388,0.008186478447169063,0.01796132230068551,0.7573825678979853,0.21472940659691275,0.9991041866897066,0.6422355408729277
7,4,55,flow_reuse,0.0017621131051073697,0.0016902073984965682,0.002537043136544526,0.005357565762098837,0.7573825678979853,0.21472940659691275,0.9991041866897066,0.6422355408729277
7,4,55,flow_toeplitz_r2,0.001424040302766908,0.0013422966003417969,0.002244972309563309,0.005467993175875702,0.7573825678979853,0.21472940659691275,0.9991041866897066,0.6422355408729277
7,4,55,flow_rank8_oracle,0.0009630484819584449,0.0009306466090492904,0.0014169886067975312,0.003204543422332523,0.7573825678979853,0.21472940659691275,0.9991041866897066,0.6422355408729277
0,5,44,raw_reuse,1.3178531825082058,1.3203927278518677,1.6377988696098327,1.202036957893597,0.8680063236661902,0.7842490176139445,0.9998433898529802,0.36365706256613595
0,5,44,shift_reuse,0.032953342942138246,0.03014981746673584,0.056909106858074654,0.061231017995078664,0.8680063236661902,0.7842490176139445,0.9998433898529802,0.36365706256613595
0,5,44,shift_toeplitz_r2,0.014693471224209942,0.014379280619323254,0.022006657160818576,0.0401764197854412,0.8680063236661902,0.7842490176139445,0.9998433898529802,0.36365706256613595
0,5,44,shift_circular_r2,0.014749254142661776,0.014448964037001133,0.022081908769905567,0.03963529030310657,0.8680063236661902,0.7842490176139445,0.9998433898529802,0.36365706256613595
0,5,44,shift_rank8_feature,0.011646598256808253,0.01143681164830923,0.015948557294905186,0.025107032851348358,0.8680063236661902,0.7842490176139445,0.9998433898529802,0.36365706256613595
0,5,44,shift_rank8_prev_flow,0.010055551788229061,0.009924011304974556,0.014605816267430781,0.02224801145424645,0.8680063236661902,0.7842490176139445,0.9998433898529802,0.36365706256613595
0,5,44,shift_rank8_oracle,0.01007385066568989,0.009943983517587185,0.014560407353565097,0.02224580071868339,0.8680063236661902,0.7842490176139445,0.9998433898529802,0.36365706256613595
0,5,44,flow_reuse,0.011604866818011742,0.011561793275177479,0.014461669092997908,0.013538455525431306,0.8680063236661902,0.7842490176139445,0.9998433898529802,0.36365706256613595
0,5,44,flow_toeplitz_r2,0.008182775304184847,0.008088120259344578,0.010022274777293205,0.012042588124471627,0.8680063236661902,0.7842490176139445,0.9998433898529802,0.36365706256613595
0,5,44,flow_rank8_oracle,0.008352957794441847,0.008189591579139233,0.010385023849084973,0.010799775726517757,0.8680063236661902,0.7842490176139445,0.9998433898529802,0.36365706256613595
1,5,44,raw_reuse,0.0955104131727922,0.09608650952577591,0.12477396987378597,0.9094758290679745,0.7298435456329664,0.7639494946682821,0.9997994340621511,0.3420767682255379
1,5,44,shift_reuse,0.004825644072876064,0.004586413968354464,0.008864734601229426,0.1097586158310723,0.7298435456329664,0.7639494946682821,0.9997994340621511,0.3420767682255379
1,5,44,shift_toeplitz_r2,0.0031707893563312018,0.0031163108069449663,0.004699802910909057,0.08091726526110944,0.7298435456329664,0.7639494946682821,0.9997994340621511,0.3420767682255379
1,5,44,shift_circular_r2,0.0032219668833276204,0.003167626680806279,0.0047797558829188345,0.08064836516654461,0.7298435456329664,0.7639494946682821,0.9997994340621511,0.3420767682255379
1,5,44,shift_rank8_feature,0.0033360700345594872,0.0033279191702604294,0.004771601338870823,0.06250790524008312,0.7298435456329664,0.7639494946682821,0.9997994340621511,0.3420767682255379
1,5,44,shift_rank8_prev_flow,0.002958954854257563,0.0029421476647257805,0.004161874251440168,0.05705362828165646,0.7298435456329664,0.7639494946682821,0.9997994340621511,0.3420767682255379
1,5,44,shift_rank8_oracle,0.0029580193555061567,0.0029409562703222036,0.004164048773236573,0.057048771334664246,0.7298435456329664,0.7639494946682821,0.9997994340621511,0.3420767682255379
1,5,44,flow_reuse,0.0007042469278358125,0.000686689920257777,0.0011247945774812247,0.014430445064339204,0.7298435456329664,0.7639494946682821,0.9997994340621511,0.3420767682255379
1,5,44,flow_toeplitz_r2,0.0006181864217670555,0.0006077695288695395,0.0008893779886420815,0.0122375199493847,0.7298435456329664,0.7639494946682821,0.9997994340621511,0.3420767682255379
1,5,44,flow_rank8_oracle,0.0007819297759216607,0.0007792941178195179,0.0010496123344637452,0.011704890004037212,0.7298435456329664,0.7639494946682821,0.9997994340621511,0.3420767682255379
2,5,44,raw_reuse,0.03750876910481066,0.035050567239522934,0.06056583523750303,0.9022957516762629,0.4994948442600792,0.5067381977160043,0.9997371080019922,0.5951447938170605
2,5,44,shift_reuse,0.0031450009953504316,0.00291346269659698,0.005752381496131419,0.09650026713680422,0.4994948442600792,0.5067381977160043,0.9997371080019922,0.5951447938170605
2,5,44,shift_toeplitz_r2,0.0025109001650161344,0.002444640500470996,0.003869894321542233,0.08326137870996027,0.4994948442600792,0.5067381977160043,0.9997371080019922,0.5951447938170605
2,5,44,shift_circular_r2,0.002526326624118412,0.0024619775358587503,0.003878839930985123,0.08311287074634673,0.4994948442600792,0.5067381977160043,0.9997371080019922,0.5951447938170605
2,5,44,shift_rank8_feature,0.0026526693127212554,0.002614787546917796,0.004044836747925728,0.07453869102604425,0.4994948442600792,0.5067381977160043,0.9997371080019922,0.5951447938170605
2,5,44,shift_rank8_prev_flow,0.002291671629136117,0.0022487558890134096,0.0032113658962771297,0.06827395231400359,0.4994948442600792,0.5067381977160043,0.9997371080019922,0.5951447938170605
2,5,44,shift_rank8_oracle,0.0022917267931192556,0.0022480525076389313,0.003215195285156369,0.06827045438050747,0.4994948442600792,0.5067381977160043,0.9997371080019922,0.5951447938170605
2,5,44,flow_reuse,0.0005140984519014004,0.0005014779162593186,0.00077590286382474,0.02316521878799189,0.4994948442600792,0.5067381977160043,0.9997371080019922,0.5951447938170605
2,5,44,flow_toeplitz_r2,0.0003940155306196773,0.00038227197364903986,0.0005855142459040507,0.016136273756911037,0.4994948442600792,0.5067381977160043,0.9997371080019922,0.5951447938170605
2,5,44,flow_rank8_oracle,0.0005112613407810212,0.0004987529828213155,0.0007135085674235596,0.014739620375069828,0.4994948442600792,0.5067381977160043,0.9997371080019922,0.5951447938170605
3,5,44,raw_reuse,0.02598826793098737,0.024981578812003136,0.03863179460167885,0.6850207279484979,0.4306380432624398,0.09621610469968644,0.9997135142203544,0.5920023616438527
3,5,44,shift_reuse,0.0047292650407578804,0.003931216895580292,0.008276964025571942,0.10238190312122797,0.4306380432624398,0.09621610469968644,0.9997135142203544,0.5920023616438527
3,5,44,shift_toeplitz_r2,0.004781310999920394,0.0039236340671777725,0.00682049908209592,0.09312167436840078,0.4306380432624398,0.09621610469968644,0.9997135142203544,0.5920023616438527
3,5,44,shift_circular_r2,0.004798822016675977,0.003942116629332304,0.006876353407278656,0.09307803256680118,0.4306380432624398,0.09621610469968644,0.9997135142203544,0.5920023616438527
3,5,44,shift_rank8_feature,0.0046160369596817815,0.004068481270223856,0.008081267494708298,0.08940516755950435,0.4306380432624398,0.09621610469968644,0.9997135142203544,0.5920023616438527
3,5,44,shift_rank8_prev_flow,0.0037915299735208786,0.003527778899297118,0.00603636207524687,0.0772575199220223,0.4306380432624398,0.09621610469968644,0.9997135142203544,0.5920023616438527
3,5,44,shift_rank8_oracle,0.003791989368185442,0.003528176574036479,0.006040528253652155,0.07725336147553087,0.4306380432624398,0.09621610469968644,0.9997135142203544,0.5920023616438527
3,5,44,flow_reuse,0.0007869261220791577,0.0007470354321412742,0.0010884848597925156,0.02244477876964598,0.4306380432624398,0.09621610469968644,0.9997135142203544,0.5920023616438527
3,5,44,flow_toeplitz_r2,0.0005516808038084172,0.0005134724196977913,0.0008212732471292838,0.01700895444223628,0.4306380432624398,0.09621610469968644,0.9997135142203544,0.5920023616438527
3,5,44,flow_rank8_oracle,0.0005376117563700803,0.0005123520386405289,0.0007843865052564069,0.014336533494491698,0.4306380432624398,0.09621610469968644,0.9997135142203544,0.5920023616438527
4,5,44,raw_reuse,0.027194120556937228,0.02628365159034729,0.038221785239875315,0.5636077446515289,0.5201263812913375,-0.016508923254050956,0.9996759060652814,0.6151988512262843
4,5,44,shift_reuse,0.006792213062028213,0.005619334056973457,0.010550303012132643,0.11836522105702774,0.5201263812913375,-0.016508923254050956,0.9996759060652814,0.6151988512262843
4,5,44,shift_toeplitz_r2,0.006259296023853882,0.005030693020671606,0.009323505498468875,0.10518088559805143,0.5201263812913375,-0.016508923254050956,0.9996759060652814,0.6151988512262843
4,5,44,shift_circular_r2,0.006273128220953825,0.005038350820541382,0.009319083159789443,0.10514196784606669,0.5201263812913375,-0.016508923254050956,0.9996759060652814,0.6151988512262843
4,5,44,shift_rank8_feature,0.0060628454061901395,0.005234596785157919,0.009412248991429806,0.09996300032972484,0.5201263812913375,-0.016508923254050956,0.9996759060652814,0.6151988512262843
4,5,44,shift_rank8_prev_flow,0.00402889120822372,0.0036389650776982307,0.006567285722121595,0.0820013875243596,0.5201263812913375,-0.016508923254050956,0.9996759060652814,0.6151988512262843
4,5,44,shift_rank8_oracle,0.0040225704686784975,0.0036371275782585144,0.006572027504444121,0.08199503414101457,0.5201263812913375,-0.016508923254050956,0.9996759060652814,0.6151988512262843
4,5,44,flow_reuse,0.0009694397081853743,0.0009255750919692218,0.00136538966326043,0.020330458144938706,0.5201263812913375,-0.016508923254050956,0.9996759060652814,0.6151988512262843
4,5,44,flow_toeplitz_r2,0.0007864112773112107,0.0007436618325300515,0.0011307695938739925,0.015797295519478557,0.5201263812913375,-0.016508923254050956,0.9996759060652814,0.6151988512262843
4,5,44,flow_rank8_oracle,0.0006207501736058427,0.0005982809816487134,0.0008780380652751773,0.01261145938191258,0.5201263812913375,-0.016508923254050956,0.9996759060652814,0.6151988512262843
5,5,44,raw_reuse,0.03371883041764157,0.03253603354096413,0.044978864118456835,0.4962821578457282,0.6266301205724795,0.08485405581521033,0.9997360984875746,0.6271814579561779
5,5,44,shift_reuse,0.010170522684938437,0.00858788937330246,0.017060633189976214,0.13966304585077108,0.6266301205724795,0.08485405581521033,0.9997360984875746,0.6271814579561779
5,5,44,shift_toeplitz_r2,0.009534731456199654,0.00796824973076582,0.01706547262147069,0.12214213303625264,0.6266301205724795,0.08485405581521033,0.9997360984875746,0.6271814579561779
5,5,44,shift_circular_r2,0.009541718283674065,0.007975544780492783,0.017114986572414635,0.12195813347370855,0.6266301205724795,0.08485405581521033,0.9997360984875746,0.6271814579561779
5,5,44,shift_rank8_feature,0.00812465398219879,0.006850622594356537,0.013654999202117324,0.1123990382367231,0.6266301205724795,0.08485405581521033,0.9997360984875746,0.6271814579561779
5,5,44,shift_rank8_prev_flow,0.004772036126074793,0.004229974467307329,0.008459379430860281,0.08534875114104819,0.6266301205724795,0.08485405581521033,0.9997360984875746,0.6271814579561779
5,5,44,shift_rank8_oracle,0.00475763626640977,0.004223927855491638,0.008511381223797798,0.08533971680822253,0.6266301205724795,0.08485405581521033,0.9997360984875746,0.6271814579561779
5,5,44,flow_reuse,0.0012292359746034862,0.0011416991474106908,0.0016231816087383776,0.018034704794559372,0.6266301205724795,0.08485405581521033,0.9997360984875746,0.6271814579561779
5,5,44,flow_toeplitz_r2,0.00084717875376647,0.000777803361415863,0.0014470063149929044,0.013910633007998276,0.6266301205724795,0.08485405581521033,0.9997360984875746,0.6271814579561779
5,5,44,flow_rank8_oracle,0.0006933559896252458,0.0006620293133892119,0.0009950450068572537,0.011011786681828298,0.6266301205724795,0.08485405581521033,0.9997360984875746,0.6271814579561779
6,5,44,raw_reuse,0.03819379865197676,0.03675039857625961,0.05736757814884186,0.2885577797071881,0.807205487209155,0.06734727813344954,0.999753707041121,0.9157933659097307
6,5,44,shift_reuse,0.014955249731681925,0.01352672278881073,0.027268153894692653,0.13337010927817006,0.807205487209155,0.06734727813344954,0.999753707041121,0.9157933659097307
6,5,44,shift_toeplitz_r2,0.013404642811771294,0.011803221888840199,0.02354620937258005,0.1073458045787971,0.807205487209155,0.06734727813344954,0.999753707041121,0.9157933659097307
6,5,44,shift_circular_r2,0.0134217990394237,0.011816020123660564,0.023600886203348635,0.10683125428970966,0.807205487209155,0.06734727813344954,0.999753707041121,0.9157933659097307
6,5,44,shift_rank8_feature,0.013971645240224406,0.012372116558253765,0.024188292678445578,0.09163206244053196,0.807205487209155,0.06734727813344954,0.999753707041121,0.9157933659097307
6,5,44,shift_rank8_prev_flow,0.006314674253831902,0.005669326987117529,0.011365095525979996,0.05857184158578882,0.807205487209155,0.06734727813344954,0.999753707041121,0.9157933659097307
6,5,44,shift_rank8_oracle,0.006287946960656791,0.005652862135320902,0.011243981262668967,0.05856064366122799,0.807205487209155,0.06734727813344954,0.999753707041121,0.9157933659097307
6,5,44,flow_reuse,0.002154885093816757,0.0020380301866680384,0.003328514914028346,0.021029760294285917,0.807205487209155,0.06734727813344954,0.999753707041121,0.9157933659097307
6,5,44,flow_toeplitz_r2,0.0011371790748986677,0.0010246708989143372,0.002078542939852923,0.008434469773747606,0.807205487209155,0.06734727813344954,0.999753707041121,0.9157933659097307
6,5,44,flow_rank8_oracle,0.0007523740696816041,0.000713774876203388,0.0011060654243919999,0.006102494914558686,0.807205487209155,0.06734727813344954,0.999753707041121,0.9157933659097307
7,5,44,raw_reuse,0.07720977046450411,0.07505610585212708,0.10735431648790836,0.286253222343611,0.7639611327031985,0.2160009535153975,0.9993259888068823,0.7552416238420795
7,5,44,shift_reuse,0.012117378218140969,0.010829858481884003,0.02308566980063914,0.04658437701078872,0.7639611327031985,0.2160009535153975,0.9993259888068823,0.7552416238420795
7,5,44,shift_toeplitz_r2,0.011567076056118633,0.010294063948094845,0.022027129027992476,0.04316084051062992,0.7639611327031985,0.2160009535153975,0.9993259888068823,0.7552416238420795
7,5,44,shift_circular_r2,0.011566967101529529,0.0102924145758152,0.021966746542602767,0.04313913324259879,0.7639611327031985,0.2160009535153975,0.9993259888068823,0.7552416238420795
7,5,44,shift_rank8_feature,0.011382889696614992,0.010319987311959267,0.020609889086335886,0.03389405208868734,0.7639611327031985,0.2160009535153975,0.9993259888068823,0.7552416238420795
7,5,44,shift_rank8_prev_flow,0.006370900315318413,0.005854835268110037,0.012257476616650814,0.022644560111724898,0.7639611327031985,0.2160009535153975,0.9993259888068823,0.7552416238420795
7,5,44,shift_rank8_oracle,0.006355960718424171,0.005844165105372667,0.012224456015974277,0.022632475183094122,0.7639611327031985,0.2160009535153975,0.9993259888068823,0.7552416238420795
7,5,44,flow_reuse,0.0027061699072067906,0.0026188951451331377,0.0037446213769726454,0.008331499638142694,0.7639611327031985,0.2160009535153975,0.9993259888068823,0.7552416238420795
7,5,44,flow_toeplitz_r2,0.0021324212211808412,0.0020329186227172613,0.0031487800530157982,0.0059545733330928835,0.7639611327031985,0.2160009535153975,0.9993259888068823,0.7552416238420795
7,5,44,flow_rank8_oracle,0.0013661508062404782,0.0013134749606251717,0.00206687148893252,0.004121847488383086,0.7639611327031985,0.2160009535153975,0.9993259888068823,0.7552416238420795
0,6,33,raw_reuse,1.3171109172620545,1.31928551197052,1.647608721256256,1.1627277820976638,0.8582887259537718,0.8305463904405624,0.9997635930176807,0.3707235502179157
0,6,33,shift_reuse,0.047684167262243386,0.04357586428523064,0.07708386592566967,0.0729198846364332,0.8582887259537718,0.8305463904405624,0.9997635930176807,0.3707235502179157
0,6,33,shift_toeplitz_r2,0.02172960017744879,0.020835058763623238,0.03391015809029341,0.049313440663844216,0.8582887259537718,0.8305463904405624,0.9997635930176807,0.3707235502179157
0,6,33,shift_circular_r2,0.021669277359130896,0.020787710323929787,0.03380246218293905,0.04870700228071418,0.8582887259537718,0.8305463904405624,0.9997635930176807,0.3707235502179157
0,6,33,shift_rank8_feature,0.016311491584583837,0.01563444919884205,0.024216325487941504,0.03017498087939241,0.8582887259537718,0.8305463904405624,0.9997635930176807,0.3707235502179157
0,6,33,shift_rank8_prev_flow,0.013979687200531195,0.0133412079885602,0.022708537615835665,0.027454356513894537,0.8582887259537718,0.8305463904405624,0.9997635930176807,0.3707235502179157
0,6,33,shift_rank8_oracle,0.013954467485907198,0.013321385718882084,0.022657075244933367,0.02745036820202652,0.8582887259537718,0.8305463904405624,0.9997635930176807,0.3707235502179157
0,6,33,flow_reuse,0.016240708830618244,0.016115659847855568,0.018503408040851356,0.019466943509702954,0.8582887259537718,0.8305463904405624,0.9997635930176807,0.3707235502179157
0,6,33,flow_toeplitz_r2,0.011928517329683664,0.01172724086791277,0.014877340663224459,0.01700914464151107,0.8582887259537718,0.8305463904405624,0.9997635930176807,0.3707235502179157
0,6,33,flow_rank8_oracle,0.013217290180332908,0.013042892329394817,0.01665916619822383,0.015442531932829877,0.8582887259537718,0.8305463904405624,0.9997635930176807,0.3707235502179157
1,6,33,raw_reuse,0.10272598685368994,0.10327344387769699,0.1391410067677498,0.8781188238011592,0.7178146322746719,0.7973812712591299,0.9995911962401762,0.29480058651851804
1,6,33,shift_reuse,0.006781356707762844,0.006381168961524963,0.011516073625534773,0.1267575758972202,0.7178146322746719,0.7973812712591299,0.9995911962401762,0.29480058651851804
1,6,33,shift_toeplitz_r2,0.0040067272350302625,0.003860337659716606,0.00547470657620579,0.0961131170006427,0.7178146322746719,0.7973812712591299,0.9995911962401762,0.29480058651851804
1,6,33,shift_circular_r2,0.004057194185514575,0.003913421183824539,0.005540045816451311,0.09581177034088081,0.7178146322746719,0.7973812712591299,0.9995911962401762,0.29480058651851804
1,6,33,shift_rank8_feature,0.004255006103557037,0.004122189711779356,0.006731723411940037,0.0725712183589962,0.7178146322746719,0.7973812712591299,0.9995911962401762,0.29480058651851804
1,6,33,shift_rank8_prev_flow,0.003823247583877892,0.0037085239309817553,0.005196021078154444,0.06734601373618253,0.7178146322746719,0.7973812712591299,0.9995911962401762,0.29480058651851804
1,6,33,shift_rank8_oracle,0.003820476568549888,0.0037055641878396273,0.005176537879742682,0.06733504742802221,0.7178146322746719,0.7973812712591299,0.9995911962401762,0.29480058651851804
1,6,33,flow_reuse,0.0010115178519717652,0.0009954437846317887,0.0013886799628380685,0.018586747457803695,0.7178146322746719,0.7973812712591299,0.9995911962401762,0.29480058651851804
1,6,33,flow_toeplitz_r2,0.0007948291645843571,0.0007832981063984334,0.0011639931821264325,0.01670813714466413,0.7178146322746719,0.7973812712591299,0.9995911962401762,0.29480058651851804
1,6,33,flow_rank8_oracle,0.0010668806671356324,0.001060417969711125,0.0015021104773040859,0.015608435330319774,0.7178146322746719,0.7973812712591299,0.9995911962401762,0.29480058651851804
2,6,33,raw_reuse,0.03890339646760799,0.036270175129175186,0.06514925435185433,0.8948262756785171,0.4792236887064024,0.5330036407952669,0.9996530968749603,0.597226341821314
2,6,33,shift_reuse,0.00444808576833755,0.0040427991189062595,0.00810969416052103,0.11833513776380186,0.4792236887064024,0.5330036407952669,0.9996530968749603,0.597226341821314
2,6,33,shift_toeplitz_r2,0.0033517560955712415,0.0031761645805090666,0.005751826427876949,0.10356173233972864,0.4792236887064024,0.5330036407952669,0.9996530968749603,0.597226341821314
2,6,33,shift_circular_r2,0.0033506986270503115,0.003176494501531124,0.005723503069020807,0.10341975723040797,0.4792236887064024,0.5330036407952669,0.9996530968749603,0.597226341821314
2,6,33,shift_rank8_feature,0.003387088465157524,0.003290558932349086,0.005039370898157357,0.092086166529776,0.4792236887064024,0.5330036407952669,0.9996530968749603,0.597226341821314
2,6,33,shift_rank8_prev_flow,0.0030917049015936645,0.0029781616758555174,0.004595903120934963,0.08540152402076501,0.4792236887064024,0.5330036407952669,0.9996530968749603,0.597226341821314
2,6,33,shift_rank8_oracle,0.003089531423616923,0.0029763728380203247,0.004591338918544352,0.08539634575630864,0.4792236887064024,0.5330036407952669,0.9996530968749603,0.597226341821314
2,6,33,flow_reuse,0.0008614080497022437,0.0008308792603202164,0.0011629905959125606,0.030561105577942504,0.4792236887064024,0.5330036407952669,0.9996530968749603,0.597226341821314
2,6,33,flow_toeplitz_r2,0.000637416322380645,0.0005778010818175972,0.0010740935947978866,0.022416122751299228,0.4792236887064024,0.5330036407952669,0.9996530968749603,0.597226341821314
2,6,33,flow_rank8_oracle,0.0006613569409005593,0.0006240779766812921,0.000936868562712334,0.019395437973423087,0.4792236887064024,0.5330036407952669,0.9996530968749603,0.597226341821314
3,6,33,raw_reuse,0.02860163236195781,0.027493664994835854,0.04370290450751781,0.6333685867795227,0.42174842362513987,0.17695299406446552,0.999710759437109,0.5029041105557741
3,6,33,shift_reuse,0.007007186177301176,0.005575795192271471,0.010951045481488108,0.11212841963470559,0.42174842362513987,0.17695299406446552,0.999710759437109,0.5029041105557741
3,6,33,shift_toeplitz_r2,0.00704936363811392,0.005520323757082224,0.010441554803401231,0.10419660577208105,0.42174842362513987,0.17695299406446552,0.999710759437109,0.5029041105557741
3,6,33,shift_circular_r2,0.00706268205064572,0.005535070318728685,0.010505552683025597,0.10417696544543421,0.42174842362513987,0.17695299406446552,0.999710759437109,0.5029041105557741
3,6,33,shift_rank8_feature,0.0070728998927061405,0.005623390432447195,0.013783422391861675,0.09867280877285635,0.42174842362513987,0.17695299406446552,0.999710759437109,0.5029041105557741
3,6,33,shift_rank8_prev_flow,0.004728411483941929,0.0044044568203389645,0.008478262694552539,0.08527072805716499,0.42174842362513987,0.17695299406446552,0.999710759437109,0.5029041105557741
3,6,33,shift_rank8_oracle,0.00473785873138542,0.0044097211211919785,0.008447667257860302,0.0852656577247963,0.42174842362513987,0.17695299406446552,0.999710759437109,0.5029041105557741
3,6,33,flow_reuse,0.001074861125975655,0.0010340709704905748,0.0015172496263403444,0.02283730902089931,0.42174842362513987,0.17695299406446552,0.999710759437109,0.5029041105557741
3,6,33,flow_toeplitz_r2,0.0007645065346236692,0.0007213370990939438,0.0011733072286006063,0.017399827859972457,0.42174842362513987,0.17695299406446552,0.999710759437109,0.5029041105557741
3,6,33,flow_rank8_oracle,0.0007748544028641547,0.0007481778156943619,0.001105156197445467,0.016101450991949203,0.42174842362513987,0.17695299406446552,0.999710759437109,0.5029041105557741
4,6,33,raw_reuse,0.028903397587116218,0.02780071832239628,0.04212080426514149,0.528464147094065,0.48956211759222124,-0.027928839300139785,0.9996152707884891,0.5397742585018657
4,6,33,shift_reuse,0.010139056690686512,0.007973303087055683,0.01495537022128701,0.12473092134891998,0.48956211759222124,-0.027928839300139785,0.9996152707884891,0.5397742585018657
4,6,33,shift_toeplitz_r2,0.00946510732647747,0.007274711970239878,0.01372390752658248,0.11483365137122527,0.48956211759222124,-0.027928839300139785,0.9996152707884891,0.5397742585018657
4,6,33,shift_circular_r2,0.009490300919250044,0.007287960033863783,0.01382920891046524,0.11484183858203979,0.48956211759222124,-0.027928839300139785,0.9996152707884891,0.5397742585018657
4,6,33,shift_rank8_feature,0.007799154532693269,0.00674436055123806,0.013510297099128364,0.1096386043699347,0.48956211759222124,-0.027928839300139785,0.9996152707884891,0.5397742585018657
4,6,33,shift_rank8_prev_flow,0.005286644778047688,0.004812958184629679,0.00897875865921378,0.08912249055706739,0.48956211759222124,-0.027928839300139785,0.9996152707884891,0.5397742585018657
4,6,33,shift_rank8_oracle,0.005281049570765572,0.00480714300647378,0.00895986002869904,0.08911392644140718,0.48956211759222124,-0.027928839300139785,0.9996152707884891,0.5397742585018657
4,6,33,flow_reuse,0.0014288070816562658,0.0013534253230318427,0.0022870320128276942,0.020607354885561945,0.48956211759222124,-0.027928839300139785,0.9996152707884891,0.5397742585018657
4,6,33,flow_toeplitz_r2,0.001081075910921169,0.0009966654470190406,0.0019378944823984052,0.016774576792393935,0.48956211759222124,-0.027928839300139785,0.9996152707884891,0.5397742585018657
4,6,33,flow_rank8_oracle,0.0009913724236017634,0.0009464281611144543,0.0014049835212063043,0.013980015814089683,0.48956211759222124,-0.027928839300139785,0.9996152707884891,0.5397742585018657
5,6,33,raw_reuse,0.03709790634107081,0.03497076407074928,0.055176982469856736,0.47871966026812374,0.6087555970411609,0.1548616000564511,0.9995942312136785,0.6001815961718621
5,6,33,shift_reuse,0.015244024925022347,0.012153838761150837,0.0266485134139657,0.15289694584913824,0.6087555970411609,0.1548616000564511,0.9995942312136785,0.6001815961718621
5,6,33,shift_toeplitz_r2,0.014173718447042056,0.011362356133759022,0.024857077375054357,0.13856106748837133,0.6087555970411609,0.1548616000564511,0.9995942312136785,0.6001815961718621
5,6,33,shift_circular_r2,0.014172841499172912,0.011368379928171635,0.024922553636133667,0.13836085346546806,0.6087555970411609,0.1548616000564511,0.9995942312136785,0.6001815961718621
5,6,33,shift_rank8_feature,0.011736392045403292,0.009656702168285847,0.02250024108216166,0.12575373881578908,0.6087555970411609,0.1548616000564511,0.9995942312136785,0.6001815961718621
5,6,33,shift_rank8_prev_flow,0.006245285472279893,0.005295813083648682,0.01033963714726269,0.09565306274086864,0.6087555970411609,0.1548616000564511,0.9995942312136785,0.6001815961718621
5,6,33,shift_rank8_oracle,0.006200483698322575,0.005274577531963587,0.01035958733409643,0.09563632500187673,0.6087555970411609,0.1548616000564511,0.9995942312136785,0.6001815961718621
5,6,33,flow_reuse,0.001993440579206466,0.0018088915385305882,0.002812790125608444,0.02090196412403725,0.6087555970411609,0.1548616000564511,0.9995942312136785,0.6001815961718621
5,6,33,flow_toeplitz_r2,0.0014884328896797622,0.001231214846484363,0.002474053530022502,0.016189587868313714,0.6087555970411609,0.1548616000564511,0.9995942312136785,0.6001815961718621
5,6,33,flow_rank8_oracle,0.0010627587789198416,0.001011823769658804,0.0015065634448546915,0.013216560493903778,0.6087555970411609,0.1548616000564511,0.9995942312136785,0.6001815961718621
6,6,33,raw_reuse,0.041186364184581985,0.039225175976753235,0.06609341632574796,0.3252870858717992,0.7859768251919004,-0.009492676669937472,0.9995918639997888,0.8986345345876504
6,6,33,shift_reuse,0.02114780310751449,0.018989386036992073,0.038150179199874394,0.17252273981478622,0.7859768251919004,-0.009492676669937472,0.9995918639997888,0.8986345345876504
6,6,33,shift_toeplitz_r2,0.019280857593815655,0.01675742119550705,0.03531252853572368,0.14598672812982988,0.7859768251919004,-0.009492676669937472,0.9995918639997888,0.8986345345876504
6,6,33,shift_circular_r2,0.019290750312118205,0.01674974150955677,0.03537576757371425,0.14528561701566817,0.7859768251919004,-0.009492676669937472,0.9995918639997888,0.8986345345876504
6,6,33,shift_rank8_feature,0.020128662806005667,0.017870571464300156,0.035947232693433764,0.12682949463112445,0.7859768251919004,-0.009492676669937472,0.9995918639997888,0.8986345345876504
6,6,33,shift_rank8_prev_flow,0.008713260735483591,0.007872034795582294,0.0151893125846982,0.0798381787282174,0.7859768251919004,-0.009492676669937472,0.9995918639997888,0.8986345345876504
6,6,33,shift_rank8_oracle,0.00868402851789663,0.007854673080146313,0.015209174063056706,0.07981357195610425,0.7859768251919004,-0.009492676669937472,0.9995918639997888,0.8986345345876504
6,6,33,flow_reuse,0.0031384998661067548,0.0029823004733771086,0.0046182322781533,0.029375204198457457,0.7859768251919004,-0.009492676669937472,0.9995918639997888,0.8986345345876504
6,6,33,flow_toeplitz_r2,0.0015795672480569327,0.0014022191753610969,0.0028503163484856486,0.01241118139275012,0.7859768251919004,-0.009492676669937472,0.9995918639997888,0.8986345345876504
6,6,33,flow_rank8_oracle,0.0012129691036711718,0.0011189698707312346,0.0019831617246381934,0.009352460093787115,0.7859768251919004,-0.009492676669937472,0.9995918639997888,0.8986345345876504
7,6,33,raw_reuse,0.07475652195459281,0.07197453826665878,0.10499632060527801,0.282009017599398,0.7598615383738957,0.03225087364808177,0.9994901070870574,0.8302813147047873
7,6,33,shift_reuse,0.016888304978436255,0.014985633082687855,0.02716211825609207,0.060782175667163485,0.7598615383738957,0.03225087364808177,0.9994901070870574,0.8302813147047873
7,6,33,shift_toeplitz_r2,0.016259524027027697,0.014388580806553364,0.02724718069657683,0.05692120271098432,0.7598615383738957,0.03225087364808177,0.9994901070870574,0.8302813147047873
7,6,33,shift_circular_r2,0.0162509429988358,0.014376014471054077,0.027254899032413956,0.05683969968191684,0.7598615383738957,0.03225087364808177,0.9994901070870574,0.8302813147047873
7,6,33,shift_rank8_feature,0.017384064133174924,0.015287992544472218,0.03336509317159652,0.047443495257845365,0.7598615383738957,0.03225087364808177,0.9994901070870574,0.8302813147047873
7,6,33,shift_rank8_prev_flow,0.008686767580602805,0.007684819400310516,0.013729708222672343,0.029797711264544564,0.7598615383738957,0.03225087364808177,0.9994901070870574,0.8302813147047873
7,6,33,shift_rank8_oracle,0.008669102678579154,0.007659852504730225,0.013655986497178673,0.02978565324810961,0.7598615383738957,0.03225087364808177,0.9994901070870574,0.8302813147047873
7,6,33,flow_reuse,0.004257294097864562,0.004129291977733374,0.005548044666647911,0.014351902692847838,0.7598615383738957,0.03225087364808177,0.9994901070870574,0.8302813147047873
7,6,33,flow_toeplitz_r2,0.0023032436379856976,0.002105276333168149,0.0040867045638151465,0.009231883543204948,0.7598615383738957,0.03225087364808177,0.9994901070870574,0.8302813147047873
7,6,33,flow_rank8_oracle,0.002021718416293285,0.0019433776615187526,0.0027397344238124788,0.0059125425338495095,0.7598615383738957,0.03225087364808177,0.9994901070870574,0.8302813147047873
0,7,22,raw_reuse,1.3121754363022546,1.3130630254745483,1.61505526304245,1.0936117399156486,0.8543542970674052,0.8241943440290251,0.9996673145756929,0.3796446329413323
0,7,22,shift_reuse,0.07194954049548846,0.06567376106977463,0.11288786530494689,0.08967614799871272,0.8543542970674052,0.8241943440290251,0.9996673145756929,0.3796446329413323
0,7,22,shift_toeplitz_r2,0.03322329777881514,0.03151756525039673,0.04921072497963905,0.06178996355165876,0.8543542970674052,0.8241943440290251,0.9996673145756929,0.3796446329413323
0,7,22,shift_circular_r2,0.03311549077287817,0.03140440955758095,0.04888449367135762,0.06112218142902505,0.8543542970674052,0.8241943440290251,0.9996673145756929,0.3796446329413323
0,7,22,shift_rank8_feature,0.024055131554604755,0.022716447710990906,0.03608610965311527,0.03768976941759864,0.8543542970674052,0.8241943440290251,0.9996673145756929,0.3796446329413323
0,7,22,shift_rank8_prev_flow,0.021451998303100298,0.019851641729474068,0.03449934031814337,0.03423049948674637,0.8543542970674052,0.8241943440290251,0.9996673145756929,0.3796446329413323
0,7,22,shift_rank8_oracle,0.021462582617692235,0.0198754221200943,0.03455720357596874,0.03422360722754668,0.8543542970674052,0.8241943440290251,0.9996673145756929,0.3796446329413323
0,7,22,flow_reuse,0.03060715347050764,0.030475638806819916,0.03346728440374136,0.03043276640184082,0.8543542970674052,0.8241943440290251,0.9996673145756929,0.3796446329413323
0,7,22,flow_toeplitz_r2,0.020441359914571813,0.020086942240595818,0.02329533426091075,0.025753370060895106,0.8543542970674052,0.8241943440290251,0.9996673145756929,0.3796446329413323
0,7,22,flow_rank8_oracle,0.023607625184261207,0.023342905566096306,0.0286871200427413,0.023969650650406498,0.8543542970674052,0.8241943440290251,0.9996673145756929,0.3796446329413323
1,7,22,raw_reuse,0.12069028401366425,0.12161224335432053,0.1620322957634926,0.810569518219301,0.6956795221067933,0.7391509291442829,0.9993617107219617,0.28128510722813205
1,7,22,shift_reuse,0.01077448364038721,0.010044828988611698,0.017135185841470956,0.1389931314653812,0.6956795221067933,0.7391509291442829,0.9993617107219617,0.28128510722813205
1,7,22,shift_toeplitz_r2,0.006694836082375615,0.00625652028247714,0.009567749919369817,0.10699113491832969,0.6956795221067933,0.7391509291442829,0.9993617107219617,0.28128510722813205
1,7,22,shift_circular_r2,0.006724544307005874,0.006302672903984785,0.009616609057411551,0.10677025511394932,0.6956795221067933,0.7391509291442829,0.9993617107219617,0.28128510722813205
1,7,22,shift_rank8_feature,0.006652424743489453,0.006317837163805962,0.009129517711699009,0.08363512678601524,0.6956795221067933,0.7391509291442829,0.9993617107219617,0.28128510722813205
1,7,22,shift_rank8_prev_flow,0.006212552055847484,0.005783469881862402,0.00824219211935997,0.0766937068737291,0.6956795221067933,0.7391509291442829,0.9993617107219617,0.28128510722813205
1,7,22,shift_rank8_oracle,0.006215781579101291,0.005781034007668495,0.008257040800526737,0.07667590809502332,0.6956795221067933,0.7391509291442829,0.9993617107219617,0.28128510722813205
1,7,22,flow_reuse,0.0018404901715196782,0.0017662219470366836,0.0026194485719315706,0.024047089638000084,0.6956795221067933,0.7391509291442829,0.9993617107219617,0.28128510722813205
1,7,22,flow_toeplitz_r2,0.0013015496792284078,0.0012563421623781323,0.002043060504365712,0.021610432385338038,0.6956795221067933,0.7391509291442829,0.9993617107219617,0.28128510722813205
1,7,22,flow_rank8_oracle,0.0017324456721560188,0.0016692178323864937,0.002593202469870448,0.020386416081805015,0.6956795221067933,0.7391509291442829,0.9993617107219617,0.28128510722813205
2,7,22,raw_reuse,0.043772743203338585,0.040354374796152115,0.07635394781827927,0.8127734809113261,0.4629012369399311,0.4954088932282089,0.9994298379465208,0.5130781319587936
2,7,22,shift_reuse,0.006662123965351561,0.006003668066114187,0.011972669651731847,0.14289453707157712,0.4629012369399311,0.4954088932282089,0.9994298379465208,0.5130781319587936
2,7,22,shift_toeplitz_r2,0.004992858928536405,0.004704749211668968,0.00878093261271715,0.12579023579955337,0.4629012369399311,0.4954088932282089,0.9994298379465208,0.5130781319587936
2,7,22,shift_circular_r2,0.004983816263425746,0.0046986467204988,0.008742847666144369,0.12569194492877198,0.4629012369399311,0.4954088932282089,0.9994298379465208,0.5130781319587936
2,7,22,shift_rank8_feature,0.004934897943578878,0.004774024710059166,0.008247676445171236,0.1132707007943633,0.4629012369399311,0.4954088932282089,0.9994298379465208,0.5130781319587936
2,7,22,shift_rank8_prev_flow,0.004649573195503005,0.0044324262998998165,0.007568207965232431,0.10473320828324012,0.4629012369399311,0.4954088932282089,0.9994298379465208,0.5130781319587936
2,7,22,shift_rank8_oracle,0.004644577844467094,0.00442940229550004,0.0075487714959308495,0.10472315118088593,0.4629012369399311,0.4954088932282089,0.9994298379465208,0.5130781319587936
2,7,22,flow_reuse,0.001543302251536409,0.0014980292180553079,0.0019874915480613707,0.039879571492519986,0.4629012369399311,0.4954088932282089,0.9994298379465208,0.5130781319587936
2,7,22,flow_toeplitz_r2,0.0011638086967545654,0.0011145127937197685,0.0017466455290559679,0.032646481593995816,0.4629012369399311,0.4954088932282089,0.9994298379465208,0.5130781319587936
2,7,22,flow_rank8_oracle,0.0011335575781290547,0.0010964171960949898,0.0016827929124701767,0.027827880062987295,0.4629012369399311,0.4954088932282089,0.9994298379465208,0.5130781319587936
3,7,22,raw_reuse,0.03467037209995478,0.03214515000581741,0.060628436692059036,0.5593692952078833,0.4104073778422008,0.16056208637981573,0.9993557292828292,0.40199805143771683
3,7,22,shift_reuse,0.010566086910915248,0.008235695771872997,0.017130173183977603,0.12062332300126487,0.4104073778422008,0.16056208637981573,0.9993557292828292,0.40199805143771683
3,7,22,shift_toeplitz_r2,0.010708315696036575,0.008109276182949543,0.01613896144554019,0.11334919100472571,0.4104073778422008,0.16056208637981573,0.9993557292828292,0.40199805143771683
3,7,22,shift_circular_r2,0.010730387817033282,0.008127269335091114,0.016195779759436844,0.11335771620681409,0.4104073778422008,0.16056208637981573,0.9993557292828292,0.40199805143771683
3,7,22,shift_rank8_feature,0.011263851798058737,0.008365028537809849,0.021753080468624827,0.10805103644713414,0.4104073778422008,0.16056208637981573,0.9993557292828292,0.40199805143771683
3,7,22,shift_rank8_prev_flow,0.006534462896292795,0.006025888025760651,0.011715879291296005,0.09263336757202922,0.4104073778422008,0.16056208637981573,0.9993557292828292,0.40199805143771683
3,7,22,shift_rank8_oracle,0.006552229631866286,0.006031902972608805,0.011883921315893529,0.09262053999345922,0.4104073778422008,0.16056208637981573,0.9993557292828292,0.40199805143771683
3,7,22,flow_reuse,0.0018459272215943124,0.0017975661903619766,0.002419921674299985,0.02616910219625098,0.4104073778422008,0.16056208637981573,0.9993557292828292,0.40199805143771683
3,7,22,flow_toeplitz_r2,0.001430577001246908,0.0013376642018556595,0.002323116117622703,0.022331463582829118,0.4104073778422008,0.16056208637981573,0.9993557292828292,0.40199805143771683
3,7,22,flow_rank8_oracle,0.0014279400010938277,0.0013950943248346448,0.0021114589413627977,0.02023672000234608,0.4104073778422008,0.16056208637981573,0.9993557292828292,0.40199805143771683
4,7,22,raw_reuse,0.033493671335203715,0.031612806022167206,0.04801402315497398,0.46690855145608606,0.4597119609686757,-0.047947172507652125,0.9993375410383228,0.4946634375869867
4,7,22,shift_reuse,0.015622808572376296,0.01192456390708685,0.022863900661468504,0.1283359950801734,0.4597119609686757,-0.047947172507652125,0.9993375410383228,0.4946634375869867
4,7,22,shift_toeplitz_r2,0.014873792555335438,0.011144918389618397,0.022603417746722695,0.12087405340484904,0.4597119609686757,-0.047947172507652125,0.9993375410383228,0.4946634375869867
4,7,22,shift_circular_r2,0.014918551714050342,0.011162376962602139,0.022722479514777655,0.12093018533970956,0.4597119609686757,-0.047947172507652125,0.9993375410383228,0.4946634375869867
4,7,22,shift_rank8_feature,0.012727185098338232,0.01078459620475769,0.02285949634388089,0.11712855081766771,0.4597119609686757,-0.047947172507652125,0.9993375410383228,0.4946634375869867
4,7,22,shift_rank8_prev_flow,0.0076612367809364736,0.006830190774053335,0.014318914571776984,0.09434860728793217,0.4597119609686757,-0.047947172507652125,0.9993375410383228,0.4946634375869867
4,7,22,shift_rank8_oracle,0.0076377363100748885,0.006814536172896624,0.014166753645986315,0.09433245974502709,0.4597119609686757,-0.047947172507652125,0.9993375410383228,0.4946634375869867
4,7,22,flow_reuse,0.0024656325465290704,0.002307535381987691,0.003960125346202402,0.024722246675601092,0.4597119609686757,-0.047947172507652125,0.9993375410383228,0.4946634375869867
4,7,22,flow_toeplitz_r2,0.0019824492648190606,0.0017710350221022964,0.003766779345460236,0.02160647877867871,0.4597119609686757,-0.047947172507652125,0.9993375410383228,0.4946634375869867
4,7,22,flow_rank8_oracle,0.0016659126512636492,0.0016217116499319673,0.0023223182302899658,0.017574310545638055,0.4597119609686757,-0.047947172507652125,0.9993375410383228,0.4946634375869867
5,7,22,raw_reuse,0.04513506941141071,0.0399930365383625,0.07573573663830754,0.443386204229838,0.5780240746881298,0.14457590224171513,0.9992474342509119,0.5397397981801759
5,7,22,shift_reuse,0.023866325975042166,0.017868271097540855,0.040995214693248266,0.16421067885330232,0.5780240746881298,0.14457590224171513,0.9992474342509119,0.5397397981801759
5,7,22,shift_toeplitz_r2,0.022458259646619124,0.016911674290895462,0.04138649906963109,0.15330937629759603,0.5780240746881298,0.14457590224171513,0.9992474342509119,0.5397397981801759
5,7,22,shift_circular_r2,0.02246673290852941,0.01692405715584755,0.041601951606571666,0.1531728800230478,0.5780240746881298,0.14457590224171513,0.9992474342509119,0.5397397981801759
5,7,22,shift_rank8_feature,0.019518332149077337,0.015294622629880905,0.04169994592666625,0.14093761017716475,0.5780240746881298,0.14457590224171513,0.9992474342509119,0.5397397981801759
5,7,22,shift_rank8_prev_flow,0.008895109306821426,0.007531306240707636,0.015618725214153526,0.10670570509754934,0.5780240746881298,0.14457590224171513,0.9992474342509119,0.5397397981801759
5,7,22,shift_rank8_oracle,0.008786748391648716,0.007489908952265978,0.0156332082580775,0.10667072174391411,0.5780240746881298,0.14457590224171513,0.9992474342509119,0.5397397981801759
5,7,22,flow_reuse,0.003791907446104896,0.003176811384037137,0.005214849999174475,0.026881400168850125,0.5780240746881298,0.14457590224171513,0.9992474342509119,0.5397397981801759
5,7,22,flow_toeplitz_r2,0.0032387762979060714,0.0024375785142183304,0.005038671847432851,0.022415349259523654,0.5780240746881298,0.14457590224171513,0.9992474342509119,0.5397397981801759
5,7,22,flow_rank8_oracle,0.001908988020802445,0.0018016848480328918,0.0025800234754569827,0.018237008385968735,0.5780240746881298,0.14457590224171513,0.9992474342509119,0.5397397981801759
6,7,22,raw_reuse,0.05079724195034144,0.046488795429468155,0.09057613015174863,0.3732063808910696,0.7436741962978501,-0.18787436204655195,0.9993855625670673,0.8678751963603507
6,7,22,shift_reuse,0.03143404699567275,0.027856014668941498,0.05886652953922748,0.21945463485375027,0.7436741962978501,-0.18787436204655195,0.9993855625670673,0.8678751963603507
6,7,22,shift_toeplitz_r2,0.02907688043276408,0.02479778788983822,0.053723315335810186,0.196232218471157,0.7436741962978501,-0.18787436204655195,0.9993855625670673,0.8678751963603507
6,7,22,shift_circular_r2,0.02909090247075962,0.024783341214060783,0.05387329440563917,0.19554808665310672,0.7436741962978501,-0.18787436204655195,0.9993855625670673,0.8678751963603507
6,7,22,shift_rank8_feature,0.03189787819450586,0.02809518575668335,0.05622706804424524,0.1814607564609374,0.7436741962978501,-0.18787436204655195,0.9993855625670673,0.8678751963603507
6,7,22,shift_rank8_prev_flow,0.012771141476010436,0.011411577463150024,0.024091316293925042,0.11115477966699626,0.7436741962978501,-0.18787436204655195,0.9993855625670673,0.8678751963603507
6,7,22,shift_rank8_oracle,0.012729004670810166,0.011378739960491657,0.02416385915130376,0.1111068720928808,0.7436741962978501,-0.18787436204655195,0.9993855625670673,0.8678751963603507
6,7,22,flow_reuse,0.004802885007202988,0.004647644702345133,0.007147357217036188,0.04251773197519514,0.7436741962978501,-0.18787436204655195,0.9993855625670673,0.8678751963603507
6,7,22,flow_toeplitz_r2,0.0027689600710459356,0.002477145753800869,0.004267926351167262,0.02160410830252996,0.7436741962978501,-0.18787436204655195,0.9993855625670673,0.8678751963603507
6,7,22,flow_rank8_oracle,0.0022171822238207834,0.0020619055721908808,0.003527321817819028,0.01545476007530227,0.7436741962978501,-0.18787436204655195,0.9993855625670673,0.8678751963603507
7,7,22,raw_reuse,0.07186991701122429,0.06765098124742508,0.11113965325057507,0.2847670793136101,0.7378896330514138,0.016271361044990162,0.9977482324922273,0.9018231605680846
7,7,22,shift_reuse,0.026236354465344263,0.023144325241446495,0.044214803911745544,0.08774470487459064,0.7378896330514138,0.016271361044990162,0.9977482324922273,0.9018231605680846
7,7,22,shift_toeplitz_r2,0.025489322644149597,0.022453097626566887,0.04281532913446426,0.08263287673001697,0.7378896330514138,0.016271361044990162,0.9977482324922273,0.9018231605680846
7,7,22,shift_circular_r2,0.025484666707776493,0.022436728700995445,0.04297961089760065,0.08251789981350131,0.7378896330514138,0.016271361044990162,0.9977482324922273,0.9018231605680846
7,7,22,shift_rank8_feature,0.02756718531680265,0.02407217212021351,0.0518747329711914,0.07125079248913634,0.7378896330514138,0.016271361044990162,0.9977482324922273,0.9018231605680846
7,7,22,shift_rank8_prev_flow,0.014323438216111213,0.01241424772888422,0.025717561412602657,0.04500026026799254,0.7378896330514138,0.016271361044990162,0.9977482324922273,0.9018231605680846
7,7,22,shift_rank8_oracle,0.014220769396196637,0.012316259555518627,0.02574136676266789,0.04492240684810138,0.7378896330514138,0.016271361044990162,0.9977482324922273,0.9018231605680846
7,7,22,flow_reuse,0.007179902728115084,0.007043724413961172,0.00961631741374731,0.028080650830042988,0.7378896330514138,0.016271361044990162,0.9977482324922273,0.9018231605680846
7,7,22,flow_toeplitz_r2,0.004485565706340264,0.0041186916641891,0.007242243690416216,0.013189496653135168,0.7378896330514138,0.016271361044990162,0.9977482324922273,0.9018231605680846
7,7,22,flow_rank8_oracle,0.0030495932950486805,0.0029326167423278093,0.0047310450812801715,0.00879856240520308,0.7378896330514138,0.016271361044990162,0.9977482324922273,0.9018231605680846
0,8,11,raw_reuse,1.2853591663311972,1.2855638265609741,1.56054847240448,0.8728520500133569,0.8613608014946066,0.8417939533668473,0.9991198406229137,0.35959154881558597
0,8,11,shift_reuse,0.11446750747548393,0.1047491803765297,0.1836352095007896,0.11027313926273442,0.8613608014946066,0.8417939533668473,0.9991198406229137,0.35959154881558597
0,8,11,shift_toeplitz_r2,0.06038075042954472,0.056341350078582764,0.08883725665509701,0.076074153929263,0.8613608014946066,0.8417939533668473,0.9991198406229137,0.35959154881558597
0,8,11,shift_circular_r2,0.059660485802029664,0.055732011795043945,0.08662165887653828,0.07525261795017306,0.8613608014946066,0.8417939533668473,0.9991198406229137,0.35959154881558597
0,8,11,shift_rank8_feature,0.03662606516549725,0.03533606231212616,0.05733722373843193,0.044737608333979564,0.8613608014946066,0.8417939533668473,0.9991198406229137,0.35959154881558597
0,8,11,shift_rank8_prev_flow,0.03229876009071939,0.03091639280319214,0.04748313371092081,0.04108078834600172,0.8613608014946066,0.8417939533668473,0.9991198406229137,0.35959154881558597
0,8,11,shift_rank8_oracle,0.0323147139734907,0.030948780477046967,0.04764886200428009,0.04105941503435034,0.8613608014946066,0.8417939533668473,0.9991198406229137,0.35959154881558597
0,8,11,flow_reuse,0.0651891824663732,0.06542369723320007,0.07434504516422749,0.048458386921225734,0.8613608014946066,0.8417939533668473,0.9991198406229137,0.35959154881558597
0,8,11,flow_toeplitz_r2,0.04211284827065067,0.04200205206871033,0.04950585979968309,0.040032744397456896,0.8613608014946066,0.8417939533668473,0.9991198406229137,0.35959154881558597
0,8,11,flow_rank8_oracle,0.052004231507525624,0.05174775421619415,0.06501242369413375,0.03877907811733098,0.8613608014946066,0.8417939533668473,0.9991198406229137,0.35959154881558597
1,8,11,raw_reuse,0.1655526428202768,0.16631977260112762,0.2094363570213318,0.6816164545004166,0.6675841495711896,0.8184696833476776,0.9978882789883361,0.20086533389943995
1,8,11,shift_reuse,0.018536824419086998,0.017098937183618546,0.029731163103133437,0.14265890225676678,0.6675841495711896,0.8184696833476776,0.9978882789883361,0.20086533389943995
1,8,11,shift_toeplitz_r2,0.011125580625007172,0.010681341402232647,0.018366106133908034,0.1132368443594699,0.6675841495711896,0.8184696833476776,0.9978882789883361,0.20086533389943995
1,8,11,shift_circular_r2,0.011115940064902349,0.010695799253880978,0.018300571478903294,0.1130629737441893,0.6675841495711896,0.8184696833476776,0.9978882789883361,0.20086533389943995
1,8,11,shift_rank8_feature,0.010965633418030757,0.01059956569224596,0.01603489527478814,0.08712469395250136,0.6675841495711896,0.8184696833476776,0.9978882789883361,0.20086533389943995
1,8,11,shift_rank8_prev_flow,0.010056566126889148,0.009736970998346806,0.01418944215402007,0.08230907912367279,0.6675841495711896,0.8184696833476776,0.9978882789883361,0.20086533389943995
1,8,11,shift_rank8_oracle,0.010030880375627351,0.009718458168208599,0.014161005616188048,0.08225072595703493,0.6675841495711896,0.8184696833476776,0.9978882789883361,0.20086533389943995
1,8,11,flow_reuse,0.005588211670802474,0.005480744410306215,0.007778226397931576,0.03674267898387236,0.6675841495711896,0.8184696833476776,0.9978882789883361,0.20086533389943995
1,8,11,flow_toeplitz_r2,0.003775592215352744,0.0036559600848704576,0.005441369256004691,0.03446096482412396,0.6675841495711896,0.8184696833476776,0.9978882789883361,0.20086533389943995
1,8,11,flow_rank8_oracle,0.004797094244477893,0.004712486173957586,0.00650894755963236,0.03284587257480301,0.6675841495711896,0.8184696833476776,0.9978882789883361,0.20086533389943995
2,8,11,raw_reuse,0.06509226714378738,0.061807602643966675,0.1121003922075033,0.6549197470717188,0.46032247633206014,0.5905240425053718,0.9970147564725663,0.1868917755395998
2,8,11,shift_reuse,0.012012435897097943,0.010926153510808945,0.022289517056196927,0.15711830574365274,0.46032247633206014,0.5905240425053718,0.9970147564725663,0.1868917755395998
2,8,11,shift_toeplitz_r2,0.010392266925451808,0.009589878842234612,0.019839153811335563,0.14226776387618176,0.46032247633206014,0.5905240425053718,0.9970147564725663,0.1868917755395998
2,8,11,shift_circular_r2,0.010374241044697944,0.009579864330589771,0.019765123818069694,0.14216422559040795,0.46032247633206014,0.5905240425053718,0.9970147564725663,0.1868917755395998
2,8,11,shift_rank8_feature,0.009339851489137914,0.008956904523074627,0.01512394635938108,0.12401099696503054,0.46032247633206014,0.5905240425053718,0.9970147564725663,0.1868917755395998
2,8,11,shift_rank8_prev_flow,0.008809349768382237,0.008160506375133991,0.01301061208359897,0.11548834688114726,0.46032247633206014,0.5905240425053718,0.9970147564725663,0.1868917755395998
2,8,11,shift_rank8_oracle,0.008779998637638455,0.008141610771417618,0.012865212932229041,0.11542342386575594,0.46032247633206014,0.5905240425053718,0.9970147564725663,0.1868917755395998
2,8,11,flow_reuse,0.003309659069016859,0.003164447145536542,0.004578478401526809,0.046005633592279355,0.46032247633206014,0.5905240425053718,0.9970147564725663,0.1868917755395998
2,8,11,flow_toeplitz_r2,0.004253364848465985,0.004149202257394791,0.006346893496811389,0.05428900769151474,0.46032247633206014,0.5905240425053718,0.9970147564725663,0.1868917755395998
2,8,11,flow_rank8_oracle,0.0029096804279547203,0.0028075342997908592,0.004336493392474948,0.04148443629873809,0.46032247633206014,0.5905240425053718,0.9970147564725663,0.1868917755395998
3,8,11,raw_reuse,0.05497525787574978,0.051887888461351395,0.08853594288229942,0.4622794465378713,0.40186440672405843,-0.016617806435461846,0.9975222477752935,0.22863147604824863
3,8,11,shift_reuse,0.015046747003703781,0.013342693448066711,0.03041547322645783,0.12779291809649063,0.40186440672405843,-0.016617806435461846,0.9975222477752935,0.22863147604824863
3,8,11,shift_toeplitz_r2,0.01566697877946507,0.013614681549370289,0.028221104294061657,0.1227814223468361,0.40186440672405843,-0.016617806435461846,0.9975222477752935,0.22863147604824863
3,8,11,shift_circular_r2,0.01567905857787285,0.013630646280944347,0.02823495743796229,0.12283519855701909,0.40186440672405843,-0.016617806435461846,0.9975222477752935,0.22863147604824863
3,8,11,shift_rank8_feature,0.017303661524862783,0.014611850492656231,0.03325066156685352,0.1206316098719755,0.40186440672405843,-0.016617806435461846,0.9975222477752935,0.22863147604824863
3,8,11,shift_rank8_prev_flow,0.009941503513498184,0.009633232839405537,0.016809914726763964,0.09889301737079337,0.40186440672405843,-0.016617806435461846,0.9975222477752935,0.22863147604824863
3,8,11,shift_rank8_oracle,0.009904277787031813,0.009619553573429585,0.017187215574085712,0.0988340607628568,0.40186440672405843,-0.016617806435461846,0.9975222477752935,0.22863147604824863
3,8,11,flow_reuse,0.004330700040963807,0.004097164608538151,0.006549902097322045,0.03472377882510028,0.40186440672405843,-0.016617806435461846,0.9975222477752935,0.22863147604824863
3,8,11,flow_toeplitz_r2,0.006674449840285957,0.006551484111696482,0.008918056450784206,0.044001996109810246,0.40186440672405843,-0.016617806435461846,0.9975222477752935,0.22863147604824863
3,8,11,flow_rank8_oracle,0.0036728680238465607,0.003607574850320816,0.005607483908534049,0.03049705745518646,0.40186440672405843,-0.016617806435461846,0.9975222477752935,0.22863147604824863
4,8,11,raw_reuse,0.05584536859465266,0.05216817930340767,0.08044503070414066,0.38354140798360975,0.4202020392527763,0.06575483707084695,0.9962384441749248,0.2839189551831305
4,8,11,shift_reuse,0.022958937699858233,0.019354533404111862,0.03744648844003677,0.1293088624152749,0.4202020392527763,0.06575483707084695,0.9962384441749248,0.2839189551831305
4,8,11,shift_toeplitz_r2,0.022057719919717875,0.018873000517487526,0.03444721102714539,0.1257341792681608,0.4202020392527763,0.06575483707084695,0.9962384441749248,0.2839189551831305
4,8,11,shift_circular_r2,0.022078385716545405,0.01889246143400669,0.034691535495221616,0.12581915112776174,0.4202020392527763,0.06575483707084695,0.9962384441749248,0.2839189551831305
4,8,11,shift_rank8_feature,0.02487799915336373,0.020269230008125305,0.042880794219672676,0.11887038766229308,0.4202020392527763,0.06575483707084695,0.9962384441749248,0.2839189551831305
4,8,11,shift_rank8_prev_flow,0.014449397510747494,0.012928384356200695,0.029561786167323585,0.09855217522665695,0.4202020392527763,0.06575483707084695,0.9962384441749248,0.2839189551831305
4,8,11,shift_rank8_oracle,0.01460774431250251,0.013004031963646412,0.029471549671143286,0.09846154197053855,0.4202020392527763,0.06575483707084695,0.9962384441749248,0.2839189551831305
4,8,11,flow_reuse,0.005561056958259094,0.005256636533886194,0.009256233694031833,0.03374879634229779,0.4202020392527763,0.06575483707084695,0.9962384441749248,0.2839189551831305
4,8,11,flow_toeplitz_r2,0.00895394412251062,0.008789029903709888,0.011885986151173708,0.04620188821014558,0.4202020392527763,0.06575483707084695,0.9962384441749248,0.2839189551831305
4,8,11,flow_rank8_oracle,0.004944178508046338,0.004746318329125643,0.006981224310584366,0.02855876199676381,0.4202020392527763,0.06575483707084695,0.9962384441749248,0.2839189551831305
5,8,11,raw_reuse,0.06937829480790826,0.06005628779530525,0.13260165117681022,0.3944824712104689,0.4899304838713666,0.1661168351846526,0.9970417124355266,0.38180566344579747
5,8,11,shift_reuse,0.034252701347551685,0.027498671784996986,0.07663261890411377,0.17300883793423408,0.4899304838713666,0.1661168351846526,0.9970417124355266,0.38180566344579747
5,8,11,shift_toeplitz_r2,0.033233976698773135,0.027049891650676727,0.06538845151662827,0.16717539398501607,0.4899304838713666,0.1661168351846526,0.9970417124355266,0.38180566344579747
5,8,11,shift_circular_r2,0.033245323019928975,0.027039824053645134,0.065000781416893,0.16702798721474862,0.4899304838713666,0.1661168351846526,0.9970417124355266,0.38180566344579747
5,8,11,shift_rank8_feature,0.031210117299848402,0.026154309511184692,0.06720337625592944,0.15492250627591722,0.4899304838713666,0.1661168351846526,0.9970417124355266,0.38180566344579747
5,8,11,shift_rank8_prev_flow,0.016439962460734033,0.014857244677841663,0.025840481743216515,0.12368674833545233,0.4899304838713666,0.1661168351846526,0.9970417124355266,0.38180566344579747
5,8,11,shift_rank8_oracle,0.016564316454908787,0.014937167055904865,0.025353658944368362,0.1235614435918625,0.4899304838713666,0.1661168351846526,0.9970417124355266,0.38180566344579747
5,8,11,flow_reuse,0.008200497425608957,0.007214842829853296,0.010833205142989754,0.040946479001213204,0.4899304838713666,0.1661168351846526,0.9970417124355266,0.38180566344579747
5,8,11,flow_toeplitz_r2,0.012424259794423348,0.011874143034219742,0.01641128472983837,0.056141045997341696,0.4899304838713666,0.1661168351846526,0.9970417124355266,0.38180566344579747
5,8,11,flow_rank8_oracle,0.00547775360886041,0.00521269952878356,0.008280283678323029,0.03219430908979987,0.4899304838713666,0.1661168351846526,0.9970417124355266,0.38180566344579747
6,8,11,raw_reuse,0.08076207046287517,0.07026547938585281,0.14840215742588042,0.4326067950832822,0.6434497110505667,-0.09401503452162197,0.9969925932081547,0.6892673548274915
6,8,11,shift_reuse,0.04879192222846817,0.0429425947368145,0.08783410042524337,0.24727887511105645,0.6434497110505667,-0.09401503452162197,0.9969925932081547,0.6892673548274915
6,8,11,shift_toeplitz_r2,0.04835012610269864,0.042424216866493225,0.08241180554032325,0.24069666444021895,0.6434497110505667,-0.09401503452162197,0.9969925932081547,0.6892673548274915
6,8,11,shift_circular_r2,0.048331695856236805,0.04238090291619301,0.08245437704026698,0.24056810637223536,0.6434497110505667,-0.09401503452162197,0.9969925932081547,0.6892673548274915
6,8,11,shift_rank8_feature,0.05100921091702313,0.04673236235976219,0.08346151039004325,0.2251521228704373,0.6434497110505667,-0.09401503452162197,0.9969925932081547,0.6892673548274915
6,8,11,shift_rank8_prev_flow,0.0225970193539414,0.019838958978652954,0.043022340908646574,0.14792344262634613,0.6434497110505667,-0.09401503452162197,0.9969925932081547,0.6892673548274915
6,8,11,shift_rank8_oracle,0.022183243865295858,0.019535085186362267,0.042862751148641104,0.14765475709959552,0.6434497110505667,-0.09401503452162197,0.9969925932081547,0.6892673548274915
6,8,11,flow_reuse,0.010201599965335382,0.009988286532461643,0.01602953504770994,0.06134316533853925,0.6434497110505667,-0.09401503452162197,0.9969925932081547,0.6892673548274915
6,8,11,flow_toeplitz_r2,0.011125529452175641,0.010952231474220753,0.01655927253887057,0.0594273400074375,0.6434497110505667,-0.09401503452162197,0.9969925932081547,0.6892673548274915
6,8,11,flow_rank8_oracle,0.005824536335616005,0.005639504175633192,0.010415153903886674,0.03419476497179389,0.6434497110505667,-0.09401503452162197,0.9969925932081547,0.6892673548274915
7,8,11,raw_reuse,0.08379169474014612,0.07371518015861511,0.15166469439864158,0.41329986519554174,0.7326855973831631,0.13963917814443505,0.9908097453192576,0.9353148340438766
7,8,11,shift_reuse,0.045997636786462154,0.04092639312148094,0.0809051401913166,0.18775467849147973,0.7326855973831631,0.13963917814443505,0.9908097453192576,0.9353148340438766
7,8,11,shift_toeplitz_r2,0.04602872980025568,0.041143257170915604,0.07921947315335273,0.1831023694247773,0.7326855973831631,0.13963917814443505,0.9908097453192576,0.9353148340438766
7,8,11,shift_circular_r2,0.04606265638417161,0.04117344692349434,0.07910418845713138,0.18278506709829773,0.7326855973831631,0.13963917814443505,0.9908097453192576,0.9353148340438766
7,8,11,shift_rank8_feature,0.0454306458266586,0.04164506867527962,0.07402652949094772,0.14891709317439095,0.7326855973831631,0.13963917814443505,0.9908097453192576,0.9353148340438766
7,8,11,shift_rank8_prev_flow,0.024519367909331097,0.02163330279290676,0.04133331272751093,0.0977729230666595,0.7326855973831631,0.13963917814443505,0.9908097453192576,0.9353148340438766
7,8,11,shift_rank8_oracle,0.024345928132441116,0.02144590951502323,0.04043971262872219,0.09707378130121924,0.7326855973831631,0.13963917814443505,0.9908097453192576,0.9353148340438766
7,8,11,flow_reuse,0.015693019730381022,0.015632910653948784,0.01971624521538615,0.10778304684186013,0.7326855973831631,0.13963917814443505,0.9908097453192576,0.9353148340438766
7,8,11,flow_toeplitz_r2,0.011400264343997149,0.011244316585361958,0.015535115357488393,0.06117128022100623,0.7326855973831631,0.13963917814443505,0.9908097453192576,0.9353148340438766
7,8,11,flow_rank8_oracle,0.007336864585144538,0.006753594148904085,0.012482305755838752,0.027412764284653016,0.7326855973831631,0.13963917814443505,0.9908097453192576,0.9353148340438766
0,9,0,raw_reuse,0.9909695989887453,1.003456950187683,1.4678435564041137,0.20764894017939417,0.922340632702137,0.9252926643582824,0.995734160881058,0.32593774975018497
0,9,0,shift_reuse,0.24764992553903706,0.24946229159832,0.39736585766077037,0.12441932742533619,0.922340632702137,0.9252926643582824,0.995734160881058,0.32593774975018497
0,9,0,shift_toeplitz_r2,0.12497034933630001,0.12839409708976746,0.22293359488248823,0.0821296185117938,0.922340632702137,0.9252926643582824,0.995734160881058,0.32593774975018497
0,9,0,shift_circular_r2,0.12387538810989021,0.1273173838853836,0.22000261321663855,0.08101878595605745,0.922340632702137,0.9252926643582824,0.995734160881058,0.32593774975018497
0,9,0,shift_rank8_feature,0.0728995508263825,0.074736587703228,0.12024892829358577,0.037330743089903584,0.922340632702137,0.9252926643582824,0.995734160881058,0.32593774975018497
0,9,0,shift_rank8_prev_flow,0.06503205781087533,0.06603195518255234,0.1019976858049631,0.034829721867313077,0.922340632702137,0.9252926643582824,0.995734160881058,0.32593774975018497
0,9,0,shift_rank8_oracle,0.06516938585239558,0.0662325844168663,0.1023118682205677,0.03467246938242638,0.922340632702137,0.9252926643582824,0.995734160881058,0.32593774975018497
0,9,0,flow_reuse,0.36099435850972883,0.37235507369041443,0.5270108133554459,0.07225417475568002,0.922340632702137,0.9252926643582824,0.995734160881058,0.32593774975018497
0,9,0,flow_toeplitz_r2,0.21856240671887223,0.22602970898151398,0.31494102030992505,0.05943880064017533,0.922340632702137,0.9252926643582824,0.995734160881058,0.32593774975018497
0,9,0,flow_rank8_oracle,0.2824184859067106,0.2896758019924164,0.44400028735399244,0.059321612557947,0.922340632702137,0.9252926643582824,0.995734160881058,0.32593774975018497
1,9,0,raw_reuse,0.21104591864440797,0.20067580044269562,0.3211012721061707,0.20709431111721513,0.7695894746189522,0.9032299403598927,0.992250420825673,0.2627267180234514
1,9,0,shift_reuse,0.05358104193687121,0.05484454706311226,0.08706109263002872,0.14068226528929448,0.7695894746189522,0.9032299403598927,0.992250420825673,0.2627267180234514
1,9,0,shift_toeplitz_r2,0.039842163561409655,0.041458860039711,0.06919194869697094,0.10607937545880093,0.7695894746189522,0.9032299403598927,0.992250420825673,0.2627267180234514
1,9,0,shift_circular_r2,0.03993018056395835,0.04154786840081215,0.06950382366776467,0.10620568879630338,0.7695894746189522,0.9032299403598927,0.992250420825673,0.2627267180234514
1,9,0,shift_rank8_feature,0.029870117028798503,0.02987425960600376,0.05708515904843806,0.07155308900390259,0.7695894746189522,0.9032299403598927,0.992250420825673,0.2627267180234514
1,9,0,shift_rank8_prev_flow,0.027396496001116624,0.02778463065624237,0.052010447345674025,0.0678600743175507,0.7695894746189522,0.9032299403598927,0.992250420825673,0.2627267180234514
1,9,0,shift_rank8_oracle,0.027256103630746,0.027651486918330193,0.05225113555788993,0.06752902975296364,0.7695894746189522,0.9032299403598927,0.992250420825673,0.2627267180234514
1,9,0,flow_reuse,0.07828540496735163,0.0757523849606514,0.11992102339863778,0.08239396845049643,0.7695894746189522,0.9032299403598927,0.992250420825673,0.2627267180234514
1,9,0,flow_toeplitz_r2,0.02805708781248191,0.02766422927379608,0.04216209240257739,0.06580479362783404,0.7695894746189522,0.9032299403598927,0.992250420825673,0.2627267180234514
1,9,0,flow_rank8_oracle,0.06690422505178709,0.06545597314834595,0.11404987573623657,0.07074726720295098,0.7695894746189522,0.9032299403598927,0.992250420825673,0.2627267180234514
2,9,0,raw_reuse,0.12803927628095815,0.12392637878656387,0.1833469308912754,0.24958856206110275,0.6084457163427317,0.8087093760502028,0.9928406366729409,0.4549224246143381
2,9,0,shift_reuse,0.03578664440352048,0.036344800144433975,0.06747619751840828,0.15333040541287696,0.6084457163427317,0.8087093760502028,0.9928406366729409,0.4549224246143381
2,9,0,shift_toeplitz_r2,0.0313769471072104,0.032374583184719086,0.061740947514772396,0.13369779564112366,0.6084457163427317,0.8087093760502028,0.9928406366729409,0.4549224246143381
2,9,0,shift_circular_r2,0.03141568188892721,0.03241780400276184,0.06165148913860319,0.1336225619571852,0.6084457163427317,0.8087093760502028,0.9928406366729409,0.4549224246143381
2,9,0,shift_rank8_feature,0.025016974204459183,0.025546127930283546,0.043299186043441296,0.10245377584372421,0.6084457163427317,0.8087093760502028,0.9928406366729409,0.4549224246143381
2,9,0,shift_rank8_prev_flow,0.022973406274904046,0.02347848378121853,0.04008309729397296,0.09619694722319176,0.6084457163427317,0.8087093760502028,0.9928406366729409,0.4549224246143381
2,9,0,shift_rank8_oracle,0.023185562217055856,0.02377614565193653,0.03979177288711071,0.09594542562093948,0.6084457163427317,0.8087093760502028,0.9928406366729409,0.4549224246143381
2,9,0,flow_reuse,0.04242843469701738,0.04238344728946686,0.05767872966825962,0.12539391258840424,0.6084457163427317,0.8087093760502028,0.9928406366729409,0.4549224246143381
2,9,0,flow_toeplitz_r2,0.025750567166603226,0.025469785556197166,0.033499646745622155,0.104230868265142,0.6084457163427317,0.8087093760502028,0.9928406366729409,0.4549224246143381
2,9,0,flow_rank8_oracle,0.03826877638844823,0.03933345898985863,0.05646584648638963,0.09257753465702614,0.6084457163427317,0.8087093760502028,0.9928406366729409,0.4549224246143381
3,9,0,raw_reuse,0.16793594134849343,0.1665569543838501,0.24748940169811248,0.22182561562725744,0.5335880469433378,0.6098362653661102,0.9897294804201695,0.48118331822678506
3,9,0,shift_reuse,0.04082895429960277,0.04140092805027962,0.06595137380063533,0.12950099803801912,0.5335880469433378,0.6098362653661102,0.9897294804201695,0.48118331822678506
3,9,0,shift_toeplitz_r2,0.03655040515486391,0.03711133822798729,0.05715879648923874,0.11991991828654965,0.5335880469433378,0.6098362653661102,0.9897294804201695,0.48118331822678506
3,9,0,shift_circular_r2,0.036567734462845336,0.037085551768541336,0.05724190343171358,0.11989731752318937,0.5335880469433378,0.6098362653661102,0.9897294804201695,0.48118331822678506
3,9,0,shift_rank8_feature,0.03206699105730688,0.03243413195014,0.058302467316389085,0.10107396245935207,0.5335880469433378,0.6098362653661102,0.9897294804201695,0.48118331822678506
3,9,0,shift_rank8_prev_flow,0.02727121714398923,0.02785549871623516,0.04552750270813702,0.08879743116021742,0.5335880469433378,0.6098362653661102,0.9897294804201695,0.48118331822678506
3,9,0,shift_rank8_oracle,0.027555703414668856,0.028130853548645973,0.046650491282343845,0.08844187707133018,0.5335880469433378,0.6098362653661102,0.9897294804201695,0.48118331822678506
3,9,0,flow_reuse,0.05133368813372735,0.05291537567973137,0.0771041192114353,0.11982075987273356,0.5335880469433378,0.6098362653661102,0.9897294804201695,0.48118331822678506
3,9,0,flow_toeplitz_r2,0.03734156875500723,0.03796568140387535,0.0638053273782134,0.10495514430392505,0.5335880469433378,0.6098362653661102,0.9897294804201695,0.48118331822678506
3,9,0,flow_rank8_oracle,0.04534982877670059,0.04705728217959404,0.0717803843319416,0.0863056117598001,0.5335880469433378,0.6098362653661102,0.9897294804201695,0.48118331822678506
4,9,0,raw_reuse,0.18856095582160248,0.1893901824951172,0.2627235636115074,0.2510572215102968,0.5398380180909617,0.5532651702041271,0.9901481311682065,0.5590159498631279
4,9,0,shift_reuse,0.05270152832456535,0.05239774286746979,0.08781233094632625,0.14102228151479437,0.5398380180909617,0.5532651702041271,0.9901481311682065,0.5590159498631279
4,9,0,shift_toeplitz_r2,0.04941303277183207,0.04874632880091667,0.0766880378127098,0.13155054878156155,0.5398380180909617,0.5532651702041271,0.9901481311682065,0.5590159498631279
4,9,0,shift_circular_r2,0.04927672617326195,0.048614468425512314,0.07659646682441233,0.1315490566777748,0.5398380180909617,0.5532651702041271,0.9901481311682065,0.5590159498631279
4,9,0,shift_rank8_feature,0.047082452181353894,0.0466773696243763,0.08152851946651934,0.1106184439294188,0.5398380180909617,0.5532651702041271,0.9901481311682065,0.5590159498631279
4,9,0,shift_rank8_prev_flow,0.03478472734402207,0.03516976162791252,0.05719177406281232,0.09601774145913651,0.5398380180909617,0.5532651702041271,0.9901481311682065,0.5590159498631279
4,9,0,shift_rank8_oracle,0.03445386308058505,0.03491503372788429,0.060152834095060816,0.09566281361483955,0.5398380180909617,0.5532651702041271,0.9901481311682065,0.5590159498631279
4,9,0,flow_reuse,0.05831605440372625,0.05886080861091614,0.09246850945055485,0.1307572875363975,0.5398380180909617,0.5532651702041271,0.9901481311682065,0.5590159498631279
4,9,0,flow_toeplitz_r2,0.04091222271313882,0.03943730518221855,0.07628519684076307,0.10658066897732246,0.5398380180909617,0.5532651702041271,0.9901481311682065,0.5590159498631279
4,9,0,flow_rank8_oracle,0.04671614801016771,0.04840825870633125,0.07140938155353069,0.08683150806746975,0.5398380180909617,0.5532651702041271,0.9901481311682065,0.5590159498631279
5,9,0,raw_reuse,0.21277669768812313,0.21494705975055695,0.3050452142953873,0.3350528183346393,0.5196122531697087,0.46771136137037983,0.9848587207478671,0.6541179648488983
5,9,0,shift_reuse,0.06344989071136456,0.06287761777639389,0.12349047176539897,0.16881572595474093,0.5196122531697087,0.46771136137037983,0.9848587207478671,0.6541179648488983
5,9,0,shift_toeplitz_r2,0.060751699527369,0.059923868626356125,0.10941730104386806,0.15998080269170856,0.5196122531697087,0.46771136137037983,0.9848587207478671,0.6541179648488983
5,9,0,shift_circular_r2,0.06059943728547452,0.05971786379814148,0.10902509689331054,0.15978292597323984,0.5196122531697087,0.46771136137037983,0.9848587207478671,0.6541179648488983
5,9,0,shift_rank8_feature,0.06127119452494979,0.06179491803050041,0.10915550515055655,0.1383066797320067,0.5196122531697087,0.46771136137037983,0.9848587207478671,0.6541179648488983
5,9,0,shift_rank8_prev_flow,0.045402261780801825,0.04529419168829918,0.07851835303008554,0.11766540593097144,0.5196122531697087,0.46771136137037983,0.9848587207478671,0.6541179648488983
5,9,0,shift_rank8_oracle,0.045789443093162976,0.045759737491607666,0.07527604848146437,0.11700619632284615,0.5196122531697087,0.46771136137037983,0.9848587207478671,0.6541179648488983
5,9,0,flow_reuse,0.06753520782566083,0.06753445416688919,0.10405054241418839,0.17315034465194673,0.5196122531697087,0.46771136137037983,0.9848587207478671,0.6541179648488983
5,9,0,flow_toeplitz_r2,0.05055243156959558,0.04907098785042763,0.07920009419322013,0.13538172725409525,0.5196122531697087,0.46771136137037983,0.9848587207478671,0.6541179648488983
5,9,0,flow_rank8_oracle,0.0467373741710341,0.04842928424477577,0.07417075149714947,0.1018327244656472,0.5196122531697087,0.46771136137037983,0.9848587207478671,0.6541179648488983
6,9,0,raw_reuse,0.17854767693517076,0.17606861889362335,0.2950739845633506,0.39930154474946067,0.5590238848818143,-0.21281196403989355,0.9756253999927775,0.5536585345679271
6,9,0,shift_reuse,0.07519040721234892,0.07297413796186447,0.1746776640415191,0.1921848576868357,0.5590238848818143,-0.21281196403989355,0.9756253999927775,0.5536585345679271
6,9,0,shift_toeplitz_r2,0.07261576899911676,0.06932336091995239,0.17228991016745562,0.18650007143363642,0.5590238848818143,-0.21281196403989355,0.9756253999927775,0.5536585345679271
6,9,0,shift_circular_r2,0.07254112361336969,0.0691947415471077,0.17169136628508563,0.18667808610003425,0.5590238848818143,-0.21281196403989355,0.9756253999927775,0.5536585345679271
6,9,0,shift_rank8_feature,0.09871431520209875,0.09543638676404953,0.18028060346841812,0.18076203393674964,0.5590238848818143,-0.21281196403989355,0.9756253999927775,0.5536585345679271
6,9,0,shift_rank8_prev_flow,0.04319622358388198,0.043598007410764694,0.07152920663356781,0.1289062104223673,0.5590238848818143,-0.21281196403989355,0.9756253999927775,0.5536585345679271
6,9,0,shift_rank8_oracle,0.04484661602802696,0.04488895460963249,0.07916465885937213,0.12762233903810125,0.5590238848818143,-0.21281196403989355,0.9756253999927775,0.5536585345679271
6,9,0,flow_reuse,0.06976244016329188,0.06343007832765579,0.11714526750147339,0.17345239751157948,0.5590238848818143,-0.21281196403989355,0.9756253999927775,0.5536585345679271
6,9,0,flow_toeplitz_r2,0.05836186884175255,0.0498165488243103,0.10429987348616121,0.15301767454332071,0.5590238848818143,-0.21281196403989355,0.9756253999927775,0.5536585345679271
6,9,0,flow_rank8_oracle,0.04223551966611103,0.04192705079913139,0.0739917192608118,0.1158814412111369,0.5590238848818143,-0.21281196403989355,0.9756253999927775,0.5536585345679271
7,9,0,raw_reuse,0.21970673021650183,0.18270862102508545,0.5065937831997871,0.34582809693144567,0.6921483663176476,0.20671199610631974,0.9545976466636031,0.7500788072293209
7,9,0,shift_reuse,0.09303201846450715,0.09280522912740707,0.16526779681444168,0.165668379249128,0.6921483663176476,0.20671199610631974,0.9545976466636031,0.7500788072293209
7,9,0,shift_toeplitz_r2,0.09080160332345157,0.09063629060983658,0.15913737565279004,0.1448489049097001,0.6921483663176476,0.20671199610631974,0.9545976466636031,0.7500788072293209
7,9,0,shift_circular_r2,0.09090723141134725,0.09075803309679031,0.15928832218050953,0.1451622761683629,0.6921483663176476,0.20671199610631974,0.9545976466636031,0.7500788072293209
7,9,0,shift_rank8_feature,0.08940530682070837,0.09151482582092285,0.16583077087998388,0.12507561658500224,0.6921483663176476,0.20671199610631974,0.9545976466636031,0.7500788072293209
7,9,0,shift_rank8_prev_flow,0.05639966732851598,0.05589212477207184,0.10584073178470133,0.0941332529965616,0.6921483663176476,0.20671199610631974,0.9545976466636031,0.7500788072293209
7,9,0,shift_rank8_oracle,0.05529786659696052,0.0547201931476593,0.10590963065624236,0.09192007178117811,0.6921483663176476,0.20671199610631974,0.9545976466636031,0.7500788072293209
7,9,0,flow_reuse,0.08781482728891382,0.08214616030454636,0.15652880296111105,0.1808237987255618,0.6921483663176476,0.20671199610631974,0.9545976466636031,0.7500788072293209
7,9,0,flow_toeplitz_r2,0.08034082996036858,0.07439904659986496,0.14532096609473227,0.16509550681881455,0.6921483663176476,0.20671199610631974,0.9545976466636031,0.7500788072293209
7,9,0,flow_rank8_oracle,0.061675416963895786,0.059052255004644394,0.09521777220070363,0.09039764801701049,0.6921483663176476,0.20671199610631974,0.9545976466636031,0.7500788072293209
