rank,explained_energy_ratio,training_relative_reconstruction_error,codec_parameter_bytes,training_tokens,codec_sha256
64,0.9765433669090271,0.10235278308391571,532480,12800,f9a33bb4f9dc0f0da4807699f60af9a8e23532074d5869529d0180233cef433a
128,0.987467348575592,0.07480495423078537,1056768,12800,2ac1d7c45c64feea749cd5b9992ca50bebc53b6ba73e6222515e5fa8f877d29f
256,0.994410514831543,0.04994999244809151,2105344,12800,39f7623b3ae95db93403ef00c63589d901a2d9011dd4a23b8fc185d76d20012f
512,0.9979943037033081,0.029922569170594215,4202496,12800,c582ab588ff44e47ad60ac8fcf97d6bdfbe04a9e7ad899589c538c22773771be
