{
  "generator_entropy": 6.883856392219229,
  "delta_entropy": 1.5220352982214767,
  "generator_summary": {
    "mean": 0.00010409029346192256,
    "median": 9.815888915909454e-05,
    "std": 0.06219484284520149,
    "max_abs": 0.28118428587913513
  },
  "delta_summary": {
    "mean": -0.0008125813328661025,
    "median": -0.029401617124676704,
    "std": 0.029889235273003578,
    "max_abs": 0.029998915269970894
  },
  "threshold_sparsity": {
    "0.001": 1.3563368156610522e-05,
    "0.01": 0.00032552084303461015,
    "0.05": 1.0
  },
  "quantization_mse": {
    "int8": 1.4184569074870979e-09,
    "int4": 4.4832958678853174e-08,
    "int2": 3.461340440935601e-07
  },
  "estimated_compressed_bits": {
    "fp16_base_int4_delta": 2949120,
    "entropy_delta": 2583729.236934546
  }
}