split,sample_id,cell,layer,sampling_step,method,density,head,tile_index,query_start,family,generators,oracle_access,residual_sq,reference_sq,output_relative_l2,critical_output_relative_l2,adaptive_output_relative_l2,subspace_overlap,selected_attention_mass_mean,dynamic_scalars,dynamic_scalar_ratio_to_rank_basis,rotation_macs,tail_macs,dense_attention_macs,extra_work_ratio,record_quality_gate
seed_holdout,s02_p00_seed20260741,layer00_step00_capacity_control,0,0,contribution_norm,0.25,0,0,0,frozen,0,source_only,0.28703557156913445,388.6896057128906,0.027174802539712332,0.17646869188574194,0.0010206466646310497,0.7329876980829286,0.663489043712616,0,0.0,0,262144,536739840,0.0004884004884004884,False
seed_holdout,s02_p00_seed20260741,layer00_step00_capacity_control,0,0,contribution_norm,0.25,0,0,0,adaptive,0,heldout_defect_posthoc,0.0004049047191476752,388.6896057128906,0.00102064557204428,0.17646869188574194,0.0010206466646310497,1.0,0.663489043712616,2048,1.0,524288,262144,536739840,0.0014652014652014652,True
seed_holdout,s02_p00_seed20260741,layer00_step00_capacity_control,0,0,contribution_norm,0.25,0,0,0,full_procrustes,128,heldout_defect_posthoc,0.0004049047191476752,388.6896057128906,0.00102064557204428,0.17646869188574194,0.0010206466646310497,1.0,0.663489043712616,2048,1.0,524288,262144,536739840,0.0014652014652014652,True
seed_holdout,s02_p00_seed20260741,layer00_step00_capacity_control,0,0,contribution_norm,0.25,0,1,16320,frozen,0,source_only,0.47584012471793463,344.428466796875,0.037169011484312946,0.22356461079704867,0.0012622401886348653,0.7316007391841376,0.5537364482879639,0,0.0,0,262144,536739840,0.0004884004884004884,False
seed_holdout,s02_p00_seed20260741,layer00_step00_capacity_control,0,0,contribution_norm,0.25,0,1,16320,adaptive,0,heldout_defect_posthoc,0.000548759635896011,344.428466796875,0.0012622389005155583,0.22356461079704867,0.0012622401886348653,1.0,0.5537364482879639,2048,1.0,524288,262144,536739840,0.0014652014652014652,True
seed_holdout,s02_p00_seed20260741,layer00_step00_capacity_control,0,0,contribution_norm,0.25,0,1,16320,full_procrustes,128,heldout_defect_posthoc,0.000548759635896011,344.428466796875,0.0012622389005155583,0.22356461079704867,0.0012622401886348653,1.0,0.5537364482879639,2048,1.0,524288,262144,536739840,0.0014652014652014652,True
seed_holdout,s02_p00_seed20260741,layer00_step00_capacity_control,0,0,contribution_norm,0.25,0,2,32640,frozen,0,source_only,0.5914618697356011,536.2006225585938,0.033212358641538944,0.13407958098495018,0.0010995239082382297,0.7256384402819237,0.6264646053314209,0,0.0,0,262144,536739840,0.0004884004884004884,False
seed_holdout,s02_p00_seed20260741,layer00_step00_capacity_control,0,0,contribution_norm,0.25,0,2,32640,adaptive,0,heldout_defect_posthoc,0.0006482405538800271,536.2006225585938,0.00109952331168425,0.13407958098495018,0.0010995239082382297,1.0000000000000002,0.6264646053314209,2048,1.0,524288,262144,536739840,0.0014652014652014652,True
seed_holdout,s02_p00_seed20260741,layer00_step00_capacity_control,0,0,contribution_norm,0.25,0,2,32640,full_procrustes,128,heldout_defect_posthoc,0.0006482405538800271,536.2006225585938,0.00109952331168425,0.13407958098495018,0.0010995239082382297,1.0000000000000002,0.6264646053314209,2048,1.0,524288,262144,536739840,0.0014652014652014652,True
seed_holdout,s02_p00_seed20260741,layer00_step00_capacity_control,0,0,contribution_norm,0.25,1,0,0,frozen,0,source_only,0.23042057842231967,2353.151611328125,0.009895452914015328,0.021845710456908612,0.002302200417930722,0.6242964614989206,0.9558866024017334,0,0.0,0,262144,536739840,0.0004884004884004884,True
seed_holdout,s02_p00_seed20260741,layer00_step00_capacity_control,0,0,contribution_norm,0.25,1,0,0,adaptive,0,heldout_defect_posthoc,0.012472000681895634,2353.151611328125,0.0023022003114402862,0.021845710456908612,0.002302200417930722,0.9999999999999999,0.9558866024017334,2048,1.0,524288,262144,536739840,0.0014652014652014652,True
seed_holdout,s02_p00_seed20260741,layer00_step00_capacity_control,0,0,contribution_norm,0.25,1,0,0,full_procrustes,128,heldout_defect_posthoc,0.012472000681895634,2353.151611328125,0.0023022003114402862,0.021845710456908612,0.002302200417930722,0.9999999999999999,0.9558866024017334,2048,1.0,524288,262144,536739840,0.0014652014652014652,True
seed_holdout,s02_p00_seed20260741,layer00_step00_capacity_control,0,0,contribution_norm,0.25,1,1,16320,frozen,0,source_only,0.12901929804916276,2055.218017578125,0.007923159304955067,0.01695224592838672,0.0021667279667111393,0.6240711712366946,0.9480324983596802,0,0.0,0,262144,536739840,0.0004884004884004884,True
seed_holdout,s02_p00_seed20260741,layer00_step00_capacity_control,0,0,contribution_norm,0.25,1,1,16320,adaptive,0,heldout_defect_posthoc,0.009648652253538838,2055.218017578125,0.002166727911273939,0.01695224592838672,0.0021667279667111393,1.0000000000000002,0.9480324983596802,2048,1.0,524288,262144,536739840,0.0014652014652014652,True
seed_holdout,s02_p00_seed20260741,layer00_step00_capacity_control,0,0,contribution_norm,0.25,1,1,16320,full_procrustes,128,heldout_defect_posthoc,0.009648652253538838,2055.218017578125,0.002166727911273939,0.01695224592838672,0.0021667279667111393,1.0000000000000002,0.9480324983596802,2048,1.0,524288,262144,536739840,0.0014652014652014652,True
seed_holdout,s02_p00_seed20260741,layer00_step00_capacity_control,0,0,contribution_norm,0.25,1,2,32640,frozen,0,source_only,0.04210300117438111,2155.07568359375,0.004420030475639578,0.010287836006392485,0.0012419389383031242,0.6481430518863162,0.9752293825149536,0,0.0,0,262144,536739840,0.0004884004884004884,True
seed_holdout,s02_p00_seed20260741,layer00_step00_capacity_control,0,0,contribution_norm,0.25,1,2,32640,adaptive,0,heldout_defect_posthoc,0.0033240151328121446,2155.07568359375,0.001241938907283536,0.010287836006392485,0.0012419389383031242,1.0,0.9752293825149536,2048,1.0,524288,262144,536739840,0.0014652014652014652,True
seed_holdout,s02_p00_seed20260741,layer00_step00_capacity_control,0,0,contribution_norm,0.25,1,2,32640,full_procrustes,128,heldout_defect_posthoc,0.0033240151328121446,2155.07568359375,0.001241938907283536,0.010287836006392485,0.0012419389383031242,1.0,0.9752293825149536,2048,1.0,524288,262144,536739840,0.0014652014652014652,True
seed_holdout,s02_p00_seed20260741,layer00_step00_capacity_control,0,0,contribution_norm,0.25,2,0,0,frozen,0,source_only,1.2068572676674996,770.231689453125,0.039583779950957146,0.1649773400811363,0.0009263204411176379,0.6636799939377379,0.273404598236084,0,0.0,0,262144,536739840,0.0004884004884004884,False
seed_holdout,s02_p00_seed20260741,layer00_step00_capacity_control,0,0,contribution_norm,0.25,2,0,0,adaptive,0,heldout_defect_posthoc,0.0006609119370261354,770.231689453125,0.0009263201400881347,0.1649773400811363,0.0009263204411176379,0.9999999999999998,0.273404598236084,2048,1.0,524288,262144,536739840,0.0014652014652014652,True
seed_holdout,s02_p00_seed20260741,layer00_step00_capacity_control,0,0,contribution_norm,0.25,2,0,0,full_procrustes,128,heldout_defect_posthoc,0.0006609119370261354,770.231689453125,0.0009263201400881347,0.1649773400811363,0.0009263204411176379,0.9999999999999998,0.273404598236084,2048,1.0,524288,262144,536739840,0.0014652014652014652,True
seed_holdout,s02_p00_seed20260741,layer00_step00_capacity_control,0,0,contribution_norm,0.25,2,1,16320,frozen,0,source_only,1.4084374938781603,709.14404296875,0.044565784860987716,0.15382656750570203,0.0008294076391439059,0.6782467255429172,0.28458547592163086,0,0.0,0,262144,536739840,0.0004884004884004884,False
seed_holdout,s02_p00_seed20260741,layer00_step00_capacity_control,0,0,contribution_norm,0.25,2,1,16320,adaptive,0,heldout_defect_posthoc,0.0004878316184673101,709.14404296875,0.0008294070893530181,0.15382656750570203,0.0008294076391439059,1.0000000000000002,0.28458547592163086,2048,1.0,524288,262144,536739840,0.0014652014652014652,True
seed_holdout,s02_p00_seed20260741,layer00_step00_capacity_control,0,0,contribution_norm,0.25,2,1,16320,full_procrustes,128,heldout_defect_posthoc,0.0004878316184673101,709.14404296875,0.0008294070893530181,0.15382656750570203,0.0008294076391439059,1.0000000000000002,0.28458547592163086,2048,1.0,524288,262144,536739840,0.0014652014652014652,True
seed_holdout,s02_p00_seed20260741,layer00_step00_capacity_control,0,0,contribution_norm,0.25,2,2,32640,frozen,0,source_only,1.2673774798619082,751.9599609375,0.04105401480523124,0.18055975231345076,0.0010250918070830656,0.7119203887038643,0.3057299852371216,0,0.0,0,262144,536739840,0.0004884004884004884,False
seed_holdout,s02_p00_seed20260741,layer00_step00_capacity_control,0,0,contribution_norm,0.25,2,2,32640,adaptive,0,heldout_defect_posthoc,0.0007901684438995674,751.9599609375,0.0010250911463245212,0.18055975231345076,0.0010250918070830656,1.0,0.3057299852371216,2048,1.0,524288,262144,536739840,0.0014652014652014652,True
seed_holdout,s02_p00_seed20260741,layer00_step00_capacity_control,0,0,contribution_norm,0.25,2,2,32640,full_procrustes,128,heldout_defect_posthoc,0.0007901684438995674,751.9599609375,0.0010250911463245212,0.18055975231345076,0.0010250918070830656,1.0,0.3057299852371216,2048,1.0,524288,262144,536739840,0.0014652014652014652,True
seed_holdout,s02_p00_seed20260741,layer00_step00_capacity_control,0,0,contribution_norm,0.25,3,0,0,frozen,0,source_only,1.8952876374180398,491.4150695800781,0.06210310720198517,0.1854290461493185,0.0008488987430745153,0.576442423710728,0.2554953396320343,0,0.0,0,262144,536739840,0.0004884004884004884,False
seed_holdout,s02_p00_seed20260741,layer00_step00_capacity_control,0,0,contribution_norm,0.25,3,0,0,adaptive,0,heldout_defect_posthoc,0.00035412792710204496,491.4150695800781,0.0008488986706580683,0.1854290461493185,0.0008488987430745153,0.9999999999999997,0.2554953396320343,2048,1.0,524288,262144,536739840,0.0014652014652014652,True
seed_holdout,s02_p00_seed20260741,layer00_step00_capacity_control,0,0,contribution_norm,0.25,3,0,0,full_procrustes,128,heldout_defect_posthoc,0.00035412792710204496,491.4150695800781,0.0008488986706580683,0.1854290461493185,0.0008488987430745153,0.9999999999999997,0.2554953396320343,2048,1.0,524288,262144,536739840,0.0014652014652014652,True
seed_holdout,s02_p00_seed20260741,layer00_step00_capacity_control,0,0,contribution_norm,0.25,3,1,16320,frozen,0,source_only,0.5616761331771095,474.0145263671875,0.03442287656763831,0.26334462365154226,0.0007993376312727456,0.5999469397638832,0.2585747241973877,0,0.0,0,262144,536739840,0.0004884004884004884,False
seed_holdout,s02_p00_seed20260741,layer00_step00_capacity_control,0,0,contribution_norm,0.25,3,1,16320,adaptive,0,heldout_defect_posthoc,0.0003028670757575136,474.0145263671875,0.0007993375346169057,0.26334462365154226,0.0007993376312727456,1.0000000000000002,0.2585747241973877,2048,1.0,524288,262144,536739840,0.0014652014652014652,True
seed_holdout,s02_p00_seed20260741,layer00_step00_capacity_control,0,0,contribution_norm,0.25,3,1,16320,full_procrustes,128,heldout_defect_posthoc,0.0003028670757575136,474.0145263671875,0.0007993375346169057,0.26334462365154226,0.0007993376312727456,1.0000000000000002,0.2585747241973877,2048,1.0,524288,262144,536739840,0.0014652014652014652,True
seed_holdout,s02_p00_seed20260741,layer00_step00_capacity_control,0,0,contribution_norm,0.25,3,2,32640,frozen,0,source_only,1.6870189317789843,478.401611328125,0.059383208808490254,0.28824290127377095,0.0009587431995693785,0.6340467871795854,0.262124627828598,0,0.0,0,262144,536739840,0.0004884004884004884,False
seed_holdout,s02_p00_seed20260741,layer00_step00_capacity_control,0,0,contribution_norm,0.25,3,2,32640,adaptive,0,heldout_defect_posthoc,0.0004397413252330274,478.401611328125,0.0009587432593617002,0.28824290127377095,0.0009587431995693785,1.0,0.262124627828598,2048,1.0,524288,262144,536739840,0.0014652014652014652,True
seed_holdout,s02_p00_seed20260741,layer00_step00_capacity_control,0,0,contribution_norm,0.25,3,2,32640,full_procrustes,128,heldout_defect_posthoc,0.0004397413252330274,478.401611328125,0.0009587432593617002,0.28824290127377095,0.0009587431995693785,1.0,0.262124627828598,2048,1.0,524288,262144,536739840,0.0014652014652014652,True
seed_holdout,s02_p00_seed20260741,layer00_step00_capacity_control,0,0,contribution_norm,0.25,4,0,0,frozen,0,source_only,0.00010194181732312662,2815.7763671875,0.00019027297384150766,0.00034964563492244523,7.679950302235244e-05,0.6148961100835915,0.9996098875999451,0,0.0,0,262144,536739840,0.0004884004884004884,True
seed_holdout,s02_p00_seed20260741,layer00_step00_capacity_control,0,0,contribution_norm,0.25,4,0,0,adaptive,0,heldout_defect_posthoc,1.6607909254544055e-05,2815.7763671875,7.679950163113155e-05,0.00034964563492244523,7.679950302235244e-05,0.9999999999999999,0.9996098875999451,2048,1.0,524288,262144,536739840,0.0014652014652014652,True
seed_holdout,s02_p00_seed20260741,layer00_step00_capacity_control,0,0,contribution_norm,0.25,4,0,0,full_procrustes,128,heldout_defect_posthoc,1.6607909254544055e-05,2815.7763671875,7.679950163113155e-05,0.00034964563492244523,7.679950302235244e-05,0.9999999999999999,0.9996098875999451,2048,1.0,524288,262144,536739840,0.0014652014652014652,True
seed_holdout,s02_p00_seed20260741,layer00_step00_capacity_control,0,0,contribution_norm,0.25,4,1,16320,frozen,0,source_only,0.00014032406847346355,1943.997802734375,0.00026866939606571763,0.0005976582867834418,9.078044198604376e-05,0.6395813198499636,0.9994662404060364,0,0.0,0,262144,536739840,0.0004884004884004884,True
seed_holdout,s02_p00_seed20260741,layer00_step00_capacity_control,0,0,contribution_norm,0.25,4,1,16320,adaptive,0,heldout_defect_posthoc,1.6020657703472575e-05,1943.997802734375,9.07804405161994e-05,0.0005976582867834418,9.078044198604376e-05,1.0000000000000004,0.9994662404060364,2048,1.0,524288,262144,536739840,0.0014652014652014652,True
seed_holdout,s02_p00_seed20260741,layer00_step00_capacity_control,0,0,contribution_norm,0.25,4,1,16320,full_procrustes,128,heldout_defect_posthoc,1.6020657703472575e-05,1943.997802734375,9.07804405161994e-05,0.0005976582867834418,9.078044198604376e-05,1.0000000000000004,0.9994662404060364,2048,1.0,524288,262144,536739840,0.0014652014652014652,True
seed_holdout,s02_p00_seed20260741,layer00_step00_capacity_control,0,0,contribution_norm,0.25,4,2,32640,frozen,0,source_only,5.2176650033275955e-05,3189.43408203125,0.00012790316185164345,0.00026490208069764715,5.6044433821736036e-05,0.6619200930422438,0.9997332096099854,0,0.0,0,262144,536739840,0.0004884004884004884,True
seed_holdout,s02_p00_seed20260741,layer00_step00_capacity_control,0,0,contribution_norm,0.25,4,2,32640,adaptive,0,heldout_defect_posthoc,1.00179443598101e-05,3189.43408203125,5.604443461045023e-05,0.00026490208069764715,5.6044433821736036e-05,1.0,0.9997332096099854,2048,1.0,524288,262144,536739840,0.0014652014652014652,True
seed_holdout,s02_p00_seed20260741,layer00_step00_capacity_control,0,0,contribution_norm,0.25,4,2,32640,full_procrustes,128,heldout_defect_posthoc,1.00179443598101e-05,3189.43408203125,5.604443461045023e-05,0.00026490208069764715,5.6044433821736036e-05,1.0,0.9997332096099854,2048,1.0,524288,262144,536739840,0.0014652014652014652,True
seed_holdout,s02_p00_seed20260741,layer00_step00_capacity_control,0,0,contribution_norm,0.25,5,0,0,frozen,0,source_only,8.3350334147876e-05,1878.9102783203125,0.00021062050587234926,0.0004381234936638085,4.809573699382492e-05,0.623040656110742,0.9993915557861328,0,0.0,0,262144,536739840,0.0004884004884004884,True
seed_holdout,s02_p00_seed20260741,layer00_step00_capacity_control,0,0,contribution_norm,0.25,5,0,0,adaptive,0,heldout_defect_posthoc,4.346294537565267e-06,1878.9102783203125,4.80957338828826e-05,0.0004381234936638085,4.809573699382492e-05,1.0,0.9993915557861328,2048,1.0,524288,262144,536739840,0.0014652014652014652,True
seed_holdout,s02_p00_seed20260741,layer00_step00_capacity_control,0,0,contribution_norm,0.25,5,0,0,full_procrustes,128,heldout_defect_posthoc,4.346294537565267e-06,1878.9102783203125,4.80957338828826e-05,0.0004381234936638085,4.809573699382492e-05,1.0,0.9993915557861328,2048,1.0,524288,262144,536739840,0.0014652014652014652,True
seed_holdout,s02_p00_seed20260741,layer00_step00_capacity_control,0,0,contribution_norm,0.25,5,1,16320,frozen,0,source_only,2.7777738020120475e-05,1599.7435302734375,0.00013177203640900913,0.00023733110788454407,1.6262557163536127e-05,0.6366009386956116,0.9997272491455078,0,0.0,0,262144,536739840,0.0004884004884004884,True
seed_holdout,s02_p00_seed20260741,layer00_step00_capacity_control,0,0,contribution_norm,0.25,5,1,16320,adaptive,0,heldout_defect_posthoc,4.2308531567788646e-07,1599.7435302734375,1.626255561885016e-05,0.00023733110788454407,1.6262557163536127e-05,0.9999999999999999,0.9997272491455078,2048,1.0,524288,262144,536739840,0.0014652014652014652,True
seed_holdout,s02_p00_seed20260741,layer00_step00_capacity_control,0,0,contribution_norm,0.25,5,1,16320,full_procrustes,128,heldout_defect_posthoc,4.2308531567788646e-07,1599.7435302734375,1.626255561885016e-05,0.00023733110788454407,1.6262557163536127e-05,0.9999999999999999,0.9997272491455078,2048,1.0,524288,262144,536739840,0.0014652014652014652,True
seed_holdout,s02_p00_seed20260741,layer00_step00_capacity_control,0,0,contribution_norm,0.25,5,2,32640,frozen,0,source_only,0.00011258596143724913,2295.74853515625,0.00022145218132999433,0.0004695314440732494,4.3123656470289675e-05,0.6352692876374831,0.9994580745697021,0,0.0,0,262144,536739840,0.0004884004884004884,True
seed_holdout,s02_p00_seed20260741,layer00_step00_capacity_control,0,0,contribution_norm,0.25,5,2,32640,adaptive,0,heldout_defect_posthoc,4.269287557037578e-06,2295.74853515625,4.312365330676227e-05,0.0004695314440732494,4.3123656470289675e-05,0.9999999999999999,0.9994580745697021,2048,1.0,524288,262144,536739840,0.0014652014652014652,True
seed_holdout,s02_p00_seed20260741,layer00_step00_capacity_control,0,0,contribution_norm,0.25,5,2,32640,full_procrustes,128,heldout_defect_posthoc,4.269287557037578e-06,2295.74853515625,4.312365330676227e-05,0.0004695314440732494,4.3123656470289675e-05,0.9999999999999999,0.9994580745697021,2048,1.0,524288,262144,536739840,0.0014652014652014652,True
seed_holdout,s02_p00_seed20260741,layer00_step00_capacity_control,0,0,contribution_norm,0.25,6,0,0,frozen,0,source_only,0.009061787793317035,1570.54443359375,0.0024020488202037456,0.007973867397104368,0.0004610829180060514,0.7492542628214807,0.9814647436141968,0,0.0,0,262144,536739840,0.0004884004884004884,True
seed_holdout,s02_p00_seed20260741,layer00_step00_capacity_control,0,0,contribution_norm,0.25,6,0,0,adaptive,0,heldout_defect_posthoc,0.00033389364138479373,1570.54443359375,0.0004610828408552075,0.007973867397104368,0.0004610829180060514,1.0000000000000004,0.9814647436141968,2048,1.0,524288,262144,536739840,0.0014652014652014652,True
seed_holdout,s02_p00_seed20260741,layer00_step00_capacity_control,0,0,contribution_norm,0.25,6,0,0,full_procrustes,128,heldout_defect_posthoc,0.00033389364138479373,1570.54443359375,0.0004610828408552075,0.007973867397104368,0.0004610829180060514,1.0000000000000004,0.9814647436141968,2048,1.0,524288,262144,536739840,0.0014652014652014652,True
seed_holdout,s02_p00_seed20260741,layer00_step00_capacity_control,0,0,contribution_norm,0.25,6,1,16320,frozen,0,source_only,0.0023187108850730937,1511.251953125,0.00123866784238284,0.004861033497952341,0.00023475411169248978,0.7833522074879616,0.9873138666152954,0,0.0,0,262144,536739840,0.0004884004884004884,True
seed_holdout,s02_p00_seed20260741,layer00_step00_capacity_control,0,0,contribution_norm,0.25,6,1,16320,adaptive,0,heldout_defect_posthoc,8.328430479770082e-05,1511.251953125,0.00023475407777134622,0.004861033497952341,0.00023475411169248978,0.9999999999999999,0.9873138666152954,2048,1.0,524288,262144,536739840,0.0014652014652014652,True
seed_holdout,s02_p00_seed20260741,layer00_step00_capacity_control,0,0,contribution_norm,0.25,6,1,16320,full_procrustes,128,heldout_defect_posthoc,8.328430479770082e-05,1511.251953125,0.00023475407777134622,0.004861033497952341,0.00023475411169248978,0.9999999999999999,0.9873138666152954,2048,1.0,524288,262144,536739840,0.0014652014652014652,True
seed_holdout,s02_p00_seed20260741,layer00_step00_capacity_control,0,0,contribution_norm,0.25,6,2,32640,frozen,0,source_only,0.003781446776299046,1555.29052734375,0.0015592768552901081,0.005477264132935448,0.0003387510261007264,0.7816298219769432,0.9838204979896545,0,0.0,0,262144,536739840,0.0004884004884004884,True
seed_holdout,s02_p00_seed20260741,layer00_step00_capacity_control,0,0,contribution_norm,0.25,6,2,32640,adaptive,0,heldout_defect_posthoc,0.00017847304890381433,1555.29052734375,0.0003387509782092179,0.005477264132935448,0.0003387510261007264,0.9999999999999998,0.9838204979896545,2048,1.0,524288,262144,536739840,0.0014652014652014652,True
seed_holdout,s02_p00_seed20260741,layer00_step00_capacity_control,0,0,contribution_norm,0.25,6,2,32640,full_procrustes,128,heldout_defect_posthoc,0.00017847304890381433,1555.29052734375,0.0003387509782092179,0.005477264132935448,0.0003387510261007264,0.9999999999999998,0.9838204979896545,2048,1.0,524288,262144,536739840,0.0014652014652014652,True
seed_holdout,s02_p00_seed20260741,layer00_step00_capacity_control,0,0,contribution_norm,0.25,7,0,0,frozen,0,source_only,0.0698669452628833,540.9581298828125,0.011364597309758246,0.019803384745831477,0.0016934268302193495,0.5687906533311209,0.9557783603668213,0,0.0,0,262144,536739840,0.0004884004884004884,False
seed_holdout,s02_p00_seed20260741,layer00_step00_capacity_control,0,0,contribution_norm,0.25,7,0,0,adaptive,0,heldout_defect_posthoc,0.001551302329241418,540.9581298828125,0.0016934266739481068,0.019803384745831477,0.0016934268302193495,1.0,0.9557783603668213,2048,1.0,524288,262144,536739840,0.0014652014652014652,True
seed_holdout,s02_p00_seed20260741,layer00_step00_capacity_control,0,0,contribution_norm,0.25,7,0,0,full_procrustes,128,heldout_defect_posthoc,0.001551302329241418,540.9581298828125,0.0016934266739481068,0.019803384745831477,0.0016934268302193495,1.0,0.9557783603668213,2048,1.0,524288,262144,536739840,0.0014652014652014652,True
seed_holdout,s02_p00_seed20260741,layer00_step00_capacity_control,0,0,contribution_norm,0.25,7,1,16320,frozen,0,source_only,0.06613501637236635,512.7139282226562,0.011357380473606807,0.026160382513450653,0.0017385767444211063,0.596205099182989,0.946686863899231,0,0.0,0,262144,536739840,0.0004884004884004884,False
seed_holdout,s02_p00_seed20260741,layer00_step00_capacity_control,0,0,contribution_norm,0.25,7,1,16320,adaptive,0,heldout_defect_posthoc,0.0015497539134022719,512.7139282226562,0.0017385765321854252,0.026160382513450653,0.0017385767444211063,0.9999999999999999,0.946686863899231,2048,1.0,524288,262144,536739840,0.0014652014652014652,True
seed_holdout,s02_p00_seed20260741,layer00_step00_capacity_control,0,0,contribution_norm,0.25,7,1,16320,full_procrustes,128,heldout_defect_posthoc,0.0015497539134022719,512.7139282226562,0.0017385765321854252,0.026160382513450653,0.0017385767444211063,0.9999999999999999,0.946686863899231,2048,1.0,524288,262144,536739840,0.0014652014652014652,True
seed_holdout,s02_p00_seed20260741,layer00_step00_capacity_control,0,0,contribution_norm,0.25,7,2,32640,frozen,0,source_only,0.3655709927659968,586.3121948242188,0.02497016432805538,0.05050893592210482,0.004008543678069952,0.5982818333049027,0.8750101327896118,0,0.0,0,262144,536739840,0.0004884004884004884,False
seed_holdout,s02_p00_seed20260741,layer00_step00_capacity_control,0,0,contribution_norm,0.25,7,2,32640,adaptive,0,heldout_defect_posthoc,0.009421110378283389,586.3121948242188,0.004008543329691168,0.05050893592210482,0.004008543678069952,1.0,0.8750101327896118,2048,1.0,524288,262144,536739840,0.0014652014652014652,True
seed_holdout,s02_p00_seed20260741,layer00_step00_capacity_control,0,0,contribution_norm,0.25,7,2,32640,full_procrustes,128,heldout_defect_posthoc,0.009421110378283389,586.3121948242188,0.004008543329691168,0.05050893592210482,0.004008543678069952,1.0,0.8750101327896118,2048,1.0,524288,262144,536739840,0.0014652014652014652,True
seed_holdout,s02_p00_seed20260741,layer00_step00_capacity_control,0,0,contribution_norm,0.25,8,0,0,frozen,0,source_only,1.1101031365562477,166.6895751953125,0.08160700604296156,0.23786320148805984,0.0016494403286302973,0.5328620034454825,0.2558361291885376,0,0.0,0,262144,536739840,0.0004884004884004884,False
seed_holdout,s02_p00_seed20260741,layer00_step00_capacity_control,0,0,contribution_norm,0.25,8,0,0,adaptive,0,heldout_defect_posthoc,0.0004535045970126133,166.6895751953125,0.0016494403975429517,0.23786320148805984,0.0016494403286302973,1.0000000000000002,0.2558361291885376,2048,1.0,524288,262144,536739840,0.0014652014652014652,True
seed_holdout,s02_p00_seed20260741,layer00_step00_capacity_control,0,0,contribution_norm,0.25,8,0,0,full_procrustes,128,heldout_defect_posthoc,0.0004535045970126133,166.6895751953125,0.0016494403975429517,0.23786320148805984,0.0016494403286302973,1.0000000000000002,0.2558361291885376,2048,1.0,524288,262144,536739840,0.0014652014652014652,True
seed_holdout,s02_p00_seed20260741,layer00_step00_capacity_control,0,0,contribution_norm,0.25,8,1,16320,frozen,0,source_only,0.8663960135077937,155.30596923828125,0.07469029048749296,0.5762878187233026,0.0018214961428033383,0.5893343059762938,0.26119139790534973,0,0.0,0,262144,536739840,0.0004884004884004884,False
seed_holdout,s02_p00_seed20260741,layer00_step00_capacity_control,0,0,contribution_norm,0.25,8,1,16320,adaptive,0,heldout_defect_posthoc,0.0005152812910171752,155.30596923828125,0.0018214955432803526,0.5762878187233026,0.0018214961428033383,0.9999999999999999,0.26119139790534973,2048,1.0,524288,262144,536739840,0.0014652014652014652,True
seed_holdout,s02_p00_seed20260741,layer00_step00_capacity_control,0,0,contribution_norm,0.25,8,1,16320,full_procrustes,128,heldout_defect_posthoc,0.0005152812910171752,155.30596923828125,0.0018214955432803526,0.5762878187233026,0.0018214961428033383,0.9999999999999999,0.26119139790534973,2048,1.0,524288,262144,536739840,0.0014652014652014652,True
seed_holdout,s02_p00_seed20260741,layer00_step00_capacity_control,0,0,contribution_norm,0.25,8,2,32640,frozen,0,source_only,0.7676403366028794,175.60447692871094,0.0661166897487901,0.19005092838602247,0.0016235255567034414,0.5860012295324077,0.2613227367401123,0,0.0,0,262144,536739840,0.0004884004884004884,False
seed_holdout,s02_p00_seed20260741,layer00_step00_capacity_control,0,0,contribution_norm,0.25,8,2,32640,adaptive,0,heldout_defect_posthoc,0.0004628642093127401,175.60447692871094,0.001623525104059997,0.19005092838602247,0.0016235255567034414,0.9999999999999998,0.2613227367401123,2048,1.0,524288,262144,536739840,0.0014652014652014652,True
seed_holdout,s02_p00_seed20260741,layer00_step00_capacity_control,0,0,contribution_norm,0.25,8,2,32640,full_procrustes,128,heldout_defect_posthoc,0.0004628642093127401,175.60447692871094,0.001623525104059997,0.19005092838602247,0.0016235255567034414,0.9999999999999998,0.2613227367401123,2048,1.0,524288,262144,536739840,0.0014652014652014652,True
seed_holdout,s02_p00_seed20260741,layer00_step00_capacity_control,0,0,contribution_norm,0.25,9,0,0,frozen,0,source_only,0.6171754398250071,119.2624740600586,0.07193701457619416,0.36740495454917116,0.0028025173256886757,0.6299792822578412,0.3039551377296448,0,0.0,0,262144,536739840,0.0004884004884004884,False
seed_holdout,s02_p00_seed20260741,layer00_step00_capacity_control,0,0,contribution_norm,0.25,9,0,0,adaptive,0,heldout_defect_posthoc,0.0009366995996986597,119.2624740600586,0.002802517028544561,0.36740495454917116,0.0028025173256886757,1.0,0.3039551377296448,2048,1.0,524288,262144,536739840,0.0014652014652014652,True
seed_holdout,s02_p00_seed20260741,layer00_step00_capacity_control,0,0,contribution_norm,0.25,9,0,0,full_procrustes,128,heldout_defect_posthoc,0.0009366995996986597,119.2624740600586,0.002802517028544561,0.36740495454917116,0.0028025173256886757,1.0,0.3039551377296448,2048,1.0,524288,262144,536739840,0.0014652014652014652,True
seed_holdout,s02_p00_seed20260741,layer00_step00_capacity_control,0,0,contribution_norm,0.25,9,1,16320,frozen,0,source_only,0.7209428510816944,107.84619140625,0.08176134244471012,0.8779215905108317,0.0025581562807745336,0.6090508441380049,0.3584744334220886,0,0.0,0,262144,536739840,0.0004884004884004884,False
seed_holdout,s02_p00_seed20260741,layer00_step00_capacity_control,0,0,contribution_norm,0.25,9,1,16320,adaptive,0,heldout_defect_posthoc,0.0007057637401834821,107.84619140625,0.002558157412822825,0.8779215905108317,0.0025581562807745336,1.0,0.3584744334220886,2048,1.0,524288,262144,536739840,0.0014652014652014652,True
seed_holdout,s02_p00_seed20260741,layer00_step00_capacity_control,0,0,contribution_norm,0.25,9,1,16320,full_procrustes,128,heldout_defect_posthoc,0.0007057637401834821,107.84619140625,0.002558157412822825,0.8779215905108317,0.0025581562807745336,1.0,0.3584744334220886,2048,1.0,524288,262144,536739840,0.0014652014652014652,True
seed_holdout,s02_p00_seed20260741,layer00_step00_capacity_control,0,0,contribution_norm,0.25,9,2,32640,frozen,0,source_only,1.1269271493779642,329.8741455078125,0.05844855540964663,0.5923870658574488,0.0015168321005756354,0.6520112250166784,0.41863054037094116,0,0.0,0,262144,536739840,0.0004884004884004884,False
seed_holdout,s02_p00_seed20260741,layer00_step00_capacity_control,0,0,contribution_norm,0.25,9,2,32640,adaptive,0,heldout_defect_posthoc,0.0007589672006960514,329.8741455078125,0.0015168315900527176,0.5923870658574488,0.0015168321005756354,1.0,0.41863054037094116,2048,1.0,524288,262144,536739840,0.0014652014652014652,True
seed_holdout,s02_p00_seed20260741,layer00_step00_capacity_control,0,0,contribution_norm,0.25,9,2,32640,full_procrustes,128,heldout_defect_posthoc,0.0007589672006960514,329.8741455078125,0.0015168315900527176,0.5923870658574488,0.0015168321005756354,1.0,0.41863054037094116,2048,1.0,524288,262144,536739840,0.0014652014652014652,True
seed_holdout,s02_p00_seed20260741,layer00_step00_capacity_control,0,0,contribution_norm,0.25,10,0,0,frozen,0,source_only,0.40643429334930714,2827.51318359375,0.011989273105724936,0.04177849144927303,0.0004315072796550749,0.6795421922437395,0.581092119216919,0,0.0,0,262144,536739840,0.0004884004884004884,False
seed_holdout,s02_p00_seed20260741,layer00_step00_capacity_control,0,0,contribution_norm,0.25,10,0,0,adaptive,0,heldout_defect_posthoc,0.000526478497233032,2827.51318359375,0.00043150715348407097,0.04177849144927303,0.0004315072796550749,0.9999999999999998,0.581092119216919,2048,1.0,524288,262144,536739840,0.0014652014652014652,True
seed_holdout,s02_p00_seed20260741,layer00_step00_capacity_control,0,0,contribution_norm,0.25,10,0,0,full_procrustes,128,heldout_defect_posthoc,0.000526478497233032,2827.51318359375,0.00043150715348407097,0.04177849144927303,0.0004315072796550749,0.9999999999999998,0.581092119216919,2048,1.0,524288,262144,536739840,0.0014652014652014652,True
seed_holdout,s02_p00_seed20260741,layer00_step00_capacity_control,0,0,contribution_norm,0.25,10,1,16320,frozen,0,source_only,0.0725706651939338,514.0946044921875,0.011881165049415124,0.08198733845555041,0.00028620428502637265,0.7029160544636905,0.8849095106124878,0,0.0,0,262144,536739840,0.0004884004884004884,False
seed_holdout,s02_p00_seed20260741,layer00_step00_capacity_control,0,0,contribution_norm,0.25,10,1,16320,adaptive,0,heldout_defect_posthoc,4.211098286085755e-05,514.0946044921875,0.0002862043076270852,0.08198733845555041,0.00028620428502637265,1.0,0.8849095106124878,2048,1.0,524288,262144,536739840,0.0014652014652014652,True
seed_holdout,s02_p00_seed20260741,layer00_step00_capacity_control,0,0,contribution_norm,0.25,10,1,16320,full_procrustes,128,heldout_defect_posthoc,4.211098286085755e-05,514.0946044921875,0.0002862043076270852,0.08198733845555041,0.00028620428502637265,1.0,0.8849095106124878,2048,1.0,524288,262144,536739840,0.0014652014652014652,True
seed_holdout,s02_p00_seed20260741,layer00_step00_capacity_control,0,0,contribution_norm,0.25,10,2,32640,frozen,0,source_only,0.2415072994332396,644.2542724609375,0.01936138750469152,0.15311868645526558,0.0006351666891084752,0.7169407145704862,0.6999621391296387,0,0.0,0,262144,536739840,0.0004884004884004884,False
seed_holdout,s02_p00_seed20260741,layer00_step00_capacity_control,0,0,contribution_norm,0.25,10,2,32640,adaptive,0,heldout_defect_posthoc,0.00025991566777830574,644.2542724609375,0.0006351664879253345,0.15311868645526558,0.0006351666891084752,1.0,0.6999621391296387,2048,1.0,524288,262144,536739840,0.0014652014652014652,True
seed_holdout,s02_p00_seed20260741,layer00_step00_capacity_control,0,0,contribution_norm,0.25,10,2,32640,full_procrustes,128,heldout_defect_posthoc,0.00025991566777830574,644.2542724609375,0.0006351664879253345,0.15311868645526558,0.0006351666891084752,1.0,0.6999621391296387,2048,1.0,524288,262144,536739840,0.0014652014652014652,True
seed_holdout,s02_p00_seed20260741,layer00_step00_capacity_control,0,0,contribution_norm,0.25,11,0,0,frozen,0,source_only,0.001306336684445299,3948.7705078125,0.0005751705143823213,0.0011263735522961495,0.000281779291140392,0.65581193554844,0.9987006187438965,0,0.0,0,262144,536739840,0.0004884004884004884,True
seed_holdout,s02_p00_seed20260741,layer00_step00_capacity_control,0,0,contribution_norm,0.25,11,0,0,adaptive,0,heldout_defect_posthoc,0.00031353066741081066,3948.7705078125,0.0002817792872506612,0.0011263735522961495,0.000281779291140392,1.0,0.9987006187438965,2048,1.0,524288,262144,536739840,0.0014652014652014652,True
seed_holdout,s02_p00_seed20260741,layer00_step00_capacity_control,0,0,contribution_norm,0.25,11,0,0,full_procrustes,128,heldout_defect_posthoc,0.00031353066741081066,3948.7705078125,0.0002817792872506612,0.0011263735522961495,0.000281779291140392,1.0,0.9987006187438965,2048,1.0,524288,262144,536739840,0.0014652014652014652,True
seed_holdout,s02_p00_seed20260741,layer00_step00_capacity_control,0,0,contribution_norm,0.25,11,1,16320,frozen,0,source_only,0.0006890662011558039,3180.27880859375,0.0004654766246417103,0.0009161449218559082,0.00022127866398863593,0.6288547324138882,0.9989970922470093,0,0.0,0,262144,536739840,0.0004884004884004884,True
seed_holdout,s02_p00_seed20260741,layer00_step00_capacity_control,0,0,contribution_norm,0.25,11,1,16320,adaptive,0,heldout_defect_posthoc,0.000155719936330309,3180.27880859375,0.0002212786489139489,0.0009161449218559082,0.00022127866398863593,0.9999999999999998,0.9989970922470093,2048,1.0,524288,262144,536739840,0.0014652014652014652,True
seed_holdout,s02_p00_seed20260741,layer00_step00_capacity_control,0,0,contribution_norm,0.25,11,1,16320,full_procrustes,128,heldout_defect_posthoc,0.000155719936330309,3180.27880859375,0.0002212786489139489,0.0009161449218559082,0.00022127866398863593,0.9999999999999998,0.9989970922470093,2048,1.0,524288,262144,536739840,0.0014652014652014652,True
seed_holdout,s02_p00_seed20260741,layer00_step00_capacity_control,0,0,contribution_norm,0.25,11,2,32640,frozen,0,source_only,0.002613399567568946,5498.32958984375,0.0006894257856738141,0.0013114819135195532,0.0003675016401845961,0.6829526928765972,0.9985538125038147,0,0.0,0,262144,536739840,0.0004884004884004884,True
seed_holdout,s02_p00_seed20260741,layer00_step00_capacity_control,0,0,contribution_norm,0.25,11,2,32640,adaptive,0,heldout_defect_posthoc,0.0007425903432566462,5498.32958984375,0.00036750162512530363,0.0013114819135195532,0.0003675016401845961,0.9999999999999999,0.9985538125038147,2048,1.0,524288,262144,536739840,0.0014652014652014652,True
seed_holdout,s02_p00_seed20260741,layer00_step00_capacity_control,0,0,contribution_norm,0.25,11,2,32640,full_procrustes,128,heldout_defect_posthoc,0.0007425903432566462,5498.32958984375,0.00036750162512530363,0.0013114819135195532,0.0003675016401845961,0.9999999999999999,0.9985538125038147,2048,1.0,524288,262144,536739840,0.0014652014652014652,True
seed_holdout,s03_p01_seed20260741,layer00_step00_capacity_control,0,0,contribution_norm,0.25,0,0,0,frozen,0,source_only,0.28703557156913445,388.6896057128906,0.027174802539712332,0.17646869188574194,0.0010206466646310497,0.7329876980829286,0.663489043712616,0,0.0,0,262144,536739840,0.0004884004884004884,False
seed_holdout,s03_p01_seed20260741,layer00_step00_capacity_control,0,0,contribution_norm,0.25,0,0,0,adaptive,0,heldout_defect_posthoc,0.0004049047191476752,388.6896057128906,0.00102064557204428,0.17646869188574194,0.0010206466646310497,1.0,0.663489043712616,2048,1.0,524288,262144,536739840,0.0014652014652014652,True
seed_holdout,s03_p01_seed20260741,layer00_step00_capacity_control,0,0,contribution_norm,0.25,0,0,0,full_procrustes,128,heldout_defect_posthoc,0.0004049047191476752,388.6896057128906,0.00102064557204428,0.17646869188574194,0.0010206466646310497,1.0,0.663489043712616,2048,1.0,524288,262144,536739840,0.0014652014652014652,True
seed_holdout,s03_p01_seed20260741,layer00_step00_capacity_control,0,0,contribution_norm,0.25,0,1,16320,frozen,0,source_only,0.47584012471793463,344.428466796875,0.037169011484312946,0.22356461079704867,0.0012622401886348653,0.7316007391841376,0.5537364482879639,0,0.0,0,262144,536739840,0.0004884004884004884,False
seed_holdout,s03_p01_seed20260741,layer00_step00_capacity_control,0,0,contribution_norm,0.25,0,1,16320,adaptive,0,heldout_defect_posthoc,0.000548759635896011,344.428466796875,0.0012622389005155583,0.22356461079704867,0.0012622401886348653,1.0,0.5537364482879639,2048,1.0,524288,262144,536739840,0.0014652014652014652,True
seed_holdout,s03_p01_seed20260741,layer00_step00_capacity_control,0,0,contribution_norm,0.25,0,1,16320,full_procrustes,128,heldout_defect_posthoc,0.000548759635896011,344.428466796875,0.0012622389005155583,0.22356461079704867,0.0012622401886348653,1.0,0.5537364482879639,2048,1.0,524288,262144,536739840,0.0014652014652014652,True
seed_holdout,s03_p01_seed20260741,layer00_step00_capacity_control,0,0,contribution_norm,0.25,0,2,32640,frozen,0,source_only,0.5914618697356011,536.2006225585938,0.033212358641538944,0.13407958098495018,0.0010995239082382297,0.7256384402819237,0.6264646053314209,0,0.0,0,262144,536739840,0.0004884004884004884,False
seed_holdout,s03_p01_seed20260741,layer00_step00_capacity_control,0,0,contribution_norm,0.25,0,2,32640,adaptive,0,heldout_defect_posthoc,0.0006482405538800271,536.2006225585938,0.00109952331168425,0.13407958098495018,0.0010995239082382297,1.0000000000000002,0.6264646053314209,2048,1.0,524288,262144,536739840,0.0014652014652014652,True
seed_holdout,s03_p01_seed20260741,layer00_step00_capacity_control,0,0,contribution_norm,0.25,0,2,32640,full_procrustes,128,heldout_defect_posthoc,0.0006482405538800271,536.2006225585938,0.00109952331168425,0.13407958098495018,0.0010995239082382297,1.0000000000000002,0.6264646053314209,2048,1.0,524288,262144,536739840,0.0014652014652014652,True
seed_holdout,s03_p01_seed20260741,layer00_step00_capacity_control,0,0,contribution_norm,0.25,1,0,0,frozen,0,source_only,0.23042057842231967,2353.151611328125,0.009895452914015328,0.021845710456908612,0.002302200417930722,0.6242964614989206,0.9558866024017334,0,0.0,0,262144,536739840,0.0004884004884004884,True
seed_holdout,s03_p01_seed20260741,layer00_step00_capacity_control,0,0,contribution_norm,0.25,1,0,0,adaptive,0,heldout_defect_posthoc,0.012472000681895634,2353.151611328125,0.0023022003114402862,0.021845710456908612,0.002302200417930722,0.9999999999999999,0.9558866024017334,2048,1.0,524288,262144,536739840,0.0014652014652014652,True
seed_holdout,s03_p01_seed20260741,layer00_step00_capacity_control,0,0,contribution_norm,0.25,1,0,0,full_procrustes,128,heldout_defect_posthoc,0.012472000681895634,2353.151611328125,0.0023022003114402862,0.021845710456908612,0.002302200417930722,0.9999999999999999,0.9558866024017334,2048,1.0,524288,262144,536739840,0.0014652014652014652,True
seed_holdout,s03_p01_seed20260741,layer00_step00_capacity_control,0,0,contribution_norm,0.25,1,1,16320,frozen,0,source_only,0.12901929804916276,2055.218017578125,0.007923159304955067,0.01695224592838672,0.0021667279667111393,0.6240711712366946,0.9480324983596802,0,0.0,0,262144,536739840,0.0004884004884004884,True
seed_holdout,s03_p01_seed20260741,layer00_step00_capacity_control,0,0,contribution_norm,0.25,1,1,16320,adaptive,0,heldout_defect_posthoc,0.009648652253538838,2055.218017578125,0.002166727911273939,0.01695224592838672,0.0021667279667111393,1.0000000000000002,0.9480324983596802,2048,1.0,524288,262144,536739840,0.0014652014652014652,True
seed_holdout,s03_p01_seed20260741,layer00_step00_capacity_control,0,0,contribution_norm,0.25,1,1,16320,full_procrustes,128,heldout_defect_posthoc,0.009648652253538838,2055.218017578125,0.002166727911273939,0.01695224592838672,0.0021667279667111393,1.0000000000000002,0.9480324983596802,2048,1.0,524288,262144,536739840,0.0014652014652014652,True
seed_holdout,s03_p01_seed20260741,layer00_step00_capacity_control,0,0,contribution_norm,0.25,1,2,32640,frozen,0,source_only,0.04210300117438111,2155.07568359375,0.004420030475639578,0.010287836006392485,0.0012419389383031242,0.6481430518863162,0.9752293825149536,0,0.0,0,262144,536739840,0.0004884004884004884,True
seed_holdout,s03_p01_seed20260741,layer00_step00_capacity_control,0,0,contribution_norm,0.25,1,2,32640,adaptive,0,heldout_defect_posthoc,0.0033240151328121446,2155.07568359375,0.001241938907283536,0.010287836006392485,0.0012419389383031242,1.0,0.9752293825149536,2048,1.0,524288,262144,536739840,0.0014652014652014652,True
seed_holdout,s03_p01_seed20260741,layer00_step00_capacity_control,0,0,contribution_norm,0.25,1,2,32640,full_procrustes,128,heldout_defect_posthoc,0.0033240151328121446,2155.07568359375,0.001241938907283536,0.010287836006392485,0.0012419389383031242,1.0,0.9752293825149536,2048,1.0,524288,262144,536739840,0.0014652014652014652,True
seed_holdout,s03_p01_seed20260741,layer00_step00_capacity_control,0,0,contribution_norm,0.25,2,0,0,frozen,0,source_only,1.2068572676674996,770.231689453125,0.039583779950957146,0.1649773400811363,0.0009263204411176379,0.6636799939377379,0.273404598236084,0,0.0,0,262144,536739840,0.0004884004884004884,False
seed_holdout,s03_p01_seed20260741,layer00_step00_capacity_control,0,0,contribution_norm,0.25,2,0,0,adaptive,0,heldout_defect_posthoc,0.0006609119370261354,770.231689453125,0.0009263201400881347,0.1649773400811363,0.0009263204411176379,0.9999999999999998,0.273404598236084,2048,1.0,524288,262144,536739840,0.0014652014652014652,True
seed_holdout,s03_p01_seed20260741,layer00_step00_capacity_control,0,0,contribution_norm,0.25,2,0,0,full_procrustes,128,heldout_defect_posthoc,0.0006609119370261354,770.231689453125,0.0009263201400881347,0.1649773400811363,0.0009263204411176379,0.9999999999999998,0.273404598236084,2048,1.0,524288,262144,536739840,0.0014652014652014652,True
seed_holdout,s03_p01_seed20260741,layer00_step00_capacity_control,0,0,contribution_norm,0.25,2,1,16320,frozen,0,source_only,1.4084374938781603,709.14404296875,0.044565784860987716,0.15382656750570203,0.0008294076391439059,0.6782467255429172,0.28458547592163086,0,0.0,0,262144,536739840,0.0004884004884004884,False
seed_holdout,s03_p01_seed20260741,layer00_step00_capacity_control,0,0,contribution_norm,0.25,2,1,16320,adaptive,0,heldout_defect_posthoc,0.0004878316184673101,709.14404296875,0.0008294070893530181,0.15382656750570203,0.0008294076391439059,1.0000000000000002,0.28458547592163086,2048,1.0,524288,262144,536739840,0.0014652014652014652,True
seed_holdout,s03_p01_seed20260741,layer00_step00_capacity_control,0,0,contribution_norm,0.25,2,1,16320,full_procrustes,128,heldout_defect_posthoc,0.0004878316184673101,709.14404296875,0.0008294070893530181,0.15382656750570203,0.0008294076391439059,1.0000000000000002,0.28458547592163086,2048,1.0,524288,262144,536739840,0.0014652014652014652,True
seed_holdout,s03_p01_seed20260741,layer00_step00_capacity_control,0,0,contribution_norm,0.25,2,2,32640,frozen,0,source_only,1.2673774798619082,751.9599609375,0.04105401480523124,0.18055975231345076,0.0010250918070830656,0.7119203887038643,0.3057299852371216,0,0.0,0,262144,536739840,0.0004884004884004884,False
seed_holdout,s03_p01_seed20260741,layer00_step00_capacity_control,0,0,contribution_norm,0.25,2,2,32640,adaptive,0,heldout_defect_posthoc,0.0007901684438995674,751.9599609375,0.0010250911463245212,0.18055975231345076,0.0010250918070830656,1.0,0.3057299852371216,2048,1.0,524288,262144,536739840,0.0014652014652014652,True
seed_holdout,s03_p01_seed20260741,layer00_step00_capacity_control,0,0,contribution_norm,0.25,2,2,32640,full_procrustes,128,heldout_defect_posthoc,0.0007901684438995674,751.9599609375,0.0010250911463245212,0.18055975231345076,0.0010250918070830656,1.0,0.3057299852371216,2048,1.0,524288,262144,536739840,0.0014652014652014652,True
seed_holdout,s03_p01_seed20260741,layer00_step00_capacity_control,0,0,contribution_norm,0.25,3,0,0,frozen,0,source_only,1.8952876374180398,491.4150695800781,0.06210310720198517,0.1854290461493185,0.0008488987430745153,0.576442423710728,0.2554953396320343,0,0.0,0,262144,536739840,0.0004884004884004884,False
seed_holdout,s03_p01_seed20260741,layer00_step00_capacity_control,0,0,contribution_norm,0.25,3,0,0,adaptive,0,heldout_defect_posthoc,0.00035412792710204496,491.4150695800781,0.0008488986706580683,0.1854290461493185,0.0008488987430745153,0.9999999999999997,0.2554953396320343,2048,1.0,524288,262144,536739840,0.0014652014652014652,True
seed_holdout,s03_p01_seed20260741,layer00_step00_capacity_control,0,0,contribution_norm,0.25,3,0,0,full_procrustes,128,heldout_defect_posthoc,0.00035412792710204496,491.4150695800781,0.0008488986706580683,0.1854290461493185,0.0008488987430745153,0.9999999999999997,0.2554953396320343,2048,1.0,524288,262144,536739840,0.0014652014652014652,True
seed_holdout,s03_p01_seed20260741,layer00_step00_capacity_control,0,0,contribution_norm,0.25,3,1,16320,frozen,0,source_only,0.5616761331771095,474.0145263671875,0.03442287656763831,0.26334462365154226,0.0007993376312727456,0.5999469397638832,0.2585747241973877,0,0.0,0,262144,536739840,0.0004884004884004884,False
seed_holdout,s03_p01_seed20260741,layer00_step00_capacity_control,0,0,contribution_norm,0.25,3,1,16320,adaptive,0,heldout_defect_posthoc,0.0003028670757575136,474.0145263671875,0.0007993375346169057,0.26334462365154226,0.0007993376312727456,1.0000000000000002,0.2585747241973877,2048,1.0,524288,262144,536739840,0.0014652014652014652,True
seed_holdout,s03_p01_seed20260741,layer00_step00_capacity_control,0,0,contribution_norm,0.25,3,1,16320,full_procrustes,128,heldout_defect_posthoc,0.0003028670757575136,474.0145263671875,0.0007993375346169057,0.26334462365154226,0.0007993376312727456,1.0000000000000002,0.2585747241973877,2048,1.0,524288,262144,536739840,0.0014652014652014652,True
seed_holdout,s03_p01_seed20260741,layer00_step00_capacity_control,0,0,contribution_norm,0.25,3,2,32640,frozen,0,source_only,1.6870189317789843,478.401611328125,0.059383208808490254,0.28824290127377095,0.0009587431995693785,0.6340467871795854,0.262124627828598,0,0.0,0,262144,536739840,0.0004884004884004884,False
seed_holdout,s03_p01_seed20260741,layer00_step00_capacity_control,0,0,contribution_norm,0.25,3,2,32640,adaptive,0,heldout_defect_posthoc,0.0004397413252330274,478.401611328125,0.0009587432593617002,0.28824290127377095,0.0009587431995693785,1.0,0.262124627828598,2048,1.0,524288,262144,536739840,0.0014652014652014652,True
seed_holdout,s03_p01_seed20260741,layer00_step00_capacity_control,0,0,contribution_norm,0.25,3,2,32640,full_procrustes,128,heldout_defect_posthoc,0.0004397413252330274,478.401611328125,0.0009587432593617002,0.28824290127377095,0.0009587431995693785,1.0,0.262124627828598,2048,1.0,524288,262144,536739840,0.0014652014652014652,True
seed_holdout,s03_p01_seed20260741,layer00_step00_capacity_control,0,0,contribution_norm,0.25,4,0,0,frozen,0,source_only,0.00010194181732312662,2815.7763671875,0.00019027297384150766,0.00034964563492244523,7.679950302235244e-05,0.6148961100835915,0.9996098875999451,0,0.0,0,262144,536739840,0.0004884004884004884,True
seed_holdout,s03_p01_seed20260741,layer00_step00_capacity_control,0,0,contribution_norm,0.25,4,0,0,adaptive,0,heldout_defect_posthoc,1.6607909254544055e-05,2815.7763671875,7.679950163113155e-05,0.00034964563492244523,7.679950302235244e-05,0.9999999999999999,0.9996098875999451,2048,1.0,524288,262144,536739840,0.0014652014652014652,True
seed_holdout,s03_p01_seed20260741,layer00_step00_capacity_control,0,0,contribution_norm,0.25,4,0,0,full_procrustes,128,heldout_defect_posthoc,1.6607909254544055e-05,2815.7763671875,7.679950163113155e-05,0.00034964563492244523,7.679950302235244e-05,0.9999999999999999,0.9996098875999451,2048,1.0,524288,262144,536739840,0.0014652014652014652,True
seed_holdout,s03_p01_seed20260741,layer00_step00_capacity_control,0,0,contribution_norm,0.25,4,1,16320,frozen,0,source_only,0.00014032406847346355,1943.997802734375,0.00026866939606571763,0.0005976582867834418,9.078044198604376e-05,0.6395813198499636,0.9994662404060364,0,0.0,0,262144,536739840,0.0004884004884004884,True
seed_holdout,s03_p01_seed20260741,layer00_step00_capacity_control,0,0,contribution_norm,0.25,4,1,16320,adaptive,0,heldout_defect_posthoc,1.6020657703472575e-05,1943.997802734375,9.07804405161994e-05,0.0005976582867834418,9.078044198604376e-05,1.0000000000000004,0.9994662404060364,2048,1.0,524288,262144,536739840,0.0014652014652014652,True
seed_holdout,s03_p01_seed20260741,layer00_step00_capacity_control,0,0,contribution_norm,0.25,4,1,16320,full_procrustes,128,heldout_defect_posthoc,1.6020657703472575e-05,1943.997802734375,9.07804405161994e-05,0.0005976582867834418,9.078044198604376e-05,1.0000000000000004,0.9994662404060364,2048,1.0,524288,262144,536739840,0.0014652014652014652,True
seed_holdout,s03_p01_seed20260741,layer00_step00_capacity_control,0,0,contribution_norm,0.25,4,2,32640,frozen,0,source_only,5.2176650033275955e-05,3189.43408203125,0.00012790316185164345,0.00026490208069764715,5.6044433821736036e-05,0.6619200930422438,0.9997332096099854,0,0.0,0,262144,536739840,0.0004884004884004884,True
seed_holdout,s03_p01_seed20260741,layer00_step00_capacity_control,0,0,contribution_norm,0.25,4,2,32640,adaptive,0,heldout_defect_posthoc,1.00179443598101e-05,3189.43408203125,5.604443461045023e-05,0.00026490208069764715,5.6044433821736036e-05,1.0,0.9997332096099854,2048,1.0,524288,262144,536739840,0.0014652014652014652,True
seed_holdout,s03_p01_seed20260741,layer00_step00_capacity_control,0,0,contribution_norm,0.25,4,2,32640,full_procrustes,128,heldout_defect_posthoc,1.00179443598101e-05,3189.43408203125,5.604443461045023e-05,0.00026490208069764715,5.6044433821736036e-05,1.0,0.9997332096099854,2048,1.0,524288,262144,536739840,0.0014652014652014652,True
seed_holdout,s03_p01_seed20260741,layer00_step00_capacity_control,0,0,contribution_norm,0.25,5,0,0,frozen,0,source_only,8.3350334147876e-05,1878.9102783203125,0.00021062050587234926,0.0004381234936638085,4.809573699382492e-05,0.623040656110742,0.9993915557861328,0,0.0,0,262144,536739840,0.0004884004884004884,True
seed_holdout,s03_p01_seed20260741,layer00_step00_capacity_control,0,0,contribution_norm,0.25,5,0,0,adaptive,0,heldout_defect_posthoc,4.346294537565267e-06,1878.9102783203125,4.80957338828826e-05,0.0004381234936638085,4.809573699382492e-05,1.0,0.9993915557861328,2048,1.0,524288,262144,536739840,0.0014652014652014652,True
seed_holdout,s03_p01_seed20260741,layer00_step00_capacity_control,0,0,contribution_norm,0.25,5,0,0,full_procrustes,128,heldout_defect_posthoc,4.346294537565267e-06,1878.9102783203125,4.80957338828826e-05,0.0004381234936638085,4.809573699382492e-05,1.0,0.9993915557861328,2048,1.0,524288,262144,536739840,0.0014652014652014652,True
seed_holdout,s03_p01_seed20260741,layer00_step00_capacity_control,0,0,contribution_norm,0.25,5,1,16320,frozen,0,source_only,2.7777738020120475e-05,1599.7435302734375,0.00013177203640900913,0.00023733110788454407,1.6262557163536127e-05,0.6366009386956116,0.9997272491455078,0,0.0,0,262144,536739840,0.0004884004884004884,True
seed_holdout,s03_p01_seed20260741,layer00_step00_capacity_control,0,0,contribution_norm,0.25,5,1,16320,adaptive,0,heldout_defect_posthoc,4.2308531567788646e-07,1599.7435302734375,1.626255561885016e-05,0.00023733110788454407,1.6262557163536127e-05,0.9999999999999999,0.9997272491455078,2048,1.0,524288,262144,536739840,0.0014652014652014652,True
seed_holdout,s03_p01_seed20260741,layer00_step00_capacity_control,0,0,contribution_norm,0.25,5,1,16320,full_procrustes,128,heldout_defect_posthoc,4.2308531567788646e-07,1599.7435302734375,1.626255561885016e-05,0.00023733110788454407,1.6262557163536127e-05,0.9999999999999999,0.9997272491455078,2048,1.0,524288,262144,536739840,0.0014652014652014652,True
seed_holdout,s03_p01_seed20260741,layer00_step00_capacity_control,0,0,contribution_norm,0.25,5,2,32640,frozen,0,source_only,0.00011258596143724913,2295.74853515625,0.00022145218132999433,0.0004695314440732494,4.3123656470289675e-05,0.6352692876374831,0.9994580745697021,0,0.0,0,262144,536739840,0.0004884004884004884,True
seed_holdout,s03_p01_seed20260741,layer00_step00_capacity_control,0,0,contribution_norm,0.25,5,2,32640,adaptive,0,heldout_defect_posthoc,4.269287557037578e-06,2295.74853515625,4.312365330676227e-05,0.0004695314440732494,4.3123656470289675e-05,0.9999999999999999,0.9994580745697021,2048,1.0,524288,262144,536739840,0.0014652014652014652,True
seed_holdout,s03_p01_seed20260741,layer00_step00_capacity_control,0,0,contribution_norm,0.25,5,2,32640,full_procrustes,128,heldout_defect_posthoc,4.269287557037578e-06,2295.74853515625,4.312365330676227e-05,0.0004695314440732494,4.3123656470289675e-05,0.9999999999999999,0.9994580745697021,2048,1.0,524288,262144,536739840,0.0014652014652014652,True
seed_holdout,s03_p01_seed20260741,layer00_step00_capacity_control,0,0,contribution_norm,0.25,6,0,0,frozen,0,source_only,0.009061787793317035,1570.54443359375,0.0024020488202037456,0.007973867397104368,0.0004610829180060514,0.7492542628214807,0.9814647436141968,0,0.0,0,262144,536739840,0.0004884004884004884,True
seed_holdout,s03_p01_seed20260741,layer00_step00_capacity_control,0,0,contribution_norm,0.25,6,0,0,adaptive,0,heldout_defect_posthoc,0.00033389364138479373,1570.54443359375,0.0004610828408552075,0.007973867397104368,0.0004610829180060514,1.0000000000000004,0.9814647436141968,2048,1.0,524288,262144,536739840,0.0014652014652014652,True
seed_holdout,s03_p01_seed20260741,layer00_step00_capacity_control,0,0,contribution_norm,0.25,6,0,0,full_procrustes,128,heldout_defect_posthoc,0.00033389364138479373,1570.54443359375,0.0004610828408552075,0.007973867397104368,0.0004610829180060514,1.0000000000000004,0.9814647436141968,2048,1.0,524288,262144,536739840,0.0014652014652014652,True
seed_holdout,s03_p01_seed20260741,layer00_step00_capacity_control,0,0,contribution_norm,0.25,6,1,16320,frozen,0,source_only,0.0023187108850730937,1511.251953125,0.00123866784238284,0.004861033497952341,0.00023475411169248978,0.7833522074879616,0.9873138666152954,0,0.0,0,262144,536739840,0.0004884004884004884,True
seed_holdout,s03_p01_seed20260741,layer00_step00_capacity_control,0,0,contribution_norm,0.25,6,1,16320,adaptive,0,heldout_defect_posthoc,8.328430479770082e-05,1511.251953125,0.00023475407777134622,0.004861033497952341,0.00023475411169248978,0.9999999999999999,0.9873138666152954,2048,1.0,524288,262144,536739840,0.0014652014652014652,True
seed_holdout,s03_p01_seed20260741,layer00_step00_capacity_control,0,0,contribution_norm,0.25,6,1,16320,full_procrustes,128,heldout_defect_posthoc,8.328430479770082e-05,1511.251953125,0.00023475407777134622,0.004861033497952341,0.00023475411169248978,0.9999999999999999,0.9873138666152954,2048,1.0,524288,262144,536739840,0.0014652014652014652,True
seed_holdout,s03_p01_seed20260741,layer00_step00_capacity_control,0,0,contribution_norm,0.25,6,2,32640,frozen,0,source_only,0.003781446776299046,1555.29052734375,0.0015592768552901081,0.005477264132935448,0.0003387510261007264,0.7816298219769432,0.9838204979896545,0,0.0,0,262144,536739840,0.0004884004884004884,True
seed_holdout,s03_p01_seed20260741,layer00_step00_capacity_control,0,0,contribution_norm,0.25,6,2,32640,adaptive,0,heldout_defect_posthoc,0.00017847304890381433,1555.29052734375,0.0003387509782092179,0.005477264132935448,0.0003387510261007264,0.9999999999999998,0.9838204979896545,2048,1.0,524288,262144,536739840,0.0014652014652014652,True
seed_holdout,s03_p01_seed20260741,layer00_step00_capacity_control,0,0,contribution_norm,0.25,6,2,32640,full_procrustes,128,heldout_defect_posthoc,0.00017847304890381433,1555.29052734375,0.0003387509782092179,0.005477264132935448,0.0003387510261007264,0.9999999999999998,0.9838204979896545,2048,1.0,524288,262144,536739840,0.0014652014652014652,True
seed_holdout,s03_p01_seed20260741,layer00_step00_capacity_control,0,0,contribution_norm,0.25,7,0,0,frozen,0,source_only,0.0698669452628833,540.9581298828125,0.011364597309758246,0.019803384745831477,0.0016934268302193495,0.5687906533311209,0.9557783603668213,0,0.0,0,262144,536739840,0.0004884004884004884,False
seed_holdout,s03_p01_seed20260741,layer00_step00_capacity_control,0,0,contribution_norm,0.25,7,0,0,adaptive,0,heldout_defect_posthoc,0.001551302329241418,540.9581298828125,0.0016934266739481068,0.019803384745831477,0.0016934268302193495,1.0,0.9557783603668213,2048,1.0,524288,262144,536739840,0.0014652014652014652,True
seed_holdout,s03_p01_seed20260741,layer00_step00_capacity_control,0,0,contribution_norm,0.25,7,0,0,full_procrustes,128,heldout_defect_posthoc,0.001551302329241418,540.9581298828125,0.0016934266739481068,0.019803384745831477,0.0016934268302193495,1.0,0.9557783603668213,2048,1.0,524288,262144,536739840,0.0014652014652014652,True
seed_holdout,s03_p01_seed20260741,layer00_step00_capacity_control,0,0,contribution_norm,0.25,7,1,16320,frozen,0,source_only,0.06613501637236635,512.7139282226562,0.011357380473606807,0.026160382513450653,0.0017385767444211063,0.596205099182989,0.946686863899231,0,0.0,0,262144,536739840,0.0004884004884004884,False
seed_holdout,s03_p01_seed20260741,layer00_step00_capacity_control,0,0,contribution_norm,0.25,7,1,16320,adaptive,0,heldout_defect_posthoc,0.0015497539134022719,512.7139282226562,0.0017385765321854252,0.026160382513450653,0.0017385767444211063,0.9999999999999999,0.946686863899231,2048,1.0,524288,262144,536739840,0.0014652014652014652,True
seed_holdout,s03_p01_seed20260741,layer00_step00_capacity_control,0,0,contribution_norm,0.25,7,1,16320,full_procrustes,128,heldout_defect_posthoc,0.0015497539134022719,512.7139282226562,0.0017385765321854252,0.026160382513450653,0.0017385767444211063,0.9999999999999999,0.946686863899231,2048,1.0,524288,262144,536739840,0.0014652014652014652,True
seed_holdout,s03_p01_seed20260741,layer00_step00_capacity_control,0,0,contribution_norm,0.25,7,2,32640,frozen,0,source_only,0.3655709927659968,586.3121948242188,0.02497016432805538,0.05050893592210482,0.004008543678069952,0.5982818333049027,0.8750101327896118,0,0.0,0,262144,536739840,0.0004884004884004884,False
seed_holdout,s03_p01_seed20260741,layer00_step00_capacity_control,0,0,contribution_norm,0.25,7,2,32640,adaptive,0,heldout_defect_posthoc,0.009421110378283389,586.3121948242188,0.004008543329691168,0.05050893592210482,0.004008543678069952,1.0,0.8750101327896118,2048,1.0,524288,262144,536739840,0.0014652014652014652,True
seed_holdout,s03_p01_seed20260741,layer00_step00_capacity_control,0,0,contribution_norm,0.25,7,2,32640,full_procrustes,128,heldout_defect_posthoc,0.009421110378283389,586.3121948242188,0.004008543329691168,0.05050893592210482,0.004008543678069952,1.0,0.8750101327896118,2048,1.0,524288,262144,536739840,0.0014652014652014652,True
seed_holdout,s03_p01_seed20260741,layer00_step00_capacity_control,0,0,contribution_norm,0.25,8,0,0,frozen,0,source_only,1.1101031365562477,166.6895751953125,0.08160700604296156,0.23786320148805984,0.0016494403286302973,0.5328620034454825,0.2558361291885376,0,0.0,0,262144,536739840,0.0004884004884004884,False
seed_holdout,s03_p01_seed20260741,layer00_step00_capacity_control,0,0,contribution_norm,0.25,8,0,0,adaptive,0,heldout_defect_posthoc,0.0004535045970126133,166.6895751953125,0.0016494403975429517,0.23786320148805984,0.0016494403286302973,1.0000000000000002,0.2558361291885376,2048,1.0,524288,262144,536739840,0.0014652014652014652,True
seed_holdout,s03_p01_seed20260741,layer00_step00_capacity_control,0,0,contribution_norm,0.25,8,0,0,full_procrustes,128,heldout_defect_posthoc,0.0004535045970126133,166.6895751953125,0.0016494403975429517,0.23786320148805984,0.0016494403286302973,1.0000000000000002,0.2558361291885376,2048,1.0,524288,262144,536739840,0.0014652014652014652,True
seed_holdout,s03_p01_seed20260741,layer00_step00_capacity_control,0,0,contribution_norm,0.25,8,1,16320,frozen,0,source_only,0.8663960135077937,155.30596923828125,0.07469029048749296,0.5762878187233026,0.0018214961428033383,0.5893343059762938,0.26119139790534973,0,0.0,0,262144,536739840,0.0004884004884004884,False
seed_holdout,s03_p01_seed20260741,layer00_step00_capacity_control,0,0,contribution_norm,0.25,8,1,16320,adaptive,0,heldout_defect_posthoc,0.0005152812910171752,155.30596923828125,0.0018214955432803526,0.5762878187233026,0.0018214961428033383,0.9999999999999999,0.26119139790534973,2048,1.0,524288,262144,536739840,0.0014652014652014652,True
seed_holdout,s03_p01_seed20260741,layer00_step00_capacity_control,0,0,contribution_norm,0.25,8,1,16320,full_procrustes,128,heldout_defect_posthoc,0.0005152812910171752,155.30596923828125,0.0018214955432803526,0.5762878187233026,0.0018214961428033383,0.9999999999999999,0.26119139790534973,2048,1.0,524288,262144,536739840,0.0014652014652014652,True
seed_holdout,s03_p01_seed20260741,layer00_step00_capacity_control,0,0,contribution_norm,0.25,8,2,32640,frozen,0,source_only,0.7676403366028794,175.60447692871094,0.0661166897487901,0.19005092838602247,0.0016235255567034414,0.5860012295324077,0.2613227367401123,0,0.0,0,262144,536739840,0.0004884004884004884,False
seed_holdout,s03_p01_seed20260741,layer00_step00_capacity_control,0,0,contribution_norm,0.25,8,2,32640,adaptive,0,heldout_defect_posthoc,0.0004628642093127401,175.60447692871094,0.001623525104059997,0.19005092838602247,0.0016235255567034414,0.9999999999999998,0.2613227367401123,2048,1.0,524288,262144,536739840,0.0014652014652014652,True
seed_holdout,s03_p01_seed20260741,layer00_step00_capacity_control,0,0,contribution_norm,0.25,8,2,32640,full_procrustes,128,heldout_defect_posthoc,0.0004628642093127401,175.60447692871094,0.001623525104059997,0.19005092838602247,0.0016235255567034414,0.9999999999999998,0.2613227367401123,2048,1.0,524288,262144,536739840,0.0014652014652014652,True
seed_holdout,s03_p01_seed20260741,layer00_step00_capacity_control,0,0,contribution_norm,0.25,9,0,0,frozen,0,source_only,0.6171754398250071,119.2624740600586,0.07193701457619416,0.36740495454917116,0.0028025173256886757,0.6299792822578412,0.3039551377296448,0,0.0,0,262144,536739840,0.0004884004884004884,False
seed_holdout,s03_p01_seed20260741,layer00_step00_capacity_control,0,0,contribution_norm,0.25,9,0,0,adaptive,0,heldout_defect_posthoc,0.0009366995996986597,119.2624740600586,0.002802517028544561,0.36740495454917116,0.0028025173256886757,1.0,0.3039551377296448,2048,1.0,524288,262144,536739840,0.0014652014652014652,True
seed_holdout,s03_p01_seed20260741,layer00_step00_capacity_control,0,0,contribution_norm,0.25,9,0,0,full_procrustes,128,heldout_defect_posthoc,0.0009366995996986597,119.2624740600586,0.002802517028544561,0.36740495454917116,0.0028025173256886757,1.0,0.3039551377296448,2048,1.0,524288,262144,536739840,0.0014652014652014652,True
seed_holdout,s03_p01_seed20260741,layer00_step00_capacity_control,0,0,contribution_norm,0.25,9,1,16320,frozen,0,source_only,0.7209428510816944,107.84619140625,0.08176134244471012,0.8779215905108317,0.0025581562807745336,0.6090508441380049,0.3584744334220886,0,0.0,0,262144,536739840,0.0004884004884004884,False
seed_holdout,s03_p01_seed20260741,layer00_step00_capacity_control,0,0,contribution_norm,0.25,9,1,16320,adaptive,0,heldout_defect_posthoc,0.0007057637401834821,107.84619140625,0.002558157412822825,0.8779215905108317,0.0025581562807745336,1.0,0.3584744334220886,2048,1.0,524288,262144,536739840,0.0014652014652014652,True
seed_holdout,s03_p01_seed20260741,layer00_step00_capacity_control,0,0,contribution_norm,0.25,9,1,16320,full_procrustes,128,heldout_defect_posthoc,0.0007057637401834821,107.84619140625,0.002558157412822825,0.8779215905108317,0.0025581562807745336,1.0,0.3584744334220886,2048,1.0,524288,262144,536739840,0.0014652014652014652,True
seed_holdout,s03_p01_seed20260741,layer00_step00_capacity_control,0,0,contribution_norm,0.25,9,2,32640,frozen,0,source_only,1.1269271493779642,329.8741455078125,0.05844855540964663,0.5923870658574488,0.0015168321005756354,0.6520112250166784,0.41863054037094116,0,0.0,0,262144,536739840,0.0004884004884004884,False
seed_holdout,s03_p01_seed20260741,layer00_step00_capacity_control,0,0,contribution_norm,0.25,9,2,32640,adaptive,0,heldout_defect_posthoc,0.0007589672006960514,329.8741455078125,0.0015168315900527176,0.5923870658574488,0.0015168321005756354,1.0,0.41863054037094116,2048,1.0,524288,262144,536739840,0.0014652014652014652,True
seed_holdout,s03_p01_seed20260741,layer00_step00_capacity_control,0,0,contribution_norm,0.25,9,2,32640,full_procrustes,128,heldout_defect_posthoc,0.0007589672006960514,329.8741455078125,0.0015168315900527176,0.5923870658574488,0.0015168321005756354,1.0,0.41863054037094116,2048,1.0,524288,262144,536739840,0.0014652014652014652,True
seed_holdout,s03_p01_seed20260741,layer00_step00_capacity_control,0,0,contribution_norm,0.25,10,0,0,frozen,0,source_only,0.40643429334930714,2827.51318359375,0.011989273105724936,0.04177849144927303,0.0004315072796550749,0.6795421922437395,0.581092119216919,0,0.0,0,262144,536739840,0.0004884004884004884,False
seed_holdout,s03_p01_seed20260741,layer00_step00_capacity_control,0,0,contribution_norm,0.25,10,0,0,adaptive,0,heldout_defect_posthoc,0.000526478497233032,2827.51318359375,0.00043150715348407097,0.04177849144927303,0.0004315072796550749,0.9999999999999998,0.581092119216919,2048,1.0,524288,262144,536739840,0.0014652014652014652,True
seed_holdout,s03_p01_seed20260741,layer00_step00_capacity_control,0,0,contribution_norm,0.25,10,0,0,full_procrustes,128,heldout_defect_posthoc,0.000526478497233032,2827.51318359375,0.00043150715348407097,0.04177849144927303,0.0004315072796550749,0.9999999999999998,0.581092119216919,2048,1.0,524288,262144,536739840,0.0014652014652014652,True
seed_holdout,s03_p01_seed20260741,layer00_step00_capacity_control,0,0,contribution_norm,0.25,10,1,16320,frozen,0,source_only,0.0725706651939338,514.0946044921875,0.011881165049415124,0.08198733845555041,0.00028620428502637265,0.7029160544636905,0.8849095106124878,0,0.0,0,262144,536739840,0.0004884004884004884,False
seed_holdout,s03_p01_seed20260741,layer00_step00_capacity_control,0,0,contribution_norm,0.25,10,1,16320,adaptive,0,heldout_defect_posthoc,4.211098286085755e-05,514.0946044921875,0.0002862043076270852,0.08198733845555041,0.00028620428502637265,1.0,0.8849095106124878,2048,1.0,524288,262144,536739840,0.0014652014652014652,True
seed_holdout,s03_p01_seed20260741,layer00_step00_capacity_control,0,0,contribution_norm,0.25,10,1,16320,full_procrustes,128,heldout_defect_posthoc,4.211098286085755e-05,514.0946044921875,0.0002862043076270852,0.08198733845555041,0.00028620428502637265,1.0,0.8849095106124878,2048,1.0,524288,262144,536739840,0.0014652014652014652,True
seed_holdout,s03_p01_seed20260741,layer00_step00_capacity_control,0,0,contribution_norm,0.25,10,2,32640,frozen,0,source_only,0.2415072994332396,644.2542724609375,0.01936138750469152,0.15311868645526558,0.0006351666891084752,0.7169407145704862,0.6999621391296387,0,0.0,0,262144,536739840,0.0004884004884004884,False
seed_holdout,s03_p01_seed20260741,layer00_step00_capacity_control,0,0,contribution_norm,0.25,10,2,32640,adaptive,0,heldout_defect_posthoc,0.00025991566777830574,644.2542724609375,0.0006351664879253345,0.15311868645526558,0.0006351666891084752,1.0,0.6999621391296387,2048,1.0,524288,262144,536739840,0.0014652014652014652,True
seed_holdout,s03_p01_seed20260741,layer00_step00_capacity_control,0,0,contribution_norm,0.25,10,2,32640,full_procrustes,128,heldout_defect_posthoc,0.00025991566777830574,644.2542724609375,0.0006351664879253345,0.15311868645526558,0.0006351666891084752,1.0,0.6999621391296387,2048,1.0,524288,262144,536739840,0.0014652014652014652,True
seed_holdout,s03_p01_seed20260741,layer00_step00_capacity_control,0,0,contribution_norm,0.25,11,0,0,frozen,0,source_only,0.001306336684445299,3948.7705078125,0.0005751705143823213,0.0011263735522961495,0.000281779291140392,0.65581193554844,0.9987006187438965,0,0.0,0,262144,536739840,0.0004884004884004884,True
seed_holdout,s03_p01_seed20260741,layer00_step00_capacity_control,0,0,contribution_norm,0.25,11,0,0,adaptive,0,heldout_defect_posthoc,0.00031353066741081066,3948.7705078125,0.0002817792872506612,0.0011263735522961495,0.000281779291140392,1.0,0.9987006187438965,2048,1.0,524288,262144,536739840,0.0014652014652014652,True
seed_holdout,s03_p01_seed20260741,layer00_step00_capacity_control,0,0,contribution_norm,0.25,11,0,0,full_procrustes,128,heldout_defect_posthoc,0.00031353066741081066,3948.7705078125,0.0002817792872506612,0.0011263735522961495,0.000281779291140392,1.0,0.9987006187438965,2048,1.0,524288,262144,536739840,0.0014652014652014652,True
seed_holdout,s03_p01_seed20260741,layer00_step00_capacity_control,0,0,contribution_norm,0.25,11,1,16320,frozen,0,source_only,0.0006890662011558039,3180.27880859375,0.0004654766246417103,0.0009161449218559082,0.00022127866398863593,0.6288547324138882,0.9989970922470093,0,0.0,0,262144,536739840,0.0004884004884004884,True
seed_holdout,s03_p01_seed20260741,layer00_step00_capacity_control,0,0,contribution_norm,0.25,11,1,16320,adaptive,0,heldout_defect_posthoc,0.000155719936330309,3180.27880859375,0.0002212786489139489,0.0009161449218559082,0.00022127866398863593,0.9999999999999998,0.9989970922470093,2048,1.0,524288,262144,536739840,0.0014652014652014652,True
seed_holdout,s03_p01_seed20260741,layer00_step00_capacity_control,0,0,contribution_norm,0.25,11,1,16320,full_procrustes,128,heldout_defect_posthoc,0.000155719936330309,3180.27880859375,0.0002212786489139489,0.0009161449218559082,0.00022127866398863593,0.9999999999999998,0.9989970922470093,2048,1.0,524288,262144,536739840,0.0014652014652014652,True
seed_holdout,s03_p01_seed20260741,layer00_step00_capacity_control,0,0,contribution_norm,0.25,11,2,32640,frozen,0,source_only,0.002613399567568946,5498.32958984375,0.0006894257856738141,0.0013114819135195532,0.0003675016401845961,0.6829526928765972,0.9985538125038147,0,0.0,0,262144,536739840,0.0004884004884004884,True
seed_holdout,s03_p01_seed20260741,layer00_step00_capacity_control,0,0,contribution_norm,0.25,11,2,32640,adaptive,0,heldout_defect_posthoc,0.0007425903432566462,5498.32958984375,0.00036750162512530363,0.0013114819135195532,0.0003675016401845961,0.9999999999999999,0.9985538125038147,2048,1.0,524288,262144,536739840,0.0014652014652014652,True
seed_holdout,s03_p01_seed20260741,layer00_step00_capacity_control,0,0,contribution_norm,0.25,11,2,32640,full_procrustes,128,heldout_defect_posthoc,0.0007425903432566462,5498.32958984375,0.00036750162512530363,0.0013114819135195532,0.0003675016401845961,0.9999999999999999,0.9985538125038147,2048,1.0,524288,262144,536739840,0.0014652014652014652,True
seed_holdout,s02_p00_seed20260741,layer00_step00_capacity_control,0,0,contribution_norm,0.25,0,0,0,givens,8,heldout_defect_posthoc,0.28703557156913445,388.6896057128906,0.027174802539712332,0.17646869188574194,0.0010206466646310497,0.7329876980829286,0.663489043712616,24,0.01171875,768,262144,536739840,0.0004898313492063492,False
seed_holdout,s02_p00_seed20260741,layer00_step00_capacity_control,0,0,contribution_norm,0.25,0,0,0,householder,8,heldout_defect_posthoc,0.07823952979420895,388.6896057128906,0.01418768875228383,0.17646869188574194,0.0010206466646310497,0.9029732329540779,0.663489043712616,1024,0.5,65536,262144,536739840,0.0006105006105006105,False
seed_holdout,s02_p00_seed20260741,layer00_step00_capacity_control,0,0,contribution_norm,0.25,0,1,16320,givens,8,heldout_defect_posthoc,0.3765962882937939,344.428466796875,0.03306652055757695,0.22356461079704867,0.0012622401886348653,0.7295654387031175,0.5537364482879639,24,0.01171875,768,262144,536739840,0.0004898313492063492,False
seed_holdout,s02_p00_seed20260741,layer00_step00_capacity_control,0,0,contribution_norm,0.25,0,1,16320,householder,8,heldout_defect_posthoc,0.12784759609829083,344.428466796875,0.019266231039382794,0.22356461079704867,0.0012622401886348653,0.8886219327008766,0.5537364482879639,1024,0.5,65536,262144,536739840,0.0006105006105006105,False
seed_holdout,s02_p00_seed20260741,layer00_step00_capacity_control,0,0,contribution_norm,0.25,0,2,32640,givens,8,heldout_defect_posthoc,0.370499492466704,536.2006225585938,0.026286341863210872,0.13407958098495018,0.0010995239082382297,0.7200597997277969,0.6264646053314209,24,0.01171875,768,262144,536739840,0.0004898313492063492,False
seed_holdout,s02_p00_seed20260741,layer00_step00_capacity_control,0,0,contribution_norm,0.25,0,2,32640,householder,8,heldout_defect_posthoc,0.20645095794362062,536.2006225585938,0.01962206880504496,0.13407958098495018,0.0010995239082382297,0.9110948468764501,0.6264646053314209,1024,0.5,65536,262144,536739840,0.0006105006105006105,False
seed_holdout,s02_p00_seed20260741,layer00_step00_capacity_control,0,0,contribution_norm,0.25,1,0,0,givens,8,heldout_defect_posthoc,0.21219334657217023,2353.151611328125,0.009496004822481488,0.021845710456908612,0.002302200417930722,0.6284720049873054,0.9558866024017334,24,0.01171875,768,262144,536739840,0.0004898313492063492,True
seed_holdout,s02_p00_seed20260741,layer00_step00_capacity_control,0,0,contribution_norm,0.25,1,0,0,householder,8,heldout_defect_posthoc,0.11397616489733231,2353.151611328125,0.006959564516403968,0.021845710456908612,0.002302200417930722,0.8176784602438176,0.9558866024017334,1024,0.5,65536,262144,536739840,0.0006105006105006105,True
seed_holdout,s02_p00_seed20260741,layer00_step00_capacity_control,0,0,contribution_norm,0.25,1,1,16320,givens,8,heldout_defect_posthoc,0.12161490657946782,2055.218017578125,0.007692445994967043,0.01695224592838672,0.0021667279667111393,0.6262972257868117,0.9480324983596802,24,0.01171875,768,262144,536739840,0.0004898313492063492,True
seed_holdout,s02_p00_seed20260741,layer00_step00_capacity_control,0,0,contribution_norm,0.25,1,1,16320,householder,8,heldout_defect_posthoc,0.0705382275018716,2055.218017578125,0.005858458015443347,0.01695224592838672,0.0021667279667111393,0.8215804274902087,0.9480324983596802,1024,0.5,65536,262144,536739840,0.0006105006105006105,True
seed_holdout,s02_p00_seed20260741,layer00_step00_capacity_control,0,0,contribution_norm,0.25,1,2,32640,givens,8,heldout_defect_posthoc,0.03965147853182946,2155.07568359375,0.004289418590281889,0.010287836006392485,0.0012419389383031242,0.6490913772976057,0.9752293825149536,24,0.01171875,768,262144,536739840,0.0004898313492063492,True
seed_holdout,s02_p00_seed20260741,layer00_step00_capacity_control,0,0,contribution_norm,0.25,1,2,32640,householder,8,heldout_defect_posthoc,0.017992755406787436,2155.07568359375,0.002889465908424081,0.010287836006392485,0.0012419389383031242,0.8721453050402769,0.9752293825149536,1024,0.5,65536,262144,536739840,0.0006105006105006105,True
seed_holdout,s02_p00_seed20260741,layer00_step00_capacity_control,0,0,contribution_norm,0.25,2,0,0,givens,8,heldout_defect_posthoc,0.7742889286210074,770.231689453125,0.03170595459520019,0.1649773400811363,0.0009263204411176379,0.6628648716735954,0.273404598236084,24,0.01171875,768,262144,536739840,0.0004898313492063492,False
seed_holdout,s02_p00_seed20260741,layer00_step00_capacity_control,0,0,contribution_norm,0.25,2,0,0,householder,8,heldout_defect_posthoc,0.1682875930889165,770.231689453125,0.014781392802904364,0.1649773400811363,0.0009263204411176379,0.8590870633159442,0.273404598236084,1024,0.5,65536,262144,536739840,0.0006105006105006105,False
seed_holdout,s02_p00_seed20260741,layer00_step00_capacity_control,0,0,contribution_norm,0.25,2,1,16320,givens,8,heldout_defect_posthoc,0.8584164788319235,709.14404296875,0.03479219217775997,0.15382656750570203,0.0008294076391439059,0.6715317130265661,0.28458547592163086,24,0.01171875,768,262144,536739840,0.0004898313492063492,False
seed_holdout,s02_p00_seed20260741,layer00_step00_capacity_control,0,0,contribution_norm,0.25,2,1,16320,householder,8,heldout_defect_posthoc,0.7552069189554838,709.14404296875,0.03263365745448635,0.15382656750570203,0.0008294076391439059,0.8781970078922006,0.28458547592163086,1024,0.5,65536,262144,536739840,0.0006105006105006105,False
seed_holdout,s02_p00_seed20260741,layer00_step00_capacity_control,0,0,contribution_norm,0.25,2,2,32640,givens,8,heldout_defect_posthoc,0.7355455801514781,751.9599609375,0.031275728668345326,0.18055975231345076,0.0010250918070830656,0.7079059740630498,0.3057299852371216,24,0.01171875,768,262144,536739840,0.0004898313492063492,False
seed_holdout,s02_p00_seed20260741,layer00_step00_capacity_control,0,0,contribution_norm,0.25,2,2,32640,householder,8,heldout_defect_posthoc,0.6594076320179947,751.9599609375,0.029612810424584607,0.18055975231345076,0.0010250918070830656,0.8879140055938946,0.3057299852371216,1024,0.5,65536,262144,536739840,0.0006105006105006105,False
seed_holdout,s02_p00_seed20260741,layer00_step00_capacity_control,0,0,contribution_norm,0.25,3,0,0,givens,8,heldout_defect_posthoc,1.265553159939358,491.4150695800781,0.050747652944476376,0.1854290461493185,0.0008488987430745153,0.5746053223246093,0.2554953396320343,24,0.01171875,768,262144,536739840,0.0004898313492063492,False
seed_holdout,s02_p00_seed20260741,layer00_step00_capacity_control,0,0,contribution_norm,0.25,3,0,0,householder,8,heldout_defect_posthoc,0.5930657281890583,491.4150695800781,0.03473978919979768,0.1854290461493185,0.0008488987430745153,0.7889220127599852,0.2554953396320343,1024,0.5,65536,262144,536739840,0.0006105006105006105,False
seed_holdout,s02_p00_seed20260741,layer00_step00_capacity_control,0,0,contribution_norm,0.25,3,1,16320,givens,8,heldout_defect_posthoc,0.4081836667138345,474.0145263671875,0.029344856210102334,0.26334462365154226,0.0007993376312727456,0.5972524271557117,0.2585747241973877,24,0.01171875,768,262144,536739840,0.0004898313492063492,False
seed_holdout,s02_p00_seed20260741,layer00_step00_capacity_control,0,0,contribution_norm,0.25,3,1,16320,householder,8,heldout_defect_posthoc,0.3426398781902251,474.0145263671875,0.026885810174105632,0.26334462365154226,0.0007993376312727456,0.8201848787601544,0.2585747241973877,1024,0.5,65536,262144,536739840,0.0006105006105006105,False
seed_holdout,s02_p00_seed20260741,layer00_step00_capacity_control,0,0,contribution_norm,0.25,3,2,32640,givens,8,heldout_defect_posthoc,0.9917695986804653,478.401611328125,0.045531198147071086,0.28824290127377095,0.0009587431995693785,0.6330380803294938,0.262124627828598,24,0.01171875,768,262144,536739840,0.0004898313492063492,False
seed_holdout,s02_p00_seed20260741,layer00_step00_capacity_control,0,0,contribution_norm,0.25,3,2,32640,householder,8,heldout_defect_posthoc,0.11280206184957241,478.401611328125,0.015355437762781046,0.28824290127377095,0.0009587431995693785,0.841238381647131,0.262124627828598,1024,0.5,65536,262144,536739840,0.0006105006105006105,False
seed_holdout,s02_p00_seed20260741,layer00_step00_capacity_control,0,0,contribution_norm,0.25,4,0,0,givens,8,heldout_defect_posthoc,9.443318346948533e-05,2815.7763671875,0.00018313157710240257,0.00034964563492244523,7.679950302235244e-05,0.6165768192512607,0.9996098875999451,24,0.01171875,768,262144,536739840,0.0004898313492063492,True
seed_holdout,s02_p00_seed20260741,layer00_step00_capacity_control,0,0,contribution_norm,0.25,4,0,0,householder,8,heldout_defect_posthoc,4.925350106613705e-05,2815.7763671875,0.00013225724552484627,0.00034964563492244523,7.679950302235244e-05,0.8329701376951164,0.9996098875999451,1024,0.5,65536,262144,536739840,0.0006105006105006105,True
seed_holdout,s02_p00_seed20260741,layer00_step00_capacity_control,0,0,contribution_norm,0.25,4,1,16320,givens,8,heldout_defect_posthoc,0.00012730700936401537,1943.997802734375,0.0002559047063918782,0.0005976582867834418,9.078044198604376e-05,0.6374943091166141,0.9994662404060364,24,0.01171875,768,262144,536739840,0.0004898313492063492,True
seed_holdout,s02_p00_seed20260741,layer00_step00_capacity_control,0,0,contribution_norm,0.25,4,1,16320,householder,8,heldout_defect_posthoc,6.827504582831566e-05,1943.997802734375,0.0001874058378077581,0.0005976582867834418,9.078044198604376e-05,0.8527095644101002,0.9994662404060364,1024,0.5,65536,262144,536739840,0.0006105006105006105,True
seed_holdout,s02_p00_seed20260741,layer00_step00_capacity_control,0,0,contribution_norm,0.25,4,2,32640,givens,8,heldout_defect_posthoc,4.9590359710722395e-05,3189.43408203125,0.0001246929253756663,0.00026490208069764715,5.6044433821736036e-05,0.6621784924142395,0.9997332096099854,24,0.01171875,768,262144,536739840,0.0004898313492063492,True
seed_holdout,s02_p00_seed20260741,layer00_step00_capacity_control,0,0,contribution_norm,0.25,4,2,32640,householder,8,heldout_defect_posthoc,2.930261002056871e-05,3189.43408203125,9.585093137648037e-05,0.00026490208069764715,5.6044433821736036e-05,0.8326401801883725,0.9997332096099854,1024,0.5,65536,262144,536739840,0.0006105006105006105,True
seed_holdout,s02_p00_seed20260741,layer00_step00_capacity_control,0,0,contribution_norm,0.25,5,0,0,givens,8,heldout_defect_posthoc,7.69918250462443e-05,1878.9102783203125,0.0002024273949276041,0.0004381234936638085,4.809573699382492e-05,0.6233346169939131,0.9993915557861328,24,0.01171875,768,262144,536739840,0.0004898313492063492,True
seed_holdout,s02_p00_seed20260741,layer00_step00_capacity_control,0,0,contribution_norm,0.25,5,0,0,householder,8,heldout_defect_posthoc,3.8598287592067564e-05,1878.9102783203125,0.0001433279858051168,0.0004381234936638085,4.809573699382492e-05,0.8532855351167545,0.9993915557861328,1024,0.5,65536,262144,536739840,0.0006105006105006105,True
seed_holdout,s02_p00_seed20260741,layer00_step00_capacity_control,0,0,contribution_norm,0.25,5,1,16320,givens,8,heldout_defect_posthoc,2.2185866632156475e-05,1599.7435302734375,0.0001177641272158572,0.00023733110788454407,1.6262557163536127e-05,0.6328572716295546,0.9997272491455078,24,0.01171875,768,262144,536739840,0.0004898313492063492,True
seed_holdout,s02_p00_seed20260741,layer00_step00_capacity_control,0,0,contribution_norm,0.25,5,1,16320,householder,8,heldout_defect_posthoc,1.2000175918224819e-05,1599.7435302734375,8.661011696734297e-05,0.00023733110788454407,1.6262557163536127e-05,0.8312119962623065,0.9997272491455078,1024,0.5,65536,262144,536739840,0.0006105006105006105,True
seed_holdout,s02_p00_seed20260741,layer00_step00_capacity_control,0,0,contribution_norm,0.25,5,2,32640,givens,8,heldout_defect_posthoc,9.520358681667197e-05,2295.74853515625,0.00020364066073177097,0.0004695314440732494,4.3123656470289675e-05,0.6348908128025279,0.9994580745697021,24,0.01171875,768,262144,536739840,0.0004898313492063492,True
seed_holdout,s02_p00_seed20260741,layer00_step00_capacity_control,0,0,contribution_norm,0.25,5,2,32640,householder,8,heldout_defect_posthoc,3.82542529397228e-05,2295.74853515625,0.00012908557232504513,0.0004695314440732494,4.3123656470289675e-05,0.8534670961292385,0.9994580745697021,1024,0.5,65536,262144,536739840,0.0006105006105006105,True
seed_holdout,s02_p00_seed20260741,layer00_step00_capacity_control,0,0,contribution_norm,0.25,6,0,0,givens,8,heldout_defect_posthoc,0.007542808728128566,1570.54443359375,0.0021914997907397245,0.007973867397104368,0.0004610829180060514,0.7494943991087712,0.9814647436141968,24,0.01171875,768,262144,536739840,0.0004898313492063492,True
seed_holdout,s02_p00_seed20260741,layer00_step00_capacity_control,0,0,contribution_norm,0.25,6,0,0,householder,8,heldout_defect_posthoc,0.0029042638748982227,1570.54443359375,0.001359856002060239,0.007973867397104368,0.0004610829180060514,0.8991826591371015,0.9814647436141968,1024,0.5,65536,262144,536739840,0.0006105006105006105,True
seed_holdout,s02_p00_seed20260741,layer00_step00_capacity_control,0,0,contribution_norm,0.25,6,1,16320,givens,8,heldout_defect_posthoc,0.0017615553093139119,1511.251953125,0.001079641834032473,0.004861033497952341,0.00023475411169248978,0.7836330186471838,0.9873138666152954,24,0.01171875,768,262144,536739840,0.0004898313492063492,True
seed_holdout,s02_p00_seed20260741,layer00_step00_capacity_control,0,0,contribution_norm,0.25,6,1,16320,householder,8,heldout_defect_posthoc,0.0007957571109420324,1511.251953125,0.0007256410223449658,0.004861033497952341,0.00023475411169248978,0.9248470672671399,0.9873138666152954,1024,0.5,65536,262144,536739840,0.0006105006105006105,True
seed_holdout,s02_p00_seed20260741,layer00_step00_capacity_control,0,0,contribution_norm,0.25,6,2,32640,givens,8,heldout_defect_posthoc,0.003298485174159595,1555.29052734375,0.0014563021971589097,0.005477264132935448,0.0003387510261007264,0.776351895877334,0.9838204979896545,24,0.01171875,768,262144,536739840,0.0004898313492063492,True
seed_holdout,s02_p00_seed20260741,layer00_step00_capacity_control,0,0,contribution_norm,0.25,6,2,32640,householder,8,heldout_defect_posthoc,0.0017917431475533718,1555.29052734375,0.0010733271440712007,0.005477264132935448,0.0003387510261007264,0.9091806196797871,0.9838204979896545,1024,0.5,65536,262144,536739840,0.0006105006105006105,True
seed_holdout,s02_p00_seed20260741,layer00_step00_capacity_control,0,0,contribution_norm,0.25,7,0,0,givens,8,heldout_defect_posthoc,0.05951029429356306,540.9581298828125,0.010488520296698597,0.019803384745831477,0.0016934268302193495,0.5592399799916145,0.9557783603668213,24,0.01171875,768,262144,536739840,0.0004898313492063492,False
seed_holdout,s02_p00_seed20260741,layer00_step00_capacity_control,0,0,contribution_norm,0.25,7,0,0,householder,8,heldout_defect_posthoc,0.028871376949619502,540.9581298828125,0.007305533262623237,0.019803384745831477,0.0016934268302193495,0.8092456721916225,0.9557783603668213,1024,0.5,65536,262144,536739840,0.0006105006105006105,True
seed_holdout,s02_p00_seed20260741,layer00_step00_capacity_control,0,0,contribution_norm,0.25,7,1,16320,givens,8,heldout_defect_posthoc,0.059233081022624985,512.7139282226562,0.010748419392526973,0.026160382513450653,0.0017385767444211063,0.5956204711405741,0.946686863899231,24,0.01171875,768,262144,536739840,0.0004898313492063492,False
seed_holdout,s02_p00_seed20260741,layer00_step00_capacity_control,0,0,contribution_norm,0.25,7,1,16320,householder,8,heldout_defect_posthoc,0.022942108145127628,512.7139282226562,0.006689275818466944,0.026160382513450653,0.0017385767444211063,0.8259685333777429,0.946686863899231,1024,0.5,65536,262144,536739840,0.0006105006105006105,True
seed_holdout,s02_p00_seed20260741,layer00_step00_capacity_control,0,0,contribution_norm,0.25,7,2,32640,givens,8,heldout_defect_posthoc,0.31920556277867596,586.3121948242188,0.023333009719850417,0.05050893592210482,0.004008543678069952,0.5989728182404485,0.8750101327896118,24,0.01171875,768,262144,536739840,0.0004898313492063492,False
seed_holdout,s02_p00_seed20260741,layer00_step00_capacity_control,0,0,contribution_norm,0.25,7,2,32640,householder,8,heldout_defect_posthoc,0.12212988940721756,586.3121948242188,0.014432664569970846,0.05050893592210482,0.004008543678069952,0.8419874930926021,0.8750101327896118,1024,0.5,65536,262144,536739840,0.0006105006105006105,False
seed_holdout,s02_p00_seed20260741,layer00_step00_capacity_control,0,0,contribution_norm,0.25,8,0,0,givens,8,heldout_defect_posthoc,0.7442182855810741,166.6895751953125,0.06681838097248585,0.23786320148805984,0.0016494403286302973,0.529282361984398,0.2558361291885376,24,0.01171875,768,262144,536739840,0.0004898313492063492,False
seed_holdout,s02_p00_seed20260741,layer00_step00_capacity_control,0,0,contribution_norm,0.25,8,0,0,householder,8,heldout_defect_posthoc,0.7188012933954471,166.6895751953125,0.06566745800898548,0.23786320148805984,0.0016494403286302973,0.7701374864376478,0.2558361291885376,1024,0.5,65536,262144,536739840,0.0006105006105006105,False
seed_holdout,s02_p00_seed20260741,layer00_step00_capacity_control,0,0,contribution_norm,0.25,8,1,16320,givens,8,heldout_defect_posthoc,0.6044714331469928,155.30596923828125,0.06238695894980385,0.5762878187233026,0.0018214961428033383,0.5875252712580765,0.26119139790534973,24,0.01171875,768,262144,536739840,0.0004898313492063492,False
seed_holdout,s02_p00_seed20260741,layer00_step00_capacity_control,0,0,contribution_norm,0.25,8,1,16320,householder,8,heldout_defect_posthoc,0.30092184731655014,155.30596923828125,0.04401825129880595,0.5762878187233026,0.0018214961428033383,0.8159443780602227,0.26119139790534973,1024,0.5,65536,262144,536739840,0.0006105006105006105,False
seed_holdout,s02_p00_seed20260741,layer00_step00_capacity_control,0,0,contribution_norm,0.25,8,2,32640,givens,8,heldout_defect_posthoc,0.5441699853554389,175.60447692871094,0.05566721572910356,0.19005092838602247,0.0016235255567034414,0.583726330312284,0.2613227367401123,24,0.01171875,768,262144,536739840,0.0004898313492063492,False
seed_holdout,s02_p00_seed20260741,layer00_step00_capacity_control,0,0,contribution_norm,0.25,8,2,32640,householder,8,heldout_defect_posthoc,0.13130928588676893,175.60447692871094,0.02734512593700322,0.19005092838602247,0.0016235255567034414,0.7897575292793273,0.2613227367401123,1024,0.5,65536,262144,536739840,0.0006105006105006105,False
seed_holdout,s02_p00_seed20260741,layer00_step00_capacity_control,0,0,contribution_norm,0.25,9,0,0,givens,8,heldout_defect_posthoc,0.452205203742129,119.2624740600586,0.06157662343961116,0.36740495454917116,0.0028025173256886757,0.6252014489493878,0.3039551377296448,24,0.01171875,768,262144,536739840,0.0004898313492063492,False
seed_holdout,s02_p00_seed20260741,layer00_step00_capacity_control,0,0,contribution_norm,0.25,9,0,0,householder,8,heldout_defect_posthoc,0.1857337011427217,119.2624740600586,0.03946330457327161,0.36740495454917116,0.0028025173256886757,0.8476599967306524,0.3039551377296448,1024,0.5,65536,262144,536739840,0.0006105006105006105,False
seed_holdout,s02_p00_seed20260741,layer00_step00_capacity_control,0,0,contribution_norm,0.25,9,1,16320,givens,8,heldout_defect_posthoc,0.7209428510816944,107.84619140625,0.08176134244471012,0.8779215905108317,0.0025581562807745336,0.6090508441380049,0.3584744334220886,24,0.01171875,768,262144,536739840,0.0004898313492063492,False
seed_holdout,s02_p00_seed20260741,layer00_step00_capacity_control,0,0,contribution_norm,0.25,9,1,16320,householder,8,heldout_defect_posthoc,0.38816286063149,107.84619140625,0.05999355309381737,0.8779215905108317,0.0025581562807745336,0.8282268926166456,0.3584744334220886,1024,0.5,65536,262144,536739840,0.0006105006105006105,False
seed_holdout,s02_p00_seed20260741,layer00_step00_capacity_control,0,0,contribution_norm,0.25,9,2,32640,givens,8,heldout_defect_posthoc,1.0804912652180705,329.8741455078125,0.05723167954107162,0.5923870658574488,0.0015168321005756354,0.6519654925243562,0.41863054037094116,24,0.01171875,768,262144,536739840,0.0004898313492063492,False
seed_holdout,s02_p00_seed20260741,layer00_step00_capacity_control,0,0,contribution_norm,0.25,9,2,32640,householder,8,heldout_defect_posthoc,0.24538377114295196,329.8741455078125,0.027273996419883338,0.5923870658574488,0.0015168321005756354,0.8472006896101965,0.41863054037094116,1024,0.5,65536,262144,536739840,0.0006105006105006105,False
seed_holdout,s02_p00_seed20260741,layer00_step00_capacity_control,0,0,contribution_norm,0.25,10,0,0,givens,8,heldout_defect_posthoc,0.2861673256139065,2827.51318359375,0.01006022521253744,0.04177849144927303,0.0004315072796550749,0.6746136640315994,0.581092119216919,24,0.01171875,768,262144,536739840,0.0004898313492063492,False
seed_holdout,s02_p00_seed20260741,layer00_step00_capacity_control,0,0,contribution_norm,0.25,10,0,0,householder,8,heldout_defect_posthoc,0.13519860090187402,2827.51318359375,0.006914866172994064,0.04177849144927303,0.0004315072796550749,0.8672377530382549,0.581092119216919,1024,0.5,65536,262144,536739840,0.0006105006105006105,True
seed_holdout,s02_p00_seed20260741,layer00_step00_capacity_control,0,0,contribution_norm,0.25,10,1,16320,givens,8,heldout_defect_posthoc,0.052471640726542555,514.0946044921875,0.010102777752366714,0.08198733845555041,0.00028620428502637265,0.6991015994230878,0.8849095106124878,24,0.01171875,768,262144,536739840,0.0004898313492063492,False
seed_holdout,s02_p00_seed20260741,layer00_step00_capacity_control,0,0,contribution_norm,0.25,10,1,16320,householder,8,heldout_defect_posthoc,0.031114808507519832,514.0946044921875,0.007779685547726548,0.08198733845555041,0.00028620428502637265,0.8544039333538321,0.8849095106124878,1024,0.5,65536,262144,536739840,0.0006105006105006105,True
seed_holdout,s02_p00_seed20260741,layer00_step00_capacity_control,0,0,contribution_norm,0.25,10,2,32640,givens,8,heldout_defect_posthoc,0.1995021463298626,644.2542724609375,0.017597263311762118,0.15311868645526558,0.0006351666891084752,0.7163581144307414,0.6999621391296387,24,0.01171875,768,262144,536739840,0.0004898313492063492,False
seed_holdout,s02_p00_seed20260741,layer00_step00_capacity_control,0,0,contribution_norm,0.25,10,2,32640,householder,8,heldout_defect_posthoc,0.031779737140512965,644.2542724609375,0.007023385339008026,0.15311868645526558,0.0006351666891084752,0.8952086245939195,0.6999621391296387,1024,0.5,65536,262144,536739840,0.0006105006105006105,True
seed_holdout,s02_p00_seed20260741,layer00_step00_capacity_control,0,0,contribution_norm,0.25,11,0,0,givens,8,heldout_defect_posthoc,0.0012426092422684848,3948.7705078125,0.0005609657454798333,0.0011263735522961495,0.000281779291140392,0.6596826528097368,0.9987006187438965,24,0.01171875,768,262144,536739840,0.0004898313492063492,True
seed_holdout,s02_p00_seed20260741,layer00_step00_capacity_control,0,0,contribution_norm,0.25,11,0,0,householder,8,heldout_defect_posthoc,0.0006871377552240372,3948.7705078125,0.00041714876166235515,0.0011263735522961495,0.000281779291140392,0.8420188345901103,0.9987006187438965,1024,0.5,65536,262144,536739840,0.0006105006105006105,True
seed_holdout,s02_p00_seed20260741,layer00_step00_capacity_control,0,0,contribution_norm,0.25,11,1,16320,givens,8,heldout_defect_posthoc,0.0006624244680615549,3180.27880859375,0.00045638943795062913,0.0009161449218559082,0.00022127866398863593,0.6304281863756819,0.9989970922470093,24,0.01171875,768,262144,536739840,0.0004898313492063492,True
seed_holdout,s02_p00_seed20260741,layer00_step00_capacity_control,0,0,contribution_norm,0.25,11,1,16320,householder,8,heldout_defect_posthoc,0.00035815074213084593,3180.27880859375,0.00033558329196082935,0.0009161449218559082,0.00022127866398863593,0.8272481318272795,0.9989970922470093,1024,0.5,65536,262144,536739840,0.0006105006105006105,True
seed_holdout,s02_p00_seed20260741,layer00_step00_capacity_control,0,0,contribution_norm,0.25,11,2,32640,givens,8,heldout_defect_posthoc,0.0024788728210669375,5498.32958984375,0.000671447000626515,0.0013114819135195532,0.0003675016401845961,0.6840243752199446,0.9985538125038147,24,0.01171875,768,262144,536739840,0.0004898313492063492,True
seed_holdout,s02_p00_seed20260741,layer00_step00_capacity_control,0,0,contribution_norm,0.25,11,2,32640,householder,8,heldout_defect_posthoc,0.0016457870562524176,5498.32958984375,0.0005471059481300864,0.0013114819135195532,0.0003675016401845961,0.8502460624899072,0.9985538125038147,1024,0.5,65536,262144,536739840,0.0006105006105006105,True
seed_holdout,s03_p01_seed20260741,layer00_step00_capacity_control,0,0,contribution_norm,0.25,0,0,0,givens,8,heldout_defect_posthoc,0.28703557156913445,388.6896057128906,0.027174802539712332,0.17646869188574194,0.0010206466646310497,0.7329876980829286,0.663489043712616,24,0.01171875,768,262144,536739840,0.0004898313492063492,False
seed_holdout,s03_p01_seed20260741,layer00_step00_capacity_control,0,0,contribution_norm,0.25,0,0,0,householder,8,heldout_defect_posthoc,0.07823952979420895,388.6896057128906,0.01418768875228383,0.17646869188574194,0.0010206466646310497,0.9029732329540779,0.663489043712616,1024,0.5,65536,262144,536739840,0.0006105006105006105,False
seed_holdout,s03_p01_seed20260741,layer00_step00_capacity_control,0,0,contribution_norm,0.25,0,1,16320,givens,8,heldout_defect_posthoc,0.3765962882937939,344.428466796875,0.03306652055757695,0.22356461079704867,0.0012622401886348653,0.7295654387031175,0.5537364482879639,24,0.01171875,768,262144,536739840,0.0004898313492063492,False
seed_holdout,s03_p01_seed20260741,layer00_step00_capacity_control,0,0,contribution_norm,0.25,0,1,16320,householder,8,heldout_defect_posthoc,0.12784759609829083,344.428466796875,0.019266231039382794,0.22356461079704867,0.0012622401886348653,0.8886219327008766,0.5537364482879639,1024,0.5,65536,262144,536739840,0.0006105006105006105,False
seed_holdout,s03_p01_seed20260741,layer00_step00_capacity_control,0,0,contribution_norm,0.25,0,2,32640,givens,8,heldout_defect_posthoc,0.370499492466704,536.2006225585938,0.026286341863210872,0.13407958098495018,0.0010995239082382297,0.7200597997277969,0.6264646053314209,24,0.01171875,768,262144,536739840,0.0004898313492063492,False
seed_holdout,s03_p01_seed20260741,layer00_step00_capacity_control,0,0,contribution_norm,0.25,0,2,32640,householder,8,heldout_defect_posthoc,0.20645095794362062,536.2006225585938,0.01962206880504496,0.13407958098495018,0.0010995239082382297,0.9110948468764501,0.6264646053314209,1024,0.5,65536,262144,536739840,0.0006105006105006105,False
seed_holdout,s03_p01_seed20260741,layer00_step00_capacity_control,0,0,contribution_norm,0.25,1,0,0,givens,8,heldout_defect_posthoc,0.21219334657217023,2353.151611328125,0.009496004822481488,0.021845710456908612,0.002302200417930722,0.6284720049873054,0.9558866024017334,24,0.01171875,768,262144,536739840,0.0004898313492063492,True
seed_holdout,s03_p01_seed20260741,layer00_step00_capacity_control,0,0,contribution_norm,0.25,1,0,0,householder,8,heldout_defect_posthoc,0.11397616489733231,2353.151611328125,0.006959564516403968,0.021845710456908612,0.002302200417930722,0.8176784602438176,0.9558866024017334,1024,0.5,65536,262144,536739840,0.0006105006105006105,True
seed_holdout,s03_p01_seed20260741,layer00_step00_capacity_control,0,0,contribution_norm,0.25,1,1,16320,givens,8,heldout_defect_posthoc,0.12161490657946782,2055.218017578125,0.007692445994967043,0.01695224592838672,0.0021667279667111393,0.6262972257868117,0.9480324983596802,24,0.01171875,768,262144,536739840,0.0004898313492063492,True
seed_holdout,s03_p01_seed20260741,layer00_step00_capacity_control,0,0,contribution_norm,0.25,1,1,16320,householder,8,heldout_defect_posthoc,0.0705382275018716,2055.218017578125,0.005858458015443347,0.01695224592838672,0.0021667279667111393,0.8215804274902087,0.9480324983596802,1024,0.5,65536,262144,536739840,0.0006105006105006105,True
seed_holdout,s03_p01_seed20260741,layer00_step00_capacity_control,0,0,contribution_norm,0.25,1,2,32640,givens,8,heldout_defect_posthoc,0.03965147853182946,2155.07568359375,0.004289418590281889,0.010287836006392485,0.0012419389383031242,0.6490913772976057,0.9752293825149536,24,0.01171875,768,262144,536739840,0.0004898313492063492,True
seed_holdout,s03_p01_seed20260741,layer00_step00_capacity_control,0,0,contribution_norm,0.25,1,2,32640,householder,8,heldout_defect_posthoc,0.017992755406787436,2155.07568359375,0.002889465908424081,0.010287836006392485,0.0012419389383031242,0.8721453050402769,0.9752293825149536,1024,0.5,65536,262144,536739840,0.0006105006105006105,True
seed_holdout,s03_p01_seed20260741,layer00_step00_capacity_control,0,0,contribution_norm,0.25,2,0,0,givens,8,heldout_defect_posthoc,0.7742889286210074,770.231689453125,0.03170595459520019,0.1649773400811363,0.0009263204411176379,0.6628648716735954,0.273404598236084,24,0.01171875,768,262144,536739840,0.0004898313492063492,False
seed_holdout,s03_p01_seed20260741,layer00_step00_capacity_control,0,0,contribution_norm,0.25,2,0,0,householder,8,heldout_defect_posthoc,0.1682875930889165,770.231689453125,0.014781392802904364,0.1649773400811363,0.0009263204411176379,0.8590870633159442,0.273404598236084,1024,0.5,65536,262144,536739840,0.0006105006105006105,False
seed_holdout,s03_p01_seed20260741,layer00_step00_capacity_control,0,0,contribution_norm,0.25,2,1,16320,givens,8,heldout_defect_posthoc,0.8584164788319235,709.14404296875,0.03479219217775997,0.15382656750570203,0.0008294076391439059,0.6715317130265661,0.28458547592163086,24,0.01171875,768,262144,536739840,0.0004898313492063492,False
seed_holdout,s03_p01_seed20260741,layer00_step00_capacity_control,0,0,contribution_norm,0.25,2,1,16320,householder,8,heldout_defect_posthoc,0.7552069189554838,709.14404296875,0.03263365745448635,0.15382656750570203,0.0008294076391439059,0.8781970078922006,0.28458547592163086,1024,0.5,65536,262144,536739840,0.0006105006105006105,False
seed_holdout,s03_p01_seed20260741,layer00_step00_capacity_control,0,0,contribution_norm,0.25,2,2,32640,givens,8,heldout_defect_posthoc,0.7355455801514781,751.9599609375,0.031275728668345326,0.18055975231345076,0.0010250918070830656,0.7079059740630498,0.3057299852371216,24,0.01171875,768,262144,536739840,0.0004898313492063492,False
seed_holdout,s03_p01_seed20260741,layer00_step00_capacity_control,0,0,contribution_norm,0.25,2,2,32640,householder,8,heldout_defect_posthoc,0.6594076320179947,751.9599609375,0.029612810424584607,0.18055975231345076,0.0010250918070830656,0.8879140055938946,0.3057299852371216,1024,0.5,65536,262144,536739840,0.0006105006105006105,False
seed_holdout,s03_p01_seed20260741,layer00_step00_capacity_control,0,0,contribution_norm,0.25,3,0,0,givens,8,heldout_defect_posthoc,1.265553159939358,491.4150695800781,0.050747652944476376,0.1854290461493185,0.0008488987430745153,0.5746053223246093,0.2554953396320343,24,0.01171875,768,262144,536739840,0.0004898313492063492,False
seed_holdout,s03_p01_seed20260741,layer00_step00_capacity_control,0,0,contribution_norm,0.25,3,0,0,householder,8,heldout_defect_posthoc,0.5930657281890583,491.4150695800781,0.03473978919979768,0.1854290461493185,0.0008488987430745153,0.7889220127599852,0.2554953396320343,1024,0.5,65536,262144,536739840,0.0006105006105006105,False
seed_holdout,s03_p01_seed20260741,layer00_step00_capacity_control,0,0,contribution_norm,0.25,3,1,16320,givens,8,heldout_defect_posthoc,0.4081836667138345,474.0145263671875,0.029344856210102334,0.26334462365154226,0.0007993376312727456,0.5972524271557117,0.2585747241973877,24,0.01171875,768,262144,536739840,0.0004898313492063492,False
seed_holdout,s03_p01_seed20260741,layer00_step00_capacity_control,0,0,contribution_norm,0.25,3,1,16320,householder,8,heldout_defect_posthoc,0.3426398781902251,474.0145263671875,0.026885810174105632,0.26334462365154226,0.0007993376312727456,0.8201848787601544,0.2585747241973877,1024,0.5,65536,262144,536739840,0.0006105006105006105,False
seed_holdout,s03_p01_seed20260741,layer00_step00_capacity_control,0,0,contribution_norm,0.25,3,2,32640,givens,8,heldout_defect_posthoc,0.9917695986804653,478.401611328125,0.045531198147071086,0.28824290127377095,0.0009587431995693785,0.6330380803294938,0.262124627828598,24,0.01171875,768,262144,536739840,0.0004898313492063492,False
seed_holdout,s03_p01_seed20260741,layer00_step00_capacity_control,0,0,contribution_norm,0.25,3,2,32640,householder,8,heldout_defect_posthoc,0.11280206184957241,478.401611328125,0.015355437762781046,0.28824290127377095,0.0009587431995693785,0.841238381647131,0.262124627828598,1024,0.5,65536,262144,536739840,0.0006105006105006105,False
seed_holdout,s03_p01_seed20260741,layer00_step00_capacity_control,0,0,contribution_norm,0.25,4,0,0,givens,8,heldout_defect_posthoc,9.443318346948533e-05,2815.7763671875,0.00018313157710240257,0.00034964563492244523,7.679950302235244e-05,0.6165768192512607,0.9996098875999451,24,0.01171875,768,262144,536739840,0.0004898313492063492,True
seed_holdout,s03_p01_seed20260741,layer00_step00_capacity_control,0,0,contribution_norm,0.25,4,0,0,householder,8,heldout_defect_posthoc,4.925350106613705e-05,2815.7763671875,0.00013225724552484627,0.00034964563492244523,7.679950302235244e-05,0.8329701376951164,0.9996098875999451,1024,0.5,65536,262144,536739840,0.0006105006105006105,True
seed_holdout,s03_p01_seed20260741,layer00_step00_capacity_control,0,0,contribution_norm,0.25,4,1,16320,givens,8,heldout_defect_posthoc,0.00012730700936401537,1943.997802734375,0.0002559047063918782,0.0005976582867834418,9.078044198604376e-05,0.6374943091166141,0.9994662404060364,24,0.01171875,768,262144,536739840,0.0004898313492063492,True
seed_holdout,s03_p01_seed20260741,layer00_step00_capacity_control,0,0,contribution_norm,0.25,4,1,16320,householder,8,heldout_defect_posthoc,6.827504582831566e-05,1943.997802734375,0.0001874058378077581,0.0005976582867834418,9.078044198604376e-05,0.8527095644101002,0.9994662404060364,1024,0.5,65536,262144,536739840,0.0006105006105006105,True
seed_holdout,s03_p01_seed20260741,layer00_step00_capacity_control,0,0,contribution_norm,0.25,4,2,32640,givens,8,heldout_defect_posthoc,4.9590359710722395e-05,3189.43408203125,0.0001246929253756663,0.00026490208069764715,5.6044433821736036e-05,0.6621784924142395,0.9997332096099854,24,0.01171875,768,262144,536739840,0.0004898313492063492,True
seed_holdout,s03_p01_seed20260741,layer00_step00_capacity_control,0,0,contribution_norm,0.25,4,2,32640,householder,8,heldout_defect_posthoc,2.930261002056871e-05,3189.43408203125,9.585093137648037e-05,0.00026490208069764715,5.6044433821736036e-05,0.8326401801883725,0.9997332096099854,1024,0.5,65536,262144,536739840,0.0006105006105006105,True
seed_holdout,s03_p01_seed20260741,layer00_step00_capacity_control,0,0,contribution_norm,0.25,5,0,0,givens,8,heldout_defect_posthoc,7.69918250462443e-05,1878.9102783203125,0.0002024273949276041,0.0004381234936638085,4.809573699382492e-05,0.6233346169939131,0.9993915557861328,24,0.01171875,768,262144,536739840,0.0004898313492063492,True
seed_holdout,s03_p01_seed20260741,layer00_step00_capacity_control,0,0,contribution_norm,0.25,5,0,0,householder,8,heldout_defect_posthoc,3.8598287592067564e-05,1878.9102783203125,0.0001433279858051168,0.0004381234936638085,4.809573699382492e-05,0.8532855351167545,0.9993915557861328,1024,0.5,65536,262144,536739840,0.0006105006105006105,True
seed_holdout,s03_p01_seed20260741,layer00_step00_capacity_control,0,0,contribution_norm,0.25,5,1,16320,givens,8,heldout_defect_posthoc,2.2185866632156475e-05,1599.7435302734375,0.0001177641272158572,0.00023733110788454407,1.6262557163536127e-05,0.6328572716295546,0.9997272491455078,24,0.01171875,768,262144,536739840,0.0004898313492063492,True
seed_holdout,s03_p01_seed20260741,layer00_step00_capacity_control,0,0,contribution_norm,0.25,5,1,16320,householder,8,heldout_defect_posthoc,1.2000175918224819e-05,1599.7435302734375,8.661011696734297e-05,0.00023733110788454407,1.6262557163536127e-05,0.8312119962623065,0.9997272491455078,1024,0.5,65536,262144,536739840,0.0006105006105006105,True
seed_holdout,s03_p01_seed20260741,layer00_step00_capacity_control,0,0,contribution_norm,0.25,5,2,32640,givens,8,heldout_defect_posthoc,9.520358681667197e-05,2295.74853515625,0.00020364066073177097,0.0004695314440732494,4.3123656470289675e-05,0.6348908128025279,0.9994580745697021,24,0.01171875,768,262144,536739840,0.0004898313492063492,True
seed_holdout,s03_p01_seed20260741,layer00_step00_capacity_control,0,0,contribution_norm,0.25,5,2,32640,householder,8,heldout_defect_posthoc,3.82542529397228e-05,2295.74853515625,0.00012908557232504513,0.0004695314440732494,4.3123656470289675e-05,0.8534670961292385,0.9994580745697021,1024,0.5,65536,262144,536739840,0.0006105006105006105,True
seed_holdout,s03_p01_seed20260741,layer00_step00_capacity_control,0,0,contribution_norm,0.25,6,0,0,givens,8,heldout_defect_posthoc,0.007542808728128566,1570.54443359375,0.0021914997907397245,0.007973867397104368,0.0004610829180060514,0.7494943991087712,0.9814647436141968,24,0.01171875,768,262144,536739840,0.0004898313492063492,True
seed_holdout,s03_p01_seed20260741,layer00_step00_capacity_control,0,0,contribution_norm,0.25,6,0,0,householder,8,heldout_defect_posthoc,0.0029042638748982227,1570.54443359375,0.001359856002060239,0.007973867397104368,0.0004610829180060514,0.8991826591371015,0.9814647436141968,1024,0.5,65536,262144,536739840,0.0006105006105006105,True
seed_holdout,s03_p01_seed20260741,layer00_step00_capacity_control,0,0,contribution_norm,0.25,6,1,16320,givens,8,heldout_defect_posthoc,0.0017615553093139119,1511.251953125,0.001079641834032473,0.004861033497952341,0.00023475411169248978,0.7836330186471838,0.9873138666152954,24,0.01171875,768,262144,536739840,0.0004898313492063492,True
seed_holdout,s03_p01_seed20260741,layer00_step00_capacity_control,0,0,contribution_norm,0.25,6,1,16320,householder,8,heldout_defect_posthoc,0.0007957571109420324,1511.251953125,0.0007256410223449658,0.004861033497952341,0.00023475411169248978,0.9248470672671399,0.9873138666152954,1024,0.5,65536,262144,536739840,0.0006105006105006105,True
seed_holdout,s03_p01_seed20260741,layer00_step00_capacity_control,0,0,contribution_norm,0.25,6,2,32640,givens,8,heldout_defect_posthoc,0.003298485174159595,1555.29052734375,0.0014563021971589097,0.005477264132935448,0.0003387510261007264,0.776351895877334,0.9838204979896545,24,0.01171875,768,262144,536739840,0.0004898313492063492,True
seed_holdout,s03_p01_seed20260741,layer00_step00_capacity_control,0,0,contribution_norm,0.25,6,2,32640,householder,8,heldout_defect_posthoc,0.0017917431475533718,1555.29052734375,0.0010733271440712007,0.005477264132935448,0.0003387510261007264,0.9091806196797871,0.9838204979896545,1024,0.5,65536,262144,536739840,0.0006105006105006105,True
seed_holdout,s03_p01_seed20260741,layer00_step00_capacity_control,0,0,contribution_norm,0.25,7,0,0,givens,8,heldout_defect_posthoc,0.05951029429356306,540.9581298828125,0.010488520296698597,0.019803384745831477,0.0016934268302193495,0.5592399799916145,0.9557783603668213,24,0.01171875,768,262144,536739840,0.0004898313492063492,False
seed_holdout,s03_p01_seed20260741,layer00_step00_capacity_control,0,0,contribution_norm,0.25,7,0,0,householder,8,heldout_defect_posthoc,0.028871376949619502,540.9581298828125,0.007305533262623237,0.019803384745831477,0.0016934268302193495,0.8092456721916225,0.9557783603668213,1024,0.5,65536,262144,536739840,0.0006105006105006105,True
seed_holdout,s03_p01_seed20260741,layer00_step00_capacity_control,0,0,contribution_norm,0.25,7,1,16320,givens,8,heldout_defect_posthoc,0.059233081022624985,512.7139282226562,0.010748419392526973,0.026160382513450653,0.0017385767444211063,0.5956204711405741,0.946686863899231,24,0.01171875,768,262144,536739840,0.0004898313492063492,False
seed_holdout,s03_p01_seed20260741,layer00_step00_capacity_control,0,0,contribution_norm,0.25,7,1,16320,householder,8,heldout_defect_posthoc,0.022942108145127628,512.7139282226562,0.006689275818466944,0.026160382513450653,0.0017385767444211063,0.8259685333777429,0.946686863899231,1024,0.5,65536,262144,536739840,0.0006105006105006105,True
seed_holdout,s03_p01_seed20260741,layer00_step00_capacity_control,0,0,contribution_norm,0.25,7,2,32640,givens,8,heldout_defect_posthoc,0.31920556277867596,586.3121948242188,0.023333009719850417,0.05050893592210482,0.004008543678069952,0.5989728182404485,0.8750101327896118,24,0.01171875,768,262144,536739840,0.0004898313492063492,False
seed_holdout,s03_p01_seed20260741,layer00_step00_capacity_control,0,0,contribution_norm,0.25,7,2,32640,householder,8,heldout_defect_posthoc,0.12212988940721756,586.3121948242188,0.014432664569970846,0.05050893592210482,0.004008543678069952,0.8419874930926021,0.8750101327896118,1024,0.5,65536,262144,536739840,0.0006105006105006105,False
seed_holdout,s03_p01_seed20260741,layer00_step00_capacity_control,0,0,contribution_norm,0.25,8,0,0,givens,8,heldout_defect_posthoc,0.7442182855810741,166.6895751953125,0.06681838097248585,0.23786320148805984,0.0016494403286302973,0.529282361984398,0.2558361291885376,24,0.01171875,768,262144,536739840,0.0004898313492063492,False
seed_holdout,s03_p01_seed20260741,layer00_step00_capacity_control,0,0,contribution_norm,0.25,8,0,0,householder,8,heldout_defect_posthoc,0.7188012933954471,166.6895751953125,0.06566745800898548,0.23786320148805984,0.0016494403286302973,0.7701374864376478,0.2558361291885376,1024,0.5,65536,262144,536739840,0.0006105006105006105,False
seed_holdout,s03_p01_seed20260741,layer00_step00_capacity_control,0,0,contribution_norm,0.25,8,1,16320,givens,8,heldout_defect_posthoc,0.6044714331469928,155.30596923828125,0.06238695894980385,0.5762878187233026,0.0018214961428033383,0.5875252712580765,0.26119139790534973,24,0.01171875,768,262144,536739840,0.0004898313492063492,False
seed_holdout,s03_p01_seed20260741,layer00_step00_capacity_control,0,0,contribution_norm,0.25,8,1,16320,householder,8,heldout_defect_posthoc,0.30092184731655014,155.30596923828125,0.04401825129880595,0.5762878187233026,0.0018214961428033383,0.8159443780602227,0.26119139790534973,1024,0.5,65536,262144,536739840,0.0006105006105006105,False
seed_holdout,s03_p01_seed20260741,layer00_step00_capacity_control,0,0,contribution_norm,0.25,8,2,32640,givens,8,heldout_defect_posthoc,0.5441699853554389,175.60447692871094,0.05566721572910356,0.19005092838602247,0.0016235255567034414,0.583726330312284,0.2613227367401123,24,0.01171875,768,262144,536739840,0.0004898313492063492,False
seed_holdout,s03_p01_seed20260741,layer00_step00_capacity_control,0,0,contribution_norm,0.25,8,2,32640,householder,8,heldout_defect_posthoc,0.13130928588676893,175.60447692871094,0.02734512593700322,0.19005092838602247,0.0016235255567034414,0.7897575292793273,0.2613227367401123,1024,0.5,65536,262144,536739840,0.0006105006105006105,False
seed_holdout,s03_p01_seed20260741,layer00_step00_capacity_control,0,0,contribution_norm,0.25,9,0,0,givens,8,heldout_defect_posthoc,0.452205203742129,119.2624740600586,0.06157662343961116,0.36740495454917116,0.0028025173256886757,0.6252014489493878,0.3039551377296448,24,0.01171875,768,262144,536739840,0.0004898313492063492,False
seed_holdout,s03_p01_seed20260741,layer00_step00_capacity_control,0,0,contribution_norm,0.25,9,0,0,householder,8,heldout_defect_posthoc,0.1857337011427217,119.2624740600586,0.03946330457327161,0.36740495454917116,0.0028025173256886757,0.8476599967306524,0.3039551377296448,1024,0.5,65536,262144,536739840,0.0006105006105006105,False
seed_holdout,s03_p01_seed20260741,layer00_step00_capacity_control,0,0,contribution_norm,0.25,9,1,16320,givens,8,heldout_defect_posthoc,0.7209428510816944,107.84619140625,0.08176134244471012,0.8779215905108317,0.0025581562807745336,0.6090508441380049,0.3584744334220886,24,0.01171875,768,262144,536739840,0.0004898313492063492,False
seed_holdout,s03_p01_seed20260741,layer00_step00_capacity_control,0,0,contribution_norm,0.25,9,1,16320,householder,8,heldout_defect_posthoc,0.38816286063149,107.84619140625,0.05999355309381737,0.8779215905108317,0.0025581562807745336,0.8282268926166456,0.3584744334220886,1024,0.5,65536,262144,536739840,0.0006105006105006105,False
seed_holdout,s03_p01_seed20260741,layer00_step00_capacity_control,0,0,contribution_norm,0.25,9,2,32640,givens,8,heldout_defect_posthoc,1.0804912652180705,329.8741455078125,0.05723167954107162,0.5923870658574488,0.0015168321005756354,0.6519654925243562,0.41863054037094116,24,0.01171875,768,262144,536739840,0.0004898313492063492,False
seed_holdout,s03_p01_seed20260741,layer00_step00_capacity_control,0,0,contribution_norm,0.25,9,2,32640,householder,8,heldout_defect_posthoc,0.24538377114295196,329.8741455078125,0.027273996419883338,0.5923870658574488,0.0015168321005756354,0.8472006896101965,0.41863054037094116,1024,0.5,65536,262144,536739840,0.0006105006105006105,False
seed_holdout,s03_p01_seed20260741,layer00_step00_capacity_control,0,0,contribution_norm,0.25,10,0,0,givens,8,heldout_defect_posthoc,0.2861673256139065,2827.51318359375,0.01006022521253744,0.04177849144927303,0.0004315072796550749,0.6746136640315994,0.581092119216919,24,0.01171875,768,262144,536739840,0.0004898313492063492,False
seed_holdout,s03_p01_seed20260741,layer00_step00_capacity_control,0,0,contribution_norm,0.25,10,0,0,householder,8,heldout_defect_posthoc,0.13519860090187402,2827.51318359375,0.006914866172994064,0.04177849144927303,0.0004315072796550749,0.8672377530382549,0.581092119216919,1024,0.5,65536,262144,536739840,0.0006105006105006105,True
seed_holdout,s03_p01_seed20260741,layer00_step00_capacity_control,0,0,contribution_norm,0.25,10,1,16320,givens,8,heldout_defect_posthoc,0.052471640726542555,514.0946044921875,0.010102777752366714,0.08198733845555041,0.00028620428502637265,0.6991015994230878,0.8849095106124878,24,0.01171875,768,262144,536739840,0.0004898313492063492,False
seed_holdout,s03_p01_seed20260741,layer00_step00_capacity_control,0,0,contribution_norm,0.25,10,1,16320,householder,8,heldout_defect_posthoc,0.031114808507519832,514.0946044921875,0.007779685547726548,0.08198733845555041,0.00028620428502637265,0.8544039333538321,0.8849095106124878,1024,0.5,65536,262144,536739840,0.0006105006105006105,True
seed_holdout,s03_p01_seed20260741,layer00_step00_capacity_control,0,0,contribution_norm,0.25,10,2,32640,givens,8,heldout_defect_posthoc,0.1995021463298626,644.2542724609375,0.017597263311762118,0.15311868645526558,0.0006351666891084752,0.7163581144307414,0.6999621391296387,24,0.01171875,768,262144,536739840,0.0004898313492063492,False
seed_holdout,s03_p01_seed20260741,layer00_step00_capacity_control,0,0,contribution_norm,0.25,10,2,32640,householder,8,heldout_defect_posthoc,0.031779737140512965,644.2542724609375,0.007023385339008026,0.15311868645526558,0.0006351666891084752,0.8952086245939195,0.6999621391296387,1024,0.5,65536,262144,536739840,0.0006105006105006105,True
seed_holdout,s03_p01_seed20260741,layer00_step00_capacity_control,0,0,contribution_norm,0.25,11,0,0,givens,8,heldout_defect_posthoc,0.0012426092422684848,3948.7705078125,0.0005609657454798333,0.0011263735522961495,0.000281779291140392,0.6596826528097368,0.9987006187438965,24,0.01171875,768,262144,536739840,0.0004898313492063492,True
seed_holdout,s03_p01_seed20260741,layer00_step00_capacity_control,0,0,contribution_norm,0.25,11,0,0,householder,8,heldout_defect_posthoc,0.0006871377552240372,3948.7705078125,0.00041714876166235515,0.0011263735522961495,0.000281779291140392,0.8420188345901103,0.9987006187438965,1024,0.5,65536,262144,536739840,0.0006105006105006105,True
seed_holdout,s03_p01_seed20260741,layer00_step00_capacity_control,0,0,contribution_norm,0.25,11,1,16320,givens,8,heldout_defect_posthoc,0.0006624244680615549,3180.27880859375,0.00045638943795062913,0.0009161449218559082,0.00022127866398863593,0.6304281863756819,0.9989970922470093,24,0.01171875,768,262144,536739840,0.0004898313492063492,True
seed_holdout,s03_p01_seed20260741,layer00_step00_capacity_control,0,0,contribution_norm,0.25,11,1,16320,householder,8,heldout_defect_posthoc,0.00035815074213084593,3180.27880859375,0.00033558329196082935,0.0009161449218559082,0.00022127866398863593,0.8272481318272795,0.9989970922470093,1024,0.5,65536,262144,536739840,0.0006105006105006105,True
seed_holdout,s03_p01_seed20260741,layer00_step00_capacity_control,0,0,contribution_norm,0.25,11,2,32640,givens,8,heldout_defect_posthoc,0.0024788728210669375,5498.32958984375,0.000671447000626515,0.0013114819135195532,0.0003675016401845961,0.6840243752199446,0.9985538125038147,24,0.01171875,768,262144,536739840,0.0004898313492063492,True
seed_holdout,s03_p01_seed20260741,layer00_step00_capacity_control,0,0,contribution_norm,0.25,11,2,32640,householder,8,heldout_defect_posthoc,0.0016457870562524176,5498.32958984375,0.0005471059481300864,0.0013114819135195532,0.0003675016401845961,0.8502460624899072,0.9985538125038147,1024,0.5,65536,262144,536739840,0.0006105006105006105,True
seed_holdout,s02_p00_seed20260741,layer00_step00_capacity_control,0,0,contribution_norm,0.25,0,0,0,orthogonal_bcm,8,heldout_defect_posthoc,0.008806975370407127,388.6896057128906,0.00476005452462923,0.17646869188574194,0.0010206466646310497,0.7138868205087023,0.663489043712616,448,0.21875,327680,262144,536739840,0.001098901098901099,True
seed_holdout,s02_p00_seed20260741,layer00_step00_capacity_control,0,0,contribution_norm,0.25,0,1,16320,orthogonal_bcm,8,heldout_defect_posthoc,0.013167053810361012,344.428466796875,0.006182936496625598,0.22356461079704867,0.0012622401886348653,0.686751314127128,0.5537364482879639,448,0.21875,327680,262144,536739840,0.001098901098901099,True
seed_holdout,s02_p00_seed20260741,layer00_step00_capacity_control,0,0,contribution_norm,0.25,0,2,32640,orthogonal_bcm,8,heldout_defect_posthoc,0.013615595449027828,536.2006225585938,0.005039119558437015,0.13407958098495018,0.0010995239082382297,0.664589975620662,0.6264646053314209,448,0.21875,327680,262144,536739840,0.001098901098901099,True
seed_holdout,s02_p00_seed20260741,layer00_step00_capacity_control,0,0,contribution_norm,0.25,1,0,0,orthogonal_bcm,8,heldout_defect_posthoc,0.11297522363040459,2353.151611328125,0.00692893759978513,0.021845710456908612,0.002302200417930722,0.6011887348837686,0.9558866024017334,448,0.21875,327680,262144,536739840,0.001098901098901099,True
seed_holdout,s02_p00_seed20260741,layer00_step00_capacity_control,0,0,contribution_norm,0.25,1,1,16320,orthogonal_bcm,8,heldout_defect_posthoc,0.0741324029143921,2055.218017578125,0.006005858411096624,0.01695224592838672,0.0021667279667111393,0.5934660916655267,0.9480324983596802,448,0.21875,327680,262144,536739840,0.001098901098901099,True
seed_holdout,s02_p00_seed20260741,layer00_step00_capacity_control,0,0,contribution_norm,0.25,1,2,32640,orthogonal_bcm,8,heldout_defect_posthoc,0.02532031183520756,2155.07568359375,0.0034277036083249306,0.010287836006392485,0.0012419389383031242,0.6529646428584679,0.9752293825149536,448,0.21875,327680,262144,536739840,0.001098901098901099,True
seed_holdout,s02_p00_seed20260741,layer00_step00_capacity_control,0,0,contribution_norm,0.25,2,0,0,orthogonal_bcm,8,heldout_defect_posthoc,0.010511261720601331,770.231689453125,0.003694168778400981,0.1649773400811363,0.0009263204411176379,0.6154717822927999,0.273404598236084,448,0.21875,327680,262144,536739840,0.001098901098901099,True
seed_holdout,s02_p00_seed20260741,layer00_step00_capacity_control,0,0,contribution_norm,0.25,2,1,16320,orthogonal_bcm,8,heldout_defect_posthoc,0.013813308129702358,709.14404296875,0.004413484648232445,0.15382656750570203,0.0008294076391439059,0.618604967001672,0.28458547592163086,448,0.21875,327680,262144,536739840,0.001098901098901099,True
seed_holdout,s02_p00_seed20260741,layer00_step00_capacity_control,0,0,contribution_norm,0.25,2,2,32640,orthogonal_bcm,8,heldout_defect_posthoc,0.013129665005660332,751.9599609375,0.004178587150411874,0.18055975231345076,0.0010250918070830656,0.6823252056841961,0.3057299852371216,448,0.21875,327680,262144,536739840,0.001098901098901099,True
seed_holdout,s02_p00_seed20260741,layer00_step00_capacity_control,0,0,contribution_norm,0.25,3,0,0,orthogonal_bcm,8,heldout_defect_posthoc,0.006627478696876595,491.4150695800781,0.003672399630900631,0.1854290461493185,0.0008488987430745153,0.5679980470481181,0.2554953396320343,448,0.21875,327680,262144,536739840,0.001098901098901099,True
seed_holdout,s02_p00_seed20260741,layer00_step00_capacity_control,0,0,contribution_norm,0.25,3,1,16320,orthogonal_bcm,8,heldout_defect_posthoc,0.005405279868642768,474.0145263671875,0.0033768616436635574,0.26334462365154226,0.0007993376312727456,0.5702071340032029,0.2585747241973877,448,0.21875,327680,262144,536739840,0.001098901098901099,True
seed_holdout,s02_p00_seed20260741,layer00_step00_capacity_control,0,0,contribution_norm,0.25,3,2,32640,orthogonal_bcm,8,heldout_defect_posthoc,0.0082338460947422,478.401611328125,0.0041486333633226,0.28824290127377095,0.0009587431995693785,0.5899274116708612,0.262124627828598,448,0.21875,327680,262144,536739840,0.001098901098901099,True
seed_holdout,s02_p00_seed20260741,layer00_step00_capacity_control,0,0,contribution_norm,0.25,4,0,0,orthogonal_bcm,8,heldout_defect_posthoc,6.551987764987768e-05,2815.7763671875,0.00015254130556504713,0.00034964563492244523,7.679950302235244e-05,0.6307833911553034,0.9996098875999451,448,0.21875,327680,262144,536739840,0.001098901098901099,True
seed_holdout,s02_p00_seed20260741,layer00_step00_capacity_control,0,0,contribution_norm,0.25,4,1,16320,orthogonal_bcm,8,heldout_defect_posthoc,7.38908280561848e-05,1943.997802734375,0.00019496083754371775,0.0005976582867834418,9.078044198604376e-05,0.6188930848778864,0.9994662404060364,448,0.21875,327680,262144,536739840,0.001098901098901099,True
seed_holdout,s02_p00_seed20260741,layer00_step00_capacity_control,0,0,contribution_norm,0.25,4,2,32640,orthogonal_bcm,8,heldout_defect_posthoc,3.443270548077782e-05,3189.43408203125,0.00010390316062876198,0.00026490208069764715,5.6044433821736036e-05,0.6750416240918309,0.9997332096099854,448,0.21875,327680,262144,536739840,0.001098901098901099,True
seed_holdout,s02_p00_seed20260741,layer00_step00_capacity_control,0,0,contribution_norm,0.25,5,0,0,orthogonal_bcm,8,heldout_defect_posthoc,3.889979249745757e-05,1878.9102783203125,0.00014388668971849938,0.0004381234936638085,4.809573699382492e-05,0.586016191508411,0.9993915557861328,448,0.21875,327680,262144,536739840,0.001098901098901099,True
seed_holdout,s02_p00_seed20260741,layer00_step00_capacity_control,0,0,contribution_norm,0.25,5,1,16320,orthogonal_bcm,8,heldout_defect_posthoc,5.242220105068897e-06,1599.7435302734375,5.7244325777797286e-05,0.00023733110788454407,1.6262557163536127e-05,0.5554294911653348,0.9997272491455078,448,0.21875,327680,262144,536739840,0.001098901098901099,True
seed_holdout,s02_p00_seed20260741,layer00_step00_capacity_control,0,0,contribution_norm,0.25,5,2,32640,orthogonal_bcm,8,heldout_defect_posthoc,3.758016951803744e-05,2295.74853515625,0.00012794320022419185,0.0004695314440732494,4.3123656470289675e-05,0.5971527710090844,0.9994580745697021,448,0.21875,327680,262144,536739840,0.001098901098901099,True
seed_holdout,s02_p00_seed20260741,layer00_step00_capacity_control,0,0,contribution_norm,0.25,6,0,0,orthogonal_bcm,8,heldout_defect_posthoc,0.0034079981441120285,1570.54443359375,0.0014730739885858517,0.007973867397104368,0.0004610829180060514,0.7056345907443806,0.9814647436141968,448,0.21875,327680,262144,536739840,0.001098901098901099,True
seed_holdout,s02_p00_seed20260741,layer00_step00_capacity_control,0,0,contribution_norm,0.25,6,1,16320,orthogonal_bcm,8,heldout_defect_posthoc,0.0006580705244703332,1511.251953125,0.0006598842788929923,0.004861033497952341,0.00023475411169248978,0.7605228601599404,0.9873138666152954,448,0.21875,327680,262144,536739840,0.001098901098901099,True
seed_holdout,s02_p00_seed20260741,layer00_step00_capacity_control,0,0,contribution_norm,0.25,6,2,32640,orthogonal_bcm,8,heldout_defect_posthoc,0.0016145801259966651,1555.29052734375,0.0010188823469407713,0.005477264132935448,0.0003387510261007264,0.7571694848570504,0.9838204979896545,448,0.21875,327680,262144,536739840,0.001098901098901099,True
seed_holdout,s02_p00_seed20260741,layer00_step00_capacity_control,0,0,contribution_norm,0.25,7,0,0,orthogonal_bcm,8,heldout_defect_posthoc,0.014957813716494255,540.9581298828125,0.0052583832284893075,0.019803384745831477,0.0016934268302193495,0.5202492561954064,0.9557783603668213,448,0.21875,327680,262144,536739840,0.001098901098901099,True
seed_holdout,s02_p00_seed20260741,layer00_step00_capacity_control,0,0,contribution_norm,0.25,7,1,16320,orthogonal_bcm,8,heldout_defect_posthoc,0.014805351159953588,512.7139282226562,0.005373679971813737,0.026160382513450653,0.0017385767444211063,0.5198671041549001,0.946686863899231,448,0.21875,327680,262144,536739840,0.001098901098901099,True
seed_holdout,s02_p00_seed20260741,layer00_step00_capacity_control,0,0,contribution_norm,0.25,7,2,32640,orthogonal_bcm,8,heldout_defect_posthoc,0.08308141650068893,586.3121948242188,0.011903851011165876,0.05050893592210482,0.004008543678069952,0.5125610438219141,0.8750101327896118,448,0.21875,327680,262144,536739840,0.001098901098901099,False
seed_holdout,s02_p00_seed20260741,layer00_step00_capacity_control,0,0,contribution_norm,0.25,8,0,0,orthogonal_bcm,8,heldout_defect_posthoc,0.007434552219427546,166.6895751953125,0.006678411699776979,0.23786320148805984,0.0016494403286302973,0.4703515434680984,0.2558361291885376,448,0.21875,327680,262144,536739840,0.001098901098901099,True
seed_holdout,s02_p00_seed20260741,layer00_step00_capacity_control,0,0,contribution_norm,0.25,8,1,16320,orthogonal_bcm,8,heldout_defect_posthoc,0.006351368850120777,155.30596923828125,0.0063949859287939425,0.5762878187233026,0.0018214961428033383,0.5404803758346042,0.26119139790534973,448,0.21875,327680,262144,536739840,0.001098901098901099,True
seed_holdout,s02_p00_seed20260741,layer00_step00_capacity_control,0,0,contribution_norm,0.25,8,2,32640,orthogonal_bcm,8,heldout_defect_posthoc,0.007203354431322409,175.60447692871094,0.006404711919625556,0.19005092838602247,0.0016235255567034414,0.5057639332204515,0.2613227367401123,448,0.21875,327680,262144,536739840,0.001098901098901099,True
seed_holdout,s02_p00_seed20260741,layer00_step00_capacity_control,0,0,contribution_norm,0.25,9,0,0,orthogonal_bcm,8,heldout_defect_posthoc,0.01450034822600038,119.2624740600586,0.011026490528964313,0.36740495454917116,0.0028025173256886757,0.5950783666252244,0.3039551377296448,448,0.21875,327680,262144,536739840,0.001098901098901099,False
seed_holdout,s02_p00_seed20260741,layer00_step00_capacity_control,0,0,contribution_norm,0.25,9,1,16320,orthogonal_bcm,8,heldout_defect_posthoc,0.009753574386013122,107.84619140625,0.009509977599128706,0.8779215905108317,0.0025581562807745336,0.6028558441726733,0.3584744334220886,448,0.21875,327680,262144,536739840,0.001098901098901099,True
seed_holdout,s02_p00_seed20260741,layer00_step00_capacity_control,0,0,contribution_norm,0.25,9,2,32640,orthogonal_bcm,8,heldout_defect_posthoc,0.010831122837576097,329.8741455078125,0.005730105281538691,0.5923870658574488,0.0015168321005756354,0.6491785109700219,0.41863054037094116,448,0.21875,327680,262144,536739840,0.001098901098901099,True
seed_holdout,s02_p00_seed20260741,layer00_step00_capacity_control,0,0,contribution_norm,0.25,10,0,0,orthogonal_bcm,8,heldout_defect_posthoc,0.0068980069957355755,2827.51318359375,0.0015619225534442352,0.04177849144927303,0.0004315072796550749,0.6313244860443015,0.581092119216919,448,0.21875,327680,262144,536739840,0.001098901098901099,True
seed_holdout,s02_p00_seed20260741,layer00_step00_capacity_control,0,0,contribution_norm,0.25,10,1,16320,orthogonal_bcm,8,heldout_defect_posthoc,0.0005618512711963124,514.0946044921875,0.001045416044047154,0.08198733845555041,0.00028620428502637265,0.6996046464961363,0.8849095106124878,448,0.21875,327680,262144,536739840,0.001098901098901099,True
seed_holdout,s02_p00_seed20260741,layer00_step00_capacity_control,0,0,contribution_norm,0.25,10,2,32640,orthogonal_bcm,8,heldout_defect_posthoc,0.002785733757156365,644.2542724609375,0.002079414891577528,0.15311868645526558,0.0006351666891084752,0.7109692997069422,0.6999621391296387,448,0.21875,327680,262144,536739840,0.001098901098901099,True
seed_holdout,s02_p00_seed20260741,layer00_step00_capacity_control,0,0,contribution_norm,0.25,11,0,0,orthogonal_bcm,8,heldout_defect_posthoc,0.000943868945245928,3948.7705078125,0.0004889054758369702,0.0011263735522961495,0.000281779291140392,0.6703438322443783,0.9987006187438965,448,0.21875,327680,262144,536739840,0.001098901098901099,True
seed_holdout,s02_p00_seed20260741,layer00_step00_capacity_control,0,0,contribution_norm,0.25,11,1,16320,orthogonal_bcm,8,heldout_defect_posthoc,0.00047178367472106573,3180.27880859375,0.0003851579413038068,0.0009161449218559082,0.00022127866398863593,0.6332272771393778,0.9989970922470093,448,0.21875,327680,262144,536739840,0.001098901098901099,True
seed_holdout,s02_p00_seed20260741,layer00_step00_capacity_control,0,0,contribution_norm,0.25,11,2,32640,orthogonal_bcm,8,heldout_defect_posthoc,0.0019317352862717094,5498.32958984375,0.0005927320648173545,0.0013114819135195532,0.0003675016401845961,0.6864426391864877,0.9985538125038147,448,0.21875,327680,262144,536739840,0.001098901098901099,True
seed_holdout,s03_p01_seed20260741,layer00_step00_capacity_control,0,0,contribution_norm,0.25,0,0,0,orthogonal_bcm,8,heldout_defect_posthoc,0.008800061821699234,388.6896057128906,0.004758185816679349,0.17646869188574194,0.0010206466646310497,0.713761718005708,0.663489043712616,448,0.21875,327680,262144,536739840,0.001098901098901099,True
seed_holdout,s03_p01_seed20260741,layer00_step00_capacity_control,0,0,contribution_norm,0.25,0,1,16320,orthogonal_bcm,8,heldout_defect_posthoc,0.013167053810361012,344.428466796875,0.006182936496625598,0.22356461079704867,0.0012622401886348653,0.686751314127128,0.5537364482879639,448,0.21875,327680,262144,536739840,0.001098901098901099,True
seed_holdout,s03_p01_seed20260741,layer00_step00_capacity_control,0,0,contribution_norm,0.25,0,2,32640,orthogonal_bcm,8,heldout_defect_posthoc,0.013636843541857529,536.2006225585938,0.005043049975578984,0.13407958098495018,0.0010995239082382297,0.665245464473211,0.6264646053314209,448,0.21875,327680,262144,536739840,0.001098901098901099,True
seed_holdout,s03_p01_seed20260741,layer00_step00_capacity_control,0,0,contribution_norm,0.25,1,0,0,orthogonal_bcm,8,heldout_defect_posthoc,0.1129752157642944,2353.151611328125,0.006928937358565038,0.021845710456908612,0.002302200417930722,0.6011780400847404,0.9558866024017334,448,0.21875,327680,262144,536739840,0.001098901098901099,True
seed_holdout,s03_p01_seed20260741,layer00_step00_capacity_control,0,0,contribution_norm,0.25,1,1,16320,orthogonal_bcm,8,heldout_defect_posthoc,0.07430408327217214,2055.218017578125,0.006012808756737601,0.01695224592838672,0.0021667279667111393,0.5930086212838559,0.9480324983596802,448,0.21875,327680,262144,536739840,0.001098901098901099,True
seed_holdout,s03_p01_seed20260741,layer00_step00_capacity_control,0,0,contribution_norm,0.25,1,2,32640,orthogonal_bcm,8,heldout_defect_posthoc,0.02532031079824012,2155.07568359375,0.003427703538135884,0.010287836006392485,0.0012419389383031242,0.6529647281550821,0.9752293825149536,448,0.21875,327680,262144,536739840,0.001098901098901099,True
seed_holdout,s03_p01_seed20260741,layer00_step00_capacity_control,0,0,contribution_norm,0.25,2,0,0,orthogonal_bcm,8,heldout_defect_posthoc,0.010503719139464324,770.231689453125,0.0036928431255533536,0.1649773400811363,0.0009263204411176379,0.6148389975026679,0.273404598236084,448,0.21875,327680,262144,536739840,0.001098901098901099,True
seed_holdout,s03_p01_seed20260741,layer00_step00_capacity_control,0,0,contribution_norm,0.25,2,1,16320,orthogonal_bcm,8,heldout_defect_posthoc,0.013748054307136897,709.14404296875,0.00440304769605385,0.15382656750570203,0.0008294076391439059,0.6170364690375114,0.28458547592163086,448,0.21875,327680,262144,536739840,0.001098901098901099,True
seed_holdout,s03_p01_seed20260741,layer00_step00_capacity_control,0,0,contribution_norm,0.25,2,2,32640,orthogonal_bcm,8,heldout_defect_posthoc,0.013092920180375913,751.9599609375,0.004172735933682493,0.18055975231345076,0.0010250918070830656,0.6820690178308458,0.3057299852371216,448,0.21875,327680,262144,536739840,0.001098901098901099,True
seed_holdout,s03_p01_seed20260741,layer00_step00_capacity_control,0,0,contribution_norm,0.25,3,0,0,orthogonal_bcm,8,heldout_defect_posthoc,0.0066311576541765865,491.4150695800781,0.0036734187761602835,0.1854290461493185,0.0008488987430745153,0.5678700034999292,0.2554953396320343,448,0.21875,327680,262144,536739840,0.001098901098901099,True
seed_holdout,s03_p01_seed20260741,layer00_step00_capacity_control,0,0,contribution_norm,0.25,3,1,16320,orthogonal_bcm,8,heldout_defect_posthoc,0.005405279868642768,474.0145263671875,0.0033768616436635574,0.26334462365154226,0.0007993376312727456,0.5702071340032029,0.2585747241973877,448,0.21875,327680,262144,536739840,0.001098901098901099,True
seed_holdout,s03_p01_seed20260741,layer00_step00_capacity_control,0,0,contribution_norm,0.25,3,2,32640,orthogonal_bcm,8,heldout_defect_posthoc,0.0082338460947422,478.401611328125,0.0041486333633226,0.28824290127377095,0.0009587431995693785,0.5899274116708612,0.262124627828598,448,0.21875,327680,262144,536739840,0.001098901098901099,True
seed_holdout,s03_p01_seed20260741,layer00_step00_capacity_control,0,0,contribution_norm,0.25,4,0,0,orthogonal_bcm,8,heldout_defect_posthoc,6.551987874184363e-05,2815.7763671875,0.00015254130683618741,0.00034964563492244523,7.679950302235244e-05,0.6307845138157604,0.9996098875999451,448,0.21875,327680,262144,536739840,0.001098901098901099,True
seed_holdout,s03_p01_seed20260741,layer00_step00_capacity_control,0,0,contribution_norm,0.25,4,1,16320,orthogonal_bcm,8,heldout_defect_posthoc,7.384597792993216e-05,1943.997802734375,0.00019490166006751205,0.0005976582867834418,9.078044198604376e-05,0.6187429950002691,0.9994662404060364,448,0.21875,327680,262144,536739840,0.001098901098901099,True
seed_holdout,s03_p01_seed20260741,layer00_step00_capacity_control,0,0,contribution_norm,0.25,4,2,32640,orthogonal_bcm,8,heldout_defect_posthoc,3.4432672338373016e-05,3189.43408203125,0.0001039031106239571,0.00026490208069764715,5.6044433821736036e-05,0.6750414302330343,0.9997332096099854,448,0.21875,327680,262144,536739840,0.001098901098901099,True
seed_holdout,s03_p01_seed20260741,layer00_step00_capacity_control,0,0,contribution_norm,0.25,5,0,0,orthogonal_bcm,8,heldout_defect_posthoc,3.8900138013397e-05,1878.9102783203125,0.00014388732873263265,0.0004381234936638085,4.809573699382492e-05,0.5859730959548461,0.9993915557861328,448,0.21875,327680,262144,536739840,0.001098901098901099,True
seed_holdout,s03_p01_seed20260741,layer00_step00_capacity_control,0,0,contribution_norm,0.25,5,1,16320,orthogonal_bcm,8,heldout_defect_posthoc,5.267927821978315e-06,1599.7435302734375,5.738451648942069e-05,0.00023733110788454407,1.6262557163536127e-05,0.5647837761468848,0.9997272491455078,448,0.21875,327680,262144,536739840,0.001098901098901099,True
seed_holdout,s03_p01_seed20260741,layer00_step00_capacity_control,0,0,contribution_norm,0.25,5,2,32640,orthogonal_bcm,8,heldout_defect_posthoc,3.757636410550151e-05,2295.74853515625,0.00012793672222009665,0.0004695314440732494,4.3123656470289675e-05,0.5970010317044318,0.9994580745697021,448,0.21875,327680,262144,536739840,0.001098901098901099,True
seed_holdout,s03_p01_seed20260741,layer00_step00_capacity_control,0,0,contribution_norm,0.25,6,0,0,orthogonal_bcm,8,heldout_defect_posthoc,0.0034079975681321453,1570.54443359375,0.0014730738641050005,0.007973867397104368,0.0004610829180060514,0.7056345032799811,0.9814647436141968,448,0.21875,327680,262144,536739840,0.001098901098901099,True
seed_holdout,s03_p01_seed20260741,layer00_step00_capacity_control,0,0,contribution_norm,0.25,6,1,16320,orthogonal_bcm,8,heldout_defect_posthoc,0.0006581455097410957,1511.251953125,0.0006599218737935334,0.004861033497952341,0.00023475411169248978,0.758730563949396,0.9873138666152954,448,0.21875,327680,262144,536739840,0.001098901098901099,True
seed_holdout,s03_p01_seed20260741,layer00_step00_capacity_control,0,0,contribution_norm,0.25,6,2,32640,orthogonal_bcm,8,heldout_defect_posthoc,0.0016145802131565488,1555.29052734375,0.0010188823744419354,0.005477264132935448,0.0003387510261007264,0.7571609951859299,0.9838204979896545,448,0.21875,327680,262144,536739840,0.001098901098901099,True
seed_holdout,s03_p01_seed20260741,layer00_step00_capacity_control,0,0,contribution_norm,0.25,7,0,0,orthogonal_bcm,8,heldout_defect_posthoc,0.014600530055500062,540.9581298828125,0.005195202560081669,0.019803384745831477,0.0016934268302193495,0.5182601715849269,0.9557783603668213,448,0.21875,327680,262144,536739840,0.001098901098901099,True
seed_holdout,s03_p01_seed20260741,layer00_step00_capacity_control,0,0,contribution_norm,0.25,7,1,16320,orthogonal_bcm,8,heldout_defect_posthoc,0.014745666692255589,512.7139282226562,0.005362837638138773,0.026160382513450653,0.0017385767444211063,0.5120683326724427,0.946686863899231,448,0.21875,327680,262144,536739840,0.001098901098901099,True
seed_holdout,s03_p01_seed20260741,layer00_step00_capacity_control,0,0,contribution_norm,0.25,7,2,32640,orthogonal_bcm,8,heldout_defect_posthoc,0.08377218413429924,586.3121948242188,0.011953234942226842,0.05050893592210482,0.004008543678069952,0.5185462805990215,0.8750101327896118,448,0.21875,327680,262144,536739840,0.001098901098901099,False
seed_holdout,s03_p01_seed20260741,layer00_step00_capacity_control,0,0,contribution_norm,0.25,8,0,0,orthogonal_bcm,8,heldout_defect_posthoc,0.007452625655556153,166.6895751953125,0.006686524399510428,0.23786320148805984,0.0016494403286302973,0.4704135137858262,0.2558361291885376,448,0.21875,327680,262144,536739840,0.001098901098901099,True
seed_holdout,s03_p01_seed20260741,layer00_step00_capacity_control,0,0,contribution_norm,0.25,8,1,16320,orthogonal_bcm,8,heldout_defect_posthoc,0.006351368850120777,155.30596923828125,0.0063949859287939425,0.5762878187233026,0.0018214961428033383,0.5404803758346042,0.26119139790534973,448,0.21875,327680,262144,536739840,0.001098901098901099,True
seed_holdout,s03_p01_seed20260741,layer00_step00_capacity_control,0,0,contribution_norm,0.25,8,2,32640,orthogonal_bcm,8,heldout_defect_posthoc,0.0071916730985574166,175.60447692871094,0.006399516706219734,0.19005092838602247,0.0016235255567034414,0.5054145601651567,0.2613227367401123,448,0.21875,327680,262144,536739840,0.001098901098901099,True
seed_holdout,s03_p01_seed20260741,layer00_step00_capacity_control,0,0,contribution_norm,0.25,9,0,0,orthogonal_bcm,8,heldout_defect_posthoc,0.01451146933218531,119.2624740600586,0.011030718126358344,0.36740495454917116,0.0028025173256886757,0.5954504435830301,0.3039551377296448,448,0.21875,327680,262144,536739840,0.001098901098901099,False
seed_holdout,s03_p01_seed20260741,layer00_step00_capacity_control,0,0,contribution_norm,0.25,9,1,16320,orthogonal_bcm,8,heldout_defect_posthoc,0.009753574386013122,107.84619140625,0.009509977599128706,0.8779215905108317,0.0025581562807745336,0.6028558441726733,0.3584744334220886,448,0.21875,327680,262144,536739840,0.001098901098901099,True
seed_holdout,s03_p01_seed20260741,layer00_step00_capacity_control,0,0,contribution_norm,0.25,9,2,32640,orthogonal_bcm,8,heldout_defect_posthoc,0.010850917045422579,329.8741455078125,0.005735338862718222,0.5923870658574488,0.0015168321005756354,0.6490753346504993,0.41863054037094116,448,0.21875,327680,262144,536739840,0.001098901098901099,True
seed_holdout,s03_p01_seed20260741,layer00_step00_capacity_control,0,0,contribution_norm,0.25,10,0,0,orthogonal_bcm,8,heldout_defect_posthoc,0.006896242652794879,2827.51318359375,0.00156172278971031,0.04177849144927303,0.0004315072796550749,0.6314639112044204,0.581092119216919,448,0.21875,327680,262144,536739840,0.001098901098901099,True
seed_holdout,s03_p01_seed20260741,layer00_step00_capacity_control,0,0,contribution_norm,0.25,10,1,16320,orthogonal_bcm,8,heldout_defect_posthoc,0.0005611787173107585,514.0946044921875,0.0010447901585215764,0.08198733845555041,0.00028620428502637265,0.6993146040999988,0.8849095106124878,448,0.21875,327680,262144,536739840,0.001098901098901099,True
seed_holdout,s03_p01_seed20260741,layer00_step00_capacity_control,0,0,contribution_norm,0.25,10,2,32640,orthogonal_bcm,8,heldout_defect_posthoc,0.002786445544825043,644.2542724609375,0.0020796805320645833,0.15311868645526558,0.0006351666891084752,0.7109066206241736,0.6999621391296387,448,0.21875,327680,262144,536739840,0.001098901098901099,True
seed_holdout,s03_p01_seed20260741,layer00_step00_capacity_control,0,0,contribution_norm,0.25,11,0,0,orthogonal_bcm,8,heldout_defect_posthoc,0.000943868945245928,3948.7705078125,0.0004889054758369702,0.0011263735522961495,0.000281779291140392,0.6703438322443783,0.9987006187438965,448,0.21875,327680,262144,536739840,0.001098901098901099,True
seed_holdout,s03_p01_seed20260741,layer00_step00_capacity_control,0,0,contribution_norm,0.25,11,1,16320,orthogonal_bcm,8,heldout_defect_posthoc,0.00047202742936709784,3180.27880859375,0.00038525742748691876,0.0009161449218559082,0.00022127866398863593,0.6308927314377882,0.9989970922470093,448,0.21875,327680,262144,536739840,0.001098901098901099,True
seed_holdout,s03_p01_seed20260741,layer00_step00_capacity_control,0,0,contribution_norm,0.25,11,2,32640,orthogonal_bcm,8,heldout_defect_posthoc,0.0019402809168791867,5498.32958984375,0.0005940416851675703,0.0013114819135195532,0.0003675016401845961,0.6882435613929371,0.9985538125038147,448,0.21875,327680,262144,536739840,0.001098901098901099,True
seed_holdout,s02_p00_seed20260741,layer00_step00_capacity_control,0,0,contribution_norm,0.25,0,0,0,butterfly,8,heldout_defect_posthoc,0.008384637912533716,388.6896057128906,0.004644518453856648,0.17646869188574194,0.0010206466646310497,0.7069463966710963,0.663489043712616,512,0.25,49152,262144,536739840,0.00057997557997558,True
seed_holdout,s02_p00_seed20260741,layer00_step00_capacity_control,0,0,contribution_norm,0.25,0,1,16320,butterfly,8,heldout_defect_posthoc,0.010611709052651968,344.428466796875,0.005550641109749522,0.22356461079704867,0.0012622401886348653,0.6859400992929114,0.5537364482879639,512,0.25,49152,262144,536739840,0.00057997557997558,True
seed_holdout,s02_p00_seed20260741,layer00_step00_capacity_control,0,0,contribution_norm,0.25,0,2,32640,butterfly,8,heldout_defect_posthoc,0.01138474100547238,536.2006225585938,0.004607845625008817,0.13407958098495018,0.0010995239082382297,0.684035748677536,0.6264646053314209,512,0.25,49152,262144,536739840,0.00057997557997558,True
seed_holdout,s02_p00_seed20260741,layer00_step00_capacity_control,0,0,contribution_norm,0.25,1,0,0,butterfly,8,heldout_defect_posthoc,0.08604882676942732,2353.151611328125,0.006047105172818722,0.021845710456908612,0.002302200417930722,0.6522533275673212,0.9558866024017334,512,0.25,49152,262144,536739840,0.00057997557997558,True
seed_holdout,s02_p00_seed20260741,layer00_step00_capacity_control,0,0,contribution_norm,0.25,1,1,16320,butterfly,8,heldout_defect_posthoc,0.05699273675621862,2055.218017578125,0.005265999417153125,0.01695224592838672,0.0021667279667111393,0.6409133716182478,0.9480324983596802,512,0.25,49152,262144,536739840,0.00057997557997558,True
seed_holdout,s02_p00_seed20260741,layer00_step00_capacity_control,0,0,contribution_norm,0.25,1,2,32640,butterfly,8,heldout_defect_posthoc,0.01875013132100481,2155.07568359375,0.0029496527649329495,0.010287836006392485,0.0012419389383031242,0.6808792065193617,0.9752293825149536,512,0.25,49152,262144,536739840,0.00057997557997558,True
seed_holdout,s02_p00_seed20260741,layer00_step00_capacity_control,0,0,contribution_norm,0.25,2,0,0,butterfly,8,heldout_defect_posthoc,0.009229848834015768,770.231689453125,0.003461677479859921,0.1649773400811363,0.0009263204411176379,0.6288868336597105,0.273404598236084,512,0.25,49152,262144,536739840,0.00057997557997558,True
seed_holdout,s02_p00_seed20260741,layer00_step00_capacity_control,0,0,contribution_norm,0.25,2,1,16320,butterfly,8,heldout_defect_posthoc,0.012053659506013736,709.14404296875,0.004122799646332945,0.15382656750570203,0.0008294076391439059,0.6003525626339258,0.28458547592163086,512,0.25,49152,262144,536739840,0.00057997557997558,True
seed_holdout,s02_p00_seed20260741,layer00_step00_capacity_control,0,0,contribution_norm,0.25,2,2,32640,butterfly,8,heldout_defect_posthoc,0.012658770351768394,751.9599609375,0.0041029705741081725,0.18055975231345076,0.0010250918070830656,0.6879860845657331,0.3057299852371216,512,0.25,49152,262144,536739840,0.00057997557997558,True
seed_holdout,s02_p00_seed20260741,layer00_step00_capacity_control,0,0,contribution_norm,0.25,3,0,0,butterfly,8,heldout_defect_posthoc,0.00603129213938155,491.4150695800781,0.003503329187524155,0.1854290461493185,0.0008488987430745153,0.5541829729304841,0.2554953396320343,512,0.25,49152,262144,536739840,0.00057997557997558,True
seed_holdout,s02_p00_seed20260741,layer00_step00_capacity_control,0,0,contribution_norm,0.25,3,1,16320,butterfly,8,heldout_defect_posthoc,0.004927307644006951,474.0145263671875,0.0032241037889490843,0.26334462365154226,0.0007993376312727456,0.5849069137549795,0.2585747241973877,512,0.25,49152,262144,536739840,0.00057997557997558,True
seed_holdout,s02_p00_seed20260741,layer00_step00_capacity_control,0,0,contribution_norm,0.25,3,2,32640,butterfly,8,heldout_defect_posthoc,0.00697117707374595,478.401611328125,0.0038173039375384056,0.28824290127377095,0.0009587431995693785,0.5885849834953529,0.262124627828598,512,0.25,49152,262144,536739840,0.00057997557997558,True
seed_holdout,s02_p00_seed20260741,layer00_step00_capacity_control,0,0,contribution_norm,0.25,4,0,0,butterfly,8,heldout_defect_posthoc,5.458030650167224e-05,2815.7763671875,0.0001392255381651736,0.00034964563492244523,7.679950302235244e-05,0.668739091719197,0.9996098875999451,512,0.25,49152,262144,536739840,0.00057997557997558,True
seed_holdout,s02_p00_seed20260741,layer00_step00_capacity_control,0,0,contribution_norm,0.25,4,1,16320,butterfly,8,heldout_defect_posthoc,5.987934624736722e-05,1943.997802734375,0.0001755054633291814,0.0005976582867834418,9.078044198604376e-05,0.6721883688249879,0.9994662404060364,512,0.25,49152,262144,536739840,0.00057997557997558,True
seed_holdout,s02_p00_seed20260741,layer00_step00_capacity_control,0,0,contribution_norm,0.25,4,2,32640,butterfly,8,heldout_defect_posthoc,2.9083531299135498e-05,3189.43408203125,9.549194806310736e-05,0.00026490208069764715,5.6044433821736036e-05,0.7196657055174904,0.9997332096099854,512,0.25,49152,262144,536739840,0.00057997557997558,True
seed_holdout,s02_p00_seed20260741,layer00_step00_capacity_control,0,0,contribution_norm,0.25,5,0,0,butterfly,8,heldout_defect_posthoc,3.1205904817272116e-05,1878.9102783203125,0.00012887401788509804,0.0004381234936638085,4.809573699382492e-05,0.6196884077447208,0.9993915557861328,512,0.25,49152,262144,536739840,0.00057997557997558,True
seed_holdout,s02_p00_seed20260741,layer00_step00_capacity_control,0,0,contribution_norm,0.25,5,1,16320,butterfly,8,heldout_defect_posthoc,3.991465972377014e-06,1599.7435302734375,4.9950637391559395e-05,0.00023733110788454407,1.6262557163536127e-05,0.6041045492297039,0.9997272491455078,512,0.25,49152,262144,536739840,0.00057997557997558,True
seed_holdout,s02_p00_seed20260741,layer00_step00_capacity_control,0,0,contribution_norm,0.25,5,2,32640,butterfly,8,heldout_defect_posthoc,3.04234061306749e-05,2295.74853515625,0.0001151176086975645,0.0004695314440732494,4.3123656470289675e-05,0.6435261659256742,0.9994580745697021,512,0.25,49152,262144,536739840,0.00057997557997558,True
seed_holdout,s02_p00_seed20260741,layer00_step00_capacity_control,0,0,contribution_norm,0.25,6,0,0,butterfly,8,heldout_defect_posthoc,0.0023669921560620717,1570.54443359375,0.0012276464022469573,0.007973867397104368,0.0004610829180060514,0.7348904884381564,0.9814647436141968,512,0.25,49152,262144,536739840,0.00057997557997558,True
seed_holdout,s02_p00_seed20260741,layer00_step00_capacity_control,0,0,contribution_norm,0.25,6,1,16320,butterfly,8,heldout_defect_posthoc,0.00044869832913833457,1511.251953125,0.0005448899384215112,0.004861033497952341,0.00023475411169248978,0.7799041653961407,0.9873138666152954,512,0.25,49152,262144,536739840,0.00057997557997558,True
seed_holdout,s02_p00_seed20260741,layer00_step00_capacity_control,0,0,contribution_norm,0.25,6,2,32640,butterfly,8,heldout_defect_posthoc,0.00110825276509318,1555.29052734375,0.00084413838342864,0.005477264132935448,0.0003387510261007264,0.7656383028710052,0.9838204979896545,512,0.25,49152,262144,536739840,0.00057997557997558,True
seed_holdout,s02_p00_seed20260741,layer00_step00_capacity_control,0,0,contribution_norm,0.25,7,0,0,butterfly,8,heldout_defect_posthoc,0.011684577375692751,540.9581298828125,0.0046475565024814815,0.019803384745831477,0.0016934268302193495,0.5656404469867542,0.9557783603668213,512,0.25,49152,262144,536739840,0.00057997557997558,True
seed_holdout,s02_p00_seed20260741,layer00_step00_capacity_control,0,0,contribution_norm,0.25,7,1,16320,butterfly,8,heldout_defect_posthoc,0.011250353707970683,512.7139282226562,0.004684308947007817,0.026160382513450653,0.0017385767444211063,0.568492533165684,0.946686863899231,512,0.25,49152,262144,536739840,0.00057997557997558,True
seed_holdout,s02_p00_seed20260741,layer00_step00_capacity_control,0,0,contribution_norm,0.25,7,2,32640,butterfly,8,heldout_defect_posthoc,0.06484702401723047,586.3121948242188,0.010516726056642042,0.05050893592210482,0.004008543678069952,0.5840572346066214,0.8750101327896118,512,0.25,49152,262144,536739840,0.00057997557997558,False
seed_holdout,s02_p00_seed20260741,layer00_step00_capacity_control,0,0,contribution_norm,0.25,8,0,0,butterfly,8,heldout_defect_posthoc,0.0061859490814788805,166.6895751953125,0.006091846484793816,0.23786320148805984,0.0016494403286302973,0.47154701483876627,0.2558361291885376,512,0.25,49152,262144,536739840,0.00057997557997558,True
seed_holdout,s02_p00_seed20260741,layer00_step00_capacity_control,0,0,contribution_norm,0.25,8,1,16320,butterfly,8,heldout_defect_posthoc,0.006766902745768221,155.30596923828125,0.00660086564672644,0.5762878187233026,0.0018214961428033383,0.5474934701691216,0.26119139790534973,512,0.25,49152,262144,536739840,0.00057997557997558,True
seed_holdout,s02_p00_seed20260741,layer00_step00_capacity_control,0,0,contribution_norm,0.25,8,2,32640,butterfly,8,heldout_defect_posthoc,0.005240170159578026,175.60447692871094,0.005462669212385975,0.19005092838602247,0.0016235255567034414,0.5436153639261324,0.2613227367401123,512,0.25,49152,262144,536739840,0.00057997557997558,True
seed_holdout,s02_p00_seed20260741,layer00_step00_capacity_control,0,0,contribution_norm,0.25,9,0,0,butterfly,8,heldout_defect_posthoc,0.012519846841511821,119.2624740600586,0.010245840736717757,0.36740495454917116,0.0028025173256886757,0.6041205740203945,0.3039551377296448,512,0.25,49152,262144,536739840,0.00057997557997558,False
seed_holdout,s02_p00_seed20260741,layer00_step00_capacity_control,0,0,contribution_norm,0.25,9,1,16320,butterfly,8,heldout_defect_posthoc,0.010025134874715284,107.84619140625,0.00964145782411427,0.8779215905108317,0.0025581562807745336,0.5999189569471746,0.3584744334220886,512,0.25,49152,262144,536739840,0.00057997557997558,True
seed_holdout,s02_p00_seed20260741,layer00_step00_capacity_control,0,0,contribution_norm,0.25,9,2,32640,butterfly,8,heldout_defect_posthoc,0.010546588782641773,329.8741455078125,0.005654339322183927,0.5923870658574488,0.0015168321005756354,0.6417466215062431,0.41863054037094116,512,0.25,49152,262144,536739840,0.00057997557997558,True
seed_holdout,s02_p00_seed20260741,layer00_step00_capacity_control,0,0,contribution_norm,0.25,10,0,0,butterfly,8,heldout_defect_posthoc,0.005381075183148245,2827.51318359375,0.0013795333714709942,0.04177849144927303,0.0004315072796550749,0.6623902190220842,0.581092119216919,512,0.25,49152,262144,536739840,0.00057997557997558,True
seed_holdout,s02_p00_seed20260741,layer00_step00_capacity_control,0,0,contribution_norm,0.25,10,1,16320,butterfly,8,heldout_defect_posthoc,0.0005541501859708009,514.0946044921875,0.0010382267604922423,0.08198733845555041,0.00028620428502637265,0.693632048367068,0.8849095106124878,512,0.25,49152,262144,536739840,0.00057997557997558,True
seed_holdout,s02_p00_seed20260741,layer00_step00_capacity_control,0,0,contribution_norm,0.25,10,2,32640,butterfly,8,heldout_defect_posthoc,0.0027203606816793473,644.2542724609375,0.002054871131876414,0.15311868645526558,0.0006351666891084752,0.7126627278665485,0.6999621391296387,512,0.25,49152,262144,536739840,0.00057997557997558,True
seed_holdout,s02_p00_seed20260741,layer00_step00_capacity_control,0,0,contribution_norm,0.25,11,0,0,butterfly,8,heldout_defect_posthoc,0.000830024071741399,3948.7705078125,0.00045847366713924694,0.0011263735522961495,0.000281779291140392,0.7194527764334901,0.9987006187438965,512,0.25,49152,262144,536739840,0.00057997557997558,True
seed_holdout,s02_p00_seed20260741,layer00_step00_capacity_control,0,0,contribution_norm,0.25,11,1,16320,butterfly,8,heldout_defect_posthoc,0.000408923598686983,3180.27880859375,0.0003585820034561521,0.0009161449218559082,0.00022127866398863593,0.6752000406614874,0.9989970922470093,512,0.25,49152,262144,536739840,0.00057997557997558,True
seed_holdout,s02_p00_seed20260741,layer00_step00_capacity_control,0,0,contribution_norm,0.25,11,2,32640,butterfly,8,heldout_defect_posthoc,0.0016815025536173534,5498.32958984375,0.0005530105045005594,0.0013114819135195532,0.0003675016401845961,0.7187427227319313,0.9985538125038147,512,0.25,49152,262144,536739840,0.00057997557997558,True
seed_holdout,s03_p01_seed20260741,layer00_step00_capacity_control,0,0,contribution_norm,0.25,0,0,0,butterfly,8,heldout_defect_posthoc,0.008363367532745674,388.6896057128906,0.004638623541888077,0.17646869188574194,0.0010206466646310497,0.7066236880163793,0.663489043712616,512,0.25,49152,262144,536739840,0.00057997557997558,True
seed_holdout,s03_p01_seed20260741,layer00_step00_capacity_control,0,0,contribution_norm,0.25,0,1,16320,butterfly,8,heldout_defect_posthoc,0.010611709052651968,344.428466796875,0.005550641109749522,0.22356461079704867,0.0012622401886348653,0.6859400992929114,0.5537364482879639,512,0.25,49152,262144,536739840,0.00057997557997558,True
seed_holdout,s03_p01_seed20260741,layer00_step00_capacity_control,0,0,contribution_norm,0.25,0,2,32640,butterfly,8,heldout_defect_posthoc,0.01130080513260847,536.2006225585938,0.004590828151626914,0.13407958098495018,0.0010995239082382297,0.6852364384316223,0.6264646053314209,512,0.25,49152,262144,536739840,0.00057997557997558,True
seed_holdout,s03_p01_seed20260741,layer00_step00_capacity_control,0,0,contribution_norm,0.25,1,0,0,butterfly,8,heldout_defect_posthoc,0.08619893451168087,2353.151611328125,0.0060523773061941745,0.021845710456908612,0.002302200417930722,0.6559804803020006,0.9558866024017334,512,0.25,49152,262144,536739840,0.00057997557997558,True
seed_holdout,s03_p01_seed20260741,layer00_step00_capacity_control,0,0,contribution_norm,0.25,1,1,16320,butterfly,8,heldout_defect_posthoc,0.056309354903121694,2055.218017578125,0.005234332739138776,0.01695224592838672,0.0021667279667111393,0.6567092178342004,0.9480324983596802,512,0.25,49152,262144,536739840,0.00057997557997558,True
seed_holdout,s03_p01_seed20260741,layer00_step00_capacity_control,0,0,contribution_norm,0.25,1,2,32640,butterfly,8,heldout_defect_posthoc,0.018758631020117225,2155.07568359375,0.002950321248793807,0.010287836006392485,0.0012419389383031242,0.6808853626523624,0.9752293825149536,512,0.25,49152,262144,536739840,0.00057997557997558,True
seed_holdout,s03_p01_seed20260741,layer00_step00_capacity_control,0,0,contribution_norm,0.25,2,0,0,butterfly,8,heldout_defect_posthoc,0.009261290219527606,770.231689453125,0.003467568551594952,0.1649773400811363,0.0009263204411176379,0.6269200876533413,0.273404598236084,512,0.25,49152,262144,536739840,0.00057997557997558,True
seed_holdout,s03_p01_seed20260741,layer00_step00_capacity_control,0,0,contribution_norm,0.25,2,1,16320,butterfly,8,heldout_defect_posthoc,0.011996684861526604,709.14404296875,0.004113044381777806,0.15382656750570203,0.0008294076391439059,0.6011087606881551,0.28458547592163086,512,0.25,49152,262144,536739840,0.00057997557997558,True
seed_holdout,s03_p01_seed20260741,layer00_step00_capacity_control,0,0,contribution_norm,0.25,2,2,32640,butterfly,8,heldout_defect_posthoc,0.012767459376802622,751.9599609375,0.004120547112438641,0.18055975231345076,0.0010250918070830656,0.68729453130454,0.3057299852371216,512,0.25,49152,262144,536739840,0.00057997557997558,True
seed_holdout,s03_p01_seed20260741,layer00_step00_capacity_control,0,0,contribution_norm,0.25,3,0,0,butterfly,8,heldout_defect_posthoc,0.006020660879529072,491.4150695800781,0.0035002401952102026,0.1854290461493185,0.0008488987430745153,0.5537404952126547,0.2554953396320343,512,0.25,49152,262144,536739840,0.00057997557997558,True
seed_holdout,s03_p01_seed20260741,layer00_step00_capacity_control,0,0,contribution_norm,0.25,3,1,16320,butterfly,8,heldout_defect_posthoc,0.004941666705001458,474.0145263671875,0.003228798180622096,0.26334462365154226,0.0007993376312727456,0.5831185750046506,0.2585747241973877,512,0.25,49152,262144,536739840,0.00057997557997558,True
seed_holdout,s03_p01_seed20260741,layer00_step00_capacity_control,0,0,contribution_norm,0.25,3,2,32640,butterfly,8,heldout_defect_posthoc,0.006851831570463903,478.401611328125,0.0037844870414016074,0.28824290127377095,0.0009587431995693785,0.5895841156156917,0.262124627828598,512,0.25,49152,262144,536739840,0.00057997557997558,True
seed_holdout,s03_p01_seed20260741,layer00_step00_capacity_control,0,0,contribution_norm,0.25,4,0,0,butterfly,8,heldout_defect_posthoc,5.388296674355556e-05,2815.7763671875,0.00013833327854351316,0.00034964563492244523,7.679950302235244e-05,0.6750185539645945,0.9996098875999451,512,0.25,49152,262144,536739840,0.00057997557997558,True
seed_holdout,s03_p01_seed20260741,layer00_step00_capacity_control,0,0,contribution_norm,0.25,4,1,16320,butterfly,8,heldout_defect_posthoc,5.987934624736722e-05,1943.997802734375,0.0001755054633291814,0.0005976582867834418,9.078044198604376e-05,0.6721883688249879,0.9994662404060364,512,0.25,49152,262144,536739840,0.00057997557997558,True
seed_holdout,s03_p01_seed20260741,layer00_step00_capacity_control,0,0,contribution_norm,0.25,4,2,32640,butterfly,8,heldout_defect_posthoc,2.9164096875114434e-05,3189.43408203125,9.562411982644989e-05,0.00026490208069764715,5.6044433821736036e-05,0.7180478055179866,0.9997332096099854,512,0.25,49152,262144,536739840,0.00057997557997558,True
seed_holdout,s03_p01_seed20260741,layer00_step00_capacity_control,0,0,contribution_norm,0.25,5,0,0,butterfly,8,heldout_defect_posthoc,3.1067270650208665e-05,1878.9102783203125,0.00012858743383132107,0.0004381234936638085,4.809573699382492e-05,0.6239864315457597,0.9993915557861328,512,0.25,49152,262144,536739840,0.00057997557997558,True
seed_holdout,s03_p01_seed20260741,layer00_step00_capacity_control,0,0,contribution_norm,0.25,5,1,16320,butterfly,8,heldout_defect_posthoc,3.991465972377014e-06,1599.7435302734375,4.9950637391559395e-05,0.00023733110788454407,1.6262557163536127e-05,0.6041045492297039,0.9997272491455078,512,0.25,49152,262144,536739840,0.00057997557997558,True
seed_holdout,s03_p01_seed20260741,layer00_step00_capacity_control,0,0,contribution_norm,0.25,5,2,32640,butterfly,8,heldout_defect_posthoc,2.9928536639590098e-05,2295.74853515625,0.00011417751412134532,0.0004695314440732494,4.3123656470289675e-05,0.6460158608647264,0.9994580745697021,512,0.25,49152,262144,536739840,0.00057997557997558,True
seed_holdout,s03_p01_seed20260741,layer00_step00_capacity_control,0,0,contribution_norm,0.25,6,0,0,butterfly,8,heldout_defect_posthoc,0.002328152944954508,1570.54443359375,0.0012175327155949948,0.007973867397104368,0.0004610829180060514,0.7376430070164424,0.9814647436141968,512,0.25,49152,262144,536739840,0.00057997557997558,True
seed_holdout,s03_p01_seed20260741,layer00_step00_capacity_control,0,0,contribution_norm,0.25,6,1,16320,butterfly,8,heldout_defect_posthoc,0.00044869832913833457,1511.251953125,0.0005448899384215112,0.004861033497952341,0.00023475411169248978,0.7799041653961407,0.9873138666152954,512,0.25,49152,262144,536739840,0.00057997557997558,True
seed_holdout,s03_p01_seed20260741,layer00_step00_capacity_control,0,0,contribution_norm,0.25,6,2,32640,butterfly,8,heldout_defect_posthoc,0.0010959096940022018,1555.29052734375,0.0008394244616595367,0.005477264132935448,0.0003387510261007264,0.7652375415034179,0.9838204979896545,512,0.25,49152,262144,536739840,0.00057997557997558,True
seed_holdout,s03_p01_seed20260741,layer00_step00_capacity_control,0,0,contribution_norm,0.25,7,0,0,butterfly,8,heldout_defect_posthoc,0.011646297687677987,540.9581298828125,0.004639937358198918,0.019803384745831477,0.0016934268302193495,0.564617874640501,0.9557783603668213,512,0.25,49152,262144,536739840,0.00057997557997558,True
seed_holdout,s03_p01_seed20260741,layer00_step00_capacity_control,0,0,contribution_norm,0.25,7,1,16320,butterfly,8,heldout_defect_posthoc,0.011250353707970683,512.7139282226562,0.004684308947007817,0.026160382513450653,0.0017385767444211063,0.568492533165684,0.946686863899231,512,0.25,49152,262144,536739840,0.00057997557997558,True
seed_holdout,s03_p01_seed20260741,layer00_step00_capacity_control,0,0,contribution_norm,0.25,7,2,32640,butterfly,8,heldout_defect_posthoc,0.06858235436347605,586.3121948242188,0.010815378712283625,0.05050893592210482,0.004008543678069952,0.5653464695783171,0.8750101327896118,512,0.25,49152,262144,536739840,0.00057997557997558,False
seed_holdout,s03_p01_seed20260741,layer00_step00_capacity_control,0,0,contribution_norm,0.25,8,0,0,butterfly,8,heldout_defect_posthoc,0.006194257120879726,166.6895751953125,0.006095935939619361,0.23786320148805984,0.0016494403286302973,0.47237320966534124,0.2558361291885376,512,0.25,49152,262144,536739840,0.00057997557997558,True
seed_holdout,s03_p01_seed20260741,layer00_step00_capacity_control,0,0,contribution_norm,0.25,8,1,16320,butterfly,8,heldout_defect_posthoc,0.006545153825796981,155.30596923828125,0.006491810810691461,0.5762878187233026,0.0018214961428033383,0.5455153960728096,0.26119139790534973,512,0.25,49152,262144,536739840,0.00057997557997558,True
seed_holdout,s03_p01_seed20260741,layer00_step00_capacity_control,0,0,contribution_norm,0.25,8,2,32640,butterfly,8,heldout_defect_posthoc,0.005257688869641168,175.60447692871094,0.005471792872924811,0.19005092838602247,0.0016235255567034414,0.5463573170002587,0.2613227367401123,512,0.25,49152,262144,536739840,0.00057997557997558,True
seed_holdout,s03_p01_seed20260741,layer00_step00_capacity_control,0,0,contribution_norm,0.25,9,0,0,butterfly,8,heldout_defect_posthoc,0.012500161504157007,119.2624740600586,0.010237782643904039,0.36740495454917116,0.0028025173256886757,0.6043461600199551,0.3039551377296448,512,0.25,49152,262144,536739840,0.00057997557997558,False
seed_holdout,s03_p01_seed20260741,layer00_step00_capacity_control,0,0,contribution_norm,0.25,9,1,16320,butterfly,8,heldout_defect_posthoc,0.01015607567612921,107.84619140625,0.009704218305954464,0.8779215905108317,0.0025581562807745336,0.6024558514067404,0.3584744334220886,512,0.25,49152,262144,536739840,0.00057997557997558,True
seed_holdout,s03_p01_seed20260741,layer00_step00_capacity_control,0,0,contribution_norm,0.25,9,2,32640,butterfly,8,heldout_defect_posthoc,0.010476629405077147,329.8741455078125,0.005635554469123614,0.5923870658574488,0.0015168321005756354,0.6418553253656838,0.41863054037094116,512,0.25,49152,262144,536739840,0.00057997557997558,True
seed_holdout,s03_p01_seed20260741,layer00_step00_capacity_control,0,0,contribution_norm,0.25,10,0,0,butterfly,8,heldout_defect_posthoc,0.005397559250804077,2827.51318359375,0.0013816447462371775,0.04177849144927303,0.0004315072796550749,0.6619108779703494,0.581092119216919,512,0.25,49152,262144,536739840,0.00057997557997558,True
seed_holdout,s03_p01_seed20260741,layer00_step00_capacity_control,0,0,contribution_norm,0.25,10,1,16320,butterfly,8,heldout_defect_posthoc,0.0005541501859708009,514.0946044921875,0.0010382267604922423,0.08198733845555041,0.00028620428502637265,0.693632048367068,0.8849095106124878,512,0.25,49152,262144,536739840,0.00057997557997558,True
seed_holdout,s03_p01_seed20260741,layer00_step00_capacity_control,0,0,contribution_norm,0.25,10,2,32640,butterfly,8,heldout_defect_posthoc,0.002714981454961402,644.2542724609375,0.002052838480926955,0.15311868645526558,0.0006351666891084752,0.7128196988168953,0.6999621391296387,512,0.25,49152,262144,536739840,0.00057997557997558,True
seed_holdout,s03_p01_seed20260741,layer00_step00_capacity_control,0,0,contribution_norm,0.25,11,0,0,butterfly,8,heldout_defect_posthoc,0.000824345878773624,3948.7705078125,0.000456902767190818,0.0011263735522961495,0.000281779291140392,0.7191414776399142,0.9987006187438965,512,0.25,49152,262144,536739840,0.00057997557997558,True
seed_holdout,s03_p01_seed20260741,layer00_step00_capacity_control,0,0,contribution_norm,0.25,11,1,16320,butterfly,8,heldout_defect_posthoc,0.00041034874375744945,3180.27880859375,0.00035920630943880015,0.0009161449218559082,0.00022127866398863593,0.6741931368949929,0.9989970922470093,512,0.25,49152,262144,536739840,0.00057997557997558,True
seed_holdout,s03_p01_seed20260741,layer00_step00_capacity_control,0,0,contribution_norm,0.25,11,2,32640,butterfly,8,heldout_defect_posthoc,0.001681594563308758,5498.32958984375,0.0005530256343110132,0.0013114819135195532,0.0003675016401845961,0.718404933892008,0.9985538125038147,512,0.25,49152,262144,536739840,0.00057997557997558,True
prompt_holdout,s01_p01_seed20260740,layer00_step00_capacity_control,0,0,contribution_norm,0.25,0,0,0,frozen,0,source_only,0.0012824028308571376,382.00860595703125,0.0018322117357613373,0.1739091732773376,0.0009588133535007986,0.8237212898444313,0.6651500463485718,0,0.0,0,262144,536739840,0.0004884004884004884,True
prompt_holdout,s01_p01_seed20260740,layer00_step00_capacity_control,0,0,contribution_norm,0.25,0,0,0,adaptive,0,heldout_defect_posthoc,0.00035118895909966384,382.00860595703125,0.0009588128669096242,0.1739091732773376,0.0009588133535007986,0.9999999999999999,0.6651500463485718,2048,1.0,524288,262144,536739840,0.0014652014652014652,True
prompt_holdout,s01_p01_seed20260740,layer00_step00_capacity_control,0,0,contribution_norm,0.25,0,0,0,full_procrustes,128,heldout_defect_posthoc,0.00035118895909966384,382.00860595703125,0.0009588128669096242,0.1739091732773376,0.0009588133535007986,0.9999999999999999,0.6651500463485718,2048,1.0,524288,262144,536739840,0.0014652014652014652,True
prompt_holdout,s01_p01_seed20260740,layer00_step00_capacity_control,0,0,contribution_norm,0.25,0,1,16320,frozen,0,source_only,0.0016756082314927328,352.2017517089844,0.002181174876882169,0.19394049992239595,0.0012107623124397496,0.8179979638753043,0.5498138070106506,0,0.0,0,262144,536739840,0.0004884004884004884,True
prompt_holdout,s01_p01_seed20260740,layer00_step00_capacity_control,0,0,contribution_norm,0.25,0,1,16320,adaptive,0,heldout_defect_posthoc,0.0005163081223698025,352.2017517089844,0.0012107618347576845,0.19394049992239595,0.0012107623124397496,0.9999999999999998,0.5498138070106506,2048,1.0,524288,262144,536739840,0.0014652014652014652,True
prompt_holdout,s01_p01_seed20260740,layer00_step00_capacity_control,0,0,contribution_norm,0.25,0,1,16320,full_procrustes,128,heldout_defect_posthoc,0.0005163081223698025,352.2017517089844,0.0012107618347576845,0.19394049992239595,0.0012107623124397496,0.9999999999999998,0.5498138070106506,2048,1.0,524288,262144,536739840,0.0014652014652014652,True
prompt_holdout,s01_p01_seed20260740,layer00_step00_capacity_control,0,0,contribution_norm,0.25,0,2,32640,frozen,0,source_only,0.0016970212100546494,529.382568359375,0.0017904360630271875,0.13706075927123493,0.0010275518489134307,0.8315103369048793,0.6326684355735779,0,0.0,0,262144,536739840,0.0004884004884004884,True
prompt_holdout,s01_p01_seed20260740,layer00_step00_capacity_control,0,0,contribution_norm,0.25,0,2,32640,adaptive,0,heldout_defect_posthoc,0.0005589547421543186,529.382568359375,0.0010275512791074514,0.13706075927123493,0.0010275518489134307,0.9999999999999999,0.6326684355735779,2048,1.0,524288,262144,536739840,0.0014652014652014652,True
prompt_holdout,s01_p01_seed20260740,layer00_step00_capacity_control,0,0,contribution_norm,0.25,0,2,32640,full_procrustes,128,heldout_defect_posthoc,0.0005589547421543186,529.382568359375,0.0010275512791074514,0.13706075927123493,0.0010275518489134307,0.9999999999999999,0.6326684355735779,2048,1.0,524288,262144,536739840,0.0014652014652014652,True
prompt_holdout,s01_p01_seed20260740,layer00_step00_capacity_control,0,0,contribution_norm,0.25,1,0,0,frozen,0,source_only,0.03785583953244914,2354.4326171875,0.004009805509090255,0.020204113757673482,0.0020170631194605278,0.7916680762230639,0.9576483964920044,0,0.0,0,262144,536739840,0.0004884004884004884,True
prompt_holdout,s01_p01_seed20260740,layer00_step00_capacity_control,0,0,contribution_norm,0.25,1,0,0,adaptive,0,heldout_defect_posthoc,0.00957911077357371,2354.4326171875,0.0020170630090828538,0.020204113757673482,0.0020170631194605278,0.9999999999999998,0.9576483964920044,2048,1.0,524288,262144,536739840,0.0014652014652014652,True
prompt_holdout,s01_p01_seed20260740,layer00_step00_capacity_control,0,0,contribution_norm,0.25,1,0,0,full_procrustes,128,heldout_defect_posthoc,0.00957911077357371,2354.4326171875,0.0020170630090828538,0.020204113757673482,0.0020170631194605278,0.9999999999999998,0.9576483964920044,2048,1.0,524288,262144,536739840,0.0014652014652014652,True
prompt_holdout,s01_p01_seed20260740,layer00_step00_capacity_control,0,0,contribution_norm,0.25,1,1,16320,frozen,0,source_only,0.026231843670060477,2051.20556640625,0.003576101316519079,0.017939664064611154,0.002178521416901552,0.7901627657141764,0.948142945766449,0,0.0,0,262144,536739840,0.0004884004884004884,True
prompt_holdout,s01_p01_seed20260740,layer00_step00_capacity_control,0,0,contribution_norm,0.25,1,1,16320,adaptive,0,heldout_defect_posthoc,0.009734929886457355,2051.20556640625,0.0021785213515422568,0.017939664064611154,0.002178521416901552,0.9999999999999999,0.948142945766449,2048,1.0,524288,262144,536739840,0.0014652014652014652,True
prompt_holdout,s01_p01_seed20260740,layer00_step00_capacity_control,0,0,contribution_norm,0.25,1,1,16320,full_procrustes,128,heldout_defect_posthoc,0.009734929886457355,2051.20556640625,0.0021785213515422568,0.017939664064611154,0.002178521416901552,0.9999999999999999,0.948142945766449,2048,1.0,524288,262144,536739840,0.0014652014652014652,True
prompt_holdout,s01_p01_seed20260740,layer00_step00_capacity_control,0,0,contribution_norm,0.25,1,2,32640,frozen,0,source_only,0.008989206183822202,2188.09912109375,0.00202687597577696,0.010089203691101509,0.0012204701703089143,0.8473307253785736,0.9750775098800659,0,0.0,0,262144,536739840,0.0004884004884004884,True
prompt_holdout,s01_p01_seed20260740,layer00_step00_capacity_control,0,0,contribution_norm,0.25,1,2,32640,adaptive,0,heldout_defect_posthoc,0.0032592770048911982,2188.09912109375,0.00122047008942715,0.010089203691101509,0.0012204701703089143,1.0,0.9750775098800659,2048,1.0,524288,262144,536739840,0.0014652014652014652,True
prompt_holdout,s01_p01_seed20260740,layer00_step00_capacity_control,0,0,contribution_norm,0.25,1,2,32640,full_procrustes,128,heldout_defect_posthoc,0.0032592770048911982,2188.09912109375,0.00122047008942715,0.010089203691101509,0.0012204701703089143,1.0,0.9750775098800659,2048,1.0,524288,262144,536739840,0.0014652014652014652,True
prompt_holdout,s01_p01_seed20260740,layer00_step00_capacity_control,0,0,contribution_norm,0.25,2,0,0,frozen,0,source_only,0.0019179306298678636,752.39111328125,0.0015965944631473445,0.11661939118891598,0.0009970686956359324,0.8165898333891869,0.27233046293258667,0,0.0,0,262144,536739840,0.0004884004884004884,True
prompt_holdout,s01_p01_seed20260740,layer00_step00_capacity_control,0,0,contribution_norm,0.25,2,0,0,adaptive,0,heldout_defect_posthoc,0.0007479863294710949,752.39111328125,0.0009970685129763466,0.11661939118891598,0.0009970686956359324,0.9999999999999998,0.27233046293258667,2048,1.0,524288,262144,536739840,0.0014652014652014652,True
prompt_holdout,s01_p01_seed20260740,layer00_step00_capacity_control,0,0,contribution_norm,0.25,2,0,0,full_procrustes,128,heldout_defect_posthoc,0.0007479863294710949,752.39111328125,0.0009970685129763466,0.11661939118891598,0.0009970686956359324,0.9999999999999998,0.27233046293258667,2048,1.0,524288,262144,536739840,0.0014652014652014652,True
prompt_holdout,s01_p01_seed20260740,layer00_step00_capacity_control,0,0,contribution_norm,0.25,2,1,16320,frozen,0,source_only,0.00152083252499479,709.0555419921875,0.0014645377415176872,0.1575550678478365,0.0008652396956859144,0.8234717947195868,0.28287041187286377,0,0.0,0,262144,536739840,0.0004884004884004884,True
prompt_holdout,s01_p01_seed20260740,layer00_step00_capacity_control,0,0,contribution_norm,0.25,2,1,16320,adaptive,0,heldout_defect_posthoc,0.000530826283323266,709.0555419921875,0.000865238989176289,0.1575550678478365,0.0008652396956859144,0.9999999999999998,0.28287041187286377,2048,1.0,524288,262144,536739840,0.0014652014652014652,True
prompt_holdout,s01_p01_seed20260740,layer00_step00_capacity_control,0,0,contribution_norm,0.25,2,1,16320,full_procrustes,128,heldout_defect_posthoc,0.000530826283323266,709.0555419921875,0.000865238989176289,0.1575550678478365,0.0008652396956859144,0.9999999999999998,0.28287041187286377,2048,1.0,524288,262144,536739840,0.0014652014652014652,True
prompt_holdout,s01_p01_seed20260740,layer00_step00_capacity_control,0,0,contribution_norm,0.25,2,2,32640,frozen,0,source_only,0.0018474964622771331,766.93017578125,0.0015520792569928045,0.14837159515428117,0.0009803105089866914,0.8401662336454949,0.30349627137184143,0,0.0,0,262144,536739840,0.0004884004884004884,True
prompt_holdout,s01_p01_seed20260740,layer00_step00_capacity_control,0,0,contribution_norm,0.25,2,2,32640,adaptive,0,heldout_defect_posthoc,0.000737025821088409,766.93017578125,0.0009803100131620976,0.14837159515428117,0.0009803105089866914,1.0000000000000002,0.30349627137184143,2048,1.0,524288,262144,536739840,0.0014652014652014652,True
prompt_holdout,s01_p01_seed20260740,layer00_step00_capacity_control,0,0,contribution_norm,0.25,2,2,32640,full_procrustes,128,heldout_defect_posthoc,0.000737025821088409,766.93017578125,0.0009803100131620976,0.14837159515428117,0.0009803105089866914,1.0000000000000002,0.30349627137184143,2048,1.0,524288,262144,536739840,0.0014652014652014652,True
prompt_holdout,s01_p01_seed20260740,layer00_step00_capacity_control,0,0,contribution_norm,0.25,3,0,0,frozen,0,source_only,0.0008193516024993168,491.22564697265625,0.001291500673736015,0.11870544527408469,0.0008221564827184445,0.7408922273221781,0.25480175018310547,0,0.0,0,262144,536739840,0.0004884004884004884,True
prompt_holdout,s01_p01_seed20260740,layer00_step00_capacity_control,0,0,contribution_norm,0.25,3,0,0,adaptive,0,heldout_defect_posthoc,0.0003320396578630306,491.22564697265625,0.0008221564384705895,0.11870544527408469,0.0008221564827184445,1.0,0.25480175018310547,2048,1.0,524288,262144,536739840,0.0014652014652014652,True
prompt_holdout,s01_p01_seed20260740,layer00_step00_capacity_control,0,0,contribution_norm,0.25,3,0,0,full_procrustes,128,heldout_defect_posthoc,0.0003320396578630306,491.22564697265625,0.0008221564384705895,0.11870544527408469,0.0008221564827184445,1.0,0.25480175018310547,2048,1.0,524288,262144,536739840,0.0014652014652014652,True
prompt_holdout,s01_p01_seed20260740,layer00_step00_capacity_control,0,0,contribution_norm,0.25,3,1,16320,frozen,0,source_only,0.0009010717401809234,471.07269287109375,0.001383043117427322,0.2643192906534264,0.0008863432623308021,0.747639484168332,0.25892728567123413,0,0.0,0,262144,536739840,0.0004884004884004884,True
prompt_holdout,s01_p01_seed20260740,layer00_step00_capacity_control,0,0,contribution_norm,0.25,3,1,16320,adaptive,0,heldout_defect_posthoc,0.00037007635976988765,471.07269287109375,0.0008863427708404995,0.2643192906534264,0.0008863432623308021,1.0,0.25892728567123413,2048,1.0,524288,262144,536739840,0.0014652014652014652,True
prompt_holdout,s01_p01_seed20260740,layer00_step00_capacity_control,0,0,contribution_norm,0.25,3,1,16320,full_procrustes,128,heldout_defect_posthoc,0.00037007635976988765,471.07269287109375,0.0008863427708404995,0.2643192906534264,0.0008863432623308021,1.0,0.25892728567123413,2048,1.0,524288,262144,536739840,0.0014652014652014652,True
prompt_holdout,s01_p01_seed20260740,layer00_step00_capacity_control,0,0,contribution_norm,0.25,3,2,32640,frozen,0,source_only,0.0010927100164577729,475.03375244140625,0.0015166669664873793,0.15167614098131052,0.0008609538300949594,0.7747472885170674,0.26054394245147705,0,0.0,0,262144,536739840,0.0004884004884004884,True
prompt_holdout,s01_p01_seed20260740,layer00_step00_capacity_control,0,0,contribution_norm,0.25,3,2,32640,adaptive,0,heldout_defect_posthoc,0.00035211440833038214,475.03375244140625,0.0008609534367787317,0.15167614098131052,0.0008609538300949594,0.9999999999999998,0.26054394245147705,2048,1.0,524288,262144,536739840,0.0014652014652014652,True
prompt_holdout,s01_p01_seed20260740,layer00_step00_capacity_control,0,0,contribution_norm,0.25,3,2,32640,full_procrustes,128,heldout_defect_posthoc,0.00035211440833038214,475.03375244140625,0.0008609534367787317,0.15167614098131052,0.0008609538300949594,0.9999999999999998,0.26054394245147705,2048,1.0,524288,262144,536739840,0.0014652014652014652,True
prompt_holdout,s01_p01_seed20260740,layer00_step00_capacity_control,0,0,contribution_norm,0.25,4,0,0,frozen,0,source_only,2.713215305267175e-05,2447.044921875,0.00010529825111730443,0.00036986471434881206,7.753219189178794e-05,0.8085700056790717,0.9996293783187866,0,0.0,0,262144,536739840,0.0004884004884004884,True
prompt_holdout,s01_p01_seed20260740,layer00_step00_capacity_control,0,0,contribution_norm,0.25,4,0,0,adaptive,0,heldout_defect_posthoc,1.4709775178122105e-05,2447.044921875,7.753218913613415e-05,0.00036986471434881206,7.753219189178794e-05,0.9999999999999996,0.9996293783187866,2048,1.0,524288,262144,536739840,0.0014652014652014652,True
prompt_holdout,s01_p01_seed20260740,layer00_step00_capacity_control,0,0,contribution_norm,0.25,4,0,0,full_procrustes,128,heldout_defect_posthoc,1.4709775178122105e-05,2447.044921875,7.753218913613415e-05,0.00036986471434881206,7.753219189178794e-05,0.9999999999999996,0.9996293783187866,2048,1.0,524288,262144,536739840,0.0014652014652014652,True
prompt_holdout,s01_p01_seed20260740,layer00_step00_capacity_control,0,0,contribution_norm,0.25,4,1,16320,frozen,0,source_only,3.082526936969476e-05,2015.436767578125,0.00012367127882548318,0.00044172591283791373,8.47574410721831e-05,0.794418016657312,0.9995348453521729,0,0.0,0,262144,536739840,0.0004884004884004884,True
prompt_holdout,s01_p01_seed20260740,layer00_step00_capacity_control,0,0,contribution_norm,0.25,4,1,16320,adaptive,0,heldout_defect_posthoc,1.4478542575566833e-05,2015.436767578125,8.475744084613312e-05,0.00044172591283791373,8.47574410721831e-05,0.9999999999999996,0.9995348453521729,2048,1.0,524288,262144,536739840,0.0014652014652014652,True
prompt_holdout,s01_p01_seed20260740,layer00_step00_capacity_control,0,0,contribution_norm,0.25,4,1,16320,full_procrustes,128,heldout_defect_posthoc,1.4478542575566833e-05,2015.436767578125,8.475744084613312e-05,0.00044172591283791373,8.47574410721831e-05,0.9999999999999996,0.9995348453521729,2048,1.0,524288,262144,536739840,0.0014652014652014652,True
prompt_holdout,s01_p01_seed20260740,layer00_step00_capacity_control,0,0,contribution_norm,0.25,4,2,32640,frozen,0,source_only,1.7311650216153883e-05,3102.406982421875,7.469987063108553e-05,0.00021923629402721632,5.544064728496406e-05,0.8162185846094201,0.9997585415840149,0,0.0,0,262144,536739840,0.0004884004884004884,True
prompt_holdout,s01_p01_seed20260740,layer00_step00_capacity_control,0,0,contribution_norm,0.25,4,2,32640,adaptive,0,heldout_defect_posthoc,9.53576081470678e-06,3102.406982421875,5.544064700857421e-05,0.00021923629402721632,5.544064728496406e-05,1.0,0.9997585415840149,2048,1.0,524288,262144,536739840,0.0014652014652014652,True
prompt_holdout,s01_p01_seed20260740,layer00_step00_capacity_control,0,0,contribution_norm,0.25,4,2,32640,full_procrustes,128,heldout_defect_posthoc,9.53576081470678e-06,3102.406982421875,5.544064700857421e-05,0.00021923629402721632,5.544064728496406e-05,1.0,0.9997585415840149,2048,1.0,524288,262144,536739840,0.0014652014652014652,True
prompt_holdout,s01_p01_seed20260740,layer00_step00_capacity_control,0,0,contribution_norm,0.25,5,0,0,frozen,0,source_only,1.2570178842755726e-05,1729.4647216796875,8.525402158039774e-05,0.0005078261290887681,5.0574842928720395e-05,0.8183109556651298,0.9993526935577393,0,0.0,0,262144,536739840,0.0004884004884004884,True
prompt_holdout,s01_p01_seed20260740,layer00_step00_capacity_control,0,0,contribution_norm,0.25,5,0,0,adaptive,0,heldout_defect_posthoc,4.423650178642368e-06,1729.4647216796875,5.057484193378179e-05,0.0005078261290887681,5.0574842928720395e-05,1.0,0.9993526935577393,2048,1.0,524288,262144,536739840,0.0014652014652014652,True
prompt_holdout,s01_p01_seed20260740,layer00_step00_capacity_control,0,0,contribution_norm,0.25,5,0,0,full_procrustes,128,heldout_defect_posthoc,4.423650178642368e-06,1729.4647216796875,5.057484193378179e-05,0.0005078261290887681,5.0574842928720395e-05,1.0,0.9993526935577393,2048,1.0,524288,262144,536739840,0.0014652014652014652,True
prompt_holdout,s01_p01_seed20260740,layer00_step00_capacity_control,0,0,contribution_norm,0.25,5,1,16320,frozen,0,source_only,1.4189669687331057e-06,1612.373291015625,2.966561425332493e-05,0.00015824884201209153,1.6963542599023112e-05,0.787964541711769,0.9997679591178894,0,0.0,0,262144,536739840,0.0004884004884004884,True
prompt_holdout,s01_p01_seed20260740,layer00_step00_capacity_control,0,0,contribution_norm,0.25,5,1,16320,adaptive,0,heldout_defect_posthoc,4.6397934956186355e-07,1612.373291015625,1.696354159965383e-05,0.00015824884201209153,1.6963542599023112e-05,1.0000000000000002,0.9997679591178894,2048,1.0,524288,262144,536739840,0.0014652014652014652,True
prompt_holdout,s01_p01_seed20260740,layer00_step00_capacity_control,0,0,contribution_norm,0.25,5,1,16320,full_procrustes,128,heldout_defect_posthoc,4.6397934956186355e-07,1612.373291015625,1.696354159965383e-05,0.00015824884201209153,1.6963542599023112e-05,1.0000000000000002,0.9997679591178894,2048,1.0,524288,262144,536739840,0.0014652014652014652,True
prompt_holdout,s01_p01_seed20260740,layer00_step00_capacity_control,0,0,contribution_norm,0.25,5,2,32640,frozen,0,source_only,1.2409369480456397e-05,2175.73193359375,7.552177084144514e-05,0.0003601948296427125,3.741349399107932e-05,0.7915219706275725,0.9995399713516235,0,0.0,0,262144,536739840,0.0004884004884004884,True
prompt_holdout,s01_p01_seed20260740,layer00_step00_capacity_control,0,0,contribution_norm,0.25,5,2,32640,adaptive,0,heldout_defect_posthoc,3.0455231431299155e-06,2175.73193359375,3.7413493200775714e-05,0.0003601948296427125,3.741349399107932e-05,0.9999999999999996,0.9995399713516235,2048,1.0,524288,262144,536739840,0.0014652014652014652,True
prompt_holdout,s01_p01_seed20260740,layer00_step00_capacity_control,0,0,contribution_norm,0.25,5,2,32640,full_procrustes,128,heldout_defect_posthoc,3.0455231431299155e-06,2175.73193359375,3.7413493200775714e-05,0.0003601948296427125,3.741349399107932e-05,0.9999999999999996,0.9995399713516235,2048,1.0,524288,262144,536739840,0.0014652014652014652,True
prompt_holdout,s01_p01_seed20260740,layer00_step00_capacity_control,0,0,contribution_norm,0.25,6,0,0,frozen,0,source_only,0.0005764858593474313,1537.4520263671875,0.0006123412872874417,0.006514309313846691,0.00038962770513088215,0.8413179461238016,0.9836441278457642,0,0.0,0,262144,536739840,0.0004884004884004884,True
prompt_holdout,s01_p01_seed20260740,layer00_step00_capacity_control,0,0,contribution_norm,0.25,6,0,0,adaptive,0,heldout_defect_posthoc,0.00023340013703439756,1537.4520263671875,0.0003896276478874483,0.006514309313846691,0.00038962770513088215,1.0,0.9836441278457642,2048,1.0,524288,262144,536739840,0.0014652014652014652,True
prompt_holdout,s01_p01_seed20260740,layer00_step00_capacity_control,0,0,contribution_norm,0.25,6,0,0,full_procrustes,128,heldout_defect_posthoc,0.00023340013703439756,1537.4520263671875,0.0003896276478874483,0.006514309313846691,0.00038962770513088215,1.0,0.9836441278457642,2048,1.0,524288,262144,536739840,0.0014652014652014652,True
prompt_holdout,s01_p01_seed20260740,layer00_step00_capacity_control,0,0,contribution_norm,0.25,6,1,16320,frozen,0,source_only,0.00021516029972154404,1572.874267578125,0.0003698571907053673,0.004898972400467425,0.00024389293841099586,0.8946331675360366,0.9866422414779663,0,0.0,0,262144,536739840,0.0004884004884004884,True
prompt_holdout,s01_p01_seed20260740,layer00_step00_capacity_control,0,0,contribution_norm,0.25,6,1,16320,adaptive,0,heldout_defect_posthoc,9.356045581291345e-05,1572.874267578125,0.00024389290174119495,0.004898972400467425,0.00024389293841099586,0.9999999999999998,0.9866422414779663,2048,1.0,524288,262144,536739840,0.0014652014652014652,True
prompt_holdout,s01_p01_seed20260740,layer00_step00_capacity_control,0,0,contribution_norm,0.25,6,1,16320,full_procrustes,128,heldout_defect_posthoc,9.356045581291345e-05,1572.874267578125,0.00024389290174119495,0.004898972400467425,0.00024389293841099586,0.9999999999999998,0.9866422414779663,2048,1.0,524288,262144,536739840,0.0014652014652014652,True
prompt_holdout,s01_p01_seed20260740,layer00_step00_capacity_control,0,0,contribution_norm,0.25,6,2,32640,frozen,0,source_only,0.00034290759570589123,1601.7327880859375,0.00046269362911991564,0.005231928964905077,0.0003080685265525964,0.8653290927164581,0.9845062494277954,0,0.0,0,262144,536739840,0.0004884004884004884,True
prompt_holdout,s01_p01_seed20260740,layer00_step00_capacity_control,0,0,contribution_norm,0.25,6,2,32640,adaptive,0,heldout_defect_posthoc,0.00015201435448331,1601.7327880859375,0.00030806848078996393,0.005231928964905077,0.0003080685265525964,0.9999999999999999,0.9845062494277954,2048,1.0,524288,262144,536739840,0.0014652014652014652,True
prompt_holdout,s01_p01_seed20260740,layer00_step00_capacity_control,0,0,contribution_norm,0.25,6,2,32640,full_procrustes,128,heldout_defect_posthoc,0.00015201435448331,1601.7327880859375,0.00030806848078996393,0.005231928964905077,0.0003080685265525964,0.9999999999999999,0.9845062494277954,2048,1.0,524288,262144,536739840,0.0014652014652014652,True
prompt_holdout,s01_p01_seed20260740,layer00_step00_capacity_control,0,0,contribution_norm,0.25,7,0,0,frozen,0,source_only,0.004397270123900695,568.1830444335938,0.002781937942396547,0.019590783691930642,0.001549380043246178,0.7346798255392496,0.9569202661514282,0,0.0,0,262144,536739840,0.0004884004884004884,True
prompt_holdout,s01_p01_seed20260740,layer00_step00_capacity_control,0,0,contribution_norm,0.25,7,0,0,adaptive,0,heldout_defect_posthoc,0.0013639678808798977,568.1830444335938,0.001549379969346788,0.019590783691930642,0.001549380043246178,1.0,0.9569202661514282,2048,1.0,524288,262144,536739840,0.0014652014652014652,True
prompt_holdout,s01_p01_seed20260740,layer00_step00_capacity_control,0,0,contribution_norm,0.25,7,0,0,full_procrustes,128,heldout_defect_posthoc,0.0013639678808798977,568.1830444335938,0.001549379969346788,0.019590783691930642,0.001549380043246178,1.0,0.9569202661514282,2048,1.0,524288,262144,536739840,0.0014652014652014652,True
prompt_holdout,s01_p01_seed20260740,layer00_step00_capacity_control,0,0,contribution_norm,0.25,7,1,16320,frozen,0,source_only,0.004348539936849534,553.3642578125,0.002803278068505343,0.0289095456269892,0.001569109937365189,0.7455851933809536,0.9465658068656921,0,0.0,0,262144,536739840,0.0004884004884004884,True
prompt_holdout,s01_p01_seed20260740,layer00_step00_capacity_control,0,0,contribution_norm,0.25,7,1,16320,adaptive,0,heldout_defect_posthoc,0.001362441304272852,553.3642578125,0.0015691098494890411,0.0289095456269892,0.001569109937365189,1.0,0.9465658068656921,2048,1.0,524288,262144,536739840,0.0014652014652014652,True
prompt_holdout,s01_p01_seed20260740,layer00_step00_capacity_control,0,0,contribution_norm,0.25,7,1,16320,full_procrustes,128,heldout_defect_posthoc,0.001362441304272852,553.3642578125,0.0015691098494890411,0.0289095456269892,0.001569109937365189,1.0,0.9465658068656921,2048,1.0,524288,262144,536739840,0.0014652014652014652,True
prompt_holdout,s01_p01_seed20260740,layer00_step00_capacity_control,0,0,contribution_norm,0.25,7,2,32640,frozen,0,source_only,0.029235835732367682,576.3485107421875,0.007122216462591066,0.04980485400832272,0.00400100132595946,0.7688136897077937,0.8787568807601929,0,0.0,0,262144,536739840,0.0004884004884004884,True
prompt_holdout,s01_p01_seed20260740,layer00_step00_capacity_control,0,0,contribution_norm,0.25,7,2,32640,adaptive,0,heldout_defect_posthoc,0.009226193041559805,576.3485107421875,0.004001001193694758,0.04980485400832272,0.00400100132595946,0.9999999999999999,0.8787568807601929,2048,1.0,524288,262144,536739840,0.0014652014652014652,True
prompt_holdout,s01_p01_seed20260740,layer00_step00_capacity_control,0,0,contribution_norm,0.25,7,2,32640,full_procrustes,128,heldout_defect_posthoc,0.009226193041559805,576.3485107421875,0.004001001193694758,0.04980485400832272,0.00400100132595946,0.9999999999999999,0.8787568807601929,2048,1.0,524288,262144,536739840,0.0014652014652014652,True
prompt_holdout,s01_p01_seed20260740,layer00_step00_capacity_control,0,0,contribution_norm,0.25,8,0,0,frozen,0,source_only,0.0013630328744431114,167.32015991210938,0.0028541646950746846,0.20967745385002814,0.0017692984426757143,0.7086970272289485,0.25696825981140137,0,0.0,0,262144,536739840,0.0004884004884004884,True
prompt_holdout,s01_p01_seed20260740,layer00_step00_capacity_control,0,0,contribution_norm,0.25,8,0,0,adaptive,0,heldout_defect_posthoc,0.0005237818392051111,167.32015991210938,0.001769298391406559,0.20967745385002814,0.0017692984426757143,0.9999999999999999,0.25696825981140137,2048,1.0,524288,262144,536739840,0.0014652014652014652,True
prompt_holdout,s01_p01_seed20260740,layer00_step00_capacity_control,0,0,contribution_norm,0.25,8,0,0,full_procrustes,128,heldout_defect_posthoc,0.0005237818392051111,167.32015991210938,0.001769298391406559,0.20967745385002814,0.0017692984426757143,0.9999999999999999,0.25696825981140137,2048,1.0,524288,262144,536739840,0.0014652014652014652,True
prompt_holdout,s01_p01_seed20260740,layer00_step00_capacity_control,0,0,contribution_norm,0.25,8,1,16320,frozen,0,source_only,0.0014527390237902974,147.7101287841797,0.003136091049681526,0.45840866207173525,0.0019297984840303223,0.7441221310832684,0.26043444871902466,0,0.0,0,262144,536739840,0.0004884004884004884,True
prompt_holdout,s01_p01_seed20260740,layer00_step00_capacity_control,0,0,contribution_norm,0.25,8,1,16320,adaptive,0,heldout_defect_posthoc,0.0005500907506537016,147.7101287841797,0.0019297988041724662,0.45840866207173525,0.0019297984840303223,1.0,0.26043444871902466,2048,1.0,524288,262144,536739840,0.0014652014652014652,True
prompt_holdout,s01_p01_seed20260740,layer00_step00_capacity_control,0,0,contribution_norm,0.25,8,1,16320,full_procrustes,128,heldout_defect_posthoc,0.0005500907506537016,147.7101287841797,0.0019297988041724662,0.45840866207173525,0.0019297984840303223,1.0,0.26043444871902466,2048,1.0,524288,262144,536739840,0.0014652014652014652,True
prompt_holdout,s01_p01_seed20260740,layer00_step00_capacity_control,0,0,contribution_norm,0.25,8,2,32640,frozen,0,source_only,0.0013261472802203046,167.88348388671875,0.002810553734772172,0.2552654960015412,0.0018621486989314224,0.7698096972141117,0.26054710149765015,0,0.0,0,262144,536739840,0.0004884004884004884,True
prompt_holdout,s01_p01_seed20260740,layer00_step00_capacity_control,0,0,contribution_norm,0.25,8,2,32640,adaptive,0,heldout_defect_posthoc,0.0005821523533635567,167.88348388671875,0.0018621486315251678,0.2552654960015412,0.0018621486989314224,0.9999999999999999,0.26054710149765015,2048,1.0,524288,262144,536739840,0.0014652014652014652,True
prompt_holdout,s01_p01_seed20260740,layer00_step00_capacity_control,0,0,contribution_norm,0.25,8,2,32640,full_procrustes,128,heldout_defect_posthoc,0.0005821523533635567,167.88348388671875,0.0018621486315251678,0.2552654960015412,0.0018621486989314224,0.9999999999999999,0.26054710149765015,2048,1.0,524288,262144,536739840,0.0014652014652014652,True
prompt_holdout,s01_p01_seed20260740,layer00_step00_capacity_control,0,0,contribution_norm,0.25,9,0,0,frozen,0,source_only,0.0031455242966226754,129.93917846679688,0.004920128706895328,0.49365874597519804,0.0027626353306037564,0.7591751882974784,0.3041055202484131,0,0.0,0,262144,536739840,0.0004884004884004884,True
prompt_holdout,s01_p01_seed20260740,layer00_step00_capacity_control,0,0,contribution_norm,0.25,9,0,0,adaptive,0,heldout_defect_posthoc,0.0009917156907899793,129.93917846679688,0.0027626351551164633,0.49365874597519804,0.0027626353306037564,1.0,0.3041055202484131,2048,1.0,524288,262144,536739840,0.0014652014652014652,True
prompt_holdout,s01_p01_seed20260740,layer00_step00_capacity_control,0,0,contribution_norm,0.25,9,0,0,full_procrustes,128,heldout_defect_posthoc,0.0009917156907899793,129.93917846679688,0.0027626351551164633,0.49365874597519804,0.0027626353306037564,1.0,0.3041055202484131,2048,1.0,524288,262144,536739840,0.0014652014652014652,True
prompt_holdout,s01_p01_seed20260740,layer00_step00_capacity_control,0,0,contribution_norm,0.25,9,1,16320,frozen,0,source_only,0.002228490299838419,108.15531158447266,0.004539222253795811,0.9722846395456909,0.002751079421714598,0.7783125629301345,0.35642147064208984,0,0.0,0,262144,536739840,0.0004884004884004884,True
prompt_holdout,s01_p01_seed20260740,layer00_step00_capacity_control,0,0,contribution_norm,0.25,9,1,16320,adaptive,0,heldout_defect_posthoc,0.0008185659118513118,108.15531158447266,0.0027510779822980556,0.9722846395456909,0.002751079421714598,0.9999999999999997,0.35642147064208984,2048,1.0,524288,262144,536739840,0.0014652014652014652,True
prompt_holdout,s01_p01_seed20260740,layer00_step00_capacity_control,0,0,contribution_norm,0.25,9,1,16320,full_procrustes,128,heldout_defect_posthoc,0.0008185659118513118,108.15531158447266,0.0027510779822980556,0.9722846395456909,0.002751079421714598,0.9999999999999997,0.35642147064208984,2048,1.0,524288,262144,536739840,0.0014652014652014652,True
prompt_holdout,s01_p01_seed20260740,layer00_step00_capacity_control,0,0,contribution_norm,0.25,9,2,32640,frozen,0,source_only,0.0017803679066338003,322.03289794921875,0.0023512822122433333,0.6637757872211393,0.0014650301995575551,0.7979546140937375,0.41641634702682495,0,0.0,0,262144,536739840,0.0004884004884004884,True
prompt_holdout,s01_p01_seed20260740,layer00_step00_capacity_control,0,0,contribution_norm,0.25,9,2,32640,adaptive,0,heldout_defect_posthoc,0.0006911831962720254,322.03289794921875,0.0014650298228964524,0.6637757872211393,0.0014650301995575551,0.9999999999999998,0.41641634702682495,2048,1.0,524288,262144,536739840,0.0014652014652014652,True
prompt_holdout,s01_p01_seed20260740,layer00_step00_capacity_control,0,0,contribution_norm,0.25,9,2,32640,full_procrustes,128,heldout_defect_posthoc,0.0006911831962720254,322.03289794921875,0.0014650298228964524,0.6637757872211393,0.0014650301995575551,0.9999999999999998,0.41641634702682495,2048,1.0,524288,262144,536739840,0.0014652014652014652,True
prompt_holdout,s01_p01_seed20260740,layer00_step00_capacity_control,0,0,contribution_norm,0.25,10,0,0,frozen,0,source_only,0.0015036952325566462,2690.56787109375,0.0007475804497819946,0.05833962958159801,0.0004685458087309182,0.8013015365247,0.5793274641036987,0,0.0,0,262144,536739840,0.0004884004884004884,True
prompt_holdout,s01_p01_seed20260740,layer00_step00_capacity_control,0,0,contribution_norm,0.25,10,0,0,adaptive,0,heldout_defect_posthoc,0.000590673480227523,2690.56787109375,0.00046854548831081036,0.05833962958159801,0.0004685458087309182,0.9999999999999999,0.5793274641036987,2048,1.0,524288,262144,536739840,0.0014652014652014652,True
prompt_holdout,s01_p01_seed20260740,layer00_step00_capacity_control,0,0,contribution_norm,0.25,10,0,0,full_procrustes,128,heldout_defect_posthoc,0.000590673480227523,2690.56787109375,0.00046854548831081036,0.05833962958159801,0.0004685458087309182,0.9999999999999999,0.5793274641036987,2048,1.0,524288,262144,536739840,0.0014652014652014652,True
prompt_holdout,s01_p01_seed20260740,layer00_step00_capacity_control,0,0,contribution_norm,0.25,10,1,16320,frozen,0,source_only,0.00011175454951713599,510.0280456542969,0.0004680966975414663,0.07252317399153242,0.0002890277961909691,0.8135621296320987,0.8855053186416626,0,0.0,0,262144,536739840,0.0004884004884004884,True
prompt_holdout,s01_p01_seed20260740,layer00_step00_capacity_control,0,0,contribution_norm,0.25,10,1,16320,adaptive,0,heldout_defect_posthoc,4.2606211020342617e-05,510.0280456542969,0.0002890276741299712,0.07252317399153242,0.0002890277961909691,1.0,0.8855053186416626,2048,1.0,524288,262144,536739840,0.0014652014652014652,True
prompt_holdout,s01_p01_seed20260740,layer00_step00_capacity_control,0,0,contribution_norm,0.25,10,1,16320,full_procrustes,128,heldout_defect_posthoc,4.2606211020342617e-05,510.0280456542969,0.0002890276741299712,0.07252317399153242,0.0002890277961909691,1.0,0.8855053186416626,2048,1.0,524288,262144,536739840,0.0014652014652014652,True
prompt_holdout,s01_p01_seed20260740,layer00_step00_capacity_control,0,0,contribution_norm,0.25,10,2,32640,frozen,0,source_only,0.0006448459390113609,636.2923583984375,0.0010066989851353983,0.14554011299947503,0.0005888384539527596,0.8364938785011737,0.7007064819335938,0,0.0,0,262144,536739840,0.0004884004884004884,True
prompt_holdout,s01_p01_seed20260740,layer00_step00_capacity_control,0,0,contribution_norm,0.25,10,2,32640,adaptive,0,heldout_defect_posthoc,0.0002206220423265772,636.2923583984375,0.0005888383627804952,0.14554011299947503,0.0005888384539527596,1.0,0.7007064819335938,2048,1.0,524288,262144,536739840,0.0014652014652014652,True
prompt_holdout,s01_p01_seed20260740,layer00_step00_capacity_control,0,0,contribution_norm,0.25,10,2,32640,full_procrustes,128,heldout_defect_posthoc,0.0002206220423265772,636.2923583984375,0.0005888383627804952,0.14554011299947503,0.0005888384539527596,1.0,0.7007064819335938,2048,1.0,524288,262144,536739840,0.0014652014652014652,True
prompt_holdout,s01_p01_seed20260740,layer00_step00_capacity_control,0,0,contribution_norm,0.25,11,0,0,frozen,0,source_only,0.000484679300631635,3621.506591796875,0.0003658327622675024,0.0012557053045449994,0.00028532052530324246,0.8019944458872336,0.9987373948097229,0,0.0,0,262144,536739840,0.0004884004884004884,True
prompt_holdout,s01_p01_seed20260740,layer00_step00_capacity_control,0,0,contribution_norm,0.25,11,0,0,adaptive,0,heldout_defect_posthoc,0.00029481889764465167,3621.506591796875,0.00028532052796512056,0.0012557053045449994,0.00028532052530324246,1.0,0.9987373948097229,2048,1.0,524288,262144,536739840,0.0014652014652014652,True
prompt_holdout,s01_p01_seed20260740,layer00_step00_capacity_control,0,0,contribution_norm,0.25,11,0,0,full_procrustes,128,heldout_defect_posthoc,0.00029481889764465167,3621.506591796875,0.00028532052796512056,0.0012557053045449994,0.00028532052530324246,1.0,0.9987373948097229,2048,1.0,524288,262144,536739840,0.0014652014652014652,True
prompt_holdout,s01_p01_seed20260740,layer00_step00_capacity_control,0,0,contribution_norm,0.25,11,1,16320,frozen,0,source_only,0.00027209477391168193,3138.74658203125,0.0002944299422746056,0.0008503904846737633,0.00023137850122174983,0.8287146325169263,0.9990161657333374,0,0.0,0,262144,536739840,0.0004884004884004884,True
prompt_holdout,s01_p01_seed20260740,layer00_step00_capacity_control,0,0,contribution_norm,0.25,11,1,16320,adaptive,0,heldout_defect_posthoc,0.00016803597277055494,3138.74658203125,0.00023137850244019556,0.0008503904846737633,0.00023137850122174983,0.9999999999999999,0.9990161657333374,2048,1.0,524288,262144,536739840,0.0014652014652014652,True
prompt_holdout,s01_p01_seed20260740,layer00_step00_capacity_control,0,0,contribution_norm,0.25,11,1,16320,full_procrustes,128,heldout_defect_posthoc,0.00016803597277055494,3138.74658203125,0.00023137850244019556,0.0008503904846737633,0.00023137850122174983,0.9999999999999999,0.9990161657333374,2048,1.0,524288,262144,536739840,0.0014652014652014652,True
prompt_holdout,s01_p01_seed20260740,layer00_step00_capacity_control,0,0,contribution_norm,0.25,11,2,32640,frozen,0,source_only,0.0009499048229122825,5680.080078125,0.0004089430362322388,0.0013097073278522425,0.0003270691864282373,0.8373951754466514,0.9985976219177246,0,0.0,0,262144,536739840,0.0004884004884004884,True
prompt_holdout,s01_p01_seed20260740,layer00_step00_capacity_control,0,0,contribution_norm,0.25,11,2,32640,adaptive,0,heldout_defect_posthoc,0.0006076222703197846,5680.080078125,0.00032706917260116175,0.0013097073278522425,0.0003270691864282373,1.0,0.9985976219177246,2048,1.0,524288,262144,536739840,0.0014652014652014652,True
prompt_holdout,s01_p01_seed20260740,layer00_step00_capacity_control,0,0,contribution_norm,0.25,11,2,32640,full_procrustes,128,heldout_defect_posthoc,0.0006076222703197846,5680.080078125,0.00032706917260116175,0.0013097073278522425,0.0003270691864282373,1.0,0.9985976219177246,2048,1.0,524288,262144,536739840,0.0014652014652014652,True
prompt_holdout,s03_p01_seed20260741,layer00_step00_capacity_control,0,0,contribution_norm,0.25,0,0,0,frozen,0,source_only,0.0011471648528438758,388.6896057128906,0.0017179536907031762,0.17646869188574194,0.0010206466646310497,0.8225717971344069,0.663489043712616,0,0.0,0,262144,536739840,0.0004884004884004884,True
prompt_holdout,s03_p01_seed20260741,layer00_step00_capacity_control,0,0,contribution_norm,0.25,0,0,0,adaptive,0,heldout_defect_posthoc,0.0004049047191476752,388.6896057128906,0.00102064557204428,0.17646869188574194,0.0010206466646310497,1.0,0.663489043712616,2048,1.0,524288,262144,536739840,0.0014652014652014652,True
prompt_holdout,s03_p01_seed20260741,layer00_step00_capacity_control,0,0,contribution_norm,0.25,0,0,0,full_procrustes,128,heldout_defect_posthoc,0.0004049047191476752,388.6896057128906,0.00102064557204428,0.17646869188574194,0.0010206466646310497,1.0,0.663489043712616,2048,1.0,524288,262144,536739840,0.0014652014652014652,True
prompt_holdout,s03_p01_seed20260741,layer00_step00_capacity_control,0,0,contribution_norm,0.25,0,1,16320,frozen,0,source_only,0.0016069582355118708,344.428466796875,0.0021599951481729657,0.22356461079704867,0.0012622401886348653,0.8229847838863966,0.5537364482879639,0,0.0,0,262144,536739840,0.0004884004884004884,True
prompt_holdout,s03_p01_seed20260741,layer00_step00_capacity_control,0,0,contribution_norm,0.25,0,1,16320,adaptive,0,heldout_defect_posthoc,0.000548759635896011,344.428466796875,0.0012622389005155583,0.22356461079704867,0.0012622401886348653,1.0,0.5537364482879639,2048,1.0,524288,262144,536739840,0.0014652014652014652,True
prompt_holdout,s03_p01_seed20260741,layer00_step00_capacity_control,0,0,contribution_norm,0.25,0,1,16320,full_procrustes,128,heldout_defect_posthoc,0.000548759635896011,344.428466796875,0.0012622389005155583,0.22356461079704867,0.0012622401886348653,1.0,0.5537364482879639,2048,1.0,524288,262144,536739840,0.0014652014652014652,True
prompt_holdout,s03_p01_seed20260741,layer00_step00_capacity_control,0,0,contribution_norm,0.25,0,2,32640,frozen,0,source_only,0.001822943735563039,536.2006225585938,0.0018438389091337871,0.13407958098495018,0.0010995239082382297,0.8570066883261319,0.6264646053314209,0,0.0,0,262144,536739840,0.0004884004884004884,True
prompt_holdout,s03_p01_seed20260741,layer00_step00_capacity_control,0,0,contribution_norm,0.25,0,2,32640,adaptive,0,heldout_defect_posthoc,0.0006482405538800271,536.2006225585938,0.00109952331168425,0.13407958098495018,0.0010995239082382297,1.0000000000000002,0.6264646053314209,2048,1.0,524288,262144,536739840,0.0014652014652014652,True
prompt_holdout,s03_p01_seed20260741,layer00_step00_capacity_control,0,0,contribution_norm,0.25,0,2,32640,full_procrustes,128,heldout_defect_posthoc,0.0006482405538800271,536.2006225585938,0.00109952331168425,0.13407958098495018,0.0010995239082382297,1.0000000000000002,0.6264646053314209,2048,1.0,524288,262144,536739840,0.0014652014652014652,True
prompt_holdout,s03_p01_seed20260741,layer00_step00_capacity_control,0,0,contribution_norm,0.25,1,0,0,frozen,0,source_only,0.03495770348594858,2353.151611328125,0.003854308675387791,0.021845710456908612,0.002302200417930722,0.8368977308607869,0.9558866024017334,0,0.0,0,262144,536739840,0.0004884004884004884,True
prompt_holdout,s03_p01_seed20260741,layer00_step00_capacity_control,0,0,contribution_norm,0.25,1,0,0,adaptive,0,heldout_defect_posthoc,0.012472000681895634,2353.151611328125,0.0023022003114402862,0.021845710456908612,0.002302200417930722,0.9999999999999999,0.9558866024017334,2048,1.0,524288,262144,536739840,0.0014652014652014652,True
prompt_holdout,s03_p01_seed20260741,layer00_step00_capacity_control,0,0,contribution_norm,0.25,1,0,0,full_procrustes,128,heldout_defect_posthoc,0.012472000681895634,2353.151611328125,0.0023022003114402862,0.021845710456908612,0.002302200417930722,0.9999999999999999,0.9558866024017334,2048,1.0,524288,262144,536739840,0.0014652014652014652,True
prompt_holdout,s03_p01_seed20260741,layer00_step00_capacity_control,0,0,contribution_norm,0.25,1,1,16320,frozen,0,source_only,0.023873263274010594,2055.218017578125,0.0034082146932743504,0.01695224592838672,0.0021667279667111393,0.8134002045270767,0.9480324983596802,0,0.0,0,262144,536739840,0.0004884004884004884,True
prompt_holdout,s03_p01_seed20260741,layer00_step00_capacity_control,0,0,contribution_norm,0.25,1,1,16320,adaptive,0,heldout_defect_posthoc,0.009648652253538838,2055.218017578125,0.002166727911273939,0.01695224592838672,0.0021667279667111393,1.0000000000000002,0.9480324983596802,2048,1.0,524288,262144,536739840,0.0014652014652014652,True
prompt_holdout,s03_p01_seed20260741,layer00_step00_capacity_control,0,0,contribution_norm,0.25,1,1,16320,full_procrustes,128,heldout_defect_posthoc,0.009648652253538838,2055.218017578125,0.002166727911273939,0.01695224592838672,0.0021667279667111393,1.0000000000000002,0.9480324983596802,2048,1.0,524288,262144,536739840,0.0014652014652014652,True
prompt_holdout,s03_p01_seed20260741,layer00_step00_capacity_control,0,0,contribution_norm,0.25,1,2,32640,frozen,0,source_only,0.010342195620177484,2155.07568359375,0.0021906606674967784,0.010287836006392485,0.0012419389383031242,0.7907009989261735,0.9752293825149536,0,0.0,0,262144,536739840,0.0004884004884004884,True
prompt_holdout,s03_p01_seed20260741,layer00_step00_capacity_control,0,0,contribution_norm,0.25,1,2,32640,adaptive,0,heldout_defect_posthoc,0.0033240151328121446,2155.07568359375,0.001241938907283536,0.010287836006392485,0.0012419389383031242,1.0,0.9752293825149536,2048,1.0,524288,262144,536739840,0.0014652014652014652,True
prompt_holdout,s03_p01_seed20260741,layer00_step00_capacity_control,0,0,contribution_norm,0.25,1,2,32640,full_procrustes,128,heldout_defect_posthoc,0.0033240151328121446,2155.07568359375,0.001241938907283536,0.010287836006392485,0.0012419389383031242,1.0,0.9752293825149536,2048,1.0,524288,262144,536739840,0.0014652014652014652,True
prompt_holdout,s03_p01_seed20260741,layer00_step00_capacity_control,0,0,contribution_norm,0.25,2,0,0,frozen,0,source_only,0.0016861321349199234,770.231689453125,0.001479568618309564,0.1649773400811363,0.0009263204411176379,0.8111598139966801,0.273404598236084,0,0.0,0,262144,536739840,0.0004884004884004884,True
prompt_holdout,s03_p01_seed20260741,layer00_step00_capacity_control,0,0,contribution_norm,0.25,2,0,0,adaptive,0,heldout_defect_posthoc,0.0006609119370261354,770.231689453125,0.0009263201400881347,0.1649773400811363,0.0009263204411176379,0.9999999999999998,0.273404598236084,2048,1.0,524288,262144,536739840,0.0014652014652014652,True
prompt_holdout,s03_p01_seed20260741,layer00_step00_capacity_control,0,0,contribution_norm,0.25,2,0,0,full_procrustes,128,heldout_defect_posthoc,0.0006609119370261354,770.231689453125,0.0009263201400881347,0.1649773400811363,0.0009263204411176379,0.9999999999999998,0.273404598236084,2048,1.0,524288,262144,536739840,0.0014652014652014652,True
prompt_holdout,s03_p01_seed20260741,layer00_step00_capacity_control,0,0,contribution_norm,0.25,2,1,16320,frozen,0,source_only,0.001508665138176983,709.14404296875,0.0014585764523953105,0.15382656750570203,0.0008294076391439059,0.8180973216052401,0.28458547592163086,0,0.0,0,262144,536739840,0.0004884004884004884,True
prompt_holdout,s03_p01_seed20260741,layer00_step00_capacity_control,0,0,contribution_norm,0.25,2,1,16320,adaptive,0,heldout_defect_posthoc,0.0004878316184673101,709.14404296875,0.0008294070893530181,0.15382656750570203,0.0008294076391439059,1.0000000000000002,0.28458547592163086,2048,1.0,524288,262144,536739840,0.0014652014652014652,True
prompt_holdout,s03_p01_seed20260741,layer00_step00_capacity_control,0,0,contribution_norm,0.25,2,1,16320,full_procrustes,128,heldout_defect_posthoc,0.0004878316184673101,709.14404296875,0.0008294070893530181,0.15382656750570203,0.0008294076391439059,1.0000000000000002,0.28458547592163086,2048,1.0,524288,262144,536739840,0.0014652014652014652,True
prompt_holdout,s03_p01_seed20260741,layer00_step00_capacity_control,0,0,contribution_norm,0.25,2,2,32640,frozen,0,source_only,0.001681195213858774,751.9599609375,0.0014952427804147956,0.18055975231345076,0.0010250918070830656,0.8550150128416715,0.3057299852371216,0,0.0,0,262144,536739840,0.0004884004884004884,True
prompt_holdout,s03_p01_seed20260741,layer00_step00_capacity_control,0,0,contribution_norm,0.25,2,2,32640,adaptive,0,heldout_defect_posthoc,0.0007901684438995674,751.9599609375,0.0010250911463245212,0.18055975231345076,0.0010250918070830656,1.0,0.3057299852371216,2048,1.0,524288,262144,536739840,0.0014652014652014652,True
prompt_holdout,s03_p01_seed20260741,layer00_step00_capacity_control,0,0,contribution_norm,0.25,2,2,32640,full_procrustes,128,heldout_defect_posthoc,0.0007901684438995674,751.9599609375,0.0010250911463245212,0.18055975231345076,0.0010250918070830656,1.0,0.3057299852371216,2048,1.0,524288,262144,536739840,0.0014652014652014652,True
prompt_holdout,s03_p01_seed20260741,layer00_step00_capacity_control,0,0,contribution_norm,0.25,3,0,0,frozen,0,source_only,0.000825556578713275,491.4150695800781,0.001296131860210643,0.1854290461493185,0.0008488987430745153,0.7779474036301448,0.2554953396320343,0,0.0,0,262144,536739840,0.0004884004884004884,True
prompt_holdout,s03_p01_seed20260741,layer00_step00_capacity_control,0,0,contribution_norm,0.25,3,0,0,adaptive,0,heldout_defect_posthoc,0.00035412792710204496,491.4150695800781,0.0008488986706580683,0.1854290461493185,0.0008488987430745153,0.9999999999999997,0.2554953396320343,2048,1.0,524288,262144,536739840,0.0014652014652014652,True
prompt_holdout,s03_p01_seed20260741,layer00_step00_capacity_control,0,0,contribution_norm,0.25,3,0,0,full_procrustes,128,heldout_defect_posthoc,0.00035412792710204496,491.4150695800781,0.0008488986706580683,0.1854290461493185,0.0008488987430745153,0.9999999999999997,0.2554953396320343,2048,1.0,524288,262144,536739840,0.0014652014652014652,True
prompt_holdout,s03_p01_seed20260741,layer00_step00_capacity_control,0,0,contribution_norm,0.25,3,1,16320,frozen,0,source_only,0.0007420482421124208,474.0145263671875,0.0012511812998236254,0.26334462365154226,0.0007993376312727456,0.8205979038687399,0.2585747241973877,0,0.0,0,262144,536739840,0.0004884004884004884,True
prompt_holdout,s03_p01_seed20260741,layer00_step00_capacity_control,0,0,contribution_norm,0.25,3,1,16320,adaptive,0,heldout_defect_posthoc,0.0003028670757575136,474.0145263671875,0.0007993375346169057,0.26334462365154226,0.0007993376312727456,1.0000000000000002,0.2585747241973877,2048,1.0,524288,262144,536739840,0.0014652014652014652,True
prompt_holdout,s03_p01_seed20260741,layer00_step00_capacity_control,0,0,contribution_norm,0.25,3,1,16320,full_procrustes,128,heldout_defect_posthoc,0.0003028670757575136,474.0145263671875,0.0007993375346169057,0.26334462365154226,0.0007993376312727456,1.0000000000000002,0.2585747241973877,2048,1.0,524288,262144,536739840,0.0014652014652014652,True
prompt_holdout,s03_p01_seed20260741,layer00_step00_capacity_control,0,0,contribution_norm,0.25,3,2,32640,frozen,0,source_only,0.0010206069686216806,478.401611328125,0.0014606055542143595,0.28824290127377095,0.0009587431995693785,0.7835329083592786,0.262124627828598,0,0.0,0,262144,536739840,0.0004884004884004884,True
prompt_holdout,s03_p01_seed20260741,layer00_step00_capacity_control,0,0,contribution_norm,0.25,3,2,32640,adaptive,0,heldout_defect_posthoc,0.0004397413252330274,478.401611328125,0.0009587432593617002,0.28824290127377095,0.0009587431995693785,1.0,0.262124627828598,2048,1.0,524288,262144,536739840,0.0014652014652014652,True
prompt_holdout,s03_p01_seed20260741,layer00_step00_capacity_control,0,0,contribution_norm,0.25,3,2,32640,full_procrustes,128,heldout_defect_posthoc,0.0004397413252330274,478.401611328125,0.0009587432593617002,0.28824290127377095,0.0009587431995693785,1.0,0.262124627828598,2048,1.0,524288,262144,536739840,0.0014652014652014652,True
prompt_holdout,s03_p01_seed20260741,layer00_step00_capacity_control,0,0,contribution_norm,0.25,4,0,0,frozen,0,source_only,2.6692655243571852e-05,2815.7763671875,9.736364155581953e-05,0.00034964563492244523,7.679950302235244e-05,0.8300371936738241,0.9996098875999451,0,0.0,0,262144,536739840,0.0004884004884004884,True
prompt_holdout,s03_p01_seed20260741,layer00_step00_capacity_control,0,0,contribution_norm,0.25,4,0,0,adaptive,0,heldout_defect_posthoc,1.6607909254544055e-05,2815.7763671875,7.679950163113155e-05,0.00034964563492244523,7.679950302235244e-05,0.9999999999999999,0.9996098875999451,2048,1.0,524288,262144,536739840,0.0014652014652014652,True
prompt_holdout,s03_p01_seed20260741,layer00_step00_capacity_control,0,0,contribution_norm,0.25,4,0,0,full_procrustes,128,heldout_defect_posthoc,1.6607909254544055e-05,2815.7763671875,7.679950163113155e-05,0.00034964563492244523,7.679950302235244e-05,0.9999999999999999,0.9996098875999451,2048,1.0,524288,262144,536739840,0.0014652014652014652,True
prompt_holdout,s03_p01_seed20260741,layer00_step00_capacity_control,0,0,contribution_norm,0.25,4,1,16320,frozen,0,source_only,2.9194594286947824e-05,1943.997802734375,0.00012254718433909317,0.0005976582867834418,9.078044198604376e-05,0.8478017967938483,0.9994662404060364,0,0.0,0,262144,536739840,0.0004884004884004884,True
prompt_holdout,s03_p01_seed20260741,layer00_step00_capacity_control,0,0,contribution_norm,0.25,4,1,16320,adaptive,0,heldout_defect_posthoc,1.6020657703472575e-05,1943.997802734375,9.07804405161994e-05,0.0005976582867834418,9.078044198604376e-05,1.0000000000000004,0.9994662404060364,2048,1.0,524288,262144,536739840,0.0014652014652014652,True
prompt_holdout,s03_p01_seed20260741,layer00_step00_capacity_control,0,0,contribution_norm,0.25,4,1,16320,full_procrustes,128,heldout_defect_posthoc,1.6020657703472575e-05,1943.997802734375,9.07804405161994e-05,0.0005976582867834418,9.078044198604376e-05,1.0000000000000004,0.9994662404060364,2048,1.0,524288,262144,536739840,0.0014652014652014652,True
prompt_holdout,s03_p01_seed20260741,layer00_step00_capacity_control,0,0,contribution_norm,0.25,4,2,32640,frozen,0,source_only,1.6023616467663113e-05,3189.43408203125,7.087995861636685e-05,0.00026490208069764715,5.6044433821736036e-05,0.8640591236670003,0.9997332096099854,0,0.0,0,262144,536739840,0.0004884004884004884,True
prompt_holdout,s03_p01_seed20260741,layer00_step00_capacity_control,0,0,contribution_norm,0.25,4,2,32640,adaptive,0,heldout_defect_posthoc,1.00179443598101e-05,3189.43408203125,5.604443461045023e-05,0.00026490208069764715,5.6044433821736036e-05,1.0,0.9997332096099854,2048,1.0,524288,262144,536739840,0.0014652014652014652,True
prompt_holdout,s03_p01_seed20260741,layer00_step00_capacity_control,0,0,contribution_norm,0.25,4,2,32640,full_procrustes,128,heldout_defect_posthoc,1.00179443598101e-05,3189.43408203125,5.604443461045023e-05,0.00026490208069764715,5.6044433821736036e-05,1.0,0.9997332096099854,2048,1.0,524288,262144,536739840,0.0014652014652014652,True
prompt_holdout,s03_p01_seed20260741,layer00_step00_capacity_control,0,0,contribution_norm,0.25,5,0,0,frozen,0,source_only,1.4452669860032536e-05,1878.9102783203125,8.77043269407064e-05,0.0004381234936638085,4.809573699382492e-05,0.7808894758363909,0.9993915557861328,0,0.0,0,262144,536739840,0.0004884004884004884,True
prompt_holdout,s03_p01_seed20260741,layer00_step00_capacity_control,0,0,contribution_norm,0.25,5,0,0,adaptive,0,heldout_defect_posthoc,4.346294537565267e-06,1878.9102783203125,4.80957338828826e-05,0.0004381234936638085,4.809573699382492e-05,1.0,0.9993915557861328,2048,1.0,524288,262144,536739840,0.0014652014652014652,True
prompt_holdout,s03_p01_seed20260741,layer00_step00_capacity_control,0,0,contribution_norm,0.25,5,0,0,full_procrustes,128,heldout_defect_posthoc,4.346294537565267e-06,1878.9102783203125,4.80957338828826e-05,0.0004381234936638085,4.809573699382492e-05,1.0,0.9993915557861328,2048,1.0,524288,262144,536739840,0.0014652014652014652,True
prompt_holdout,s03_p01_seed20260741,layer00_step00_capacity_control,0,0,contribution_norm,0.25,5,1,16320,frozen,0,source_only,1.2335344013148086e-06,1599.7435302734375,2.776837410457368e-05,0.00023733110788454407,1.6262557163536127e-05,0.8162459187181275,0.9997272491455078,0,0.0,0,262144,536739840,0.0004884004884004884,True
prompt_holdout,s03_p01_seed20260741,layer00_step00_capacity_control,0,0,contribution_norm,0.25,5,1,16320,adaptive,0,heldout_defect_posthoc,4.2308531567788646e-07,1599.7435302734375,1.626255561885016e-05,0.00023733110788454407,1.6262557163536127e-05,0.9999999999999999,0.9997272491455078,2048,1.0,524288,262144,536739840,0.0014652014652014652,True
prompt_holdout,s03_p01_seed20260741,layer00_step00_capacity_control,0,0,contribution_norm,0.25,5,1,16320,full_procrustes,128,heldout_defect_posthoc,4.2308531567788646e-07,1599.7435302734375,1.626255561885016e-05,0.00023733110788454407,1.6262557163536127e-05,0.9999999999999999,0.9997272491455078,2048,1.0,524288,262144,536739840,0.0014652014652014652,True
prompt_holdout,s03_p01_seed20260741,layer00_step00_capacity_control,0,0,contribution_norm,0.25,5,2,32640,frozen,0,source_only,1.4018766808997155e-05,2295.74853515625,7.814347998796768e-05,0.0004695314440732494,4.3123656470289675e-05,0.7764226800929395,0.9994580745697021,0,0.0,0,262144,536739840,0.0004884004884004884,True
prompt_holdout,s03_p01_seed20260741,layer00_step00_capacity_control,0,0,contribution_norm,0.25,5,2,32640,adaptive,0,heldout_defect_posthoc,4.269287557037578e-06,2295.74853515625,4.312365330676227e-05,0.0004695314440732494,4.3123656470289675e-05,0.9999999999999999,0.9994580745697021,2048,1.0,524288,262144,536739840,0.0014652014652014652,True
prompt_holdout,s03_p01_seed20260741,layer00_step00_capacity_control,0,0,contribution_norm,0.25,5,2,32640,full_procrustes,128,heldout_defect_posthoc,4.269287557037578e-06,2295.74853515625,4.312365330676227e-05,0.0004695314440732494,4.3123656470289675e-05,0.9999999999999999,0.9994580745697021,2048,1.0,524288,262144,536739840,0.0014652014652014652,True
prompt_holdout,s03_p01_seed20260741,layer00_step00_capacity_control,0,0,contribution_norm,0.25,6,0,0,frozen,0,source_only,0.0006731887866508515,1570.54443359375,0.0006547014800298334,0.007973867397104368,0.0004610829180060514,0.8580293645025516,0.9814647436141968,0,0.0,0,262144,536739840,0.0004884004884004884,True
prompt_holdout,s03_p01_seed20260741,layer00_step00_capacity_control,0,0,contribution_norm,0.25,6,0,0,adaptive,0,heldout_defect_posthoc,0.00033389364138479373,1570.54443359375,0.0004610828408552075,0.007973867397104368,0.0004610829180060514,1.0000000000000004,0.9814647436141968,2048,1.0,524288,262144,536739840,0.0014652014652014652,True
prompt_holdout,s03_p01_seed20260741,layer00_step00_capacity_control,0,0,contribution_norm,0.25,6,0,0,full_procrustes,128,heldout_defect_posthoc,0.00033389364138479373,1570.54443359375,0.0004610828408552075,0.007973867397104368,0.0004610829180060514,1.0000000000000004,0.9814647436141968,2048,1.0,524288,262144,536739840,0.0014652014652014652,True
prompt_holdout,s03_p01_seed20260741,layer00_step00_capacity_control,0,0,contribution_norm,0.25,6,1,16320,frozen,0,source_only,0.00020308193058258048,1511.251953125,0.0003665786808834729,0.004861033497952341,0.00023475411169248978,0.8557176867960199,0.9873138666152954,0,0.0,0,262144,536739840,0.0004884004884004884,True
prompt_holdout,s03_p01_seed20260741,layer00_step00_capacity_control,0,0,contribution_norm,0.25,6,1,16320,adaptive,0,heldout_defect_posthoc,8.328430479770082e-05,1511.251953125,0.00023475407777134622,0.004861033497952341,0.00023475411169248978,0.9999999999999999,0.9873138666152954,2048,1.0,524288,262144,536739840,0.0014652014652014652,True
prompt_holdout,s03_p01_seed20260741,layer00_step00_capacity_control,0,0,contribution_norm,0.25,6,1,16320,full_procrustes,128,heldout_defect_posthoc,8.328430479770082e-05,1511.251953125,0.00023475407777134622,0.004861033497952341,0.00023475411169248978,0.9999999999999999,0.9873138666152954,2048,1.0,524288,262144,536739840,0.0014652014652014652,True
prompt_holdout,s03_p01_seed20260741,layer00_step00_capacity_control,0,0,contribution_norm,0.25,6,2,32640,frozen,0,source_only,0.00042350853276031824,1555.29052734375,0.0005218255252998897,0.005477264132935448,0.0003387510261007264,0.8676225311465016,0.9838204979896545,0,0.0,0,262144,536739840,0.0004884004884004884,True
prompt_holdout,s03_p01_seed20260741,layer00_step00_capacity_control,0,0,contribution_norm,0.25,6,2,32640,adaptive,0,heldout_defect_posthoc,0.00017847304890381433,1555.29052734375,0.0003387509782092179,0.005477264132935448,0.0003387510261007264,0.9999999999999998,0.9838204979896545,2048,1.0,524288,262144,536739840,0.0014652014652014652,True
prompt_holdout,s03_p01_seed20260741,layer00_step00_capacity_control,0,0,contribution_norm,0.25,6,2,32640,full_procrustes,128,heldout_defect_posthoc,0.00017847304890381433,1555.29052734375,0.0003387509782092179,0.005477264132935448,0.0003387510261007264,0.9999999999999998,0.9838204979896545,2048,1.0,524288,262144,536739840,0.0014652014652014652,True
prompt_holdout,s03_p01_seed20260741,layer00_step00_capacity_control,0,0,contribution_norm,0.25,7,0,0,frozen,0,source_only,0.004771193812892587,540.9581298828125,0.002969830774606804,0.019803384745831477,0.0016934268302193495,0.7477782493225575,0.9557783603668213,0,0.0,0,262144,536739840,0.0004884004884004884,True
prompt_holdout,s03_p01_seed20260741,layer00_step00_capacity_control,0,0,contribution_norm,0.25,7,0,0,adaptive,0,heldout_defect_posthoc,0.001551302329241418,540.9581298828125,0.0016934266739481068,0.019803384745831477,0.0016934268302193495,1.0,0.9557783603668213,2048,1.0,524288,262144,536739840,0.0014652014652014652,True
prompt_holdout,s03_p01_seed20260741,layer00_step00_capacity_control,0,0,contribution_norm,0.25,7,0,0,full_procrustes,128,heldout_defect_posthoc,0.001551302329241418,540.9581298828125,0.0016934266739481068,0.019803384745831477,0.0016934268302193495,1.0,0.9557783603668213,2048,1.0,524288,262144,536739840,0.0014652014652014652,True
prompt_holdout,s03_p01_seed20260741,layer00_step00_capacity_control,0,0,contribution_norm,0.25,7,1,16320,frozen,0,source_only,0.004466835821593312,512.7139282226562,0.002951633544854099,0.026160382513450653,0.0017385767444211063,0.7569504391417792,0.946686863899231,0,0.0,0,262144,536739840,0.0004884004884004884,True
prompt_holdout,s03_p01_seed20260741,layer00_step00_capacity_control,0,0,contribution_norm,0.25,7,1,16320,adaptive,0,heldout_defect_posthoc,0.0015497539134022719,512.7139282226562,0.0017385765321854252,0.026160382513450653,0.0017385767444211063,0.9999999999999999,0.946686863899231,2048,1.0,524288,262144,536739840,0.0014652014652014652,True
prompt_holdout,s03_p01_seed20260741,layer00_step00_capacity_control,0,0,contribution_norm,0.25,7,1,16320,full_procrustes,128,heldout_defect_posthoc,0.0015497539134022719,512.7139282226562,0.0017385765321854252,0.026160382513450653,0.0017385767444211063,0.9999999999999999,0.946686863899231,2048,1.0,524288,262144,536739840,0.0014652014652014652,True
prompt_holdout,s03_p01_seed20260741,layer00_step00_capacity_control,0,0,contribution_norm,0.25,7,2,32640,frozen,0,source_only,0.030112433020007545,586.3121948242188,0.007166522353951401,0.05050893592210482,0.004008543678069952,0.7612167690765623,0.8750101327896118,0,0.0,0,262144,536739840,0.0004884004884004884,True
prompt_holdout,s03_p01_seed20260741,layer00_step00_capacity_control,0,0,contribution_norm,0.25,7,2,32640,adaptive,0,heldout_defect_posthoc,0.009421110378283389,586.3121948242188,0.004008543329691168,0.05050893592210482,0.004008543678069952,1.0,0.8750101327896118,2048,1.0,524288,262144,536739840,0.0014652014652014652,True
prompt_holdout,s03_p01_seed20260741,layer00_step00_capacity_control,0,0,contribution_norm,0.25,7,2,32640,full_procrustes,128,heldout_defect_posthoc,0.009421110378283389,586.3121948242188,0.004008543329691168,0.05050893592210482,0.004008543678069952,1.0,0.8750101327896118,2048,1.0,524288,262144,536739840,0.0014652014652014652,True
prompt_holdout,s03_p01_seed20260741,layer00_step00_capacity_control,0,0,contribution_norm,0.25,8,0,0,frozen,0,source_only,0.0012791327630198687,166.6895751953125,0.002770151947694261,0.23786320148805984,0.0016494403286302973,0.739074432275698,0.2558361291885376,0,0.0,0,262144,536739840,0.0004884004884004884,True
prompt_holdout,s03_p01_seed20260741,layer00_step00_capacity_control,0,0,contribution_norm,0.25,8,0,0,adaptive,0,heldout_defect_posthoc,0.0004535045970126133,166.6895751953125,0.0016494403975429517,0.23786320148805984,0.0016494403286302973,1.0000000000000002,0.2558361291885376,2048,1.0,524288,262144,536739840,0.0014652014652014652,True
prompt_holdout,s03_p01_seed20260741,layer00_step00_capacity_control,0,0,contribution_norm,0.25,8,0,0,full_procrustes,128,heldout_defect_posthoc,0.0004535045970126133,166.6895751953125,0.0016494403975429517,0.23786320148805984,0.0016494403286302973,1.0000000000000002,0.2558361291885376,2048,1.0,524288,262144,536739840,0.0014652014652014652,True
prompt_holdout,s03_p01_seed20260741,layer00_step00_capacity_control,0,0,contribution_norm,0.25,8,1,16320,frozen,0,source_only,0.0011906405731855899,155.30596923828125,0.0027688298272740834,0.5762878187233026,0.0018214961428033383,0.78138558212436,0.26119139790534973,0,0.0,0,262144,536739840,0.0004884004884004884,True
prompt_holdout,s03_p01_seed20260741,layer00_step00_capacity_control,0,0,contribution_norm,0.25,8,1,16320,adaptive,0,heldout_defect_posthoc,0.0005152812910171752,155.30596923828125,0.0018214955432803526,0.5762878187233026,0.0018214961428033383,0.9999999999999999,0.26119139790534973,2048,1.0,524288,262144,536739840,0.0014652014652014652,True
prompt_holdout,s03_p01_seed20260741,layer00_step00_capacity_control,0,0,contribution_norm,0.25,8,1,16320,full_procrustes,128,heldout_defect_posthoc,0.0005152812910171752,155.30596923828125,0.0018214955432803526,0.5762878187233026,0.0018214961428033383,0.9999999999999999,0.26119139790534973,2048,1.0,524288,262144,536739840,0.0014652014652014652,True
prompt_holdout,s03_p01_seed20260741,layer00_step00_capacity_control,0,0,contribution_norm,0.25,8,2,32640,frozen,0,source_only,0.0013770035330493771,175.60447692871094,0.00280026888880025,0.19005092838602247,0.0016235255567034414,0.7394661225851755,0.2613227367401123,0,0.0,0,262144,536739840,0.0004884004884004884,True
prompt_holdout,s03_p01_seed20260741,layer00_step00_capacity_control,0,0,contribution_norm,0.25,8,2,32640,adaptive,0,heldout_defect_posthoc,0.0004628642093127401,175.60447692871094,0.001623525104059997,0.19005092838602247,0.0016235255567034414,0.9999999999999998,0.2613227367401123,2048,1.0,524288,262144,536739840,0.0014652014652014652,True
prompt_holdout,s03_p01_seed20260741,layer00_step00_capacity_control,0,0,contribution_norm,0.25,8,2,32640,full_procrustes,128,heldout_defect_posthoc,0.0004628642093127401,175.60447692871094,0.001623525104059997,0.19005092838602247,0.0016235255567034414,0.9999999999999998,0.2613227367401123,2048,1.0,524288,262144,536739840,0.0014652014652014652,True
prompt_holdout,s03_p01_seed20260741,layer00_step00_capacity_control,0,0,contribution_norm,0.25,9,0,0,frozen,0,source_only,0.002567706048679841,119.2624740600586,0.004640029534115455,0.36740495454917116,0.0028025173256886757,0.7970729604457906,0.3039551377296448,0,0.0,0,262144,536739840,0.0004884004884004884,True
prompt_holdout,s03_p01_seed20260741,layer00_step00_capacity_control,0,0,contribution_norm,0.25,9,0,0,adaptive,0,heldout_defect_posthoc,0.0009366995996986597,119.2624740600586,0.002802517028544561,0.36740495454917116,0.0028025173256886757,1.0,0.3039551377296448,2048,1.0,524288,262144,536739840,0.0014652014652014652,True
prompt_holdout,s03_p01_seed20260741,layer00_step00_capacity_control,0,0,contribution_norm,0.25,9,0,0,full_procrustes,128,heldout_defect_posthoc,0.0009366995996986597,119.2624740600586,0.002802517028544561,0.36740495454917116,0.0028025173256886757,1.0,0.3039551377296448,2048,1.0,524288,262144,536739840,0.0014652014652014652,True
prompt_holdout,s03_p01_seed20260741,layer00_step00_capacity_control,0,0,contribution_norm,0.25,9,1,16320,frozen,0,source_only,0.0020290419278032124,107.84619140625,0.004337536120526207,0.8779215905108317,0.0025581562807745336,0.747636458467692,0.3584744334220886,0,0.0,0,262144,536739840,0.0004884004884004884,True
prompt_holdout,s03_p01_seed20260741,layer00_step00_capacity_control,0,0,contribution_norm,0.25,9,1,16320,adaptive,0,heldout_defect_posthoc,0.0007057637401834821,107.84619140625,0.002558157412822825,0.8779215905108317,0.0025581562807745336,1.0,0.3584744334220886,2048,1.0,524288,262144,536739840,0.0014652014652014652,True
prompt_holdout,s03_p01_seed20260741,layer00_step00_capacity_control,0,0,contribution_norm,0.25,9,1,16320,full_procrustes,128,heldout_defect_posthoc,0.0007057637401834821,107.84619140625,0.002558157412822825,0.8779215905108317,0.0025581562807745336,1.0,0.3584744334220886,2048,1.0,524288,262144,536739840,0.0014652014652014652,True
prompt_holdout,s03_p01_seed20260741,layer00_step00_capacity_control,0,0,contribution_norm,0.25,9,2,32640,frozen,0,source_only,0.0019574364684824676,329.8741455078125,0.0024359574528758374,0.5923870658574488,0.0015168321005756354,0.791810056767593,0.41863054037094116,0,0.0,0,262144,536739840,0.0004884004884004884,True
prompt_holdout,s03_p01_seed20260741,layer00_step00_capacity_control,0,0,contribution_norm,0.25,9,2,32640,adaptive,0,heldout_defect_posthoc,0.0007589672006960514,329.8741455078125,0.0015168315900527176,0.5923870658574488,0.0015168321005756354,1.0,0.41863054037094116,2048,1.0,524288,262144,536739840,0.0014652014652014652,True
prompt_holdout,s03_p01_seed20260741,layer00_step00_capacity_control,0,0,contribution_norm,0.25,9,2,32640,full_procrustes,128,heldout_defect_posthoc,0.0007589672006960514,329.8741455078125,0.0015168315900527176,0.5923870658574488,0.0015168321005756354,1.0,0.41863054037094116,2048,1.0,524288,262144,536739840,0.0014652014652014652,True
prompt_holdout,s03_p01_seed20260741,layer00_step00_capacity_control,0,0,contribution_norm,0.25,10,0,0,frozen,0,source_only,0.0015536783640214386,2827.51318359375,0.0007412730989236688,0.04177849144927303,0.0004315072796550749,0.7917919816634775,0.581092119216919,0,0.0,0,262144,536739840,0.0004884004884004884,True
prompt_holdout,s03_p01_seed20260741,layer00_step00_capacity_control,0,0,contribution_norm,0.25,10,0,0,adaptive,0,heldout_defect_posthoc,0.000526478497233032,2827.51318359375,0.00043150715348407097,0.04177849144927303,0.0004315072796550749,0.9999999999999998,0.581092119216919,2048,1.0,524288,262144,536739840,0.0014652014652014652,True
prompt_holdout,s03_p01_seed20260741,layer00_step00_capacity_control,0,0,contribution_norm,0.25,10,0,0,full_procrustes,128,heldout_defect_posthoc,0.000526478497233032,2827.51318359375,0.00043150715348407097,0.04177849144927303,0.0004315072796550749,0.9999999999999998,0.581092119216919,2048,1.0,524288,262144,536739840,0.0014652014652014652,True
prompt_holdout,s03_p01_seed20260741,layer00_step00_capacity_control,0,0,contribution_norm,0.25,10,1,16320,frozen,0,source_only,0.00010078344633516116,514.0946044921875,0.0004427647925185921,0.08198733845555041,0.00028620428502637265,0.8512263759695307,0.8849095106124878,0,0.0,0,262144,536739840,0.0004884004884004884,True
prompt_holdout,s03_p01_seed20260741,layer00_step00_capacity_control,0,0,contribution_norm,0.25,10,1,16320,adaptive,0,heldout_defect_posthoc,4.211098286085755e-05,514.0946044921875,0.0002862043076270852,0.08198733845555041,0.00028620428502637265,1.0,0.8849095106124878,2048,1.0,524288,262144,536739840,0.0014652014652014652,True
prompt_holdout,s03_p01_seed20260741,layer00_step00_capacity_control,0,0,contribution_norm,0.25,10,1,16320,full_procrustes,128,heldout_defect_posthoc,4.211098286085755e-05,514.0946044921875,0.0002862043076270852,0.08198733845555041,0.00028620428502637265,1.0,0.8849095106124878,2048,1.0,524288,262144,536739840,0.0014652014652014652,True
prompt_holdout,s03_p01_seed20260741,layer00_step00_capacity_control,0,0,contribution_norm,0.25,10,2,32640,frozen,0,source_only,0.0006363871563578789,644.2542724609375,0.0009938756474480634,0.15311868645526558,0.0006351666891084752,0.854248284240494,0.6999621391296387,0,0.0,0,262144,536739840,0.0004884004884004884,True
prompt_holdout,s03_p01_seed20260741,layer00_step00_capacity_control,0,0,contribution_norm,0.25,10,2,32640,adaptive,0,heldout_defect_posthoc,0.00025991566777830574,644.2542724609375,0.0006351664879253345,0.15311868645526558,0.0006351666891084752,1.0,0.6999621391296387,2048,1.0,524288,262144,536739840,0.0014652014652014652,True
prompt_holdout,s03_p01_seed20260741,layer00_step00_capacity_control,0,0,contribution_norm,0.25,10,2,32640,full_procrustes,128,heldout_defect_posthoc,0.00025991566777830574,644.2542724609375,0.0006351664879253345,0.15311868645526558,0.0006351666891084752,1.0,0.6999621391296387,2048,1.0,524288,262144,536739840,0.0014652014652014652,True
prompt_holdout,s03_p01_seed20260741,layer00_step00_capacity_control,0,0,contribution_norm,0.25,11,0,0,frozen,0,source_only,0.0004828041973123974,3948.7705078125,0.0003496669386695965,0.0011263735522961495,0.000281779291140392,0.8809370869024093,0.9987006187438965,0,0.0,0,262144,536739840,0.0004884004884004884,True
prompt_holdout,s03_p01_seed20260741,layer00_step00_capacity_control,0,0,contribution_norm,0.25,11,0,0,adaptive,0,heldout_defect_posthoc,0.00031353066741081066,3948.7705078125,0.0002817792872506612,0.0011263735522961495,0.000281779291140392,1.0,0.9987006187438965,2048,1.0,524288,262144,536739840,0.0014652014652014652,True
prompt_holdout,s03_p01_seed20260741,layer00_step00_capacity_control,0,0,contribution_norm,0.25,11,0,0,full_procrustes,128,heldout_defect_posthoc,0.00031353066741081066,3948.7705078125,0.0002817792872506612,0.0011263735522961495,0.000281779291140392,1.0,0.9987006187438965,2048,1.0,524288,262144,536739840,0.0014652014652014652,True
prompt_holdout,s03_p01_seed20260741,layer00_step00_capacity_control,0,0,contribution_norm,0.25,11,1,16320,frozen,0,source_only,0.0002476409072204119,3180.27880859375,0.000279047795236769,0.0009161449218559082,0.00022127866398863593,0.8178472555454073,0.9989970922470093,0,0.0,0,262144,536739840,0.0004884004884004884,True
prompt_holdout,s03_p01_seed20260741,layer00_step00_capacity_control,0,0,contribution_norm,0.25,11,1,16320,adaptive,0,heldout_defect_posthoc,0.000155719936330309,3180.27880859375,0.0002212786489139489,0.0009161449218559082,0.00022127866398863593,0.9999999999999998,0.9989970922470093,2048,1.0,524288,262144,536739840,0.0014652014652014652,True
prompt_holdout,s03_p01_seed20260741,layer00_step00_capacity_control,0,0,contribution_norm,0.25,11,1,16320,full_procrustes,128,heldout_defect_posthoc,0.000155719936330309,3180.27880859375,0.0002212786489139489,0.0009161449218559082,0.00022127866398863593,0.9999999999999998,0.9989970922470093,2048,1.0,524288,262144,536739840,0.0014652014652014652,True
prompt_holdout,s03_p01_seed20260741,layer00_step00_capacity_control,0,0,contribution_norm,0.25,11,2,32640,frozen,0,source_only,0.0010318764742909274,5498.32958984375,0.00043320999771722404,0.0013114819135195532,0.0003675016401845961,0.862486126727302,0.9985538125038147,0,0.0,0,262144,536739840,0.0004884004884004884,True
prompt_holdout,s03_p01_seed20260741,layer00_step00_capacity_control,0,0,contribution_norm,0.25,11,2,32640,adaptive,0,heldout_defect_posthoc,0.0007425903432566462,5498.32958984375,0.00036750162512530363,0.0013114819135195532,0.0003675016401845961,0.9999999999999999,0.9985538125038147,2048,1.0,524288,262144,536739840,0.0014652014652014652,True
prompt_holdout,s03_p01_seed20260741,layer00_step00_capacity_control,0,0,contribution_norm,0.25,11,2,32640,full_procrustes,128,heldout_defect_posthoc,0.0007425903432566462,5498.32958984375,0.00036750162512530363,0.0013114819135195532,0.0003675016401845961,0.9999999999999999,0.9985538125038147,2048,1.0,524288,262144,536739840,0.0014652014652014652,True
prompt_holdout,s01_p01_seed20260740,layer00_step00_capacity_control,0,0,contribution_norm,0.25,0,0,0,givens,8,heldout_defect_posthoc,0.0012824028308571376,382.00860595703125,0.0018322117357613373,0.1739091732773376,0.0009588133535007986,0.8237212898444313,0.6651500463485718,24,0.01171875,768,262144,536739840,0.0004898313492063492,True
prompt_holdout,s01_p01_seed20260740,layer00_step00_capacity_control,0,0,contribution_norm,0.25,0,0,0,householder,8,heldout_defect_posthoc,0.0004887257668372245,382.00860595703125,0.0011310870885700745,0.1739091732773376,0.0009588133535007986,0.9823686860557665,0.6651500463485718,1024,0.5,65536,262144,536739840,0.0006105006105006105,True
prompt_holdout,s01_p01_seed20260740,layer00_step00_capacity_control,0,0,contribution_norm,0.25,0,1,16320,givens,8,heldout_defect_posthoc,0.0016756082314927328,352.2017517089844,0.002181174876882169,0.19394049992239595,0.0012107623124397496,0.8179979638753043,0.5498138070106506,24,0.01171875,768,262144,536739840,0.0004898313492063492,True
prompt_holdout,s01_p01_seed20260740,layer00_step00_capacity_control,0,0,contribution_norm,0.25,0,1,16320,householder,8,heldout_defect_posthoc,0.0006768672483434611,352.2017517089844,0.001386296077311204,0.19394049992239595,0.0012107623124397496,0.9817373304816239,0.5498138070106506,1024,0.5,65536,262144,536739840,0.0006105006105006105,True
prompt_holdout,s01_p01_seed20260740,layer00_step00_capacity_control,0,0,contribution_norm,0.25,0,2,32640,givens,8,heldout_defect_posthoc,0.0016970212100546494,529.382568359375,0.0017904360630271875,0.13706075927123493,0.0010275518489134307,0.8315103369048793,0.6326684355735779,24,0.01171875,768,262144,536739840,0.0004898313492063492,True
prompt_holdout,s01_p01_seed20260740,layer00_step00_capacity_control,0,0,contribution_norm,0.25,0,2,32640,householder,8,heldout_defect_posthoc,0.0007023490741877678,529.382568359375,0.0011518387603604051,0.13706075927123493,0.0010275518489134307,0.9814905986569652,0.6326684355735779,1024,0.5,65536,262144,536739840,0.0006105006105006105,True
prompt_holdout,s01_p01_seed20260740,layer00_step00_capacity_control,0,0,contribution_norm,0.25,1,0,0,givens,8,heldout_defect_posthoc,0.03785583953244914,2354.4326171875,0.004009805509090255,0.020204113757673482,0.0020170631194605278,0.7916680762230639,0.9576483964920044,24,0.01171875,768,262144,536739840,0.0004898313492063492,True
prompt_holdout,s01_p01_seed20260740,layer00_step00_capacity_control,0,0,contribution_norm,0.25,1,0,0,householder,8,heldout_defect_posthoc,0.01686046535338668,2354.4326171875,0.0026760341153848053,0.020204113757673482,0.0020170631194605278,0.9536560380939811,0.9576483964920044,1024,0.5,65536,262144,536739840,0.0006105006105006105,True
prompt_holdout,s01_p01_seed20260740,layer00_step00_capacity_control,0,0,contribution_norm,0.25,1,1,16320,givens,8,heldout_defect_posthoc,0.026157983977493006,2051.20556640625,0.00357106324268797,0.017939664064611154,0.002178521416901552,0.7903029660267404,0.948142945766449,24,0.01171875,768,262144,536739840,0.0004898313492063492,True
prompt_holdout,s01_p01_seed20260740,layer00_step00_capacity_control,0,0,contribution_norm,0.25,1,1,16320,householder,8,heldout_defect_posthoc,0.012863566742267202,2051.20556640625,0.002504240926513612,0.017939664064611154,0.002178521416901552,0.9690752721691833,0.948142945766449,1024,0.5,65536,262144,536739840,0.0006105006105006105,True
prompt_holdout,s01_p01_seed20260740,layer00_step00_capacity_control,0,0,contribution_norm,0.25,1,2,32640,givens,8,heldout_defect_posthoc,0.008966526010257471,2188.09912109375,0.002024317411057541,0.010089203691101509,0.0012204701703089143,0.8481054055250428,0.9750775098800659,24,0.01171875,768,262144,536739840,0.0004898313492063492,True
prompt_holdout,s01_p01_seed20260740,layer00_step00_capacity_control,0,0,contribution_norm,0.25,1,2,32640,householder,8,heldout_defect_posthoc,0.0046681012956299945,2188.09912109375,0.0014606179714123449,0.010089203691101509,0.0012204701703089143,0.9554319445164844,0.9750775098800659,1024,0.5,65536,262144,536739840,0.0006105006105006105,True
prompt_holdout,s01_p01_seed20260740,layer00_step00_capacity_control,0,0,contribution_norm,0.25,2,0,0,givens,8,heldout_defect_posthoc,0.0019179306298678636,752.39111328125,0.0015965944631473445,0.11661939118891598,0.0009970686956359324,0.8165898333891869,0.27233046293258667,24,0.01171875,768,262144,536739840,0.0004898313492063492,True
prompt_holdout,s01_p01_seed20260740,layer00_step00_capacity_control,0,0,contribution_norm,0.25,2,0,0,householder,8,heldout_defect_posthoc,0.0009197186863438599,752.39111328125,0.0011056194660912998,0.11661939118891598,0.0009970686956359324,0.9816246591020257,0.27233046293258667,1024,0.5,65536,262144,536739840,0.0006105006105006105,True
prompt_holdout,s01_p01_seed20260740,layer00_step00_capacity_control,0,0,contribution_norm,0.25,2,1,16320,givens,8,heldout_defect_posthoc,0.00152083252499479,709.0555419921875,0.0014645377415176872,0.1575550678478365,0.0008652396956859144,0.8234717947195868,0.28287041187286377,24,0.01171875,768,262144,536739840,0.0004898313492063492,True
prompt_holdout,s01_p01_seed20260740,layer00_step00_capacity_control,0,0,contribution_norm,0.25,2,1,16320,householder,8,heldout_defect_posthoc,0.0006395148397113496,709.0555419921875,0.0009496972608015275,0.1575550678478365,0.0008652396956859144,0.9865161699345366,0.28287041187286377,1024,0.5,65536,262144,536739840,0.0006105006105006105,True
prompt_holdout,s01_p01_seed20260740,layer00_step00_capacity_control,0,0,contribution_norm,0.25,2,2,32640,givens,8,heldout_defect_posthoc,0.0018474964622771331,766.93017578125,0.0015520792569928045,0.14837159515428117,0.0009803105089866914,0.8401662336454949,0.30349627137184143,24,0.01171875,768,262144,536739840,0.0004898313492063492,True
prompt_holdout,s01_p01_seed20260740,layer00_step00_capacity_control,0,0,contribution_norm,0.25,2,2,32640,householder,8,heldout_defect_posthoc,0.0009133014797805671,766.93017578125,0.0010912623398559214,0.14837159515428117,0.0009803105089866914,0.9772507080931752,0.30349627137184143,1024,0.5,65536,262144,536739840,0.0006105006105006105,True
prompt_holdout,s01_p01_seed20260740,layer00_step00_capacity_control,0,0,contribution_norm,0.25,3,0,0,givens,8,heldout_defect_posthoc,0.0008193516024993168,491.22564697265625,0.001291500673736015,0.11870544527408469,0.0008221564827184445,0.7408922273221781,0.25480175018310547,24,0.01171875,768,262144,536739840,0.0004898313492063492,True
prompt_holdout,s01_p01_seed20260740,layer00_step00_capacity_control,0,0,contribution_norm,0.25,3,0,0,householder,8,heldout_defect_posthoc,0.00043289654378648437,491.22564697265625,0.0009387534424027218,0.11870544527408469,0.0008221564827184445,0.9648519832641362,0.25480175018310547,1024,0.5,65536,262144,536739840,0.0006105006105006105,True
prompt_holdout,s01_p01_seed20260740,layer00_step00_capacity_control,0,0,contribution_norm,0.25,3,1,16320,givens,8,heldout_defect_posthoc,0.0009010717401809234,471.07269287109375,0.001383043117427322,0.2643192906534264,0.0008863432623308021,0.747639484168332,0.25892728567123413,24,0.01171875,768,262144,536739840,0.0004898313492063492,True
prompt_holdout,s01_p01_seed20260740,layer00_step00_capacity_control,0,0,contribution_norm,0.25,3,1,16320,householder,8,heldout_defect_posthoc,0.0004613954405990507,471.07269287109375,0.000989675192871582,0.2643192906534264,0.0008863432623308021,0.9677893734423579,0.25892728567123413,1024,0.5,65536,262144,536739840,0.0006105006105006105,True
prompt_holdout,s01_p01_seed20260740,layer00_step00_capacity_control,0,0,contribution_norm,0.25,3,2,32640,givens,8,heldout_defect_posthoc,0.0010927100164577729,475.03375244140625,0.0015166669664873793,0.15167614098131052,0.0008609538300949594,0.7747472885170674,0.26054394245147705,24,0.01171875,768,262144,536739840,0.0004898313492063492,True
prompt_holdout,s01_p01_seed20260740,layer00_step00_capacity_control,0,0,contribution_norm,0.25,3,2,32640,householder,8,heldout_defect_posthoc,0.00044517640962755007,475.03375244140625,0.0009680634805540371,0.15167614098131052,0.0008609538300949594,0.9735664498207072,0.26054394245147705,1024,0.5,65536,262144,536739840,0.0006105006105006105,True
prompt_holdout,s01_p01_seed20260740,layer00_step00_capacity_control,0,0,contribution_norm,0.25,4,0,0,givens,8,heldout_defect_posthoc,2.7084310142145737e-05,2447.044921875,0.0001052053724288594,0.00036986471434881206,7.753219189178794e-05,0.8095069608357148,0.9996293783187866,24,0.01171875,768,262144,536739840,0.0004898313492063492,True
prompt_holdout,s01_p01_seed20260740,layer00_step00_capacity_control,0,0,contribution_norm,0.25,4,0,0,householder,8,heldout_defect_posthoc,1.8114797291318944e-05,2447.044921875,8.603908204999216e-05,0.00036986471434881206,7.753219189178794e-05,0.95467348061888,0.9996293783187866,1024,0.5,65536,262144,536739840,0.0006105006105006105,True
prompt_holdout,s01_p01_seed20260740,layer00_step00_capacity_control,0,0,contribution_norm,0.25,4,1,16320,givens,8,heldout_defect_posthoc,3.082526936969476e-05,2015.436767578125,0.00012367127882548318,0.00044172591283791373,8.47574410721831e-05,0.794418016657312,0.9995348453521729,24,0.01171875,768,262144,536739840,0.0004898313492063492,True
prompt_holdout,s01_p01_seed20260740,layer00_step00_capacity_control,0,0,contribution_norm,0.25,4,1,16320,householder,8,heldout_defect_posthoc,1.861069972743264e-05,2015.436767578125,9.609410860207683e-05,0.00044172591283791373,8.47574410721831e-05,0.9437497898027127,0.9995348453521729,1024,0.5,65536,262144,536739840,0.0006105006105006105,True
prompt_holdout,s01_p01_seed20260740,layer00_step00_capacity_control,0,0,contribution_norm,0.25,4,2,32640,givens,8,heldout_defect_posthoc,1.7120848684398723e-05,3102.406982421875,7.428707521091119e-05,0.00021923629402721632,5.544064728496406e-05,0.8172710300838084,0.9997585415840149,24,0.01171875,768,262144,536739840,0.0004898313492063492,True
prompt_holdout,s01_p01_seed20260740,layer00_step00_capacity_control,0,0,contribution_norm,0.25,4,2,32640,householder,8,heldout_defect_posthoc,1.1981544557473083e-05,3102.406982421875,6.214511828725733e-05,0.00021923629402721632,5.544064728496406e-05,0.9403038109383741,0.9997585415840149,1024,0.5,65536,262144,536739840,0.0006105006105006105,True
prompt_holdout,s01_p01_seed20260740,layer00_step00_capacity_control,0,0,contribution_norm,0.25,5,0,0,givens,8,heldout_defect_posthoc,1.2570178842755726e-05,1729.4647216796875,8.525402158039774e-05,0.0005078261290887681,5.0574842928720395e-05,0.8183109556651298,0.9993526935577393,24,0.01171875,768,262144,536739840,0.0004898313492063492,True
prompt_holdout,s01_p01_seed20260740,layer00_step00_capacity_control,0,0,contribution_norm,0.25,5,0,0,householder,8,heldout_defect_posthoc,5.8119079826673965e-06,1729.4647216796875,5.797002812594045e-05,0.0005078261290887681,5.0574842928720395e-05,0.975357308416538,0.9993526935577393,1024,0.5,65536,262144,536739840,0.0006105006105006105,True
prompt_holdout,s01_p01_seed20260740,layer00_step00_capacity_control,0,0,contribution_norm,0.25,5,1,16320,givens,8,heldout_defect_posthoc,1.4189669687331057e-06,1612.373291015625,2.966561425332493e-05,0.00015824884201209153,1.6963542599023112e-05,0.787964541711769,0.9997679591178894,24,0.01171875,768,262144,536739840,0.0004898313492063492,True
prompt_holdout,s01_p01_seed20260740,layer00_step00_capacity_control,0,0,contribution_norm,0.25,5,1,16320,householder,8,heldout_defect_posthoc,6.095923598440401e-07,1612.373291015625,1.9444060329751434e-05,0.00015824884201209153,1.6963542599023112e-05,0.9758698486606079,0.9997679591178894,1024,0.5,65536,262144,536739840,0.0006105006105006105,True
prompt_holdout,s01_p01_seed20260740,layer00_step00_capacity_control,0,0,contribution_norm,0.25,5,2,32640,givens,8,heldout_defect_posthoc,1.2384289937367076e-05,2175.73193359375,7.54454168633209e-05,0.0003601948296427125,3.741349399107932e-05,0.7910812539387988,0.9995399713516235,24,0.01171875,768,262144,536739840,0.0004898313492063492,True
prompt_holdout,s01_p01_seed20260740,layer00_step00_capacity_control,0,0,contribution_norm,0.25,5,2,32640,householder,8,heldout_defect_posthoc,4.714703858183835e-06,2175.73193359375,4.6550517826981245e-05,0.0003601948296427125,3.741349399107932e-05,0.9753008218060849,0.9995399713516235,1024,0.5,65536,262144,536739840,0.0006105006105006105,True
prompt_holdout,s01_p01_seed20260740,layer00_step00_capacity_control,0,0,contribution_norm,0.25,6,0,0,givens,8,heldout_defect_posthoc,0.0005764858593474313,1537.4520263671875,0.0006123412872874417,0.006514309313846691,0.00038962770513088215,0.8413179461238016,0.9836441278457642,24,0.01171875,768,262144,536739840,0.0004898313492063492,True
prompt_holdout,s01_p01_seed20260740,layer00_step00_capacity_control,0,0,contribution_norm,0.25,6,0,0,householder,8,heldout_defect_posthoc,0.00030720250470293864,1537.4520263671875,0.00044700418538703166,0.006514309313846691,0.00038962770513088215,0.9740254624593278,0.9836441278457642,1024,0.5,65536,262144,536739840,0.0006105006105006105,True
prompt_holdout,s01_p01_seed20260740,layer00_step00_capacity_control,0,0,contribution_norm,0.25,6,1,16320,givens,8,heldout_defect_posthoc,0.00021516029972154404,1572.874267578125,0.0003698571907053673,0.004898972400467425,0.00024389293841099586,0.8946331675360366,0.9866422414779663,24,0.01171875,768,262144,536739840,0.0004898313492063492,True
prompt_holdout,s01_p01_seed20260740,layer00_step00_capacity_control,0,0,contribution_norm,0.25,6,1,16320,householder,8,heldout_defect_posthoc,0.0001041746775940198,1572.874267578125,0.0002573558702161595,0.004898972400467425,0.00024389293841099586,0.9919134165271106,0.9866422414779663,1024,0.5,65536,262144,536739840,0.0006105006105006105,True
prompt_holdout,s01_p01_seed20260740,layer00_step00_capacity_control,0,0,contribution_norm,0.25,6,2,32640,givens,8,heldout_defect_posthoc,0.00034290759570589123,1601.7327880859375,0.00046269362911991564,0.005231928964905077,0.0003080685265525964,0.8653290927164581,0.9845062494277954,24,0.01171875,768,262144,536739840,0.0004898313492063492,True
prompt_holdout,s01_p01_seed20260740,layer00_step00_capacity_control,0,0,contribution_norm,0.25,6,2,32640,householder,8,heldout_defect_posthoc,0.00018553538626822397,1601.7327880859375,0.00034034419177544776,0.005231928964905077,0.0003080685265525964,0.9775030485502936,0.9845062494277954,1024,0.5,65536,262144,536739840,0.0006105006105006105,True
prompt_holdout,s01_p01_seed20260740,layer00_step00_capacity_control,0,0,contribution_norm,0.25,7,0,0,givens,8,heldout_defect_posthoc,0.004397270123900695,568.1830444335938,0.002781937942396547,0.019590783691930642,0.001549380043246178,0.7346798255392496,0.9569202661514282,24,0.01171875,768,262144,536739840,0.0004898313492063492,True
prompt_holdout,s01_p01_seed20260740,layer00_step00_capacity_control,0,0,contribution_norm,0.25,7,0,0,householder,8,heldout_defect_posthoc,0.0017408340959154276,568.1830444335938,0.001750388927174733,0.019590783691930642,0.001549380043246178,0.9815408327774618,0.9569202661514282,1024,0.5,65536,262144,536739840,0.0006105006105006105,True
prompt_holdout,s01_p01_seed20260740,layer00_step00_capacity_control,0,0,contribution_norm,0.25,7,1,16320,givens,8,heldout_defect_posthoc,0.004348539936849534,553.3642578125,0.002803278068505343,0.0289095456269892,0.001569109937365189,0.7455851933809536,0.9465658068656921,24,0.01171875,768,262144,536739840,0.0004898313492063492,True
prompt_holdout,s01_p01_seed20260740,layer00_step00_capacity_control,0,0,contribution_norm,0.25,7,1,16320,householder,8,heldout_defect_posthoc,0.0016577229502393576,553.3642578125,0.0017308140935219265,0.0289095456269892,0.001569109937365189,0.9804597564397972,0.9465658068656921,1024,0.5,65536,262144,536739840,0.0006105006105006105,True
prompt_holdout,s01_p01_seed20260740,layer00_step00_capacity_control,0,0,contribution_norm,0.25,7,2,32640,givens,8,heldout_defect_posthoc,0.029235835732367682,576.3485107421875,0.007122216462591066,0.04980485400832272,0.00400100132595946,0.7688136897077937,0.8787568807601929,24,0.01171875,768,262144,536739840,0.0004898313492063492,True
prompt_holdout,s01_p01_seed20260740,layer00_step00_capacity_control,0,0,contribution_norm,0.25,7,2,32640,householder,8,heldout_defect_posthoc,0.01199659973607169,576.3485107421875,0.004562327915728316,0.04980485400832272,0.00400100132595946,0.9751132588043387,0.8787568807601929,1024,0.5,65536,262144,536739840,0.0006105006105006105,True
prompt_holdout,s01_p01_seed20260740,layer00_step00_capacity_control,0,0,contribution_norm,0.25,8,0,0,givens,8,heldout_defect_posthoc,0.0013630328744431114,167.32015991210938,0.0028541646950746846,0.20967745385002814,0.0017692984426757143,0.7086970272289485,0.25696825981140137,24,0.01171875,768,262144,536739840,0.0004898313492063492,True
prompt_holdout,s01_p01_seed20260740,layer00_step00_capacity_control,0,0,contribution_norm,0.25,8,0,0,householder,8,heldout_defect_posthoc,0.0006519219485209361,167.32015991210938,0.001973893268291923,0.20967745385002814,0.0017692984426757143,0.973849316945548,0.25696825981140137,1024,0.5,65536,262144,536739840,0.0006105006105006105,True
prompt_holdout,s01_p01_seed20260740,layer00_step00_capacity_control,0,0,contribution_norm,0.25,8,1,16320,givens,8,heldout_defect_posthoc,0.0014527390237902974,147.7101287841797,0.003136091049681526,0.45840866207173525,0.0019297984840303223,0.7441221310832684,0.26043444871902466,24,0.01171875,768,262144,536739840,0.0004898313492063492,True
prompt_holdout,s01_p01_seed20260740,layer00_step00_capacity_control,0,0,contribution_norm,0.25,8,1,16320,householder,8,heldout_defect_posthoc,0.0007503256541514362,147.7101287841797,0.0022538227554144757,0.45840866207173525,0.0019297984840303223,0.9375843826798003,0.26043444871902466,1024,0.5,65536,262144,536739840,0.0006105006105006105,True
prompt_holdout,s01_p01_seed20260740,layer00_step00_capacity_control,0,0,contribution_norm,0.25,8,2,32640,givens,8,heldout_defect_posthoc,0.0013261472802203046,167.88348388671875,0.002810553734772172,0.2552654960015412,0.0018621486989314224,0.7698096972141117,0.26054710149765015,24,0.01171875,768,262144,536739840,0.0004898313492063492,True
prompt_holdout,s01_p01_seed20260740,layer00_step00_capacity_control,0,0,contribution_norm,0.25,8,2,32640,householder,8,heldout_defect_posthoc,0.000658616115278483,167.88348388671875,0.001980670302576618,0.2552654960015412,0.0018621486989314224,0.9853196865136926,0.26054710149765015,1024,0.5,65536,262144,536739840,0.0006105006105006105,True
prompt_holdout,s01_p01_seed20260740,layer00_step00_capacity_control,0,0,contribution_norm,0.25,9,0,0,givens,8,heldout_defect_posthoc,0.0031455242966226754,129.93917846679688,0.004920128706895328,0.49365874597519804,0.0027626353306037564,0.7591751882974784,0.3041055202484131,24,0.01171875,768,262144,536739840,0.0004898313492063492,True
prompt_holdout,s01_p01_seed20260740,layer00_step00_capacity_control,0,0,contribution_norm,0.25,9,0,0,householder,8,heldout_defect_posthoc,0.0014288095713618017,129.93917846679688,0.003316019815491933,0.49365874597519804,0.0027626353306037564,0.9539053514127556,0.3041055202484131,1024,0.5,65536,262144,536739840,0.0006105006105006105,True
prompt_holdout,s01_p01_seed20260740,layer00_step00_capacity_control,0,0,contribution_norm,0.25,9,1,16320,givens,8,heldout_defect_posthoc,0.002228490299838419,108.15531158447266,0.004539222253795811,0.9722846395456909,0.002751079421714598,0.7783125629301345,0.35642147064208984,24,0.01171875,768,262144,536739840,0.0004898313492063492,True
prompt_holdout,s01_p01_seed20260740,layer00_step00_capacity_control,0,0,contribution_norm,0.25,9,1,16320,householder,8,heldout_defect_posthoc,0.001088838832861499,108.15531158447266,0.0031729108826672493,0.9722846395456909,0.002751079421714598,0.9612582840239003,0.35642147064208984,1024,0.5,65536,262144,536739840,0.0006105006105006105,True
prompt_holdout,s01_p01_seed20260740,layer00_step00_capacity_control,0,0,contribution_norm,0.25,9,2,32640,givens,8,heldout_defect_posthoc,0.0017803679066338003,322.03289794921875,0.0023512822122433333,0.6637757872211393,0.0014650301995575551,0.7979546140937375,0.41641634702682495,24,0.01171875,768,262144,536739840,0.0004898313492063492,True
prompt_holdout,s01_p01_seed20260740,layer00_step00_capacity_control,0,0,contribution_norm,0.25,9,2,32640,householder,8,heldout_defect_posthoc,0.0009480727844662492,322.03289794921875,0.001715816025636277,0.6637757872211393,0.0014650301995575551,0.9607100762978444,0.41641634702682495,1024,0.5,65536,262144,536739840,0.0006105006105006105,True
prompt_holdout,s01_p01_seed20260740,layer00_step00_capacity_control,0,0,contribution_norm,0.25,10,0,0,givens,8,heldout_defect_posthoc,0.0015036952325566462,2690.56787109375,0.0007475804497819946,0.05833962958159801,0.0004685458087309182,0.8013015365247,0.5793274641036987,24,0.01171875,768,262144,536739840,0.0004898313492063492,True
prompt_holdout,s01_p01_seed20260740,layer00_step00_capacity_control,0,0,contribution_norm,0.25,10,0,0,householder,8,heldout_defect_posthoc,0.0007529948843076196,2690.56787109375,0.000529022370154212,0.05833962958159801,0.0004685458087309182,0.9758394243902158,0.5793274641036987,1024,0.5,65536,262144,536739840,0.0006105006105006105,True
prompt_holdout,s01_p01_seed20260740,layer00_step00_capacity_control,0,0,contribution_norm,0.25,10,1,16320,givens,8,heldout_defect_posthoc,0.00011175454951713599,510.0280456542969,0.0004680966975414663,0.07252317399153242,0.0002890277961909691,0.8135621296320987,0.8855053186416626,24,0.01171875,768,262144,536739840,0.0004898313492063492,True
prompt_holdout,s01_p01_seed20260740,layer00_step00_capacity_control,0,0,contribution_norm,0.25,10,1,16320,householder,8,heldout_defect_posthoc,5.8849083314908715e-05,510.0280456542969,0.0003396822254746286,0.07252317399153242,0.0002890277961909691,0.9622764035678769,0.8855053186416626,1024,0.5,65536,262144,536739840,0.0006105006105006105,True
prompt_holdout,s01_p01_seed20260740,layer00_step00_capacity_control,0,0,contribution_norm,0.25,10,2,32640,givens,8,heldout_defect_posthoc,0.0006448459390113609,636.2923583984375,0.0010066989851353983,0.14554011299947503,0.0005888384539527596,0.8364938785011737,0.7007064819335938,24,0.01171875,768,262144,536739840,0.0004898313492063492,True
prompt_holdout,s01_p01_seed20260740,layer00_step00_capacity_control,0,0,contribution_norm,0.25,10,2,32640,householder,8,heldout_defect_posthoc,0.00030447587617041076,636.2923583984375,0.0006917482842918763,0.14554011299947503,0.0005888384539527596,0.9689682447973864,0.7007064819335938,1024,0.5,65536,262144,536739840,0.0006105006105006105,True
prompt_holdout,s01_p01_seed20260740,layer00_step00_capacity_control,0,0,contribution_norm,0.25,11,0,0,givens,8,heldout_defect_posthoc,0.000484679300631635,3621.506591796875,0.0003658327622675024,0.0012557053045449994,0.00028532052530324246,0.8019944458872336,0.9987373948097229,24,0.01171875,768,262144,536739840,0.0004898313492063492,True
prompt_holdout,s01_p01_seed20260740,layer00_step00_capacity_control,0,0,contribution_norm,0.25,11,0,0,householder,8,heldout_defect_posthoc,0.0003548339288955751,3621.506591796875,0.0003130170037421106,0.0012557053045449994,0.00028532052530324246,0.9351728141206692,0.9987373948097229,1024,0.5,65536,262144,536739840,0.0006105006105006105,True
prompt_holdout,s01_p01_seed20260740,layer00_step00_capacity_control,0,0,contribution_norm,0.25,11,1,16320,givens,8,heldout_defect_posthoc,0.0002718483644839566,3138.74658203125,0.0002942965939831313,0.0008503904846737633,0.00023137850122174983,0.8291170197917206,0.9990161657333374,24,0.01171875,768,262144,536739840,0.0004898313492063492,True
prompt_holdout,s01_p01_seed20260740,layer00_step00_capacity_control,0,0,contribution_norm,0.25,11,1,16320,householder,8,heldout_defect_posthoc,0.0001966471354104529,3138.74658203125,0.0002503027872817133,0.0008503904846737633,0.00023137850122174983,0.9479759026057439,0.9990161657333374,1024,0.5,65536,262144,536739840,0.0006105006105006105,True
prompt_holdout,s01_p01_seed20260740,layer00_step00_capacity_control,0,0,contribution_norm,0.25,11,2,32640,givens,8,heldout_defect_posthoc,0.0009459159845350041,5680.080078125,0.00040808351658166953,0.0013097073278522425,0.0003270691864282373,0.8391179631467918,0.9985976219177246,24,0.01171875,768,262144,536739840,0.0004898313492063492,True
prompt_holdout,s01_p01_seed20260740,layer00_step00_capacity_control,0,0,contribution_norm,0.25,11,2,32640,householder,8,heldout_defect_posthoc,0.0006723715561502788,5680.080078125,0.0003440546542456397,0.0013097073278522425,0.0003270691864282373,0.9729066937162948,0.9985976219177246,1024,0.5,65536,262144,536739840,0.0006105006105006105,True
prompt_holdout,s03_p01_seed20260741,layer00_step00_capacity_control,0,0,contribution_norm,0.25,0,0,0,givens,8,heldout_defect_posthoc,0.0011471648528438758,388.6896057128906,0.0017179536907031762,0.17646869188574194,0.0010206466646310497,0.8225717971344069,0.663489043712616,24,0.01171875,768,262144,536739840,0.0004898313492063492,True
prompt_holdout,s03_p01_seed20260741,layer00_step00_capacity_control,0,0,contribution_norm,0.25,0,0,0,householder,8,heldout_defect_posthoc,0.0004718436153257538,388.6896057128906,0.001101786832888456,0.17646869188574194,0.0010206466646310497,0.9909876623063685,0.663489043712616,1024,0.5,65536,262144,536739840,0.0006105006105006105,True
prompt_holdout,s03_p01_seed20260741,layer00_step00_capacity_control,0,0,contribution_norm,0.25,0,1,16320,givens,8,heldout_defect_posthoc,0.0016069582355118708,344.428466796875,0.0021599951481729657,0.22356461079704867,0.0012622401886348653,0.8229847838863966,0.5537364482879639,24,0.01171875,768,262144,536739840,0.0004898313492063492,True
prompt_holdout,s03_p01_seed20260741,layer00_step00_capacity_control,0,0,contribution_norm,0.25,0,1,16320,householder,8,heldout_defect_posthoc,0.0007229506756077052,344.428466796875,0.0014487879152273449,0.22356461079704867,0.0012622401886348653,0.9818337952338033,0.5537364482879639,1024,0.5,65536,262144,536739840,0.0006105006105006105,True
prompt_holdout,s03_p01_seed20260741,layer00_step00_capacity_control,0,0,contribution_norm,0.25,0,2,32640,givens,8,heldout_defect_posthoc,0.001822943735563039,536.2006225585938,0.0018438389091337871,0.13407958098495018,0.0010995239082382297,0.8570066883261319,0.6264646053314209,24,0.01171875,768,262144,536739840,0.0004898313492063492,True
prompt_holdout,s03_p01_seed20260741,layer00_step00_capacity_control,0,0,contribution_norm,0.25,0,2,32640,householder,8,heldout_defect_posthoc,0.0007645275608938871,536.2006225585938,0.0011940786028881022,0.13407958098495018,0.0010995239082382297,0.9863932565534433,0.6264646053314209,1024,0.5,65536,262144,536739840,0.0006105006105006105,True
prompt_holdout,s03_p01_seed20260741,layer00_step00_capacity_control,0,0,contribution_norm,0.25,1,0,0,givens,8,heldout_defect_posthoc,0.03495770348594858,2353.151611328125,0.003854308675387791,0.021845710456908612,0.002302200417930722,0.8368977308607869,0.9558866024017334,24,0.01171875,768,262144,536739840,0.0004898313492063492,True
prompt_holdout,s03_p01_seed20260741,layer00_step00_capacity_control,0,0,contribution_norm,0.25,1,0,0,householder,8,heldout_defect_posthoc,0.01666345488805228,2353.151611328125,0.0026610777909598132,0.021845710456908612,0.002302200417930722,0.9707684960326062,0.9558866024017334,1024,0.5,65536,262144,536739840,0.0006105006105006105,True
prompt_holdout,s03_p01_seed20260741,layer00_step00_capacity_control,0,0,contribution_norm,0.25,1,1,16320,givens,8,heldout_defect_posthoc,0.023873263274010594,2055.218017578125,0.0034082146932743504,0.01695224592838672,0.0021667279667111393,0.8134002045270767,0.9480324983596802,24,0.01171875,768,262144,536739840,0.0004898313492063492,True
prompt_holdout,s03_p01_seed20260741,layer00_step00_capacity_control,0,0,contribution_norm,0.25,1,1,16320,householder,8,heldout_defect_posthoc,0.01248794980692531,2055.218017578125,0.0024649982933719282,0.01695224592838672,0.0021667279667111393,0.969969582594858,0.9480324983596802,1024,0.5,65536,262144,536739840,0.0006105006105006105,True
prompt_holdout,s03_p01_seed20260741,layer00_step00_capacity_control,0,0,contribution_norm,0.25,1,2,32640,givens,8,heldout_defect_posthoc,0.010342195620177484,2155.07568359375,0.0021906606674967784,0.010287836006392485,0.0012419389383031242,0.7907009989261735,0.9752293825149536,24,0.01171875,768,262144,536739840,0.0004898313492063492,True
prompt_holdout,s03_p01_seed20260741,layer00_step00_capacity_control,0,0,contribution_norm,0.25,1,2,32640,householder,8,heldout_defect_posthoc,0.00449951040166123,2155.07568359375,0.001444945167019516,0.010287836006392485,0.0012419389383031242,0.9686145729328981,0.9752293825149536,1024,0.5,65536,262144,536739840,0.0006105006105006105,True
prompt_holdout,s03_p01_seed20260741,layer00_step00_capacity_control,0,0,contribution_norm,0.25,2,0,0,givens,8,heldout_defect_posthoc,0.0016861321349199234,770.231689453125,0.001479568618309564,0.1649773400811363,0.0009263204411176379,0.8111598139966801,0.273404598236084,24,0.01171875,768,262144,536739840,0.0004898313492063492,True
prompt_holdout,s03_p01_seed20260741,layer00_step00_capacity_control,0,0,contribution_norm,0.25,2,0,0,householder,8,heldout_defect_posthoc,0.0008273381689106869,770.231689453125,0.0010364081966409483,0.1649773400811363,0.0009263204411176379,0.9751017057302294,0.273404598236084,1024,0.5,65536,262144,536739840,0.0006105006105006105,True
prompt_holdout,s03_p01_seed20260741,layer00_step00_capacity_control,0,0,contribution_norm,0.25,2,1,16320,givens,8,heldout_defect_posthoc,0.001508665138176983,709.14404296875,0.0014585764523953105,0.15382656750570203,0.0008294076391439059,0.8180973216052401,0.28458547592163086,24,0.01171875,768,262144,536739840,0.0004898313492063492,True
prompt_holdout,s03_p01_seed20260741,layer00_step00_capacity_control,0,0,contribution_norm,0.25,2,1,16320,householder,8,heldout_defect_posthoc,0.0006518874254659606,709.14404296875,0.0009587802345756878,0.15382656750570203,0.0008294076391439059,0.9792850935895684,0.28458547592163086,1024,0.5,65536,262144,536739840,0.0006105006105006105,True
prompt_holdout,s03_p01_seed20260741,layer00_step00_capacity_control,0,0,contribution_norm,0.25,2,2,32640,givens,8,heldout_defect_posthoc,0.001681195213858774,751.9599609375,0.0014952427804147956,0.18055975231345076,0.0010250918070830656,0.8550150128416715,0.3057299852371216,24,0.01171875,768,262144,536739840,0.0004898313492063492,True
prompt_holdout,s03_p01_seed20260741,layer00_step00_capacity_control,0,0,contribution_norm,0.25,2,2,32640,householder,8,heldout_defect_posthoc,0.0009226137027078137,751.9599609375,0.0011076756071126009,0.18055975231345076,0.0010250918070830656,0.9858324655579594,0.3057299852371216,1024,0.5,65536,262144,536739840,0.0006105006105006105,True
prompt_holdout,s03_p01_seed20260741,layer00_step00_capacity_control,0,0,contribution_norm,0.25,3,0,0,givens,8,heldout_defect_posthoc,0.000825556578713275,491.4150695800781,0.001296131860210643,0.1854290461493185,0.0008488987430745153,0.7779474036301448,0.2554953396320343,24,0.01171875,768,262144,536739840,0.0004898313492063492,True
prompt_holdout,s03_p01_seed20260741,layer00_step00_capacity_control,0,0,contribution_norm,0.25,3,0,0,householder,8,heldout_defect_posthoc,0.00043557786190500546,491.4150695800781,0.0009414747225807089,0.1854290461493185,0.0008488987430745153,0.9716625373726251,0.2554953396320343,1024,0.5,65536,262144,536739840,0.0006105006105006105,True
prompt_holdout,s03_p01_seed20260741,layer00_step00_capacity_control,0,0,contribution_norm,0.25,3,1,16320,givens,8,heldout_defect_posthoc,0.0007420482421124208,474.0145263671875,0.0012511812998236254,0.26334462365154226,0.0007993376312727456,0.8205979038687399,0.2585747241973877,24,0.01171875,768,262144,536739840,0.0004898313492063492,True
prompt_holdout,s03_p01_seed20260741,layer00_step00_capacity_control,0,0,contribution_norm,0.25,3,1,16320,householder,8,heldout_defect_posthoc,0.0003738896849959395,474.0145263671875,0.0008881287242237479,0.26334462365154226,0.0007993376312727456,0.979531127745962,0.2585747241973877,1024,0.5,65536,262144,536739840,0.0006105006105006105,True
prompt_holdout,s03_p01_seed20260741,layer00_step00_capacity_control,0,0,contribution_norm,0.25,3,2,32640,givens,8,heldout_defect_posthoc,0.0010206069686216806,478.401611328125,0.0014606055542143595,0.28824290127377095,0.0009587431995693785,0.7835329083592786,0.262124627828598,24,0.01171875,768,262144,536739840,0.0004898313492063492,True
prompt_holdout,s03_p01_seed20260741,layer00_step00_capacity_control,0,0,contribution_norm,0.25,3,2,32640,householder,8,heldout_defect_posthoc,0.0005180747008927403,478.401611328125,0.0010406384672913254,0.28824290127377095,0.0009587431995693785,0.9794446834607895,0.262124627828598,1024,0.5,65536,262144,536739840,0.0006105006105006105,True
prompt_holdout,s03_p01_seed20260741,layer00_step00_capacity_control,0,0,contribution_norm,0.25,4,0,0,givens,8,heldout_defect_posthoc,2.6692655243571852e-05,2815.7763671875,9.736364155581953e-05,0.00034964563492244523,7.679950302235244e-05,0.8300371936738241,0.9996098875999451,24,0.01171875,768,262144,536739840,0.0004898313492063492,True
prompt_holdout,s03_p01_seed20260741,layer00_step00_capacity_control,0,0,contribution_norm,0.25,4,0,0,householder,8,heldout_defect_posthoc,1.9017968409216253e-05,2815.7763671875,8.218318741341273e-05,0.00034964563492244523,7.679950302235244e-05,0.9669891435180308,0.9996098875999451,1024,0.5,65536,262144,536739840,0.0006105006105006105,True
prompt_holdout,s03_p01_seed20260741,layer00_step00_capacity_control,0,0,contribution_norm,0.25,4,1,16320,givens,8,heldout_defect_posthoc,2.9194594286947824e-05,1943.997802734375,0.00012254718433909317,0.0005976582867834418,9.078044198604376e-05,0.8478017967938483,0.9994662404060364,24,0.01171875,768,262144,536739840,0.0004898313492063492,True
prompt_holdout,s03_p01_seed20260741,layer00_step00_capacity_control,0,0,contribution_norm,0.25,4,1,16320,householder,8,heldout_defect_posthoc,1.8096204481695076e-05,1943.997802734375,9.648190339579056e-05,0.0005976582867834418,9.078044198604376e-05,0.9803218804473062,0.9994662404060364,1024,0.5,65536,262144,536739840,0.0006105006105006105,True
prompt_holdout,s03_p01_seed20260741,layer00_step00_capacity_control,0,0,contribution_norm,0.25,4,2,32640,givens,8,heldout_defect_posthoc,1.5998931317368397e-05,3189.43408203125,7.082534058360671e-05,0.00026490208069764715,5.6044433821736036e-05,0.8645666386015268,0.9997332096099854,24,0.01171875,768,262144,536739840,0.0004898313492063492,True
prompt_holdout,s03_p01_seed20260741,layer00_step00_capacity_control,0,0,contribution_norm,0.25,4,2,32640,householder,8,heldout_defect_posthoc,1.1825252358786848e-05,3189.43408203125,6.0890339210250575e-05,0.00026490208069764715,5.6044433821736036e-05,0.9596440543984927,0.9997332096099854,1024,0.5,65536,262144,536739840,0.0006105006105006105,True
prompt_holdout,s03_p01_seed20260741,layer00_step00_capacity_control,0,0,contribution_norm,0.25,5,0,0,givens,8,heldout_defect_posthoc,1.4452669860032536e-05,1878.9102783203125,8.77043269407064e-05,0.0004381234936638085,4.809573699382492e-05,0.7808894758363909,0.9993915557861328,24,0.01171875,768,262144,536739840,0.0004898313492063492,True
prompt_holdout,s03_p01_seed20260741,layer00_step00_capacity_control,0,0,contribution_norm,0.25,5,0,0,householder,8,heldout_defect_posthoc,6.1408893980162705e-06,1878.9102783203125,5.716926604486164e-05,0.0004381234936638085,4.809573699382492e-05,0.9557961576633164,0.9993915557861328,1024,0.5,65536,262144,536739840,0.0006105006105006105,True
prompt_holdout,s03_p01_seed20260741,layer00_step00_capacity_control,0,0,contribution_norm,0.25,5,1,16320,givens,8,heldout_defect_posthoc,1.2335344013148086e-06,1599.7435302734375,2.776837410457368e-05,0.00023733110788454407,1.6262557163536127e-05,0.8162459187181275,0.9997272491455078,24,0.01171875,768,262144,536739840,0.0004898313492063492,True
prompt_holdout,s03_p01_seed20260741,layer00_step00_capacity_control,0,0,contribution_norm,0.25,5,1,16320,householder,8,heldout_defect_posthoc,5.691845009954586e-07,1599.7435302734375,1.8862591156891752e-05,0.00023733110788454407,1.6262557163536127e-05,0.9742153227252175,0.9997272491455078,1024,0.5,65536,262144,536739840,0.0006105006105006105,True
prompt_holdout,s03_p01_seed20260741,layer00_step00_capacity_control,0,0,contribution_norm,0.25,5,2,32640,givens,8,heldout_defect_posthoc,1.4018766808997155e-05,2295.74853515625,7.814347998796768e-05,0.0004695314440732494,4.3123656470289675e-05,0.7764226800929395,0.9994580745697021,24,0.01171875,768,262144,536739840,0.0004898313492063492,True
prompt_holdout,s03_p01_seed20260741,layer00_step00_capacity_control,0,0,contribution_norm,0.25,5,2,32640,householder,8,heldout_defect_posthoc,5.275809394483019e-06,2295.74853515625,4.793827368363516e-05,0.0004695314440732494,4.3123656470289675e-05,0.9786646159717524,0.9994580745697021,1024,0.5,65536,262144,536739840,0.0006105006105006105,True
prompt_holdout,s03_p01_seed20260741,layer00_step00_capacity_control,0,0,contribution_norm,0.25,6,0,0,givens,8,heldout_defect_posthoc,0.0006731887866508515,1570.54443359375,0.0006547014800298334,0.007973867397104368,0.0004610829180060514,0.8580293645025516,0.9814647436141968,24,0.01171875,768,262144,536739840,0.0004898313492063492,True
prompt_holdout,s03_p01_seed20260741,layer00_step00_capacity_control,0,0,contribution_norm,0.25,6,0,0,householder,8,heldout_defect_posthoc,0.0003736454052023134,1570.54443359375,0.00048775834571170614,0.007973867397104368,0.0004610829180060514,0.9871842959000088,0.9814647436141968,1024,0.5,65536,262144,536739840,0.0006105006105006105,True
prompt_holdout,s03_p01_seed20260741,layer00_step00_capacity_control,0,0,contribution_norm,0.25,6,1,16320,givens,8,heldout_defect_posthoc,0.00020308193058258048,1511.251953125,0.0003665786808834729,0.004861033497952341,0.00023475411169248978,0.8557176867960199,0.9873138666152954,24,0.01171875,768,262144,536739840,0.0004898313492063492,True
prompt_holdout,s03_p01_seed20260741,layer00_step00_capacity_control,0,0,contribution_norm,0.25,6,1,16320,householder,8,heldout_defect_posthoc,0.00010399076932332804,1511.251953125,0.0002623185227843267,0.004861033497952341,0.00023475411169248978,0.9844589037654182,0.9873138666152954,1024,0.5,65536,262144,536739840,0.0006105006105006105,True
prompt_holdout,s03_p01_seed20260741,layer00_step00_capacity_control,0,0,contribution_norm,0.25,6,2,32640,givens,8,heldout_defect_posthoc,0.00042350853276031824,1555.29052734375,0.0005218255252998897,0.005477264132935448,0.0003387510261007264,0.8676225311465016,0.9838204979896545,24,0.01171875,768,262144,536739840,0.0004898313492063492,True
prompt_holdout,s03_p01_seed20260741,layer00_step00_capacity_control,0,0,contribution_norm,0.25,6,2,32640,householder,8,heldout_defect_posthoc,0.0002006545451258882,1555.29052734375,0.00035918545127729714,0.005477264132935448,0.0003387510261007264,0.9907898004705857,0.9838204979896545,1024,0.5,65536,262144,536739840,0.0006105006105006105,True
prompt_holdout,s03_p01_seed20260741,layer00_step00_capacity_control,0,0,contribution_norm,0.25,7,0,0,givens,8,heldout_defect_posthoc,0.004771193812892587,540.9581298828125,0.002969830774606804,0.019803384745831477,0.0016934268302193495,0.7477782493225575,0.9557783603668213,24,0.01171875,768,262144,536739840,0.0004898313492063492,True
prompt_holdout,s03_p01_seed20260741,layer00_step00_capacity_control,0,0,contribution_norm,0.25,7,0,0,householder,8,heldout_defect_posthoc,0.0020237183820939605,540.9581298828125,0.0019341636286046087,0.019803384745831477,0.0016934268302193495,0.9751354433384207,0.9557783603668213,1024,0.5,65536,262144,536739840,0.0006105006105006105,True
prompt_holdout,s03_p01_seed20260741,layer00_step00_capacity_control,0,0,contribution_norm,0.25,7,1,16320,givens,8,heldout_defect_posthoc,0.004466835821593312,512.7139282226562,0.002951633544854099,0.026160382513450653,0.0017385767444211063,0.7569504391417792,0.946686863899231,24,0.01171875,768,262144,536739840,0.0004898313492063492,True
prompt_holdout,s03_p01_seed20260741,layer00_step00_capacity_control,0,0,contribution_norm,0.25,7,1,16320,householder,8,heldout_defect_posthoc,0.0017941811736694614,512.7139282226562,0.0018706631443955119,0.026160382513450653,0.0017385767444211063,0.9788702525185096,0.946686863899231,1024,0.5,65536,262144,536739840,0.0006105006105006105,True
prompt_holdout,s03_p01_seed20260741,layer00_step00_capacity_control,0,0,contribution_norm,0.25,7,2,32640,givens,8,heldout_defect_posthoc,0.030112433020007545,586.3121948242188,0.007166522353951401,0.05050893592210482,0.004008543678069952,0.7612167690765623,0.8750101327896118,24,0.01171875,768,262144,536739840,0.0004898313492063492,True
prompt_holdout,s03_p01_seed20260741,layer00_step00_capacity_control,0,0,contribution_norm,0.25,7,2,32640,householder,8,heldout_defect_posthoc,0.011837936085710333,586.3121948242188,0.004493383971552771,0.05050893592210482,0.004008543678069952,0.9851156733106735,0.8750101327896118,1024,0.5,65536,262144,536739840,0.0006105006105006105,True
prompt_holdout,s03_p01_seed20260741,layer00_step00_capacity_control,0,0,contribution_norm,0.25,8,0,0,givens,8,heldout_defect_posthoc,0.0012791327630198687,166.6895751953125,0.002770151947694261,0.23786320148805984,0.0016494403286302973,0.739074432275698,0.2558361291885376,24,0.01171875,768,262144,536739840,0.0004898313492063492,True
prompt_holdout,s03_p01_seed20260741,layer00_step00_capacity_control,0,0,contribution_norm,0.25,8,0,0,householder,8,heldout_defect_posthoc,0.0006106186109697503,166.6895751953125,0.0019139509276794356,0.23786320148805984,0.0016494403286302973,0.9571402118732256,0.2558361291885376,1024,0.5,65536,262144,536739840,0.0006105006105006105,True
prompt_holdout,s03_p01_seed20260741,layer00_step00_capacity_control,0,0,contribution_norm,0.25,8,1,16320,givens,8,heldout_defect_posthoc,0.0011906405731855899,155.30596923828125,0.0027688298272740834,0.5762878187233026,0.0018214961428033383,0.78138558212436,0.26119139790534973,24,0.01171875,768,262144,536739840,0.0004898313492063492,True
prompt_holdout,s03_p01_seed20260741,layer00_step00_capacity_control,0,0,contribution_norm,0.25,8,1,16320,householder,8,heldout_defect_posthoc,0.0006198133911351099,155.30596923828125,0.0019977282145682337,0.5762878187233026,0.0018214961428033383,0.977791729881252,0.26119139790534973,1024,0.5,65536,262144,536739840,0.0006105006105006105,True
prompt_holdout,s03_p01_seed20260741,layer00_step00_capacity_control,0,0,contribution_norm,0.25,8,2,32640,givens,8,heldout_defect_posthoc,0.0013770035330493771,175.60447692871094,0.00280026888880025,0.19005092838602247,0.0016235255567034414,0.7394661225851755,0.2613227367401123,24,0.01171875,768,262144,536739840,0.0004898313492063492,True
prompt_holdout,s03_p01_seed20260741,layer00_step00_capacity_control,0,0,contribution_norm,0.25,8,2,32640,householder,8,heldout_defect_posthoc,0.0006037682210231047,175.60447692871094,0.0018542459253610226,0.19005092838602247,0.0016235255567034414,0.9573781568793808,0.2613227367401123,1024,0.5,65536,262144,536739840,0.0006105006105006105,True
prompt_holdout,s03_p01_seed20260741,layer00_step00_capacity_control,0,0,contribution_norm,0.25,9,0,0,givens,8,heldout_defect_posthoc,0.002567706048679841,119.2624740600586,0.004640029534115455,0.36740495454917116,0.0028025173256886757,0.7970729604457906,0.3039551377296448,24,0.01171875,768,262144,536739840,0.0004898313492063492,True
prompt_holdout,s03_p01_seed20260741,layer00_step00_capacity_control,0,0,contribution_norm,0.25,9,0,0,householder,8,heldout_defect_posthoc,0.0011390574627224695,119.2624740600586,0.0030904442224124183,0.36740495454917116,0.0028025173256886757,0.9869356079710709,0.3039551377296448,1024,0.5,65536,262144,536739840,0.0006105006105006105,True
prompt_holdout,s03_p01_seed20260741,layer00_step00_capacity_control,0,0,contribution_norm,0.25,9,1,16320,givens,8,heldout_defect_posthoc,0.0020290419278032124,107.84619140625,0.004337536120526207,0.8779215905108317,0.0025581562807745336,0.747636458467692,0.3584744334220886,24,0.01171875,768,262144,536739840,0.0004898313492063492,True
prompt_holdout,s03_p01_seed20260741,layer00_step00_capacity_control,0,0,contribution_norm,0.25,9,1,16320,householder,8,heldout_defect_posthoc,0.0009327946715466952,107.84619140625,0.002940970186803514,0.8779215905108317,0.0025581562807745336,0.9615577136346644,0.3584744334220886,1024,0.5,65536,262144,536739840,0.0006105006105006105,True
prompt_holdout,s03_p01_seed20260741,layer00_step00_capacity_control,0,0,contribution_norm,0.25,9,2,32640,givens,8,heldout_defect_posthoc,0.0019574364684824676,329.8741455078125,0.0024359574528758374,0.5923870658574488,0.0015168321005756354,0.791810056767593,0.41863054037094116,24,0.01171875,768,262144,536739840,0.0004898313492063492,True
prompt_holdout,s03_p01_seed20260741,layer00_step00_capacity_control,0,0,contribution_norm,0.25,9,2,32640,householder,8,heldout_defect_posthoc,0.0009584154635622867,329.8741455078125,0.0017045226123362158,0.5923870658574488,0.0015168321005756354,0.9759376048811753,0.41863054037094116,1024,0.5,65536,262144,536739840,0.0006105006105006105,True
prompt_holdout,s03_p01_seed20260741,layer00_step00_capacity_control,0,0,contribution_norm,0.25,10,0,0,givens,8,heldout_defect_posthoc,0.0015536783640214386,2827.51318359375,0.0007412730989236688,0.04177849144927303,0.0004315072796550749,0.7917919816634775,0.581092119216919,24,0.01171875,768,262144,536739840,0.0004898313492063492,True
prompt_holdout,s03_p01_seed20260741,layer00_step00_capacity_control,0,0,contribution_norm,0.25,10,0,0,householder,8,heldout_defect_posthoc,0.0007324947935838154,2827.51318359375,0.000508979102767641,0.04177849144927303,0.0004315072796550749,0.960753679824171,0.581092119216919,1024,0.5,65536,262144,536739840,0.0006105006105006105,True
prompt_holdout,s03_p01_seed20260741,layer00_step00_capacity_control,0,0,contribution_norm,0.25,10,1,16320,givens,8,heldout_defect_posthoc,0.00010078344633516116,514.0946044921875,0.0004427647925185921,0.08198733845555041,0.00028620428502637265,0.8512263759695307,0.8849095106124878,24,0.01171875,768,262144,536739840,0.0004898313492063492,True
prompt_holdout,s03_p01_seed20260741,layer00_step00_capacity_control,0,0,contribution_norm,0.25,10,1,16320,householder,8,heldout_defect_posthoc,4.906865517879673e-05,514.0946044921875,0.00030894456168539586,0.08198733845555041,0.00028620428502637265,0.9847005902045809,0.8849095106124878,1024,0.5,65536,262144,536739840,0.0006105006105006105,True
prompt_holdout,s03_p01_seed20260741,layer00_step00_capacity_control,0,0,contribution_norm,0.25,10,2,32640,givens,8,heldout_defect_posthoc,0.0006363871563578789,644.2542724609375,0.0009938756474480634,0.15311868645526558,0.0006351666891084752,0.854248284240494,0.6999621391296387,24,0.01171875,768,262144,536739840,0.0004898313492063492,True
prompt_holdout,s03_p01_seed20260741,layer00_step00_capacity_control,0,0,contribution_norm,0.25,10,2,32640,householder,8,heldout_defect_posthoc,0.00032717313613245323,644.2542724609375,0.0007126235409523777,0.15311868645526558,0.0006351666891084752,0.9860629835032645,0.6999621391296387,1024,0.5,65536,262144,536739840,0.0006105006105006105,True
prompt_holdout,s03_p01_seed20260741,layer00_step00_capacity_control,0,0,contribution_norm,0.25,11,0,0,givens,8,heldout_defect_posthoc,0.0004813993634052394,3948.7705078125,0.0003491578484125894,0.0011263735522961495,0.000281779291140392,0.8812203476372582,0.9987006187438965,24,0.01171875,768,262144,536739840,0.0004898313492063492,True
prompt_holdout,s03_p01_seed20260741,layer00_step00_capacity_control,0,0,contribution_norm,0.25,11,0,0,householder,8,heldout_defect_posthoc,0.00034354083218082233,3948.7705078125,0.0002949566787824259,0.0011263735522961495,0.000281779291140392,0.976722192981859,0.9987006187438965,1024,0.5,65536,262144,536739840,0.0006105006105006105,True
prompt_holdout,s03_p01_seed20260741,layer00_step00_capacity_control,0,0,contribution_norm,0.25,11,1,16320,givens,8,heldout_defect_posthoc,0.0002476409072204119,3180.27880859375,0.000279047795236769,0.0009161449218559082,0.00022127866398863593,0.8178472555454073,0.9989970922470093,24,0.01171875,768,262144,536739840,0.0004898313492063492,True
prompt_holdout,s03_p01_seed20260741,layer00_step00_capacity_control,0,0,contribution_norm,0.25,11,1,16320,householder,8,heldout_defect_posthoc,0.00018568261549044344,3180.27880859375,0.00024163120781204843,0.0009161449218559082,0.00022127866398863593,0.9316812599169142,0.9989970922470093,1024,0.5,65536,262144,536739840,0.0006105006105006105,True
prompt_holdout,s03_p01_seed20260741,layer00_step00_capacity_control,0,0,contribution_norm,0.25,11,2,32640,givens,8,heldout_defect_posthoc,0.0010278895341636844,5498.32958984375,0.00043237227442425745,0.0013114819135195532,0.0003675016401845961,0.8641572214805477,0.9985538125038147,24,0.01171875,768,262144,536739840,0.0004898313492063492,True
prompt_holdout,s03_p01_seed20260741,layer00_step00_capacity_control,0,0,contribution_norm,0.25,11,2,32640,householder,8,heldout_defect_posthoc,0.000806762769258292,5498.32958984375,0.00038305182805605214,0.0013114819135195532,0.0003675016401845961,0.9736015530763376,0.9985538125038147,1024,0.5,65536,262144,536739840,0.0006105006105006105,True
prompt_holdout,s01_p01_seed20260740,layer00_step00_capacity_control,0,0,contribution_norm,0.25,0,0,0,orthogonal_bcm,8,heldout_defect_posthoc,0.0011781930305947356,382.00860595703125,0.0017561906121240413,0.1739091732773376,0.0009588133535007986,0.8247066799137204,0.6651500463485718,448,0.21875,327680,262144,536739840,0.001098901098901099,True
prompt_holdout,s01_p01_seed20260740,layer00_step00_capacity_control,0,0,contribution_norm,0.25,0,1,16320,orthogonal_bcm,8,heldout_defect_posthoc,0.001548704707965366,352.2017517089844,0.0020969523092627057,0.19394049992239595,0.0012107623124397496,0.8190258987772994,0.5498138070106506,448,0.21875,327680,262144,536739840,0.001098901098901099,True
prompt_holdout,s01_p01_seed20260740,layer00_step00_capacity_control,0,0,contribution_norm,0.25,0,2,32640,orthogonal_bcm,8,heldout_defect_posthoc,0.0015602864824348643,529.382568359375,0.0017167907105012977,0.13706075927123493,0.0010275518489134307,0.8333111951219985,0.6326684355735779,448,0.21875,327680,262144,536739840,0.001098901098901099,True
prompt_holdout,s01_p01_seed20260740,layer00_step00_capacity_control,0,0,contribution_norm,0.25,1,0,0,orthogonal_bcm,8,heldout_defect_posthoc,0.03286825110281298,2354.4326171875,0.0037363294689888756,0.020204113757673482,0.0020170631194605278,0.8062175596125448,0.9576483964920044,448,0.21875,327680,262144,536739840,0.001098901098901099,True
prompt_holdout,s01_p01_seed20260740,layer00_step00_capacity_control,0,0,contribution_norm,0.25,1,1,16320,orthogonal_bcm,8,heldout_defect_posthoc,0.023879590531614564,2051.20556640625,0.0034119986023241054,0.017939664064611154,0.002178521416901552,0.8003589591356431,0.948142945766449,448,0.21875,327680,262144,536739840,0.001098901098901099,True
prompt_holdout,s01_p01_seed20260740,layer00_step00_capacity_control,0,0,contribution_norm,0.25,1,2,32640,orthogonal_bcm,8,heldout_defect_posthoc,0.007919320459097306,2188.09912109375,0.001902437783883222,0.010089203691101509,0.0012204701703089143,0.8552487458917005,0.9750775098800659,448,0.21875,327680,262144,536739840,0.001098901098901099,True
prompt_holdout,s01_p01_seed20260740,layer00_step00_capacity_control,0,0,contribution_norm,0.25,2,0,0,orthogonal_bcm,8,heldout_defect_posthoc,0.0017978645825101457,752.39111328125,0.0015458119483046425,0.11661939118891598,0.0009970686956359324,0.8182331568345319,0.27233046293258667,448,0.21875,327680,262144,536739840,0.001098901098901099,True
prompt_holdout,s01_p01_seed20260740,layer00_step00_capacity_control,0,0,contribution_norm,0.25,2,1,16320,orthogonal_bcm,8,heldout_defect_posthoc,0.001445946417722521,709.0555419921875,0.0014280255305282135,0.1575550678478365,0.0008652396956859144,0.8253065987066655,0.28287041187286377,448,0.21875,327680,262144,536739840,0.001098901098901099,True
prompt_holdout,s01_p01_seed20260740,layer00_step00_capacity_control,0,0,contribution_norm,0.25,2,2,32640,orthogonal_bcm,8,heldout_defect_posthoc,0.0017319268409453571,766.93017578125,0.0015027504215072084,0.14837159515428117,0.0009803105089866914,0.8421133313225717,0.30349627137184143,448,0.21875,327680,262144,536739840,0.001098901098901099,True
prompt_holdout,s01_p01_seed20260740,layer00_step00_capacity_control,0,0,contribution_norm,0.25,3,0,0,orthogonal_bcm,8,heldout_defect_posthoc,0.0007965880089617105,491.22564697265625,0.0012734337788464184,0.11870544527408469,0.0008221564827184445,0.7441791870551506,0.25480175018310547,448,0.21875,327680,262144,536739840,0.001098901098901099,True
prompt_holdout,s01_p01_seed20260740,layer00_step00_capacity_control,0,0,contribution_norm,0.25,3,1,16320,orthogonal_bcm,8,heldout_defect_posthoc,0.0008881248219653041,471.07269287109375,0.001373071140683375,0.2643192906534264,0.0008863432623308021,0.7489571091310427,0.25892728567123413,448,0.21875,327680,262144,536739840,0.001098901098901099,True
prompt_holdout,s01_p01_seed20260740,layer00_step00_capacity_control,0,0,contribution_norm,0.25,3,2,32640,orthogonal_bcm,8,heldout_defect_posthoc,0.0010442579412098276,475.03375244140625,0.0014826603002640593,0.15167614098131052,0.0008609538300949594,0.7771361306559418,0.26054394245147705,448,0.21875,327680,262144,536739840,0.001098901098901099,True
prompt_holdout,s01_p01_seed20260740,layer00_step00_capacity_control,0,0,contribution_norm,0.25,4,0,0,orthogonal_bcm,8,heldout_defect_posthoc,2.5138417314998058e-05,2447.044921875,0.00010135565737722116,0.00036986471434881206,7.753219189178794e-05,0.8228373475524732,0.9996293783187866,448,0.21875,327680,262144,536739840,0.001098901098901099,True
prompt_holdout,s01_p01_seed20260740,layer00_step00_capacity_control,0,0,contribution_norm,0.25,4,1,16320,orthogonal_bcm,8,heldout_defect_posthoc,2.7893247914710356e-05,2015.436767578125,0.00011764269227572967,0.00044172591283791373,8.47574410721831e-05,0.809641532821547,0.9995348453521729,448,0.21875,327680,262144,536739840,0.001098901098901099,True
prompt_holdout,s01_p01_seed20260740,layer00_step00_capacity_control,0,0,contribution_norm,0.25,4,2,32640,orthogonal_bcm,8,heldout_defect_posthoc,1.596245545116473e-05,3102.406982421875,7.172993949797766e-05,0.00021923629402721632,5.544064728496406e-05,0.8301986524726971,0.9997585415840149,448,0.21875,327680,262144,536739840,0.001098901098901099,True
prompt_holdout,s01_p01_seed20260740,layer00_step00_capacity_control,0,0,contribution_norm,0.25,5,0,0,orthogonal_bcm,8,heldout_defect_posthoc,1.1359243187684246e-05,1729.4647216796875,8.104362249495369e-05,0.0005078261290887681,5.0574842928720395e-05,0.8258086665039925,0.9993526935577393,448,0.21875,327680,262144,536739840,0.001098901098901099,True
prompt_holdout,s01_p01_seed20260740,layer00_step00_capacity_control,0,0,contribution_norm,0.25,5,1,16320,orthogonal_bcm,8,heldout_defect_posthoc,1.2970940362172707e-06,1612.373291015625,2.8363050194685816e-05,0.00015824884201209153,1.6963542599023112e-05,0.7979161250043857,0.9997679591178894,448,0.21875,327680,262144,536739840,0.001098901098901099,True
prompt_holdout,s01_p01_seed20260740,layer00_step00_capacity_control,0,0,contribution_norm,0.25,5,2,32640,orthogonal_bcm,8,heldout_defect_posthoc,1.0620536903427868e-05,2175.73193359375,6.986675025226857e-05,0.0003601948296427125,3.741349399107932e-05,0.8009478454319091,0.9995399713516235,448,0.21875,327680,262144,536739840,0.001098901098901099,True
prompt_holdout,s01_p01_seed20260740,layer00_step00_capacity_control,0,0,contribution_norm,0.25,6,0,0,orthogonal_bcm,8,heldout_defect_posthoc,0.000521077675438363,1537.4520263671875,0.0005821708378328531,0.006514309313846691,0.00038962770513088215,0.8440005491510552,0.9836441278457642,448,0.21875,327680,262144,536739840,0.001098901098901099,True
prompt_holdout,s01_p01_seed20260740,layer00_step00_capacity_control,0,0,contribution_norm,0.25,6,1,16320,orthogonal_bcm,8,heldout_defect_posthoc,0.0001989359291661064,1572.874267578125,0.0003556391877365849,0.004898972400467425,0.00024389293841099586,0.896264687322086,0.9866422414779663,448,0.21875,327680,262144,536739840,0.001098901098901099,True
prompt_holdout,s01_p01_seed20260740,layer00_step00_capacity_control,0,0,contribution_norm,0.25,6,2,32640,orthogonal_bcm,8,heldout_defect_posthoc,0.00031084388343978714,1601.7327880859375,0.0004405306501926134,0.005231928964905077,0.0003080685265525964,0.8688579733492685,0.9845062494277954,448,0.21875,327680,262144,536739840,0.001098901098901099,True
prompt_holdout,s01_p01_seed20260740,layer00_step00_capacity_control,0,0,contribution_norm,0.25,7,0,0,orthogonal_bcm,8,heldout_defect_posthoc,0.004184192468068902,568.1830444335938,0.0027136991083099083,0.019590783691930642,0.001549380043246178,0.7410327231612168,0.9569202661514282,448,0.21875,327680,262144,536739840,0.001098901098901099,True
prompt_holdout,s01_p01_seed20260740,layer00_step00_capacity_control,0,0,contribution_norm,0.25,7,1,16320,orthogonal_bcm,8,heldout_defect_posthoc,0.0042049629313439104,553.3642578125,0.002756611309942283,0.0289095456269892,0.001569109937365189,0.7494904223366019,0.9465658068656921,448,0.21875,327680,262144,536739840,0.001098901098901099,True
prompt_holdout,s01_p01_seed20260740,layer00_step00_capacity_control,0,0,contribution_norm,0.25,7,2,32640,orthogonal_bcm,8,heldout_defect_posthoc,0.027630583378658737,576.3485107421875,0.006923926349553952,0.04980485400832272,0.00400100132595946,0.7775348070556827,0.8787568807601929,448,0.21875,327680,262144,536739840,0.001098901098901099,True
prompt_holdout,s01_p01_seed20260740,layer00_step00_capacity_control,0,0,contribution_norm,0.25,8,0,0,orthogonal_bcm,8,heldout_defect_posthoc,0.0013176734627720309,167.32015991210938,0.0028062720080744984,0.20967745385002814,0.0017692984426757143,0.7128015757648098,0.25696825981140137,448,0.21875,327680,262144,536739840,0.001098901098901099,True
prompt_holdout,s01_p01_seed20260740,layer00_step00_capacity_control,0,0,contribution_norm,0.25,8,1,16320,orthogonal_bcm,8,heldout_defect_posthoc,0.0013968212293410717,147.7101287841797,0.0030751427095774522,0.45840866207173525,0.0019297984840303223,0.7466227574361294,0.26043444871902466,448,0.21875,327680,262144,536739840,0.001098901098901099,True
prompt_holdout,s01_p01_seed20260740,layer00_step00_capacity_control,0,0,contribution_norm,0.25,8,2,32640,orthogonal_bcm,8,heldout_defect_posthoc,0.0012618312985186498,167.88348388671875,0.0027415530952406603,0.2552654960015412,0.0018621486989314224,0.7732643062150177,0.26054710149765015,448,0.21875,327680,262144,536739840,0.001098901098901099,True
prompt_holdout,s01_p01_seed20260740,layer00_step00_capacity_control,0,0,contribution_norm,0.25,9,0,0,orthogonal_bcm,8,heldout_defect_posthoc,0.0029791404162468936,129.93917846679688,0.004788234686090509,0.49365874597519804,0.0027626353306037564,0.7624700849336215,0.3041055202484131,448,0.21875,327680,262144,536739840,0.001098901098901099,True
prompt_holdout,s01_p01_seed20260740,layer00_step00_capacity_control,0,0,contribution_norm,0.25,9,1,16320,orthogonal_bcm,8,heldout_defect_posthoc,0.002137743174593216,108.15531158447266,0.004445840090991825,0.9722846395456909,0.002751079421714598,0.7805879650166274,0.35642147064208984,448,0.21875,327680,262144,536739840,0.001098901098901099,True
prompt_holdout,s01_p01_seed20260740,layer00_step00_capacity_control,0,0,contribution_norm,0.25,9,2,32640,orthogonal_bcm,8,heldout_defect_posthoc,0.0017414388227266768,322.03289794921875,0.0023254338554493173,0.6637757872211393,0.0014650301995575551,0.799126169774214,0.41641634702682495,448,0.21875,327680,262144,536739840,0.001098901098901099,True
prompt_holdout,s01_p01_seed20260740,layer00_step00_capacity_control,0,0,contribution_norm,0.25,10,0,0,orthogonal_bcm,8,heldout_defect_posthoc,0.0014265939585206386,2690.56787109375,0.0007281623408818304,0.05833962958159801,0.0004685458087309182,0.8037315481238548,0.5793274641036987,448,0.21875,327680,262144,536739840,0.001098901098901099,True
prompt_holdout,s01_p01_seed20260740,layer00_step00_capacity_control,0,0,contribution_norm,0.25,10,1,16320,orthogonal_bcm,8,heldout_defect_posthoc,0.00010476104004073934,510.0280456542969,0.00045321353533815374,0.07252317399153242,0.0002890277961909691,0.8150984532998398,0.8855053186416626,448,0.21875,327680,262144,536739840,0.001098901098901099,True
prompt_holdout,s01_p01_seed20260740,layer00_step00_capacity_control,0,0,contribution_norm,0.25,10,2,32640,orthogonal_bcm,8,heldout_defect_posthoc,0.0006037263832936547,636.2923583984375,0.000974073489829676,0.14554011299947503,0.0005888384539527596,0.8374410301094022,0.7007064819335938,448,0.21875,327680,262144,536739840,0.001098901098901099,True
prompt_holdout,s01_p01_seed20260740,layer00_step00_capacity_control,0,0,contribution_norm,0.25,11,0,0,orthogonal_bcm,8,heldout_defect_posthoc,0.00045417782467301277,3621.506591796875,0.00035413456920649095,0.0012557053045449994,0.00028532052530324246,0.8142194439463908,0.9987373948097229,448,0.21875,327680,262144,536739840,0.001098901098901099,True
prompt_holdout,s01_p01_seed20260740,layer00_step00_capacity_control,0,0,contribution_norm,0.25,11,1,16320,orthogonal_bcm,8,heldout_defect_posthoc,0.00025528603512972516,3138.74658203125,0.00028519072862359044,0.0008503904846737633,0.00023137850122174983,0.8423345551821544,0.9990161657333374,448,0.21875,327680,262144,536739840,0.001098901098901099,True
prompt_holdout,s01_p01_seed20260740,layer00_step00_capacity_control,0,0,contribution_norm,0.25,11,2,32640,orthogonal_bcm,8,heldout_defect_posthoc,0.0009022418689578475,5680.080078125,0.00039855132674727206,0.0013097073278522425,0.0003270691864282373,0.8452905482152742,0.9985976219177246,448,0.21875,327680,262144,536739840,0.001098901098901099,True
prompt_holdout,s03_p01_seed20260741,layer00_step00_capacity_control,0,0,contribution_norm,0.25,0,0,0,orthogonal_bcm,8,heldout_defect_posthoc,0.0010585464990503287,388.6896057128906,0.0016502643071386683,0.17646869188574194,0.0010206466646310497,0.8232869968809258,0.663489043712616,448,0.21875,327680,262144,536739840,0.001098901098901099,True
prompt_holdout,s03_p01_seed20260741,layer00_step00_capacity_control,0,0,contribution_norm,0.25,0,1,16320,orthogonal_bcm,8,heldout_defect_posthoc,0.0014911527338635066,344.428466796875,0.0020807099564418377,0.22356461079704867,0.0012622401886348653,0.8236668618958953,0.5537364482879639,448,0.21875,327680,262144,536739840,0.001098901098901099,True
prompt_holdout,s03_p01_seed20260741,layer00_step00_capacity_control,0,0,contribution_norm,0.25,0,2,32640,orthogonal_bcm,8,heldout_defect_posthoc,0.0016680912519658087,536.2006225585938,0.0017637874391730945,0.13407958098495018,0.0010995239082382297,0.8589586330246137,0.6264646053314209,448,0.21875,327680,262144,536739840,0.001098901098901099,True
prompt_holdout,s03_p01_seed20260741,layer00_step00_capacity_control,0,0,contribution_norm,0.25,1,0,0,orthogonal_bcm,8,heldout_defect_posthoc,0.030972570482015023,2353.151611328125,0.0036279698591698724,0.021845710456908612,0.002302200417930722,0.8450519554992408,0.9558866024017334,448,0.21875,327680,262144,536739840,0.001098901098901099,True
prompt_holdout,s03_p01_seed20260741,layer00_step00_capacity_control,0,0,contribution_norm,0.25,1,1,16320,orthogonal_bcm,8,heldout_defect_posthoc,0.02168501745965734,2055.218017578125,0.003248261156580155,0.01695224592838672,0.0021667279667111393,0.8220675648198557,0.9480324983596802,448,0.21875,327680,262144,536739840,0.001098901098901099,True
prompt_holdout,s03_p01_seed20260741,layer00_step00_capacity_control,0,0,contribution_norm,0.25,1,2,32640,orthogonal_bcm,8,heldout_defect_posthoc,0.009250744737500025,2155.07568359375,0.0020718441590496283,0.010287836006392485,0.0012419389383031242,0.7992866389620654,0.9752293825149536,448,0.21875,327680,262144,536739840,0.001098901098901099,True
prompt_holdout,s03_p01_seed20260741,layer00_step00_capacity_control,0,0,contribution_norm,0.25,2,0,0,orthogonal_bcm,8,heldout_defect_posthoc,0.001604048362574252,770.231689453125,0.0014431053534069288,0.1649773400811363,0.0009263204411176379,0.8128585367461123,0.273404598236084,448,0.21875,327680,262144,536739840,0.001098901098901099,True
prompt_holdout,s03_p01_seed20260741,layer00_step00_capacity_control,0,0,contribution_norm,0.25,2,1,16320,orthogonal_bcm,8,heldout_defect_posthoc,0.0014033642073805125,709.14404296875,0.0014067533833423667,0.15382656750570203,0.0008294076391439059,0.8189592361627172,0.28458547592163086,448,0.21875,327680,262144,536739840,0.001098901098901099,True
prompt_holdout,s03_p01_seed20260741,layer00_step00_capacity_control,0,0,contribution_norm,0.25,2,2,32640,orthogonal_bcm,8,heldout_defect_posthoc,0.0015559539002814528,751.9599609375,0.0014384706477888586,0.18055975231345076,0.0010250918070830656,0.8562240428147205,0.3057299852371216,448,0.21875,327680,262144,536739840,0.001098901098901099,True
prompt_holdout,s03_p01_seed20260741,layer00_step00_capacity_control,0,0,contribution_norm,0.25,3,0,0,orthogonal_bcm,8,heldout_defect_posthoc,0.000807815031520644,491.4150695800781,0.0012821290190805782,0.1854290461493185,0.0008488987430745153,0.7820177859383943,0.2554953396320343,448,0.21875,327680,262144,536739840,0.001098901098901099,True
prompt_holdout,s03_p01_seed20260741,layer00_step00_capacity_control,0,0,contribution_norm,0.25,3,1,16320,orthogonal_bcm,8,heldout_defect_posthoc,0.0007233541703012593,474.0145263671875,0.0012353205590395597,0.26334462365154226,0.0007993376312727456,0.8232173989843705,0.2585747241973877,448,0.21875,327680,262144,536739840,0.001098901098901099,True
prompt_holdout,s03_p01_seed20260741,layer00_step00_capacity_control,0,0,contribution_norm,0.25,3,2,32640,orthogonal_bcm,8,heldout_defect_posthoc,0.0010001186261607534,478.401611328125,0.0014458706465123245,0.28824290127377095,0.0009587431995693785,0.7845593360175638,0.262124627828598,448,0.21875,327680,262144,536739840,0.001098901098901099,True
prompt_holdout,s03_p01_seed20260741,layer00_step00_capacity_control,0,0,contribution_norm,0.25,4,0,0,orthogonal_bcm,8,heldout_defect_posthoc,2.5265399716181903e-05,2815.7763671875,9.47248676056024e-05,0.00034964563492244523,7.679950302235244e-05,0.8383502146518793,0.9996098875999451,448,0.21875,327680,262144,536739840,0.001098901098901099,True
prompt_holdout,s03_p01_seed20260741,layer00_step00_capacity_control,0,0,contribution_norm,0.25,4,1,16320,orthogonal_bcm,8,heldout_defect_posthoc,2.764050245438858e-05,1943.997802734375,0.00011924085512456816,0.0005976582867834418,9.078044198604376e-05,0.8566804496484913,0.9994662404060364,448,0.21875,327680,262144,536739840,0.001098901098901099,True
prompt_holdout,s03_p01_seed20260741,layer00_step00_capacity_control,0,0,contribution_norm,0.25,4,2,32640,orthogonal_bcm,8,heldout_defect_posthoc,1.506544316148733e-05,3189.43408203125,6.872806872048966e-05,0.00026490208069764715,5.6044433821736036e-05,0.8730838328689683,0.9997332096099854,448,0.21875,327680,262144,536739840,0.001098901098901099,True
prompt_holdout,s03_p01_seed20260741,layer00_step00_capacity_control,0,0,contribution_norm,0.25,5,0,0,orthogonal_bcm,8,heldout_defect_posthoc,1.3409475917744073e-05,1878.9102783203125,8.447980081964689e-05,0.0004381234936638085,4.809573699382492e-05,0.7889430490410124,0.9993915557861328,448,0.21875,327680,262144,536739840,0.001098901098901099,True
prompt_holdout,s03_p01_seed20260741,layer00_step00_capacity_control,0,0,contribution_norm,0.25,5,1,16320,orthogonal_bcm,8,heldout_defect_posthoc,1.1712352595132353e-06,1599.7435302734375,2.7058074477680558e-05,0.00023733110788454407,1.6262557163536127e-05,0.8205849798271412,0.9997272491455078,448,0.21875,327680,262144,536739840,0.001098901098901099,True
prompt_holdout,s03_p01_seed20260741,layer00_step00_capacity_control,0,0,contribution_norm,0.25,5,2,32640,orthogonal_bcm,8,heldout_defect_posthoc,1.2533022383125793e-05,2295.74853515625,7.388661146384034e-05,0.0004695314440732494,4.3123656470289675e-05,0.7868996243461055,0.9994580745697021,448,0.21875,327680,262144,536739840,0.001098901098901099,True
prompt_holdout,s03_p01_seed20260741,layer00_step00_capacity_control,0,0,contribution_norm,0.25,6,0,0,orthogonal_bcm,8,heldout_defect_posthoc,0.0006414847564208373,1570.54443359375,0.0006390988799161423,0.007973867397104368,0.0004610829180060514,0.8598117375208063,0.9814647436141968,448,0.21875,327680,262144,536739840,0.001098901098901099,True
prompt_holdout,s03_p01_seed20260741,layer00_step00_capacity_control,0,0,contribution_norm,0.25,6,1,16320,orthogonal_bcm,8,heldout_defect_posthoc,0.00018582300025941722,1511.251953125,0.0003506560176991529,0.004861033497952341,0.00023475411169248978,0.8579554300075928,0.9873138666152954,448,0.21875,327680,262144,536739840,0.001098901098901099,True
prompt_holdout,s03_p01_seed20260741,layer00_step00_capacity_control,0,0,contribution_norm,0.25,6,2,32640,orthogonal_bcm,8,heldout_defect_posthoc,0.00038609840388395653,1555.29052734375,0.0004982453333198752,0.005477264132935448,0.0003387510261007264,0.8702561361717782,0.9838204979896545,448,0.21875,327680,262144,536739840,0.001098901098901099,True
prompt_holdout,s03_p01_seed20260741,layer00_step00_capacity_control,0,0,contribution_norm,0.25,7,0,0,orthogonal_bcm,8,heldout_defect_posthoc,0.004495962179427163,540.9581298828125,0.0028828994719132268,0.019803384745831477,0.0016934268302193495,0.7554509432148014,0.9557783603668213,448,0.21875,327680,262144,536739840,0.001098901098901099,True
prompt_holdout,s03_p01_seed20260741,layer00_step00_capacity_control,0,0,contribution_norm,0.25,7,1,16320,orthogonal_bcm,8,heldout_defect_posthoc,0.0042834553420296635,512.7139282226562,0.00289041075119316,0.026160382513450653,0.0017385767444211063,0.7634297101742666,0.946686863899231,448,0.21875,327680,262144,536739840,0.001098901098901099,True
prompt_holdout,s03_p01_seed20260741,layer00_step00_capacity_control,0,0,contribution_norm,0.25,7,2,32640,orthogonal_bcm,8,heldout_defect_posthoc,0.028623962178820902,586.3121948242188,0.006987155539027719,0.05050893592210482,0.004008543678069952,0.7698259352479633,0.8750101327896118,448,0.21875,327680,262144,536739840,0.001098901098901099,True
prompt_holdout,s03_p01_seed20260741,layer00_step00_capacity_control,0,0,contribution_norm,0.25,8,0,0,orthogonal_bcm,8,heldout_defect_posthoc,0.001210442209579371,166.6895751953125,0.002694745838565901,0.23786320148805984,0.0016494403286302973,0.7443505675625486,0.2558361291885376,448,0.21875,327680,262144,536739840,0.001098901098901099,True
prompt_holdout,s03_p01_seed20260741,layer00_step00_capacity_control,0,0,contribution_norm,0.25,8,1,16320,orthogonal_bcm,8,heldout_defect_posthoc,0.001172000640465742,155.30596923828125,0.002747070785808774,0.5762878187233026,0.0018214961428033383,0.7838382065715224,0.26119139790534973,448,0.21875,327680,262144,536739840,0.001098901098901099,True
prompt_holdout,s03_p01_seed20260741,layer00_step00_capacity_control,0,0,contribution_norm,0.25,8,2,32640,orthogonal_bcm,8,heldout_defect_posthoc,0.0012724721910516504,175.60447692871094,0.0026918841050520433,0.19005092838602247,0.0016235255567034414,0.7438305358207686,0.2613227367401123,448,0.21875,327680,262144,536739840,0.001098901098901099,True
prompt_holdout,s03_p01_seed20260741,layer00_step00_capacity_control,0,0,contribution_norm,0.25,9,0,0,orthogonal_bcm,8,heldout_defect_posthoc,0.0024152695792397693,119.2624740600586,0.00450019049970537,0.36740495454917116,0.0028025173256886757,0.7994803921036999,0.3039551377296448,448,0.21875,327680,262144,536739840,0.001098901098901099,True
prompt_holdout,s03_p01_seed20260741,layer00_step00_capacity_control,0,0,contribution_norm,0.25,9,1,16320,orthogonal_bcm,8,heldout_defect_posthoc,0.001953194874445976,107.84619140625,0.0042556938886644125,0.8779215905108317,0.0025581562807745336,0.7496266479276966,0.3584744334220886,448,0.21875,327680,262144,536739840,0.001098901098901099,True
prompt_holdout,s03_p01_seed20260741,layer00_step00_capacity_control,0,0,contribution_norm,0.25,9,2,32640,orthogonal_bcm,8,heldout_defect_posthoc,0.0018982517493981617,329.8741455078125,0.002398848193077168,0.5923870658574488,0.0015168321005756354,0.7930111682597863,0.41863054037094116,448,0.21875,327680,262144,536739840,0.001098901098901099,True
prompt_holdout,s03_p01_seed20260741,layer00_step00_capacity_control,0,0,contribution_norm,0.25,10,0,0,orthogonal_bcm,8,heldout_defect_posthoc,0.0014720999849477828,2827.51318359375,0.0007215498402225256,0.04177849144927303,0.0004315072796550749,0.7938978663232261,0.581092119216919,448,0.21875,327680,262144,536739840,0.001098901098901099,True
prompt_holdout,s03_p01_seed20260741,layer00_step00_capacity_control,0,0,contribution_norm,0.25,10,1,16320,orthogonal_bcm,8,heldout_defect_posthoc,9.528956359632638e-05,514.0946044921875,0.0004305277465942377,0.08198733845555041,0.00028620428502637265,0.8527788351014103,0.8849095106124878,448,0.21875,327680,262144,536739840,0.001098901098901099,True
prompt_holdout,s03_p01_seed20260741,layer00_step00_capacity_control,0,0,contribution_norm,0.25,10,2,32640,orthogonal_bcm,8,heldout_defect_posthoc,0.0005891748617494072,644.2542724609375,0.0009562984472971488,0.15311868645526558,0.0006351666891084752,0.8553874000242254,0.6999621391296387,448,0.21875,327680,262144,536739840,0.001098901098901099,True
prompt_holdout,s03_p01_seed20260741,layer00_step00_capacity_control,0,0,contribution_norm,0.25,11,0,0,orthogonal_bcm,8,heldout_defect_posthoc,0.0004504776697374862,3948.7705078125,0.0003377580329347566,0.0011263735522961495,0.000281779291140392,0.8954466510106314,0.9987006187438965,448,0.21875,327680,262144,536739840,0.001098901098901099,True
prompt_holdout,s03_p01_seed20260741,layer00_step00_capacity_control,0,0,contribution_norm,0.25,11,1,16320,orthogonal_bcm,8,heldout_defect_posthoc,0.00023383907190145106,3180.27880859375,0.00027116019755336256,0.0009161449218559082,0.00022127866398863593,0.8286412450429197,0.9989970922470093,448,0.21875,327680,262144,536739840,0.001098901098901099,True
prompt_holdout,s03_p01_seed20260741,layer00_step00_capacity_control,0,0,contribution_norm,0.25,11,2,32640,orthogonal_bcm,8,heldout_defect_posthoc,0.000981792079522482,5498.32958984375,0.0004225658315799553,0.0013114819135195532,0.0003675016401845961,0.8720040240937854,0.9985538125038147,448,0.21875,327680,262144,536739840,0.001098901098901099,True
prompt_holdout,s01_p01_seed20260740,layer00_step00_capacity_control,0,0,contribution_norm,0.25,0,0,0,butterfly,8,heldout_defect_posthoc,0.0011799753355045172,382.00860595703125,0.0017575184439036695,0.1739091732773376,0.0009588133535007986,0.8250031185421045,0.6651500463485718,512,0.25,49152,262144,536739840,0.00057997557997558,True
prompt_holdout,s01_p01_seed20260740,layer00_step00_capacity_control,0,0,contribution_norm,0.25,0,1,16320,butterfly,8,heldout_defect_posthoc,0.0015357805699892286,352.2017517089844,0.0020881843114175127,0.19394049992239595,0.0012107623124397496,0.8196501069398163,0.5498138070106506,512,0.25,49152,262144,536739840,0.00057997557997558,True
prompt_holdout,s01_p01_seed20260740,layer00_step00_capacity_control,0,0,contribution_norm,0.25,0,2,32640,butterfly,8,heldout_defect_posthoc,0.0015405282669452782,529.382568359375,0.0017058860488439684,0.13706075927123493,0.0010275518489134307,0.833044031023961,0.6326684355735779,512,0.25,49152,262144,536739840,0.00057997557997558,True
prompt_holdout,s01_p01_seed20260740,layer00_step00_capacity_control,0,0,contribution_norm,0.25,1,0,0,butterfly,8,heldout_defect_posthoc,0.030478857095612884,2354.4326171875,0.003597958966193722,0.020204113757673482,0.0020170631194605278,0.8119295769653807,0.9576483964920044,512,0.25,49152,262144,536739840,0.00057997557997558,True
prompt_holdout,s01_p01_seed20260740,layer00_step00_capacity_control,0,0,contribution_norm,0.25,1,1,16320,butterfly,8,heldout_defect_posthoc,0.02313818331680386,2051.20556640625,0.003358613548460039,0.017939664064611154,0.002178521416901552,0.8032340157818401,0.948142945766449,512,0.25,49152,262144,536739840,0.00057997557997558,True
prompt_holdout,s01_p01_seed20260740,layer00_step00_capacity_control,0,0,contribution_norm,0.25,1,2,32640,butterfly,8,heldout_defect_posthoc,0.007346976801663556,2188.09912109375,0.0018324023430623998,0.010089203691101509,0.0012204701703089143,0.861796365495483,0.9750775098800659,512,0.25,49152,262144,536739840,0.00057997557997558,True
prompt_holdout,s01_p01_seed20260740,layer00_step00_capacity_control,0,0,contribution_norm,0.25,2,0,0,butterfly,8,heldout_defect_posthoc,0.0017770474858272477,752.39111328125,0.00153683657560488,0.11661939118891598,0.0009970686956359324,0.8209840711075908,0.27233046293258667,512,0.25,49152,262144,536739840,0.00057997557997558,True
prompt_holdout,s01_p01_seed20260740,layer00_step00_capacity_control,0,0,contribution_norm,0.25,2,1,16320,butterfly,8,heldout_defect_posthoc,0.0014497452519838454,709.0555419921875,0.001429900176036106,0.1575550678478365,0.0008652396956859144,0.8252340472859331,0.28287041187286377,512,0.25,49152,262144,536739840,0.00057997557997558,True
prompt_holdout,s01_p01_seed20260740,layer00_step00_capacity_control,0,0,contribution_norm,0.25,2,2,32640,butterfly,8,heldout_defect_posthoc,0.0017433840510416396,766.93017578125,0.0015077127981672214,0.14837159515428117,0.0009803105089866914,0.8423579094238225,0.30349627137184143,512,0.25,49152,262144,536739840,0.00057997557997558,True
prompt_holdout,s01_p01_seed20260740,layer00_step00_capacity_control,0,0,contribution_norm,0.25,3,0,0,butterfly,8,heldout_defect_posthoc,0.0007986065263775178,491.22564697265625,0.0012750461694058736,0.11870544527408469,0.0008221564827184445,0.7440963524661166,0.25480175018310547,512,0.25,49152,262144,536739840,0.00057997557997558,True
prompt_holdout,s01_p01_seed20260740,layer00_step00_capacity_control,0,0,contribution_norm,0.25,3,1,16320,butterfly,8,heldout_defect_posthoc,0.0008797688249554378,471.07269287109375,0.0013665965479071078,0.2643192906534264,0.0008863432623308021,0.7505126355871266,0.25892728567123413,512,0.25,49152,262144,536739840,0.00057997557997558,True
prompt_holdout,s01_p01_seed20260740,layer00_step00_capacity_control,0,0,contribution_norm,0.25,3,2,32640,butterfly,8,heldout_defect_posthoc,0.0010415684961026265,475.03375244140625,0.0014807498028294728,0.15167614098131052,0.0008609538300949594,0.7783036269780266,0.26054394245147705,512,0.25,49152,262144,536739840,0.00057997557997558,True
prompt_holdout,s01_p01_seed20260740,layer00_step00_capacity_control,0,0,contribution_norm,0.25,4,0,0,butterfly,8,heldout_defect_posthoc,2.418526503544194e-05,2447.044921875,9.941558089432653e-05,0.00036986471434881206,7.753219189178794e-05,0.8335115154730581,0.9996293783187866,512,0.25,49152,262144,536739840,0.00057997557997558,True
prompt_holdout,s01_p01_seed20260740,layer00_step00_capacity_control,0,0,contribution_norm,0.25,4,1,16320,butterfly,8,heldout_defect_posthoc,2.6663116078585148e-05,2015.436767578125,0.00011501933785968639,0.00044172591283791373,8.47574410721831e-05,0.8167999788416989,0.9995348453521729,512,0.25,49152,262144,536739840,0.00057997557997558,True
prompt_holdout,s01_p01_seed20260740,layer00_step00_capacity_control,0,0,contribution_norm,0.25,4,2,32640,butterfly,8,heldout_defect_posthoc,1.5149300579522347e-05,3102.406982421875,6.987903625021474e-05,0.00021923629402721632,5.544064728496406e-05,0.8410665062116247,0.9997585415840149,512,0.25,49152,262144,536739840,0.00057997557997558,True
prompt_holdout,s01_p01_seed20260740,layer00_step00_capacity_control,0,0,contribution_norm,0.25,5,0,0,butterfly,8,heldout_defect_posthoc,1.0664530024223777e-05,1729.4647216796875,7.852627685717338e-05,0.0005078261290887681,5.0574842928720395e-05,0.8307021452184238,0.9993526935577393,512,0.25,49152,262144,536739840,0.00057997557997558,True
prompt_holdout,s01_p01_seed20260740,layer00_step00_capacity_control,0,0,contribution_norm,0.25,5,1,16320,butterfly,8,heldout_defect_posthoc,1.1743391886864374e-06,1612.373291015625,2.6987582267496857e-05,0.00015824884201209153,1.6963542599023112e-05,0.8099150334273204,0.9997679591178894,512,0.25,49152,262144,536739840,0.00057997557997558,True
prompt_holdout,s01_p01_seed20260740,layer00_step00_capacity_control,0,0,contribution_norm,0.25,5,2,32640,butterfly,8,heldout_defect_posthoc,9.782614716241494e-06,2175.73193359375,6.705401413938472e-05,0.0003601948296427125,3.741349399107932e-05,0.8060445221032764,0.9995399713516235,512,0.25,49152,262144,536739840,0.00057997557997558,True
prompt_holdout,s01_p01_seed20260740,layer00_step00_capacity_control,0,0,contribution_norm,0.25,6,0,0,butterfly,8,heldout_defect_posthoc,0.0004992842205308716,1537.4520263671875,0.0005698665083246802,0.006514309313846691,0.00038962770513088215,0.8463079858380013,0.9836441278457642,512,0.25,49152,262144,536739840,0.00057997557997558,True
prompt_holdout,s01_p01_seed20260740,layer00_step00_capacity_control,0,0,contribution_norm,0.25,6,1,16320,butterfly,8,heldout_defect_posthoc,0.00019239630058709385,1572.874267578125,0.00034974487146939044,0.004898972400467425,0.00024389293841099586,0.898091310649771,0.9866422414779663,512,0.25,49152,262144,536739840,0.00057997557997558,True
prompt_holdout,s01_p01_seed20260740,layer00_step00_capacity_control,0,0,contribution_norm,0.25,6,2,32640,butterfly,8,heldout_defect_posthoc,0.00029728509169875053,1601.7327880859375,0.00043081571064270324,0.005231928964905077,0.0003080685265525964,0.8711287085144506,0.9845062494277954,512,0.25,49152,262144,536739840,0.00057997557997558,True
prompt_holdout,s01_p01_seed20260740,layer00_step00_capacity_control,0,0,contribution_norm,0.25,7,0,0,butterfly,8,heldout_defect_posthoc,0.004066222372046109,568.1830444335938,0.00267517026178577,0.019590783691930642,0.001549380043246178,0.7442075296232037,0.9569202661514282,512,0.25,49152,262144,536739840,0.00057997557997558,True
prompt_holdout,s01_p01_seed20260740,layer00_step00_capacity_control,0,0,contribution_norm,0.25,7,1,16320,butterfly,8,heldout_defect_posthoc,0.004045789827240517,553.3642578125,0.00270393412523818,0.0289095456269892,0.001569109937365189,0.7557320234990024,0.9465658068656921,512,0.25,49152,262144,536739840,0.00057997557997558,True
prompt_holdout,s01_p01_seed20260740,layer00_step00_capacity_control,0,0,contribution_norm,0.25,7,2,32640,butterfly,8,heldout_defect_posthoc,0.026760258170752144,576.3485107421875,0.006814006787625707,0.04980485400832272,0.00400100132595946,0.7831265828221945,0.8787568807601929,512,0.25,49152,262144,536739840,0.00057997557997558,True
prompt_holdout,s01_p01_seed20260740,layer00_step00_capacity_control,0,0,contribution_norm,0.25,8,0,0,butterfly,8,heldout_defect_posthoc,0.0013199373729505933,167.32015991210938,0.0028086817178507354,0.20967745385002814,0.0017692984426757143,0.7128230665805393,0.25696825981140137,512,0.25,49152,262144,536739840,0.00057997557997558,True
prompt_holdout,s01_p01_seed20260740,layer00_step00_capacity_control,0,0,contribution_norm,0.25,8,1,16320,butterfly,8,heldout_defect_posthoc,0.001398085156125073,147.7101287841797,0.0030765336808447406,0.45840866207173525,0.0019297984840303223,0.7477211697708126,0.26043444871902466,512,0.25,49152,262144,536739840,0.00057997557997558,True
prompt_holdout,s01_p01_seed20260740,layer00_step00_capacity_control,0,0,contribution_norm,0.25,8,2,32640,butterfly,8,heldout_defect_posthoc,0.0012630056692129704,167.88348388671875,0.0027428285632266802,0.2552654960015412,0.0018621486989314224,0.773760273544991,0.26054710149765015,512,0.25,49152,262144,536739840,0.00057997557997558,True
prompt_holdout,s01_p01_seed20260740,layer00_step00_capacity_control,0,0,contribution_norm,0.25,9,0,0,butterfly,8,heldout_defect_posthoc,0.0029781613387864724,129.93917846679688,0.004787447808461391,0.49365874597519804,0.0027626353306037564,0.7632798389997968,0.3041055202484131,512,0.25,49152,262144,536739840,0.00057997557997558,True
prompt_holdout,s01_p01_seed20260740,layer00_step00_capacity_control,0,0,contribution_norm,0.25,9,1,16320,butterfly,8,heldout_defect_posthoc,0.0021520625241004637,108.15531158447266,0.004460705133629107,0.9722846395456909,0.002751079421714598,0.7798276232414953,0.35642147064208984,512,0.25,49152,262144,536739840,0.00057997557997558,True
prompt_holdout,s01_p01_seed20260740,layer00_step00_capacity_control,0,0,contribution_norm,0.25,9,2,32640,butterfly,8,heldout_defect_posthoc,0.0017309793538818024,322.03289794921875,0.0023184398012287143,0.6637757872211393,0.0014650301995575551,0.7997317202749439,0.41641634702682495,512,0.25,49152,262144,536739840,0.00057997557997558,True
prompt_holdout,s01_p01_seed20260740,layer00_step00_capacity_control,0,0,contribution_norm,0.25,10,0,0,butterfly,8,heldout_defect_posthoc,0.0014204897111824524,2690.56787109375,0.0007266028053171991,0.05833962958159801,0.0004685458087309182,0.8038292970730796,0.5793274641036987,512,0.25,49152,262144,536739840,0.00057997557997558,True
prompt_holdout,s01_p01_seed20260740,layer00_step00_capacity_control,0,0,contribution_norm,0.25,10,1,16320,butterfly,8,heldout_defect_posthoc,0.00010602363807900742,510.0280456542969,0.000455936459287621,0.07252317399153242,0.0002890277961909691,0.815092360266864,0.8855053186416626,512,0.25,49152,262144,536739840,0.00057997557997558,True
prompt_holdout,s01_p01_seed20260740,layer00_step00_capacity_control,0,0,contribution_norm,0.25,10,2,32640,butterfly,8,heldout_defect_posthoc,0.0006012708886123687,636.2923583984375,0.0009720905805749588,0.14554011299947503,0.0005888384539527596,0.837012847061303,0.7007064819335938,512,0.25,49152,262144,536739840,0.00057997557997558,True
prompt_holdout,s01_p01_seed20260740,layer00_step00_capacity_control,0,0,contribution_norm,0.25,11,0,0,butterfly,8,heldout_defect_posthoc,0.00043987426330142063,3621.506591796875,0.0003485135246055777,0.0012557053045449994,0.00028532052530324246,0.8217639264159301,0.9987373948097229,512,0.25,49152,262144,536739840,0.00057997557997558,True
prompt_holdout,s01_p01_seed20260740,layer00_step00_capacity_control,0,0,contribution_norm,0.25,11,1,16320,butterfly,8,heldout_defect_posthoc,0.000244258781526293,3138.74658203125,0.0002789632324702669,0.0008503904846737633,0.00023137850122174983,0.854818130231121,0.9990161657333374,512,0.25,49152,262144,536739840,0.00057997557997558,True
prompt_holdout,s01_p01_seed20260740,layer00_step00_capacity_control,0,0,contribution_norm,0.25,11,2,32640,butterfly,8,heldout_defect_posthoc,0.0008719334708659284,5680.080078125,0.00039180001237813507,0.0013097073278522425,0.0003270691864282373,0.8537473248571337,0.9985976219177246,512,0.25,49152,262144,536739840,0.00057997557997558,True
prompt_holdout,s03_p01_seed20260741,layer00_step00_capacity_control,0,0,contribution_norm,0.25,0,0,0,butterfly,8,heldout_defect_posthoc,0.0010621483444162544,388.6896057128906,0.0016530695448521567,0.17646869188574194,0.0010206466646310497,0.8230695823371117,0.663489043712616,512,0.25,49152,262144,536739840,0.00057997557997558,True
prompt_holdout,s03_p01_seed20260741,layer00_step00_capacity_control,0,0,contribution_norm,0.25,0,1,16320,butterfly,8,heldout_defect_posthoc,0.001489878460053148,344.428466796875,0.0020798207246322063,0.22356461079704867,0.0012622401886348653,0.8240678453704355,0.5537364482879639,512,0.25,49152,262144,536739840,0.00057997557997558,True
prompt_holdout,s03_p01_seed20260741,layer00_step00_capacity_control,0,0,contribution_norm,0.25,0,2,32640,butterfly,8,heldout_defect_posthoc,0.0016734661720415021,536.2006225585938,0.0017666267898382437,0.13407958098495018,0.0010995239082382297,0.8578812305383151,0.6264646053314209,512,0.25,49152,262144,536739840,0.00057997557997558,True
prompt_holdout,s03_p01_seed20260741,layer00_step00_capacity_control,0,0,contribution_norm,0.25,1,0,0,butterfly,8,heldout_defect_posthoc,0.02921490250767548,2353.151611328125,0.003523524260251044,0.021845710456908612,0.002302200417930722,0.8536957104158951,0.9558866024017334,512,0.25,49152,262144,536739840,0.00057997557997558,True
prompt_holdout,s03_p01_seed20260741,layer00_step00_capacity_control,0,0,contribution_norm,0.25,1,1,16320,butterfly,8,heldout_defect_posthoc,0.020471899247497167,2055.218017578125,0.0031560953722895063,0.01695224592838672,0.0021667279667111393,0.833506412046039,0.9480324983596802,512,0.25,49152,262144,536739840,0.00057997557997558,True
prompt_holdout,s03_p01_seed20260741,layer00_step00_capacity_control,0,0,contribution_norm,0.25,1,2,32640,butterfly,8,heldout_defect_posthoc,0.008566503316495918,2155.07568359375,0.001993749219347136,0.010287836006392485,0.0012419389383031242,0.8082884044792888,0.9752293825149536,512,0.25,49152,262144,536739840,0.00057997557997558,True
prompt_holdout,s03_p01_seed20260741,layer00_step00_capacity_control,0,0,contribution_norm,0.25,2,0,0,butterfly,8,heldout_defect_posthoc,0.0015946515530826568,770.231689453125,0.0014388721566763565,0.1649773400811363,0.0009263204411176379,0.8140222677754627,0.273404598236084,512,0.25,49152,262144,536739840,0.00057997557997558,True
prompt_holdout,s03_p01_seed20260741,layer00_step00_capacity_control,0,0,contribution_norm,0.25,2,1,16320,butterfly,8,heldout_defect_posthoc,0.0013986988103070659,709.14404296875,0.0014044131046062175,0.15382656750570203,0.0008294076391439059,0.8211699531616254,0.28458547592163086,512,0.25,49152,262144,536739840,0.00057997557997558,True
prompt_holdout,s03_p01_seed20260741,layer00_step00_capacity_control,0,0,contribution_norm,0.25,2,2,32640,butterfly,8,heldout_defect_posthoc,0.0015620751182100225,751.9599609375,0.0014412973861866742,0.18055975231345076,0.0010250918070830656,0.8562909116062686,0.3057299852371216,512,0.25,49152,262144,536739840,0.00057997557997558,True
prompt_holdout,s03_p01_seed20260741,layer00_step00_capacity_control,0,0,contribution_norm,0.25,3,0,0,butterfly,8,heldout_defect_posthoc,0.0008089290513163309,491.4150695800781,0.0012830127764756178,0.1854290461493185,0.0008488987430745153,0.7813040124133175,0.2554953396320343,512,0.25,49152,262144,536739840,0.00057997557997558,True
prompt_holdout,s03_p01_seed20260741,layer00_step00_capacity_control,0,0,contribution_norm,0.25,3,1,16320,butterfly,8,heldout_defect_posthoc,0.0007191034816864256,474.0145263671875,0.0012316856177226735,0.26334462365154226,0.0007993376312727456,0.8228960917284418,0.2585747241973877,512,0.25,49152,262144,536739840,0.00057997557997558,True
prompt_holdout,s03_p01_seed20260741,layer00_step00_capacity_control,0,0,contribution_norm,0.25,3,2,32640,butterfly,8,heldout_defect_posthoc,0.0009952416768571055,478.401611328125,0.001442341037604904,0.28824290127377095,0.0009587431995693785,0.7857323974149739,0.262124627828598,512,0.25,49152,262144,536739840,0.00057997557997558,True
prompt_holdout,s03_p01_seed20260741,layer00_step00_capacity_control,0,0,contribution_norm,0.25,4,0,0,butterfly,8,heldout_defect_posthoc,2.428281961996438e-05,2815.7763671875,9.286466087595313e-05,0.00034964563492244523,7.679950302235244e-05,0.8469999262104883,0.9996098875999451,512,0.25,49152,262144,536739840,0.00057997557997558,True
prompt_holdout,s03_p01_seed20260741,layer00_step00_capacity_control,0,0,contribution_norm,0.25,4,1,16320,butterfly,8,heldout_defect_posthoc,2.6635377451199018e-05,1943.997802734375,0.00011705272886927282,0.0005976582867834418,9.078044198604376e-05,0.8629166636803505,0.9994662404060364,512,0.25,49152,262144,536739840,0.00057997557997558,True
prompt_holdout,s03_p01_seed20260741,layer00_step00_capacity_control,0,0,contribution_norm,0.25,4,2,32640,butterfly,8,heldout_defect_posthoc,1.4450754037955555e-05,3189.43408203125,6.731137143450534e-05,0.00026490208069764715,5.6044433821736036e-05,0.8833279502879932,0.9997332096099854,512,0.25,49152,262144,536739840,0.00057997557997558,True
prompt_holdout,s03_p01_seed20260741,layer00_step00_capacity_control,0,0,contribution_norm,0.25,5,0,0,butterfly,8,heldout_defect_posthoc,1.2333977336408369e-05,1878.9102783203125,8.102117775241485e-05,0.0004381234936638085,4.809573699382492e-05,0.8019125523611498,0.9993915557861328,512,0.25,49152,262144,536739840,0.00057997557997558,True
prompt_holdout,s03_p01_seed20260741,layer00_step00_capacity_control,0,0,contribution_norm,0.25,5,1,16320,butterfly,8,heldout_defect_posthoc,1.105478262127287e-06,1599.7435302734375,2.628753853543644e-05,0.00023733110788454407,1.6262557163536127e-05,0.8274680145162996,0.9997272491455078,512,0.25,49152,262144,536739840,0.00057997557997558,True
prompt_holdout,s03_p01_seed20260741,layer00_step00_capacity_control,0,0,contribution_norm,0.25,5,2,32640,butterfly,8,heldout_defect_posthoc,1.172282207161493e-05,2295.74853515625,7.145850545133543e-05,0.0004695314440732494,4.3123656470289675e-05,0.7894347753104392,0.9994580745697021,512,0.25,49152,262144,536739840,0.00057997557997558,True
prompt_holdout,s03_p01_seed20260741,layer00_step00_capacity_control,0,0,contribution_norm,0.25,6,0,0,butterfly,8,heldout_defect_posthoc,0.0006336977004628363,1570.54443359375,0.0006352079891047873,0.007973867397104368,0.0004610829180060514,0.8607985676656005,0.9814647436141968,512,0.25,49152,262144,536739840,0.00057997557997558,True
prompt_holdout,s03_p01_seed20260741,layer00_step00_capacity_control,0,0,contribution_norm,0.25,6,1,16320,butterfly,8,heldout_defect_posthoc,0.0001822008524065248,1511.251953125,0.0003472216245149716,0.004861033497952341,0.00023475411169248978,0.8585110594741678,0.9873138666152954,512,0.25,49152,262144,536739840,0.00057997557997558,True
prompt_holdout,s03_p01_seed20260741,layer00_step00_capacity_control,0,0,contribution_norm,0.25,6,2,32640,butterfly,8,heldout_defect_posthoc,0.00036805791556492995,1555.29052734375,0.00048646580469944336,0.005477264132935448,0.0003387510261007264,0.8709378185480761,0.9838204979896545,512,0.25,49152,262144,536739840,0.00057997557997558,True
prompt_holdout,s03_p01_seed20260741,layer00_step00_capacity_control,0,0,contribution_norm,0.25,7,0,0,butterfly,8,heldout_defect_posthoc,0.004257360790687479,540.9581298828125,0.0028053587189057518,0.019803384745831477,0.0016934268302193495,0.7655421287572122,0.9557783603668213,512,0.25,49152,262144,536739840,0.00057997557997558,True
prompt_holdout,s03_p01_seed20260741,layer00_step00_capacity_control,0,0,contribution_norm,0.25,7,1,16320,butterfly,8,heldout_defect_posthoc,0.004081944233091694,512.7139282226562,0.0028216034379737447,0.026160382513450653,0.0017385767444211063,0.7699228655720579,0.946686863899231,512,0.25,49152,262144,536739840,0.00057997557997558,True
prompt_holdout,s03_p01_seed20260741,layer00_step00_capacity_control,0,0,contribution_norm,0.25,7,2,32640,butterfly,8,heldout_defect_posthoc,0.027520619058433442,586.3121948242188,0.006851168294219719,0.05050893592210482,0.004008543678069952,0.77483002235473,0.8750101327896118,512,0.25,49152,262144,536739840,0.00057997557997558,True
prompt_holdout,s03_p01_seed20260741,layer00_step00_capacity_control,0,0,contribution_norm,0.25,8,0,0,butterfly,8,heldout_defect_posthoc,0.0012128868346352939,166.6895751953125,0.0026974656381465517,0.23786320148805984,0.0016494403286302973,0.7449888638530268,0.2558361291885376,512,0.25,49152,262144,536739840,0.00057997557997558,True
prompt_holdout,s03_p01_seed20260741,layer00_step00_capacity_control,0,0,contribution_norm,0.25,8,1,16320,butterfly,8,heldout_defect_posthoc,0.001166810002767245,155.30596923828125,0.0027409808266342294,0.5762878187233026,0.0018214961428033383,0.7833662739900544,0.26119139790534973,512,0.25,49152,262144,536739840,0.00057997557997558,True
prompt_holdout,s03_p01_seed20260741,layer00_step00_capacity_control,0,0,contribution_norm,0.25,8,2,32640,butterfly,8,heldout_defect_posthoc,0.001272898321836297,175.60447692871094,0.0026923348020000968,0.19005092838602247,0.0016235255567034414,0.7444076138154936,0.2613227367401123,512,0.25,49152,262144,536739840,0.00057997557997558,True
prompt_holdout,s03_p01_seed20260741,layer00_step00_capacity_control,0,0,contribution_norm,0.25,9,0,0,butterfly,8,heldout_defect_posthoc,0.002402009423016784,119.2624740600586,0.004487820170798823,0.36740495454917116,0.0028025173256886757,0.7997330116768242,0.3039551377296448,512,0.25,49152,262144,536739840,0.00057997557997558,True
prompt_holdout,s03_p01_seed20260741,layer00_step00_capacity_control,0,0,contribution_norm,0.25,9,1,16320,butterfly,8,heldout_defect_posthoc,0.0019464723748732309,107.84619140625,0.004248363959715417,0.8779215905108317,0.0025581562807745336,0.7495633064146714,0.3584744334220886,512,0.25,49152,262144,536739840,0.00057997557997558,True
prompt_holdout,s03_p01_seed20260741,layer00_step00_capacity_control,0,0,contribution_norm,0.25,9,2,32640,butterfly,8,heldout_defect_posthoc,0.0018932727615744763,329.8741455078125,0.002395700117958143,0.5923870658574488,0.0015168321005756354,0.7938115192779873,0.41863054037094116,512,0.25,49152,262144,536739840,0.00057997557997558,True
prompt_holdout,s03_p01_seed20260741,layer00_step00_capacity_control,0,0,contribution_norm,0.25,10,0,0,butterfly,8,heldout_defect_posthoc,0.001455994427234483,2827.51318359375,0.0007175919152638185,0.04177849144927303,0.0004315072796550749,0.7949803267799028,0.581092119216919,512,0.25,49152,262144,536739840,0.00057997557997558,True
prompt_holdout,s03_p01_seed20260741,layer00_step00_capacity_control,0,0,contribution_norm,0.25,10,1,16320,butterfly,8,heldout_defect_posthoc,9.565947061055274e-05,514.0946044921875,0.00043136257557386897,0.08198733845555041,0.00028620428502637265,0.8530195499026476,0.8849095106124878,512,0.25,49152,262144,536739840,0.00057997557997558,True
prompt_holdout,s03_p01_seed20260741,layer00_step00_capacity_control,0,0,contribution_norm,0.25,10,2,32640,butterfly,8,heldout_defect_posthoc,0.0005880034107614562,644.2542724609375,0.0009553472745325136,0.15311868645526558,0.0006351666891084752,0.8561675104418058,0.6999621391296387,512,0.25,49152,262144,536739840,0.00057997557997558,True
prompt_holdout,s03_p01_seed20260741,layer00_step00_capacity_control,0,0,contribution_norm,0.25,11,0,0,butterfly,8,heldout_defect_posthoc,0.000437691360792015,3948.7705078125,0.00033293008377929193,0.0011263735522961495,0.000281779291140392,0.9005003492690763,0.9987006187438965,512,0.25,49152,262144,536739840,0.00057997557997558,True
prompt_holdout,s03_p01_seed20260741,layer00_step00_capacity_control,0,0,contribution_norm,0.25,11,1,16320,butterfly,8,heldout_defect_posthoc,0.00022617596899187638,3180.27880859375,0.0002666801140103984,0.0009161449218559082,0.00022127866398863593,0.8371810447732316,0.9989970922470093,512,0.25,49152,262144,536739840,0.00057997557997558,True
prompt_holdout,s03_p01_seed20260741,layer00_step00_capacity_control,0,0,contribution_norm,0.25,11,2,32640,butterfly,8,heldout_defect_posthoc,0.0009486182652829657,5498.32958984375,0.00041536543790938264,0.0013114819135195532,0.0003675016401845961,0.8794050872562911,0.9985538125038147,512,0.25,49152,262144,536739840,0.00057997557997558,True
