{
  "generator_entropy": 6.892046825598571,
  "delta_entropy": 1.6964825048918504,
  "generator_summary": {
    "mean": 7.615240610903129e-05,
    "median": 0.00021001040295232087,
    "std": 0.031078532338142395,
    "max_abs": 0.1458718627691269
  },
  "delta_summary": {
    "mean": 0.0013564183609560132,
    "median": 0.029472775757312775,
    "std": 0.02983299270272255,
    "max_abs": 0.029998617246747017
  },
  "threshold_sparsity": {
    "0.001": 5.086262899567373e-05,
    "0.01": 0.000579833984375,
    "0.05": 1.0
  },
  "quantization_mse": {
    "int8": 1.795568582707574e-09,
    "int4": 6.503152150116875e-08,
    "int2": 4.601513410307234e-07
  },
  "estimated_compressed_bits": {
    "fp16_base_int4_delta": 1966080,
    "entropy_delta": 1739635.0161608884
  }
}