{
  "generator_entropy": 6.83778483863337,
  "delta_entropy": 1.9269796297086024,
  "generator_summary": {
    "mean": -7.704381278017536e-05,
    "median": -0.0001349615486105904,
    "std": 0.015684038400650024,
    "max_abs": 0.07603348791599274
  },
  "delta_summary": {
    "mean": -0.0007238340913318098,
    "median": -0.028689326718449593,
    "std": 0.029806045815348625,
    "max_abs": 0.0299967210739851
  },
  "threshold_sparsity": {
    "0.001": 2.0345052689663135e-05,
    "0.01": 0.0005900065298192203,
    "0.05": 1.0
  },
  "quantization_mse": {
    "int8": 2.510025076674083e-09,
    "int4": 8.912788729276144e-08,
    "int2": 6.315266318779322e-07
  },
  "estimated_compressed_bits": {
    "fp16_base_int4_delta": 983040,
    "entropy_delta": 881146.9027594372
  }
}