policy,tasks,samples,parsed_rate,micro_accuracy,micro_accuracy_ci95_low,micro_accuracy_ci95_high,macro_task_accuracy,mean_inference_seconds,macro_gain_vs_uniform
hybrid,5,100,1.0,0.46,0.36560643853331865,0.5573531460647615,0.45999999999999996,0.31936208032886493,0.009999999999999953
recent,5,100,1.0,0.45,0.3561437510640346,0.5475557296835656,0.45,0.31796494552865623,0.0
uniform,5,100,1.0,0.45,0.3561437510640346,0.5475557296835656,0.45,0.3761781326669734,0.0
