{
  "generator_entropy": 6.91093762902805,
  "delta_entropy": 3.4328041517599006,
  "generator_summary": {
    "mean": 5.1202445320086554e-05,
    "median": 3.712880425155163e-05,
    "std": 0.0311569906771183,
    "max_abs": 0.13840429484844208
  },
  "delta_summary": {
    "mean": 0.0001582297554705292,
    "median": 0.0051526580937206745,
    "std": 0.00827200710773468,
    "max_abs": 0.10416325181722641
  },
  "threshold_sparsity": {
    "0.001": 0.00250244140625,
    "0.01": 0.9504801630973816,
    "0.05": 0.9994964599609375
  },
  "quantization_mse": {
    "int8": 5.928493962414905e-08,
    "int4": 4.468289625947364e-05,
    "int2": 6.786752783227712e-05
  },
  "estimated_compressed_bits": {
    "fp16_base_int4_delta": 3932160,
    "entropy_delta": 3820644.7586692106
  }
}