layer,flow_point,timestep,method,velocity_relative_l2,velocity_mean_relative_l2,velocity_p95_relative_l2,activation_relative_l2,rank8_energy,feature_coefficient_r2,previous_flow_coefficient_r2,flow_rank8_energy
0,0,98,raw_reuse,0.6409973312127915,0.6266015768051147,0.9739839434623718,0.6188098621904523,0.9905335516756729,0.9141068597546251,0.9999124923479933,0.6012666946388009
0,0,98,shift_reuse,0.012049522936378489,0.011802088469266891,0.01848869705572724,0.1460106430983274,0.9905335516756729,0.9141068597546251,0.9999124923479933,0.6012666946388009
0,0,98,shift_toeplitz_r2,0.01635405935765228,0.016521526500582695,0.02795831328257918,0.06731145679651136,0.9905335516756729,0.9141068597546251,0.9999124923479933,0.6012666946388009
0,0,98,shift_circular_r2,0.01635405935765228,0.016521526500582695,0.02795831328257918,0.06731145679651136,0.9905335516756729,0.9141068597546251,0.9999124923479933,0.6012666946388009
0,0,98,shift_rank8_feature,0.007873115698372403,0.007651336956769228,0.012379687419161201,0.02493144769268817,0.9905335516756729,0.9141068597546251,0.9999124923479933,0.6012666946388009
0,0,98,shift_rank8_prev_flow,0.00521444401922084,0.004950158763676882,0.009496491495519876,0.014221247145352167,0.9905335516756729,0.9141068597546251,0.9999124923479933,0.6012666946388009
0,0,98,shift_rank8_oracle,0.005250879694855962,0.004983546212315559,0.009603906562551856,0.014206204040384928,0.9905335516756729,0.9141068597546251,0.9999124923479933,0.6012666946388009
0,0,98,flow_reuse,0.006529803399741577,0.006423580925911665,0.011158701172098516,0.007692522802264975,0.9905335516756729,0.9141068597546251,0.9999124923479933,0.6012666946388009
0,0,98,flow_toeplitz_r2,0.005251610519843098,0.005160407163202763,0.00860254387371242,0.007065796429283589,0.9905335516756729,0.9141068597546251,0.9999124923479933,0.6012666946388009
0,0,98,flow_rank8_oracle,0.0022420602536314055,0.0022578404750674963,0.0030736378394067287,0.004857469123712289,0.9905335516756729,0.9141068597546251,0.9999124923479933,0.6012666946388009
1,0,98,raw_reuse,0.04603893075400524,0.04557761922478676,0.07470699250698089,0.45600965203182153,0.9584990106435421,0.9575654576693255,0.9997559191314385,0.5565444594955886
1,0,98,shift_reuse,0.0028791539782827714,0.00281606731005013,0.004888216615654528,0.22541524791469297,0.9584990106435421,0.9575654576693255,0.9997559191314385,0.5565444594955886
1,0,98,shift_toeplitz_r2,0.005315995018056002,0.005418734159320593,0.00817019110545516,0.11462038651081484,0.9584990106435421,0.9575654576693255,0.9997559191314385,0.5565444594955886
1,0,98,shift_circular_r2,0.005315995018056002,0.005418734159320593,0.00817019110545516,0.11462038651081484,0.9584990106435421,0.9575654576693255,0.9997559191314385,0.5565444594955886
1,0,98,shift_rank8_feature,0.002302726463569161,0.002239085966721177,0.004147594561800361,0.0548119149463544,0.9584990106435421,0.9575654576693255,0.9997559191314385,0.5565444594955886
1,0,98,shift_rank8_prev_flow,0.002023603650284903,0.0019818597938865423,0.0034519873792305585,0.0459771802011876,0.9584990106435421,0.9575654576693255,0.9997559191314385,0.5565444594955886
1,0,98,shift_rank8_oracle,0.0020272006652978644,0.0019890363328158855,0.003408503497485071,0.04592112457138143,0.9584990106435421,0.9575654576693255,0.9997559191314385,0.5565444594955886
1,0,98,flow_reuse,0.001070725954907727,0.001067113014869392,0.001705164200393483,0.01711443651062175,0.9584990106435421,0.9575654576693255,0.9997559191314385,0.5565444594955886
1,0,98,flow_toeplitz_r2,0.0006272335599763102,0.0006349554168991745,0.0009014640178065747,0.013376947541854794,0.9584990106435421,0.9575654576693255,0.9997559191314385,0.5565444594955886
1,0,98,flow_rank8_oracle,0.0004634183256915534,0.0004763961478602141,0.00071573177119717,0.01139692318380083,0.9584990106435421,0.9575654576693255,0.9997559191314385,0.5565444594955886
2,0,98,raw_reuse,0.02284322461055313,0.020726485177874565,0.04235335774719715,0.39368896333784187,0.9348997047231663,0.8960914868299097,0.9996773433729981,0.5898824580715404
2,0,98,shift_reuse,0.002494302268151585,0.002459915354847908,0.0046245798235759125,0.2050503872169748,0.9348997047231663,0.8960914868299097,0.9996773433729981,0.5898824580715404
2,0,98,shift_toeplitz_r2,0.0053549840305546475,0.005433178041130304,0.007724710600450635,0.11611103962512243,0.9348997047231663,0.8960914868299097,0.9996773433729981,0.5898824580715404
2,0,98,shift_circular_r2,0.0053549840305546475,0.005433178041130304,0.007724710600450635,0.11611103962512243,0.9348997047231663,0.8960914868299097,0.9996773433729981,0.5898824580715404
2,0,98,shift_rank8_feature,0.0026270985380121093,0.002490192884579301,0.004212727793492376,0.06631300941142755,0.9348997047231663,0.8960914868299097,0.9996773433729981,0.5898824580715404
2,0,98,shift_rank8_prev_flow,0.0015754967849743269,0.0015488173812627792,0.0032704863348044454,0.05236736201982659,0.9348997047231663,0.8960914868299097,0.9996773433729981,0.5898824580715404
2,0,98,shift_rank8_oracle,0.001568740180551694,0.0015440055867657065,0.003209242084994912,0.05231811316932749,0.9348997047231663,0.8960914868299097,0.9996773433729981,0.5898824580715404
2,0,98,flow_reuse,0.0005597200181988539,0.0005671258550137281,0.000766247880528681,0.02810308464005147,0.9348997047231663,0.8960914868299097,0.9996773433729981,0.5898824580715404
2,0,98,flow_toeplitz_r2,0.000458891511080232,0.0004648252797778696,0.0006110840797191485,0.020424673763780935,0.9348997047231663,0.8960914868299097,0.9996773433729981,0.5898824580715404
2,0,98,flow_rank8_oracle,0.0004901775383402834,0.0004976314376108348,0.0006892511242767796,0.017997333492414135,0.9348997047231663,0.8960914868299097,0.9996773433729981,0.5898824580715404
3,0,98,raw_reuse,0.009660737279982613,0.007780155166983604,0.01801999248564243,0.3017860479898659,0.9637342983706394,0.8676400990654249,0.9982008706265579,0.7981452544220407
3,0,98,shift_reuse,0.002700961918218814,0.00272485613822937,0.003828662575688213,0.23316289358503903,0.9637342983706394,0.8676400990654249,0.9982008706265579,0.7981452544220407
3,0,98,shift_toeplitz_r2,0.003824165521276614,0.003690432757139206,0.0052119368920102715,0.09384506344265035,0.9637342983706394,0.8676400990654249,0.9982008706265579,0.7981452544220407
3,0,98,shift_circular_r2,0.003824165521276614,0.003690432757139206,0.0052119368920102715,0.09384506344265035,0.9637342983706394,0.8676400990654249,0.9982008706265579,0.7981452544220407
3,0,98,shift_rank8_feature,0.0015894287619979315,0.0015252946177497506,0.002608010126277804,0.055300544098285456,0.9637342983706394,0.8676400990654249,0.9982008706265579,0.7981452544220407
3,0,98,shift_rank8_prev_flow,0.0011251991511741376,0.0010887306416407228,0.0017727922881022097,0.044568507646302415,0.9637342983706394,0.8676400990654249,0.9982008706265579,0.7981452544220407
3,0,98,shift_rank8_oracle,0.0011233146374892203,0.0010831860126927495,0.0018719479034189134,0.044402505670435896,0.9637342983706394,0.8676400990654249,0.9982008706265579,0.7981452544220407
3,0,98,flow_reuse,0.0006630207194471777,0.0006830008351244032,0.0010456983698531985,0.04155080039574755,0.9637342983706394,0.8676400990654249,0.9982008706265579,0.7981452544220407
3,0,98,flow_toeplitz_r2,0.00037301326114611266,0.0003753138007596135,0.0006134906434454024,0.023679195265253274,0.9637342983706394,0.8676400990654249,0.9982008706265579,0.7981452544220407
3,0,98,flow_rank8_oracle,0.0003589498004707517,0.0003650682047009468,0.0005280608631437645,0.018668046589661726,0.9637342983706394,0.8676400990654249,0.9982008706265579,0.7981452544220407
4,0,98,raw_reuse,0.0070298374054013615,0.006106322631239891,0.011561991786584257,0.2991033027398804,0.950682162426448,0.8756633983791635,0.99766839218022,0.7720927406453416
4,0,98,shift_reuse,0.0019870999433075787,0.001973359612748027,0.003147951862774789,0.23840880709387297,0.950682162426448,0.8756633983791635,0.99766839218022,0.7720927406453416
4,0,98,shift_toeplitz_r2,0.0033095250271753026,0.0032449120189994574,0.004613108141347765,0.1034881574177453,0.950682162426448,0.8756633983791635,0.99766839218022,0.7720927406453416
4,0,98,shift_circular_r2,0.0033095250271753026,0.0032449120189994574,0.004613108141347765,0.1034881574177453,0.950682162426448,0.8756633983791635,0.99766839218022,0.7720927406453416
4,0,98,shift_rank8_feature,0.0016177579002562865,0.0015542503679171205,0.002377260650973767,0.06254216382351861,0.950682162426448,0.8756633983791635,0.99766839218022,0.7720927406453416
4,0,98,shift_rank8_prev_flow,0.00113850724210972,0.001076938584446907,0.0017479239788372068,0.053140837440377064,0.950682162426448,0.8756633983791635,0.99766839218022,0.7720927406453416
4,0,98,shift_rank8_oracle,0.0011368848424924184,0.0010755937546491623,0.001768444839399308,0.05294492137151448,0.950682162426448,0.8756633983791635,0.99766839218022,0.7720927406453416
4,0,98,flow_reuse,0.0007278565794496931,0.0007582750986330211,0.00122041828581132,0.058147778572213114,0.950682162426448,0.8756633983791635,0.99766839218022,0.7720927406453416
4,0,98,flow_toeplitz_r2,0.0004665074946985103,0.0004760913725476712,0.0007355831272434443,0.034087426123668954,0.950682162426448,0.8756633983791635,0.99766839218022,0.7720927406453416
4,0,98,flow_rank8_oracle,0.00044922983751605823,0.000453917687991634,0.0005925910169025883,0.027759536298573546,0.950682162426448,0.8756633983791635,0.99766839218022,0.7720927406453416
5,0,98,raw_reuse,0.0062250225316163,0.005589362233877182,0.011918346723541615,0.19923221290898246,0.9509420521896697,0.7885395823077812,0.9965781535450724,0.8573629618778348
5,0,98,shift_reuse,0.003435334773980099,0.0034163801465183496,0.005012205825187266,0.2137789161615891,0.9509420521896697,0.7885395823077812,0.9965781535450724,0.8573629618778348
5,0,98,shift_toeplitz_r2,0.0027156676095539864,0.0026284269988536835,0.004414953477680683,0.08220544519492484,0.9509420521896697,0.7885395823077812,0.9965781535450724,0.8573629618778348
5,0,98,shift_circular_r2,0.0027156676095539864,0.0026284269988536835,0.004414953477680683,0.08220544519492484,0.9509420521896697,0.7885395823077812,0.9965781535450724,0.8573629618778348
5,0,98,shift_rank8_feature,0.0019422973226998692,0.001870674081146717,0.0031688752002082756,0.05775700813633181,0.9509420521896697,0.7885395823077812,0.9965781535450724,0.8573629618778348
5,0,98,shift_rank8_prev_flow,0.001624298465349752,0.0015224620001390576,0.0025598497129976747,0.047536503343456014,0.9509420521896697,0.7885395823077812,0.9965781535450724,0.8573629618778348
5,0,98,shift_rank8_oracle,0.0016415945808687799,0.0015401482814922929,0.00265075791394338,0.04734995377266399,0.9509420521896697,0.7885395823077812,0.9965781535450724,0.8573629618778348
5,0,98,flow_reuse,0.0012033626127730846,0.0012468042550608516,0.0017532423371449113,0.04517375278487572,0.9509420521896697,0.7885395823077812,0.9965781535450724,0.8573629618778348
5,0,98,flow_toeplitz_r2,0.000516540934856309,0.000522312184330076,0.0007804314169334248,0.023757660415275442,0.9509420521896697,0.7885395823077812,0.9965781535450724,0.8573629618778348
5,0,98,flow_rank8_oracle,0.0004421220696393402,0.0004308820643927902,0.0005882446974283084,0.017060915299241655,0.9509420521896697,0.7885395823077812,0.9965781535450724,0.8573629618778348
6,0,98,raw_reuse,0.008497359462882582,0.008202060125768185,0.012850683787837625,0.09379888802331088,0.9823179703673308,0.6568903452437749,0.9889158153625326,0.7620119727684554
6,0,98,shift_reuse,0.0077129994976727154,0.007735274266451597,0.009905345737934113,0.14229319170508375,0.9823179703673308,0.6568903452437749,0.9889158153625326,0.7620119727684554
6,0,98,shift_toeplitz_r2,0.003623728805019525,0.0031083927024155855,0.006310583837330341,0.03768227892849135,0.9823179703673308,0.6568903452437749,0.9889158153625326,0.7620119727684554
6,0,98,shift_circular_r2,0.003623728805019525,0.0031083927024155855,0.006310583837330341,0.03768227892849135,0.9823179703673308,0.6568903452437749,0.9889158153625326,0.7620119727684554
6,0,98,shift_rank8_feature,0.002554568026041595,0.002430511638522148,0.003956058050971477,0.02720491046317942,0.9823179703673308,0.6568903452437749,0.9889158153625326,0.7620119727684554
6,0,98,shift_rank8_prev_flow,0.0016148112785265526,0.0015247663250193,0.002363652247004211,0.019244683610130726,0.9823179703673308,0.6568903452437749,0.9889158153625326,0.7620119727684554
6,0,98,shift_rank8_oracle,0.0015649660337664765,0.0014660981250926852,0.002300654980354011,0.018921267499056073,0.9823179703673308,0.6568903452437749,0.9889158153625326,0.7620119727684554
6,0,98,flow_reuse,0.0015533192500051074,0.0015767207369208336,0.0025505303172394626,0.01649969229937906,0.9823179703673308,0.6568903452437749,0.9889158153625326,0.7620119727684554
6,0,98,flow_toeplitz_r2,0.0010317083874477218,0.0009679815848357975,0.002090071339625865,0.011943766302096606,0.9823179703673308,0.6568903452437749,0.9889158153625326,0.7620119727684554
6,0,98,flow_rank8_oracle,0.0006211793962266334,0.0006004339084029198,0.0010215527494437991,0.008049212624674404,0.9823179703673308,0.6568903452437749,0.9889158153625326,0.7620119727684554
7,0,98,raw_reuse,0.03455175261697492,0.03398822620511055,0.0471761580556631,0.13945951365881054,0.9752156286758362,0.8174332622032039,0.9930984405069806,0.7736317634603245
7,0,98,shift_reuse,0.007849352509811855,0.007530493196099997,0.013653447898104786,0.06549905793145078,0.9752156286758362,0.8174332622032039,0.9930984405069806,0.7736317634603245
7,0,98,shift_toeplitz_r2,0.005938494995921906,0.005495784338563681,0.009407954709604382,0.028203718434334488,0.9752156286758362,0.8174332622032039,0.9930984405069806,0.7736317634603245
7,0,98,shift_circular_r2,0.005938494995921906,0.005495784338563681,0.009407954709604382,0.028203718434334488,0.9752156286758362,0.8174332622032039,0.9930984405069806,0.7736317634603245
7,0,98,shift_rank8_feature,0.0035197302705720895,0.003300059586763382,0.006112101580947637,0.015325510525026845,0.9752156286758362,0.8174332622032039,0.9930984405069806,0.7736317634603245
7,0,98,shift_rank8_prev_flow,0.002362262079060753,0.0022345574107021093,0.003922071296256035,0.010544543161954812,0.9752156286758362,0.8174332622032039,0.9930984405069806,0.7736317634603245
7,0,98,shift_rank8_oracle,0.0023996208421718434,0.0022502599749714136,0.0038500574417412283,0.010311551310638817,0.9752156286758362,0.8174332622032039,0.9930984405069806,0.7736317634603245
7,0,98,flow_reuse,0.0029561272326875374,0.0025879228487610817,0.006982877710834143,0.008476132564164466,0.9752156286758362,0.8174332622032039,0.9930984405069806,0.7736317634603245
7,0,98,flow_toeplitz_r2,0.0023590336619553755,0.0020039165392518044,0.005409873207099734,0.007148883169704441,0.9752156286758362,0.8174332622032039,0.9930984405069806,0.7736317634603245
7,0,98,flow_rank8_oracle,0.0012090431160821872,0.0011030827881768346,0.002595046837814151,0.004032789247544452,0.9752156286758362,0.8174332622032039,0.9930984405069806,0.7736317634603245
0,1,88,raw_reuse,0.6376015085317462,0.6246371865272522,0.9723089158535003,0.6200657675674031,0.9906824590874573,0.9072297975727737,0.9999158308619157,0.6336994579013606
0,1,88,shift_reuse,0.014830338208304107,0.014488606713712215,0.023198383674025533,0.14869308766949257,0.9906824590874573,0.9072297975727737,0.9999158308619157,0.6336994579013606
0,1,88,shift_toeplitz_r2,0.017185630707163568,0.01733493246138096,0.028241190686821935,0.06791682169131007,0.9906824590874573,0.9072297975727737,0.9999158308619157,0.6336994579013606
0,1,88,shift_circular_r2,0.017185630707163568,0.01733493246138096,0.028241190686821935,0.06791682169131007,0.9906824590874573,0.9072297975727737,0.9999158308619157,0.6336994579013606
0,1,88,shift_rank8_feature,0.008286544755483063,0.007945959456264973,0.014088426530361174,0.025864916738665766,0.9906824590874573,0.9072297975727737,0.9999158308619157,0.6336994579013606
0,1,88,shift_rank8_prev_flow,0.005656391434371407,0.005317936185747385,0.009670542320236564,0.014367586041952277,0.9906824590874573,0.9072297975727737,0.9999158308619157,0.6336994579013606
0,1,88,shift_rank8_oracle,0.005610101633590432,0.005270712077617645,0.009621114935725927,0.01435295866169626,0.9906824590874573,0.9072297975727737,0.9999158308619157,0.6336994579013606
0,1,88,flow_reuse,0.00694710180240518,0.006921402644366026,0.011866561137139795,0.007678607016786542,0.9906824590874573,0.9072297975727737,0.9999158308619157,0.6336994579013606
0,1,88,flow_toeplitz_r2,0.0051387110835635135,0.005058417562395334,0.008277642074972391,0.006781445817549745,0.9906824590874573,0.9072297975727737,0.9999158308619157,0.6336994579013606
0,1,88,flow_rank8_oracle,0.00232149050593996,0.00234786793589592,0.00313180472003296,0.00464730592074594,0.9906824590874573,0.9072297975727737,0.9999158308619157,0.6336994579013606
1,1,88,raw_reuse,0.04663967265277595,0.04628206416964531,0.07827881053090094,0.4546700595452972,0.9610192009949181,0.9592487990590111,0.9997738019675978,0.34458215218025545
1,1,88,shift_reuse,0.002766893181197462,0.0026662133168429136,0.0051549125462770455,0.23005878632655324,0.9610192009949181,0.9592487990590111,0.9997738019675978,0.34458215218025545
1,1,88,shift_toeplitz_r2,0.005570944781162676,0.0056920298375189304,0.009160199016332625,0.11542050922384163,0.9610192009949181,0.9592487990590111,0.9997738019675978,0.34458215218025545
1,1,88,shift_circular_r2,0.005570944781162676,0.0056920298375189304,0.009160199016332625,0.11542050922384163,0.9610192009949181,0.9592487990590111,0.9997738019675978,0.34458215218025545
1,1,88,shift_rank8_feature,0.0023616452023328283,0.002309542614966631,0.0041668471531011156,0.05423210442912457,0.9610192009949181,0.9592487990590111,0.9997738019675978,0.34458215218025545
1,1,88,shift_rank8_prev_flow,0.002062262725015055,0.0020426635164767504,0.00339360850630328,0.04547540122185925,0.9610192009949181,0.9592487990590111,0.9997738019675978,0.34458215218025545
1,1,88,shift_rank8_oracle,0.002073724773991962,0.0020506710279732943,0.003386434516869485,0.045421784526266204,0.9610192009949181,0.9592487990590111,0.9997738019675978,0.34458215218025545
1,1,88,flow_reuse,0.0006014051454294998,0.0005981524591334164,0.001102834363700822,0.008369641461861152,0.9610192009949181,0.9592487990590111,0.9997738019675978,0.34458215218025545
1,1,88,flow_toeplitz_r2,0.0004249009116002135,0.00042639291496016085,0.0006496057816548273,0.008374042118687806,0.9610192009949181,0.9592487990590111,0.9997738019675978,0.34458215218025545
1,1,88,flow_rank8_oracle,0.00032449194736761566,0.000314386939862743,0.0005304585705744101,0.00677588436561417,0.9610192009949181,0.9592487990590111,0.9997738019675978,0.34458215218025545
2,1,88,raw_reuse,0.022996048887520378,0.02135377563536167,0.04306663740426302,0.3702649805477133,0.9417130107250327,0.8986823591691162,0.9996790700485335,0.24924350594009548
2,1,88,shift_reuse,0.0023316709855409007,0.00231331423856318,0.004088660376146435,0.20104003455455868,0.9417130107250327,0.8986823591691162,0.9996790700485335,0.24924350594009548
2,1,88,shift_toeplitz_r2,0.0051809015097792665,0.005277598742395639,0.00760451997630298,0.10840758790355351,0.9417130107250327,0.8986823591691162,0.9996790700485335,0.24924350594009548
2,1,88,shift_circular_r2,0.0051809015097792665,0.005277598742395639,0.00760451997630298,0.10840758790355351,0.9417130107250327,0.8986823591691162,0.9996790700485335,0.24924350594009548
2,1,88,shift_rank8_feature,0.0026680334091905653,0.0025649212766438723,0.004911375720985233,0.061571249752182394,0.9417130107250327,0.8986823591691162,0.9996790700485335,0.24924350594009548
2,1,88,shift_rank8_prev_flow,0.0016432015516418695,0.0016037981258705258,0.0037182070664130147,0.04858330184742531,0.9417130107250327,0.8986823591691162,0.9996790700485335,0.24924350594009548
2,1,88,shift_rank8_oracle,0.001652934820504491,0.0016151933232322335,0.003783882339484989,0.04853648948540176,0.9417130107250327,0.8986823591691162,0.9996790700485335,0.24924350594009548
2,1,88,flow_reuse,0.00025096891175276423,0.0002514690859243274,0.0004124710889300331,0.011598947797080981,0.9417130107250327,0.8986823591691162,0.9996790700485335,0.24924350594009548
2,1,88,flow_toeplitz_r2,0.0001918231322079741,0.0001873307628557086,0.0003147664552670903,0.011925999991406887,0.9417130107250327,0.8986823591691162,0.9996790700485335,0.24924350594009548
2,1,88,flow_rank8_oracle,0.00023594409247431936,0.00023415398027282208,0.00034309066977584736,0.010050048152833021,0.9417130107250327,0.8986823591691162,0.9996790700485335,0.24924350594009548
3,1,88,raw_reuse,0.009149356475622558,0.007475811988115311,0.016271930187940598,0.3018080826984557,0.9573924646332127,0.8637598307766884,0.9983065975984045,0.4810034715909802
3,1,88,shift_reuse,0.0032739146089898197,0.003260268596932292,0.004616714152507484,0.25494452407568796,0.9573924646332127,0.8637598307766884,0.9983065975984045,0.4810034715909802
3,1,88,shift_toeplitz_r2,0.003824930865086641,0.0037505002692341805,0.005454587168060243,0.10093795319356975,0.9573924646332127,0.8637598307766884,0.9983065975984045,0.4810034715909802
3,1,88,shift_circular_r2,0.003824930865086641,0.0037505002692341805,0.005454587168060243,0.10093795319356975,0.9573924646332127,0.8637598307766884,0.9983065975984045,0.4810034715909802
3,1,88,shift_rank8_feature,0.001852089923572884,0.001767359091900289,0.0032018437748774884,0.06320662397311924,0.9573924646332127,0.8637598307766884,0.9983065975984045,0.4810034715909802
3,1,88,shift_rank8_prev_flow,0.0011825450889832816,0.001156427781097591,0.0020602293720003214,0.05276916376126789,0.9573924646332127,0.8637598307766884,0.9983065975984045,0.4810034715909802
3,1,88,shift_rank8_oracle,0.0011860789576187238,0.0011624180478975177,0.0020822699472773814,0.05262461054702192,0.9573924646332127,0.8637598307766884,0.9983065975984045,0.4810034715909802
3,1,88,flow_reuse,0.0002937055093844121,0.0002946268650703132,0.0005480814288603142,0.021375953034202595,0.9573924646332127,0.8637598307766884,0.9983065975984045,0.4810034715909802
3,1,88,flow_toeplitz_r2,0.0002935740861724284,0.00029862188966944814,0.0005060306677478365,0.02278362542557503,0.9573924646332127,0.8637598307766884,0.9983065975984045,0.4810034715909802
3,1,88,flow_rank8_oracle,0.0003127540669529783,0.00032177125103771687,0.0005146981304278597,0.015399538752044042,0.9573924646332127,0.8637598307766884,0.9983065975984045,0.4810034715909802
4,1,88,raw_reuse,0.0067163872812171154,0.0057931034825742245,0.010383204603567718,0.29124476083741574,0.9311076192217507,0.7692621909478661,0.9979555968083669,0.5488432195977078
4,1,88,shift_reuse,0.0025259402912722094,0.002458537695929408,0.004598111705854535,0.26680198041376,0.9311076192217507,0.7692621909478661,0.9979555968083669,0.5488432195977078
4,1,88,shift_toeplitz_r2,0.0028604472880213723,0.0028322183061391115,0.004486796003766357,0.12013641993157857,0.9311076192217507,0.7692621909478661,0.9979555968083669,0.5488432195977078
4,1,88,shift_circular_r2,0.0028604472880213723,0.0028322183061391115,0.004486796003766357,0.12013641993157857,0.9311076192217507,0.7692621909478661,0.9979555968083669,0.5488432195977078
4,1,88,shift_rank8_feature,0.0020004822032338486,0.0019633208867162466,0.003504808677826076,0.08531938353231829,0.9311076192217507,0.7692621909478661,0.9979555968083669,0.5488432195977078
4,1,88,shift_rank8_prev_flow,0.0013814605127227468,0.001340709743089974,0.0023708041524514553,0.07017858646701504,0.9311076192217507,0.7692621909478661,0.9979555968083669,0.5488432195977078
4,1,88,shift_rank8_oracle,0.0013761930589458998,0.0013306966284289956,0.0023964679567143317,0.07002847124519021,0.9311076192217507,0.7692621909478661,0.9979555968083669,0.5488432195977078
4,1,88,flow_reuse,0.0004681184123627196,0.00044697304838337004,0.0008803801261819897,0.031814709878335165,0.9311076192217507,0.7692621909478661,0.9979555968083669,0.5488432195977078
4,1,88,flow_toeplitz_r2,0.0003997451645629958,0.00040286112925969064,0.0007059437979478388,0.03459456522827322,0.9311076192217507,0.7692621909478661,0.9979555968083669,0.5488432195977078
4,1,88,flow_rank8_oracle,0.0003579444031655387,0.0003544000501278788,0.0006758650531992315,0.02136936964857474,0.9311076192217507,0.7692621909478661,0.9979555968083669,0.5488432195977078
5,1,88,raw_reuse,0.00550507380843804,0.0048682172782719135,0.01055196588858962,0.18357099030838334,0.925948464896024,0.771174935499194,0.9950026989793337,0.5908188675370019
5,1,88,shift_reuse,0.0044152085401537675,0.004283498506993055,0.0066832353360950945,0.24123573952626576,0.925948464896024,0.771174935499194,0.9950026989793337,0.5908188675370019
5,1,88,shift_toeplitz_r2,0.0035708215820978843,0.003371164435520768,0.0052526031853631135,0.11559033209813811,0.925948464896024,0.771174935499194,0.9950026989793337,0.5908188675370019
5,1,88,shift_circular_r2,0.0035708215820978843,0.003371164435520768,0.0052526031853631135,0.11559033209813811,0.925948464896024,0.771174935499194,0.9950026989793337,0.5908188675370019
5,1,88,shift_rank8_feature,0.002638477229758018,0.002371152164414525,0.0035000573494471604,0.08083618916934943,0.925948464896024,0.771174935499194,0.9950026989793337,0.5908188675370019
5,1,88,shift_rank8_prev_flow,0.0019992722516430418,0.001899856491945684,0.002900930808391422,0.06601513890471701,0.925948464896024,0.771174935499194,0.9950026989793337,0.5908188675370019
5,1,88,shift_rank8_oracle,0.00201896187991311,0.0019216503715142608,0.002901077282149345,0.0656460626300088,0.925948464896024,0.771174935499194,0.9950026989793337,0.5908188675370019
5,1,88,flow_reuse,0.0007239840185676422,0.0007178757223300636,0.0013012812356464564,0.027539681922989563,0.925948464896024,0.771174935499194,0.9950026989793337,0.5908188675370019
5,1,88,flow_toeplitz_r2,0.0007016530554495447,0.0007042323122732341,0.0011647173087112606,0.029020366226194347,0.925948464896024,0.771174935499194,0.9950026989793337,0.5908188675370019
5,1,88,flow_rank8_oracle,0.0004596571314231777,0.0004525276890490204,0.0008039718406507745,0.017616380833646937,0.925948464896024,0.771174935499194,0.9950026989793337,0.5908188675370019
6,1,88,raw_reuse,0.007652103160919035,0.007372749503701925,0.0132493213750422,0.09435952388378538,0.9720461000606846,0.6273631689154189,0.9911404810899114,0.5699048916476426
6,1,88,shift_reuse,0.009169757247906286,0.00908510573208332,0.012364310072734952,0.1516138068932742,0.9720461000606846,0.6273631689154189,0.9911404810899114,0.5699048916476426
6,1,88,shift_toeplitz_r2,0.005243967719531112,0.004756277892738581,0.009068057732656598,0.054238339827196794,0.9720461000606846,0.6273631689154189,0.9911404810899114,0.5699048916476426
6,1,88,shift_circular_r2,0.005243967719531112,0.004756277892738581,0.009068057732656598,0.054238339827196794,0.9720461000606846,0.6273631689154189,0.9911404810899114,0.5699048916476426
6,1,88,shift_rank8_feature,0.003503415059992404,0.0032644898165017366,0.005500361253507435,0.03919761555891937,0.9720461000606846,0.6273631689154189,0.9911404810899114,0.5699048916476426
6,1,88,shift_rank8_prev_flow,0.002075608344622734,0.0019557951018214226,0.003197439888026565,0.025764733443510806,0.9720461000606846,0.6273631689154189,0.9911404810899114,0.5699048916476426
6,1,88,shift_rank8_oracle,0.002040064643777888,0.0019328471971675754,0.003061205835547298,0.025348948892073096,0.9720461000606846,0.6273631689154189,0.9911404810899114,0.5699048916476426
6,1,88,flow_reuse,0.0011040816274492157,0.0010122184175997972,0.0018488964065909385,0.012775743881903383,0.9720461000606846,0.6273631689154189,0.9911404810899114,0.5699048916476426
6,1,88,flow_toeplitz_r2,0.0011008344587652259,0.0010130555601790547,0.0019123041362036017,0.013542984773108604,0.9720461000606846,0.6273631689154189,0.9911404810899114,0.5699048916476426
6,1,88,flow_rank8_oracle,0.00062430556146394,0.0005888296291232109,0.0010861878923606127,0.008378541949332553,0.9720461000606846,0.6273631689154189,0.9911404810899114,0.5699048916476426
7,1,88,raw_reuse,0.031356680754480476,0.031066706404089928,0.04590574577450752,0.12413402181196453,0.9656010237967544,0.8041498423145889,0.9861035167679979,0.7994726764956814
7,1,88,shift_reuse,0.00944114517960529,0.008996672928333282,0.01686410568654537,0.06723918908499142,0.9656010237967544,0.8041498423145889,0.9861035167679979,0.7994726764956814
7,1,88,shift_toeplitz_r2,0.0083755924333015,0.007844884879887104,0.01393201318569481,0.03474769417370112,0.9656010237967544,0.8041498423145889,0.9861035167679979,0.7994726764956814
7,1,88,shift_circular_r2,0.0083755924333015,0.007844884879887104,0.01393201318569481,0.03474769417370112,0.9656010237967544,0.8041498423145889,0.9861035167679979,0.7994726764956814
7,1,88,shift_rank8_feature,0.004550482866968183,0.004230492748320103,0.008511454286053776,0.018945249217148807,0.9656010237967544,0.8041498423145889,0.9861035167679979,0.7994726764956814
7,1,88,shift_rank8_prev_flow,0.0033281889919782076,0.0031454162672162056,0.005843930901028215,0.01303663098866212,0.9656010237967544,0.8041498423145889,0.9861035167679979,0.7994726764956814
7,1,88,shift_rank8_oracle,0.0031429993570158857,0.0029009461868554354,0.006331197707913814,0.012470826170816048,0.9656010237967544,0.8041498423145889,0.9861035167679979,0.7994726764956814
7,1,88,flow_reuse,0.002383097360312425,0.0021511141676455736,0.004802006436511873,0.010677936433072455,0.9656010237967544,0.8041498423145889,0.9861035167679979,0.7994726764956814
7,1,88,flow_toeplitz_r2,0.0021514312149439204,0.0019327843328937888,0.0044895491097122426,0.008607643293435045,0.9656010237967544,0.8041498423145889,0.9861035167679979,0.7994726764956814
7,1,88,flow_rank8_oracle,0.0012365484455610584,0.0011471266625449061,0.0022452205535955726,0.00478160954462175,0.9656010237967544,0.8041498423145889,0.9861035167679979,0.7994726764956814
0,2,77,raw_reuse,0.6343773470520684,0.6225002408027649,0.9685250163078307,0.6196173775704353,0.9905299261862586,0.9337729304017903,0.9999040300284494,0.5563958008212881
0,2,77,shift_reuse,0.02491691508896808,0.02359534241259098,0.044146990217268464,0.1548209361628608,0.9905299261862586,0.9337729304017903,0.9999040300284494,0.5563958008212881
0,2,77,shift_toeplitz_r2,0.018179688329071315,0.01835489086806774,0.028370933979749678,0.0702542516941251,0.9905299261862586,0.9337729304017903,0.9999040300284494,0.5563958008212881
0,2,77,shift_circular_r2,0.018179688329071315,0.01835489086806774,0.028370933979749678,0.0702542516941251,0.9905299261862586,0.9337729304017903,0.9999040300284494,0.5563958008212881
0,2,77,shift_rank8_feature,0.008348059359860249,0.008010544814169407,0.01325985831208527,0.024140853076020673,0.9905299261862586,0.9337729304017903,0.9999040300284494,0.5563958008212881
0,2,77,shift_rank8_prev_flow,0.0061734107067787265,0.005873465444892645,0.011869256338104603,0.015083392075248891,0.9905299261862586,0.9337729304017903,0.9999040300284494,0.5563958008212881
0,2,77,shift_rank8_oracle,0.006137106519740406,0.005828587803989649,0.011756340507417914,0.015066291687676949,0.9905299261862586,0.9337729304017903,0.9999040300284494,0.5563958008212881
0,2,77,flow_reuse,0.007811440986645491,0.00783978495746851,0.01226953105069697,0.009295397996978138,0.9905299261862586,0.9337729304017903,0.9999040300284494,0.5563958008212881
0,2,77,flow_toeplitz_r2,0.004995619294153155,0.0048834350891411304,0.007765461388044058,0.007711222626909739,0.9905299261862586,0.9337729304017903,0.9999040300284494,0.5563958008212881
0,2,77,flow_rank8_oracle,0.003484801161264834,0.0035284257028251886,0.004714418901130556,0.006191071416121527,0.9905299261862586,0.9337729304017903,0.9999040300284494,0.5563958008212881
1,2,77,raw_reuse,0.047127534376524775,0.046826135367155075,0.07793866768479346,0.45584665902964294,0.9628843454899432,0.9622143795501507,0.9998560385122682,0.3541227822716798
1,2,77,shift_reuse,0.003299157769244333,0.0032034695614129305,0.006986450939439235,0.24010672649049317,0.9628843454899432,0.9622143795501507,0.9998560385122682,0.3541227822716798
1,2,77,shift_toeplitz_r2,0.006034881499703437,0.006202594842761755,0.010286507429555058,0.1203691476024819,0.9628843454899432,0.9622143795501507,0.9998560385122682,0.3541227822716798
1,2,77,shift_circular_r2,0.006034881499703437,0.006202594842761755,0.010286507429555058,0.1203691476024819,0.9628843454899432,0.9622143795501507,0.9998560385122682,0.3541227822716798
1,2,77,shift_rank8_feature,0.002415164006723085,0.0023900859523564577,0.0043796901125460865,0.05493695124175125,0.9628843454899432,0.9622143795501507,0.9998560385122682,0.3541227822716798
1,2,77,shift_rank8_prev_flow,0.0020471799976781693,0.0020502174738794565,0.0038338667713105675,0.04629373100703486,0.9628843454899432,0.9622143795501507,0.9998560385122682,0.3541227822716798
1,2,77,shift_rank8_oracle,0.00205023221890921,0.002052535070106387,0.0038754600100219245,0.04625757786406356,0.9628843454899432,0.9622143795501507,0.9998560385122682,0.3541227822716798
1,2,77,flow_reuse,0.0006180634052731786,0.0006221139919944108,0.0010446638916619122,0.009017773692583015,0.9628843454899432,0.9622143795501507,0.9998560385122682,0.3541227822716798
1,2,77,flow_toeplitz_r2,0.0004316585611225731,0.00044276597327552736,0.0006057612219592556,0.007805342945341227,0.9628843454899432,0.9622143795501507,0.9998560385122682,0.3541227822716798
1,2,77,flow_rank8_oracle,0.00037507990237434767,0.00037251770845614374,0.0005748723255237564,0.0072472678912377225,0.9628843454899432,0.9622143795501507,0.9998560385122682,0.3541227822716798
2,2,77,raw_reuse,0.021692820387816617,0.020083392038941383,0.04126353319734335,0.3802505380313025,0.922071972089664,0.8714849442924741,0.9997877232039311,0.4675342230327937
2,2,77,shift_reuse,0.0028825475496995177,0.002779890550300479,0.0052692524390295144,0.2148178009984707,0.922071972089664,0.8714849442924741,0.9997877232039311,0.4675342230327937
2,2,77,shift_toeplitz_r2,0.005753100124179216,0.005833824630826712,0.0088220682926476,0.1201634227790174,0.922071972089664,0.8714849442924741,0.9997877232039311,0.4675342230327937
2,2,77,shift_circular_r2,0.005753100124179216,0.005833824630826712,0.0088220682926476,0.1201634227790174,0.922071972089664,0.8714849442924741,0.9997877232039311,0.4675342230327937
2,2,77,shift_rank8_feature,0.003194910913158168,0.0031362760346382856,0.005716740735806523,0.07495789857026115,0.922071972089664,0.8714849442924741,0.9997877232039311,0.4675342230327937
2,2,77,shift_rank8_prev_flow,0.002118892195445283,0.0020964480936527252,0.0034930655616335566,0.05999550908937228,0.922071972089664,0.8714849442924741,0.9997877232039311,0.4675342230327937
2,2,77,shift_rank8_oracle,0.002126196272844575,0.002103725215420127,0.003552754048723727,0.059967660962174846,0.922071972089664,0.8714849442924741,0.9997877232039311,0.4675342230327937
2,2,77,flow_reuse,0.0003111659042625448,0.000306578614981845,0.0005201385705731809,0.015141365999110232,0.922071972089664,0.8714849442924741,0.9997877232039311,0.4675342230327937
2,2,77,flow_toeplitz_r2,0.00047138719288977715,0.0004844103241339326,0.0006810510880313813,0.012322913461921797,0.922071972089664,0.8714849442924741,0.9997877232039311,0.4675342230327937
2,2,77,flow_rank8_oracle,0.00043839983728020276,0.00044567635632120073,0.0007202064589364453,0.011048693022000046,0.922071972089664,0.8714849442924741,0.9997877232039311,0.4675342230327937
3,2,77,raw_reuse,0.008942380219359867,0.007440065499395132,0.018803901877254243,0.31954019657104404,0.8885113033136014,0.40596875472324445,0.9987870328975007,0.5378884440864424
3,2,77,shift_reuse,0.004443955327665191,0.004373295698314905,0.007056800602003931,0.27550326127278807,0.8885113033136014,0.40596875472324445,0.9987870328975007,0.5378884440864424
3,2,77,shift_toeplitz_r2,0.004567909359596528,0.004519747104495764,0.0067271080799400805,0.12900295399603023,0.8885113033136014,0.40596875472324445,0.9987870328975007,0.5378884440864424
3,2,77,shift_circular_r2,0.004567909359596528,0.004519747104495764,0.0067271080799400805,0.12900295399603023,0.8885113033136014,0.40596875472324445,0.9987870328975007,0.5378884440864424
3,2,77,shift_rank8_feature,0.003983155806295268,0.0038832544814795256,0.006894016265869139,0.11921230191271584,0.8885113033136014,0.40596875472324445,0.9987870328975007,0.5378884440864424
3,2,77,shift_rank8_prev_flow,0.00259546927520092,0.0025297007523477077,0.003922956762835383,0.09205410850225716,0.8885113033136014,0.40596875472324445,0.9987870328975007,0.5378884440864424
3,2,77,shift_rank8_oracle,0.002609779009930167,0.0025482303462922573,0.003931610984727741,0.09199032716939122,0.8885113033136014,0.40596875472324445,0.9987870328975007,0.5378884440864424
3,2,77,flow_reuse,0.0003986684572084461,0.00038539618253707886,0.0006574719416676089,0.025872857041078962,0.8885113033136014,0.40596875472324445,0.9987870328975007,0.5378884440864424
3,2,77,flow_toeplitz_r2,0.00037079080095377484,0.00037362659350037575,0.0005591823399299755,0.02190137590483171,0.8885113033136014,0.40596875472324445,0.9987870328975007,0.5378884440864424
3,2,77,flow_rank8_oracle,0.00038300715783094123,0.00038584627327509224,0.0005739333428209646,0.01758805452557621,0.8885113033136014,0.40596875472324445,0.9987870328975007,0.5378884440864424
4,2,77,raw_reuse,0.006860066354332025,0.005927381571382284,0.01109826830215752,0.31502392776692717,0.8387884480900526,0.36910583034562805,0.9986172072219583,0.6221629160647395
4,2,77,shift_reuse,0.003782018618334109,0.003632793901488185,0.006857844791375099,0.29560607070649925,0.8387884480900526,0.36910583034562805,0.9986172072219583,0.6221629160647395
4,2,77,shift_toeplitz_r2,0.004486919572735977,0.004452795721590519,0.006430395203642547,0.16934669528290075,0.8387884480900526,0.36910583034562805,0.9986172072219583,0.6221629160647395
4,2,77,shift_circular_r2,0.004486919572735977,0.004452795721590519,0.006430395203642547,0.16934669528290075,0.8387884480900526,0.36910583034562805,0.9986172072219583,0.6221629160647395
4,2,77,shift_rank8_feature,0.003837131056603523,0.0035724143963307142,0.005663698236458003,0.15514401004465828,0.8387884480900526,0.36910583034562805,0.9986172072219583,0.6221629160647395
4,2,77,shift_rank8_prev_flow,0.0026821739323532223,0.0025139173958450556,0.004207179427612572,0.1187813917575345,0.8387884480900526,0.36910583034562805,0.9986172072219583,0.6221629160647395
4,2,77,shift_rank8_oracle,0.0027031725823127373,0.0025407702196389437,0.004223322274629026,0.11868926162450508,0.8387884480900526,0.36910583034562805,0.9986172072219583,0.6221629160647395
4,2,77,flow_reuse,0.000557816847817785,0.0005055193323642015,0.0010782233119243753,0.03561872714027454,0.8387884480900526,0.36910583034562805,0.9986172072219583,0.6221629160647395
4,2,77,flow_toeplitz_r2,0.0004846838911096669,0.00046273344196379185,0.0007771278411382807,0.03177705363060358,0.8387884480900526,0.36910583034562805,0.9986172072219583,0.6221629160647395
4,2,77,flow_rank8_oracle,0.00043303938376304735,0.0004304641333874315,0.0006768121675122529,0.02189428091398699,0.8387884480900526,0.36910583034562805,0.9986172072219583,0.6221629160647395
5,2,77,raw_reuse,0.006782101992733127,0.006125256884843111,0.01308392733335495,0.20532797701716257,0.9021878135408099,0.45751195337591355,0.9974212976050273,0.6285378277779592
5,2,77,shift_reuse,0.007031818899042172,0.00649578170850873,0.011432688031345603,0.2824576169659533,0.9021878135408099,0.45751195337591355,0.9974212976050273,0.6285378277779592
5,2,77,shift_toeplitz_r2,0.006499575826675152,0.006089916452765465,0.009312840178608894,0.1736162862327508,0.9021878135408099,0.45751195337591355,0.9974212976050273,0.6285378277779592
5,2,77,shift_circular_r2,0.006499575826675152,0.006089916452765465,0.009312840178608894,0.1736162862327508,0.9021878135408099,0.45751195337591355,0.9974212976050273,0.6285378277779592
5,2,77,shift_rank8_feature,0.00523769316550142,0.004946507979184389,0.00791102941147983,0.14272920212790488,0.9021878135408099,0.45751195337591355,0.9974212976050273,0.6285378277779592
5,2,77,shift_rank8_prev_flow,0.0031301942956043164,0.0030890062917023897,0.004909498803317547,0.08867595174869462,0.9021878135408099,0.45751195337591355,0.9974212976050273,0.6285378277779592
5,2,77,shift_rank8_oracle,0.0031428818435713917,0.003105652518570423,0.00485096201300621,0.08833844989684028,0.9021878135408099,0.45751195337591355,0.9974212976050273,0.6285378277779592
5,2,77,flow_reuse,0.0007098324433834386,0.0006879759021103382,0.0011977095971815288,0.026193628752028335,0.9021878135408099,0.45751195337591355,0.9974212976050273,0.6285378277779592
5,2,77,flow_toeplitz_r2,0.0006947155659609002,0.00066173862433061,0.0010757010953966527,0.02130858200398901,0.9021878135408099,0.45751195337591355,0.9974212976050273,0.6285378277779592
5,2,77,flow_rank8_oracle,0.0005310574079779527,0.0005099530098959804,0.0007718517445027828,0.0159644122177031,0.9021878135408099,0.45751195337591355,0.9974212976050273,0.6285378277779592
6,2,77,raw_reuse,0.00883886166398014,0.00850068498402834,0.014731424208730458,0.1012401526286803,0.9491264795831922,0.3241676621124462,0.9976264955145185,0.6612063296840174
6,2,77,shift_reuse,0.012841253311889811,0.0124460244551301,0.02036808533594012,0.1805813583927862,0.9491264795831922,0.3241676621124462,0.9976264955145185,0.6612063296840174
6,2,77,shift_toeplitz_r2,0.008503874486469871,0.0076837241649627686,0.014259812934324143,0.08352593117670845,0.9491264795831922,0.3241676621124462,0.9976264955145185,0.6612063296840174
6,2,77,shift_circular_r2,0.008503874486469871,0.0076837241649627686,0.014259812934324143,0.08352593117670845,0.9491264795831922,0.3241676621124462,0.9976264955145185,0.6612063296840174
6,2,77,shift_rank8_feature,0.007387005656963287,0.007054536137729883,0.013902635313570496,0.0728174230423993,0.9491264795831922,0.3241676621124462,0.9976264955145185,0.6612063296840174
6,2,77,shift_rank8_prev_flow,0.00343970446088661,0.0032789905089884996,0.00614375164732337,0.04088718816971962,0.9491264795831922,0.3241676621124462,0.9976264955145185,0.6612063296840174
6,2,77,shift_rank8_oracle,0.0034310942517486957,0.0032662423327565193,0.006036247406154871,0.04073041277617127,0.9491264795831922,0.3241676621124462,0.9976264955145185,0.6612063296840174
6,2,77,flow_reuse,0.0012277058908845028,0.0010529124410822988,0.0024840188678354022,0.011465433568744838,0.9491264795831922,0.3241676621124462,0.9976264955145185,0.6612063296840174
6,2,77,flow_toeplitz_r2,0.0011244674335437626,0.0009290659800171852,0.0023154720664024355,0.010059291271956422,0.9491264795831922,0.3241676621124462,0.9976264955145185,0.6612063296840174
6,2,77,flow_rank8_oracle,0.0005927051427044131,0.0005437067593447864,0.001252591609954834,0.006673569092397136,0.9491264795831922,0.3241676621124462,0.9976264955145185,0.6612063296840174
7,2,77,raw_reuse,0.02934662137362956,0.028985902667045593,0.03963086325675249,0.11139003039176999,0.9451772017214687,0.6478669043990322,0.9974921212398727,0.6883671801968538
7,2,77,shift_reuse,0.011143930651554508,0.010382399894297123,0.018984229303896424,0.07143992936146742,0.9451772017214687,0.6478669043990322,0.9974921212398727,0.6883671801968538
7,2,77,shift_toeplitz_r2,0.010403112333980098,0.009539076127111912,0.017039461806416512,0.04193119281607077,0.9451772017214687,0.6478669043990322,0.9974921212398727,0.6883671801968538
7,2,77,shift_circular_r2,0.010403112333980098,0.009539076127111912,0.017039461806416512,0.04193119281607077,0.9451772017214687,0.6478669043990322,0.9974921212398727,0.6883671801968538
7,2,77,shift_rank8_feature,0.006907898762866983,0.006501808762550354,0.011968579329550266,0.028126816561631178,0.9451772017214687,0.6478669043990322,0.9974921212398727,0.6883671801968538
7,2,77,shift_rank8_prev_flow,0.003551480984370759,0.0033802390098571777,0.006009063497185707,0.016835638494291816,0.9451772017214687,0.6478669043990322,0.9974921212398727,0.6883671801968538
7,2,77,shift_rank8_oracle,0.0035404167682927526,0.003357050707563758,0.0057573609985411165,0.016727137081256983,0.9451772017214687,0.6478669043990322,0.9974921212398727,0.6883671801968538
7,2,77,flow_reuse,0.0012717099111776893,0.0012341212714090943,0.0025080088758841156,0.0057578101020224455,0.9451772017214687,0.6478669043990322,0.9974921212398727,0.6883671801968538
7,2,77,flow_toeplitz_r2,0.001224301199594591,0.0011754402657970786,0.0024068439379334445,0.005059676052359432,0.9451772017214687,0.6478669043990322,0.9974921212398727,0.6883671801968538
7,2,77,flow_rank8_oracle,0.0008682365301379542,0.0008549406193196774,0.0015296077181119472,0.003214244667252625,0.9451772017214687,0.6478669043990322,0.9974921212398727,0.6883671801968538
0,3,66,raw_reuse,0.632631883111888,0.6222788691520691,0.9680727779865265,0.6160784974634519,0.990680485995482,0.9325636599537335,0.9998941507608395,0.4993683273854447
0,3,66,shift_reuse,0.03995375236677909,0.037154797464609146,0.06704492345452309,0.1647451124278539,0.990680485995482,0.9325636599537335,0.9998941507608395,0.4993683273854447
0,3,66,shift_toeplitz_r2,0.020328447617308912,0.020344721153378487,0.029682790115475654,0.0740517703690642,0.990680485995482,0.9325636599537335,0.9998941507608395,0.4993683273854447
0,3,66,shift_circular_r2,0.020328447617308912,0.020344721153378487,0.029682790115475654,0.0740517703690642,0.990680485995482,0.9325636599537335,0.9998941507608395,0.4993683273854447
0,3,66,shift_rank8_feature,0.009033706914654077,0.008592616766691208,0.014640244375914333,0.02567651817068913,0.990680485995482,0.9325636599537335,0.9998941507608395,0.4993683273854447
0,3,66,shift_rank8_prev_flow,0.006791301376753782,0.006369928363710642,0.01228184956125915,0.015924140955278044,0.990680485995482,0.9325636599537335,0.9998941507608395,0.4993683273854447
0,3,66,shift_rank8_oracle,0.006765851816447022,0.006345855537801981,0.012303720926865934,0.01590410270658959,0.990680485995482,0.9325636599537335,0.9998941507608395,0.4993683273854447
0,3,66,flow_reuse,0.009097862052314852,0.009180149994790554,0.013477428909391164,0.010361486410355274,0.990680485995482,0.9325636599537335,0.9998941507608395,0.4993683273854447
0,3,66,flow_toeplitz_r2,0.006043840328093913,0.005968896206468344,0.008288176637142897,0.008816404272676779,0.990680485995482,0.9325636599537335,0.9998941507608395,0.4993683273854447
0,3,66,flow_rank8_oracle,0.004930643813234633,0.004957695957273245,0.005854123923927545,0.007331303904555853,0.990680485995482,0.9325636599537335,0.9998941507608395,0.4993683273854447
1,3,66,raw_reuse,0.04834518039589206,0.04804562032222748,0.07823611348867417,0.4574470229905036,0.9610341207415122,0.961810597064389,0.9998574682396089,0.3566794300860052
1,3,66,shift_reuse,0.004257210454369047,0.004067129921168089,0.009097338607534766,0.257249120448559,0.9610341207415122,0.961810597064389,0.9998574682396089,0.3566794300860052
1,3,66,shift_toeplitz_r2,0.006299770385019469,0.006469512823969126,0.01034277472645044,0.12965956258904796,0.9610341207415122,0.961810597064389,0.9998574682396089,0.3566794300860052
1,3,66,shift_circular_r2,0.006299770385019469,0.006469512823969126,0.01034277472645044,0.12965956258904796,0.9610341207415122,0.961810597064389,0.9998574682396089,0.3566794300860052
1,3,66,shift_rank8_feature,0.0026198307291437372,0.0026198041159659624,0.004669297370128333,0.05987140311505723,0.9610341207415122,0.961810597064389,0.9998574682396089,0.3566794300860052
1,3,66,shift_rank8_prev_flow,0.0022739964251891993,0.002265035407617688,0.004145516036078334,0.050817354884878846,0.9610341207415122,0.961810597064389,0.9998574682396089,0.3566794300860052
1,3,66,shift_rank8_oracle,0.0022689497889419115,0.0022618419025093317,0.004168871347792446,0.05078040248784338,0.9610341207415122,0.961810597064389,0.9998574682396089,0.3566794300860052
1,3,66,flow_reuse,0.0005786967982587572,0.0005710154655389488,0.0009108211961574852,0.009837198593753437,0.9610341207415122,0.961810597064389,0.9998574682396089,0.3566794300860052
1,3,66,flow_toeplitz_r2,0.00042981094688722833,0.00043239188380539417,0.0006132022914243862,0.0085096968800593,0.9610341207415122,0.961810597064389,0.9998574682396089,0.3566794300860052
1,3,66,flow_rank8_oracle,0.0005032375678411065,0.0005132573423907161,0.0007140908914152533,0.007890148153390468,0.9610341207415122,0.961810597064389,0.9998574682396089,0.3566794300860052
2,3,66,raw_reuse,0.020220441787293607,0.018202098086476326,0.04187470283359289,0.4081627572172342,0.8909282006272784,0.8204362136394822,0.9998282391468182,0.6333692556482817
2,3,66,shift_reuse,0.004050160132393341,0.003827576292678714,0.007561366818845271,0.2481684684308527,0.8909282006272784,0.8204362136394822,0.9998282391468182,0.6333692556482817
2,3,66,shift_toeplitz_r2,0.00623764925631751,0.006265821401029825,0.009036213532090184,0.14972918126041435,0.8909282006272784,0.8204362136394822,0.9998282391468182,0.6333692556482817
2,3,66,shift_circular_r2,0.00623764925631751,0.006265821401029825,0.009036213532090184,0.14972918126041435,0.8909282006272784,0.8204362136394822,0.9998282391468182,0.6333692556482817
2,3,66,shift_rank8_feature,0.004035349019303211,0.003950802609324455,0.006685396330431102,0.10301473343632005,0.8909282006272784,0.8204362136394822,0.9998282391468182,0.6333692556482817
2,3,66,shift_rank8_prev_flow,0.0026030436432973912,0.002543548820540309,0.004392541432753205,0.08198289290495052,0.8909282006272784,0.8204362136394822,0.9998282391468182,0.6333692556482817
2,3,66,shift_rank8_oracle,0.0025867498651731395,0.0025310050696134567,0.004333190526813268,0.08196016789318532,0.8909282006272784,0.8204362136394822,0.9998282391468182,0.6333692556482817
2,3,66,flow_reuse,0.0003786153332524549,0.0003725546703208238,0.0006586762523511424,0.02064301377598318,0.8909282006272784,0.8204362136394822,0.9998282391468182,0.6333692556482817
2,3,66,flow_toeplitz_r2,0.0004867826478590469,0.0004958494682796299,0.000686595810111612,0.014193907364424302,0.8909282006272784,0.8204362136394822,0.9998282391468182,0.6333692556482817
2,3,66,flow_rank8_oracle,0.0005564909247281798,0.0005684468778781593,0.0007292698370292783,0.012499353268200673,0.8909282006272784,0.8204362136394822,0.9998282391468182,0.6333692556482817
3,3,66,raw_reuse,0.009657873935204467,0.008342321962118149,0.019348812568932765,0.33425834070244265,0.8215144014289579,0.30201022538501865,0.9994365859793957,0.5643053027971224
3,3,66,shift_reuse,0.006106026347668069,0.005870660301297903,0.010562240099534392,0.2949862699254601,0.8215144014289579,0.30201022538501865,0.9994365859793957,0.5643053027971224
3,3,66,shift_toeplitz_r2,0.005702229643056889,0.005553120281547308,0.00994804063811898,0.17031487205705897,0.8215144014289579,0.30201022538501865,0.9994365859793957,0.5643053027971224
3,3,66,shift_circular_r2,0.005702229643056889,0.005553120281547308,0.00994804063811898,0.17031487205705897,0.8215144014289579,0.30201022538501865,0.9994365859793957,0.5643053027971224
3,3,66,shift_rank8_feature,0.005223614676757749,0.00499329948797822,0.009315317077562212,0.16090430079106988,0.8215144014289579,0.30201022538501865,0.9994365859793957,0.5643053027971224
3,3,66,shift_rank8_prev_flow,0.003482418695575644,0.003335826098918915,0.006191981513984499,0.12465803896911402,0.8215144014289579,0.30201022538501865,0.9994365859793957,0.5643053027971224
3,3,66,shift_rank8_oracle,0.0034826293624213,0.003332915948703885,0.006119847623631356,0.12462448950007486,0.8215144014289579,0.30201022538501865,0.9994365859793957,0.5643053027971224
3,3,66,flow_reuse,0.00047503225898907114,0.0004737724957522005,0.0007819636230124161,0.025366173579180435,0.8215144014289579,0.30201022538501865,0.9994365859793957,0.5643053027971224
3,3,66,flow_toeplitz_r2,0.0004783744530796074,0.0004791886021848768,0.0007590453955344856,0.020545052467716148,0.8215144014289579,0.30201022538501865,0.9994365859793957,0.5643053027971224
3,3,66,flow_rank8_oracle,0.00046799831121960647,0.00046290052705444396,0.0006951082730665803,0.016743494240402407,0.8215144014289579,0.30201022538501865,0.9994365859793957,0.5643053027971224
4,3,66,raw_reuse,0.00797825230857936,0.007192767690867186,0.013093286287039518,0.33138587898313565,0.752968107528641,0.3366334873377087,0.9992335149657907,0.651726827055895
4,3,66,shift_reuse,0.00600047129052316,0.005645792931318283,0.010366056067869066,0.31011480798301605,0.752968107528641,0.3366334873377087,0.9992335149657907,0.651726827055895
4,3,66,shift_toeplitz_r2,0.0064983862645433986,0.0062943510711193085,0.01062195524573326,0.21461537609088183,0.752968107528641,0.3366334873377087,0.9992335149657907,0.651726827055895
4,3,66,shift_circular_r2,0.0064983862645433986,0.0062943510711193085,0.01062195524573326,0.21461537609088183,0.752968107528641,0.3366334873377087,0.9992335149657907,0.651726827055895
4,3,66,shift_rank8_feature,0.005661139097660625,0.005190100055187941,0.009975963179022072,0.19884497771569867,0.752968107528641,0.3366334873377087,0.9992335149657907,0.651726827055895
4,3,66,shift_rank8_prev_flow,0.0038944348345022,0.0037533442955464125,0.005641165724955499,0.15419334550019131,0.752968107528641,0.3366334873377087,0.9992335149657907,0.651726827055895
4,3,66,shift_rank8_oracle,0.003907903346307,0.0037700918037444353,0.005691730137914419,0.1541342015493287,0.752968107528641,0.3366334873377087,0.9992335149657907,0.651726827055895
4,3,66,flow_reuse,0.000998117122796458,0.0008267297525890172,0.0012376058613881467,0.03428991079978568,0.752968107528641,0.3366334873377087,0.9992335149657907,0.651726827055895
4,3,66,flow_toeplitz_r2,0.0008305358741235273,0.0006827167235314846,0.0013928624393884093,0.028725048993735073,0.752968107528641,0.3366334873377087,0.9992335149657907,0.651726827055895
4,3,66,flow_rank8_oracle,0.0005925443732923465,0.0005672393017448485,0.0008804896002402527,0.020236079021424554,0.752968107528641,0.3366334873377087,0.9992335149657907,0.651726827055895
5,3,66,raw_reuse,0.009064194657115622,0.008329511620104313,0.016458468604832886,0.23783148145351804,0.8678910380913207,0.42494135520289644,0.9990420801732461,0.7004621799518492
5,3,66,shift_reuse,0.010154938016238565,0.009316250681877136,0.017493733577430247,0.31843491805339663,0.8678910380913207,0.42494135520289644,0.9990420801732461,0.7004621799518492
5,3,66,shift_toeplitz_r2,0.0091653540431361,0.00851669255644083,0.013785076467320322,0.22027579056615992,0.8678910380913207,0.42494135520289644,0.9990420801732461,0.7004621799518492
5,3,66,shift_circular_r2,0.0091653540431361,0.00851669255644083,0.013785076467320322,0.22027579056615992,0.8678910380913207,0.42494135520289644,0.9990420801732461,0.7004621799518492
5,3,66,shift_rank8_feature,0.007118528223105641,0.006659145932644606,0.011840549623593688,0.18501436096203824,0.8678910380913207,0.42494135520289644,0.9990420801732461,0.7004621799518492
5,3,66,shift_rank8_prev_flow,0.003790309204457532,0.0036829859018325806,0.00627481818664819,0.11589072147473095,0.8678910380913207,0.42494135520289644,0.9990420801732461,0.7004621799518492
5,3,66,shift_rank8_oracle,0.0038121285317450093,0.0037100259214639664,0.006279080687090754,0.11574089179324437,0.8678910380913207,0.42494135520289644,0.9990420801732461,0.7004621799518492
5,3,66,flow_reuse,0.0010521986380155046,0.0009743244736455381,0.0020508790970779943,0.02789601368633472,0.8678910380913207,0.42494135520289644,0.9990420801732461,0.7004621799518492
5,3,66,flow_toeplitz_r2,0.0008799160570763025,0.0007687016041018069,0.001700383820571005,0.020848320727671548,0.8678910380913207,0.42494135520289644,0.9990420801732461,0.7004621799518492
5,3,66,flow_rank8_oracle,0.0005249118617443324,0.0005033653578720987,0.0008110414870316163,0.015267500613280117,0.8678910380913207,0.42494135520289644,0.9990420801732461,0.7004621799518492
6,3,66,raw_reuse,0.010690032718160224,0.010401397943496704,0.017390894051641223,0.11378642671280913,0.9319562746525668,0.24715490049520605,0.9987718553049552,0.8352157776540843
6,3,66,shift_reuse,0.017228723982963916,0.016504960134625435,0.030232018232345576,0.2176874985665056,0.9319562746525668,0.24715490049520605,0.9987718553049552,0.8352157776540843
6,3,66,shift_toeplitz_r2,0.011804052707327253,0.010817360132932663,0.022269967198371887,0.11453526148309785,0.9319562746525668,0.24715490049520605,0.9987718553049552,0.8352157776540843
6,3,66,shift_circular_r2,0.011804052707327253,0.010817360132932663,0.022269967198371887,0.11453526148309785,0.9319562746525668,0.24715490049520605,0.9987718553049552,0.8352157776540843
6,3,66,shift_rank8_feature,0.011191533141358371,0.010659895837306976,0.02033077552914619,0.10381572527242708,0.9319562746525668,0.24715490049520605,0.9987718553049552,0.8352157776540843
6,3,66,shift_rank8_prev_flow,0.004582937042034814,0.004434987436980009,0.007999922102317213,0.05689259700074598,0.9319562746525668,0.24715490049520605,0.9987718553049552,0.8352157776540843
6,3,66,shift_rank8_oracle,0.004587659909388073,0.004427221138030291,0.008057007426396012,0.05678420245333445,0.9319562746525668,0.24715490049520605,0.9987718553049552,0.8352157776540843
6,3,66,flow_reuse,0.0016659623265164868,0.0014625866897404194,0.0030739095294848077,0.01508595261764003,0.9319562746525668,0.24715490049520605,0.9987718553049552,0.8352157776540843
6,3,66,flow_toeplitz_r2,0.0013416026742131232,0.0010699862614274025,0.0027616103761829436,0.00962253987242108,0.9319562746525668,0.24715490049520605,0.9987718553049552,0.8352157776540843
6,3,66,flow_rank8_oracle,0.0006033416203546724,0.0005621280870400369,0.0010440944402944296,0.006123934722631346,0.9319562746525668,0.24715490049520605,0.9987718553049552,0.8352157776540843
7,3,66,raw_reuse,0.027657317774731384,0.027074327692389488,0.040571388043463226,0.10504220268686633,0.9353055821483661,0.5741799596378447,0.99919987585519,0.6893367232659271
7,3,66,shift_reuse,0.014633090922969296,0.013505189679563046,0.030863255821168424,0.08236989657804947,0.9353055821483661,0.5741799596378447,0.99919987585519,0.6893367232659271
7,3,66,shift_toeplitz_r2,0.01338031231410095,0.012433762662112713,0.02541825082153082,0.05209449059598683,0.9353055821483661,0.5741799596378447,0.99919987585519,0.6893367232659271
7,3,66,shift_circular_r2,0.01338031231410095,0.012433762662112713,0.02541825082153082,0.05209449059598683,0.9353055821483661,0.5741799596378447,0.99919987585519,0.6893367232659271
7,3,66,shift_rank8_feature,0.009841264679594527,0.009265725500881672,0.016803935915231705,0.037473116768886525,0.9353055821483661,0.5741799596378447,0.99919987585519,0.6893367232659271
7,3,66,shift_rank8_prev_flow,0.0041019352797815305,0.0038628738839179277,0.007231363141909241,0.02099410484401079,0.9353055821483661,0.5741799596378447,0.99919987585519,0.6893367232659271
7,3,66,shift_rank8_oracle,0.004056407478265272,0.0038420946802943945,0.007111022574827074,0.020950863402971184,0.9353055821483661,0.5741799596378447,0.99919987585519,0.6893367232659271
7,3,66,flow_reuse,0.0015319472524217169,0.0014653714606538415,0.0023055545869283376,0.005513239520756079,0.9353055821483661,0.5741799596378447,0.99919987585519,0.6893367232659271
7,3,66,flow_toeplitz_r2,0.0014893987188018853,0.0014181603910401464,0.0020374122075736524,0.004678242511718532,0.9353055821483661,0.5741799596378447,0.99919987585519,0.6893367232659271
7,3,66,flow_rank8_oracle,0.0008947845780243185,0.0008876372594386339,0.0012102252978365869,0.0030729241967681216,0.9353055821483661,0.5741799596378447,0.99919987585519,0.6893367232659271
0,4,55,raw_reuse,0.6317105132944875,0.6231502890586853,0.9684232652187347,0.6079680353672642,0.9906839928722855,0.9252967258438062,0.9999048505002253,0.42510892625396723
0,4,55,shift_reuse,0.060572524080983355,0.05584987998008728,0.10340844839811325,0.18080888306023468,0.9906839928722855,0.9252967258438062,0.9999048505002253,0.42510892625396723
0,4,55,shift_toeplitz_r2,0.02409425422580085,0.023880690336227417,0.03412461895495653,0.08165210119457617,0.9906839928722855,0.9252967258438062,0.9999048505002253,0.42510892625396723
0,4,55,shift_circular_r2,0.02409425422580085,0.023880690336227417,0.03412461895495653,0.08165210119457617,0.9906839928722855,0.9252967258438062,0.9999048505002253,0.42510892625396723
0,4,55,shift_rank8_feature,0.010048261974048234,0.00942039955407381,0.014458324760198593,0.029031775020509767,0.9906839928722855,0.9252967258438062,0.9999048505002253,0.42510892625396723
0,4,55,shift_rank8_prev_flow,0.006302778497783966,0.005971127655357122,0.00994307119399309,0.017471208374281306,0.9906839928722855,0.9252967258438062,0.9999048505002253,0.42510892625396723
0,4,55,shift_rank8_oracle,0.006184723069403455,0.00584355229511857,0.00979611105285585,0.017451576663807183,0.9906839928722855,0.9252967258438062,0.9999048505002253,0.42510892625396723
0,4,55,flow_reuse,0.010163864085842604,0.010230177082121372,0.014053712226450443,0.011678994133114311,0.9906839928722855,0.9252967258438062,0.9999048505002253,0.42510892625396723
0,4,55,flow_toeplitz_r2,0.00731752480690991,0.007205594331026077,0.009669448155909775,0.010306808306849383,0.9906839928722855,0.9252967258438062,0.9999048505002253,0.42510892625396723
0,4,55,flow_rank8_oracle,0.006308981949518045,0.006276808679103851,0.007506842771545052,0.008855196912328094,0.9906839928722855,0.9252967258438062,0.9999048505002253,0.42510892625396723
1,4,55,raw_reuse,0.04948348175247366,0.04919193312525749,0.07826473489403725,0.4652443238492761,0.9523699568439803,0.9369665197779687,0.9998643695068226,0.42586565350782657
1,4,55,shift_reuse,0.005679031239188724,0.005390636622905731,0.011842091986909508,0.2879364170200554,0.9523699568439803,0.9369665197779687,0.9998643695068226,0.42586565350782657
1,4,55,shift_toeplitz_r2,0.0072853969065999604,0.007497786078602076,0.011880950164049863,0.1493873194263764,0.9523699568439803,0.9369665197779687,0.9998643695068226,0.42586565350782657
1,4,55,shift_circular_r2,0.0072853969065999604,0.007497786078602076,0.011880950164049863,0.1493873194263764,0.9523699568439803,0.9369665197779687,0.9998643695068226,0.42586565350782657
1,4,55,shift_rank8_feature,0.003979996696579288,0.0037791256327182055,0.0077699802583083505,0.07735346290772527,0.9523699568439803,0.9369665197779687,0.9998643695068226,0.42586565350782657
1,4,55,shift_rank8_prev_flow,0.0028917868540499995,0.002858271822333336,0.004617307242006064,0.06287495974014998,0.9523699568439803,0.9369665197779687,0.9998643695068226,0.42586565350782657
1,4,55,shift_rank8_oracle,0.002889808151046411,0.0028548433911055326,0.0046067476272583004,0.0628401312783961,0.9523699568439803,0.9369665197779687,0.9998643695068226,0.42586565350782657
1,4,55,flow_reuse,0.0005822577200104053,0.0005649389931932092,0.0008445128129096701,0.014091108490195226,0.9523699568439803,0.9369665197779687,0.9998643695068226,0.42586565350782657
1,4,55,flow_toeplitz_r2,0.0006339316177337024,0.0006462741293944418,0.0009152622340479865,0.010803132126193545,0.9523699568439803,0.9369665197779687,0.9998643695068226,0.42586565350782657
1,4,55,flow_rank8_oracle,0.0006483415854098665,0.0006563087808899581,0.0009621799719752742,0.01067706589094427,0.9523699568439803,0.9369665197779687,0.9998643695068226,0.42586565350782657
2,4,55,raw_reuse,0.018732826600470893,0.016908926889300346,0.04009084515273571,0.4343183988311868,0.8508497085897928,0.7403529634654138,0.9998887809171029,0.6666098796986265
2,4,55,shift_reuse,0.005520488750115314,0.005182925146073103,0.010172477411106228,0.29047575607504544,0.8508497085897928,0.7403529634654138,0.9998887809171029,0.6666098796986265
2,4,55,shift_toeplitz_r2,0.006625530407962847,0.006523715797811747,0.01013439004309475,0.18961105177215848,0.8508497085897928,0.7403529634654138,0.9998887809171029,0.6666098796986265
2,4,55,shift_circular_r2,0.006625530407962847,0.006523715797811747,0.01013439004309475,0.18961105177215848,0.8508497085897928,0.7403529634654138,0.9998887809171029,0.6666098796986265
2,4,55,shift_rank8_feature,0.0049653958365688065,0.0047136773355305195,0.008641270967200397,0.14382657316409472,0.8508497085897928,0.7403529634654138,0.9998887809171029,0.6666098796986265
2,4,55,shift_rank8_prev_flow,0.0032703242027327223,0.003218532307073474,0.005921259778551757,0.11219714234874852,0.8508497085897928,0.7403529634654138,0.9998887809171029,0.6666098796986265
2,4,55,shift_rank8_oracle,0.0032579773711286374,0.003204579697921872,0.005912209372036159,0.11218168111614225,0.8508497085897928,0.7403529634654138,0.9998887809171029,0.6666098796986265
2,4,55,flow_reuse,0.000491908776639096,0.0004752877866849303,0.0007978955283761024,0.023674120291475805,0.8508497085897928,0.7403529634654138,0.9998887809171029,0.6666098796986265
2,4,55,flow_toeplitz_r2,0.00037965515538240384,0.0003776046505663544,0.0005307566258125007,0.014949035689450968,0.8508497085897928,0.7403529634654138,0.9998887809171029,0.6666098796986265
2,4,55,flow_rank8_oracle,0.0004997021265542446,0.0005017161020077765,0.000728330883430317,0.01366942394207173,0.8508497085897928,0.7403529634654138,0.9998887809171029,0.6666098796986265
3,4,55,raw_reuse,0.01028575861075754,0.00933006126433611,0.01862647486850619,0.3439122395186316,0.7432945237460438,0.3212480999896775,0.9996172905586018,0.605691808014321
3,4,55,shift_reuse,0.008119955137341163,0.007750239688903093,0.015451235137879845,0.3182828220115374,0.7432945237460438,0.3212480999896775,0.9996172905586018,0.605691808014321
3,4,55,shift_toeplitz_r2,0.00732981019095838,0.006989326793700457,0.012193443067371846,0.2150960083277135,0.7432945237460438,0.3212480999896775,0.9996172905586018,0.605691808014321
3,4,55,shift_circular_r2,0.00732981019095838,0.006989326793700457,0.012193443067371846,0.2150960083277135,0.7432945237460438,0.3212480999896775,0.9996172905586018,0.605691808014321
3,4,55,shift_rank8_feature,0.006937960963053715,0.0064934492111206055,0.011567828105762599,0.20218057725159164,0.7432945237460438,0.3212480999896775,0.9996172905586018,0.605691808014321
3,4,55,shift_rank8_prev_flow,0.005821687700880134,0.005497994367033243,0.01163465846329927,0.16128753271708657,0.7432945237460438,0.3212480999896775,0.9996172905586018,0.605691808014321
3,4,55,shift_rank8_oracle,0.005840963432225638,0.005513785872608423,0.011788618797436352,0.1612615265962942,0.7432945237460438,0.3212480999896775,0.9996172905586018,0.605691808014321
3,4,55,flow_reuse,0.0006335096243526938,0.0006145710358396173,0.0008905367169063539,0.023390597594957905,0.7432945237460438,0.3212480999896775,0.9996172905586018,0.605691808014321
3,4,55,flow_toeplitz_r2,0.00047093418087816943,0.0004596809158101678,0.000699775930843316,0.017342594099241913,0.7432945237460438,0.3212480999896775,0.9996172905586018,0.605691808014321
3,4,55,flow_rank8_oracle,0.0004617056980806092,0.0004422822967171669,0.000732298012007959,0.014687885048628778,0.7432945237460438,0.3212480999896775,0.9996172905586018,0.605691808014321
4,4,55,raw_reuse,0.009582963657501433,0.009012669324874878,0.014702151715755462,0.32470183287900944,0.6857719166605064,0.1854159904145246,0.9997265185385439,0.5981189239604763
4,4,55,shift_reuse,0.008994535445033517,0.00839842390269041,0.01674535647034645,0.3169415772271739,0.6857719166605064,0.1854159904145246,0.9997265185385439,0.5981189239604763
4,4,55,shift_toeplitz_r2,0.00957553675742122,0.009021252393722534,0.017715163994580507,0.24749991155955717,0.6857719166605064,0.1854159904145246,0.9997265185385439,0.5981189239604763
4,4,55,shift_circular_r2,0.00957553675742122,0.009021252393722534,0.017715163994580507,0.24749991155955717,0.6857719166605064,0.1854159904145246,0.9997265185385439,0.5981189239604763
4,4,55,shift_rank8_feature,0.009041717079341568,0.008310033939778805,0.015238013584166762,0.23761504627400268,0.6857719166605064,0.1854159904145246,0.9997265185385439,0.5981189239604763
4,4,55,shift_rank8_prev_flow,0.006476013831107199,0.006188216153532267,0.010126281436532736,0.17768846658032145,0.6857719166605064,0.1854159904145246,0.9997265185385439,0.5981189239604763
4,4,55,shift_rank8_oracle,0.006478743203129762,0.006187336053699255,0.010173727246001362,0.1776649315962309,0.6857719166605064,0.1854159904145246,0.9997265185385439,0.5981189239604763
4,4,55,flow_reuse,0.0008812709835148006,0.0008433244074694812,0.0013596304808743296,0.022929097973829343,0.6857719166605064,0.1854159904145246,0.9997265185385439,0.5981189239604763
4,4,55,flow_toeplitz_r2,0.0006543840812333402,0.0006247221608646214,0.0011409118014853448,0.019522058949975996,0.6857719166605064,0.1854159904145246,0.9997265185385439,0.5981189239604763
4,4,55,flow_rank8_oracle,0.0005439073375666899,0.0005206530331633985,0.0007675154542084783,0.01453569167549424,0.6857719166605064,0.1854159904145246,0.9997265185385439,0.5981189239604763
5,4,55,raw_reuse,0.011301755423496646,0.010588939301669598,0.020729790627956386,0.2666508206312257,0.8370918943475604,0.26581022792502373,0.9995841721638196,0.744291703643513
5,4,55,shift_reuse,0.013951440971958882,0.012888153083622456,0.02417628606781363,0.3576720608002406,0.8370918943475604,0.26581022792502373,0.9995841721638196,0.744291703643513
5,4,55,shift_toeplitz_r2,0.012460598543360181,0.01167264487594366,0.019983518403023478,0.2662458289433942,0.8370918943475604,0.26581022792502373,0.9995841721638196,0.744291703643513
5,4,55,shift_circular_r2,0.012460598543360181,0.01167264487594366,0.019983518403023478,0.2662458289433942,0.8370918943475604,0.26581022792502373,0.9995841721638196,0.744291703643513
5,4,55,shift_rank8_feature,0.010978983336508458,0.009900206699967384,0.01928443294018507,0.2426624520671675,0.8370918943475604,0.26581022792502373,0.9995841721638196,0.744291703643513
5,4,55,shift_rank8_prev_flow,0.005479416103388678,0.005229747388511896,0.009612555289641021,0.14443776350320925,0.8370918943475604,0.26581022792502373,0.9995841721638196,0.744291703643513
5,4,55,shift_rank8_oracle,0.005501092416477818,0.005251429975032806,0.009529583621770142,0.14436315465424587,0.8370918943475604,0.26581022792502373,0.9995841721638196,0.744291703643513
5,4,55,flow_reuse,0.00126125189119064,0.0011739643523469567,0.0019788101548328992,0.023555371821569582,0.8370918943475604,0.26581022792502373,0.9995841721638196,0.744291703643513
5,4,55,flow_toeplitz_r2,0.0008738790489279872,0.0007960295188240707,0.0014974674500990658,0.01750403659734173,0.8370918943475604,0.26581022792502373,0.9995841721638196,0.744291703643513
5,4,55,flow_rank8_oracle,0.0004940773250757057,0.00047101802192628384,0.000818209204589948,0.011911388050092907,0.8370918943475604,0.26581022792502373,0.9995841721638196,0.744291703643513
6,4,55,raw_reuse,0.013087074715414138,0.012612707912921906,0.022181431390345095,0.13449441102808435,0.9237998086103938,0.25277157297581787,0.9995481351569743,0.8909450669032596
6,4,55,shift_reuse,0.022594776122818933,0.021397670730948448,0.04192119184881449,0.27006531498740804,0.9237998086103938,0.25277157297581787,0.9995481351569743,0.8909450669032596
6,4,55,shift_toeplitz_r2,0.016309690852541445,0.014891136437654495,0.030218113865703344,0.15651012175649318,0.9237998086103938,0.25277157297581787,0.9995481351569743,0.8909450669032596
6,4,55,shift_circular_r2,0.016309690852541445,0.014891136437654495,0.030218113865703344,0.15651012175649318,0.9237998086103938,0.25277157297581787,0.9995481351569743,0.8909450669032596
6,4,55,shift_rank8_feature,0.01628733127931897,0.01521291583776474,0.03481034953147172,0.1409668456862063,0.9237998086103938,0.25277157297581787,0.9995481351569743,0.8909450669032596
6,4,55,shift_rank8_prev_flow,0.006384622514789184,0.006124838721007109,0.012192392768338322,0.074607898761854,0.9237998086103938,0.25277157297581787,0.9995481351569743,0.8909450669032596
6,4,55,shift_rank8_oracle,0.0063977319380722885,0.0061223991215229034,0.012001764960587023,0.07454986160435263,0.9237998086103938,0.25277157297581787,0.9995481351569743,0.8909450669032596
6,4,55,flow_reuse,0.0017516775577047401,0.0016489742556586862,0.0030889577581547194,0.017677251905232155,0.9237998086103938,0.25277157297581787,0.9995481351569743,0.8909450669032596
6,4,55,flow_toeplitz_r2,0.0010440448704944936,0.000875055615324527,0.0022979384753853073,0.008344277233486193,0.9237998086103938,0.25277157297581787,0.9995481351569743,0.8909450669032596
6,4,55,flow_rank8_oracle,0.0005085926477959195,0.00048647308722138405,0.0008360487117897719,0.005837641999413726,0.9237998086103938,0.25277157297581787,0.9995481351569743,0.8909450669032596
7,4,55,raw_reuse,0.025535375493501957,0.024531809613108635,0.03924177233129739,0.09967092120168464,0.9194137910839499,0.49988695629487323,0.99950331545363,0.7080127305852355
7,4,55,shift_reuse,0.019868905693798126,0.01828339509665966,0.04148365780711174,0.09713041611765447,0.9194137910839499,0.49988695629487323,0.99950331545363,0.7080127305852355
7,4,55,shift_toeplitz_r2,0.01809485056423988,0.016940271481871605,0.03287877310067414,0.06604717396335492,0.9194137910839499,0.49988695629487323,0.99950331545363,0.7080127305852355
7,4,55,shift_circular_r2,0.01809485056423988,0.016940271481871605,0.03287877310067414,0.06604717396335492,0.9194137910839499,0.49988695629487323,0.99950331545363,0.7080127305852355
7,4,55,shift_rank8_feature,0.015316060950046385,0.014768395572900772,0.025189212057739496,0.05040910457004509,0.9194137910839499,0.49988695629487323,0.99950331545363,0.7080127305852355
7,4,55,shift_rank8_prev_flow,0.005358695043360459,0.004884588066488504,0.010000171931460498,0.02760515398862842,0.9194137910839499,0.49988695629487323,0.99950331545363,0.7080127305852355
7,4,55,shift_rank8_oracle,0.005334991419499855,0.004874890204519033,0.009650318929925558,0.02757310102234267,0.9194137910839499,0.49988695629487323,0.99950331545363,0.7080127305852355
7,4,55,flow_reuse,0.0018697214073480927,0.0017949513858184218,0.002827894384972751,0.005533661582258982,0.9194137910839499,0.49988695629487323,0.99950331545363,0.7080127305852355
7,4,55,flow_toeplitz_r2,0.0013399505041223083,0.0012377541279420257,0.0023115977644920347,0.004814580306405839,0.9194137910839499,0.49988695629487323,0.99950331545363,0.7080127305852355
7,4,55,flow_rank8_oracle,0.0010264505781381915,0.000995740294456482,0.0015306738670915363,0.0029901610684677734,0.9194137910839499,0.49988695629487323,0.99950331545363,0.7080127305852355
0,5,44,raw_reuse,0.6323803714038967,0.6256049275398254,0.971249383687973,0.5965396347269295,0.9887584746683484,0.8930905438188468,0.99990058951392,0.3781360009401983
0,5,44,shift_reuse,0.09218443549787059,0.0832684189081192,0.1559545911848545,0.20499696777312001,0.9887584746683484,0.8930905438188468,0.99990058951392,0.3781360009401983
0,5,44,shift_toeplitz_r2,0.03206954402080049,0.031103044748306274,0.04997520186007023,0.09448320240124913,0.9887584746683484,0.8930905438188468,0.99990058951392,0.3781360009401983
0,5,44,shift_circular_r2,0.03206954402080049,0.031103044748306274,0.04997520186007023,0.09448320240124913,0.9887584746683484,0.8930905438188468,0.99990058951392,0.3781360009401983
0,5,44,shift_rank8_feature,0.014505530112555443,0.014033201150596142,0.022429395187646146,0.03837295455958423,0.9887584746683484,0.8930905438188468,0.99990058951392,0.3781360009401983
0,5,44,shift_rank8_prev_flow,0.00867104339889094,0.008192154578864574,0.013208306254819033,0.021756402892566588,0.9887584746683484,0.8930905438188468,0.99990058951392,0.3781360009401983
0,5,44,shift_rank8_oracle,0.008469697642920554,0.008003242313861847,0.012906441465020178,0.021735020739703705,0.9887584746683484,0.8930905438188468,0.99990058951392,0.3781360009401983
0,5,44,flow_reuse,0.011531975159657546,0.011476936750113964,0.013240431621670722,0.014411792005478855,0.9887584746683484,0.8930905438188468,0.99990058951392,0.3781360009401983
0,5,44,flow_toeplitz_r2,0.008526905210794994,0.008246437646448612,0.009906700626015664,0.012907070857632206,0.9887584746683484,0.8930905438188468,0.99990058951392,0.3781360009401983
0,5,44,flow_rank8_oracle,0.008368951415947904,0.008218218572437763,0.009581464203074574,0.011364900858923234,0.9887584746683484,0.8930905438188468,0.99990058951392,0.3781360009401983
1,5,44,raw_reuse,0.051008378853527665,0.05065682902932167,0.07633532583713531,0.4719312681171885,0.9397027078052913,0.9261809234326389,0.9998605256874928,0.42195823863838355
1,5,44,shift_reuse,0.007969105659026773,0.007647780701518059,0.015834887512028217,0.33660010806118223,0.9397027078052913,0.9261809234326389,0.9998605256874928,0.42195823863838355
1,5,44,shift_toeplitz_r2,0.008358204396583356,0.008623589761555195,0.013774609426036477,0.18006601693150695,0.9397027078052913,0.9261809234326389,0.9998605256874928,0.42195823863838355
1,5,44,shift_circular_r2,0.008358204396583356,0.008623589761555195,0.013774609426036477,0.18006601693150695,0.9397027078052913,0.9261809234326389,0.9998605256874928,0.42195823863838355
1,5,44,shift_rank8_feature,0.005036922320458457,0.0047754570841789246,0.009279514383524656,0.10035981479408793,0.9397027078052913,0.9261809234326389,0.9998605256874928,0.42195823863838355
1,5,44,shift_rank8_prev_flow,0.0037665861001387278,0.003638375550508499,0.0060867280932143325,0.0826908835050064,0.9397027078052913,0.9261809234326389,0.9998605256874928,0.42195823863838355
1,5,44,shift_rank8_oracle,0.0037662662428453292,0.0036375720519572496,0.0060199784813448785,0.08265386295441349,0.9397027078052913,0.9261809234326389,0.9998605256874928,0.42195823863838355
1,5,44,flow_reuse,0.0007058946972262022,0.000665975792799145,0.0010407818073872477,0.01728931466003808,0.9397027078052913,0.9261809234326389,0.9998605256874928,0.42195823863838355
1,5,44,flow_toeplitz_r2,0.0007910317490107779,0.000804792158305645,0.0011565826716832817,0.013793156082911736,0.9397027078052913,0.9261809234326389,0.9998605256874928,0.42195823863838355
1,5,44,flow_rank8_oracle,0.0009314268175759957,0.0009461523150093853,0.001315787644125521,0.013144903884112881,0.9397027078052913,0.9261809234326389,0.9998605256874928,0.42195823863838355
2,5,44,raw_reuse,0.018165021584433824,0.016519227996468544,0.03791507612913847,0.45628394876297995,0.8116674758047453,0.7061250704465689,0.9998820186071479,0.6525884997692037
2,5,44,shift_reuse,0.007549444998108363,0.0069660902954638,0.014565710397437214,0.3438150102963392,0.8116674758047453,0.7061250704465689,0.9998820186071479,0.6525884997692037
2,5,44,shift_toeplitz_r2,0.00787584381417919,0.007604964543133974,0.013485277257859701,0.23736924504296925,0.8116674758047453,0.7061250704465689,0.9998820186071479,0.6525884997692037
2,5,44,shift_circular_r2,0.00787584381417919,0.007604964543133974,0.013485277257859701,0.23736924504296925,0.8116674758047453,0.7061250704465689,0.9998820186071479,0.6525884997692037
2,5,44,shift_rank8_feature,0.006260392715900897,0.0059433672577142715,0.010773501312360167,0.18846203461045127,0.8116674758047453,0.7061250704465689,0.9998820186071479,0.6525884997692037
2,5,44,shift_rank8_prev_flow,0.004324452501617034,0.0041287443600595,0.007597221690230071,0.14922425491809208,0.8116674758047453,0.7061250704465689,0.9998820186071479,0.6525884997692037
2,5,44,shift_rank8_oracle,0.004303817295968905,0.004105756990611553,0.007505369489081204,0.14920641540690716,0.8116674758047453,0.7061250704465689,0.9998820186071479,0.6525884997692037
2,5,44,flow_reuse,0.0006367585181497359,0.0006091811810620129,0.0008782869990682228,0.025795000063044252,0.8116674758047453,0.7061250704465689,0.9998820186071479,0.6525884997692037
2,5,44,flow_toeplitz_r2,0.00040229784142581984,0.0003987782110925764,0.0005481870437506586,0.016856850722157115,0.8116674758047453,0.7061250704465689,0.9998820186071479,0.6525884997692037
2,5,44,flow_rank8_oracle,0.0005551752364132397,0.0005555067327804863,0.0007256634329678489,0.01520399294850873,0.8116674758047453,0.7061250704465689,0.9998820186071479,0.6525884997692037
3,5,44,raw_reuse,0.011507725427323786,0.010667304508388042,0.021372040733695027,0.3474622655105559,0.6916651366511328,0.31462256036658276,0.9997312654018919,0.5717035418866465
3,5,44,shift_reuse,0.010726085192141181,0.010118971578776836,0.01977816596627235,0.33845105217759547,0.6916651366511328,0.31462256036658276,0.9997312654018919,0.5717035418866465
3,5,44,shift_toeplitz_r2,0.009491514030951654,0.008831282146275043,0.01674106642603874,0.2525903541244957,0.6916651366511328,0.31462256036658276,0.9997312654018919,0.5717035418866465
3,5,44,shift_circular_r2,0.009491514030951654,0.008831282146275043,0.01674106642603874,0.2525903541244957,0.6916651366511328,0.31462256036658276,0.9997312654018919,0.5717035418866465
3,5,44,shift_rank8_feature,0.009282471273639402,0.008427432738244534,0.016581197269260883,0.23695299240900428,0.6916651366511328,0.31462256036658276,0.9997312654018919,0.5717035418866465
3,5,44,shift_rank8_prev_flow,0.0074148324294656,0.00690503278747201,0.0133108336944133,0.1879565297821206,0.6916651366511328,0.31462256036658276,0.9997312654018919,0.5717035418866465
3,5,44,shift_rank8_oracle,0.0074259132331464806,0.0069158137775957584,0.013432081788778302,0.1879347909088745,0.6916651366511328,0.31462256036658276,0.9997312654018919,0.5717035418866465
3,5,44,flow_reuse,0.0009132370230673999,0.0008773928857408464,0.0011807759467046708,0.022454266358065033,0.6916651366511328,0.31462256036658276,0.9997312654018919,0.5717035418866465
3,5,44,flow_toeplitz_r2,0.0005419024353809736,0.0005194725818000734,0.0008413507719524204,0.016640828507850078,0.6916651366511328,0.31462256036658276,0.9997312654018919,0.5717035418866465
3,5,44,flow_rank8_oracle,0.0005750102765645119,0.000551140692550689,0.0007528595131589099,0.01469505146883251,0.6916651366511328,0.31462256036658276,0.9997312654018919,0.5717035418866465
4,5,44,raw_reuse,0.011434633625558313,0.010874611325562,0.017272197175770998,0.3152716442133548,0.643599097007074,0.12987935834563136,0.9996623334914838,0.5380665035250415
4,5,44,shift_reuse,0.012635502319714257,0.011599380522966385,0.025043718609958885,0.3206961937465268,0.643599097007074,0.12987935834563136,0.9996623334914838,0.5380665035250415
4,5,44,shift_toeplitz_r2,0.013254003265177115,0.012213937006890774,0.025278662703931327,0.26781276698992323,0.643599097007074,0.12987935834563136,0.9996623334914838,0.5380665035250415
4,5,44,shift_circular_r2,0.013254003265177115,0.012213937006890774,0.025278662703931327,0.26781276698992323,0.643599097007074,0.12987935834563136,0.9996623334914838,0.5380665035250415
4,5,44,shift_rank8_feature,0.01229934112480036,0.010971787385642529,0.022076516970992083,0.2605594083820807,0.643599097007074,0.12987935834563136,0.9996623334914838,0.5380665035250415
4,5,44,shift_rank8_prev_flow,0.008560369061502298,0.00809452310204506,0.01360053839161992,0.1914851050802378,0.643599097007074,0.12987935834563136,0.9996623334914838,0.5380665035250415
4,5,44,shift_rank8_oracle,0.008534400734538405,0.008076085709035397,0.01363703804090619,0.1914534528810002,0.643599097007074,0.12987935834563136,0.9996623334914838,0.5380665035250415
4,5,44,flow_reuse,0.0010756308688845697,0.0010397660080343485,0.0015052547852974385,0.01774226433367128,0.643599097007074,0.12987935834563136,0.9996623334914838,0.5380665035250415
4,5,44,flow_toeplitz_r2,0.000798219195401024,0.0007434638100676239,0.001345391012728214,0.015393368550153835,0.643599097007074,0.12987935834563136,0.9996623334914838,0.5380665035250415
4,5,44,flow_rank8_oracle,0.0006429957353710053,0.0005979987909086049,0.0009274588868720457,0.012058651588468595,0.643599097007074,0.12987935834563136,0.9996623334914838,0.5380665035250415
5,5,44,raw_reuse,0.013764322810356628,0.012858589179813862,0.023211850598454473,0.28557413769542145,0.8142166070205283,0.20278516358593068,0.9997281200465873,0.6990162056930656
5,5,44,shift_reuse,0.018733970182295306,0.01723933219909668,0.03312085159122944,0.3838735335369348,0.8142166070205283,0.20278516358593068,0.9997281200465873,0.6990162056930656
5,5,44,shift_toeplitz_r2,0.016824252231026845,0.015780257061123848,0.0270448031835258,0.30547605216655743,0.8142166070205283,0.20278516358593068,0.9997281200465873,0.6990162056930656
5,5,44,shift_circular_r2,0.016824252231026845,0.015780257061123848,0.0270448031835258,0.30547605216655743,0.8142166070205283,0.20278516358593068,0.9997281200465873,0.6990162056930656
5,5,44,shift_rank8_feature,0.01522083222362767,0.013846146874129772,0.027543165627866982,0.28499821043661266,0.8142166070205283,0.20278516358593068,0.9997281200465873,0.6990162056930656
5,5,44,shift_rank8_prev_flow,0.007240445676023855,0.006837961729615927,0.01294047255069017,0.16551495629958465,0.8142166070205283,0.20278516358593068,0.9997281200465873,0.6990162056930656
5,5,44,shift_rank8_oracle,0.007275702863051041,0.006879978347569704,0.012962194206193087,0.16545946489538596,0.8142166070205283,0.20278516358593068,0.9997281200465873,0.6990162056930656
5,5,44,flow_reuse,0.0014009750611436722,0.001322380849160254,0.0023750846274197095,0.019569692122367036,0.8142166070205283,0.20278516358593068,0.9997281200465873,0.6990162056930656
5,5,44,flow_toeplitz_r2,0.0010122600130689381,0.0009358839015476406,0.001721248961985111,0.014289432176097997,0.8142166070205283,0.20278516358593068,0.9997281200465873,0.6990162056930656
5,5,44,flow_rank8_oracle,0.0006265792570868221,0.0005861547542735934,0.0008948062459239736,0.010736322528621558,0.8142166070205283,0.20278516358593068,0.9997281200465873,0.6990162056930656
6,5,44,raw_reuse,0.01658222842646902,0.015242968685925007,0.03280083686113356,0.16358979483865088,0.9108281264450172,0.18433736492117447,0.999560696065562,0.9177608654967402
6,5,44,shift_reuse,0.028805649635379984,0.02691975235939026,0.05498975832015276,0.3348932371690263,0.9108281264450172,0.18433736492117447,0.999560696065562,0.9177608654967402
6,5,44,shift_toeplitz_r2,0.02139872589800486,0.019378414377570152,0.04124059844762086,0.20879329900263283,0.9108281264450172,0.18433736492117447,0.999560696065562,0.9177608654967402
6,5,44,shift_circular_r2,0.02139872589800486,0.019378414377570152,0.04124059844762086,0.20879329900263283,0.9108281264450172,0.18433736492117447,0.999560696065562,0.9177608654967402
6,5,44,shift_rank8_feature,0.02319932469611238,0.021293580532073975,0.042132636159658426,0.19398597529531672,0.9108281264450172,0.18433736492117447,0.999560696065562,0.9177608654967402
6,5,44,shift_rank8_prev_flow,0.00802912370012942,0.007706826087087393,0.014934167545288802,0.1000790508002216,0.9108281264450172,0.18433736492117447,0.999560696065562,0.9177608654967402
6,5,44,shift_rank8_oracle,0.00808354493494874,0.00773186981678009,0.014779917849227785,0.10000467971150674,0.9108281264450172,0.18433736492117447,0.999560696065562,0.9177608654967402
6,5,44,flow_reuse,0.00207945818562512,0.0020201716106384993,0.0029530790168792007,0.022519766632061608,0.9108281264450172,0.18433736492117447,0.999560696065562,0.9177608654967402
6,5,44,flow_toeplitz_r2,0.001037400378519367,0.0009556454606354237,0.0018718047533184284,0.008527194397737452,0.9108281264450172,0.18433736492117447,0.999560696065562,0.9177608654967402
6,5,44,flow_rank8_oracle,0.0007070323028829118,0.0006803388241678476,0.0010471989982761443,0.006458076775129767,0.9108281264450172,0.18433736492117447,0.999560696065562,0.9177608654967402
7,5,44,raw_reuse,0.023967188320208055,0.02259012497961521,0.04085661303251981,0.09770476894619355,0.9134311548661765,0.4398581734424928,0.9995578937580653,0.8436291542696268
7,5,44,shift_reuse,0.026385998381701394,0.024380728602409363,0.05383429657667875,0.11817144684968649,0.9134311548661765,0.4398581734424928,0.9995578937580653,0.8436291542696268
7,5,44,shift_toeplitz_r2,0.024007463413598586,0.022160224616527557,0.04583019744604825,0.08414962239232195,0.9134311548661765,0.4398581734424928,0.9995578937580653,0.8436291542696268
7,5,44,shift_circular_r2,0.024007463413598586,0.022160224616527557,0.04583019744604825,0.08414962239232195,0.9134311548661765,0.4398581734424928,0.9995578937580653,0.8436291542696268
7,5,44,shift_rank8_feature,0.02146849285516174,0.0203567985445261,0.03623504266142845,0.06660368744894306,0.9134311548661765,0.4398581734424928,0.9995578937580653,0.8436291542696268
7,5,44,shift_rank8_prev_flow,0.006931853951477234,0.006427554413676262,0.013150004623457789,0.03480570148145184,0.9134311548661765,0.4398581734424928,0.9995578937580653,0.8436291542696268
7,5,44,shift_rank8_oracle,0.006862050784060723,0.006337666884064674,0.012862706976011395,0.034769093255559734,0.9134311548661765,0.4398581734424928,0.9995578937580653,0.8436291542696268
7,5,44,flow_reuse,0.0030225655393071194,0.0028997641056776047,0.0043020311277359715,0.010099518038638892,0.9134311548661765,0.4398581734424928,0.9995578937580653,0.8436291542696268
7,5,44,flow_toeplitz_r2,0.0021720754414278802,0.0020200880244374275,0.003246536571532488,0.005990507710830452,0.9134311548661765,0.4398581734424928,0.9995578937580653,0.8436291542696268
7,5,44,flow_rank8_oracle,0.0014240062950291775,0.001341726048849523,0.0021540658199228346,0.00399372895704445,0.9134311548661765,0.4398581734424928,0.9995578937580653,0.8436291542696268
0,6,33,raw_reuse,0.6336801481228108,0.6288769841194153,0.9727221995592117,0.5806904661680664,0.9809193236521547,0.8639657314079223,0.999810861112864,0.36384383283706434
0,6,33,shift_reuse,0.14295887689829345,0.12669068574905396,0.22464729771018027,0.24047319968012898,0.9809193236521547,0.8639657314079223,0.999810861112864,0.36384383283706434
0,6,33,shift_toeplitz_r2,0.05019754905789364,0.0482478030025959,0.07702623717486858,0.11585045208572914,0.9809193236521547,0.8639657314079223,0.999810861112864,0.36384383283706434
0,6,33,shift_circular_r2,0.05019754905789364,0.0482478030025959,0.07702623717486858,0.11585045208572914,0.9809193236521547,0.8639657314079223,0.999810861112864,0.36384383283706434
0,6,33,shift_rank8_feature,0.02979116872409842,0.02779526263475418,0.04131671506911516,0.05357678959327646,0.9809193236521547,0.8639657314079223,0.999810861112864,0.36384383283706434
0,6,33,shift_rank8_prev_flow,0.011811182405985624,0.010811989195644855,0.020353634282946585,0.0332542062861823,0.9809193236521547,0.8639657314079223,0.999810861112864,0.36384383283706434
0,6,33,shift_rank8_oracle,0.011431162824750011,0.010464265942573547,0.020129031129181383,0.03321724154283299,0.9809193236521547,0.8639657314079223,0.999810861112864,0.36384383283706434
0,6,33,flow_reuse,0.016335123147852477,0.01609395444393158,0.01884063323959708,0.020373315886890227,0.9809193236521547,0.8639657314079223,0.999810861112864,0.36384383283706434
0,6,33,flow_toeplitz_r2,0.01215903053296647,0.011683732271194458,0.01440656422637403,0.01778799491844521,0.9809193236521547,0.8639657314079223,0.999810861112864,0.36384383283706434
0,6,33,flow_rank8_oracle,0.013423861851816458,0.013151141814887524,0.015909726824611423,0.016249634234685756,0.9809193236521547,0.8639657314079223,0.999810861112864,0.36384383283706434
1,6,33,raw_reuse,0.05434179490622515,0.05404868721961975,0.08016907460987567,0.46734809540799316,0.9125757994386794,0.906143695163409,0.9997244467431031,0.36692538337378544
1,6,33,shift_reuse,0.01231651916935001,0.011923708021640778,0.021952841710299254,0.39050011648483307,0.9125757994386794,0.906143695163409,0.9997244467431031,0.36692538337378544
1,6,33,shift_toeplitz_r2,0.009167223090774116,0.0093845771625638,0.01478173993527889,0.22345581787847868,0.9125757994386794,0.906143695163409,0.9997244467431031,0.36692538337378544
1,6,33,shift_circular_r2,0.009167223090774116,0.0093845771625638,0.01478173993527889,0.22345581787847868,0.9125757994386794,0.906143695163409,0.9997244467431031,0.36692538337378544
1,6,33,shift_rank8_feature,0.006794605003518796,0.00660261744633317,0.010875613754615187,0.1369725165248694,0.9125757994386794,0.906143695163409,0.9997244467431031,0.36692538337378544
1,6,33,shift_rank8_prev_flow,0.0058479166625135,0.005558049771934748,0.01108167544007301,0.11553046536009065,0.9125757994386794,0.906143695163409,0.9997244467431031,0.36692538337378544
1,6,33,shift_rank8_oracle,0.005885779590118894,0.0055999658070504665,0.011254621902480718,0.1154614487741842,0.9125757994386794,0.906143695163409,0.9997244467431031,0.36692538337378544
1,6,33,flow_reuse,0.0010115880086927185,0.0009426393080502748,0.0013856651145033537,0.01969158299056817,0.9125757994386794,0.906143695163409,0.9997244467431031,0.36692538337378544
1,6,33,flow_toeplitz_r2,0.0008033244454605657,0.000779100286308676,0.0011148853169288485,0.017071574540962933,0.9125757994386794,0.906143695163409,0.9997244467431031,0.36692538337378544
1,6,33,flow_rank8_oracle,0.0011043848624643696,0.0010831948602572083,0.0015422760916408151,0.015667803156391626,0.9125757994386794,0.906143695163409,0.9997244467431031,0.36692538337378544
2,6,33,raw_reuse,0.019140947776383987,0.017620915547013283,0.03541079759597778,0.47545803819074406,0.7566608902758887,0.7020855820193267,0.9997695546787104,0.6346253259877535
2,6,33,shift_reuse,0.010373936255135703,0.009324084967374802,0.0205706232227385,0.40849024771351716,0.7566608902758887,0.7020855820193267,0.9997695546787104,0.6346253259877535
2,6,33,shift_toeplitz_r2,0.00859036253511055,0.00805233046412468,0.01712003303691744,0.2976127069298044,0.7566608902758887,0.7020855820193267,0.9997695546787104,0.6346253259877535
2,6,33,shift_circular_r2,0.00859036253511055,0.00805233046412468,0.01712003303691744,0.2976127069298044,0.7566608902758887,0.7020855820193267,0.9997695546787104,0.6346253259877535
2,6,33,shift_rank8_feature,0.0080535395595565,0.007593635935336351,0.012743819970637558,0.24320441934254097,0.7566608902758887,0.7020855820193267,0.9997695546787104,0.6346253259877535
2,6,33,shift_rank8_prev_flow,0.006114505557414891,0.005725022405385971,0.009880343033000826,0.2015414239113734,0.7566608902758887,0.7020855820193267,0.9997695546787104,0.6346253259877535
2,6,33,shift_rank8_oracle,0.006095038453292711,0.005699966102838516,0.009869881346821784,0.20150584592690643,0.7566608902758887,0.7020855820193267,0.9997695546787104,0.6346253259877535
2,6,33,flow_reuse,0.0012282673780105637,0.001144891488365829,0.0017310599330812692,0.03276694213307822,0.7566608902758887,0.7020855820193267,0.9997695546787104,0.6346253259877535
2,6,33,flow_toeplitz_r2,0.0007360522687016711,0.0006695028860121965,0.0011910230212379244,0.02287390605432084,0.7566608902758887,0.7020855820193267,0.9997695546787104,0.6346253259877535
2,6,33,flow_rank8_oracle,0.0007279437479049862,0.0006872561643831432,0.001143569906707853,0.019806381256981323,0.7566608902758887,0.7020855820193267,0.9997695546787104,0.6346253259877535
3,6,33,raw_reuse,0.014014916168051629,0.01297876238822937,0.028291490394622084,0.34895971695879546,0.6445820231433184,0.3008415753650798,0.9996507856896667,0.5188857592175715
3,6,33,shift_reuse,0.014086490928768873,0.01298397034406662,0.02625699359923601,0.353079532372993,0.6445820231433184,0.3008415753650798,0.9996507856896667,0.5188857592175715
3,6,33,shift_toeplitz_r2,0.012126761861173545,0.010964017361402512,0.024010728951543568,0.2863207049554779,0.6445820231433184,0.3008415753650798,0.9996507856896667,0.5188857592175715
3,6,33,shift_circular_r2,0.012126761861173545,0.010964017361402512,0.024010728951543568,0.2863207049554779,0.6445820231433184,0.3008415753650798,0.9996507856896667,0.5188857592175715
3,6,33,shift_rank8_feature,0.012096964213797195,0.010900039225816727,0.023034914396703243,0.2683468736615522,0.6445820231433184,0.3008415753650798,0.9996507856896667,0.5188857592175715
3,6,33,shift_rank8_prev_flow,0.009595018013069237,0.008780614472925663,0.01822106502950191,0.21052807393010017,0.6445820231433184,0.3008415753650798,0.9996507856896667,0.5188857592175715
3,6,33,shift_rank8_oracle,0.009571936870562387,0.008763122372329235,0.018001444730907673,0.2104952198846278,0.6445820231433184,0.3008415753650798,0.9996507856896667,0.5188857592175715
3,6,33,flow_reuse,0.0014574999619435351,0.0013810870004817843,0.0018140403903089462,0.025056569456529804,0.6445820231433184,0.3008415753650798,0.9996507856896667,0.5188857592175715
3,6,33,flow_toeplitz_r2,0.000939629981989166,0.000862587068695575,0.0013615052099339663,0.019499520150217532,0.6445820231433184,0.3008415753650798,0.9996507856896667,0.5188857592175715
3,6,33,flow_rank8_oracle,0.0010978732931091742,0.0009500808664597571,0.0012977723556105046,0.017379837705250825,0.6445820231433184,0.3008415753650798,0.9996507856896667,0.5188857592175715
4,6,33,raw_reuse,0.01473337453997747,0.013814359903335571,0.026447514723986387,0.3094603922011874,0.6167945049190411,-0.15544393933634915,0.9996465212237957,0.46617171497139287
4,6,33,shift_reuse,0.01787324995594762,0.01596853882074356,0.03834798224270343,0.3260255733232001,0.6167945049190411,-0.15544393933634915,0.9996465212237957,0.46617171497139287
4,6,33,shift_toeplitz_r2,0.01790938656435595,0.015932001173496246,0.033447409048676484,0.2850399241648553,0.6167945049190411,-0.15544393933634915,0.9996465212237957,0.46617171497139287
4,6,33,shift_circular_r2,0.01790938656435595,0.015932001173496246,0.033447409048676484,0.2850399241648553,0.6167945049190411,-0.15544393933634915,0.9996465212237957,0.46617171497139287
4,6,33,shift_rank8_feature,0.020051566523012113,0.016048818826675415,0.03742404188960789,0.2973484932899894,0.6167945049190411,-0.15544393933634915,0.9996465212237957,0.46617171497139287
4,6,33,shift_rank8_prev_flow,0.011726891024961076,0.010859481990337372,0.024865818303078407,0.20185769446973492,0.6167945049190411,-0.15544393933634915,0.9996465212237957,0.46617171497139287
4,6,33,shift_rank8_oracle,0.011690086163960335,0.010836921632289886,0.024539970792829987,0.201821524978832,0.6167945049190411,-0.15544393933634915,0.9996465212237957,0.46617171497139287
4,6,33,flow_reuse,0.0016193337739495931,0.0015497555723413825,0.00207463571568951,0.018613041760139695,0.6167945049190411,-0.15544393933634915,0.9996465212237957,0.46617171497139287
4,6,33,flow_toeplitz_r2,0.001137226221065835,0.0010476376628503203,0.0019564535992685705,0.015842319193550853,0.6167945049190411,-0.15544393933634915,0.9996465212237957,0.46617171497139287
4,6,33,flow_rank8_oracle,0.0010703174302505545,0.00100328226108104,0.0015064390667248516,0.013599349724701736,0.6167945049190411,-0.15544393933634915,0.9996465212237957,0.46617171497139287
5,6,33,raw_reuse,0.018270794178261367,0.016570957377552986,0.03060505529865621,0.3037373851141606,0.7848107256998367,0.2217079345833719,0.9996809223645644,0.6619467796982265
5,6,33,shift_reuse,0.02524586372032584,0.02306692861020565,0.04626588076353072,0.40712222557286776,0.7848107256998367,0.2217079345833719,0.9996809223645644,0.6619467796982265
5,6,33,shift_toeplitz_r2,0.02257424082427957,0.02094596065580845,0.03835637718439102,0.345576559676043,0.7848107256998367,0.2217079345833719,0.9996809223645644,0.6619467796982265
5,6,33,shift_circular_r2,0.02257424082427957,0.02094596065580845,0.03835637718439102,0.345576559676043,0.7848107256998367,0.2217079345833719,0.9996809223645644,0.6619467796982265
5,6,33,shift_rank8_feature,0.019731624548781634,0.01804051361978054,0.0355283660814166,0.3205800415238083,0.7848107256998367,0.2217079345833719,0.9996809223645644,0.6619467796982265
5,6,33,shift_rank8_prev_flow,0.009588325104689583,0.009084117598831654,0.01537968274205923,0.1889306912466943,0.7848107256998367,0.2217079345833719,0.9996809223645644,0.6619467796982265
5,6,33,shift_rank8_oracle,0.009599946847868074,0.009091618470847607,0.0154672812204808,0.18885788530530961,0.7848107256998367,0.2217079345833719,0.9996809223645644,0.6619467796982265
5,6,33,flow_reuse,0.0019774256091019816,0.0018350131576880813,0.00286061173537746,0.022252362913093366,0.7848107256998367,0.2217079345833719,0.9996809223645644,0.6619467796982265
5,6,33,flow_toeplitz_r2,0.0014322882923685735,0.0012756020296365023,0.0026829888811334968,0.016955912338982113,0.7848107256998367,0.2217079345833719,0.9996809223645644,0.6619467796982265
5,6,33,flow_rank8_oracle,0.0010790015284257851,0.0010217204689979553,0.001484704011818394,0.012938045464252356,0.7848107256998367,0.2217079345833719,0.9996809223645644,0.6619467796982265
6,6,33,raw_reuse,0.021923532693996887,0.01906677335500717,0.0475307749584317,0.21089066912387158,0.8867608540955831,0.19406532636210594,0.9994607180536467,0.8959575240293665
6,6,33,shift_reuse,0.03634007810868424,0.03358478471636772,0.0657576723024249,0.4087130106416531,0.8867608540955831,0.19406532636210594,0.9994607180536467,0.8959575240293665
6,6,33,shift_toeplitz_r2,0.02844773372213614,0.02580837905406952,0.04918585065752267,0.28623608778582005,0.8867608540955831,0.19406532636210594,0.9994607180536467,0.8959575240293665
6,6,33,shift_circular_r2,0.02844773372213614,0.02580837905406952,0.04918585065752267,0.28623608778582005,0.8867608540955831,0.19406532636210594,0.9994607180536467,0.8959575240293665
6,6,33,shift_rank8_feature,0.03200798532399412,0.028835272416472435,0.05776090193539858,0.2607450140926161,0.8867608540955831,0.19406532636210594,0.9994607180536467,0.8959575240293665
6,6,33,shift_rank8_prev_flow,0.010374740423509624,0.009743995033204556,0.01929598087444901,0.13765542749693274,0.8867608540955831,0.19406532636210594,0.9994607180536467,0.8959575240293665
6,6,33,shift_rank8_oracle,0.010385768479003613,0.00972410012036562,0.019828894827514883,0.1375361159010432,0.8867608540955831,0.19406532636210594,0.9994607180536467,0.8959575240293665
6,6,33,flow_reuse,0.003036660593949453,0.002834365703165531,0.004469209583476186,0.030763936902513014,0.8867608540955831,0.19406532636210594,0.9994607180536467,0.8959575240293665
6,6,33,flow_toeplitz_r2,0.0016304393439127245,0.0013468038523569703,0.0031831154716201117,0.013238163540439746,0.8867608540955831,0.19406532636210594,0.9994607180536467,0.8959575240293665
6,6,33,flow_rank8_oracle,0.0011174364349450237,0.0010347723728045821,0.00153311935137026,0.009923097335477698,0.8867608540955831,0.19406532636210594,0.9994607180536467,0.8959575240293665
7,6,33,raw_reuse,0.023824792491334918,0.02228398062288761,0.0437647171318531,0.10125067571173361,0.9045997457681563,0.26847407979962856,0.9994278451931261,0.851567189734084
7,6,33,shift_reuse,0.034882521043235276,0.032110825181007385,0.06668461374938488,0.14861511257137083,0.9045997457681563,0.26847407979962856,0.9994278451931261,0.851567189734084
7,6,33,shift_toeplitz_r2,0.031862004223778224,0.028830790892243385,0.060607310198247416,0.10987730188691809,0.9045997457681563,0.26847407979962856,0.9994278451931261,0.851567189734084
7,6,33,shift_circular_r2,0.031862004223778224,0.028830790892243385,0.060607310198247416,0.10987730188691809,0.9045997457681563,0.26847407979962856,0.9994278451931261,0.851567189734084
7,6,33,shift_rank8_feature,0.03308430239775268,0.029447713866829872,0.0562605233862996,0.0954225428869977,0.9045997457681563,0.26847407979962856,0.9994278451931261,0.851567189734084
7,6,33,shift_rank8_prev_flow,0.010203421412498094,0.009327908046543598,0.0170758131891489,0.04596223078143596,0.9045997457681563,0.26847407979962856,0.9994278451931261,0.851567189734084
7,6,33,shift_rank8_oracle,0.010170080516206608,0.00930868461728096,0.016957942023873327,0.04590264813483302,0.9045997457681563,0.26847407979962856,0.9994278451931261,0.851567189734084
7,6,33,flow_reuse,0.0044638985295964865,0.004270836245268583,0.005982675589621067,0.014920095337892764,0.9045997457681563,0.26847407979962856,0.9994278451931261,0.851567189734084
7,6,33,flow_toeplitz_r2,0.002428171067332662,0.0020923514384776354,0.0041659619892016045,0.008941349375486293,0.9045997457681563,0.26847407979962856,0.9994278451931261,0.851567189734084
7,6,33,flow_rank8_oracle,0.0021075752343685766,0.0019423695048317313,0.002821626921650022,0.00574826198171807,0.9045997457681563,0.26847407979962856,0.9994278451931261,0.851567189734084
0,7,22,raw_reuse,0.6372565314658385,0.6346420645713806,0.9685196310281752,0.5526129067369511,0.9671665158286673,0.6744713492220478,0.9995833917161143,0.35820052193159413
0,7,22,shift_reuse,0.22501328364945913,0.19502614438533783,0.33384360671043395,0.28406813319413543,0.9671665158286673,0.6744713492220478,0.9995833917161143,0.35820052193159413
0,7,22,shift_toeplitz_r2,0.08257912590776538,0.0775492712855339,0.12458542957901954,0.1395969780350535,0.9671665158286673,0.6744713492220478,0.9995833917161143,0.35820052193159413
0,7,22,shift_circular_r2,0.08257912590776538,0.0775492712855339,0.12458542957901954,0.1395969780350535,0.9671665158286673,0.6744713492220478,0.9995833917161143,0.35820052193159413
0,7,22,shift_rank8_feature,0.06002618174529788,0.05503750219941139,0.11309233196079728,0.092474984794789,0.9671665158286673,0.6744713492220478,0.9995833917161143,0.35820052193159413
0,7,22,shift_rank8_prev_flow,0.019232903974354905,0.017245417460799217,0.030201415438205002,0.051546499904808855,0.9671665158286673,0.6744713492220478,0.9995833917161143,0.35820052193159413
0,7,22,shift_rank8_oracle,0.019197333920040232,0.01722523383796215,0.03109565312042832,0.051473180358573706,0.9671665158286673,0.6744713492220478,0.9995833917161143,0.35820052193159413
0,7,22,flow_reuse,0.02989086100526066,0.029560694471001625,0.035475875996053216,0.031063534398107676,0.9671665158286673,0.6744713492220478,0.9995833917161143,0.35820052193159413
0,7,22,flow_toeplitz_r2,0.019414395152200954,0.018775975331664085,0.023335774056613443,0.026279397431831067,0.9671665158286673,0.6744713492220478,0.9995833917161143,0.35820052193159413
0,7,22,flow_rank8_oracle,0.023027188789535667,0.022726071998476982,0.026485825795680283,0.02488573933850404,0.9671665158286673,0.6744713492220478,0.9995833917161143,0.35820052193159413
1,7,22,raw_reuse,0.06277751276385243,0.0629238486289978,0.09700303971767425,0.43473727560567543,0.8797533643393778,0.8490491796131324,0.9993819470269429,0.3031225216769903
1,7,22,shift_reuse,0.02141639605068134,0.020332416519522667,0.03445809967815876,0.41895331734929053,0.8797533643393778,0.8490491796131324,0.9993819470269429,0.3031225216769903
1,7,22,shift_toeplitz_r2,0.012614221239415593,0.012559905648231506,0.020888336189091205,0.25181881753284513,0.8797533643393778,0.8490491796131324,0.9993819470269429,0.3031225216769903
1,7,22,shift_circular_r2,0.012614221239415593,0.012559905648231506,0.020888336189091205,0.25181881753284513,0.8797533643393778,0.8490491796131324,0.9993819470269429,0.3031225216769903
1,7,22,shift_rank8_feature,0.011401982861750396,0.010301371105015278,0.02294319216161966,0.17617524601936277,0.8797533643393778,0.8490491796131324,0.9993819470269429,0.3031225216769903
1,7,22,shift_rank8_prev_flow,0.00975200160090578,0.009092027321457863,0.016674822848290204,0.1454186467403787,0.8797533643393778,0.8490491796131324,0.9993819470269429,0.3031225216769903
1,7,22,shift_rank8_oracle,0.009809018076065197,0.009142700582742691,0.01677407408133149,0.1452787520923375,0.8797533643393778,0.8490491796131324,0.9993819470269429,0.3031225216769903
1,7,22,flow_reuse,0.0017409562356431433,0.0016914693405851722,0.0026802868233062327,0.023707432001408856,0.8797533643393778,0.8490491796131324,0.9993819470269429,0.3031225216769903
1,7,22,flow_toeplitz_r2,0.001334611656956499,0.0013021702179685235,0.0019707566767465322,0.020862077847785224,0.8797533643393778,0.8490491796131324,0.9993819470269429,0.3031225216769903
1,7,22,flow_rank8_oracle,0.0016581154961809357,0.0016296422109007835,0.0026056688162498175,0.019790771665240115,0.8797533643393778,0.8490491796131324,0.9993819470269429,0.3031225216769903
2,7,22,raw_reuse,0.02221824029263292,0.020542338490486145,0.037339200638234614,0.46976930858689936,0.6932846763866587,0.6103966334230958,0.9994470876294048,0.48876918627076427
2,7,22,shift_reuse,0.01524560820070967,0.013240307569503784,0.0333389550447464,0.4608726952267358,0.6932846763866587,0.6103966334230958,0.9994470876294048,0.48876918627076427
2,7,22,shift_toeplitz_r2,0.012271546789664639,0.011378002353012562,0.025280441995710133,0.3549872180338239,0.6932846763866587,0.6103966334230958,0.9994470876294048,0.48876918627076427
2,7,22,shift_circular_r2,0.012271546789664639,0.011378002353012562,0.025280441995710133,0.3549872180338239,0.6932846763866587,0.6103966334230958,0.9994470876294048,0.48876918627076427
2,7,22,shift_rank8_feature,0.01210465435819173,0.011317655444145203,0.020300752855837344,0.3088411125239687,0.6932846763866587,0.6103966334230958,0.9994470876294048,0.48876918627076427
2,7,22,shift_rank8_prev_flow,0.008936508838387489,0.008191869594156742,0.014812039770185947,0.2553240290468076,0.6932846763866587,0.6103966334230958,0.9994470876294048,0.48876918627076427
2,7,22,shift_rank8_oracle,0.00886938328745164,0.008129521273076534,0.014777045650407671,0.25523998814647775,0.6932846763866587,0.6103966334230958,0.9994470876294048,0.48876918627076427
2,7,22,flow_reuse,0.0018689731879446914,0.0017685601487755775,0.0026921567739918825,0.03826152961697409,0.6932846763866587,0.6103966334230958,0.9994470876294048,0.48876918627076427
2,7,22,flow_toeplitz_r2,0.0011798975301465092,0.001079885638318956,0.0020794435404241085,0.030989940988426532,0.6932846763866587,0.6103966334230958,0.9994470876294048,0.48876918627076427
2,7,22,flow_rank8_oracle,0.0011757354142874865,0.0011338869808241725,0.0019559134670998897,0.02735714922966315,0.6932846763866587,0.6103966334230958,0.9994470876294048,0.48876918627076427
3,7,22,raw_reuse,0.019330529432258374,0.01801072247326374,0.03694971427321434,0.34482520242270387,0.593661954179525,0.18213724166878853,0.9995754074925183,0.4555045646392082
3,7,22,shift_reuse,0.020005566333019035,0.017993252724409103,0.0367370443418622,0.3499838639079761,0.593661954179525,0.18213724166878853,0.9995754074925183,0.4555045646392082
3,7,22,shift_toeplitz_r2,0.017599024845887237,0.015595276840031147,0.030189114436507222,0.3053108342016231,0.593661954179525,0.18213724166878853,0.9995754074925183,0.4555045646392082
3,7,22,shift_circular_r2,0.017599024845887237,0.015595276840031147,0.030189114436507222,0.3053108342016231,0.593661954179525,0.18213724166878853,0.9995754074925183,0.4555045646392082
3,7,22,shift_rank8_feature,0.020932457949678168,0.017426731064915657,0.040657612681388844,0.29312174201362146,0.593661954179525,0.18213724166878853,0.9995754074925183,0.4555045646392082
3,7,22,shift_rank8_prev_flow,0.013347178012765604,0.012264707125723362,0.024349061399698255,0.22313804743859592,0.593661954179525,0.18213724166878853,0.9995754074925183,0.4555045646392082
3,7,22,shift_rank8_oracle,0.013331433922350623,0.012267190031707287,0.024257798586040734,0.22309599060300866,0.593661954179525,0.18213724166878853,0.9995754074925183,0.4555045646392082
3,7,22,flow_reuse,0.0022702609117140754,0.002162785269320011,0.002780486806295812,0.02769780852900385,0.593661954179525,0.18213724166878853,0.9995754074925183,0.4555045646392082
3,7,22,flow_toeplitz_r2,0.0015205449453293816,0.0013741127913817763,0.002457337500527501,0.023853859580968844,0.593661954179525,0.18213724166878853,0.9995754074925183,0.4555045646392082
3,7,22,flow_rank8_oracle,0.0015962653325860042,0.0015409719198942184,0.00231607009191066,0.02043819462151975,0.593661954179525,0.18213724166878853,0.9995754074925183,0.4555045646392082
4,7,22,raw_reuse,0.02480179889647289,0.021411871537566185,0.050624778866767875,0.30785852577817036,0.5985404234117024,-0.20111023630858815,0.9994295967745409,0.4649249468076071
4,7,22,shift_reuse,0.02854480468820637,0.024905934929847717,0.0597479799762368,0.3278689517466049,0.5985404234117024,-0.20111023630858815,0.9994295967745409,0.4649249468076071
4,7,22,shift_toeplitz_r2,0.02769464917116805,0.024134138599038124,0.04970916956663131,0.29870423530131307,0.5985404234117024,-0.20111023630858815,0.9994295967745409,0.4649249468076071
4,7,22,shift_circular_r2,0.02769464917116805,0.024134138599038124,0.04970916956663131,0.29870423530131307,0.5985404234117024,-0.20111023630858815,0.9994295967745409,0.4649249468076071
4,7,22,shift_rank8_feature,0.02946684176316858,0.023396499454975128,0.04759682323783636,0.3140746521648899,0.5985404234117024,-0.20111023630858815,0.9994295967745409,0.4649249468076071
4,7,22,shift_rank8_prev_flow,0.015990182313795804,0.014565839432179928,0.035101966746151445,0.2078039341037651,0.5985404234117024,-0.20111023630858815,0.9994295967745409,0.4649249468076071
4,7,22,shift_rank8_oracle,0.015904035661681318,0.014492656104266644,0.03473277650773525,0.20774051469112428,0.5985404234117024,-0.20111023630858815,0.9994295967745409,0.4649249468076071
4,7,22,flow_reuse,0.0030122001969288344,0.0027993693947792053,0.004247569828294217,0.022896875242098196,0.5985404234117024,-0.20111023630858815,0.9994295967745409,0.4649249468076071
4,7,22,flow_toeplitz_r2,0.00226599440759911,0.0019743156153708696,0.0039773339871317145,0.020316211947371925,0.5985404234117024,-0.20111023630858815,0.9994295967745409,0.4649249468076071
4,7,22,flow_rank8_oracle,0.0019942359244045746,0.0018194514559581876,0.002772056043613702,0.016748795096518106,0.5985404234117024,-0.20111023630858815,0.9994295967745409,0.4649249468076071
5,7,22,raw_reuse,0.032326028288708994,0.026504134759306908,0.06342018414288758,0.324168703158362,0.7602043694274576,0.11145232594245358,0.9993035452599842,0.5967269819898353
5,7,22,shift_reuse,0.0379854736815146,0.033584196120500565,0.06905959136784076,0.41200667918898015,0.7602043694274576,0.11145232594245358,0.9993035452599842,0.5967269819898353
5,7,22,shift_toeplitz_r2,0.033959357183752814,0.030483847483992577,0.058584476634860036,0.3730359819991418,0.7602043694274576,0.11145232594245358,0.9993035452599842,0.5967269819898353
5,7,22,shift_circular_r2,0.033959357183752814,0.030483847483992577,0.058584476634860036,0.3730359819991418,0.7602043694274576,0.11145232594245358,0.9993035452599842,0.5967269819898353
5,7,22,shift_rank8_feature,0.030047363390698155,0.02738482505083084,0.05984331388026476,0.3586756764038221,0.7602043694274576,0.11145232594245358,0.9993035452599842,0.5967269819898353
5,7,22,shift_rank8_prev_flow,0.014223344741766014,0.01334470883011818,0.022012253198772667,0.20192603707477108,0.7602043694274576,0.11145232594245358,0.9993035452599842,0.5967269819898353
5,7,22,shift_rank8_oracle,0.014192390209309892,0.013344072736799717,0.021610680036246777,0.20175527075701857,0.7602043694274576,0.11145232594245358,0.9993035452599842,0.5967269819898353
5,7,22,flow_reuse,0.003368613897225964,0.0030816083308309317,0.005680103576742113,0.027454656470573012,0.7602043694274576,0.11145232594245358,0.9993035452599842,0.5967269819898353
5,7,22,flow_toeplitz_r2,0.0027515412584532125,0.002333216369152069,0.0054011370288208115,0.023341818703996053,0.7602043694274576,0.11145232594245358,0.9993035452599842,0.5967269819898353
5,7,22,flow_rank8_oracle,0.0020750597510571607,0.0018505346961319447,0.0025400481652468445,0.01743474487356055,0.7602043694274576,0.11145232594245358,0.9993035452599842,0.5967269819898353
6,7,22,raw_reuse,0.033945129162026945,0.027448752894997597,0.0710244212299585,0.2841731770275999,0.8324464472785853,0.009490967750537704,0.9985279171918103,0.8694710515331436
6,7,22,shift_reuse,0.04824564121471402,0.04366413876414299,0.09097747802734374,0.46550235569911136,0.8324464472785853,0.009490967750537704,0.9985279171918103,0.8694710515331436
6,7,22,shift_toeplitz_r2,0.040515887931576795,0.035872649401426315,0.0793811026960611,0.37571143146654856,0.8324464472785853,0.009490967750537704,0.9985279171918103,0.8694710515331436
6,7,22,shift_circular_r2,0.040515887931576795,0.035872649401426315,0.0793811026960611,0.37571143146654856,0.8324464472785853,0.009490967750537704,0.9985279171918103,0.8694710515331436
6,7,22,shift_rank8_feature,0.04798204818577347,0.04264293238520622,0.09069102592766284,0.3706327830982243,0.8324464472785853,0.009490967750537704,0.9985279171918103,0.8694710515331436
6,7,22,shift_rank8_prev_flow,0.015494386877626956,0.014084597118198872,0.02802742291241884,0.1909392248831781,0.8324464472785853,0.009490967750537704,0.9985279171918103,0.8694710515331436
6,7,22,shift_rank8_oracle,0.01537107410403217,0.013960289768874645,0.02939560236409306,0.19054550296341152,0.8324464472785853,0.009490967750537704,0.9985279171918103,0.8694710515331436
6,7,22,flow_reuse,0.0046723017528484175,0.004189933184534311,0.006313821277581155,0.043893727973763834,0.8324464472785853,0.009490967750537704,0.9985279171918103,0.8694710515331436
6,7,22,flow_toeplitz_r2,0.0031750575832935296,0.002430170774459839,0.0053029746981337654,0.022319529467119317,0.8324464472785853,0.009490967750537704,0.9985279171918103,0.8694710515331436
6,7,22,flow_rank8_oracle,0.0020022880881331246,0.0018068024655804038,0.0029082233435474333,0.01585827291096783,0.8324464472785853,0.009490967750537704,0.9985279171918103,0.8694710515331436
7,7,22,raw_reuse,0.029677175318572474,0.02750273607671261,0.05548802781850099,0.12016956259543539,0.8882685031089962,0.22324458177916962,0.9987115952449399,0.905011168045009
7,7,22,shift_reuse,0.04957814266795459,0.043818678706884384,0.09227578490972518,0.19374736481918756,0.8882685031089962,0.22324458177916962,0.9987115952449399,0.905011168045009
7,7,22,shift_toeplitz_r2,0.04618818186018395,0.039423223584890366,0.08040859512984752,0.15349657006967565,0.8882685031089962,0.22324458177916962,0.9987115952449399,0.905011168045009
7,7,22,shift_circular_r2,0.04618818186018395,0.039423223584890366,0.08040859512984752,0.15349657006967565,0.8882685031089962,0.22324458177916962,0.9987115952449399,0.905011168045009
7,7,22,shift_rank8_feature,0.049838481124728565,0.043370019644498825,0.1005528151988983,0.1369045150494162,0.8882685031089962,0.22324458177916962,0.9987115952449399,0.905011168045009
7,7,22,shift_rank8_prev_flow,0.015741203640687224,0.013802200555801392,0.028333818726241588,0.06494854481013393,0.8882685031089962,0.22324458177916962,0.9987115952449399,0.905011168045009
7,7,22,shift_rank8_oracle,0.015589058245446367,0.013700450770556927,0.027745397202670573,0.06476250113388025,0.8882685031089962,0.22324458177916962,0.9987115952449399,0.905011168045009
7,7,22,flow_reuse,0.0076274303537163315,0.007284302264451981,0.009642685623839497,0.028760186129541128,0.8882685031089962,0.22324458177916962,0.9987115952449399,0.905011168045009
7,7,22,flow_toeplitz_r2,0.004880208525199439,0.004108960274606943,0.006652434216812253,0.012513998034155975,0.8882685031089962,0.22324458177916962,0.9987115952449399,0.905011168045009
7,7,22,flow_rank8_oracle,0.003716461419193144,0.003036205656826496,0.004428279609419405,0.008863964199449773,0.8882685031089962,0.22324458177916962,0.9987115952449399,0.905011168045009
0,8,11,raw_reuse,0.6455591066802276,0.6469907760620117,0.9746736317873,0.4621215552444164,0.9548734982557406,0.8434994383913961,0.9989372616982041,0.3065129301528914
0,8,11,shift_reuse,0.34044647727543376,0.29790642857551575,0.5352136850357055,0.33475682321379385,0.9548734982557406,0.8434994383913961,0.9989372616982041,0.3065129301528914
0,8,11,shift_toeplitz_r2,0.14238124192605872,0.13079331815242767,0.21519825384020805,0.16065167361476204,0.9548734982557406,0.8434994383913961,0.9989372616982041,0.3065129301528914
0,8,11,shift_circular_r2,0.14238124192605872,0.13079331815242767,0.21519825384020805,0.16065167361476204,0.9548734982557406,0.8434994383913961,0.9989372616982041,0.3065129301528914
0,8,11,shift_rank8_feature,0.06990594402464811,0.06010738015174866,0.12905934080481526,0.09321742616540582,0.9548734982557406,0.8434994383913961,0.9989372616982041,0.3065129301528914
0,8,11,shift_rank8_prev_flow,0.04142657167057917,0.03549451753497124,0.06923906523734329,0.07128561596493181,0.9548734982557406,0.8434994383913961,0.9989372616982041,0.3065129301528914
0,8,11,shift_rank8_oracle,0.04160363407833086,0.03544536232948303,0.06998387090861796,0.07111238946882663,0.9548734982557406,0.8434994383913961,0.9989372616982041,0.3065129301528914
0,8,11,flow_reuse,0.06544371175528928,0.0655180960893631,0.07460078559815883,0.05034943555337616,0.9548734982557406,0.8434994383913961,0.9989372616982041,0.3065129301528914
0,8,11,flow_toeplitz_r2,0.03928596182427947,0.039018187671899796,0.04533795490860939,0.04175803888439239,0.9548734982557406,0.8434994383913961,0.9989372616982041,0.3065129301528914
0,8,11,flow_rank8_oracle,0.0537358407939939,0.05334773659706116,0.06408011429011821,0.04192893102382167,0.9548734982557406,0.8434994383913961,0.9989372616982041,0.3065129301528914
1,8,11,raw_reuse,0.08708354529492544,0.08760832995176315,0.13657570853829384,0.36538547395610826,0.8513707903323534,0.8500543537984279,0.9976085922023021,0.22019171893302447
1,8,11,shift_reuse,0.04514335520974016,0.03990217670798302,0.07266674861311911,0.40887430803749275,0.8513707903323534,0.8500543537984279,0.9976085922023021,0.22019171893302447
1,8,11,shift_toeplitz_r2,0.02108507791228088,0.020173205062747,0.03322083856910467,0.2626248066120902,0.8513707903323534,0.8500543537984279,0.9976085922023021,0.22019171893302447
1,8,11,shift_circular_r2,0.02108507791228088,0.020173205062747,0.03322083856910467,0.2626248066120902,0.8513707903323534,0.8500543537984279,0.9976085922023021,0.22019171893302447
1,8,11,shift_rank8_feature,0.02132944790476856,0.02029777690768242,0.03816740605980158,0.18322288950283094,0.8513707903323534,0.8500543537984279,0.9976085922023021,0.22019171893302447
1,8,11,shift_rank8_prev_flow,0.01810007825111949,0.017277916893363,0.029433558508753774,0.1580717612883241,0.8513707903323534,0.8500543537984279,0.9976085922023021,0.22019171893302447
1,8,11,shift_rank8_oracle,0.018277012067408057,0.017483539879322052,0.029382393974810836,0.15763110005941566,0.8513707903323534,0.8500543537984279,0.9976085922023021,0.22019171893302447
1,8,11,flow_reuse,0.005715804640666395,0.005547653883695602,0.00879471586085856,0.03775100994025192,0.8513707903323534,0.8500543537984279,0.9976085922023021,0.22019171893302447
1,8,11,flow_toeplitz_r2,0.0046070096805902235,0.004373593255877495,0.007059758063405752,0.035427549316606605,0.8513707903323534,0.8500543537984279,0.9976085922023021,0.22019171893302447
1,8,11,flow_rank8_oracle,0.004895519195104718,0.004688811954110861,0.007718396675772965,0.033336691498950806,0.8513707903323534,0.8500543537984279,0.9976085922023021,0.22019171893302447
2,8,11,raw_reuse,0.035463853839855626,0.033825766295194626,0.060127377696335305,0.41219546872707413,0.5995854202150783,0.6031619311090171,0.9963517217674588,0.25624827715534393
2,8,11,shift_reuse,0.026813618633210724,0.023147737607359886,0.061033111438155166,0.4600919492697427,0.5995854202150783,0.6031619311090171,0.9963517217674588,0.25624827715534393
2,8,11,shift_toeplitz_r2,0.021862242521312657,0.02022518962621689,0.04307697191834448,0.38073587012892196,0.5995854202150783,0.6031619311090171,0.9963517217674588,0.25624827715534393
2,8,11,shift_circular_r2,0.021862242521312657,0.02022518962621689,0.04307697191834448,0.38073587012892196,0.5995854202150783,0.6031619311090171,0.9963517217674588,0.25624827715534393
2,8,11,shift_rank8_feature,0.02190364696319613,0.020181089639663696,0.037054096162319174,0.33507249862597854,0.5995854202150783,0.6031619311090171,0.9963517217674588,0.25624827715534393
2,8,11,shift_rank8_prev_flow,0.01599141032333498,0.01438110787421465,0.02903788248077034,0.2915725004304045,0.5995854202150783,0.6031619311090171,0.9963517217674588,0.25624827715534393
2,8,11,shift_rank8_oracle,0.016128692761045914,0.014480479061603546,0.029977890476584428,0.2911384565285236,0.5995854202150783,0.6031619311090171,0.9963517217674588,0.25624827715534393
2,8,11,flow_reuse,0.00348665957200763,0.0033476899843662977,0.0055642602499574425,0.051061037924562,0.5995854202150783,0.6031619311090171,0.9963517217674588,0.25624827715534393
2,8,11,flow_toeplitz_r2,0.004376023246475225,0.0043381862342357635,0.006602652743458747,0.061051305172692215,0.5995854202150783,0.6031619311090171,0.9963517217674588,0.25624827715534393
2,8,11,flow_rank8_oracle,0.0029326996043303986,0.002826771466061473,0.004213712946511805,0.04403557087559785,0.5995854202150783,0.6031619311090171,0.9963517217674588,0.25624827715534393
3,8,11,raw_reuse,0.03641610979061844,0.03302427753806114,0.07197451703250408,0.3264494361316421,0.5087597451614894,0.06290864726920231,0.996502718210688,0.20497984887886067
3,8,11,shift_reuse,0.03578632104453182,0.030547255650162697,0.06087583843618631,0.32730884470683413,0.5087597451614894,0.06290864726920231,0.996502718210688,0.20497984887886067
3,8,11,shift_toeplitz_r2,0.03210679688181025,0.028156811371445656,0.05253735296428203,0.30492737084265087,0.5087597451614894,0.06290864726920231,0.996502718210688,0.20497984887886067
3,8,11,shift_circular_r2,0.03210679688181025,0.028156811371445656,0.05253735296428203,0.30492737084265087,0.5087597451614894,0.06290864726920231,0.996502718210688,0.20497984887886067
3,8,11,shift_rank8_feature,0.042117847228453915,0.03352781757712364,0.08405700586736202,0.29829633040565673,0.5087597451614894,0.06290864726920231,0.996502718210688,0.20497984887886067
3,8,11,shift_rank8_prev_flow,0.0227788344334754,0.019607646390795708,0.039107076823711395,0.22970148960274836,0.5087597451614894,0.06290864726920231,0.996502718210688,0.20497984887886067
3,8,11,shift_rank8_oracle,0.022427444195804953,0.0194698553532362,0.0397675909101963,0.22940595519999601,0.5087597451614894,0.06290864726920231,0.996502718210688,0.20497984887886067
3,8,11,flow_reuse,0.004846438445645382,0.004764046519994736,0.007011553063057363,0.03662625534498124,0.5087597451614894,0.06290864726920231,0.996502718210688,0.20497984887886067
3,8,11,flow_toeplitz_r2,0.007206672464748337,0.007272826973348856,0.01021430161781609,0.05201641078310498,0.5087597451614894,0.06290864726920231,0.996502718210688,0.20497984887886067
3,8,11,flow_rank8_oracle,0.0039568077931986904,0.0038439116906374693,0.005998416780494152,0.032657394974036004,0.5087597451614894,0.06290864726920231,0.996502718210688,0.20497984887886067
4,8,11,raw_reuse,0.057184904943902624,0.04408349469304085,0.11921577751636502,0.30319870919046943,0.5419710672382649,-0.1451725797568204,0.99663457828855,0.24943669482761066
4,8,11,shift_reuse,0.057548879061784464,0.04922665283083916,0.12252695076167582,0.33348132401525926,0.5419710672382649,-0.1451725797568204,0.99663457828855,0.24943669482761066
4,8,11,shift_toeplitz_r2,0.05382583472576275,0.046207595616579056,0.10276772603392598,0.3256015524033005,0.5419710672382649,-0.1451725797568204,0.99663457828855,0.24943669482761066
4,8,11,shift_circular_r2,0.05382583472576275,0.046207595616579056,0.10276772603392598,0.3256015524033005,0.5419710672382649,-0.1451725797568204,0.99663457828855,0.24943669482761066
4,8,11,shift_rank8_feature,0.05505041122906763,0.04720408096909523,0.10028319694101809,0.32716458553693256,0.5419710672382649,-0.1451725797568204,0.99663457828855,0.24943669482761066
4,8,11,shift_rank8_prev_flow,0.028980842893893324,0.025793911889195442,0.05882785134017467,0.22605787710553873,0.5419710672382649,-0.1451725797568204,0.99663457828855,0.24943669482761066
4,8,11,shift_rank8_oracle,0.02908288423836336,0.02581123448908329,0.05988532658666372,0.22569293966433554,0.5419710672382649,-0.1451725797568204,0.99663457828855,0.24943669482761066
4,8,11,flow_reuse,0.006803711524951787,0.006289241369813681,0.009930976899340749,0.033383988161951234,0.5419710672382649,-0.1451725797568204,0.99663457828855,0.24943669482761066
4,8,11,flow_toeplitz_r2,0.011051672743470204,0.010790702886879444,0.016378128528594972,0.049559294861441075,0.5419710672382649,-0.1451725797568204,0.99663457828855,0.24943669482761066
4,8,11,flow_rank8_oracle,0.006240326707186484,0.005592270288616419,0.00963511252775788,0.02892223707728207,0.5419710672382649,-0.1451725797568204,0.99663457828855,0.24943669482761066
5,8,11,raw_reuse,0.07898391462246696,0.05329341068863869,0.19596890136599535,0.34153877464497584,0.6784789993768294,0.1922691632769813,0.997810842480403,0.33858386215884007
5,8,11,shift_reuse,0.07514017112437293,0.061301205307245255,0.13001098595559596,0.39903786373391653,0.6784789993768294,0.1922691632769813,0.997810842480403,0.33858386215884007
5,8,11,shift_toeplitz_r2,0.06705685951228119,0.05700002238154411,0.12849850468337534,0.3856036730419111,0.6784789993768294,0.1922691632769813,0.997810842480403,0.33858386215884007
5,8,11,shift_circular_r2,0.06705685951228119,0.05700002238154411,0.12849850468337534,0.3856036730419111,0.6784789993768294,0.1922691632769813,0.997810842480403,0.33858386215884007
5,8,11,shift_rank8_feature,0.06507196187237181,0.05504278466105461,0.13907127529382698,0.3525426088509062,0.6784789993768294,0.1922691632769813,0.997810842480403,0.33858386215884007
5,8,11,shift_rank8_prev_flow,0.02820578798855338,0.024099165573716164,0.05074054468423128,0.22670303580066326,0.6784789993768294,0.1922691632769813,0.997810842480403,0.33858386215884007
5,8,11,shift_rank8_oracle,0.02861378459013818,0.0242601428180933,0.05175405424088239,0.2262657290039383,0.6784789993768294,0.1922691632769813,0.997810842480403,0.33858386215884007
5,8,11,flow_reuse,0.0064984379030536485,0.006148379296064377,0.00968046230264008,0.036762718460261315,0.6784789993768294,0.1922691632769813,0.997810842480403,0.33858386215884007
5,8,11,flow_toeplitz_r2,0.010726077149605263,0.010650239884853363,0.014308244362473486,0.05454721200720132,0.6784789993768294,0.1922691632769813,0.997810842480403,0.33858386215884007
5,8,11,flow_rank8_oracle,0.005873027796748393,0.005518422927707434,0.008911357168108222,0.02989819787170939,0.6784789993768294,0.1922691632769813,0.997810842480403,0.33858386215884007
6,8,11,raw_reuse,0.0717138676634367,0.05306081473827362,0.15245173424482342,0.36559041991654007,0.7414185245187697,-0.15353083736931228,0.9962087602089466,0.689559049183154
6,8,11,shift_reuse,0.0791181319620999,0.0674826130270958,0.13510188832879066,0.4581511661489806,0.7414185245187697,-0.15353083736931228,0.9962087602089466,0.689559049183154
6,8,11,shift_toeplitz_r2,0.08073090198166888,0.06900513917207718,0.1519647642970085,0.44393789666571903,0.7414185245187697,-0.15353083736931228,0.9962087602089466,0.689559049183154
6,8,11,shift_circular_r2,0.08073090198166888,0.06900513917207718,0.1519647642970085,0.44393789666571903,0.7414185245187697,-0.15353083736931228,0.9962087602089466,0.689559049183154
6,8,11,shift_rank8_feature,0.08577843035087435,0.08199343830347061,0.14286194145679473,0.4472757610140379,0.7414185245187697,-0.15353083736931228,0.9962087602089466,0.689559049183154
6,8,11,shift_rank8_prev_flow,0.026469616376944925,0.022999664768576622,0.052940779924392695,0.2340000442293775,0.7414185245187697,-0.15353083736931228,0.9962087602089466,0.689559049183154
6,8,11,shift_rank8_oracle,0.02611160769740695,0.022643620148301125,0.05308927204459905,0.2329740239624541,0.7414185245187697,-0.15353083736931228,0.9962087602089466,0.689559049183154
6,8,11,flow_reuse,0.007765150714498915,0.007363410666584969,0.011457084119319916,0.060956916708325926,0.7414185245187697,-0.15353083736931228,0.9962087602089466,0.689559049183154
6,8,11,flow_toeplitz_r2,0.00795140791417419,0.007649879436939955,0.011253541894257068,0.051415331312408726,0.7414185245187697,-0.15353083736931228,0.9962087602089466,0.689559049183154
6,8,11,flow_rank8_oracle,0.005452977252427173,0.0050750416703522205,0.008052329742349684,0.03396350433069036,0.7414185245187697,-0.15353083736931228,0.9962087602089466,0.689559049183154
7,8,11,raw_reuse,0.05999182753029863,0.05131635069847107,0.1141522191464901,0.23282424073483426,0.8220136860705238,0.27758419733062956,0.9876688165107357,0.9331169214197522
7,8,11,shift_reuse,0.07926974129712,0.0652850940823555,0.14655743241310118,0.3280613099271457,0.8220136860705238,0.27758419733062956,0.9876688165107357,0.9331169214197522
7,8,11,shift_toeplitz_r2,0.07971121990091502,0.06631533056497574,0.1525480970740318,0.34518026356666337,0.8220136860705238,0.27758419733062956,0.9876688165107357,0.9331169214197522
7,8,11,shift_circular_r2,0.07971121990091502,0.06631533056497574,0.1525480970740318,0.34518026356666337,0.8220136860705238,0.27758419733062956,0.9876688165107357,0.9331169214197522
7,8,11,shift_rank8_feature,0.07052430822293304,0.06123944744467735,0.11520974300801752,0.26325828718728067,0.8220136860705238,0.27758419733062956,0.9876688165107357,0.9331169214197522
7,8,11,shift_rank8_prev_flow,0.030496066242476694,0.02584313601255417,0.047858748771250244,0.14146255055171605,0.8220136860705238,0.27758419733062956,0.9876688165107357,0.9331169214197522
7,8,11,shift_rank8_oracle,0.030828312426074946,0.026198336854577065,0.04904891178011894,0.13840389717761345,0.8220136860705238,0.27758419733062956,0.9876688165107357,0.9331169214197522
7,8,11,flow_reuse,0.015921564061823153,0.01589679718017578,0.020378837548196315,0.10526667217231764,0.8220136860705238,0.27758419733062956,0.9876688165107357,0.9331169214197522
7,8,11,flow_toeplitz_r2,0.012027958219283017,0.010352889075875282,0.020492328889667986,0.13670397488965386,0.8220136860705238,0.27758419733062956,0.9876688165107357,0.9331169214197522
7,8,11,flow_rank8_oracle,0.007924875376386946,0.007103588432073593,0.012394179962575434,0.027223817281995546,0.8220136860705238,0.27758419733062956,0.9876688165107357,0.9331169214197522
0,9,0,raw_reuse,1.0042688393313535,1.0193583965301514,1.7744537353515624,0.29770618320799547,0.9629636866706272,0.9010249420111428,0.9966106101018082,0.25476905648962245
0,9,0,shift_reuse,0.6470676313091682,0.6553590297698975,1.3720038831233978,0.37411533013582676,0.9629636866706272,0.9010249420111428,0.9966106101018082,0.25476905648962245
0,9,0,shift_toeplitz_r2,0.32223289854976345,0.32735881209373474,0.5793077170848846,0.17187825223371567,0.9629636866706272,0.9010249420111428,0.9966106101018082,0.25476905648962245
0,9,0,shift_circular_r2,0.32223289854976345,0.32735881209373474,0.5793077170848846,0.17187825223371567,0.9629636866706272,0.9010249420111428,0.9966106101018082,0.25476905648962245
0,9,0,shift_rank8_feature,0.17861728613749228,0.17519474029541016,0.31931766271591183,0.09014880394212438,0.9629636866706272,0.9010249420111428,0.9966106101018082,0.25476905648962245
0,9,0,shift_rank8_prev_flow,0.11616311932820189,0.11378493905067444,0.243976192176342,0.07269438484121231,0.9629636866706272,0.9010249420111428,0.9966106101018082,0.25476905648962245
0,9,0,shift_rank8_oracle,0.11667581580453776,0.11572987586259842,0.25146199688315385,0.07199782542104909,0.9629636866706272,0.9010249420111428,0.9966106101018082,0.25476905648962245
0,9,0,flow_reuse,0.3809866652190239,0.3939781188964844,0.56564022898674,0.07302547936419532,0.9629636866706272,0.9010249420111428,0.9966106101018082,0.25476905648962245
0,9,0,flow_toeplitz_r2,0.21483263377777922,0.22629804909229279,0.32766989469528196,0.06098445908828052,0.9629636866706272,0.9010249420111428,0.9966106101018082,0.25476905648962245
0,9,0,flow_rank8_oracle,0.31422952043885577,0.3221350610256195,0.47582638561725615,0.06304053006851756,0.9629636866706272,0.9010249420111428,0.9966106101018082,0.25476905648962245
1,9,0,raw_reuse,0.1916387029952436,0.18825213611125946,0.3327601701021194,0.2371575988318206,0.8822735843386873,0.9154701158788683,0.9914669789932977,0.2832577578989468
1,9,0,shift_reuse,0.14309190389498383,0.1457098126411438,0.2604217499494552,0.41349577472947147,0.8822735843386873,0.9154701158788683,0.9914669789932977,0.2832577578989468
1,9,0,shift_toeplitz_r2,0.08634715218907875,0.08475140482187271,0.1353355072438717,0.25497116493280714,0.8822735843386873,0.9154701158788683,0.9914669789932977,0.2832577578989468
1,9,0,shift_circular_r2,0.08634715218907875,0.08475140482187271,0.1353355072438717,0.25497116493280714,0.8822735843386873,0.9154701158788683,0.9914669789932977,0.2832577578989468
1,9,0,shift_rank8_feature,0.08137981608132387,0.07799652963876724,0.15908154621720313,0.1579855936938715,0.8822735843386873,0.9154701158788683,0.9914669789932977,0.2832577578989468
1,9,0,shift_rank8_prev_flow,0.07183994325294088,0.06809001415967941,0.14931629225611687,0.14358399008598166,0.8822735843386873,0.9154701158788683,0.9914669789932977,0.2832577578989468
1,9,0,shift_rank8_oracle,0.07348763464615007,0.06993109732866287,0.14967635199427604,0.1418757063948718,0.8822735843386873,0.9154701158788683,0.9914669789932977,0.2832577578989468
1,9,0,flow_reuse,0.08884502826957114,0.08601584285497665,0.12975921109318733,0.08920362591898379,0.8822735843386873,0.9154701158788683,0.9914669789932977,0.2832577578989468
1,9,0,flow_toeplitz_r2,0.027963470159493766,0.027911052107810974,0.05290329251438379,0.06745861538957142,0.8822735843386873,0.9154701158788683,0.9914669789932977,0.2832577578989468
1,9,0,flow_rank8_oracle,0.07962100020096866,0.07660546153783798,0.11862115822732448,0.07552035247090476,0.8822735843386873,0.9154701158788683,0.9914669789932977,0.2832577578989468
2,9,0,raw_reuse,0.10276936685935292,0.09962404519319534,0.19071885272860525,0.3141523667558255,0.7310203728469387,0.8039466170242957,0.9917814315483854,0.4995566444401818
2,9,0,shift_reuse,0.09510937017320328,0.09267044067382812,0.2160632349550724,0.42044602657963964,0.7310203728469387,0.8039466170242957,0.9917814315483854,0.4995566444401818
2,9,0,shift_toeplitz_r2,0.08520421652753839,0.08315704017877579,0.1619244985282421,0.35322655808569636,0.7310203728469387,0.8039466170242957,0.9917814315483854,0.4995566444401818
2,9,0,shift_circular_r2,0.08520421652753839,0.08315704017877579,0.1619244985282421,0.35322655808569636,0.7310203728469387,0.8039466170242957,0.9917814315483854,0.4995566444401818
2,9,0,shift_rank8_feature,0.060149808645112976,0.06167227029800415,0.10266487225890157,0.2520061360441165,0.7310203728469387,0.8039466170242957,0.9917814315483854,0.4995566444401818
2,9,0,shift_rank8_prev_flow,0.04882357014619942,0.050396185368299484,0.08802132047712803,0.2195855635794992,0.7310203728469387,0.8039466170242957,0.9917814315483854,0.4995566444401818
2,9,0,shift_rank8_oracle,0.048742111887373464,0.050456076860427856,0.08973612897098064,0.21805695648964318,0.7310203728469387,0.8039466170242957,0.9917814315483854,0.4995566444401818
2,9,0,flow_reuse,0.04736174139769026,0.047538239508867264,0.06696321964263915,0.14221566685752546,0.7310203728469387,0.8039466170242957,0.9917814315483854,0.4995566444401818
2,9,0,flow_toeplitz_r2,0.02469558302180978,0.024668226018548012,0.03872375581413507,0.11443304362551093,0.7310203728469387,0.8039466170242957,0.9917814315483854,0.4995566444401818
2,9,0,flow_rank8_oracle,0.04425276923297991,0.04464763402938843,0.06620507985353469,0.10060623711903514,0.7310203728469387,0.8039466170242957,0.9917814315483854,0.4995566444401818
3,9,0,raw_reuse,0.13990035454833535,0.1354784518480301,0.20710848942399024,0.2969714066359479,0.6230031749328654,0.4813487078694757,0.9906082618289612,0.5797986450186446
3,9,0,shift_reuse,0.11038220470981891,0.10919132083654404,0.19689692258834837,0.3336090040161213,0.6230031749328654,0.4813487078694757,0.9906082618289612,0.5797986450186446
3,9,0,shift_toeplitz_r2,0.1018907923692354,0.10199908167123795,0.16850248500704765,0.2980301404640012,0.6230031749328654,0.4813487078694757,0.9906082618289612,0.5797986450186446
3,9,0,shift_circular_r2,0.1018907923692354,0.10199908167123795,0.16850248500704765,0.2980301404640012,0.6230031749328654,0.4813487078694757,0.9906082618289612,0.5797986450186446
3,9,0,shift_rank8_feature,0.09433953138423277,0.09093741327524185,0.17247131913900368,0.2563272163922879,0.6230031749328654,0.4813487078694757,0.9906082618289612,0.5797986450186446
3,9,0,shift_rank8_prev_flow,0.06678476019633249,0.06615248322486877,0.1180848080664873,0.205883071980804,0.6230031749328654,0.4813487078694757,0.9906082618289612,0.5797986450186446
3,9,0,shift_rank8_oracle,0.06622903932161894,0.0658477321267128,0.11846352107822894,0.20483615261058455,0.6230031749328654,0.4813487078694757,0.9906082618289612,0.5797986450186446
3,9,0,flow_reuse,0.06003394596156234,0.061911627650260925,0.0966678950935602,0.1411182074127727,0.6230031749328654,0.4813487078694757,0.9906082618289612,0.5797986450186446
3,9,0,flow_toeplitz_r2,0.03855591166258664,0.03912866860628128,0.06019663866609333,0.11529630396237035,0.6230031749328654,0.4813487078694757,0.9906082618289612,0.5797986450186446
3,9,0,flow_rank8_oracle,0.04891712655609451,0.05077451467514038,0.0863483652472496,0.09147697091557629,0.6230031749328654,0.4813487078694757,0.9906082618289612,0.5797986450186446
4,9,0,raw_reuse,0.15805566627388207,0.15037985146045685,0.26648088842630385,0.3032721778275183,0.669836821759906,0.5041476925436641,0.9900044934223879,0.624875993887394
4,9,0,shift_reuse,0.19158348528811275,0.178855299949646,0.37270387262105936,0.39111238518982494,0.669836821759906,0.5041476925436641,0.9900044934223879,0.624875993887394
4,9,0,shift_toeplitz_r2,0.16378716452256034,0.15235184133052826,0.3206036806106567,0.35366729440299505,0.669836821759906,0.5041476925436641,0.9900044934223879,0.624875993887394
4,9,0,shift_circular_r2,0.16378716452256034,0.15235184133052826,0.3206036806106567,0.35366729440299505,0.669836821759906,0.5041476925436641,0.9900044934223879,0.624875993887394
4,9,0,shift_rank8_feature,0.1329058972668645,0.12794248759746552,0.22130741178989408,0.29709811083852355,0.669836821759906,0.5041476925436641,0.9900044934223879,0.624875993887394
4,9,0,shift_rank8_prev_flow,0.08313444502358194,0.0820942148566246,0.17078648582100867,0.22641978193630263,0.669836821759906,0.5041476925436641,0.9900044934223879,0.624875993887394
4,9,0,shift_rank8_oracle,0.08152208010024263,0.08072501420974731,0.16679115220904348,0.2247325020678329,0.669836821759906,0.5041476925436641,0.9900044934223879,0.624875993887394
4,9,0,flow_reuse,0.059835328905903325,0.06355255097150803,0.0989944092929363,0.14059496673313532,0.669836821759906,0.5041476925436641,0.9900044934223879,0.624875993887394
4,9,0,flow_toeplitz_r2,0.04222959874380075,0.043485045433044434,0.0734963785856962,0.11353298493857925,0.669836821759906,0.5041476925436641,0.9900044934223879,0.624875993887394
4,9,0,flow_rank8_oracle,0.050881647098918986,0.05321643874049187,0.08997444882988928,0.08611071636838243,0.669836821759906,0.5041476925436641,0.9900044934223879,0.624875993887394
5,9,0,raw_reuse,0.18583393989246397,0.1550673097372055,0.3144767209887504,0.32708462095624585,0.7852612765959688,0.5408558561612118,0.9905079502116454,0.684667750854874
5,9,0,shift_reuse,0.180074721226039,0.1725650280714035,0.30640282928943635,0.4251888897957055,0.7852612765959688,0.5408558561612118,0.9905079502116454,0.684667750854874
5,9,0,shift_toeplitz_r2,0.16946730387226003,0.16352137923240662,0.31582911908626554,0.37457830773477757,0.7852612765959688,0.5408558561612118,0.9905079502116454,0.684667750854874
5,9,0,shift_circular_r2,0.16946730387226003,0.16352137923240662,0.31582911908626554,0.37457830773477757,0.7852612765959688,0.5408558561612118,0.9905079502116454,0.684667750854874
5,9,0,shift_rank8_feature,0.14413149831167163,0.13482636213302612,0.296480232477188,0.2887255805466712,0.7852612765959688,0.5408558561612118,0.9905079502116454,0.684667750854874
5,9,0,shift_rank8_prev_flow,0.08393826494964818,0.07510765641927719,0.15641869753599164,0.19935514093306317,0.7852612765959688,0.5408558561612118,0.9905079502116454,0.684667750854874
5,9,0,shift_rank8_oracle,0.08307739635135845,0.07415882498025894,0.15739252120256422,0.19703216622316724,0.7852612765959688,0.5408558561612118,0.9905079502116454,0.684667750854874
5,9,0,flow_reuse,0.062274095658118145,0.06367641687393188,0.10826542377471923,0.15277736979158693,0.7852612765959688,0.5408558561612118,0.9905079502116454,0.684667750854874
5,9,0,flow_toeplitz_r2,0.04625623880026618,0.04490359500050545,0.07891228049993514,0.1155579982110098,0.7852612765959688,0.5408558561612118,0.9905079502116454,0.684667750854874
5,9,0,flow_rank8_oracle,0.044944857631502036,0.045325618237257004,0.07512572817504405,0.08579129495014014,0.7852612765959688,0.5408558561612118,0.9905079502116454,0.684667750854874
6,9,0,raw_reuse,0.2089659984925858,0.18157248198986053,0.4398717001080513,0.38635675641473055,0.7936369007123546,0.1331064444868323,0.9766920147973983,0.5606016152718755
6,9,0,shift_reuse,0.16841731429891724,0.16534920036792755,0.32578851878643034,0.4144772731495303,0.7936369007123546,0.1331064444868323,0.9766920147973983,0.5606016152718755
6,9,0,shift_toeplitz_r2,0.16851356137436066,0.1639643758535385,0.33171268254518504,0.3637167218465571,0.7936369007123546,0.1331064444868323,0.9766920147973983,0.5606016152718755
6,9,0,shift_circular_r2,0.16851356137436066,0.1639643758535385,0.33171268254518504,0.3637167218465571,0.7936369007123546,0.1331064444868323,0.9766920147973983,0.5606016152718755
6,9,0,shift_rank8_feature,0.18359773431784607,0.17926497757434845,0.33131437152624127,0.3337310623259049,0.7936369007123546,0.1331064444868323,0.9766920147973983,0.5606016152718755
6,9,0,shift_rank8_prev_flow,0.06563256470774653,0.058853257447481155,0.12991828396916383,0.19363053346896467,0.7936369007123546,0.1331064444868323,0.9766920147973983,0.5606016152718755
6,9,0,shift_rank8_oracle,0.053395831237673816,0.05069611594080925,0.11474709957838058,0.18828544232047803,0.7936369007123546,0.1331064444868323,0.9766920147973983,0.5606016152718755
6,9,0,flow_reuse,0.05890890650721783,0.0571969635784626,0.10938490219414233,0.15544179741966804,0.7936369007123546,0.1331064444868323,0.9766920147973983,0.5606016152718755
6,9,0,flow_toeplitz_r2,0.05213556615172904,0.0481656976044178,0.10884029008448123,0.13051344385428804,0.7936369007123546,0.1331064444868323,0.9766920147973983,0.5606016152718755
6,9,0,flow_rank8_oracle,0.044714953385595065,0.04265236854553223,0.08803624920547005,0.10303790918661399,0.7936369007123546,0.1331064444868323,0.9766920147973983,0.5606016152718755
7,9,0,raw_reuse,0.23956139894026887,0.202304407954216,0.49287386983633025,0.21963669881813427,0.9132189052189454,0.5590829738178816,0.9499016997601822,0.9526809866273337
7,9,0,shift_reuse,0.1635163654416182,0.15342146158218384,0.25730126202106474,0.2564860525706901,0.9132189052189454,0.5590829738178816,0.9499016997601822,0.9526809866273337
7,9,0,shift_toeplitz_r2,0.15802887774517893,0.14813843369483948,0.24148014932870865,0.2091769426883372,0.9132189052189454,0.5590829738178816,0.9499016997601822,0.9526809866273337
7,9,0,shift_circular_r2,0.15802887774517893,0.14813843369483948,0.24148014932870865,0.2091769426883372,0.9132189052189454,0.5590829738178816,0.9499016997601822,0.9526809866273337
7,9,0,shift_rank8_feature,0.14296825140654085,0.13209907710552216,0.2852848440408706,0.13459612213460428,0.9132189052189454,0.5590829738178816,0.9499016997601822,0.9526809866273337
7,9,0,shift_rank8_prev_flow,0.0758826091759161,0.07646273821592331,0.14134862795472142,0.08437207414987365,0.9132189052189454,0.5590829738178816,0.9499016997601822,0.9526809866273337
7,9,0,shift_rank8_oracle,0.07254783110831081,0.07221373170614243,0.14243258982896803,0.075557280116125,0.9132189052189454,0.5590829738178816,0.9499016997601822,0.9526809866273337
7,9,0,flow_reuse,0.10041708203542075,0.09803199768066406,0.16024556681513785,0.26332705525963035,0.9132189052189454,0.5590829738178816,0.9499016997601822,0.9526809866273337
7,9,0,flow_toeplitz_r2,0.07926205229162368,0.07542439550161362,0.13782515637576576,0.1203226374740951,0.9132189052189454,0.5590829738178816,0.9499016997601822,0.9526809866273337
7,9,0,flow_rank8_oracle,0.06126898113604235,0.057050880044698715,0.11322227530181408,0.05728136029982451,0.9132189052189454,0.5590829738178816,0.9499016997601822,0.9526809866273337
