noise_mode,layer,flow_point,timestep,method,activation_relative_l2,activation_mean_relative_l2,activation_p95_relative_l2,rank8_energy,feature_coefficient_r2,previous_flow_coefficient_r2,flow_rank8_energy
aligned,0,0,98,raw_reuse,0.6188098621904523,0.6109487414360046,0.9172904103994369,0.9905335516756729,0.9141068597546251,0.9999124923479933,0.6012666946388009
aligned,0,0,98,shift_reuse,0.1460106430983274,0.1515704244375229,0.2025871783494949,0.9905335516756729,0.9141068597546251,0.9999124923479933,0.6012666946388009
aligned,0,0,98,shift_toeplitz_r2,0.06731145679651136,0.0694366917014122,0.09140998497605322,0.9905335516756729,0.9141068597546251,0.9999124923479933,0.6012666946388009
aligned,0,0,98,shift_circular_r2,0.06731145679651136,0.0694366917014122,0.09140998497605322,0.9905335516756729,0.9141068597546251,0.9999124923479933,0.6012666946388009
aligned,0,0,98,shift_rank8_feature,0.02493144769268817,0.024840472266077995,0.03470765892416239,0.9905335516756729,0.9141068597546251,0.9999124923479933,0.6012666946388009
aligned,0,0,98,shift_rank8_prev_flow,0.014221247145352167,0.01400140579789877,0.020446840953081843,0.9905335516756729,0.9141068597546251,0.9999124923479933,0.6012666946388009
aligned,0,0,98,shift_rank8_oracle,0.014206204040384928,0.013980750925838947,0.02043294161558151,0.9905335516756729,0.9141068597546251,0.9999124923479933,0.6012666946388009
aligned,0,0,98,flow_reuse,0.007692522802264975,0.007764777634292841,0.012587184691801666,0.9905335516756729,0.9141068597546251,0.9999124923479933,0.6012666946388009
aligned,0,0,98,flow_toeplitz_r2,0.007065796429283589,0.007139866705983877,0.011375377280637622,0.9905335516756729,0.9141068597546251,0.9999124923479933,0.6012666946388009
aligned,0,0,98,flow_rank8_oracle,0.004857469123712289,0.0049858661368489265,0.007594736758619547,0.9905335516756729,0.9141068597546251,0.9999124923479933,0.6012666946388009
aligned,1,0,98,raw_reuse,0.45600965203182153,0.4533073902130127,0.6366981357336043,0.9584990106435421,0.9575654576693255,0.9997559191314385,0.5565444594955886
aligned,1,0,98,shift_reuse,0.22541524791469297,0.23103797435760498,0.30128521770238875,0.9584990106435421,0.9575654576693255,0.9997559191314385,0.5565444594955886
aligned,1,0,98,shift_toeplitz_r2,0.11462038651081484,0.11717585474252701,0.15580051988363264,0.9584990106435421,0.9575654576693255,0.9997559191314385,0.5565444594955886
aligned,1,0,98,shift_circular_r2,0.11462038651081484,0.11717585474252701,0.15580051988363264,0.9584990106435421,0.9575654576693255,0.9997559191314385,0.5565444594955886
aligned,1,0,98,shift_rank8_feature,0.0548119149463544,0.05519045516848564,0.09101877622306344,0.9584990106435421,0.9575654576693255,0.9997559191314385,0.5565444594955886
aligned,1,0,98,shift_rank8_prev_flow,0.0459771802011876,0.046734463423490524,0.06461458485573529,0.9584990106435421,0.9575654576693255,0.9997559191314385,0.5565444594955886
aligned,1,0,98,shift_rank8_oracle,0.04592112457138143,0.04667903110384941,0.06449109949171543,0.9584990106435421,0.9575654576693255,0.9997559191314385,0.5565444594955886
aligned,1,0,98,flow_reuse,0.01711443651062175,0.01754467748105526,0.02239721696823835,0.9584990106435421,0.9575654576693255,0.9997559191314385,0.5565444594955886
aligned,1,0,98,flow_toeplitz_r2,0.013376947541854794,0.01369912177324295,0.01790528194978833,0.9584990106435421,0.9575654576693255,0.9997559191314385,0.5565444594955886
aligned,1,0,98,flow_rank8_oracle,0.01139692318380083,0.01167995948344469,0.015641006547957657,0.9584990106435421,0.9575654576693255,0.9997559191314385,0.5565444594955886
aligned,2,0,98,raw_reuse,0.39368896333784187,0.3890775144100189,0.5573500156402588,0.9348997047231663,0.8960914868299097,0.9996773433729981,0.5898824580715404
aligned,2,0,98,shift_reuse,0.2050503872169748,0.2086596041917801,0.26367081999778746,0.9348997047231663,0.8960914868299097,0.9996773433729981,0.5898824580715404
aligned,2,0,98,shift_toeplitz_r2,0.11611103962512243,0.11756128072738647,0.14604068100452422,0.9348997047231663,0.8960914868299097,0.9996773433729981,0.5898824580715404
aligned,2,0,98,shift_circular_r2,0.11611103962512243,0.11756128072738647,0.14604068100452422,0.9348997047231663,0.8960914868299097,0.9996773433729981,0.5898824580715404
aligned,2,0,98,shift_rank8_feature,0.06631300941142755,0.06664299964904785,0.0891166977584362,0.9348997047231663,0.8960914868299097,0.9996773433729981,0.5898824580715404
aligned,2,0,98,shift_rank8_prev_flow,0.05236736201982659,0.05280553176999092,0.07051442340016364,0.9348997047231663,0.8960914868299097,0.9996773433729981,0.5898824580715404
aligned,2,0,98,shift_rank8_oracle,0.05231811316932749,0.052752066403627396,0.07049646824598312,0.9348997047231663,0.8960914868299097,0.9996773433729981,0.5898824580715404
aligned,2,0,98,flow_reuse,0.02810308464005147,0.028736518695950508,0.03651059344410896,0.9348997047231663,0.8960914868299097,0.9996773433729981,0.5898824580715404
aligned,2,0,98,flow_toeplitz_r2,0.020424673763780935,0.020862748846411705,0.02663435423746705,0.9348997047231663,0.8960914868299097,0.9996773433729981,0.5898824580715404
aligned,2,0,98,flow_rank8_oracle,0.017997333492414135,0.018350251019001007,0.02242125878110528,0.9348997047231663,0.8960914868299097,0.9996773433729981,0.5898824580715404
aligned,3,0,98,raw_reuse,0.3017860479898659,0.293670654296875,0.4556025967001915,0.9637342983706394,0.8676400990654249,0.9982008706265579,0.7981452544220407
aligned,3,0,98,shift_reuse,0.23316289358503903,0.2372472733259201,0.2912937834858894,0.9637342983706394,0.8676400990654249,0.9982008706265579,0.7981452544220407
aligned,3,0,98,shift_toeplitz_r2,0.09384506344265035,0.09384221583604813,0.11813113056123256,0.9637342983706394,0.8676400990654249,0.9982008706265579,0.7981452544220407
aligned,3,0,98,shift_circular_r2,0.09384506344265035,0.09384221583604813,0.11813113056123256,0.9637342983706394,0.8676400990654249,0.9982008706265579,0.7981452544220407
aligned,3,0,98,shift_rank8_feature,0.055300544098285456,0.0549030601978302,0.06780209951102734,0.9637342983706394,0.8676400990654249,0.9982008706265579,0.7981452544220407
aligned,3,0,98,shift_rank8_prev_flow,0.044568507646302415,0.04423286393284798,0.05506651792675256,0.9637342983706394,0.8676400990654249,0.9982008706265579,0.7981452544220407
aligned,3,0,98,shift_rank8_oracle,0.044402505670435896,0.04405014589428902,0.05501145962625741,0.9637342983706394,0.8676400990654249,0.9982008706265579,0.7981452544220407
aligned,3,0,98,flow_reuse,0.04155080039574755,0.042394787073135376,0.052589477971196175,0.9637342983706394,0.8676400990654249,0.9982008706265579,0.7981452544220407
aligned,3,0,98,flow_toeplitz_r2,0.023679195265253274,0.024042686447501183,0.028741453029215335,0.9637342983706394,0.8676400990654249,0.9982008706265579,0.7981452544220407
aligned,3,0,98,flow_rank8_oracle,0.018668046589661726,0.018855540081858635,0.022931546717882157,0.9637342983706394,0.8676400990654249,0.9982008706265579,0.7981452544220407
aligned,4,0,98,raw_reuse,0.2991033027398804,0.28778621554374695,0.4363545939326286,0.950682162426448,0.8756633983791635,0.99766839218022,0.7720927406453416
aligned,4,0,98,shift_reuse,0.23840880709387297,0.24289245903491974,0.29077916890382766,0.950682162426448,0.8756633983791635,0.99766839218022,0.7720927406453416
aligned,4,0,98,shift_toeplitz_r2,0.1034881574177453,0.1037660539150238,0.13044205754995344,0.950682162426448,0.8756633983791635,0.99766839218022,0.7720927406453416
aligned,4,0,98,shift_circular_r2,0.1034881574177453,0.1037660539150238,0.13044205754995344,0.950682162426448,0.8756633983791635,0.99766839218022,0.7720927406453416
aligned,4,0,98,shift_rank8_feature,0.06254216382351861,0.06209113821387291,0.0805541194975376,0.950682162426448,0.8756633983791635,0.99766839218022,0.7720927406453416
aligned,4,0,98,shift_rank8_prev_flow,0.053140837440377064,0.05228525772690773,0.06990530118346214,0.950682162426448,0.8756633983791635,0.99766839218022,0.7720927406453416
aligned,4,0,98,shift_rank8_oracle,0.05294492137151448,0.05207905173301697,0.06966036632657051,0.950682162426448,0.8756633983791635,0.99766839218022,0.7720927406453416
aligned,4,0,98,flow_reuse,0.058147778572213114,0.05953420326113701,0.07521821931004524,0.950682162426448,0.8756633983791635,0.99766839218022,0.7720927406453416
aligned,4,0,98,flow_toeplitz_r2,0.034087426123668954,0.034734565764665604,0.04370800368487835,0.950682162426448,0.8756633983791635,0.99766839218022,0.7720927406453416
aligned,4,0,98,flow_rank8_oracle,0.027759536298573546,0.02806631289422512,0.032445334084331985,0.950682162426448,0.8756633983791635,0.99766839218022,0.7720927406453416
aligned,5,0,98,raw_reuse,0.19923221290898246,0.1915121227502823,0.27082343995571134,0.9509420521896697,0.7885395823077812,0.9965781535450724,0.8573629618778348
aligned,5,0,98,shift_reuse,0.2137789161615891,0.213340163230896,0.24501095935702324,0.9509420521896697,0.7885395823077812,0.9965781535450724,0.8573629618778348
aligned,5,0,98,shift_toeplitz_r2,0.08220544519492484,0.08076876401901245,0.11220207847654819,0.9509420521896697,0.7885395823077812,0.9965781535450724,0.8573629618778348
aligned,5,0,98,shift_circular_r2,0.08220544519492484,0.08076876401901245,0.11220207847654819,0.9509420521896697,0.7885395823077812,0.9965781535450724,0.8573629618778348
aligned,5,0,98,shift_rank8_feature,0.05775700813633181,0.056652188301086426,0.07564233429729939,0.9509420521896697,0.7885395823077812,0.9965781535450724,0.8573629618778348
aligned,5,0,98,shift_rank8_prev_flow,0.047536503343456014,0.046393584460020065,0.062098073214292525,0.9509420521896697,0.7885395823077812,0.9965781535450724,0.8573629618778348
aligned,5,0,98,shift_rank8_oracle,0.04734995377266399,0.04619767889380455,0.06197897903621196,0.9509420521896697,0.7885395823077812,0.9965781535450724,0.8573629618778348
aligned,5,0,98,flow_reuse,0.04517375278487572,0.045299213379621506,0.05254675652831793,0.9509420521896697,0.7885395823077812,0.9965781535450724,0.8573629618778348
aligned,5,0,98,flow_toeplitz_r2,0.023757660415275442,0.023591622710227966,0.030735290423035622,0.9509420521896697,0.7885395823077812,0.9965781535450724,0.8573629618778348
aligned,5,0,98,flow_rank8_oracle,0.017060915299241655,0.01695225201547146,0.020536434929817913,0.9509420521896697,0.7885395823077812,0.9965781535450724,0.8573629618778348
aligned,6,0,98,raw_reuse,0.09379888802331088,0.08961576223373413,0.135930610448122,0.9823179703673308,0.6568903452437749,0.9889158153625326,0.7620119727684554
aligned,6,0,98,shift_reuse,0.14229319170508375,0.14155009388923645,0.16057295799255372,0.9823179703673308,0.6568903452437749,0.9889158153625326,0.7620119727684554
aligned,6,0,98,shift_toeplitz_r2,0.03768227892849135,0.03676287457346916,0.05472474619746207,0.9823179703673308,0.6568903452437749,0.9889158153625326,0.7620119727684554
aligned,6,0,98,shift_circular_r2,0.03768227892849135,0.03676287457346916,0.05472474619746207,0.9823179703673308,0.6568903452437749,0.9889158153625326,0.7620119727684554
aligned,6,0,98,shift_rank8_feature,0.02720491046317942,0.026541857048869133,0.03660742081701755,0.9823179703673308,0.6568903452437749,0.9889158153625326,0.7620119727684554
aligned,6,0,98,shift_rank8_prev_flow,0.019244683610130726,0.018876930698752403,0.02470550937578082,0.9823179703673308,0.6568903452437749,0.9889158153625326,0.7620119727684554
aligned,6,0,98,shift_rank8_oracle,0.018921267499056073,0.01854552887380123,0.02413396993651986,0.9823179703673308,0.6568903452437749,0.9889158153625326,0.7620119727684554
aligned,6,0,98,flow_reuse,0.01649969229937906,0.016225049272179604,0.024377210345119235,0.9823179703673308,0.6568903452437749,0.9889158153625326,0.7620119727684554
aligned,6,0,98,flow_toeplitz_r2,0.011943766302096606,0.011525392532348633,0.019253663159906863,0.9823179703673308,0.6568903452437749,0.9889158153625326,0.7620119727684554
aligned,6,0,98,flow_rank8_oracle,0.008049212624674404,0.007830734364688396,0.012471285834908485,0.9823179703673308,0.6568903452437749,0.9889158153625326,0.7620119727684554
aligned,7,0,98,raw_reuse,0.13945951365881054,0.1332002729177475,0.20372733399271964,0.9752156286758362,0.8174332622032039,0.9930984405069806,0.7736317634603245
aligned,7,0,98,shift_reuse,0.06549905793145078,0.0653330385684967,0.08433505445718766,0.9752156286758362,0.8174332622032039,0.9930984405069806,0.7736317634603245
aligned,7,0,98,shift_toeplitz_r2,0.028203718434334488,0.0275556743144989,0.037876832857728006,0.9752156286758362,0.8174332622032039,0.9930984405069806,0.7736317634603245
aligned,7,0,98,shift_circular_r2,0.028203718434334488,0.0275556743144989,0.037876832857728006,0.9752156286758362,0.8174332622032039,0.9930984405069806,0.7736317634603245
aligned,7,0,98,shift_rank8_feature,0.015325510525026845,0.014833822846412659,0.02136704847216606,0.9752156286758362,0.8174332622032039,0.9930984405069806,0.7736317634603245
aligned,7,0,98,shift_rank8_prev_flow,0.010544543161954812,0.010260473005473614,0.014278815174475311,0.9752156286758362,0.8174332622032039,0.9930984405069806,0.7736317634603245
aligned,7,0,98,shift_rank8_oracle,0.010311551310638817,0.010004788637161255,0.014194228500127791,0.9752156286758362,0.8174332622032039,0.9930984405069806,0.7736317634603245
aligned,7,0,98,flow_reuse,0.008476132564164466,0.00800604373216629,0.01494482336565852,0.9752156286758362,0.8174332622032039,0.9930984405069806,0.7736317634603245
aligned,7,0,98,flow_toeplitz_r2,0.007148883169704441,0.0067677185870707035,0.012347611039876936,0.9752156286758362,0.8174332622032039,0.9930984405069806,0.7736317634603245
aligned,7,0,98,flow_rank8_oracle,0.004032789247544452,0.0038476362824440002,0.006395992031320929,0.9752156286758362,0.8174332622032039,0.9930984405069806,0.7736317634603245
aligned,0,1,88,raw_reuse,0.6200657675674031,0.613451361656189,0.9305597782135009,0.9906824590874573,0.9072297975727737,0.9999158308619157,0.6336994579013606
aligned,0,1,88,shift_reuse,0.14869308766949257,0.15432651340961456,0.20373151525855063,0.9906824590874573,0.9072297975727737,0.9999158308619157,0.6336994579013606
aligned,0,1,88,shift_toeplitz_r2,0.06791682169131007,0.06989390403032303,0.0907879028469324,0.9906824590874573,0.9072297975727737,0.9999158308619157,0.6336994579013606
aligned,0,1,88,shift_circular_r2,0.06791682169131007,0.06989390403032303,0.0907879028469324,0.9906824590874573,0.9072297975727737,0.9999158308619157,0.6336994579013606
aligned,0,1,88,shift_rank8_feature,0.025864916738665766,0.025697872042655945,0.03925161473453045,0.9906824590874573,0.9072297975727737,0.9999158308619157,0.6336994579013606
aligned,0,1,88,shift_rank8_prev_flow,0.014367586041952277,0.014050401747226715,0.01991749880835414,0.9906824590874573,0.9072297975727737,0.9999158308619157,0.6336994579013606
aligned,0,1,88,shift_rank8_oracle,0.01435295866169626,0.014029753394424915,0.019907839596271515,0.9906824590874573,0.9072297975727737,0.9999158308619157,0.6336994579013606
aligned,0,1,88,flow_reuse,0.007678607016786542,0.007761877030134201,0.012794643780216575,0.9906824590874573,0.9072297975727737,0.9999158308619157,0.6336994579013606
aligned,0,1,88,flow_toeplitz_r2,0.006781445817549745,0.006843110080808401,0.010581317124888301,0.9906824590874573,0.9072297975727737,0.9999158308619157,0.6336994579013606
aligned,0,1,88,flow_rank8_oracle,0.00464730592074594,0.004756927955895662,0.0073596375761553635,0.9906824590874573,0.9072297975727737,0.9999158308619157,0.6336994579013606
aligned,1,1,88,raw_reuse,0.4546700595452972,0.4510318338871002,0.6239419281482697,0.9610192009949181,0.9592487990590111,0.9997738019675978,0.34458215218025545
aligned,1,1,88,shift_reuse,0.23005878632655324,0.23467139899730682,0.3046466544270515,0.9610192009949181,0.9592487990590111,0.9997738019675978,0.34458215218025545
aligned,1,1,88,shift_toeplitz_r2,0.11542050922384163,0.11754433065652847,0.15691844671964644,0.9610192009949181,0.9592487990590111,0.9997738019675978,0.34458215218025545
aligned,1,1,88,shift_circular_r2,0.11542050922384163,0.11754433065652847,0.15691844671964644,0.9610192009949181,0.9592487990590111,0.9997738019675978,0.34458215218025545
aligned,1,1,88,shift_rank8_feature,0.05423210442912457,0.0543278269469738,0.08272384740412234,0.9610192009949181,0.9592487990590111,0.9997738019675978,0.34458215218025545
aligned,1,1,88,shift_rank8_prev_flow,0.04547540122185925,0.04600698873400688,0.06352358330041169,0.9610192009949181,0.9592487990590111,0.9997738019675978,0.34458215218025545
aligned,1,1,88,shift_rank8_oracle,0.045421784526266204,0.04595379903912544,0.06344045586884021,0.9610192009949181,0.9592487990590111,0.9997738019675978,0.34458215218025545
aligned,1,1,88,flow_reuse,0.008369641461861152,0.008400248363614082,0.012591494526714085,0.9610192009949181,0.9592487990590111,0.9997738019675978,0.34458215218025545
aligned,1,1,88,flow_toeplitz_r2,0.008374042118687806,0.008427286520600319,0.012007105769589544,0.9610192009949181,0.9592487990590111,0.9997738019675978,0.34458215218025545
aligned,1,1,88,flow_rank8_oracle,0.00677588436561417,0.006736363749951124,0.010211549513041974,0.9610192009949181,0.9592487990590111,0.9997738019675978,0.34458215218025545
aligned,2,1,88,raw_reuse,0.3702649805477133,0.36422833800315857,0.4996609970927238,0.9417130107250327,0.8986823591691162,0.9996790700485335,0.24924350594009548
aligned,2,1,88,shift_reuse,0.20104003455455868,0.20330810546875,0.24981601610779763,0.9417130107250327,0.8986823591691162,0.9996790700485335,0.24924350594009548
aligned,2,1,88,shift_toeplitz_r2,0.10840758790355351,0.10930667072534561,0.1333404190838337,0.9417130107250327,0.8986823591691162,0.9996790700485335,0.24924350594009548
aligned,2,1,88,shift_circular_r2,0.10840758790355351,0.10930667072534561,0.1333404190838337,0.9417130107250327,0.8986823591691162,0.9996790700485335,0.24924350594009548
aligned,2,1,88,shift_rank8_feature,0.061571249752182394,0.0614863745868206,0.08841681629419326,0.9417130107250327,0.8986823591691162,0.9996790700485335,0.24924350594009548
aligned,2,1,88,shift_rank8_prev_flow,0.04858330184742531,0.04863278195261955,0.06552518568933009,0.9417130107250327,0.8986823591691162,0.9996790700485335,0.24924350594009548
aligned,2,1,88,shift_rank8_oracle,0.04853648948540176,0.04858506843447685,0.06545091234147549,0.9417130107250327,0.8986823591691162,0.9996790700485335,0.24924350594009548
aligned,2,1,88,flow_reuse,0.011598947797080981,0.011589407920837402,0.01598647623322904,0.9417130107250327,0.8986823591691162,0.9996790700485335,0.24924350594009548
aligned,2,1,88,flow_toeplitz_r2,0.011925999991406887,0.011891688220202923,0.01696808086708188,0.9417130107250327,0.8986823591691162,0.9996790700485335,0.24924350594009548
aligned,2,1,88,flow_rank8_oracle,0.010050048152833021,0.009981966577470303,0.014710946241393682,0.9417130107250327,0.8986823591691162,0.9996790700485335,0.24924350594009548
aligned,3,1,88,raw_reuse,0.3018080826984557,0.2956107258796692,0.46029048711061477,0.9573924646332127,0.8637598307766884,0.9983065975984045,0.4810034715909802
aligned,3,1,88,shift_reuse,0.25494452407568796,0.2597061097621918,0.33715029060840607,0.9573924646332127,0.8637598307766884,0.9983065975984045,0.4810034715909802
aligned,3,1,88,shift_toeplitz_r2,0.10093795319356975,0.10172735899686813,0.12786831632256507,0.9573924646332127,0.8637598307766884,0.9983065975984045,0.4810034715909802
aligned,3,1,88,shift_circular_r2,0.10093795319356975,0.10172735899686813,0.12786831632256507,0.9573924646332127,0.8637598307766884,0.9983065975984045,0.4810034715909802
aligned,3,1,88,shift_rank8_feature,0.06320662397311924,0.06308620423078537,0.08765476904809474,0.9573924646332127,0.8637598307766884,0.9983065975984045,0.4810034715909802
aligned,3,1,88,shift_rank8_prev_flow,0.05276916376126789,0.05257439985871315,0.07259010449051857,0.9573924646332127,0.8637598307766884,0.9983065975984045,0.4810034715909802
aligned,3,1,88,shift_rank8_oracle,0.05262461054702192,0.05241547152400017,0.07250230126082897,0.9573924646332127,0.8637598307766884,0.9983065975984045,0.4810034715909802
aligned,3,1,88,flow_reuse,0.021375953034202595,0.020913973450660706,0.034582596831023694,0.9573924646332127,0.8637598307766884,0.9983065975984045,0.4810034715909802
aligned,3,1,88,flow_toeplitz_r2,0.02278362542557503,0.022340716794133186,0.035634994693100455,0.9573924646332127,0.8637598307766884,0.9983065975984045,0.4810034715909802
aligned,3,1,88,flow_rank8_oracle,0.015399538752044042,0.014672485180199146,0.026293270010501146,0.9573924646332127,0.8637598307766884,0.9983065975984045,0.4810034715909802
aligned,4,1,88,raw_reuse,0.29124476083741574,0.2830199897289276,0.420886144042015,0.9311076192217507,0.7692621909478661,0.9979555968083669,0.5488432195977078
aligned,4,1,88,shift_reuse,0.26680198041376,0.2720302641391754,0.32830259054899213,0.9311076192217507,0.7692621909478661,0.9979555968083669,0.5488432195977078
aligned,4,1,88,shift_toeplitz_r2,0.12013641993157857,0.12100714445114136,0.15817342922091485,0.9311076192217507,0.7692621909478661,0.9979555968083669,0.5488432195977078
aligned,4,1,88,shift_circular_r2,0.12013641993157857,0.12100714445114136,0.15817342922091485,0.9311076192217507,0.7692621909478661,0.9979555968083669,0.5488432195977078
aligned,4,1,88,shift_rank8_feature,0.08531938353231829,0.08585519343614578,0.13145613595843314,0.9311076192217507,0.7692621909478661,0.9979555968083669,0.5488432195977078
aligned,4,1,88,shift_rank8_prev_flow,0.07017858646701504,0.07024174183607101,0.11086674965918063,0.9311076192217507,0.7692621909478661,0.9979555968083669,0.5488432195977078
aligned,4,1,88,shift_rank8_oracle,0.07002847124519021,0.0700884535908699,0.11063982807099818,0.9311076192217507,0.7692621909478661,0.9979555968083669,0.5488432195977078
aligned,4,1,88,flow_reuse,0.031814709878335165,0.030019378289580345,0.05307671818882227,0.9311076192217507,0.7692621909478661,0.9979555968083669,0.5488432195977078
aligned,4,1,88,flow_toeplitz_r2,0.03459456522827322,0.033832985907793045,0.05392301958054304,0.9311076192217507,0.7692621909478661,0.9979555968083669,0.5488432195977078
aligned,4,1,88,flow_rank8_oracle,0.02136936964857474,0.020944595336914062,0.03433267995715141,0.9311076192217507,0.7692621909478661,0.9979555968083669,0.5488432195977078
aligned,5,1,88,raw_reuse,0.18357099030838334,0.17797274887561798,0.2411040313541889,0.925948464896024,0.771174935499194,0.9950026989793337,0.5908188675370019
aligned,5,1,88,shift_reuse,0.24123573952626576,0.23958171904087067,0.3218372270464897,0.925948464896024,0.771174935499194,0.9950026989793337,0.5908188675370019
aligned,5,1,88,shift_toeplitz_r2,0.11559033209813811,0.10548779368400574,0.14396105036139487,0.925948464896024,0.771174935499194,0.9950026989793337,0.5908188675370019
aligned,5,1,88,shift_circular_r2,0.11559033209813811,0.10548779368400574,0.14396105036139487,0.925948464896024,0.771174935499194,0.9950026989793337,0.5908188675370019
aligned,5,1,88,shift_rank8_feature,0.08083618916934943,0.07475251704454422,0.10699934586882591,0.925948464896024,0.771174935499194,0.9950026989793337,0.5908188675370019
aligned,5,1,88,shift_rank8_prev_flow,0.06601513890471701,0.060766685754060745,0.08490940146148204,0.925948464896024,0.771174935499194,0.9950026989793337,0.5908188675370019
aligned,5,1,88,shift_rank8_oracle,0.0656460626300088,0.06039164587855339,0.08424171768128871,0.925948464896024,0.771174935499194,0.9950026989793337,0.5908188675370019
aligned,5,1,88,flow_reuse,0.027539681922989563,0.026065697893500328,0.038739894330501554,0.925948464896024,0.771174935499194,0.9950026989793337,0.5908188675370019
aligned,5,1,88,flow_toeplitz_r2,0.029020366226194347,0.028376465663313866,0.037703365460038184,0.925948464896024,0.771174935499194,0.9950026989793337,0.5908188675370019
aligned,5,1,88,flow_rank8_oracle,0.017616380833646937,0.016947833821177483,0.026089273858815425,0.925948464896024,0.771174935499194,0.9950026989793337,0.5908188675370019
aligned,6,1,88,raw_reuse,0.09435952388378538,0.0903208926320076,0.13597571551799773,0.9720461000606846,0.6273631689154189,0.9911404810899114,0.5699048916476426
aligned,6,1,88,shift_reuse,0.1516138068932742,0.15009543299674988,0.1836376667022705,0.9720461000606846,0.6273631689154189,0.9911404810899114,0.5699048916476426
aligned,6,1,88,shift_toeplitz_r2,0.054238339827196794,0.05191624164581299,0.07782905474305153,0.9720461000606846,0.6273631689154189,0.9911404810899114,0.5699048916476426
aligned,6,1,88,shift_circular_r2,0.054238339827196794,0.05191624164581299,0.07782905474305153,0.9720461000606846,0.6273631689154189,0.9911404810899114,0.5699048916476426
aligned,6,1,88,shift_rank8_feature,0.03919761555891937,0.03768770769238472,0.059403925016522405,0.9720461000606846,0.6273631689154189,0.9911404810899114,0.5699048916476426
aligned,6,1,88,shift_rank8_prev_flow,0.025764733443510806,0.025146400555968285,0.032974801585078234,0.9720461000606846,0.6273631689154189,0.9911404810899114,0.5699048916476426
aligned,6,1,88,shift_rank8_oracle,0.025348948892073096,0.024730345234274864,0.032773593440651894,0.9720461000606846,0.6273631689154189,0.9911404810899114,0.5699048916476426
aligned,6,1,88,flow_reuse,0.012775743881903383,0.01173433382064104,0.016745333094149828,0.9720461000606846,0.6273631689154189,0.9911404810899114,0.5699048916476426
aligned,6,1,88,flow_toeplitz_r2,0.013542984773108604,0.012634092010557652,0.01775189125910401,0.9720461000606846,0.6273631689154189,0.9911404810899114,0.5699048916476426
aligned,6,1,88,flow_rank8_oracle,0.008378541949332553,0.007704475428909063,0.011861900612711905,0.9720461000606846,0.6273631689154189,0.9911404810899114,0.5699048916476426
aligned,7,1,88,raw_reuse,0.12413402181196453,0.11865061521530151,0.17112260460853576,0.9656010237967544,0.8041498423145889,0.9861035167679979,0.7994726764956814
aligned,7,1,88,shift_reuse,0.06723918908499142,0.06658215820789337,0.0894721545279026,0.9656010237967544,0.8041498423145889,0.9861035167679979,0.7994726764956814
aligned,7,1,88,shift_toeplitz_r2,0.03474769417370112,0.0335632860660553,0.04824893493205309,0.9656010237967544,0.8041498423145889,0.9861035167679979,0.7994726764956814
aligned,7,1,88,shift_circular_r2,0.03474769417370112,0.0335632860660553,0.04824893493205309,0.9656010237967544,0.8041498423145889,0.9861035167679979,0.7994726764956814
aligned,7,1,88,shift_rank8_feature,0.018945249217148807,0.018319325521588326,0.027991692442446946,0.9656010237967544,0.8041498423145889,0.9861035167679979,0.7994726764956814
aligned,7,1,88,shift_rank8_prev_flow,0.01303663098866212,0.012670832686126232,0.018832873739302154,0.9656010237967544,0.8041498423145889,0.9861035167679979,0.7994726764956814
aligned,7,1,88,shift_rank8_oracle,0.012470826170816048,0.01208532229065895,0.01860050661489367,0.9656010237967544,0.8041498423145889,0.9861035167679979,0.7994726764956814
aligned,7,1,88,flow_reuse,0.010677936433072455,0.010140711441636086,0.01698860554024577,0.9656010237967544,0.8041498423145889,0.9861035167679979,0.7994726764956814
aligned,7,1,88,flow_toeplitz_r2,0.008607643293435045,0.008229927159845829,0.01404477353207767,0.9656010237967544,0.8041498423145889,0.9861035167679979,0.7994726764956814
aligned,7,1,88,flow_rank8_oracle,0.00478160954462175,0.004594570025801659,0.006959841609932482,0.9656010237967544,0.8041498423145889,0.9861035167679979,0.7994726764956814
aligned,0,2,77,raw_reuse,0.6196173775704353,0.6142482757568359,0.9459511339664458,0.9905299261862586,0.9337729304017903,0.9999040300284494,0.5563958008212881
aligned,0,2,77,shift_reuse,0.1548209361628608,0.16046299040317535,0.20687277168035506,0.9905299261862586,0.9337729304017903,0.9999040300284494,0.5563958008212881
aligned,0,2,77,shift_toeplitz_r2,0.0702542516941251,0.07193131744861603,0.09431020170450209,0.9905299261862586,0.9337729304017903,0.9999040300284494,0.5563958008212881
aligned,0,2,77,shift_circular_r2,0.0702542516941251,0.07193131744861603,0.09431020170450209,0.9905299261862586,0.9337729304017903,0.9999040300284494,0.5563958008212881
aligned,0,2,77,shift_rank8_feature,0.024140853076020673,0.024121887981891632,0.035512956418097014,0.9905299261862586,0.9337729304017903,0.9999040300284494,0.5563958008212881
aligned,0,2,77,shift_rank8_prev_flow,0.015083392075248891,0.01467245351523161,0.022749372106045485,0.9905299261862586,0.9337729304017903,0.9999040300284494,0.5563958008212881
aligned,0,2,77,shift_rank8_oracle,0.015066291687676949,0.014649380929768085,0.02274363161996007,0.9905299261862586,0.9337729304017903,0.9999040300284494,0.5563958008212881
aligned,0,2,77,flow_reuse,0.009295397996978138,0.00944445189088583,0.01405417420901358,0.9905299261862586,0.9337729304017903,0.9999040300284494,0.5563958008212881
aligned,0,2,77,flow_toeplitz_r2,0.007711222626909739,0.007796554360538721,0.011116211581975222,0.9905299261862586,0.9337729304017903,0.9999040300284494,0.5563958008212881
aligned,0,2,77,flow_rank8_oracle,0.006191071416121527,0.006341786589473486,0.008348650531843305,0.9905299261862586,0.9337729304017903,0.9999040300284494,0.5563958008212881
aligned,1,2,77,raw_reuse,0.45584665902964294,0.45143187046051025,0.6144547671079635,0.9628843454899432,0.9622143795501507,0.9998560385122682,0.3541227822716798
aligned,1,2,77,shift_reuse,0.24010672649049317,0.24407750368118286,0.31088214218616483,0.9628843454899432,0.9622143795501507,0.9998560385122682,0.3541227822716798
aligned,1,2,77,shift_toeplitz_r2,0.1203691476024819,0.12235316634178162,0.1612403929233551,0.9628843454899432,0.9622143795501507,0.9998560385122682,0.3541227822716798
aligned,1,2,77,shift_circular_r2,0.1203691476024819,0.12235316634178162,0.1612403929233551,0.9628843454899432,0.9622143795501507,0.9998560385122682,0.3541227822716798
aligned,1,2,77,shift_rank8_feature,0.05493695124175125,0.055035460740327835,0.07801081724464892,0.9628843454899432,0.9622143795501507,0.9998560385122682,0.3541227822716798
aligned,1,2,77,shift_rank8_prev_flow,0.04629373100703486,0.046707332134246826,0.06579211503267288,0.9628843454899432,0.9622143795501507,0.9998560385122682,0.3541227822716798
aligned,1,2,77,shift_rank8_oracle,0.04625757786406356,0.04667108133435249,0.06574364751577377,0.9628843454899432,0.9622143795501507,0.9998560385122682,0.3541227822716798
aligned,1,2,77,flow_reuse,0.009017773692583015,0.00902533158659935,0.01256406526081264,0.9628843454899432,0.9622143795501507,0.9998560385122682,0.3541227822716798
aligned,1,2,77,flow_toeplitz_r2,0.007805342945341227,0.007823575288057327,0.010624420549720525,0.9628843454899432,0.9622143795501507,0.9998560385122682,0.3541227822716798
aligned,1,2,77,flow_rank8_oracle,0.0072472678912377225,0.007207492832094431,0.01057616900652647,0.9628843454899432,0.9622143795501507,0.9998560385122682,0.3541227822716798
aligned,2,2,77,raw_reuse,0.3802505380313025,0.37481215596199036,0.5223713904619217,0.922071972089664,0.8714849442924741,0.9997877232039311,0.4675342230327937
aligned,2,2,77,shift_reuse,0.2148178009984707,0.21758103370666504,0.27761709243059157,0.922071972089664,0.8714849442924741,0.9997877232039311,0.4675342230327937
aligned,2,2,77,shift_toeplitz_r2,0.1201634227790174,0.12138374894857407,0.16107323244214058,0.922071972089664,0.8714849442924741,0.9997877232039311,0.4675342230327937
aligned,2,2,77,shift_circular_r2,0.1201634227790174,0.12138374894857407,0.16107323244214058,0.922071972089664,0.8714849442924741,0.9997877232039311,0.4675342230327937
aligned,2,2,77,shift_rank8_feature,0.07495789857026115,0.07462263852357864,0.12176577672362324,0.922071972089664,0.8714849442924741,0.9997877232039311,0.4675342230327937
aligned,2,2,77,shift_rank8_prev_flow,0.05999550908937228,0.05996586009860039,0.0911409206688404,0.922071972089664,0.8714849442924741,0.9997877232039311,0.4675342230327937
aligned,2,2,77,shift_rank8_oracle,0.059967660962174846,0.05993777513504028,0.09110464155673981,0.922071972089664,0.8714849442924741,0.9997877232039311,0.4675342230327937
aligned,2,2,77,flow_reuse,0.015141365999110232,0.015063744969666004,0.02251635333523154,0.922071972089664,0.8714849442924741,0.9997877232039311,0.4675342230327937
aligned,2,2,77,flow_toeplitz_r2,0.012322913461921797,0.01214050967246294,0.018466384522616862,0.922071972089664,0.8714849442924741,0.9997877232039311,0.4675342230327937
aligned,2,2,77,flow_rank8_oracle,0.011048693022000046,0.010895869694650173,0.01635979269631207,0.922071972089664,0.8714849442924741,0.9997877232039311,0.4675342230327937
aligned,3,2,77,raw_reuse,0.31954019657104404,0.31820109486579895,0.48378997594118117,0.8885113033136014,0.40596875472324445,0.9987870328975007,0.5378884440864424
aligned,3,2,77,shift_reuse,0.27550326127278807,0.28068605065345764,0.36077083498239515,0.8885113033136014,0.40596875472324445,0.9987870328975007,0.5378884440864424
aligned,3,2,77,shift_toeplitz_r2,0.12900295399603023,0.1308215856552124,0.1932664968073368,0.8885113033136014,0.40596875472324445,0.9987870328975007,0.5378884440864424
aligned,3,2,77,shift_circular_r2,0.12900295399603023,0.1308215856552124,0.1932664968073368,0.8885113033136014,0.40596875472324445,0.9987870328975007,0.5378884440864424
aligned,3,2,77,shift_rank8_feature,0.11921230191271584,0.12004345655441284,0.1860930822789669,0.8885113033136014,0.40596875472324445,0.9987870328975007,0.5378884440864424
aligned,3,2,77,shift_rank8_prev_flow,0.09205410850225716,0.09269817918539047,0.1380256354808807,0.8885113033136014,0.40596875472324445,0.9987870328975007,0.5378884440864424
aligned,3,2,77,shift_rank8_oracle,0.09199032716939122,0.09262838959693909,0.13793433532118796,0.8885113033136014,0.40596875472324445,0.9987870328975007,0.5378884440864424
aligned,3,2,77,flow_reuse,0.025872857041078962,0.02563590370118618,0.03843914847820997,0.8885113033136014,0.40596875472324445,0.9987870328975007,0.5378884440864424
aligned,3,2,77,flow_toeplitz_r2,0.02190137590483171,0.021233253180980682,0.03432575426995754,0.8885113033136014,0.40596875472324445,0.9987870328975007,0.5378884440864424
aligned,3,2,77,flow_rank8_oracle,0.01758805452557621,0.01719747669994831,0.02565591037273407,0.8885113033136014,0.40596875472324445,0.9987870328975007,0.5378884440864424
aligned,4,2,77,raw_reuse,0.31502392776692717,0.3147854506969452,0.4877842515707016,0.8387884480900526,0.36910583034562805,0.9986172072219583,0.6221629160647395
aligned,4,2,77,shift_reuse,0.29560607070649925,0.3039664328098297,0.3933475852012634,0.8387884480900526,0.36910583034562805,0.9986172072219583,0.6221629160647395
aligned,4,2,77,shift_toeplitz_r2,0.16934669528290075,0.17173485457897186,0.25044885128736494,0.8387884480900526,0.36910583034562805,0.9986172072219583,0.6221629160647395
aligned,4,2,77,shift_circular_r2,0.16934669528290075,0.17173485457897186,0.25044885128736494,0.8387884480900526,0.36910583034562805,0.9986172072219583,0.6221629160647395
aligned,4,2,77,shift_rank8_feature,0.15514401004465828,0.1568232625722885,0.23251479789614676,0.8387884480900526,0.36910583034562805,0.9986172072219583,0.6221629160647395
aligned,4,2,77,shift_rank8_prev_flow,0.1187813917575345,0.12022130936384201,0.1782302677631378,0.8387884480900526,0.36910583034562805,0.9986172072219583,0.6221629160647395
aligned,4,2,77,shift_rank8_oracle,0.11868926162450508,0.12012303620576859,0.17809101119637488,0.8387884480900526,0.36910583034562805,0.9986172072219583,0.6221629160647395
aligned,4,2,77,flow_reuse,0.03561872714027454,0.03252234682440758,0.054015142284333705,0.8387884480900526,0.36910583034562805,0.9986172072219583,0.6221629160647395
aligned,4,2,77,flow_toeplitz_r2,0.03177705363060358,0.03005330264568329,0.04626520331948995,0.8387884480900526,0.36910583034562805,0.9986172072219583,0.6221629160647395
aligned,4,2,77,flow_rank8_oracle,0.02189428091398699,0.021553391590714455,0.030922111310064792,0.8387884480900526,0.36910583034562805,0.9986172072219583,0.6221629160647395
aligned,5,2,77,raw_reuse,0.20532797701716257,0.20416884124279022,0.2739118918776512,0.9021878135408099,0.45751195337591355,0.9974212976050273,0.6285378277779592
aligned,5,2,77,shift_reuse,0.2824576169659533,0.28059908747673035,0.3819158613681793,0.9021878135408099,0.45751195337591355,0.9974212976050273,0.6285378277779592
aligned,5,2,77,shift_toeplitz_r2,0.1736162862327508,0.15448784828186035,0.23133039027452468,0.9021878135408099,0.45751195337591355,0.9974212976050273,0.6285378277779592
aligned,5,2,77,shift_circular_r2,0.1736162862327508,0.15448784828186035,0.23133039027452468,0.9021878135408099,0.45751195337591355,0.9974212976050273,0.6285378277779592
aligned,5,2,77,shift_rank8_feature,0.14272920212790488,0.13715460896492004,0.20520645305514335,0.9021878135408099,0.45751195337591355,0.9974212976050273,0.6285378277779592
aligned,5,2,77,shift_rank8_prev_flow,0.08867595174869462,0.08737220615148544,0.1283713214099407,0.9021878135408099,0.45751195337591355,0.9974212976050273,0.6285378277779592
aligned,5,2,77,shift_rank8_oracle,0.08833844989684028,0.08701153844594955,0.12817544788122176,0.9021878135408099,0.45751195337591355,0.9974212976050273,0.6285378277779592
aligned,5,2,77,flow_reuse,0.026193628752028335,0.025619246065616608,0.03904135692864656,0.9021878135408099,0.45751195337591355,0.9974212976050273,0.6285378277779592
aligned,5,2,77,flow_toeplitz_r2,0.02130858200398901,0.020707406103610992,0.031725618522614234,0.9021878135408099,0.45751195337591355,0.9974212976050273,0.6285378277779592
aligned,5,2,77,flow_rank8_oracle,0.0159644122177031,0.015462186187505722,0.024259605444967747,0.9021878135408099,0.45751195337591355,0.9974212976050273,0.6285378277779592
aligned,6,2,77,raw_reuse,0.1012401526286803,0.09727893024682999,0.1465509697794914,0.9491264795831922,0.3241676621124462,0.9976264955145185,0.6612063296840174
aligned,6,2,77,shift_reuse,0.1805813583927862,0.17838840186595917,0.22459433078765867,0.9491264795831922,0.3241676621124462,0.9976264955145185,0.6612063296840174
aligned,6,2,77,shift_toeplitz_r2,0.08352593117670845,0.07852301746606827,0.1341160699725151,0.9491264795831922,0.3241676621124462,0.9976264955145185,0.6612063296840174
aligned,6,2,77,shift_circular_r2,0.08352593117670845,0.07852301746606827,0.1341160699725151,0.9491264795831922,0.3241676621124462,0.9976264955145185,0.6612063296840174
aligned,6,2,77,shift_rank8_feature,0.0728174230423993,0.06892319768667221,0.1041889876127243,0.9491264795831922,0.3241676621124462,0.9976264955145185,0.6612063296840174
aligned,6,2,77,shift_rank8_prev_flow,0.04088718816971962,0.039788100868463516,0.0555318908765912,0.9491264795831922,0.3241676621124462,0.9976264955145185,0.6612063296840174
aligned,6,2,77,shift_rank8_oracle,0.04073041277617127,0.039633359760046005,0.05550961699336767,0.9491264795831922,0.3241676621124462,0.9976264955145185,0.6612063296840174
aligned,6,2,77,flow_reuse,0.011465433568744838,0.010897676460444927,0.017124331742525097,0.9491264795831922,0.3241676621124462,0.9976264955145185,0.6612063296840174
aligned,6,2,77,flow_toeplitz_r2,0.010059291271956422,0.009068253450095654,0.01644260976463556,0.9491264795831922,0.3241676621124462,0.9976264955145185,0.6612063296840174
aligned,6,2,77,flow_rank8_oracle,0.006673569092397136,0.006183649878948927,0.009711827570572495,0.9491264795831922,0.3241676621124462,0.9976264955145185,0.6612063296840174
aligned,7,2,77,raw_reuse,0.11139003039176999,0.10661294311285019,0.14757558032870294,0.9451772017214687,0.6478669043990322,0.9974921212398727,0.6883671801968538
aligned,7,2,77,shift_reuse,0.07143992936146742,0.06999142467975616,0.10609608814120293,0.9451772017214687,0.6478669043990322,0.9974921212398727,0.6883671801968538
aligned,7,2,77,shift_toeplitz_r2,0.04193119281607077,0.03994045779109001,0.06662669777870178,0.9451772017214687,0.6478669043990322,0.9974921212398727,0.6883671801968538
aligned,7,2,77,shift_circular_r2,0.04193119281607077,0.03994045779109001,0.06662669777870178,0.9451772017214687,0.6478669043990322,0.9974921212398727,0.6883671801968538
aligned,7,2,77,shift_rank8_feature,0.028126816561631178,0.027361854910850525,0.043765380233526226,0.9451772017214687,0.6478669043990322,0.9974921212398727,0.6883671801968538
aligned,7,2,77,shift_rank8_prev_flow,0.016835638494291816,0.016386786475777626,0.023246636893600223,0.9451772017214687,0.6478669043990322,0.9974921212398727,0.6883671801968538
aligned,7,2,77,shift_rank8_oracle,0.016727137081256983,0.016270877793431282,0.023199862521141767,0.9451772017214687,0.6478669043990322,0.9974921212398727,0.6883671801968538
aligned,7,2,77,flow_reuse,0.0057578101020224455,0.005464110989123583,0.008571798168122766,0.9451772017214687,0.6478669043990322,0.9974921212398727,0.6883671801968538
aligned,7,2,77,flow_toeplitz_r2,0.005059676052359432,0.004697140771895647,0.007928490242920814,0.9451772017214687,0.6478669043990322,0.9974921212398727,0.6883671801968538
aligned,7,2,77,flow_rank8_oracle,0.003214244667252625,0.003104808973148465,0.004803175176493824,0.9451772017214687,0.6478669043990322,0.9974921212398727,0.6883671801968538
aligned,0,3,66,raw_reuse,0.6160784974634519,0.611889123916626,0.9600579768419264,0.990680485995482,0.9325636599537335,0.9998941507608395,0.4993683273854447
aligned,0,3,66,shift_reuse,0.1647451124278539,0.17038977146148682,0.21542783454060555,0.990680485995482,0.9325636599537335,0.9998941507608395,0.4993683273854447
aligned,0,3,66,shift_toeplitz_r2,0.0740517703690642,0.07546120882034302,0.09811128266155719,0.990680485995482,0.9325636599537335,0.9998941507608395,0.4993683273854447
aligned,0,3,66,shift_circular_r2,0.0740517703690642,0.07546120882034302,0.09811128266155719,0.990680485995482,0.9325636599537335,0.9998941507608395,0.4993683273854447
aligned,0,3,66,shift_rank8_feature,0.02567651817068913,0.02558957226574421,0.03686741683632135,0.990680485995482,0.9325636599537335,0.9998941507608395,0.4993683273854447
aligned,0,3,66,shift_rank8_prev_flow,0.015924140955278044,0.015540615655481815,0.024096784740686415,0.990680485995482,0.9325636599537335,0.9998941507608395,0.4993683273854447
aligned,0,3,66,shift_rank8_oracle,0.01590410270658959,0.015515814535319805,0.02407721811905503,0.990680485995482,0.9325636599537335,0.9998941507608395,0.4993683273854447
aligned,0,3,66,flow_reuse,0.010361486410355274,0.010472164489328861,0.014162012469023466,0.990680485995482,0.9325636599537335,0.9998941507608395,0.4993683273854447
aligned,0,3,66,flow_toeplitz_r2,0.008816404272676779,0.00886849407106638,0.011408122582361102,0.990680485995482,0.9325636599537335,0.9998941507608395,0.4993683273854447
aligned,0,3,66,flow_rank8_oracle,0.007331303904555853,0.007457172963768244,0.009335063444450497,0.990680485995482,0.9325636599537335,0.9998941507608395,0.4993683273854447
aligned,1,3,66,raw_reuse,0.4574470229905036,0.4525003731250763,0.6039657056331634,0.9610341207415122,0.961810597064389,0.9998574682396089,0.3566794300860052
aligned,1,3,66,shift_reuse,0.257249120448559,0.2606990337371826,0.32154841125011446,0.9610341207415122,0.961810597064389,0.9998574682396089,0.3566794300860052
aligned,1,3,66,shift_toeplitz_r2,0.12965956258904796,0.1314709186553955,0.16693618148565292,0.9610341207415122,0.961810597064389,0.9998574682396089,0.3566794300860052
aligned,1,3,66,shift_circular_r2,0.12965956258904796,0.1314709186553955,0.16693618148565292,0.9610341207415122,0.961810597064389,0.9998574682396089,0.3566794300860052
aligned,1,3,66,shift_rank8_feature,0.05987140311505723,0.06000212952494621,0.08672895915806292,0.9610341207415122,0.961810597064389,0.9998574682396089,0.3566794300860052
aligned,1,3,66,shift_rank8_prev_flow,0.050817354884878846,0.051134828478097916,0.07211572006344795,0.9610341207415122,0.961810597064389,0.9998574682396089,0.3566794300860052
aligned,1,3,66,shift_rank8_oracle,0.05078040248784338,0.05109814926981926,0.07208868265151977,0.9610341207415122,0.961810597064389,0.9998574682396089,0.3566794300860052
aligned,1,3,66,flow_reuse,0.009837198593753437,0.009784073568880558,0.013034877739846705,0.9610341207415122,0.961810597064389,0.9998574682396089,0.3566794300860052
aligned,1,3,66,flow_toeplitz_r2,0.0085096968800593,0.008445088751614094,0.011400429671630264,0.9610341207415122,0.961810597064389,0.9998574682396089,0.3566794300860052
aligned,1,3,66,flow_rank8_oracle,0.007890148153390468,0.007845916785299778,0.011021251464262603,0.9610341207415122,0.961810597064389,0.9998574682396089,0.3566794300860052
aligned,2,3,66,raw_reuse,0.4081627572172342,0.4040500819683075,0.5628200143575668,0.8909282006272784,0.8204362136394822,0.9998282391468182,0.6333692556482817
aligned,2,3,66,shift_reuse,0.2481684684308527,0.2516140341758728,0.31687722355127335,0.8909282006272784,0.8204362136394822,0.9998282391468182,0.6333692556482817
aligned,2,3,66,shift_toeplitz_r2,0.14972918126041435,0.15132290124893188,0.22141292914748187,0.8909282006272784,0.8204362136394822,0.9998282391468182,0.6333692556482817
aligned,2,3,66,shift_circular_r2,0.14972918126041435,0.15132290124893188,0.22141292914748187,0.8909282006272784,0.8204362136394822,0.9998282391468182,0.6333692556482817
aligned,2,3,66,shift_rank8_feature,0.10301473343632005,0.10120046138763428,0.16601931750774382,0.8909282006272784,0.8204362136394822,0.9998282391468182,0.6333692556482817
aligned,2,3,66,shift_rank8_prev_flow,0.08198289290495052,0.08094700425863266,0.12044079601764679,0.8909282006272784,0.8204362136394822,0.9998282391468182,0.6333692556482817
aligned,2,3,66,shift_rank8_oracle,0.08196016789318532,0.08092410862445831,0.12039487175643444,0.8909282006272784,0.8204362136394822,0.9998282391468182,0.6333692556482817
aligned,2,3,66,flow_reuse,0.02064301377598318,0.020915238186717033,0.026867189444601536,0.8909282006272784,0.8204362136394822,0.9998282391468182,0.6333692556482817
aligned,2,3,66,flow_toeplitz_r2,0.014193907364424302,0.014122012071311474,0.0211351896636188,0.8909282006272784,0.8204362136394822,0.9998282391468182,0.6333692556482817
aligned,2,3,66,flow_rank8_oracle,0.012499353268200673,0.012418076395988464,0.01670347386971116,0.8909282006272784,0.8204362136394822,0.9998282391468182,0.6333692556482817
aligned,3,3,66,raw_reuse,0.33425834070244265,0.33872079849243164,0.5027925878763199,0.8215144014289579,0.30201022538501865,0.9994365859793957,0.5643053027971224
aligned,3,3,66,shift_reuse,0.2949862699254601,0.3018433451652527,0.3955600932240486,0.8215144014289579,0.30201022538501865,0.9994365859793957,0.5643053027971224
aligned,3,3,66,shift_toeplitz_r2,0.17031487205705897,0.17300532758235931,0.2712267190217972,0.8215144014289579,0.30201022538501865,0.9994365859793957,0.5643053027971224
aligned,3,3,66,shift_circular_r2,0.17031487205705897,0.17300532758235931,0.2712267190217972,0.8215144014289579,0.30201022538501865,0.9994365859793957,0.5643053027971224
aligned,3,3,66,shift_rank8_feature,0.16090430079106988,0.1624559909105301,0.25872766375541684,0.8215144014289579,0.30201022538501865,0.9994365859793957,0.5643053027971224
aligned,3,3,66,shift_rank8_prev_flow,0.12465803896911402,0.12567555904388428,0.20818008929491041,0.8215144014289579,0.30201022538501865,0.9994365859793957,0.5643053027971224
aligned,3,3,66,shift_rank8_oracle,0.12462448950007486,0.12563954293727875,0.20813833624124525,0.8215144014289579,0.30201022538501865,0.9994365859793957,0.5643053027971224
aligned,3,3,66,flow_reuse,0.025366173579180435,0.025425098836421967,0.03456830214709043,0.8215144014289579,0.30201022538501865,0.9994365859793957,0.5643053027971224
aligned,3,3,66,flow_toeplitz_r2,0.020545052467716148,0.020073840394616127,0.02823797846212983,0.8215144014289579,0.30201022538501865,0.9994365859793957,0.5643053027971224
aligned,3,3,66,flow_rank8_oracle,0.016743494240402407,0.016664262861013412,0.021488855313509702,0.8215144014289579,0.30201022538501865,0.9994365859793957,0.5643053027971224
aligned,4,3,66,raw_reuse,0.33138587898313565,0.34420934319496155,0.5042334601283073,0.752968107528641,0.3366334873377087,0.9992335149657907,0.651726827055895
aligned,4,3,66,shift_reuse,0.31011480798301605,0.3294472396373749,0.46047520041465756,0.752968107528641,0.3366334873377087,0.9992335149657907,0.651726827055895
aligned,4,3,66,shift_toeplitz_r2,0.21461537609088183,0.22407670319080353,0.35572002232074734,0.752968107528641,0.3366334873377087,0.9992335149657907,0.651726827055895
aligned,4,3,66,shift_circular_r2,0.21461537609088183,0.22407670319080353,0.35572002232074734,0.752968107528641,0.3366334873377087,0.9992335149657907,0.651726827055895
aligned,4,3,66,shift_rank8_feature,0.19884497771569867,0.2070574164390564,0.33270059525966644,0.752968107528641,0.3366334873377087,0.9992335149657907,0.651726827055895
aligned,4,3,66,shift_rank8_prev_flow,0.15419334550019131,0.1593804806470871,0.253299880027771,0.752968107528641,0.3366334873377087,0.9992335149657907,0.651726827055895
aligned,4,3,66,shift_rank8_oracle,0.1541342015493287,0.15931753814220428,0.25321285650134084,0.752968107528641,0.3366334873377087,0.9992335149657907,0.651726827055895
aligned,4,3,66,flow_reuse,0.03428991079978568,0.032906342297792435,0.047587933391332625,0.752968107528641,0.3366334873377087,0.9992335149657907,0.651726827055895
aligned,4,3,66,flow_toeplitz_r2,0.028725048993735073,0.02784033678472042,0.03891871385276317,0.752968107528641,0.3366334873377087,0.9992335149657907,0.651726827055895
aligned,4,3,66,flow_rank8_oracle,0.020236079021424554,0.020222729071974754,0.02681398447602987,0.752968107528641,0.3366334873377087,0.9992335149657907,0.651726827055895
aligned,5,3,66,raw_reuse,0.23783148145351804,0.24138230085372925,0.3247994139790535,0.8678910380913207,0.42494135520289644,0.9990420801732461,0.7004621799518492
aligned,5,3,66,shift_reuse,0.31843491805339663,0.32066917419433594,0.4459587231278419,0.8678910380913207,0.42494135520289644,0.9990420801732461,0.7004621799518492
aligned,5,3,66,shift_toeplitz_r2,0.22027579056615992,0.2025044709444046,0.33221076130867,0.8678910380913207,0.42494135520289644,0.9990420801732461,0.7004621799518492
aligned,5,3,66,shift_circular_r2,0.22027579056615992,0.2025044709444046,0.33221076130867,0.8678910380913207,0.42494135520289644,0.9990420801732461,0.7004621799518492
aligned,5,3,66,shift_rank8_feature,0.18501436096203824,0.18096931278705597,0.28963413983583447,0.8678910380913207,0.42494135520289644,0.9990420801732461,0.7004621799518492
aligned,5,3,66,shift_rank8_prev_flow,0.11589072147473095,0.11438707262277603,0.16220929697155953,0.8678910380913207,0.42494135520289644,0.9990420801732461,0.7004621799518492
aligned,5,3,66,shift_rank8_oracle,0.11574089179324437,0.11425658315420151,0.16203403621912002,0.8678910380913207,0.42494135520289644,0.9990420801732461,0.7004621799518492
aligned,5,3,66,flow_reuse,0.02789601368633472,0.027211511507630348,0.03530659973621368,0.8678910380913207,0.42494135520289644,0.9990420801732461,0.7004621799518492
aligned,5,3,66,flow_toeplitz_r2,0.020848320727671548,0.019479209557175636,0.028599471878260372,0.8678910380913207,0.42494135520289644,0.9990420801732461,0.7004621799518492
aligned,5,3,66,flow_rank8_oracle,0.015267500613280117,0.014636091887950897,0.019376169610768552,0.8678910380913207,0.42494135520289644,0.9990420801732461,0.7004621799518492
aligned,6,3,66,raw_reuse,0.11378642671280913,0.10971077531576157,0.16736216619610786,0.9319562746525668,0.24715490049520605,0.9987718553049552,0.8352157776540843
aligned,6,3,66,shift_reuse,0.2176874985665056,0.21471007168293,0.27704830914735795,0.9319562746525668,0.24715490049520605,0.9987718553049552,0.8352157776540843
aligned,6,3,66,shift_toeplitz_r2,0.11453526148309785,0.1061650887131691,0.18965733125805853,0.9319562746525668,0.24715490049520605,0.9987718553049552,0.8352157776540843
aligned,6,3,66,shift_circular_r2,0.11453526148309785,0.1061650887131691,0.18965733125805853,0.9319562746525668,0.24715490049520605,0.9987718553049552,0.8352157776540843
aligned,6,3,66,shift_rank8_feature,0.10381572527242708,0.09853915125131607,0.1466710440814495,0.9319562746525668,0.24715490049520605,0.9987718553049552,0.8352157776540843
aligned,6,3,66,shift_rank8_prev_flow,0.05689259700074598,0.05493338778614998,0.07990009039640426,0.9319562746525668,0.24715490049520605,0.9987718553049552,0.8352157776540843
aligned,6,3,66,shift_rank8_oracle,0.05678420245333445,0.05483636260032654,0.07964248135685921,0.9319562746525668,0.24715490049520605,0.9987718553049552,0.8352157776540843
aligned,6,3,66,flow_reuse,0.01508595261764003,0.014813343994319439,0.02114707054570317,0.9319562746525668,0.24715490049520605,0.9987718553049552,0.8352157776540843
aligned,6,3,66,flow_toeplitz_r2,0.00962253987242108,0.008848529309034348,0.01721573518589139,0.9319562746525668,0.24715490049520605,0.9987718553049552,0.8352157776540843
aligned,6,3,66,flow_rank8_oracle,0.006123934722631346,0.005868212785571814,0.009121020464226602,0.9319562746525668,0.24715490049520605,0.9987718553049552,0.8352157776540843
aligned,7,3,66,raw_reuse,0.10504220268686633,0.10045016556978226,0.14906749352812765,0.9353055821483661,0.5741799596378447,0.99919987585519,0.6893367232659271
aligned,7,3,66,shift_reuse,0.08236989657804947,0.07955273240804672,0.1365170881152153,0.9353055821483661,0.5741799596378447,0.99919987585519,0.6893367232659271
aligned,7,3,66,shift_toeplitz_r2,0.05209449059598683,0.04921216145157814,0.08241754472255707,0.9353055821483661,0.5741799596378447,0.99919987585519,0.6893367232659271
aligned,7,3,66,shift_circular_r2,0.05209449059598683,0.04921216145157814,0.08241754472255707,0.9353055821483661,0.5741799596378447,0.99919987585519,0.6893367232659271
aligned,7,3,66,shift_rank8_feature,0.037473116768886525,0.036499690264463425,0.05757836811244487,0.9353055821483661,0.5741799596378447,0.99919987585519,0.6893367232659271
aligned,7,3,66,shift_rank8_prev_flow,0.02099410484401079,0.020316096022725105,0.0316432231105864,0.9353055821483661,0.5741799596378447,0.99919987585519,0.6893367232659271
aligned,7,3,66,shift_rank8_oracle,0.020950863402971184,0.0202728770673275,0.03158541666343807,0.9353055821483661,0.5741799596378447,0.99919987585519,0.6893367232659271
aligned,7,3,66,flow_reuse,0.005513239520756079,0.005393004044890404,0.008013606118038296,0.9353055821483661,0.5741799596378447,0.99919987585519,0.6893367232659271
aligned,7,3,66,flow_toeplitz_r2,0.004678242511718532,0.004529900383204222,0.007228824310004711,0.9353055821483661,0.5741799596378447,0.99919987585519,0.6893367232659271
aligned,7,3,66,flow_rank8_oracle,0.0030729241967681216,0.0030122222378849983,0.004158427473157644,0.9353055821483661,0.5741799596378447,0.99919987585519,0.6893367232659271
aligned,0,4,55,raw_reuse,0.6079680353672642,0.6049320697784424,0.9684574156999586,0.9906839928722855,0.9252967258438062,0.9999048505002253,0.42510892625396723
aligned,0,4,55,shift_reuse,0.18080888306023468,0.18652983009815216,0.2361020065844059,0.9906839928722855,0.9252967258438062,0.9999048505002253,0.42510892625396723
aligned,0,4,55,shift_toeplitz_r2,0.08165210119457617,0.08244360238313675,0.10961710698902606,0.9906839928722855,0.9252967258438062,0.9999048505002253,0.42510892625396723
aligned,0,4,55,shift_circular_r2,0.08165210119457617,0.08244360238313675,0.10961710698902606,0.9906839928722855,0.9252967258438062,0.9999048505002253,0.42510892625396723
aligned,0,4,55,shift_rank8_feature,0.029031775020509767,0.0282876119017601,0.0402757091447711,0.9906839928722855,0.9252967258438062,0.9999048505002253,0.42510892625396723
aligned,0,4,55,shift_rank8_prev_flow,0.017471208374281306,0.016910741105675697,0.027101016044616694,0.9906839928722855,0.9252967258438062,0.9999048505002253,0.42510892625396723
aligned,0,4,55,shift_rank8_oracle,0.017451576663807183,0.016884824261069298,0.027092691417783494,0.9906839928722855,0.9252967258438062,0.9999048505002253,0.42510892625396723
aligned,0,4,55,flow_reuse,0.011678994133114311,0.011705157347023487,0.01481627095490694,0.9906839928722855,0.9252967258438062,0.9999048505002253,0.42510892625396723
aligned,0,4,55,flow_toeplitz_r2,0.010306808306849383,0.010315824300050735,0.013015003222972154,0.9906839928722855,0.9252967258438062,0.9999048505002253,0.42510892625396723
aligned,0,4,55,flow_rank8_oracle,0.008855196912328094,0.008917349390685558,0.010821158019825815,0.9906839928722855,0.9252967258438062,0.9999048505002253,0.42510892625396723
aligned,1,4,55,raw_reuse,0.4652443238492761,0.46048709750175476,0.61002097427845,0.9523699568439803,0.9369665197779687,0.9998643695068226,0.42586565350782657
aligned,1,4,55,shift_reuse,0.2879364170200554,0.2915009558200836,0.35607210993766786,0.9523699568439803,0.9369665197779687,0.9998643695068226,0.42586565350782657
aligned,1,4,55,shift_toeplitz_r2,0.1493873194263764,0.15125633776187897,0.1875266820192337,0.9523699568439803,0.9369665197779687,0.9998643695068226,0.42586565350782657
aligned,1,4,55,shift_circular_r2,0.1493873194263764,0.15125633776187897,0.1875266820192337,0.9523699568439803,0.9369665197779687,0.9998643695068226,0.42586565350782657
aligned,1,4,55,shift_rank8_feature,0.07735346290772527,0.07708197832107544,0.10939535163342952,0.9523699568439803,0.9369665197779687,0.9998643695068226,0.42586565350782657
aligned,1,4,55,shift_rank8_prev_flow,0.06287495974014998,0.06298960000276566,0.09151705577969552,0.9523699568439803,0.9369665197779687,0.9998643695068226,0.42586565350782657
aligned,1,4,55,shift_rank8_oracle,0.0628401312783961,0.06295458227396011,0.09145380146801471,0.9523699568439803,0.9369665197779687,0.9998643695068226,0.42586565350782657
aligned,1,4,55,flow_reuse,0.014091108490195226,0.01412865798920393,0.01840531565248966,0.9523699568439803,0.9369665197779687,0.9998643695068226,0.42586565350782657
aligned,1,4,55,flow_toeplitz_r2,0.010803132126193545,0.010790864937007427,0.014368714857846498,0.9523699568439803,0.9369665197779687,0.9998643695068226,0.42586565350782657
aligned,1,4,55,flow_rank8_oracle,0.01067706589094427,0.010695303790271282,0.014087839191779495,0.9523699568439803,0.9369665197779687,0.9998643695068226,0.42586565350782657
aligned,2,4,55,raw_reuse,0.4343183988311868,0.4330311119556427,0.6143981039524078,0.8508497085897928,0.7403529634654138,0.9998887809171029,0.6666098796986265
aligned,2,4,55,shift_reuse,0.29047575607504544,0.2944612503051758,0.38977208882570263,0.8508497085897928,0.7403529634654138,0.9998887809171029,0.6666098796986265
aligned,2,4,55,shift_toeplitz_r2,0.18961105177215848,0.19109034538269043,0.29559718668460844,0.8508497085897928,0.7403529634654138,0.9998887809171029,0.6666098796986265
aligned,2,4,55,shift_circular_r2,0.18961105177215848,0.19109034538269043,0.29559718668460844,0.8508497085897928,0.7403529634654138,0.9998887809171029,0.6666098796986265
aligned,2,4,55,shift_rank8_feature,0.14382657316409472,0.13815973699092865,0.23355598300695413,0.8508497085897928,0.7403529634654138,0.9998887809171029,0.6666098796986265
aligned,2,4,55,shift_rank8_prev_flow,0.11219714234874852,0.11032634228467941,0.16836149767041203,0.8508497085897928,0.7403529634654138,0.9998887809171029,0.6666098796986265
aligned,2,4,55,shift_rank8_oracle,0.11218168111614225,0.11031029373407364,0.1683302357792854,0.8508497085897928,0.7403529634654138,0.9998887809171029,0.6666098796986265
aligned,2,4,55,flow_reuse,0.023674120291475805,0.024175958707928658,0.03058810820803046,0.8508497085897928,0.7403529634654138,0.9998887809171029,0.6666098796986265
aligned,2,4,55,flow_toeplitz_r2,0.014949035689450968,0.014839336276054382,0.020118093583732843,0.8508497085897928,0.7403529634654138,0.9998887809171029,0.6666098796986265
aligned,2,4,55,flow_rank8_oracle,0.01366942394207173,0.01356773916631937,0.01772064073011279,0.8508497085897928,0.7403529634654138,0.9998887809171029,0.6666098796986265
aligned,3,4,55,raw_reuse,0.3439122395186316,0.3571145236492157,0.516655033826828,0.7432945237460438,0.3212480999896775,0.9996172905586018,0.605691808014321
aligned,3,4,55,shift_reuse,0.3182828220115374,0.3303934335708618,0.4523788392543793,0.7432945237460438,0.3212480999896775,0.9996172905586018,0.605691808014321
aligned,3,4,55,shift_toeplitz_r2,0.2150960083277135,0.22094619274139404,0.3522823378443718,0.7432945237460438,0.3212480999896775,0.9996172905586018,0.605691808014321
aligned,3,4,55,shift_circular_r2,0.2150960083277135,0.22094619274139404,0.3522823378443718,0.7432945237460438,0.3212480999896775,0.9996172905586018,0.605691808014321
aligned,3,4,55,shift_rank8_feature,0.20218057725159164,0.2105756402015686,0.3242163971066475,0.7432945237460438,0.3212480999896775,0.9996172905586018,0.605691808014321
aligned,3,4,55,shift_rank8_prev_flow,0.16128753271708657,0.1676996946334839,0.25788110345602033,0.7432945237460438,0.3212480999896775,0.9996172905586018,0.605691808014321
aligned,3,4,55,shift_rank8_oracle,0.1612615265962942,0.16767126321792603,0.257857795804739,0.7432945237460438,0.3212480999896775,0.9996172905586018,0.605691808014321
aligned,3,4,55,flow_reuse,0.023390597594957905,0.024225251749157906,0.029365128185600043,0.7432945237460438,0.3212480999896775,0.9996172905586018,0.605691808014321
aligned,3,4,55,flow_toeplitz_r2,0.017342594099241913,0.017347244545817375,0.02127737458795309,0.7432945237460438,0.3212480999896775,0.9996172905586018,0.605691808014321
aligned,3,4,55,flow_rank8_oracle,0.014687885048628778,0.01503697782754898,0.01973403776064515,0.7432945237460438,0.3212480999896775,0.9996172905586018,0.605691808014321
aligned,4,4,55,raw_reuse,0.32470183287900944,0.3530157506465912,0.5263786286115646,0.6857719166605064,0.1854159904145246,0.9997265185385439,0.5981189239604763
aligned,4,4,55,shift_reuse,0.3169415772271739,0.35089990496635437,0.4981410399079323,0.6857719166605064,0.1854159904145246,0.9997265185385439,0.5981189239604763
aligned,4,4,55,shift_toeplitz_r2,0.24749991155955717,0.2691356837749481,0.41694396585226057,0.6857719166605064,0.1854159904145246,0.9997265185385439,0.5981189239604763
aligned,4,4,55,shift_circular_r2,0.24749991155955717,0.2691356837749481,0.41694396585226057,0.6857719166605064,0.1854159904145246,0.9997265185385439,0.5981189239604763
aligned,4,4,55,shift_rank8_feature,0.23761504627400268,0.25839200615882874,0.39030121117830274,0.6857719166605064,0.1854159904145246,0.9997265185385439,0.5981189239604763
aligned,4,4,55,shift_rank8_prev_flow,0.17768846658032145,0.19353972375392914,0.3076083645224571,0.6857719166605064,0.1854159904145246,0.9997265185385439,0.5981189239604763
aligned,4,4,55,shift_rank8_oracle,0.1776649315962309,0.1935127228498459,0.3075890302658081,0.6857719166605064,0.1854159904145246,0.9997265185385439,0.5981189239604763
aligned,4,4,55,flow_reuse,0.022929097973829343,0.023533299565315247,0.028845429699867964,0.6857719166605064,0.1854159904145246,0.9997265185385439,0.5981189239604763
aligned,4,4,55,flow_toeplitz_r2,0.019522058949975996,0.019970493391156197,0.025145081616938115,0.6857719166605064,0.1854159904145246,0.9997265185385439,0.5981189239604763
aligned,4,4,55,flow_rank8_oracle,0.01453569167549424,0.015428711660206318,0.020351483300328255,0.6857719166605064,0.1854159904145246,0.9997265185385439,0.5981189239604763
aligned,5,4,55,raw_reuse,0.2666508206312257,0.2740885317325592,0.37155304104089737,0.8370918943475604,0.26581022792502373,0.9995841721638196,0.744291703643513
aligned,5,4,55,shift_reuse,0.3576720608002406,0.36504343152046204,0.5334747046232223,0.8370918943475604,0.26581022792502373,0.9995841721638196,0.744291703643513
aligned,5,4,55,shift_toeplitz_r2,0.2662458289433942,0.25291553139686584,0.42505385875701895,0.8370918943475604,0.26581022792502373,0.9995841721638196,0.744291703643513
aligned,5,4,55,shift_circular_r2,0.2662458289433942,0.25291553139686584,0.42505385875701895,0.8370918943475604,0.26581022792502373,0.9995841721638196,0.744291703643513
aligned,5,4,55,shift_rank8_feature,0.2426624520671675,0.2435992956161499,0.3539198040962219,0.8370918943475604,0.26581022792502373,0.9995841721638196,0.744291703643513
aligned,5,4,55,shift_rank8_prev_flow,0.14443776350320925,0.14651574194431305,0.21311696171760555,0.8370918943475604,0.26581022792502373,0.9995841721638196,0.744291703643513
aligned,5,4,55,shift_rank8_oracle,0.14436315465424587,0.1464456468820572,0.21299552023410792,0.8370918943475604,0.26581022792502373,0.9995841721638196,0.744291703643513
aligned,5,4,55,flow_reuse,0.023555371821569582,0.024055464193224907,0.0299774088896811,0.8370918943475604,0.26581022792502373,0.9995841721638196,0.744291703643513
aligned,5,4,55,flow_toeplitz_r2,0.01750403659734173,0.017108909785747528,0.023718592058867213,0.8370918943475604,0.26581022792502373,0.9995841721638196,0.744291703643513
aligned,5,4,55,flow_rank8_oracle,0.011911388050092907,0.012027961201965809,0.015500849531963467,0.8370918943475604,0.26581022792502373,0.9995841721638196,0.744291703643513
aligned,6,4,55,raw_reuse,0.13449441102808435,0.12912149727344513,0.19547854289412497,0.9237998086103938,0.25277157297581787,0.9995481351569743,0.8909450669032596
aligned,6,4,55,shift_reuse,0.27006531498740804,0.26508593559265137,0.34034009128808973,0.9237998086103938,0.25277157297581787,0.9995481351569743,0.8909450669032596
aligned,6,4,55,shift_toeplitz_r2,0.15651012175649318,0.14285577833652496,0.2617994770407676,0.9237998086103938,0.25277157297581787,0.9995481351569743,0.8909450669032596
aligned,6,4,55,shift_circular_r2,0.15651012175649318,0.14285577833652496,0.2617994770407676,0.9237998086103938,0.25277157297581787,0.9995481351569743,0.8909450669032596
aligned,6,4,55,shift_rank8_feature,0.1409668456862063,0.1332908421754837,0.2203425869345665,0.9237998086103938,0.25277157297581787,0.9995481351569743,0.8909450669032596
aligned,6,4,55,shift_rank8_prev_flow,0.074607898761854,0.07197891920804977,0.09967958331108093,0.9237998086103938,0.25277157297581787,0.9995481351569743,0.8909450669032596
aligned,6,4,55,shift_rank8_oracle,0.07454986160435263,0.07192426919937134,0.09958683624863625,0.9237998086103938,0.25277157297581787,0.9995481351569743,0.8909450669032596
aligned,6,4,55,flow_reuse,0.017677251905232155,0.01768547296524048,0.022380220610648392,0.9237998086103938,0.25277157297581787,0.9995481351569743,0.8909450669032596
aligned,6,4,55,flow_toeplitz_r2,0.008344277233486193,0.007748395204544067,0.012158204289153218,0.9237998086103938,0.25277157297581787,0.9995481351569743,0.8909450669032596
aligned,6,4,55,flow_rank8_oracle,0.005837641999413726,0.005664204712957144,0.00819068974815309,0.9237998086103938,0.25277157297581787,0.9995481351569743,0.8909450669032596
aligned,7,4,55,raw_reuse,0.09967092120168464,0.09519175440073013,0.14796737879514693,0.9194137910839499,0.49988695629487323,0.99950331545363,0.7080127305852355
aligned,7,4,55,shift_reuse,0.09713041611765447,0.09277570247650146,0.16450247317552566,0.9194137910839499,0.49988695629487323,0.99950331545363,0.7080127305852355
aligned,7,4,55,shift_toeplitz_r2,0.06604717396335492,0.06203826144337654,0.10327553115785121,0.9194137910839499,0.49988695629487323,0.99950331545363,0.7080127305852355
aligned,7,4,55,shift_circular_r2,0.06604717396335492,0.06203826144337654,0.10327553115785121,0.9194137910839499,0.49988695629487323,0.99950331545363,0.7080127305852355
aligned,7,4,55,shift_rank8_feature,0.05040910457004509,0.04910941794514656,0.0794831097126007,0.9194137910839499,0.49988695629487323,0.99950331545363,0.7080127305852355
aligned,7,4,55,shift_rank8_prev_flow,0.02760515398862842,0.026884963735938072,0.04092991407960653,0.9194137910839499,0.49988695629487323,0.99950331545363,0.7080127305852355
aligned,7,4,55,shift_rank8_oracle,0.02757310102234267,0.026851849630475044,0.04090785253793001,0.9194137910839499,0.49988695629487323,0.99950331545363,0.7080127305852355
aligned,7,4,55,flow_reuse,0.005533661582258982,0.005403353367000818,0.007720976579003036,0.9194137910839499,0.49988695629487323,0.99950331545363,0.7080127305852355
aligned,7,4,55,flow_toeplitz_r2,0.004814580306405839,0.0047099394723773,0.006865779450163244,0.9194137910839499,0.49988695629487323,0.99950331545363,0.7080127305852355
aligned,7,4,55,flow_rank8_oracle,0.0029901610684677734,0.002917683683335781,0.004291913728229701,0.9194137910839499,0.49988695629487323,0.99950331545363,0.7080127305852355
aligned,0,5,44,raw_reuse,0.5965396347269295,0.5947324633598328,0.9673144936561582,0.9887584746683484,0.8930905438188468,0.99990058951392,0.3781360009401983
aligned,0,5,44,shift_reuse,0.20499696777312001,0.21093310415744781,0.2751659885048866,0.9887584746683484,0.8930905438188468,0.99990058951392,0.3781360009401983
aligned,0,5,44,shift_toeplitz_r2,0.09448320240124913,0.09536194056272507,0.1246656309813261,0.9887584746683484,0.8930905438188468,0.99990058951392,0.3781360009401983
aligned,0,5,44,shift_circular_r2,0.09448320240124913,0.09536194056272507,0.1246656309813261,0.9887584746683484,0.8930905438188468,0.99990058951392,0.3781360009401983
aligned,0,5,44,shift_rank8_feature,0.03837295455958423,0.03796118125319481,0.059454060345888134,0.9887584746683484,0.8930905438188468,0.99990058951392,0.3781360009401983
aligned,0,5,44,shift_rank8_prev_flow,0.021756402892566588,0.02180895395576954,0.03099855948239565,0.9887584746683484,0.8930905438188468,0.99990058951392,0.3781360009401983
aligned,0,5,44,shift_rank8_oracle,0.021735020739703705,0.021784335374832153,0.03098540911450982,0.9887584746683484,0.8930905438188468,0.99990058951392,0.3781360009401983
aligned,0,5,44,flow_reuse,0.014411792005478855,0.014319087378680706,0.01823182962834835,0.9887584746683484,0.8930905438188468,0.99990058951392,0.3781360009401983
aligned,0,5,44,flow_toeplitz_r2,0.012907070857632206,0.012877228669822216,0.01608727890998125,0.9887584746683484,0.8930905438188468,0.99990058951392,0.3781360009401983
aligned,0,5,44,flow_rank8_oracle,0.011364900858923234,0.01135179866105318,0.014203380700200796,0.9887584746683484,0.8930905438188468,0.99990058951392,0.3781360009401983
aligned,1,5,44,raw_reuse,0.4719312681171885,0.46710142493247986,0.6183340281248092,0.9397027078052913,0.9261809234326389,0.9998605256874928,0.42195823863838355
aligned,1,5,44,shift_reuse,0.33660010806118223,0.339766263961792,0.4118530869483948,0.9397027078052913,0.9261809234326389,0.9998605256874928,0.42195823863838355
aligned,1,5,44,shift_toeplitz_r2,0.18006601693150695,0.18149806559085846,0.2277433380484581,0.9397027078052913,0.9261809234326389,0.9998605256874928,0.42195823863838355
aligned,1,5,44,shift_circular_r2,0.18006601693150695,0.18149806559085846,0.2277433380484581,0.9397027078052913,0.9261809234326389,0.9998605256874928,0.42195823863838355
aligned,1,5,44,shift_rank8_feature,0.10035981479408793,0.09897774457931519,0.1559664763510227,0.9397027078052913,0.9261809234326389,0.9998605256874928,0.42195823863838355
aligned,1,5,44,shift_rank8_prev_flow,0.0826908835050064,0.08193692564964294,0.1190260000526905,0.9397027078052913,0.9261809234326389,0.9998605256874928,0.42195823863838355
aligned,1,5,44,shift_rank8_oracle,0.08265386295441349,0.08190009742975235,0.11895641461014747,0.9397027078052913,0.9261809234326389,0.9998605256874928,0.42195823863838355
aligned,1,5,44,flow_reuse,0.01728931466003808,0.017253465950489044,0.020556155033409594,0.9397027078052913,0.9261809234326389,0.9998605256874928,0.42195823863838355
aligned,1,5,44,flow_toeplitz_r2,0.013793156082911736,0.013755329884588718,0.017400350794196127,0.9397027078052913,0.9261809234326389,0.9998605256874928,0.42195823863838355
aligned,1,5,44,flow_rank8_oracle,0.013144903884112881,0.013147811405360699,0.015404501697048545,0.9397027078052913,0.9261809234326389,0.9998605256874928,0.42195823863838355
aligned,2,5,44,raw_reuse,0.45628394876297995,0.46093475818634033,0.6777965992689132,0.8116674758047453,0.7061250704465689,0.9998820186071479,0.6525884997692037
aligned,2,5,44,shift_reuse,0.3438150102963392,0.3502295911312103,0.4527389734983444,0.8116674758047453,0.7061250704465689,0.9998820186071479,0.6525884997692037
aligned,2,5,44,shift_toeplitz_r2,0.23736924504296925,0.24035532772541046,0.3635085359215736,0.8116674758047453,0.7061250704465689,0.9998820186071479,0.6525884997692037
aligned,2,5,44,shift_circular_r2,0.23736924504296925,0.24035532772541046,0.3635085359215736,0.8116674758047453,0.7061250704465689,0.9998820186071479,0.6525884997692037
aligned,2,5,44,shift_rank8_feature,0.18846203461045127,0.18091116845607758,0.3062020197510718,0.8116674758047453,0.7061250704465689,0.9998820186071479,0.6525884997692037
aligned,2,5,44,shift_rank8_prev_flow,0.14922425491809208,0.14646951854228973,0.23127103224396703,0.8116674758047453,0.7061250704465689,0.9998820186071479,0.6525884997692037
aligned,2,5,44,shift_rank8_oracle,0.14920641540690716,0.1464502215385437,0.23124622255563732,0.8116674758047453,0.7061250704465689,0.9998820186071479,0.6525884997692037
aligned,2,5,44,flow_reuse,0.025795000063044252,0.02653864026069641,0.03297934085130692,0.8116674758047453,0.7061250704465689,0.9998820186071479,0.6525884997692037
aligned,2,5,44,flow_toeplitz_r2,0.016856850722157115,0.017115319147706032,0.021255981642752886,0.8116674758047453,0.7061250704465689,0.9998820186071479,0.6525884997692037
aligned,2,5,44,flow_rank8_oracle,0.01520399294850873,0.015392187051475048,0.019912904035300015,0.8116674758047453,0.7061250704465689,0.9998820186071479,0.6525884997692037
aligned,3,5,44,raw_reuse,0.3474622655105559,0.37357786297798157,0.5290606468915939,0.6916651366511328,0.31462256036658276,0.9997312654018919,0.5717035418866465
aligned,3,5,44,shift_reuse,0.33845105217759547,0.3605510890483856,0.48910531401634216,0.6916651366511328,0.31462256036658276,0.9997312654018919,0.5717035418866465
aligned,3,5,44,shift_toeplitz_r2,0.2525903541244957,0.2695537507534027,0.39763966053724287,0.6916651366511328,0.31462256036658276,0.9997312654018919,0.5717035418866465
aligned,3,5,44,shift_circular_r2,0.2525903541244957,0.2695537507534027,0.39763966053724287,0.6916651366511328,0.31462256036658276,0.9997312654018919,0.5717035418866465
aligned,3,5,44,shift_rank8_feature,0.23695299240900428,0.2555621564388275,0.40155979543924325,0.6916651366511328,0.31462256036658276,0.9997312654018919,0.5717035418866465
aligned,3,5,44,shift_rank8_prev_flow,0.1879565297821206,0.20236189663410187,0.3122708618640899,0.6916651366511328,0.31462256036658276,0.9997312654018919,0.5717035418866465
aligned,3,5,44,shift_rank8_oracle,0.1879347909088745,0.20233644545078278,0.3122276753187179,0.6916651366511328,0.31462256036658276,0.9997312654018919,0.5717035418866465
aligned,3,5,44,flow_reuse,0.022454266358065033,0.02455146610736847,0.03400815762579441,0.6916651366511328,0.31462256036658276,0.9997312654018919,0.5717035418866465
aligned,3,5,44,flow_toeplitz_r2,0.016640828507850078,0.01802953891456127,0.02378175528720021,0.6916651366511328,0.31462256036658276,0.9997312654018919,0.5717035418866465
aligned,3,5,44,flow_rank8_oracle,0.01469505146883251,0.016202546656131744,0.02210614550858736,0.6916651366511328,0.31462256036658276,0.9997312654018919,0.5717035418866465
aligned,4,5,44,raw_reuse,0.3152716442133548,0.35470327734947205,0.5425132170319557,0.643599097007074,0.12987935834563136,0.9996623334914838,0.5380665035250415
aligned,4,5,44,shift_reuse,0.3206961937465268,0.3677707612514496,0.5201097041368484,0.643599097007074,0.12987935834563136,0.9996623334914838,0.5380665035250415
aligned,4,5,44,shift_toeplitz_r2,0.26781276698992323,0.30357328057289124,0.45868515074253075,0.643599097007074,0.12987935834563136,0.9996623334914838,0.5380665035250415
aligned,4,5,44,shift_circular_r2,0.26781276698992323,0.30357328057289124,0.45868515074253075,0.643599097007074,0.12987935834563136,0.9996623334914838,0.5380665035250415
aligned,4,5,44,shift_rank8_feature,0.2605594083820807,0.29460379481315613,0.44706511944532396,0.643599097007074,0.12987935834563136,0.9996623334914838,0.5380665035250415
aligned,4,5,44,shift_rank8_prev_flow,0.1914851050802378,0.2154536247253418,0.3306287705898285,0.643599097007074,0.12987935834563136,0.9996623334914838,0.5380665035250415
aligned,4,5,44,shift_rank8_oracle,0.1914534528810002,0.21542124450206757,0.33058433383703234,0.643599097007074,0.12987935834563136,0.9996623334914838,0.5380665035250415
aligned,4,5,44,flow_reuse,0.01774226433367128,0.019220588728785515,0.024793198239058255,0.643599097007074,0.12987935834563136,0.9996623334914838,0.5380665035250415
aligned,4,5,44,flow_toeplitz_r2,0.015393368550153835,0.016790932044386864,0.021469323709607125,0.643599097007074,0.12987935834563136,0.9996623334914838,0.5380665035250415
aligned,4,5,44,flow_rank8_oracle,0.012058651588468595,0.013408414088189602,0.017877675779163837,0.643599097007074,0.12987935834563136,0.9996623334914838,0.5380665035250415
aligned,5,5,44,raw_reuse,0.28557413769542145,0.2958318293094635,0.4115142151713371,0.8142166070205283,0.20278516358593068,0.9997281200465873,0.6990162056930656
aligned,5,5,44,shift_reuse,0.3838735335369348,0.39550137519836426,0.5517445474863052,0.8142166070205283,0.20278516358593068,0.9997281200465873,0.6990162056930656
aligned,5,5,44,shift_toeplitz_r2,0.30547605216655743,0.2960728108882904,0.48459151834249486,0.8142166070205283,0.20278516358593068,0.9997281200465873,0.6990162056930656
aligned,5,5,44,shift_circular_r2,0.30547605216655743,0.2960728108882904,0.48459151834249486,0.8142166070205283,0.20278516358593068,0.9997281200465873,0.6990162056930656
aligned,5,5,44,shift_rank8_feature,0.28499821043661266,0.29033222794532776,0.46407531201839447,0.8142166070205283,0.20278516358593068,0.9997281200465873,0.6990162056930656
aligned,5,5,44,shift_rank8_prev_flow,0.16551495629958465,0.17039616405963898,0.252035766094923,0.8142166070205283,0.20278516358593068,0.9997281200465873,0.6990162056930656
aligned,5,5,44,shift_rank8_oracle,0.16545946489538596,0.17034053802490234,0.25197870731353755,0.8142166070205283,0.20278516358593068,0.9997281200465873,0.6990162056930656
aligned,5,5,44,flow_reuse,0.019569692122367036,0.020666012540459633,0.027872336842119694,0.8142166070205283,0.20278516358593068,0.9997281200465873,0.6990162056930656
aligned,5,5,44,flow_toeplitz_r2,0.014289432176097997,0.014787810854613781,0.019453248754143712,0.8142166070205283,0.20278516358593068,0.9997281200465873,0.6990162056930656
aligned,5,5,44,flow_rank8_oracle,0.010736322528621558,0.011380651034414768,0.015397501364350318,0.8142166070205283,0.20278516358593068,0.9997281200465873,0.6990162056930656
aligned,6,5,44,raw_reuse,0.16358979483865088,0.15549568831920624,0.2537015549838542,0.9108281264450172,0.18433736492117447,0.999560696065562,0.9177608654967402
aligned,6,5,44,shift_reuse,0.3348932371690263,0.32880935072898865,0.444840657711029,0.9108281264450172,0.18433736492117447,0.999560696065562,0.9177608654967402
aligned,6,5,44,shift_toeplitz_r2,0.20879329900263283,0.1893089860677719,0.3491362050175666,0.9108281264450172,0.18433736492117447,0.999560696065562,0.9177608654967402
aligned,6,5,44,shift_circular_r2,0.20879329900263283,0.1893089860677719,0.3491362050175666,0.9108281264450172,0.18433736492117447,0.999560696065562,0.9177608654967402
aligned,6,5,44,shift_rank8_feature,0.19398597529531672,0.18481707572937012,0.2959791287779808,0.9108281264450172,0.18433736492117447,0.999560696065562,0.9177608654967402
aligned,6,5,44,shift_rank8_prev_flow,0.1000790508002216,0.09639575332403183,0.13989268764853477,0.9108281264450172,0.18433736492117447,0.999560696065562,0.9177608654967402
aligned,6,5,44,shift_rank8_oracle,0.10000467971150674,0.0963318943977356,0.13984414860606192,0.9108281264450172,0.18433736492117447,0.999560696065562,0.9177608654967402
aligned,6,5,44,flow_reuse,0.022519766632061608,0.02288176119327545,0.028078231494873762,0.9108281264450172,0.18433736492117447,0.999560696065562,0.9177608654967402
aligned,6,5,44,flow_toeplitz_r2,0.008527194397737452,0.008157969452440739,0.01218185438774526,0.9108281264450172,0.18433736492117447,0.999560696065562,0.9177608654967402
aligned,6,5,44,flow_rank8_oracle,0.006458076775129767,0.0062800063751637936,0.008813821477815509,0.9108281264450172,0.18433736492117447,0.999560696065562,0.9177608654967402
aligned,7,5,44,raw_reuse,0.09770476894619355,0.09342954307794571,0.157381734251976,0.9134311548661765,0.4398581734424928,0.9995578937580653,0.8436291542696268
aligned,7,5,44,shift_reuse,0.11817144684968649,0.11261399835348129,0.20406785905361172,0.9134311548661765,0.4398581734424928,0.9995578937580653,0.8436291542696268
aligned,7,5,44,shift_toeplitz_r2,0.08414962239232195,0.0781245231628418,0.1383412681519985,0.9134311548661765,0.4398581734424928,0.9995578937580653,0.8436291542696268
aligned,7,5,44,shift_circular_r2,0.08414962239232195,0.0781245231628418,0.1383412681519985,0.9134311548661765,0.4398581734424928,0.9995578937580653,0.8436291542696268
aligned,7,5,44,shift_rank8_feature,0.06660368744894306,0.06489840149879456,0.10883209593594072,0.9134311548661765,0.4398581734424928,0.9995578937580653,0.8436291542696268
aligned,7,5,44,shift_rank8_prev_flow,0.03480570148145184,0.033612437546253204,0.05443300288170576,0.9134311548661765,0.4398581734424928,0.9995578937580653,0.8436291542696268
aligned,7,5,44,shift_rank8_oracle,0.034769093255559734,0.03357474505901337,0.054415435902774326,0.9134311548661765,0.4398581734424928,0.9995578937580653,0.8436291542696268
aligned,7,5,44,flow_reuse,0.010099518038638892,0.009943079203367233,0.013056067517027257,0.9134311548661765,0.4398581734424928,0.9995578937580653,0.8436291542696268
aligned,7,5,44,flow_toeplitz_r2,0.005990507710830452,0.005648337304592133,0.008597071655094622,0.9134311548661765,0.4398581734424928,0.9995578937580653,0.8436291542696268
aligned,7,5,44,flow_rank8_oracle,0.00399372895704445,0.0038411954883486032,0.005533188674598932,0.9134311548661765,0.4398581734424928,0.9995578937580653,0.8436291542696268
aligned,0,6,33,raw_reuse,0.5806904661680664,0.5807153582572937,0.969779363274574,0.9809193236521547,0.8639657314079223,0.999810861112864,0.36384383283706434
aligned,0,6,33,shift_reuse,0.24047319968012898,0.2474261075258255,0.3305564850568771,0.9809193236521547,0.8639657314079223,0.999810861112864,0.36384383283706434
aligned,0,6,33,shift_toeplitz_r2,0.11585045208572914,0.11650589853525162,0.1593910776078701,0.9809193236521547,0.8639657314079223,0.999810861112864,0.36384383283706434
aligned,0,6,33,shift_circular_r2,0.11585045208572914,0.11650589853525162,0.1593910776078701,0.9809193236521547,0.8639657314079223,0.999810861112864,0.36384383283706434
aligned,0,6,33,shift_rank8_feature,0.05357678959327646,0.05423137918114662,0.08192268498241902,0.9809193236521547,0.8639657314079223,0.999810861112864,0.36384383283706434
aligned,0,6,33,shift_rank8_prev_flow,0.0332542062861823,0.03366314247250557,0.048156695812940596,0.9809193236521547,0.8639657314079223,0.999810861112864,0.36384383283706434
aligned,0,6,33,shift_rank8_oracle,0.03321724154283299,0.03362502157688141,0.048121845722198485,0.9809193236521547,0.8639657314079223,0.999810861112864,0.36384383283706434
aligned,0,6,33,flow_reuse,0.020373315886890227,0.020293155685067177,0.02518382789567113,0.9809193236521547,0.8639657314079223,0.999810861112864,0.36384383283706434
aligned,0,6,33,flow_toeplitz_r2,0.01778799491844521,0.01776471734046936,0.02172385575249791,0.9809193236521547,0.8639657314079223,0.999810861112864,0.36384383283706434
aligned,0,6,33,flow_rank8_oracle,0.016249634234685756,0.016209574416279793,0.021152355521917344,0.9809193236521547,0.8639657314079223,0.999810861112864,0.36384383283706434
aligned,1,6,33,raw_reuse,0.46734809540799316,0.4626045227050781,0.607554292678833,0.9125757994386794,0.906143695163409,0.9997244467431031,0.36692538337378544
aligned,1,6,33,shift_reuse,0.39050011648483307,0.39237943291664124,0.45212289392948146,0.9125757994386794,0.906143695163409,0.9997244467431031,0.36692538337378544
aligned,1,6,33,shift_toeplitz_r2,0.22345581787847868,0.22358976304531097,0.2830487176775932,0.9125757994386794,0.906143695163409,0.9997244467431031,0.36692538337378544
aligned,1,6,33,shift_circular_r2,0.22345581787847868,0.22358976304531097,0.2830487176775932,0.9125757994386794,0.906143695163409,0.9997244467431031,0.36692538337378544
aligned,1,6,33,shift_rank8_feature,0.1369725165248694,0.13319629430770874,0.19579158946871755,0.9125757994386794,0.906143695163409,0.9997244467431031,0.36692538337378544
aligned,1,6,33,shift_rank8_prev_flow,0.11553046536009065,0.11231530457735062,0.16972114145755768,0.9125757994386794,0.906143695163409,0.9997244467431031,0.36692538337378544
aligned,1,6,33,shift_rank8_oracle,0.1154614487741842,0.11224889010190964,0.1696687713265419,0.9125757994386794,0.906143695163409,0.9997244467431031,0.36692538337378544
aligned,1,6,33,flow_reuse,0.01969158299056817,0.019604912027716637,0.025084998831152915,0.9125757994386794,0.906143695163409,0.9997244467431031,0.36692538337378544
aligned,1,6,33,flow_toeplitz_r2,0.017071574540962933,0.016926970332860947,0.022278107330203054,0.9125757994386794,0.906143695163409,0.9997244467431031,0.36692538337378544
aligned,1,6,33,flow_rank8_oracle,0.015667803156391626,0.015597839839756489,0.019123441260308027,0.9125757994386794,0.906143695163409,0.9997244467431031,0.36692538337378544
aligned,2,6,33,raw_reuse,0.47545803819074406,0.48921263217926025,0.698456984758377,0.7566608902758887,0.7020855820193267,0.9997695546787104,0.6346253259877535
aligned,2,6,33,shift_reuse,0.40849024771351716,0.4198843538761139,0.522069388628006,0.7566608902758887,0.7020855820193267,0.9997695546787104,0.6346253259877535
aligned,2,6,33,shift_toeplitz_r2,0.2976127069298044,0.30391713976860046,0.4244406744837761,0.7566608902758887,0.7020855820193267,0.9997695546787104,0.6346253259877535
aligned,2,6,33,shift_circular_r2,0.2976127069298044,0.30391713976860046,0.4244406744837761,0.7566608902758887,0.7020855820193267,0.9997695546787104,0.6346253259877535
aligned,2,6,33,shift_rank8_feature,0.24320441934254097,0.23920822143554688,0.38508573174476624,0.7566608902758887,0.7020855820193267,0.9997695546787104,0.6346253259877535
aligned,2,6,33,shift_rank8_prev_flow,0.2015414239113734,0.20225536823272705,0.33359042704105374,0.7566608902758887,0.7020855820193267,0.9997695546787104,0.6346253259877535
aligned,2,6,33,shift_rank8_oracle,0.20150584592690643,0.20221692323684692,0.33355528861284256,0.7566608902758887,0.7020855820193267,0.9997695546787104,0.6346253259877535
aligned,2,6,33,flow_reuse,0.03276694213307822,0.03439304605126381,0.04750159457325935,0.7566608902758887,0.7020855820193267,0.9997695546787104,0.6346253259877535
aligned,2,6,33,flow_toeplitz_r2,0.02287390605432084,0.023784687742590904,0.03270901292562484,0.7566608902758887,0.7020855820193267,0.9997695546787104,0.6346253259877535
aligned,2,6,33,flow_rank8_oracle,0.019806381256981323,0.020554741844534874,0.02813558299094438,0.7566608902758887,0.7020855820193267,0.9997695546787104,0.6346253259877535
aligned,3,6,33,raw_reuse,0.34895971695879546,0.390238881111145,0.5704448342323303,0.6445820231433184,0.3008415753650798,0.9996507856896667,0.5188857592175715
aligned,3,6,33,shift_reuse,0.353079532372993,0.3883766829967499,0.5339532047510147,0.6445820231433184,0.3008415753650798,0.9996507856896667,0.5188857592175715
aligned,3,6,33,shift_toeplitz_r2,0.2863207049554779,0.3170781135559082,0.4397619307041168,0.6445820231433184,0.3008415753650798,0.9996507856896667,0.5188857592175715
aligned,3,6,33,shift_circular_r2,0.2863207049554779,0.3170781135559082,0.4397619307041168,0.6445820231433184,0.3008415753650798,0.9996507856896667,0.5188857592175715
aligned,3,6,33,shift_rank8_feature,0.2683468736615522,0.3041439354419708,0.484984478354454,0.6445820231433184,0.3008415753650798,0.9996507856896667,0.5188857592175715
aligned,3,6,33,shift_rank8_prev_flow,0.21052807393010017,0.23920659720897675,0.366167876124382,0.6445820231433184,0.3008415753650798,0.9996507856896667,0.5188857592175715
aligned,3,6,33,shift_rank8_oracle,0.2104952198846278,0.23916606605052948,0.36613703072071074,0.6445820231433184,0.3008415753650798,0.9996507856896667,0.5188857592175715
aligned,3,6,33,flow_reuse,0.025056569456529804,0.028709448873996735,0.04342428240925073,0.6445820231433184,0.3008415753650798,0.9996507856896667,0.5188857592175715
aligned,3,6,33,flow_toeplitz_r2,0.019499520150217532,0.022194819524884224,0.03231602059677243,0.6445820231433184,0.3008415753650798,0.9996507856896667,0.5188857592175715
aligned,3,6,33,flow_rank8_oracle,0.017379837705250825,0.02012377418577671,0.030699966102838514,0.6445820231433184,0.3008415753650798,0.9996507856896667,0.5188857592175715
aligned,4,6,33,raw_reuse,0.3094603922011874,0.3585815131664276,0.5473355770111084,0.6167945049190411,-0.15544393933634915,0.9996465212237957,0.46617171497139287
aligned,4,6,33,shift_reuse,0.3260255733232001,0.38567617535591125,0.5415841907262802,0.6167945049190411,-0.15544393933634915,0.9996465212237957,0.46617171497139287
aligned,4,6,33,shift_toeplitz_r2,0.2850399241648553,0.33657026290893555,0.5001117914915085,0.6167945049190411,-0.15544393933634915,0.9996465212237957,0.46617171497139287
aligned,4,6,33,shift_circular_r2,0.2850399241648553,0.33657026290893555,0.5001117914915085,0.6167945049190411,-0.15544393933634915,0.9996465212237957,0.46617171497139287
aligned,4,6,33,shift_rank8_feature,0.2973484932899894,0.34765830636024475,0.5521538764238357,0.6167945049190411,-0.15544393933634915,0.9996465212237957,0.46617171497139287
aligned,4,6,33,shift_rank8_prev_flow,0.20185769446973492,0.2382964938879013,0.3570228710770607,0.6167945049190411,-0.15544393933634915,0.9996465212237957,0.46617171497139287
aligned,4,6,33,shift_rank8_oracle,0.201821524978832,0.23825562000274658,0.3569840922951698,0.6167945049190411,-0.15544393933634915,0.9996465212237957,0.46617171497139287
aligned,4,6,33,flow_reuse,0.018613041760139695,0.02127394825220108,0.030655636638402938,0.6167945049190411,-0.15544393933634915,0.9996465212237957,0.46617171497139287
aligned,4,6,33,flow_toeplitz_r2,0.015842319193550853,0.017986292019486427,0.024365892726927994,0.6167945049190411,-0.15544393933634915,0.9996465212237957,0.46617171497139287
aligned,4,6,33,flow_rank8_oracle,0.013599349724701736,0.015776386484503746,0.022343080677092075,0.6167945049190411,-0.15544393933634915,0.9996465212237957,0.46617171497139287
aligned,5,6,33,raw_reuse,0.3037373851141606,0.314547598361969,0.4615175694227218,0.7848107256998367,0.2217079345833719,0.9996809223645644,0.6619467796982265
aligned,5,6,33,shift_reuse,0.40712222557286776,0.4189857244491577,0.6114162176847456,0.7848107256998367,0.2217079345833719,0.9996809223645644,0.6619467796982265
aligned,5,6,33,shift_toeplitz_r2,0.345576559676043,0.34165728092193604,0.5147348552942276,0.7848107256998367,0.2217079345833719,0.9996809223645644,0.6619467796982265
aligned,5,6,33,shift_circular_r2,0.345576559676043,0.34165728092193604,0.5147348552942276,0.7848107256998367,0.2217079345833719,0.9996809223645644,0.6619467796982265
aligned,5,6,33,shift_rank8_feature,0.3205800415238083,0.3267218768596649,0.5600515276193618,0.7848107256998367,0.2217079345833719,0.9996809223645644,0.6619467796982265
aligned,5,6,33,shift_rank8_prev_flow,0.1889306912466943,0.19927306473255157,0.27871090918779373,0.7848107256998367,0.2217079345833719,0.9996809223645644,0.6619467796982265
aligned,5,6,33,shift_rank8_oracle,0.18885788530530961,0.199198916554451,0.2785933241248131,0.7848107256998367,0.2217079345833719,0.9996809223645644,0.6619467796982265
aligned,5,6,33,flow_reuse,0.022252362913093366,0.024224454537034035,0.035895165987312794,0.7848107256998367,0.2217079345833719,0.9996809223645644,0.6619467796982265
aligned,5,6,33,flow_toeplitz_r2,0.016955912338982113,0.018322179093956947,0.027404892910271882,0.7848107256998367,0.2217079345833719,0.9996809223645644,0.6619467796982265
aligned,5,6,33,flow_rank8_oracle,0.012938045464252356,0.014219958335161209,0.021716220676898955,0.7848107256998367,0.2217079345833719,0.9996809223645644,0.6619467796982265
aligned,6,6,33,raw_reuse,0.21089066912387158,0.19979776442050934,0.3627910777926444,0.8867608540955831,0.19406532636210594,0.9994607180536467,0.8959575240293665
aligned,6,6,33,shift_reuse,0.4087130106416531,0.4066866934299469,0.5490040332078934,0.8867608540955831,0.19406532636210594,0.9994607180536467,0.8959575240293665
aligned,6,6,33,shift_toeplitz_r2,0.28623608778582005,0.2671298682689667,0.4551757335662841,0.8867608540955831,0.19406532636210594,0.9994607180536467,0.8959575240293665
aligned,6,6,33,shift_circular_r2,0.28623608778582005,0.2671298682689667,0.4551757335662841,0.8867608540955831,0.19406532636210594,0.9994607180536467,0.8959575240293665
aligned,6,6,33,shift_rank8_feature,0.2607450140926161,0.2526956796646118,0.4283255279064178,0.8867608540955831,0.19406532636210594,0.9994607180536467,0.8959575240293665
aligned,6,6,33,shift_rank8_prev_flow,0.13765542749693274,0.13446690142154694,0.20162662044167518,0.8867608540955831,0.19406532636210594,0.9994607180536467,0.8959575240293665
aligned,6,6,33,shift_rank8_oracle,0.1375361159010432,0.1343524008989334,0.2009611077606678,0.8867608540955831,0.19406532636210594,0.9994607180536467,0.8959575240293665
aligned,6,6,33,flow_reuse,0.030763936902513014,0.03166575729846954,0.039022606797516346,0.8867608540955831,0.19406532636210594,0.9994607180536467,0.8959575240293665
aligned,6,6,33,flow_toeplitz_r2,0.013238163540439746,0.012673004530370235,0.018811611272394654,0.8867608540955831,0.19406532636210594,0.9994607180536467,0.8959575240293665
aligned,6,6,33,flow_rank8_oracle,0.009923097335477698,0.009660713374614716,0.013150833500549197,0.8867608540955831,0.19406532636210594,0.9994607180536467,0.8959575240293665
aligned,7,6,33,raw_reuse,0.10125067571173361,0.09802057594060898,0.16292890980839728,0.9045997457681563,0.26847407979962856,0.9994278451931261,0.851567189734084
aligned,7,6,33,shift_reuse,0.14861511257137083,0.14244525134563446,0.2581288881599903,0.9045997457681563,0.26847407979962856,0.9994278451931261,0.851567189734084
aligned,7,6,33,shift_toeplitz_r2,0.10987730188691809,0.10300055891275406,0.18198617175221443,0.9045997457681563,0.26847407979962856,0.9994278451931261,0.851567189734084
aligned,7,6,33,shift_circular_r2,0.10987730188691809,0.10300055891275406,0.18198617175221443,0.9045997457681563,0.26847407979962856,0.9994278451931261,0.851567189734084
aligned,7,6,33,shift_rank8_feature,0.0954225428869977,0.09140590578317642,0.16706428378820418,0.9045997457681563,0.26847407979962856,0.9994278451931261,0.851567189734084
aligned,7,6,33,shift_rank8_prev_flow,0.04596223078143596,0.043930262327194214,0.07671631462872028,0.9045997457681563,0.26847407979962856,0.9994278451931261,0.851567189734084
aligned,7,6,33,shift_rank8_oracle,0.04590264813483302,0.043865662068128586,0.07667458169162272,0.9045997457681563,0.26847407979962856,0.9994278451931261,0.851567189734084
aligned,7,6,33,flow_reuse,0.014920095337892764,0.014883436262607574,0.020232899487018584,0.9045997457681563,0.26847407979962856,0.9994278451931261,0.851567189734084
aligned,7,6,33,flow_toeplitz_r2,0.008941349375486293,0.008860659785568714,0.012147281831130384,0.9045997457681563,0.26847407979962856,0.9994278451931261,0.851567189734084
aligned,7,6,33,flow_rank8_oracle,0.00574826198171807,0.005540201906114817,0.00925665283575654,0.9045997457681563,0.26847407979962856,0.9994278451931261,0.851567189734084
aligned,0,7,22,raw_reuse,0.5526129067369511,0.5569061636924744,0.9536522299051282,0.9671665158286673,0.6744713492220478,0.9995833917161143,0.35820052193159413
aligned,0,7,22,shift_reuse,0.28406813319413543,0.2941041886806488,0.4151989102363586,0.9671665158286673,0.6744713492220478,0.9995833917161143,0.35820052193159413
aligned,0,7,22,shift_toeplitz_r2,0.1395969780350535,0.14327223598957062,0.19523309171199799,0.9671665158286673,0.6744713492220478,0.9995833917161143,0.35820052193159413
aligned,0,7,22,shift_circular_r2,0.1395969780350535,0.14327223598957062,0.19523309171199799,0.9671665158286673,0.6744713492220478,0.9995833917161143,0.35820052193159413
aligned,0,7,22,shift_rank8_feature,0.092474984794789,0.09500101208686829,0.15142507329583169,0.9671665158286673,0.6744713492220478,0.9995833917161143,0.35820052193159413
aligned,0,7,22,shift_rank8_prev_flow,0.051546499904808855,0.052536528557538986,0.08818029053509235,0.9671665158286673,0.6744713492220478,0.9995833917161143,0.35820052193159413
aligned,0,7,22,shift_rank8_oracle,0.051473180358573706,0.052456531673669815,0.08813279978930949,0.9671665158286673,0.6744713492220478,0.9995833917161143,0.35820052193159413
aligned,0,7,22,flow_reuse,0.031063534398107676,0.031432103365659714,0.03943575117737055,0.9671665158286673,0.6744713492220478,0.9995833917161143,0.35820052193159413
aligned,0,7,22,flow_toeplitz_r2,0.026279397431831067,0.02661645971238613,0.03324924930930137,0.9671665158286673,0.6744713492220478,0.9995833917161143,0.35820052193159413
aligned,0,7,22,flow_rank8_oracle,0.02488573933850404,0.02518537826836109,0.03198964819312096,0.9671665158286673,0.6744713492220478,0.9995833917161143,0.35820052193159413
aligned,1,7,22,raw_reuse,0.43473727560567543,0.4301065504550934,0.56346255838871,0.8797533643393778,0.8490491796131324,0.9993819470269429,0.3031225216769903
aligned,1,7,22,shift_reuse,0.41895331734929053,0.4200553894042969,0.471261391043663,0.8797533643393778,0.8490491796131324,0.9993819470269429,0.3031225216769903
aligned,1,7,22,shift_toeplitz_r2,0.25181881753284513,0.25083813071250916,0.3201200902462006,0.8797533643393778,0.8490491796131324,0.9993819470269429,0.3031225216769903
aligned,1,7,22,shift_circular_r2,0.25181881753284513,0.25083813071250916,0.3201200902462006,0.8797533643393778,0.8490491796131324,0.9993819470269429,0.3031225216769903
aligned,1,7,22,shift_rank8_feature,0.17617524601936277,0.1694052666425705,0.2819261729717254,0.8797533643393778,0.8490491796131324,0.9993819470269429,0.3031225216769903
aligned,1,7,22,shift_rank8_prev_flow,0.1454186467403787,0.1411670595407486,0.2148387163877487,0.8797533643393778,0.8490491796131324,0.9993819470269429,0.3031225216769903
aligned,1,7,22,shift_rank8_oracle,0.1452787520923375,0.14103341102600098,0.21475610956549643,0.8797533643393778,0.8490491796131324,0.9993819470269429,0.3031225216769903
aligned,1,7,22,flow_reuse,0.023707432001408856,0.023682011291384697,0.029286086093634367,0.8797533643393778,0.8490491796131324,0.9993819470269429,0.3031225216769903
aligned,1,7,22,flow_toeplitz_r2,0.020862077847785224,0.020746193826198578,0.025874883774667977,0.8797533643393778,0.8490491796131324,0.9993819470269429,0.3031225216769903
aligned,1,7,22,flow_rank8_oracle,0.019790771665240115,0.019695086404681206,0.02496142089366913,0.8797533643393778,0.8490491796131324,0.9993819470269429,0.3031225216769903
aligned,2,7,22,raw_reuse,0.46976930858689936,0.49085211753845215,0.7163998812437057,0.6932846763866587,0.6103966334230958,0.9994470876294048,0.48876918627076427
aligned,2,7,22,shift_reuse,0.4608726952267358,0.47609853744506836,0.5832158863544464,0.6932846763866587,0.6103966334230958,0.9994470876294048,0.48876918627076427
aligned,2,7,22,shift_toeplitz_r2,0.3549872180338239,0.3682057857513428,0.49078244566917417,0.6932846763866587,0.6103966334230958,0.9994470876294048,0.48876918627076427
aligned,2,7,22,shift_circular_r2,0.3549872180338239,0.3682057857513428,0.49078244566917417,0.6932846763866587,0.6103966334230958,0.9994470876294048,0.48876918627076427
aligned,2,7,22,shift_rank8_feature,0.3088411125239687,0.31233903765678406,0.5169505089521408,0.6932846763866587,0.6103966334230958,0.9994470876294048,0.48876918627076427
aligned,2,7,22,shift_rank8_prev_flow,0.2553240290468076,0.2607816159725189,0.401853846013546,0.6932846763866587,0.6103966334230958,0.9994470876294048,0.48876918627076427
aligned,2,7,22,shift_rank8_oracle,0.25523998814647775,0.26068103313446045,0.401772503554821,0.6932846763866587,0.6103966334230958,0.9994470876294048,0.48876918627076427
aligned,2,7,22,flow_reuse,0.03826152961697409,0.04085316136479378,0.05550981108099222,0.6932846763866587,0.6103966334230958,0.9994470876294048,0.48876918627076427
aligned,2,7,22,flow_toeplitz_r2,0.030989940988426532,0.03309182450175285,0.04212005771696568,0.6932846763866587,0.6103966334230958,0.9994470876294048,0.48876918627076427
aligned,2,7,22,flow_rank8_oracle,0.02735714922966315,0.02904304303228855,0.038315371796488765,0.6932846763866587,0.6103966334230958,0.9994470876294048,0.48876918627076427
aligned,3,7,22,raw_reuse,0.34482520242270387,0.39810124039649963,0.592197099328041,0.593661954179525,0.18213724166878853,0.9995754074925183,0.4555045646392082
aligned,3,7,22,shift_reuse,0.3499838639079761,0.3968322277069092,0.6005550116300582,0.593661954179525,0.18213724166878853,0.9995754074925183,0.4555045646392082
aligned,3,7,22,shift_toeplitz_r2,0.3053108342016231,0.357374906539917,0.5783024013042449,0.593661954179525,0.18213724166878853,0.9995754074925183,0.4555045646392082
aligned,3,7,22,shift_circular_r2,0.3053108342016231,0.357374906539917,0.5783024013042449,0.593661954179525,0.18213724166878853,0.9995754074925183,0.4555045646392082
aligned,3,7,22,shift_rank8_feature,0.29312174201362146,0.3428875505924225,0.5495920479297638,0.593661954179525,0.18213724166878853,0.9995754074925183,0.4555045646392082
aligned,3,7,22,shift_rank8_prev_flow,0.22313804743859592,0.2635605037212372,0.40668312609195706,0.593661954179525,0.18213724166878853,0.9995754074925183,0.4555045646392082
aligned,3,7,22,shift_rank8_oracle,0.22309599060300866,0.2635093033313751,0.4066207110881805,0.593661954179525,0.18213724166878853,0.9995754074925183,0.4555045646392082
aligned,3,7,22,flow_reuse,0.02769780852900385,0.031758006662130356,0.04594490621238947,0.593661954179525,0.18213724166878853,0.9995754074925183,0.4555045646392082
aligned,3,7,22,flow_toeplitz_r2,0.023853859580968844,0.027638887986540794,0.0388440566137433,0.593661954179525,0.18213724166878853,0.9995754074925183,0.4555045646392082
aligned,3,7,22,flow_rank8_oracle,0.02043819462151975,0.024373183026909828,0.03502747882157564,0.593661954179525,0.18213724166878853,0.9995754074925183,0.4555045646392082
aligned,4,7,22,raw_reuse,0.30785852577817036,0.3646765649318695,0.6341602146625519,0.5985404234117024,-0.20111023630858815,0.9994295967745409,0.4649249468076071
aligned,4,7,22,shift_reuse,0.3278689517466049,0.39622175693511963,0.5923684358596801,0.5985404234117024,-0.20111023630858815,0.9994295967745409,0.4649249468076071
aligned,4,7,22,shift_toeplitz_r2,0.29870423530131307,0.3641097843647003,0.5612013936042786,0.5985404234117024,-0.20111023630858815,0.9994295967745409,0.4649249468076071
aligned,4,7,22,shift_circular_r2,0.29870423530131307,0.3641097843647003,0.5612013936042786,0.5985404234117024,-0.20111023630858815,0.9994295967745409,0.4649249468076071
aligned,4,7,22,shift_rank8_feature,0.3140746521648899,0.3810795843601227,0.6263338088989258,0.5985404234117024,-0.20111023630858815,0.9994295967745409,0.4649249468076071
aligned,4,7,22,shift_rank8_prev_flow,0.2078039341037651,0.25283530354499817,0.3928703606128693,0.5985404234117024,-0.20111023630858815,0.9994295967745409,0.4649249468076071
aligned,4,7,22,shift_rank8_oracle,0.20774051469112428,0.2527618706226349,0.39274426400661466,0.5985404234117024,-0.20111023630858815,0.9994295967745409,0.4649249468076071
aligned,4,7,22,flow_reuse,0.022896875242098196,0.02675349824130535,0.03774627763777971,0.5985404234117024,-0.20111023630858815,0.9994295967745409,0.4649249468076071
aligned,4,7,22,flow_toeplitz_r2,0.020316211947371925,0.02356748841702938,0.0325090816244483,0.5985404234117024,-0.20111023630858815,0.9994295967745409,0.4649249468076071
aligned,4,7,22,flow_rank8_oracle,0.016748795096518106,0.020184585824608803,0.0295262947678566,0.5985404234117024,-0.20111023630858815,0.9994295967745409,0.4649249468076071
aligned,5,7,22,raw_reuse,0.324168703158362,0.32913628220558167,0.5239282056689262,0.7602043694274576,0.11145232594245358,0.9993035452599842,0.5967269819898353
aligned,5,7,22,shift_reuse,0.41200667918898015,0.4235669672489166,0.6294758379459381,0.7602043694274576,0.11145232594245358,0.9993035452599842,0.5967269819898353
aligned,5,7,22,shift_toeplitz_r2,0.3730359819991418,0.37829312682151794,0.5966837137937545,0.7602043694274576,0.11145232594245358,0.9993035452599842,0.5967269819898353
aligned,5,7,22,shift_circular_r2,0.3730359819991418,0.37829312682151794,0.5966837137937545,0.7602043694274576,0.11145232594245358,0.9993035452599842,0.5967269819898353
aligned,5,7,22,shift_rank8_feature,0.3586756764038221,0.3758874833583832,0.6182807058095932,0.7602043694274576,0.11145232594245358,0.9993035452599842,0.5967269819898353
aligned,5,7,22,shift_rank8_prev_flow,0.20192603707477108,0.2173062115907669,0.32000968903303145,0.7602043694274576,0.11145232594245358,0.9993035452599842,0.5967269819898353
aligned,5,7,22,shift_rank8_oracle,0.20175527075701857,0.21714626252651215,0.31980564147233964,0.7602043694274576,0.11145232594245358,0.9993035452599842,0.5967269819898353
aligned,5,7,22,flow_reuse,0.027454656470573012,0.030261142179369926,0.05486108660697935,0.7602043694274576,0.11145232594245358,0.9993035452599842,0.5967269819898353
aligned,5,7,22,flow_toeplitz_r2,0.023341818703996053,0.025790633633732796,0.047328905202448354,0.7602043694274576,0.11145232594245358,0.9993035452599842,0.5967269819898353
aligned,5,7,22,flow_rank8_oracle,0.01743474487356055,0.019502995535731316,0.034345566667616366,0.7602043694274576,0.11145232594245358,0.9993035452599842,0.5967269819898353
aligned,6,7,22,raw_reuse,0.2841731770275999,0.2757098376750946,0.5422493129968643,0.8324464472785853,0.009490967750537704,0.9985279171918103,0.8694710515331436
aligned,6,7,22,shift_reuse,0.46550235569911136,0.4871335029602051,0.8018586933612821,0.8324464472785853,0.009490967750537704,0.9985279171918103,0.8694710515331436
aligned,6,7,22,shift_toeplitz_r2,0.37571143146654856,0.3704904019832611,0.6920333117246626,0.8324464472785853,0.009490967750537704,0.9985279171918103,0.8694710515331436
aligned,6,7,22,shift_circular_r2,0.37571143146654856,0.3704904019832611,0.6920333117246626,0.8324464472785853,0.009490967750537704,0.9985279171918103,0.8694710515331436
aligned,6,7,22,shift_rank8_feature,0.3706327830982243,0.3894067704677582,0.7185483694076538,0.8324464472785853,0.009490967750537704,0.9985279171918103,0.8694710515331436
aligned,6,7,22,shift_rank8_prev_flow,0.1909392248831781,0.1986183524131775,0.31048979014158246,0.8324464472785853,0.009490967750537704,0.9985279171918103,0.8694710515331436
aligned,6,7,22,shift_rank8_oracle,0.19054550296341152,0.19827282428741455,0.310315303504467,0.8324464472785853,0.009490967750537704,0.9985279171918103,0.8694710515331436
aligned,6,7,22,flow_reuse,0.043893727973763834,0.048797089606523514,0.06146369054913521,0.8324464472785853,0.009490967750537704,0.9985279171918103,0.8694710515331436
aligned,6,7,22,flow_toeplitz_r2,0.022319529467119317,0.02247808128595352,0.03110420787706971,0.8324464472785853,0.009490967750537704,0.9985279171918103,0.8694710515331436
aligned,6,7,22,flow_rank8_oracle,0.01585827291096783,0.01604188233613968,0.021630786638706923,0.8324464472785853,0.009490967750537704,0.9985279171918103,0.8694710515331436
aligned,7,7,22,raw_reuse,0.12016956259543539,0.11715638637542725,0.1984767697751522,0.8882685031089962,0.22324458177916962,0.9987115952449399,0.905011168045009
aligned,7,7,22,shift_reuse,0.19374736481918756,0.18556047976016998,0.3275506004691124,0.8882685031089962,0.22324458177916962,0.9987115952449399,0.905011168045009
aligned,7,7,22,shift_toeplitz_r2,0.15349657006967565,0.1424037367105484,0.24545475393533706,0.8882685031089962,0.22324458177916962,0.9987115952449399,0.905011168045009
aligned,7,7,22,shift_circular_r2,0.15349657006967565,0.1424037367105484,0.24545475393533706,0.8882685031089962,0.22324458177916962,0.9987115952449399,0.905011168045009
aligned,7,7,22,shift_rank8_feature,0.1369045150494162,0.1304355412721634,0.2331390306353569,0.8882685031089962,0.22324458177916962,0.9987115952449399,0.905011168045009
aligned,7,7,22,shift_rank8_prev_flow,0.06494854481013393,0.061432987451553345,0.11037107333540913,0.8882685031089962,0.22324458177916962,0.9987115952449399,0.905011168045009
aligned,7,7,22,shift_rank8_oracle,0.06476250113388025,0.06125156208872795,0.11010958477854725,0.8882685031089962,0.22324458177916962,0.9987115952449399,0.905011168045009
aligned,7,7,22,flow_reuse,0.028760186129541128,0.029031964018940926,0.03925276286900043,0.8882685031089962,0.22324458177916962,0.9987115952449399,0.905011168045009
aligned,7,7,22,flow_toeplitz_r2,0.012513998034155975,0.011685830540955067,0.019622558541595933,0.8882685031089962,0.22324458177916962,0.9987115952449399,0.905011168045009
aligned,7,7,22,flow_rank8_oracle,0.008863964199449773,0.008124062791466713,0.0132835840806365,0.8882685031089962,0.22324458177916962,0.9987115952449399,0.905011168045009
aligned,0,8,11,raw_reuse,0.4621215552444164,0.47763094305992126,0.8287995755672454,0.9548734982557406,0.8434994383913961,0.9989372616982041,0.3065129301528914
aligned,0,8,11,shift_reuse,0.33475682321379385,0.35664913058280945,0.4834267482161521,0.9548734982557406,0.8434994383913961,0.9989372616982041,0.3065129301528914
aligned,0,8,11,shift_toeplitz_r2,0.16065167361476204,0.16827063262462616,0.2453943721950054,0.9548734982557406,0.8434994383913961,0.9989372616982041,0.3065129301528914
aligned,0,8,11,shift_circular_r2,0.16065167361476204,0.16827063262462616,0.2453943721950054,0.9548734982557406,0.8434994383913961,0.9989372616982041,0.3065129301528914
aligned,0,8,11,shift_rank8_feature,0.09321742616540582,0.09503716230392456,0.16078384816646574,0.9548734982557406,0.8434994383913961,0.9989372616982041,0.3065129301528914
aligned,0,8,11,shift_rank8_prev_flow,0.07128561596493181,0.07387584447860718,0.10624492429196834,0.9548734982557406,0.8434994383913961,0.9989372616982041,0.3065129301528914
aligned,0,8,11,shift_rank8_oracle,0.07111238946882663,0.0736825093626976,0.10607446022331714,0.9548734982557406,0.8434994383913961,0.9989372616982041,0.3065129301528914
aligned,0,8,11,flow_reuse,0.05034943555337616,0.05322356894612312,0.0689779594540596,0.9548734982557406,0.8434994383913961,0.9989372616982041,0.3065129301528914
aligned,0,8,11,flow_toeplitz_r2,0.04175803888439239,0.04395290091633797,0.05789528917521238,0.9548734982557406,0.8434994383913961,0.9989372616982041,0.3065129301528914
aligned,0,8,11,flow_rank8_oracle,0.04192893102382167,0.04408061504364014,0.05777767244726419,0.9548734982557406,0.8434994383913961,0.9989372616982041,0.3065129301528914
aligned,1,8,11,raw_reuse,0.36538547395610826,0.36018943786621094,0.4873599261045456,0.8513707903323534,0.8500543537984279,0.9976085922023021,0.22019171893302447
aligned,1,8,11,shift_reuse,0.40887430803749275,0.40913617610931396,0.45327633917331694,0.8513707903323534,0.8500543537984279,0.9976085922023021,0.22019171893302447
aligned,1,8,11,shift_toeplitz_r2,0.2626248066120902,0.26021307706832886,0.3094001367688179,0.8513707903323534,0.8500543537984279,0.9976085922023021,0.22019171893302447
aligned,1,8,11,shift_circular_r2,0.2626248066120902,0.26021307706832886,0.3094001367688179,0.8513707903323534,0.8500543537984279,0.9976085922023021,0.22019171893302447
aligned,1,8,11,shift_rank8_feature,0.18322288950283094,0.17900152504444122,0.28136201202869415,0.8513707903323534,0.8500543537984279,0.9976085922023021,0.22019171893302447
aligned,1,8,11,shift_rank8_prev_flow,0.1580717612883241,0.15507827699184418,0.235938286781311,0.8513707903323534,0.8500543537984279,0.9976085922023021,0.22019171893302447
aligned,1,8,11,shift_rank8_oracle,0.15763110005941566,0.15463821589946747,0.23510895520448682,0.8513707903323534,0.8500543537984279,0.9976085922023021,0.22019171893302447
aligned,1,8,11,flow_reuse,0.03775100994025192,0.03779740631580353,0.045036010444164276,0.8513707903323534,0.8500543537984279,0.9976085922023021,0.22019171893302447
aligned,1,8,11,flow_toeplitz_r2,0.035427549316606605,0.03554842248558998,0.04398994371294975,0.8513707903323534,0.8500543537984279,0.9976085922023021,0.22019171893302447
aligned,1,8,11,flow_rank8_oracle,0.033336691498950806,0.03330333158373833,0.040558433160185814,0.8513707903323534,0.8500543537984279,0.9976085922023021,0.22019171893302447
aligned,2,8,11,raw_reuse,0.41219546872707413,0.4287034571170807,0.6260128378868103,0.5995854202150783,0.6031619311090171,0.9963517217674588,0.25624827715534393
aligned,2,8,11,shift_reuse,0.4600919492697427,0.4702261984348297,0.5613296091556549,0.5995854202150783,0.6031619311090171,0.9963517217674588,0.25624827715534393
aligned,2,8,11,shift_toeplitz_r2,0.38073587012892196,0.3929901123046875,0.4791776522994041,0.5995854202150783,0.6031619311090171,0.9963517217674588,0.25624827715534393
aligned,2,8,11,shift_circular_r2,0.38073587012892196,0.3929901123046875,0.4791776522994041,0.5995854202150783,0.6031619311090171,0.9963517217674588,0.25624827715534393
aligned,2,8,11,shift_rank8_feature,0.33507249862597854,0.350791335105896,0.4559020698070526,0.5995854202150783,0.6031619311090171,0.9963517217674588,0.25624827715534393
aligned,2,8,11,shift_rank8_prev_flow,0.2915725004304045,0.3047366142272949,0.41650979369878766,0.5995854202150783,0.6031619311090171,0.9963517217674588,0.25624827715534393
aligned,2,8,11,shift_rank8_oracle,0.2911384565285236,0.30423641204833984,0.41616718024015426,0.5995854202150783,0.6031619311090171,0.9963517217674588,0.25624827715534393
aligned,2,8,11,flow_reuse,0.051061037924562,0.05485494062304497,0.07015623413026333,0.5995854202150783,0.6031619311090171,0.9963517217674588,0.25624827715534393
aligned,2,8,11,flow_toeplitz_r2,0.061051305172692215,0.06714331358671188,0.08705747798085213,0.5995854202150783,0.6031619311090171,0.9963517217674588,0.25624827715534393
aligned,2,8,11,flow_rank8_oracle,0.04403557087559785,0.04759778082370758,0.0636065823957324,0.5995854202150783,0.6031619311090171,0.9963517217674588,0.25624827715534393
aligned,3,8,11,raw_reuse,0.3264494361316421,0.3793652355670929,0.5733643680810928,0.5087597451614894,0.06290864726920231,0.996502718210688,0.20497984887886067
aligned,3,8,11,shift_reuse,0.32730884470683413,0.37936291098594666,0.6040496736764908,0.5087597451614894,0.06290864726920231,0.996502718210688,0.20497984887886067
aligned,3,8,11,shift_toeplitz_r2,0.30492737084265087,0.36618295311927795,0.615274667739868,0.5087597451614894,0.06290864726920231,0.996502718210688,0.20497984887886067
aligned,3,8,11,shift_circular_r2,0.30492737084265087,0.36618295311927795,0.615274667739868,0.5087597451614894,0.06290864726920231,0.996502718210688,0.20497984887886067
aligned,3,8,11,shift_rank8_feature,0.29829633040565673,0.36488571763038635,0.607557213306427,0.5087597451614894,0.06290864726920231,0.996502718210688,0.20497984887886067
aligned,3,8,11,shift_rank8_prev_flow,0.22970148960274836,0.2806174159049988,0.4524242043495178,0.5087597451614894,0.06290864726920231,0.996502718210688,0.20497984887886067
aligned,3,8,11,shift_rank8_oracle,0.22940595519999601,0.28023019433021545,0.4518347725272179,0.5087597451614894,0.06290864726920231,0.996502718210688,0.20497984887886067
aligned,3,8,11,flow_reuse,0.03662625534498124,0.04343146085739136,0.060679198056459424,0.5087597451614894,0.06290864726920231,0.996502718210688,0.20497984887886067
aligned,3,8,11,flow_toeplitz_r2,0.05201641078310498,0.06651370227336884,0.10485061444342136,0.5087597451614894,0.06290864726920231,0.996502718210688,0.20497984887886067
aligned,3,8,11,flow_rank8_oracle,0.032657394974036004,0.03912857174873352,0.05462677255272865,0.5087597451614894,0.06290864726920231,0.996502718210688,0.20497984887886067
aligned,4,8,11,raw_reuse,0.30319870919046943,0.36433640122413635,0.691414424777031,0.5419710672382649,-0.1451725797568204,0.99663457828855,0.24943669482761066
aligned,4,8,11,shift_reuse,0.33348132401525926,0.40121975541114807,0.6678240507841109,0.5419710672382649,-0.1451725797568204,0.99663457828855,0.24943669482761066
aligned,4,8,11,shift_toeplitz_r2,0.3256015524033005,0.4046062231063843,0.6733591556549072,0.5419710672382649,-0.1451725797568204,0.99663457828855,0.24943669482761066
aligned,4,8,11,shift_circular_r2,0.3256015524033005,0.4046062231063843,0.6733591556549072,0.5419710672382649,-0.1451725797568204,0.99663457828855,0.24943669482761066
aligned,4,8,11,shift_rank8_feature,0.32716458553693256,0.40904808044433594,0.7263660758733749,0.5419710672382649,-0.1451725797568204,0.99663457828855,0.24943669482761066
aligned,4,8,11,shift_rank8_prev_flow,0.22605787710553873,0.2751799523830414,0.4183262884616852,0.5419710672382649,-0.1451725797568204,0.99663457828855,0.24943669482761066
aligned,4,8,11,shift_rank8_oracle,0.22569293966433554,0.27463799715042114,0.41770917028188703,0.5419710672382649,-0.1451725797568204,0.99663457828855,0.24943669482761066
aligned,4,8,11,flow_reuse,0.033383988161951234,0.04057255759835243,0.06370869353413582,0.5419710672382649,-0.1451725797568204,0.99663457828855,0.24943669482761066
aligned,4,8,11,flow_toeplitz_r2,0.049559294861441075,0.06656726449728012,0.12180268727242946,0.5419710672382649,-0.1451725797568204,0.99663457828855,0.24943669482761066
aligned,4,8,11,flow_rank8_oracle,0.02892223707728207,0.036014195531606674,0.058754893764853475,0.5419710672382649,-0.1451725797568204,0.99663457828855,0.24943669482761066
aligned,5,8,11,raw_reuse,0.34153877464497584,0.3384270668029785,0.5288697123527527,0.6784789993768294,0.1922691632769813,0.997810842480403,0.33858386215884007
aligned,5,8,11,shift_reuse,0.39903786373391653,0.4099903106689453,0.604434385895729,0.6784789993768294,0.1922691632769813,0.997810842480403,0.33858386215884007
aligned,5,8,11,shift_toeplitz_r2,0.3856036730419111,0.40767309069633484,0.5884202569723129,0.6784789993768294,0.1922691632769813,0.997810842480403,0.33858386215884007
aligned,5,8,11,shift_circular_r2,0.3856036730419111,0.40767309069633484,0.5884202569723129,0.6784789993768294,0.1922691632769813,0.997810842480403,0.33858386215884007
aligned,5,8,11,shift_rank8_feature,0.3525426088509062,0.39462539553642273,0.6421624600887299,0.6784789993768294,0.1922691632769813,0.997810842480403,0.33858386215884007
aligned,5,8,11,shift_rank8_prev_flow,0.22670303580066326,0.24502937495708466,0.33842107802629473,0.6784789993768294,0.1922691632769813,0.997810842480403,0.33858386215884007
aligned,5,8,11,shift_rank8_oracle,0.2262657290039383,0.24452082812786102,0.33788505792617796,0.6784789993768294,0.1922691632769813,0.997810842480403,0.33858386215884007
aligned,5,8,11,flow_reuse,0.036762718460261315,0.0420503132045269,0.07400141395628453,0.6784789993768294,0.1922691632769813,0.997810842480403,0.33858386215884007
aligned,5,8,11,flow_toeplitz_r2,0.05454721200720132,0.06757300347089767,0.11878424957394598,0.6784789993768294,0.1922691632769813,0.997810842480403,0.33858386215884007
aligned,5,8,11,flow_rank8_oracle,0.02989819787170939,0.034913916140794754,0.05715039074420928,0.6784789993768294,0.1922691632769813,0.997810842480403,0.33858386215884007
aligned,6,8,11,raw_reuse,0.36559041991654007,0.4160368740558624,1.0268221586942672,0.7414185245187697,-0.15353083736931228,0.9962087602089466,0.689559049183154
aligned,6,8,11,shift_reuse,0.4581511661489806,0.5717581510543823,1.059031558036804,0.7414185245187697,-0.15353083736931228,0.9962087602089466,0.689559049183154
aligned,6,8,11,shift_toeplitz_r2,0.44393789666571903,0.5812349915504456,0.9908221662044523,0.7414185245187697,-0.15353083736931228,0.9962087602089466,0.689559049183154
aligned,6,8,11,shift_circular_r2,0.44393789666571903,0.5812349915504456,0.9908221662044523,0.7414185245187697,-0.15353083736931228,0.9962087602089466,0.689559049183154
aligned,6,8,11,shift_rank8_feature,0.4472757610140379,0.6121261119842529,1.1868009746074675,0.7414185245187697,-0.15353083736931228,0.9962087602089466,0.689559049183154
aligned,6,8,11,shift_rank8_prev_flow,0.2340000442293775,0.3011234700679779,0.48243693560361856,0.7414185245187697,-0.15353083736931228,0.9962087602089466,0.689559049183154
aligned,6,8,11,shift_rank8_oracle,0.2329740239624541,0.29967576265335083,0.4793141588568687,0.7414185245187697,-0.15353083736931228,0.9962087602089466,0.689559049183154
aligned,6,8,11,flow_reuse,0.060956916708325926,0.08359041810035706,0.13651752546429632,0.7414185245187697,-0.15353083736931228,0.9962087602089466,0.689559049183154
aligned,6,8,11,flow_toeplitz_r2,0.051415331312408726,0.06954445689916611,0.1020219374448061,0.7414185245187697,-0.15353083736931228,0.9962087602089466,0.689559049183154
aligned,6,8,11,flow_rank8_oracle,0.03396350433069036,0.04216274619102478,0.057509050145745276,0.7414185245187697,-0.15353083736931228,0.9962087602089466,0.689559049183154
aligned,7,8,11,raw_reuse,0.23282424073483426,0.22787098586559296,0.4287132784724236,0.8220136860705238,0.27758419733062956,0.9876688165107357,0.9331169214197522
aligned,7,8,11,shift_reuse,0.3280613099271457,0.3151266574859619,0.6415821850299834,0.8220136860705238,0.27758419733062956,0.9876688165107357,0.9331169214197522
aligned,7,8,11,shift_toeplitz_r2,0.34518026356666337,0.34985819458961487,0.5488723129034042,0.8220136860705238,0.27758419733062956,0.9876688165107357,0.9331169214197522
aligned,7,8,11,shift_circular_r2,0.34518026356666337,0.34985819458961487,0.5488723129034042,0.8220136860705238,0.27758419733062956,0.9876688165107357,0.9331169214197522
aligned,7,8,11,shift_rank8_feature,0.26325828718728067,0.2643224895000458,0.4295262113213539,0.8220136860705238,0.27758419733062956,0.9876688165107357,0.9331169214197522
aligned,7,8,11,shift_rank8_prev_flow,0.14146255055171605,0.1378372460603714,0.2433791860938072,0.8220136860705238,0.27758419733062956,0.9876688165107357,0.9331169214197522
aligned,7,8,11,shift_rank8_oracle,0.13840389717761345,0.13441014289855957,0.24243926778435707,0.8220136860705238,0.27758419733062956,0.9876688165107357,0.9331169214197522
aligned,7,8,11,flow_reuse,0.10526667217231764,0.11208400875329971,0.17237199097871778,0.8220136860705238,0.27758419733062956,0.9876688165107357,0.9331169214197522
aligned,7,8,11,flow_toeplitz_r2,0.13670397488965386,0.14607049524784088,0.18561725914478303,0.8220136860705238,0.27758419733062956,0.9876688165107357,0.9331169214197522
aligned,7,8,11,flow_rank8_oracle,0.027223817281995546,0.025720670819282532,0.03768497612327337,0.8220136860705238,0.27758419733062956,0.9876688165107357,0.9331169214197522
aligned,0,9,0,raw_reuse,0.29770618320799547,0.29409804940223694,0.5616433084011078,0.9629636866706272,0.9010249420111428,0.9966106101018082,0.25476905648962245
aligned,0,9,0,shift_reuse,0.37411533013582676,0.42625904083251953,0.616832259297371,0.9629636866706272,0.9010249420111428,0.9966106101018082,0.25476905648962245
aligned,0,9,0,shift_toeplitz_r2,0.17187825223371567,0.19019925594329834,0.31372121423482896,0.9629636866706272,0.9010249420111428,0.9966106101018082,0.25476905648962245
aligned,0,9,0,shift_circular_r2,0.17187825223371567,0.19019925594329834,0.31372121423482896,0.9629636866706272,0.9010249420111428,0.9966106101018082,0.25476905648962245
aligned,0,9,0,shift_rank8_feature,0.09014880394212438,0.0946013331413269,0.17794678211212156,0.9629636866706272,0.9010249420111428,0.9966106101018082,0.25476905648962245
aligned,0,9,0,shift_rank8_prev_flow,0.07269438484121231,0.07882053405046463,0.128118884190917,0.9629636866706272,0.9010249420111428,0.9966106101018082,0.25476905648962245
aligned,0,9,0,shift_rank8_oracle,0.07199782542104909,0.07776843011379242,0.12758836001157758,0.9629636866706272,0.9010249420111428,0.9966106101018082,0.25476905648962245
aligned,0,9,0,flow_reuse,0.07302547936419532,0.0837847888469696,0.1272822327911854,0.9629636866706272,0.9010249420111428,0.9966106101018082,0.25476905648962245
aligned,0,9,0,flow_toeplitz_r2,0.06098445908828052,0.06901396065950394,0.10323400795459747,0.9629636866706272,0.9010249420111428,0.9966106101018082,0.25476905648962245
aligned,0,9,0,flow_rank8_oracle,0.06304053006851756,0.07169195264577866,0.11179787404835223,0.9629636866706272,0.9010249420111428,0.9966106101018082,0.25476905648962245
aligned,1,9,0,raw_reuse,0.2371575988318206,0.22024089097976685,0.4172174602746963,0.8822735843386873,0.9154701158788683,0.9914669789932977,0.2832577578989468
aligned,1,9,0,shift_reuse,0.41349577472947147,0.4139906167984009,0.4918463885784149,0.8822735843386873,0.9154701158788683,0.9914669789932977,0.2832577578989468
aligned,1,9,0,shift_toeplitz_r2,0.25497116493280714,0.2509288489818573,0.3184309095144272,0.8822735843386873,0.9154701158788683,0.9914669789932977,0.2832577578989468
aligned,1,9,0,shift_circular_r2,0.25497116493280714,0.2509288489818573,0.3184309095144272,0.8822735843386873,0.9154701158788683,0.9914669789932977,0.2832577578989468
aligned,1,9,0,shift_rank8_feature,0.1579855936938715,0.1555170863866806,0.20184303000569342,0.8822735843386873,0.9154701158788683,0.9914669789932977,0.2832577578989468
aligned,1,9,0,shift_rank8_prev_flow,0.14358399008598166,0.1416960209608078,0.18667920753359793,0.8822735843386873,0.9154701158788683,0.9914669789932977,0.2832577578989468
aligned,1,9,0,shift_rank8_oracle,0.1418757063948718,0.1398044377565384,0.1844581440091133,0.8822735843386873,0.9154701158788683,0.9914669789932977,0.2832577578989468
aligned,1,9,0,flow_reuse,0.08920362591898379,0.08905724436044693,0.11968442089855669,0.8822735843386873,0.9154701158788683,0.9914669789932977,0.2832577578989468
aligned,1,9,0,flow_toeplitz_r2,0.06745861538957142,0.06736556440591812,0.08921097964048386,0.8822735843386873,0.9154701158788683,0.9914669789932977,0.2832577578989468
aligned,1,9,0,flow_rank8_oracle,0.07552035247090476,0.07523712515830994,0.1034058328717947,0.8822735843386873,0.9154701158788683,0.9914669789932977,0.2832577578989468
aligned,2,9,0,raw_reuse,0.3141523667558255,0.29755476117134094,0.4907523527741432,0.7310203728469387,0.8039466170242957,0.9917814315483854,0.4995566444401818
aligned,2,9,0,shift_reuse,0.42044602657963964,0.41767945885658264,0.588449677824974,0.7310203728469387,0.8039466170242957,0.9917814315483854,0.4995566444401818
aligned,2,9,0,shift_toeplitz_r2,0.35322655808569636,0.35675689578056335,0.4827779561281204,0.7310203728469387,0.8039466170242957,0.9917814315483854,0.4995566444401818
aligned,2,9,0,shift_circular_r2,0.35322655808569636,0.35675689578056335,0.4827779561281204,0.7310203728469387,0.8039466170242957,0.9917814315483854,0.4995566444401818
aligned,2,9,0,shift_rank8_feature,0.2520061360441165,0.25911033153533936,0.3360800161957741,0.7310203728469387,0.8039466170242957,0.9917814315483854,0.4995566444401818
aligned,2,9,0,shift_rank8_prev_flow,0.2195855635794992,0.2269657999277115,0.2921676367521286,0.7310203728469387,0.8039466170242957,0.9917814315483854,0.4995566444401818
aligned,2,9,0,shift_rank8_oracle,0.21805695648964318,0.22520916163921356,0.2893070742487907,0.7310203728469387,0.8039466170242957,0.9917814315483854,0.4995566444401818
aligned,2,9,0,flow_reuse,0.14221566685752546,0.15323792397975922,0.2044740580022335,0.7310203728469387,0.8039466170242957,0.9917814315483854,0.4995566444401818
aligned,2,9,0,flow_toeplitz_r2,0.11443304362551093,0.12142007797956467,0.1631405472755432,0.7310203728469387,0.8039466170242957,0.9917814315483854,0.4995566444401818
aligned,2,9,0,flow_rank8_oracle,0.10060623711903514,0.10726378113031387,0.14557881206274031,0.7310203728469387,0.8039466170242957,0.9917814315483854,0.4995566444401818
aligned,3,9,0,raw_reuse,0.2969714066359479,0.32800358533859253,0.5085587456822395,0.6230031749328654,0.4813487078694757,0.9906082618289612,0.5797986450186446
aligned,3,9,0,shift_reuse,0.3336090040161213,0.3749290406703949,0.5435326665639877,0.6230031749328654,0.4813487078694757,0.9906082618289612,0.5797986450186446
aligned,3,9,0,shift_toeplitz_r2,0.2980301404640012,0.33924195170402527,0.490654793381691,0.6230031749328654,0.4813487078694757,0.9906082618289612,0.5797986450186446
aligned,3,9,0,shift_circular_r2,0.2980301404640012,0.33924195170402527,0.490654793381691,0.6230031749328654,0.4813487078694757,0.9906082618289612,0.5797986450186446
aligned,3,9,0,shift_rank8_feature,0.2563272163922879,0.2921433746814728,0.403743813931942,0.6230031749328654,0.4813487078694757,0.9906082618289612,0.5797986450186446
aligned,3,9,0,shift_rank8_prev_flow,0.205883071980804,0.23567567765712738,0.3414767310023308,0.6230031749328654,0.4813487078694757,0.9906082618289612,0.5797986450186446
aligned,3,9,0,shift_rank8_oracle,0.20483615261058455,0.23449242115020752,0.34038503915071483,0.6230031749328654,0.4813487078694757,0.9906082618289612,0.5797986450186446
aligned,3,9,0,flow_reuse,0.1411182074127727,0.1678270846605301,0.23748191893100737,0.6230031749328654,0.4813487078694757,0.9906082618289612,0.5797986450186446
aligned,3,9,0,flow_toeplitz_r2,0.11529630396237035,0.13549749553203583,0.18094506189227103,0.6230031749328654,0.4813487078694757,0.9906082618289612,0.5797986450186446
aligned,3,9,0,flow_rank8_oracle,0.09147697091557629,0.10656112432479858,0.15039606690406798,0.6230031749328654,0.4813487078694757,0.9906082618289612,0.5797986450186446
aligned,4,9,0,raw_reuse,0.3032721778275183,0.32036492228507996,0.642769557237625,0.669836821759906,0.5041476925436641,0.9900044934223879,0.624875993887394
aligned,4,9,0,shift_reuse,0.39111238518982494,0.41756534576416016,0.6781264752149581,0.669836821759906,0.5041476925436641,0.9900044934223879,0.624875993887394
aligned,4,9,0,shift_toeplitz_r2,0.35366729440299505,0.3831425607204437,0.6023780733346938,0.669836821759906,0.5041476925436641,0.9900044934223879,0.624875993887394
aligned,4,9,0,shift_circular_r2,0.35366729440299505,0.3831425607204437,0.6023780733346938,0.669836821759906,0.5041476925436641,0.9900044934223879,0.624875993887394
aligned,4,9,0,shift_rank8_feature,0.29709811083852355,0.33057132363319397,0.4930774703621864,0.669836821759906,0.5041476925436641,0.9900044934223879,0.624875993887394
aligned,4,9,0,shift_rank8_prev_flow,0.22641978193630263,0.2522110939025879,0.3923385977745056,0.669836821759906,0.5041476925436641,0.9900044934223879,0.624875993887394
aligned,4,9,0,shift_rank8_oracle,0.2247325020678329,0.25015655159950256,0.38920986503362653,0.669836821759906,0.5041476925436641,0.9900044934223879,0.624875993887394
aligned,4,9,0,flow_reuse,0.14059496673313532,0.16205519437789917,0.24620008766651152,0.669836821759906,0.5041476925436641,0.9900044934223879,0.624875993887394
aligned,4,9,0,flow_toeplitz_r2,0.11353298493857925,0.1297735869884491,0.1887242518365383,0.669836821759906,0.5041476925436641,0.9900044934223879,0.624875993887394
aligned,4,9,0,flow_rank8_oracle,0.08611071636838243,0.09626313298940659,0.13096820637583734,0.669836821759906,0.5041476925436641,0.9900044934223879,0.624875993887394
aligned,5,9,0,raw_reuse,0.32708462095624585,0.30495813488960266,0.46399513483047483,0.7852612765959688,0.5408558561612118,0.9905079502116454,0.684667750854874
aligned,5,9,0,shift_reuse,0.4251888897957055,0.415467232465744,0.7125314354896545,0.7852612765959688,0.5408558561612118,0.9905079502116454,0.684667750854874
aligned,5,9,0,shift_toeplitz_r2,0.37457830773477757,0.3675011396408081,0.6084683030843733,0.7852612765959688,0.5408558561612118,0.9905079502116454,0.684667750854874
aligned,5,9,0,shift_circular_r2,0.37457830773477757,0.3675011396408081,0.6084683030843733,0.7852612765959688,0.5408558561612118,0.9905079502116454,0.684667750854874
aligned,5,9,0,shift_rank8_feature,0.2887255805466712,0.3039979636669159,0.46312334537506095,0.7852612765959688,0.5408558561612118,0.9905079502116454,0.684667750854874
aligned,5,9,0,shift_rank8_prev_flow,0.19935514093306317,0.20738404989242554,0.2947372987866401,0.7852612765959688,0.5408558561612118,0.9905079502116454,0.684667750854874
aligned,5,9,0,shift_rank8_oracle,0.19703216622316724,0.2044203281402588,0.2909972861409187,0.7852612765959688,0.5408558561612118,0.9905079502116454,0.684667750854874
aligned,5,9,0,flow_reuse,0.15277736979158693,0.1699531078338623,0.24599759727716444,0.7852612765959688,0.5408558561612118,0.9905079502116454,0.684667750854874
aligned,5,9,0,flow_toeplitz_r2,0.1155579982110098,0.12785744667053223,0.1827896386384964,0.7852612765959688,0.5408558561612118,0.9905079502116454,0.684667750854874
aligned,5,9,0,flow_rank8_oracle,0.08579129495014014,0.09377989917993546,0.14004736319184302,0.7852612765959688,0.5408558561612118,0.9905079502116454,0.684667750854874
aligned,6,9,0,raw_reuse,0.38635675641473055,0.38855767250061035,0.8160338222980499,0.7936369007123546,0.1331064444868323,0.9766920147973983,0.5606016152718755
aligned,6,9,0,shift_reuse,0.4144772731495303,0.4783775806427002,0.7248978257179259,0.7936369007123546,0.1331064444868323,0.9766920147973983,0.5606016152718755
aligned,6,9,0,shift_toeplitz_r2,0.3637167218465571,0.43229004740715027,0.6756396979093552,0.7936369007123546,0.1331064444868323,0.9766920147973983,0.5606016152718755
aligned,6,9,0,shift_circular_r2,0.3637167218465571,0.43229004740715027,0.6756396979093552,0.7936369007123546,0.1331064444868323,0.9766920147973983,0.5606016152718755
aligned,6,9,0,shift_rank8_feature,0.3337310623259049,0.4029355049133301,0.6988104671239853,0.7936369007123546,0.1331064444868323,0.9766920147973983,0.5606016152718755
aligned,6,9,0,shift_rank8_prev_flow,0.19363053346896467,0.2248740792274475,0.36444101035594934,0.7936369007123546,0.1331064444868323,0.9766920147973983,0.5606016152718755
aligned,6,9,0,shift_rank8_oracle,0.18828544232047803,0.21872301399707794,0.3353820830583572,0.7936369007123546,0.1331064444868323,0.9766920147973983,0.5606016152718755
aligned,6,9,0,flow_reuse,0.15544179741966804,0.172981858253479,0.22630198076367375,0.7936369007123546,0.1331064444868323,0.9766920147973983,0.5606016152718755
aligned,6,9,0,flow_toeplitz_r2,0.13051344385428804,0.1368953138589859,0.19384284615516661,0.7936369007123546,0.1331064444868323,0.9766920147973983,0.5606016152718755
aligned,6,9,0,flow_rank8_oracle,0.10303790918661399,0.11311938613653183,0.17075968906283379,0.7936369007123546,0.1331064444868323,0.9766920147973983,0.5606016152718755
aligned,7,9,0,raw_reuse,0.21963669881813427,0.18918748199939728,0.36225383877754214,0.9132189052189454,0.5590829738178816,0.9499016997601822,0.9526809866273337
aligned,7,9,0,shift_reuse,0.2564860525706901,0.23529522120952606,0.35556122958660125,0.9132189052189454,0.5590829738178816,0.9499016997601822,0.9526809866273337
aligned,7,9,0,shift_toeplitz_r2,0.2091769426883372,0.18829743564128876,0.2838490575551987,0.9132189052189454,0.5590829738178816,0.9499016997601822,0.9526809866273337
aligned,7,9,0,shift_circular_r2,0.2091769426883372,0.18829743564128876,0.2838490575551987,0.9132189052189454,0.5590829738178816,0.9499016997601822,0.9526809866273337
aligned,7,9,0,shift_rank8_feature,0.13459612213460428,0.131559357047081,0.2210378214716911,0.9132189052189454,0.5590829738178816,0.9499016997601822,0.9526809866273337
aligned,7,9,0,shift_rank8_prev_flow,0.08437207414987365,0.08229878544807434,0.12486435882747172,0.9132189052189454,0.5590829738178816,0.9499016997601822,0.9526809866273337
aligned,7,9,0,shift_rank8_oracle,0.075557280116125,0.07294780015945435,0.1110135979950428,0.9132189052189454,0.5590829738178816,0.9499016997601822,0.9526809866273337
aligned,7,9,0,flow_reuse,0.26332705525963035,0.28363969922065735,0.3871255069971084,0.9132189052189454,0.5590829738178816,0.9499016997601822,0.9526809866273337
aligned,7,9,0,flow_toeplitz_r2,0.1203226374740951,0.12528111040592194,0.16766054779291154,0.9132189052189454,0.5590829738178816,0.9499016997601822,0.9526809866273337
aligned,7,9,0,flow_rank8_oracle,0.05728136029982451,0.05522248148918152,0.11541661620140074,0.9132189052189454,0.5590829738178816,0.9499016997601822,0.9526809866273337
independent,0,0,98,raw_reuse,0.6158202749664233,0.6056466102600098,0.9317932367324828,0.1604241740773349,-18.438376376816784,0.9999491957085761,0.6034355846638937
independent,0,0,98,shift_reuse,0.6307834933921636,0.629861056804657,1.0266222119331359,0.1604241740773349,-18.438376376816784,0.9999491957085761,0.6034355846638937
independent,0,0,98,shift_toeplitz_r2,0.6841958597138584,0.6812456250190735,1.0873680353164672,0.1604241740773349,-18.438376376816784,0.9999491957085761,0.6034355846638937
independent,0,0,98,shift_circular_r2,0.6841958597138584,0.6812456250190735,1.0873680353164672,0.1604241740773349,-18.438376376816784,0.9999491957085761,0.6034355846638937
independent,0,0,98,shift_rank8_feature,1.1185327766275837,1.1098850965499878,1.8760130763053893,0.1604241740773349,-18.438376376816784,0.9999491957085761,0.6034355846638937
independent,0,0,98,shift_rank8_prev_flow,0.5779787373583374,0.5747005939483643,0.9383961379528045,0.1604241740773349,-18.438376376816784,0.9999491957085761,0.6034355846638937
independent,0,0,98,shift_rank8_oracle,0.5779766356464769,0.574698269367218,0.9383948177099227,0.1604241740773349,-18.438376376816784,0.9999491957085761,0.6034355846638937
independent,0,0,98,flow_reuse,0.007621654290278305,0.007656007539480925,0.01283794958144426,0.1604241740773349,-18.438376376816784,0.9999491957085761,0.6034355846638937
independent,0,0,98,flow_toeplitz_r2,0.006998320317943731,0.007059216033667326,0.012108293361961838,0.1604241740773349,-18.438376376816784,0.9999491957085761,0.6034355846638937
independent,0,0,98,flow_rank8_oracle,0.004799611423790146,0.004875189159065485,0.0070571588352322575,0.1604241740773349,-18.438376376816784,0.9999491957085761,0.6034355846638937
independent,1,0,98,raw_reuse,0.463113165257987,0.46054211258888245,0.6436806112527848,0.2752333774012178,-15.261889336749352,0.99955420403846,0.5519829601667334
independent,1,0,98,shift_reuse,0.47581198145998993,0.4774121344089508,0.6384250551462174,0.2752333774012178,-15.261889336749352,0.99955420403846,0.5519829601667334
independent,1,0,98,shift_toeplitz_r2,0.5624931014998196,0.5666534900665283,0.7707710593938828,0.2752333774012178,-15.261889336749352,0.99955420403846,0.5519829601667334
independent,1,0,98,shift_circular_r2,0.5624931014998196,0.5666534900665283,0.7707710593938828,0.2752333774012178,-15.261889336749352,0.99955420403846,0.5519829601667334
independent,1,0,98,shift_rank8_feature,0.8561150895937859,0.8482344746589661,1.1796415567398069,0.2752333774012178,-15.261889336749352,0.99955420403846,0.5519829601667334
independent,1,0,98,shift_rank8_prev_flow,0.4050933212859264,0.3988054692745209,0.5785231202840805,0.2752333774012178,-15.261889336749352,0.99955420403846,0.5519829601667334
independent,1,0,98,shift_rank8_oracle,0.40507409109927506,0.3987843096256256,0.5785049200057983,0.2752333774012178,-15.261889336749352,0.99955420403846,0.5519829601667334
independent,1,0,98,flow_reuse,0.01729059951204489,0.01765892654657364,0.02380571411922574,0.2752333774012178,-15.261889336749352,0.99955420403846,0.5519829601667334
independent,1,0,98,flow_toeplitz_r2,0.013618109951445896,0.013882100582122803,0.01925530657172203,0.2752333774012178,-15.261889336749352,0.99955420403846,0.5519829601667334
independent,1,0,98,flow_rank8_oracle,0.011573304220235623,0.011775769293308258,0.017053037229925395,0.2752333774012178,-15.261889336749352,0.99955420403846,0.5519829601667334
independent,2,0,98,raw_reuse,0.3972154440546974,0.3912031650543213,0.563465330004692,0.3722697948361485,-24.442449468437275,0.9990951953839162,0.5939882932269621
independent,2,0,98,shift_reuse,0.4090657585666543,0.4049812853336334,0.5755048036575316,0.3722697948361485,-24.442449468437275,0.9990951953839162,0.5939882932269621
independent,2,0,98,shift_toeplitz_r2,0.5510182950715711,0.5527777671813965,0.7235359638929367,0.3722697948361485,-24.442449468437275,0.9990951953839162,0.5939882932269621
independent,2,0,98,shift_circular_r2,0.5510182950715711,0.5527777671813965,0.7235359638929367,0.3722697948361485,-24.442449468437275,0.9990951953839162,0.5939882932269621
independent,2,0,98,shift_rank8_feature,1.0562916221849359,1.0402193069458008,1.6804933130741118,0.3722697948361485,-24.442449468437275,0.9990951953839162,0.5939882932269621
independent,2,0,98,shift_rank8_prev_flow,0.3241558938658561,0.31515541672706604,0.4928312167525291,0.3722697948361485,-24.442449468437275,0.9990951953839162,0.5939882932269621
independent,2,0,98,shift_rank8_oracle,0.32410045524615017,0.31509512662887573,0.49280855655670164,0.3722697948361485,-24.442449468437275,0.9990951953839162,0.5939882932269621
independent,2,0,98,flow_reuse,0.028306779916576034,0.0289461612701416,0.038272006437182426,0.3722697948361485,-24.442449468437275,0.9990951953839162,0.5939882932269621
independent,2,0,98,flow_toeplitz_r2,0.02069560994816932,0.021133681759238243,0.028907987941056486,0.3722697948361485,-24.442449468437275,0.9990951953839162,0.5939882932269621
independent,2,0,98,flow_rank8_oracle,0.01803681065942837,0.01835538074374199,0.02467972431331873,0.3722697948361485,-24.442449468437275,0.9990951953839162,0.5939882932269621
independent,3,0,98,raw_reuse,0.29739417719922834,0.28448233008384705,0.455454857647419,0.5257348621457462,-29.778488287963953,0.9959805115914663,0.7985792655081104
independent,3,0,98,shift_reuse,0.38712346450800234,0.382951945066452,0.5298556476831436,0.5257348621457462,-29.778488287963953,0.9959805115914663,0.7985792655081104
independent,3,0,98,shift_toeplitz_r2,0.4295010979603555,0.42496728897094727,0.6024817645549774,0.5257348621457462,-29.778488287963953,0.9959805115914663,0.7985792655081104
independent,3,0,98,shift_circular_r2,0.4295010979603555,0.42496728897094727,0.6024817645549774,0.5257348621457462,-29.778488287963953,0.9959805115914663,0.7985792655081104
independent,3,0,98,shift_rank8_feature,1.0959027548499065,1.0649404525756836,1.516986984014511,0.5257348621457462,-29.778488287963953,0.9959805115914663,0.7985792655081104
independent,3,0,98,shift_rank8_prev_flow,0.266876563189516,0.25841307640075684,0.3992302790284157,0.5257348621457462,-29.778488287963953,0.9959805115914663,0.7985792655081104
independent,3,0,98,shift_rank8_oracle,0.26659997029737986,0.2581370174884796,0.39915898889303203,0.5257348621457462,-29.778488287963953,0.9959805115914663,0.7985792655081104
independent,3,0,98,flow_reuse,0.04193798042668774,0.042825400829315186,0.05840885657817125,0.5257348621457462,-29.778488287963953,0.9959805115914663,0.7985792655081104
independent,3,0,98,flow_toeplitz_r2,0.024083175913419113,0.024470007047057152,0.03143779532983899,0.5257348621457462,-29.778488287963953,0.9959805115914663,0.7985792655081104
independent,3,0,98,flow_rank8_oracle,0.01882173265247263,0.01896413415670395,0.023045577574521303,0.5257348621457462,-29.778488287963953,0.9959805115914663,0.7985792655081104
independent,4,0,98,raw_reuse,0.30387007861773113,0.28704211115837097,0.47010776996612547,0.41937255745511215,-39.05434728609785,0.9901130240319777,0.770971694152856
independent,4,0,98,shift_reuse,0.3922036517702468,0.3820749521255493,0.5609791249036788,0.41937255745511215,-39.05434728609785,0.9901130240319777,0.770971694152856
independent,4,0,98,shift_toeplitz_r2,0.44375751454787754,0.4322582185268402,0.6392828822135925,0.41937255745511215,-39.05434728609785,0.9901130240319777,0.770971694152856
independent,4,0,98,shift_circular_r2,0.44375751454787754,0.4322582185268402,0.6392828822135925,0.41937255745511215,-39.05434728609785,0.9901130240319777,0.770971694152856
independent,4,0,98,shift_rank8_feature,0.9525544053562093,0.9163165092468262,1.427174735069275,0.41937255745511215,-39.05434728609785,0.9901130240319777,0.770971694152856
independent,4,0,98,shift_rank8_prev_flow,0.2991925995544188,0.28168925642967224,0.4802663698792457,0.41937255745511215,-39.05434728609785,0.9901130240319777,0.770971694152856
independent,4,0,98,shift_rank8_oracle,0.29885492153301335,0.2813279926776886,0.4801730379462242,0.41937255745511215,-39.05434728609785,0.9901130240319777,0.770971694152856
independent,4,0,98,flow_reuse,0.058715646640995905,0.05993479862809181,0.08076139762997626,0.41937255745511215,-39.05434728609785,0.9901130240319777,0.770971694152856
independent,4,0,98,flow_toeplitz_r2,0.03472735352181242,0.035184573382139206,0.04785514418035745,0.41937255745511215,-39.05434728609785,0.9901130240319777,0.770971694152856
independent,4,0,98,flow_rank8_oracle,0.02809948755941415,0.02829890511929989,0.033886544033885004,0.41937255745511215,-39.05434728609785,0.9901130240319777,0.770971694152856
independent,5,0,98,raw_reuse,0.1995258009049947,0.19115769863128662,0.28905246406793594,0.5771361862941832,-56.852183727983885,0.9930121504921168,0.8555353781510608
independent,5,0,98,shift_reuse,0.27901550754264476,0.2746570408344269,0.35964851826429367,0.5771361862941832,-56.852183727983885,0.9930121504921168,0.8555353781510608
independent,5,0,98,shift_toeplitz_r2,0.2855077253506387,0.27788275480270386,0.4056965738534927,0.5771361862941832,-56.852183727983885,0.9930121504921168,0.8555353781510608
independent,5,0,98,shift_circular_r2,0.2855077253506387,0.27788275480270386,0.4056965738534927,0.5771361862941832,-56.852183727983885,0.9930121504921168,0.8555353781510608
independent,5,0,98,shift_rank8_feature,0.8329473669252228,0.7872841954231262,1.3019147753715514,0.5771361862941832,-56.852183727983885,0.9930121504921168,0.8555353781510608
independent,5,0,98,shift_rank8_prev_flow,0.1816580017417809,0.17444606125354767,0.2767910435795784,0.5771361862941832,-56.852183727983885,0.9930121504921168,0.8555353781510608
independent,5,0,98,shift_rank8_oracle,0.18143814745868247,0.17421583831310272,0.27666686624288556,0.5771361862941832,-56.852183727983885,0.9930121504921168,0.8555353781510608
independent,5,0,98,flow_reuse,0.04593080274218965,0.046004947274923325,0.055983761511743065,0.5771361862941832,-56.852183727983885,0.9930121504921168,0.8555353781510608
independent,5,0,98,flow_toeplitz_r2,0.0240679944539066,0.023749252781271935,0.033127923775464294,0.5771361862941832,-56.852183727983885,0.9930121504921168,0.8555353781510608
independent,5,0,98,flow_rank8_oracle,0.01745761004386926,0.01717703975737095,0.019191230833530425,0.5771361862941832,-56.852183727983885,0.9930121504921168,0.8555353781510608
independent,6,0,98,raw_reuse,0.09280678411376575,0.08770531415939331,0.13825460597872735,0.7584298967414351,-45.759335140215846,0.9904879206235887,0.7755819130418344
independent,6,0,98,shift_reuse,0.17280101230576425,0.17206798493862152,0.20127758160233497,0.7584298967414351,-45.759335140215846,0.9904879206235887,0.7755819130418344
independent,6,0,98,shift_toeplitz_r2,0.12254945869890473,0.11726078391075134,0.1753310613334179,0.7584298967414351,-45.759335140215846,0.9904879206235887,0.7755819130418344
independent,6,0,98,shift_circular_r2,0.12254945869890473,0.11726078391075134,0.1753310613334179,0.7584298967414351,-45.759335140215846,0.9904879206235887,0.7755819130418344
independent,6,0,98,shift_rank8_feature,0.4121845962450887,0.39195147156715393,0.575530806183815,0.7584298967414351,-45.759335140215846,0.9904879206235887,0.7755819130418344
independent,6,0,98,shift_rank8_prev_flow,0.0851259221044318,0.08069014549255371,0.12571231722831724,0.7584298967414351,-45.759335140215846,0.9904879206235887,0.7755819130418344
independent,6,0,98,shift_rank8_oracle,0.08493132017298581,0.08048105984926224,0.1256097540259361,0.7584298967414351,-45.759335140215846,0.9904879206235887,0.7755819130418344
independent,6,0,98,flow_reuse,0.016723852336543152,0.016453294083476067,0.022743997536599635,0.7584298967414351,-45.759335140215846,0.9904879206235887,0.7755819130418344
independent,6,0,98,flow_toeplitz_r2,0.01211346421429162,0.011739660985767841,0.01901942156255245,0.7584298967414351,-45.759335140215846,0.9904879206235887,0.7755819130418344
independent,6,0,98,flow_rank8_oracle,0.007922554806906255,0.0077732703648507595,0.010382031695917249,0.7584298967414351,-45.759335140215846,0.9904879206235887,0.7755819130418344
independent,7,0,98,raw_reuse,0.13877909468574667,0.13098298013210297,0.21418308913707734,0.8220574689017637,-3.355418686771886,0.9989189053449613,0.775884531408236
independent,7,0,98,shift_reuse,0.16865502475473365,0.16309885680675507,0.23427012637257577,0.8220574689017637,-3.355418686771886,0.9989189053449613,0.775884531408236
independent,7,0,98,shift_toeplitz_r2,0.16426254583723945,0.15683384239673615,0.23752008453011514,0.8220574689017637,-3.355418686771886,0.9989189053449613,0.775884531408236
independent,7,0,98,shift_circular_r2,0.16426254583723945,0.15683384239673615,0.23752008453011514,0.8220574689017637,-3.355418686771886,0.9989189053449613,0.775884531408236
independent,7,0,98,shift_rank8_feature,0.3061745669031907,0.28760379552841187,0.5131435632705688,0.8220574689017637,-3.355418686771886,0.9989189053449613,0.775884531408236
independent,7,0,98,shift_rank8_prev_flow,0.07129867948171303,0.06791327148675919,0.10777307711541652,0.8220574689017637,-3.355418686771886,0.9989189053449613,0.775884531408236
independent,7,0,98,shift_rank8_oracle,0.07114414534997796,0.06775125116109848,0.10773590505123137,0.8220574689017637,-3.355418686771886,0.9989189053449613,0.775884531408236
independent,7,0,98,flow_reuse,0.008600090189387226,0.00808642152696848,0.014845702983438968,0.8220574689017637,-3.355418686771886,0.9989189053449613,0.775884531408236
independent,7,0,98,flow_toeplitz_r2,0.007159195838824503,0.006760809104889631,0.011800731485709547,0.8220574689017637,-3.355418686771886,0.9989189053449613,0.775884531408236
independent,7,0,98,flow_rank8_oracle,0.004071354925615672,0.0038902137894183397,0.005741196731105447,0.8220574689017637,-3.355418686771886,0.9989189053449613,0.775884531408236
independent,0,1,88,raw_reuse,0.6153596528812584,0.6047973036766052,0.9065276443958282,0.1631518882739268,-18.073160038734656,0.9999537873583024,0.6400652773950188
independent,0,1,88,shift_reuse,0.6304581896663677,0.6304313540458679,1.0585746526718138,0.1631518882739268,-18.073160038734656,0.9999537873583024,0.6400652773950188
independent,0,1,88,shift_toeplitz_r2,0.682842601103091,0.6807461380958557,1.1185303032398224,0.1631518882739268,-18.073160038734656,0.9999537873583024,0.6400652773950188
independent,0,1,88,shift_circular_r2,0.682842601103091,0.6807461380958557,1.1185303032398224,0.1631518882739268,-18.073160038734656,0.9999537873583024,0.6400652773950188
independent,0,1,88,shift_rank8_feature,1.1145855046625683,1.1069940328598022,1.897921848297119,0.1631518882739268,-18.073160038734656,0.9999537873583024,0.6400652773950188
independent,0,1,88,shift_rank8_prev_flow,0.5767412960028039,0.5740832090377808,0.9656080842018127,0.1631518882739268,-18.073160038734656,0.9999537873583024,0.6400652773950188
independent,0,1,88,shift_rank8_oracle,0.5767393861425336,0.5740811228752136,0.9656069874763488,0.1631518882739268,-18.073160038734656,0.9999537873583024,0.6400652773950188
independent,0,1,88,flow_reuse,0.007602975539109894,0.007650365587323904,0.013438816322013734,0.1631518882739268,-18.073160038734656,0.9999537873583024,0.6400652773950188
independent,0,1,88,flow_toeplitz_r2,0.006722579406260451,0.006767307873815298,0.011699981056153773,0.1631518882739268,-18.073160038734656,0.9999537873583024,0.6400652773950188
independent,0,1,88,flow_rank8_oracle,0.004561371293043063,0.004628263413906097,0.007209792546927929,0.1631518882739268,-18.073160038734656,0.9999537873583024,0.6400652773950188
independent,1,1,88,raw_reuse,0.46206144721668546,0.4596877992153168,0.6294096916913986,0.29319464300363296,-14.135481878413872,0.9997074020411051,0.3566202953929174
independent,1,1,88,shift_reuse,0.47162010885716055,0.4730958044528961,0.6235719472169876,0.29319464300363296,-14.135481878413872,0.9997074020411051,0.3566202953929174
independent,1,1,88,shift_toeplitz_r2,0.552073173625512,0.5551828145980835,0.7613058745861053,0.29319464300363296,-14.135481878413872,0.9997074020411051,0.3566202953929174
independent,1,1,88,shift_circular_r2,0.552073173625512,0.5551828145980835,0.7613058745861053,0.29319464300363296,-14.135481878413872,0.9997074020411051,0.3566202953929174
independent,1,1,88,shift_rank8_feature,0.8398895382892712,0.8297476768493652,1.1604068160057066,0.29319464300363296,-14.135481878413872,0.9997074020411051,0.3566202953929174
independent,1,1,88,shift_rank8_prev_flow,0.39651246466583595,0.39007166028022766,0.5570524752140045,0.29319464300363296,-14.135481878413872,0.9997074020411051,0.3566202953929174
independent,1,1,88,shift_rank8_oracle,0.3964991224098508,0.3900568187236786,0.5570403695106506,0.29319464300363296,-14.135481878413872,0.9997074020411051,0.3566202953929174
independent,1,1,88,flow_reuse,0.008302059206630298,0.008293855004012585,0.01275852732360363,0.29319464300363296,-14.135481878413872,0.9997074020411051,0.3566202953929174
independent,1,1,88,flow_toeplitz_r2,0.008337769841694737,0.008334372192621231,0.01249353396706283,0.29319464300363296,-14.135481878413872,0.9997074020411051,0.3566202953929174
independent,1,1,88,flow_rank8_oracle,0.006659160841851986,0.006583679001778364,0.010507432697340845,0.29319464300363296,-14.135481878413872,0.9997074020411051,0.3566202953929174
independent,2,1,88,raw_reuse,0.3780011243467974,0.37214359641075134,0.5128143042325973,0.4198534011565985,-20.973519836085877,0.9995288337890942,0.26453233720883984
independent,2,1,88,shift_reuse,0.3849468957424414,0.3809657096862793,0.5141869366168975,0.4198534011565985,-20.973519836085877,0.9995288337890942,0.26453233720883984
independent,2,1,88,shift_toeplitz_r2,0.503933368878784,0.502521812915802,0.6627030611038208,0.4198534011565985,-20.973519836085877,0.9995288337890942,0.26453233720883984
independent,2,1,88,shift_circular_r2,0.503933368878784,0.502521812915802,0.6627030611038208,0.4198534011565985,-20.973519836085877,0.9995288337890942,0.26453233720883984
independent,2,1,88,shift_rank8_feature,0.9696447448910822,0.9501073360443115,1.4772370278835296,0.4198534011565985,-20.973519836085877,0.9995288337890942,0.26453233720883984
independent,2,1,88,shift_rank8_prev_flow,0.2932351449478745,0.28514358401298523,0.4207863599061966,0.4198534011565985,-20.973519836085877,0.9995288337890942,0.26453233720883984
independent,2,1,88,shift_rank8_oracle,0.29320386916567026,0.28511127829551697,0.42074342221021654,0.4198534011565985,-20.973519836085877,0.9995288337890942,0.26453233720883984
independent,2,1,88,flow_reuse,0.011376542440753193,0.011366029269993305,0.01574230515398085,0.4198534011565985,-20.973519836085877,0.9995288337890942,0.26453233720883984
independent,2,1,88,flow_toeplitz_r2,0.011737852949618073,0.01170447375625372,0.017623335402458907,0.4198534011565985,-20.973519836085877,0.9995288337890942,0.26453233720883984
independent,2,1,88,flow_rank8_oracle,0.009756455824407161,0.009687375277280807,0.014439498586580156,0.4198534011565985,-20.973519836085877,0.9995288337890942,0.26453233720883984
independent,3,1,88,raw_reuse,0.2978332022827745,0.2867254614830017,0.44647709280252457,0.5665894919570265,-26.637790641123154,0.9976631682980899,0.4994594950723472
independent,3,1,88,shift_reuse,0.39876301416396037,0.39507243037223816,0.5295119792222976,0.5665894919570265,-26.637790641123154,0.9976631682980899,0.4994594950723472
independent,3,1,88,shift_toeplitz_r2,0.42888939086197164,0.42549869418144226,0.6121189475059509,0.5665894919570265,-26.637790641123154,0.9976631682980899,0.4994594950723472
independent,3,1,88,shift_circular_r2,0.42888939086197164,0.42549869418144226,0.6121189475059509,0.5665894919570265,-26.637790641123154,0.9976631682980899,0.4994594950723472
independent,3,1,88,shift_rank8_feature,1.0808713074346152,1.0555416345596313,1.5420293569564818,0.5665894919570265,-26.637790641123154,0.9976631682980899,0.4994594950723472
independent,3,1,88,shift_rank8_prev_flow,0.26269829539007783,0.25551894307136536,0.38466687500476837,0.5665894919570265,-26.637790641123154,0.9976631682980899,0.4994594950723472
independent,3,1,88,shift_rank8_oracle,0.26252132548671203,0.2553235590457916,0.3846399784088135,0.5665894919570265,-26.637790641123154,0.9976631682980899,0.4994594950723472
independent,3,1,88,flow_reuse,0.022189795465145563,0.02120411954820156,0.03578849099576473,0.5665894919570265,-26.637790641123154,0.9976631682980899,0.4994594950723472
independent,3,1,88,flow_toeplitz_r2,0.02354123146948839,0.022621141746640205,0.03718737587332725,0.5665894919570265,-26.637790641123154,0.9976631682980899,0.4994594950723472
independent,3,1,88,flow_rank8_oracle,0.015699033378034483,0.014660601504147053,0.022770302183926103,0.5665894919570265,-26.637790641123154,0.9976631682980899,0.4994594950723472
independent,4,1,88,raw_reuse,0.29537125845021234,0.28205356001853943,0.4565722823143005,0.4842518309042424,-32.98003387403853,0.9952865967215487,0.5598719395562934
independent,4,1,88,shift_reuse,0.3998978960548678,0.39193812012672424,0.572313892841339,0.4842518309042424,-32.98003387403853,0.9952865967215487,0.5598719395562934
independent,4,1,88,shift_toeplitz_r2,0.43519612627664844,0.4271484613418579,0.63469620347023,0.4842518309042424,-32.98003387403853,0.9952865967215487,0.5598719395562934
independent,4,1,88,shift_circular_r2,0.43519612627664844,0.4271484613418579,0.63469620347023,0.4842518309042424,-32.98003387403853,0.9952865967215487,0.5598719395562934
independent,4,1,88,shift_rank8_feature,0.9277384029020899,0.8994598984718323,1.4153703689575194,0.4842518309042424,-32.98003387403853,0.9952865967215487,0.5598719395562934
independent,4,1,88,shift_rank8_prev_flow,0.2873770223712295,0.27410945296287537,0.46046850383281707,0.4842518309042424,-32.98003387403853,0.9952865967215487,0.5598719395562934
independent,4,1,88,shift_rank8_oracle,0.28718910928846103,0.27390334010124207,0.46042580902576447,0.4842518309042424,-32.98003387403853,0.9952865967215487,0.5598719395562934
independent,4,1,88,flow_reuse,0.032989491993222424,0.03046809695661068,0.06507307924330234,0.4842518309042424,-32.98003387403853,0.9952865967215487,0.5598719395562934
independent,4,1,88,flow_toeplitz_r2,0.03568281983934491,0.034243207424879074,0.06445732153952122,0.4842518309042424,-32.98003387403853,0.9952865967215487,0.5598719395562934
independent,4,1,88,flow_rank8_oracle,0.021885937610506705,0.020988434553146362,0.034418387338519096,0.4842518309042424,-32.98003387403853,0.9952865967215487,0.5598719395562934
independent,5,1,88,raw_reuse,0.18643292420639299,0.18014544248580933,0.2629081323742866,0.6605720068537283,-38.059529412568324,0.9928904569836253,0.5978739074777584
independent,5,1,88,shift_reuse,0.2893721060692875,0.28446128964424133,0.3818890437483787,0.6605720068537283,-38.059529412568324,0.9928904569836253,0.5978739074777584
independent,5,1,88,shift_toeplitz_r2,0.2734280407867215,0.2665320932865143,0.3820116445422172,0.6605720068537283,-38.059529412568324,0.9928904569836253,0.5978739074777584
independent,5,1,88,shift_circular_r2,0.2734280407867215,0.2665320932865143,0.3820116445422172,0.6605720068537283,-38.059529412568324,0.9928904569836253,0.5978739074777584
independent,5,1,88,shift_rank8_feature,0.7792221994702666,0.7411946654319763,1.2417170524597168,0.6605720068537283,-38.059529412568324,0.9928904569836253,0.5978739074777584
independent,5,1,88,shift_rank8_prev_flow,0.16890163902407787,0.16362258791923523,0.24045045003294943,0.6605720068537283,-38.059529412568324,0.9928904569836253,0.5978739074777584
independent,5,1,88,shift_rank8_oracle,0.16858948861896825,0.163288876414299,0.24035307615995408,0.6605720068537283,-38.059529412568324,0.9928904569836253,0.5978739074777584
independent,5,1,88,flow_reuse,0.02931611101440225,0.02735093981027603,0.050082189776003344,0.6605720068537283,-38.059529412568324,0.9928904569836253,0.5978739074777584
independent,5,1,88,flow_toeplitz_r2,0.030679228333971558,0.02948549948632717,0.04717138484120367,0.6605720068537283,-38.059529412568324,0.9928904569836253,0.5978739074777584
independent,5,1,88,flow_rank8_oracle,0.018590346499737863,0.017468644306063652,0.03207796597853302,0.6605720068537283,-38.059529412568324,0.9928904569836253,0.5978739074777584
independent,6,1,88,raw_reuse,0.0922724433358548,0.08706662803888321,0.1370117761194706,0.7861829088106739,-35.88047286544351,0.9930105897888504,0.5811126742483074
independent,6,1,88,shift_reuse,0.17957343971689546,0.1783740520477295,0.21137729212641715,0.7861829088106739,-35.88047286544351,0.9930105897888504,0.5811126742483074
independent,6,1,88,shift_toeplitz_r2,0.1244220973769628,0.11979354172945023,0.1724044792354107,0.7861829088106739,-35.88047286544351,0.9930105897888504,0.5811126742483074
independent,6,1,88,shift_circular_r2,0.1244220973769628,0.11979354172945023,0.1724044792354107,0.7861829088106739,-35.88047286544351,0.9930105897888504,0.5811126742483074
independent,6,1,88,shift_rank8_feature,0.4124607748172901,0.39311113953590393,0.5737022399902344,0.7861829088106739,-35.88047286544351,0.9930105897888504,0.5811126742483074
independent,6,1,88,shift_rank8_prev_flow,0.08322146942318215,0.07945099472999573,0.12072545699775218,0.7861829088106739,-35.88047286544351,0.9930105897888504,0.5811126742483074
independent,6,1,88,shift_rank8_oracle,0.08303540535770028,0.07926083356142044,0.12044720761477946,0.7861829088106739,-35.88047286544351,0.9930105897888504,0.5811126742483074
independent,6,1,88,flow_reuse,0.013498807312556427,0.012121938169002533,0.019061418343335388,0.7861829088106739,-35.88047286544351,0.9930105897888504,0.5811126742483074
independent,6,1,88,flow_toeplitz_r2,0.01421677562588234,0.013026748783886433,0.019627404958009718,0.7861829088106739,-35.88047286544351,0.9930105897888504,0.5811126742483074
independent,6,1,88,flow_rank8_oracle,0.008736631299847034,0.007984226569533348,0.013561933208256959,0.7861829088106739,-35.88047286544351,0.9930105897888504,0.5811126742483074
independent,7,1,88,raw_reuse,0.12500156780683627,0.11824645847082138,0.18932750523090364,0.8183304131547883,-3.8222472270786394,0.9983140665023412,0.8036166080846554
independent,7,1,88,shift_reuse,0.157116978215172,0.15186689794063568,0.22032938003540037,0.8183304131547883,-3.8222472270786394,0.9983140665023412,0.8036166080846554
independent,7,1,88,shift_toeplitz_r2,0.15275803268361368,0.14564746618270874,0.21047675386071205,0.8183304131547883,-3.8222472270786394,0.9983140665023412,0.8036166080846554
independent,7,1,88,shift_circular_r2,0.15275803268361368,0.14564746618270874,0.21047675386071205,0.8183304131547883,-3.8222472270786394,0.9983140665023412,0.8036166080846554
independent,7,1,88,shift_rank8_feature,0.2956921371553829,0.277769535779953,0.4835684388875961,0.8183304131547883,-3.8222472270786394,0.9983140665023412,0.8036166080846554
independent,7,1,88,shift_rank8_prev_flow,0.06718369648797097,0.06394853442907333,0.09770804420113563,0.8183304131547883,-3.8222472270786394,0.9983140665023412,0.8036166080846554
independent,7,1,88,shift_rank8_oracle,0.06696752247678674,0.06371024996042252,0.0974863901734352,0.8183304131547883,-3.8222472270786394,0.9983140665023412,0.8036166080846554
independent,7,1,88,flow_reuse,0.011104405997437679,0.010561659932136536,0.017810777481645345,0.8183304131547883,-3.8222472270786394,0.9983140665023412,0.8036166080846554
independent,7,1,88,flow_toeplitz_r2,0.008965031629997167,0.008529551327228546,0.013970546796917916,0.8183304131547883,-3.8222472270786394,0.9983140665023412,0.8036166080846554
independent,7,1,88,flow_rank8_oracle,0.004920935927957548,0.004702690988779068,0.0066945269005373115,0.8183304131547883,-3.8222472270786394,0.9983140665023412,0.8036166080846554
independent,0,2,77,raw_reuse,0.6131151126101125,0.6025180816650391,0.9004669368267059,0.2023605400934947,-16.313985161159856,0.9998916617137076,0.5613464774149923
independent,0,2,77,shift_reuse,0.6277798943961564,0.6287806034088135,1.0613052189350127,0.2023605400934947,-16.313985161159856,0.9998916617137076,0.5613464774149923
independent,0,2,77,shift_toeplitz_r2,0.6787878972437789,0.6777135729789734,1.12632737159729,0.2023605400934947,-16.313985161159856,0.9998916617137076,0.5613464774149923
independent,0,2,77,shift_circular_r2,0.6787878972437789,0.6777135729789734,1.12632737159729,0.2023605400934947,-16.313985161159856,0.9998916617137076,0.5613464774149923
independent,0,2,77,shift_rank8_feature,1.1728839981845947,1.146446704864502,1.9404182612895964,0.2023605400934947,-16.313985161159856,0.9998916617137076,0.5613464774149923
independent,0,2,77,shift_rank8_prev_flow,0.5606803097195412,0.5574242472648621,0.9790247976779937,0.2023605400934947,-16.313985161159856,0.9998916617137076,0.5613464774149923
independent,0,2,77,shift_rank8_oracle,0.5606743884514289,0.5574178099632263,0.979020258784294,0.2023605400934947,-16.313985161159856,0.9998916617137076,0.5613464774149923
independent,0,2,77,flow_reuse,0.00896290723098494,0.009131609462201595,0.014177666045725342,0.2023605400934947,-16.313985161159856,0.9998916617137076,0.5613464774149923
independent,0,2,77,flow_toeplitz_r2,0.007444333700282771,0.00755947595462203,0.011630532750859854,0.2023605400934947,-16.313985161159856,0.9998916617137076,0.5613464774149923
independent,0,2,77,flow_rank8_oracle,0.005936216230303037,0.006054931785911322,0.007827589497901499,0.2023605400934947,-16.313985161159856,0.9998916617137076,0.5613464774149923
independent,1,2,77,raw_reuse,0.4629644336308078,0.46074676513671875,0.6217735022306442,0.31851009160418553,-6.839952088871021,0.999810746554297,0.3668568586134886
independent,1,2,77,shift_reuse,0.46983480751243856,0.47114989161491394,0.6058418422937393,0.31851009160418553,-6.839952088871021,0.999810746554297,0.3668568586134886
independent,1,2,77,shift_toeplitz_r2,0.5489034038892261,0.5510741472244263,0.7447413951158524,0.31851009160418553,-6.839952088871021,0.999810746554297,0.3668568586134886
independent,1,2,77,shift_circular_r2,0.5489034038892261,0.5510741472244263,0.7447413951158524,0.31851009160418553,-6.839952088871021,0.999810746554297,0.3668568586134886
independent,1,2,77,shift_rank8_feature,0.6729328564596174,0.6644174456596375,0.9865517497062682,0.31851009160418553,-6.839952088871021,0.999810746554297,0.3668568586134886
independent,1,2,77,shift_rank8_prev_flow,0.38786933775846255,0.3807246685028076,0.5304401010274887,0.31851009160418553,-6.839952088871021,0.999810746554297,0.3668568586134886
independent,1,2,77,shift_rank8_oracle,0.3878599192609225,0.38071370124816895,0.5304324269294739,0.31851009160418553,-6.839952088871021,0.999810746554297,0.3668568586134886
independent,1,2,77,flow_reuse,0.008826328852722594,0.008819903247058392,0.013126334315165878,0.31851009160418553,-6.839952088871021,0.999810746554297,0.3668568586134886
independent,1,2,77,flow_toeplitz_r2,0.007711013478091027,0.007702516857534647,0.01107133375480771,0.31851009160418553,-6.839952088871021,0.999810746554297,0.3668568586134886
independent,1,2,77,flow_rank8_oracle,0.007023136356806606,0.006985297426581383,0.010682280315086246,0.31851009160418553,-6.839952088871021,0.999810746554297,0.3668568586134886
independent,2,2,77,raw_reuse,0.3887448874671518,0.38317546248435974,0.5186961352825165,0.41959827859287036,-24.966580134761493,0.9997135887772718,0.48697939983171357
independent,2,2,77,shift_reuse,0.3971736318976327,0.3929128646850586,0.5113288104534149,0.41959827859287036,-24.966580134761493,0.9997135887772718,0.48697939983171357
independent,2,2,77,shift_toeplitz_r2,0.4984116531474893,0.49650850892066956,0.6635157316923141,0.41959827859287036,-24.966580134761493,0.9997135887772718,0.48697939983171357
independent,2,2,77,shift_circular_r2,0.4984116531474893,0.49650850892066956,0.6635157316923141,0.41959827859287036,-24.966580134761493,0.9997135887772718,0.48697939983171357
independent,2,2,77,shift_rank8_feature,1.0713383754141372,1.0510300397872925,1.5561387479305266,0.41959827859287036,-24.966580134761493,0.9997135887772718,0.48697939983171357
independent,2,2,77,shift_rank8_prev_flow,0.3026024220267319,0.2941547632217407,0.4158046916127205,0.41959827859287036,-24.966580134761493,0.9997135887772718,0.48697939983171357
independent,2,2,77,shift_rank8_oracle,0.3025831600594064,0.2941327691078186,0.41579191386699677,0.41959827859287036,-24.966580134761493,0.9997135887772718,0.48697939983171357
independent,2,2,77,flow_reuse,0.015240910259339564,0.015156182460486889,0.021865633409470314,0.41959827859287036,-24.966580134761493,0.9997135887772718,0.48697939983171357
independent,2,2,77,flow_toeplitz_r2,0.012415668913515292,0.01219267025589943,0.01917464593425393,0.41959827859287036,-24.966580134761493,0.9997135887772718,0.48697939983171357
independent,2,2,77,flow_rank8_oracle,0.01091637152976116,0.01072559505701065,0.016920766048133373,0.41959827859287036,-24.966580134761493,0.9997135887772718,0.48697939983171357
independent,3,2,77,raw_reuse,0.31710596357160453,0.3121022582054138,0.46899305433034894,0.5921005410388331,-58.293224334229116,0.998879880023168,0.533087862257915
independent,3,2,77,shift_reuse,0.41349512324687665,0.41090965270996094,0.5707767814397812,0.5921005410388331,-58.293224334229116,0.998879880023168,0.533087862257915
independent,3,2,77,shift_toeplitz_r2,0.4147516095468684,0.41803357005119324,0.6255095422267913,0.5921005410388331,-58.293224334229116,0.998879880023168,0.533087862257915
independent,3,2,77,shift_circular_r2,0.4147516095468684,0.41803357005119324,0.6255095422267913,0.5921005410388331,-58.293224334229116,0.998879880023168,0.533087862257915
independent,3,2,77,shift_rank8_feature,1.710448486978981,1.698952078819275,2.5886939287185666,0.5921005410388331,-58.293224334229116,0.998879880023168,0.533087862257915
independent,3,2,77,shift_rank8_prev_flow,0.26418908749055486,0.2630246877670288,0.37956504225730897,0.5921005410388331,-58.293224334229116,0.998879880023168,0.533087862257915
independent,3,2,77,shift_rank8_oracle,0.26408695951830263,0.26291540265083313,0.3795138821005821,0.5921005410388331,-58.293224334229116,0.998879880023168,0.533087862257915
independent,3,2,77,flow_reuse,0.025426722735477872,0.02543357014656067,0.03981786742806435,0.5921005410388331,-58.293224334229116,0.998879880023168,0.533087862257915
independent,3,2,77,flow_toeplitz_r2,0.021419743937527547,0.021026303991675377,0.03430368993431329,0.5921005410388331,-58.293224334229116,0.998879880023168,0.533087862257915
independent,3,2,77,flow_rank8_oracle,0.017374326128597177,0.01717650331556797,0.025637571699917316,0.5921005410388331,-58.293224334229116,0.998879880023168,0.533087862257915
independent,4,2,77,raw_reuse,0.3183186382849319,0.3136129379272461,0.4919330507516861,0.4750554867450385,-123.87385115485986,0.9978487254275703,0.6324105170996268
independent,4,2,77,shift_reuse,0.41745062082520995,0.4154183864593506,0.5883695036172867,0.4750554867450385,-123.87385115485986,0.9978487254275703,0.6324105170996268
independent,4,2,77,shift_toeplitz_r2,0.4172727391064995,0.41937389969825745,0.5983179837465287,0.4750554867450385,-123.87385115485986,0.9978487254275703,0.6324105170996268
independent,4,2,77,shift_circular_r2,0.4172727391064995,0.41937389969825745,0.5983179837465287,0.4750554867450385,-123.87385115485986,0.9978487254275703,0.6324105170996268
independent,4,2,77,shift_rank8_feature,1.8912384333298478,1.7704219818115234,3.4211700201034545,0.4750554867450385,-123.87385115485986,0.9978487254275703,0.6324105170996268
independent,4,2,77,shift_rank8_prev_flow,0.30255498236175554,0.29787150025367737,0.47689120769500726,0.4750554867450385,-123.87385115485986,0.9978487254275703,0.6324105170996268
independent,4,2,77,shift_rank8_oracle,0.3024557265709821,0.2977639138698578,0.47682010829448696,0.4750554867450385,-123.87385115485986,0.9978487254275703,0.6324105170996268
independent,4,2,77,flow_reuse,0.03454606369432352,0.031536661088466644,0.05557530503720044,0.4750554867450385,-123.87385115485986,0.9978487254275703,0.6324105170996268
independent,4,2,77,flow_toeplitz_r2,0.030548439382837952,0.028933072462677956,0.047991535253822805,0.4750554867450385,-123.87385115485986,0.9978487254275703,0.6324105170996268
independent,4,2,77,flow_rank8_oracle,0.020944987623244385,0.020551340654492378,0.02967223133891821,0.4750554867450385,-123.87385115485986,0.9978487254275703,0.6324105170996268
independent,5,2,77,raw_reuse,0.20946203675150632,0.20649844408035278,0.28549123257398606,0.694294760376881,-78.87208434199566,0.9982140743042898,0.6364470424807671
independent,5,2,77,shift_reuse,0.33244121403774435,0.3252868354320526,0.4524082511663436,0.694294760376881,-78.87208434199566,0.9982140743042898,0.6364470424807671
independent,5,2,77,shift_toeplitz_r2,0.3002101828695924,0.29246947169303894,0.4066565692424774,0.694294760376881,-78.87208434199566,0.9982140743042898,0.6364470424807671
independent,5,2,77,shift_circular_r2,0.3002101828695924,0.29246947169303894,0.4066565692424774,0.694294760376881,-78.87208434199566,0.9982140743042898,0.6364470424807671
independent,5,2,77,shift_rank8_feature,1.6339027756645157,1.5648552179336548,2.5053810715675353,0.694294760376881,-78.87208434199566,0.9982140743042898,0.6364470424807671
independent,5,2,77,shift_rank8_prev_flow,0.18396906286350073,0.18241707980632782,0.2603907063603401,0.694294760376881,-78.87208434199566,0.9982140743042898,0.6364470424807671
independent,5,2,77,shift_rank8_oracle,0.18380880044776315,0.1822289228439331,0.2602862074971199,0.694294760376881,-78.87208434199566,0.9982140743042898,0.6364470424807671
independent,5,2,77,flow_reuse,0.025896907979461602,0.02521299384534359,0.0366577573120594,0.694294760376881,-78.87208434199566,0.9982140743042898,0.6364470424807671
independent,5,2,77,flow_toeplitz_r2,0.021042855889416987,0.020365281030535698,0.03074231361970305,0.694294760376881,-78.87208434199566,0.9982140743042898,0.6364470424807671
independent,5,2,77,flow_rank8_oracle,0.015614632043212345,0.015207945369184017,0.02183542652055621,0.694294760376881,-78.87208434199566,0.9982140743042898,0.6364470424807671
independent,6,2,77,raw_reuse,0.09940214309989066,0.09431072324514389,0.14641058444976807,0.7877601683214301,-45.65629154431141,0.9973293508839898,0.6485423009731917
independent,6,2,77,shift_reuse,0.20574441534173848,0.2038356065750122,0.2486382246017456,0.7877601683214301,-45.65629154431141,0.9973293508839898,0.6485423009731917
independent,6,2,77,shift_toeplitz_r2,0.13768797457634543,0.13287317752838135,0.19231185764074324,0.7877601683214301,-45.65629154431141,0.9973293508839898,0.6485423009731917
independent,6,2,77,shift_circular_r2,0.13768797457634543,0.13287317752838135,0.19231185764074324,0.7877601683214301,-45.65629154431141,0.9973293508839898,0.6485423009731917
independent,6,2,77,shift_rank8_feature,0.5581246384311142,0.525403618812561,0.8602705240249632,0.7877601683214301,-45.65629154431141,0.9973293508839898,0.6485423009731917
independent,6,2,77,shift_rank8_prev_flow,0.0948767063851688,0.09057352691888809,0.13599020838737486,0.7877601683214301,-45.65629154431141,0.9973293508839898,0.6485423009731917
independent,6,2,77,shift_rank8_oracle,0.09478540336789708,0.09046844393014908,0.13594855517148968,0.7877601683214301,-45.65629154431141,0.9973293508839898,0.6485423009731917
independent,6,2,77,flow_reuse,0.012187806792229567,0.011380475014448166,0.017776744253933427,0.7877601683214301,-45.65629154431141,0.9973293508839898,0.6485423009731917
independent,6,2,77,flow_toeplitz_r2,0.01070897136608146,0.009448778815567493,0.01874419013038277,0.7877601683214301,-45.65629154431141,0.9973293508839898,0.6485423009731917
independent,6,2,77,flow_rank8_oracle,0.007225403275614733,0.006477436516433954,0.012910576537251467,0.7877601683214301,-45.65629154431141,0.9973293508839898,0.6485423009731917
independent,7,2,77,raw_reuse,0.11466187427037253,0.10878399014472961,0.16967089623212814,0.8025062316148137,-5.317814043147278,0.9988852876155868,0.6185735181222027
independent,7,2,77,shift_reuse,0.1498433995748388,0.14446404576301575,0.20560537353157995,0.8025062316148137,-5.317814043147278,0.9988852876155868,0.6185735181222027
independent,7,2,77,shift_toeplitz_r2,0.14260808992546853,0.1352449208498001,0.2024408809840679,0.8025062316148137,-5.317814043147278,0.9988852876155868,0.6185735181222027
independent,7,2,77,shift_circular_r2,0.14260808992546853,0.1352449208498001,0.2024408809840679,0.8025062316148137,-5.317814043147278,0.9988852876155868,0.6185735181222027
independent,7,2,77,shift_rank8_feature,0.3150263482084914,0.2946202754974365,0.48432299643754956,0.8025062316148137,-5.317814043147278,0.9988852876155868,0.6185735181222027
independent,7,2,77,shift_rank8_prev_flow,0.06671629500765322,0.06328166276216507,0.0991492386907339,0.8025062316148137,-5.317814043147278,0.9988852876155868,0.6185735181222027
independent,7,2,77,shift_rank8_oracle,0.06659081280112542,0.06314650923013687,0.09904153645038605,0.8025062316148137,-5.317814043147278,0.9988852876155868,0.6185735181222027
independent,7,2,77,flow_reuse,0.005522647916137552,0.005346503108739853,0.007998192170634865,0.8025062316148137,-5.317814043147278,0.9988852876155868,0.6185735181222027
independent,7,2,77,flow_toeplitz_r2,0.00482992968194164,0.004583289381116629,0.007377044484019279,0.8025062316148137,-5.317814043147278,0.9988852876155868,0.6185735181222027
independent,7,2,77,flow_rank8_oracle,0.003410773078168334,0.0031735042575746775,0.005950312735512852,0.8025062316148137,-5.317814043147278,0.9988852876155868,0.6185735181222027
independent,0,3,66,raw_reuse,0.6078230819540131,0.5977824330329895,0.8905886739492416,0.208435789381067,-16.316219582380217,0.9998705194057396,0.49393020098483886
independent,0,3,66,shift_reuse,0.6219780240623578,0.6243187785148621,1.0552816212177276,0.208435789381067,-16.316219582380217,0.9998705194057396,0.49393020098483886
independent,0,3,66,shift_toeplitz_r2,0.6711706681489732,0.6711379885673523,1.123465657234192,0.208435789381067,-16.316219582380217,0.9998705194057396,0.49393020098483886
independent,0,3,66,shift_circular_r2,0.6711706681489732,0.6711379885673523,1.123465657234192,0.208435789381067,-16.316219582380217,0.9998705194057396,0.49393020098483886
independent,0,3,66,shift_rank8_feature,1.1607214937729222,1.1363996267318726,1.9397841930389403,0.208435789381067,-16.316219582380217,0.9998705194057396,0.49393020098483886
independent,0,3,66,shift_rank8_prev_flow,0.5533801853334338,0.550851047039032,0.9726885348558425,0.208435789381067,-16.316219582380217,0.9998705194057396,0.49393020098483886
independent,0,3,66,shift_rank8_oracle,0.5533731910821157,0.5508432984352112,0.9726828932762145,0.208435789381067,-16.316219582380217,0.9998705194057396,0.49393020098483886
independent,0,3,66,flow_reuse,0.00988592598375033,0.010075274854898453,0.014580520009621976,0.208435789381067,-16.316219582380217,0.9998705194057396,0.49393020098483886
independent,0,3,66,flow_toeplitz_r2,0.008408711765302793,0.008549302816390991,0.012476950883865355,0.208435789381067,-16.316219582380217,0.9998705194057396,0.49393020098483886
independent,0,3,66,flow_rank8_oracle,0.007032707660507096,0.007148627657443285,0.008673408813774586,0.208435789381067,-16.316219582380217,0.9998705194057396,0.49393020098483886
independent,1,3,66,raw_reuse,0.4638010209409516,0.46153151988983154,0.6177030354738235,0.3511093682354083,-6.566664515218089,0.9998268231497849,0.36238076789807905
independent,1,3,66,shift_reuse,0.4699462113999482,0.471090167760849,0.5989216089248657,0.3511093682354083,-6.566664515218089,0.9998268231497849,0.36238076789807905
independent,1,3,66,shift_toeplitz_r2,0.5530423341828221,0.5545757412910461,0.7280699968338012,0.3511093682354083,-6.566664515218089,0.9998268231497849,0.36238076789807905
independent,1,3,66,shift_circular_r2,0.5530423341828221,0.5545757412910461,0.7280699968338012,0.3511093682354083,-6.566664515218089,0.9998268231497849,0.36238076789807905
independent,1,3,66,shift_rank8_feature,0.6738405472671034,0.6619167923927307,0.9965822398662567,0.3511093682354083,-6.566664515218089,0.9998268231497849,0.36238076789807905
independent,1,3,66,shift_rank8_prev_flow,0.3785686807651991,0.37109389901161194,0.5081287324428558,0.3511093682354083,-6.566664515218089,0.9998268231497849,0.36238076789807905
independent,1,3,66,shift_rank8_oracle,0.37855928688995105,0.3710831105709076,0.5081208884716034,0.3511093682354083,-6.566664515218089,0.9998268231497849,0.36238076789807905
independent,1,3,66,flow_reuse,0.009457500512330956,0.009473239071667194,0.012961440812796354,0.3511093682354083,-6.566664515218089,0.9998268231497849,0.36238076789807905
independent,1,3,66,flow_toeplitz_r2,0.008249429914896002,0.008255044929683208,0.011457459954544901,0.3511093682354083,-6.566664515218089,0.9998268231497849,0.36238076789807905
independent,1,3,66,flow_rank8_oracle,0.007551914727142992,0.007543737534433603,0.009965615253895522,0.3511093682354083,-6.566664515218089,0.9998268231497849,0.36238076789807905
independent,2,3,66,raw_reuse,0.41737494980317236,0.4127342700958252,0.5474507659673691,0.40725450621404935,-28.91018170450046,0.9995477673239869,0.6423716231570953
independent,2,3,66,shift_reuse,0.42893218884401485,0.4241410195827484,0.5577425926923751,0.40725450621404935,-28.91018170450046,0.9995477673239869,0.6423716231570953
independent,2,3,66,shift_toeplitz_r2,0.5518364938323866,0.55245441198349,0.7447441637516021,0.40725450621404935,-28.91018170450046,0.9995477673239869,0.6423716231570953
independent,2,3,66,shift_circular_r2,0.5518364938323866,0.55245441198349,0.7447441637516021,0.40725450621404935,-28.91018170450046,0.9995477673239869,0.6423716231570953
independent,2,3,66,shift_rank8_feature,1.1971640037018187,1.1799339056015015,1.7757312655448911,0.40725450621404935,-28.91018170450046,0.9995477673239869,0.6423716231570953
independent,2,3,66,shift_rank8_prev_flow,0.33026504333612006,0.3216213881969452,0.4595330938696861,0.40725450621404935,-28.91018170450046,0.9995477673239869,0.6423716231570953
independent,2,3,66,shift_rank8_oracle,0.33023472276230614,0.32158899307250977,0.4595087736845016,0.40725450621404935,-28.91018170450046,0.9995477673239869,0.6423716231570953
independent,2,3,66,flow_reuse,0.020351808938761328,0.02071649394929409,0.02675775270909071,0.40725450621404935,-28.91018170450046,0.9995477673239869,0.6423716231570953
independent,2,3,66,flow_toeplitz_r2,0.014027387051889762,0.014015798456966877,0.0210345396772027,0.40725450621404935,-28.91018170450046,0.9995477673239869,0.6423716231570953
independent,2,3,66,flow_rank8_oracle,0.01217079734933076,0.012107819318771362,0.017517599370330574,0.40725450621404935,-28.91018170450046,0.9995477673239869,0.6423716231570953
independent,3,3,66,raw_reuse,0.3382224918701796,0.3410542905330658,0.501790626347065,0.5631918733286023,-61.88963555108088,0.9990393713650769,0.5636531824557454
independent,3,3,66,shift_reuse,0.4260966320408871,0.4267657995223999,0.578757256269455,0.5631918733286023,-61.88963555108088,0.9990393713650769,0.5636531824557454
independent,3,3,66,shift_toeplitz_r2,0.44217197369249234,0.45723581314086914,0.6671126246452331,0.5631918733286023,-61.88963555108088,0.9990393713650769,0.5636531824557454
independent,3,3,66,shift_circular_r2,0.44217197369249234,0.45723581314086914,0.6671126246452331,0.5631918733286023,-61.88963555108088,0.9990393713650769,0.5636531824557454
independent,3,3,66,shift_rank8_feature,1.8249377357908323,1.8709594011306763,3.0287404060363765,0.5631918733286023,-61.88963555108088,0.9990393713650769,0.5636531824557454
independent,3,3,66,shift_rank8_prev_flow,0.28170164884697757,0.28529277443885803,0.3830337584018707,0.5631918733286023,-61.88963555108088,0.9990393713650769,0.5636531824557454
independent,3,3,66,shift_rank8_oracle,0.28161349098647354,0.28519800305366516,0.3829365983605385,0.5631918733286023,-61.88963555108088,0.9990393713650769,0.5636531824557454
independent,3,3,66,flow_reuse,0.024279765270870796,0.02495034597814083,0.034666217677295205,0.5631918733286023,-61.88963555108088,0.9990393713650769,0.5636531824557454
independent,3,3,66,flow_toeplitz_r2,0.019525551610454907,0.01963452808558941,0.029170110728591676,0.5631918733286023,-61.88963555108088,0.9990393713650769,0.5636531824557454
independent,3,3,66,flow_rank8_oracle,0.016038375979879595,0.01640261523425579,0.023481407295912502,0.5631918733286023,-61.88963555108088,0.9990393713650769,0.5636531824557454
independent,4,3,66,raw_reuse,0.3353612216844798,0.344625324010849,0.5193173289299011,0.46753162122896563,-87.58478732249418,0.9985533838373727,0.6408359665007178
independent,4,3,66,shift_reuse,0.4196899496483225,0.43482232093811035,0.6119822025299072,0.46753162122896563,-87.58478732249418,0.9985533838373727,0.6408359665007178
independent,4,3,66,shift_toeplitz_r2,0.4233811694426164,0.4463556110858917,0.616759967803955,0.46753162122896563,-87.58478732249418,0.9985533838373727,0.6408359665007178
independent,4,3,66,shift_circular_r2,0.4233811694426164,0.4463556110858917,0.616759967803955,0.46753162122896563,-87.58478732249418,0.9985533838373727,0.6408359665007178
independent,4,3,66,shift_rank8_feature,1.7931260297092486,1.7643617391586304,3.460055565834045,0.46753162122896563,-87.58478732249418,0.9985533838373727,0.6408359665007178
independent,4,3,66,shift_rank8_prev_flow,0.3063327741346095,0.3147781789302826,0.46469807028770443,0.46753162122896563,-87.58478732249418,0.9985533838373727,0.6408359665007178
independent,4,3,66,shift_rank8_oracle,0.30624956475927567,0.3146890699863434,0.46463597267866136,0.46753162122896563,-87.58478732249418,0.9985533838373727,0.6408359665007178
independent,4,3,66,flow_reuse,0.033972146864601295,0.032481599599123,0.05131312403827905,0.46753162122896563,-87.58478732249418,0.9985533838373727,0.6408359665007178
independent,4,3,66,flow_toeplitz_r2,0.028460174554778277,0.027417948469519615,0.041558283194899556,0.46753162122896563,-87.58478732249418,0.9985533838373727,0.6408359665007178
independent,4,3,66,flow_rank8_oracle,0.020359608049779716,0.020255710929632187,0.027082710247486826,0.46753162122896563,-87.58478732249418,0.9985533838373727,0.6408359665007178
independent,5,3,66,raw_reuse,0.24493619398779576,0.24566633999347687,0.336363910138607,0.6926654091487652,-57.37538538913578,0.9988547445573044,0.7176826715771951
independent,5,3,66,shift_reuse,0.36978509838106516,0.36436328291893005,0.5136610090732574,0.6926654091487652,-57.37538538913578,0.9988547445573044,0.7176826715771951
independent,5,3,66,shift_toeplitz_r2,0.3409310930779443,0.3371718227863312,0.4693311035633087,0.6926654091487652,-57.37538538913578,0.9988547445573044,0.7176826715771951
independent,5,3,66,shift_circular_r2,0.3409310930779443,0.3371718227863312,0.4693311035633087,0.6926654091487652,-57.37538538913578,0.9988547445573044,0.7176826715771951
independent,5,3,66,shift_rank8_feature,1.695270235365379,1.656615138053894,2.8479222893714904,0.6926654091487652,-57.37538538913578,0.9988547445573044,0.7176826715771951
independent,5,3,66,shift_rank8_prev_flow,0.20513606025373354,0.20605868101119995,0.27641664147377015,0.6926654091487652,-57.37538538913578,0.9988547445573044,0.7176826715771951
independent,5,3,66,shift_rank8_oracle,0.20500059785825475,0.2059417963027954,0.27632807046175,0.6926654091487652,-57.37538538913578,0.9988547445573044,0.7176826715771951
independent,5,3,66,flow_reuse,0.02778059553931341,0.027146026492118835,0.033616858534514904,0.6926654091487652,-57.37538538913578,0.9988547445573044,0.7176826715771951
independent,5,3,66,flow_toeplitz_r2,0.02063654468297974,0.01936177723109722,0.027029193751513955,0.6926654091487652,-57.37538538913578,0.9988547445573044,0.7176826715771951
independent,5,3,66,flow_rank8_oracle,0.014760814395495791,0.014509129337966442,0.01888609053567052,0.6926654091487652,-57.37538538913578,0.9988547445573044,0.7176826715771951
independent,6,3,66,raw_reuse,0.11454670781159336,0.10924897342920303,0.1675609469413757,0.7987352827528067,-33.62235524523349,0.9984696085985177,0.8356835787980961
independent,6,3,66,shift_reuse,0.24143775512711052,0.23843204975128174,0.2992576465010643,0.7987352827528067,-33.62235524523349,0.9984696085985177,0.8356835787980961
independent,6,3,66,shift_toeplitz_r2,0.16486943499307236,0.15891261398792267,0.23479518219828605,0.7987352827528067,-33.62235524523349,0.9984696085985177,0.8356835787980961
independent,6,3,66,shift_circular_r2,0.16486943499307236,0.15891261398792267,0.23479518219828605,0.7987352827528067,-33.62235524523349,0.9984696085985177,0.8356835787980961
independent,6,3,66,shift_rank8_feature,0.624575587136918,0.5875741839408875,0.9511032342910763,0.7987352827528067,-33.62235524523349,0.9984696085985177,0.8356835787980961
independent,6,3,66,shift_rank8_prev_flow,0.10839228122887647,0.10365607589483261,0.156476429849863,0.7987352827528067,-33.62235524523349,0.9984696085985177,0.8356835787980961
independent,6,3,66,shift_rank8_oracle,0.10831510078344819,0.10357573628425598,0.15645165070891376,0.7987352827528067,-33.62235524523349,0.9984696085985177,0.8356835787980961
independent,6,3,66,flow_reuse,0.015240700041901931,0.014938835054636002,0.02237715544179082,0.7987352827528067,-33.62235524523349,0.9984696085985177,0.8356835787980961
independent,6,3,66,flow_toeplitz_r2,0.00976298576209447,0.009013171307742596,0.018374610505998135,0.7987352827528067,-33.62235524523349,0.9984696085985177,0.8356835787980961
independent,6,3,66,flow_rank8_oracle,0.00617796437141652,0.0059472559951245785,0.008988951100036502,0.7987352827528067,-33.62235524523349,0.9984696085985177,0.8356835787980961
independent,7,3,66,raw_reuse,0.10947973475701911,0.10392381995916367,0.16632162034511563,0.8124247767577494,-5.749128504054207,0.9989395631001167,0.6855105320047425
independent,7,3,66,shift_reuse,0.1505459556874799,0.1444329023361206,0.20492212399840354,0.8124247767577494,-5.749128504054207,0.9989395631001167,0.6855105320047425
independent,7,3,66,shift_toeplitz_r2,0.1411278029062666,0.1333635300397873,0.1945920705795288,0.8124247767577494,-5.749128504054207,0.9989395631001167,0.6855105320047425
independent,7,3,66,shift_circular_r2,0.1411278029062666,0.1333635300397873,0.1945920705795288,0.8124247767577494,-5.749128504054207,0.9989395631001167,0.6855105320047425
independent,7,3,66,shift_rank8_feature,0.3224473725023651,0.3002711534500122,0.4974092200398445,0.8124247767577494,-5.749128504054207,0.9989395631001167,0.6855105320047425
independent,7,3,66,shift_rank8_prev_flow,0.0653214274846774,0.0618850477039814,0.09544796347618102,0.8124247767577494,-5.749128504054207,0.9989395631001167,0.6855105320047425
independent,7,3,66,shift_rank8_oracle,0.06520138618953937,0.06176067888736725,0.09527897536754608,0.8124247767577494,-5.749128504054207,0.9989395631001167,0.6855105320047425
independent,7,3,66,flow_reuse,0.005393719589374959,0.005317585542798042,0.007332726335152984,0.8124247767577494,-5.749128504054207,0.9989395631001167,0.6855105320047425
independent,7,3,66,flow_toeplitz_r2,0.004564614035365396,0.004465966951102018,0.006475055357441306,0.8124247767577494,-5.749128504054207,0.9989395631001167,0.6855105320047425
independent,7,3,66,flow_rank8_oracle,0.003024763263989496,0.002960841404274106,0.0038363477680832146,0.8124247767577494,-5.749128504054207,0.9989395631001167,0.6855105320047425
independent,0,4,55,raw_reuse,0.5979410593946105,0.5890652537345886,0.8968845814466476,0.3893775880185727,-2.862355410907756,0.9982351366638766,0.4073698587997605
independent,0,4,55,shift_reuse,0.6122516277989611,0.6162979006767273,1.0361565381288527,0.3893775880185727,-2.862355410907756,0.9982351366638766,0.4073698587997605
independent,0,4,55,shift_toeplitz_r2,0.6473479852565944,0.6488506197929382,1.0982075691223145,0.3893775880185727,-2.862355410907756,0.9982351366638766,0.4073698587997605
independent,0,4,55,shift_circular_r2,0.6473479852565944,0.6488506197929382,1.0982075691223145,0.3893775880185727,-2.862355410907756,0.9982351366638766,0.4073698587997605
independent,0,4,55,shift_rank8_feature,0.8357901054470221,0.8348628878593445,1.4611409544944762,0.3893775880185727,-2.862355410907756,0.9982351366638766,0.4073698587997605
independent,0,4,55,shift_rank8_prev_flow,0.4786519330904152,0.4765183925628662,0.8597909301519393,0.3893775880185727,-2.862355410907756,0.9982351366638766,0.4073698587997605
independent,0,4,55,shift_rank8_oracle,0.4784277023894709,0.47627219557762146,0.8597063720226287,0.3893775880185727,-2.862355410907756,0.9982351366638766,0.4073698587997605
independent,0,4,55,flow_reuse,0.010972743565952355,0.011167372576892376,0.014896251680329441,0.3893775880185727,-2.862355410907756,0.9982351366638766,0.4073698587997605
independent,0,4,55,flow_toeplitz_r2,0.009654023770785433,0.009825925342738628,0.013798328768461942,0.3893775880185727,-2.862355410907756,0.9982351366638766,0.4073698587997605
independent,0,4,55,flow_rank8_oracle,0.008447089540315084,0.008580687455832958,0.010226681642234324,0.3893775880185727,-2.862355410907756,0.9982351366638766,0.4073698587997605
independent,1,4,55,raw_reuse,0.4699787928034149,0.46757182478904724,0.6239075005054474,0.3995501099996499,-5.510942267886231,0.9995358096838338,0.4297063504507945
independent,1,4,55,shift_reuse,0.479985517708011,0.4811132848262787,0.609925428032875,0.3995501099996499,-5.510942267886231,0.9995358096838338,0.4297063504507945
independent,1,4,55,shift_toeplitz_r2,0.5166137297988562,0.5170367360115051,0.677881321310997,0.3995501099996499,-5.510942267886231,0.9995358096838338,0.4297063504507945
independent,1,4,55,shift_circular_r2,0.5166137297988562,0.5170367360115051,0.677881321310997,0.3995501099996499,-5.510942267886231,0.9995358096838338,0.4297063504507945
independent,1,4,55,shift_rank8_feature,0.6670978511476396,0.6558752655982971,0.9768625080585479,0.3995501099996499,-5.510942267886231,0.9995358096838338,0.4297063504507945
independent,1,4,55,shift_rank8_prev_flow,0.3719639228878894,0.3644222319126129,0.4911941632628441,0.3995501099996499,-5.510942267886231,0.9995358096838338,0.4297063504507945
independent,1,4,55,shift_rank8_oracle,0.3719345217111933,0.364391565322876,0.4911625847220421,0.3995501099996499,-5.510942267886231,0.9995358096838338,0.4297063504507945
independent,1,4,55,flow_reuse,0.013651107999076775,0.01375772524625063,0.01763440268114209,0.3995501099996499,-5.510942267886231,0.9995358096838338,0.4297063504507945
independent,1,4,55,flow_toeplitz_r2,0.010480496996163324,0.010520081035792828,0.014104794757440687,0.3995501099996499,-5.510942267886231,0.9995358096838338,0.4297063504507945
independent,1,4,55,flow_rank8_oracle,0.010309014971098774,0.010350585915148258,0.014263406069949268,0.3995501099996499,-5.510942267886231,0.9995358096838338,0.4297063504507945
independent,2,4,55,raw_reuse,0.4460833556102732,0.44626888632774353,0.6119853138923645,0.3967216550109134,-7.938585972226548,0.9995551520313664,0.6790572874245019
independent,2,4,55,shift_reuse,0.46144878682249346,0.457317590713501,0.5972296625375747,0.3967216550109134,-7.938585972226548,0.9995551520313664,0.6790572874245019
independent,2,4,55,shift_toeplitz_r2,0.5550444403024992,0.559964120388031,0.782750815153122,0.3967216550109134,-7.938585972226548,0.9995551520313664,0.6790572874245019
independent,2,4,55,shift_circular_r2,0.5550444403024992,0.559964120388031,0.782750815153122,0.3967216550109134,-7.938585972226548,0.9995551520313664,0.6790572874245019
independent,2,4,55,shift_rank8_feature,0.743212843906049,0.7432599663734436,1.1016713678836823,0.3967216550109134,-7.938585972226548,0.9995551520313664,0.6790572874245019
independent,2,4,55,shift_rank8_prev_flow,0.358441305640402,0.3502412736415863,0.490537941455841,0.3967216550109134,-7.938585972226548,0.9995551520313664,0.6790572874245019
independent,2,4,55,shift_rank8_oracle,0.35841186371272754,0.3502095937728882,0.49050431102514264,0.3967216550109134,-7.938585972226548,0.9995551520313664,0.6790572874245019
independent,2,4,55,flow_reuse,0.022584923979417693,0.023237725719809532,0.029372294154018163,0.3967216550109134,-7.938585972226548,0.9995551520313664,0.6790572874245019
independent,2,4,55,flow_toeplitz_r2,0.014151837849287016,0.01422994676977396,0.018424870073795317,0.3967216550109134,-7.938585972226548,0.9995551520313664,0.6790572874245019
independent,2,4,55,flow_rank8_oracle,0.012794768239831264,0.012862118892371655,0.016959265992045402,0.3967216550109134,-7.938585972226548,0.9995551520313664,0.6790572874245019
independent,3,4,55,raw_reuse,0.35125905604099117,0.3639555871486664,0.4981320425868034,0.4938492772849351,-15.206042034769624,0.9994799324154796,0.6209330978591894
independent,3,4,55,shift_reuse,0.43585514455138896,0.4438743591308594,0.5699396580457687,0.4938492772849351,-15.206042034769624,0.9994799324154796,0.6209330978591894
independent,3,4,55,shift_toeplitz_r2,0.434170133671747,0.4588191509246826,0.6317389756441116,0.4938492772849351,-15.206042034769624,0.9994799324154796,0.6209330978591894
independent,3,4,55,shift_circular_r2,0.434170133671747,0.4588191509246826,0.6317389756441116,0.4938492772849351,-15.206042034769624,0.9994799324154796,0.6209330978591894
independent,3,4,55,shift_rank8_feature,0.9189634204741612,0.9580227732658386,1.5757367134094238,0.4938492772849351,-15.206042034769624,0.9994799324154796,0.6209330978591894
independent,3,4,55,shift_rank8_prev_flow,0.310124645925867,0.32089194655418396,0.41844522655010224,0.4938492772849351,-15.206042034769624,0.9994799324154796,0.6209330978591894
independent,3,4,55,shift_rank8_oracle,0.31008596309438374,0.32084891200065613,0.4183761954307556,0.4938492772849351,-15.206042034769624,0.9994799324154796,0.6209330978591894
independent,3,4,55,flow_reuse,0.022659705269973372,0.02386057935655117,0.029920046031475068,0.4938492772849351,-15.206042034769624,0.9994799324154796,0.6209330978591894
independent,3,4,55,flow_toeplitz_r2,0.016740934026928035,0.01710081286728382,0.023232935555279253,0.4938492772849351,-15.206042034769624,0.9994799324154796,0.6209330978591894
independent,3,4,55,flow_rank8_oracle,0.013951221676236898,0.01457929890602827,0.019722472131252288,0.4938492772849351,-15.206042034769624,0.9994799324154796,0.6209330978591894
independent,4,4,55,raw_reuse,0.32592262707972713,0.3541877567768097,0.5318927139043808,0.4940857821774185,-16.276822234991055,0.9995962829283147,0.6179622955693744
independent,4,4,55,shift_reuse,0.40639678091344106,0.4440095126628876,0.623398357629776,0.4940857821774185,-16.276822234991055,0.9995962829283147,0.6179622955693744
independent,4,4,55,shift_toeplitz_r2,0.4027272305461777,0.4486006200313568,0.6392361223697662,0.4940857821774185,-16.276822234991055,0.9995962829283147,0.6179622955693744
independent,4,4,55,shift_circular_r2,0.4027272305461777,0.4486006200313568,0.6392361223697662,0.4940857821774185,-16.276822234991055,0.9995962829283147,0.6179622955693744
independent,4,4,55,shift_rank8_feature,0.9126026986128049,1.021264672279358,1.8297989308834075,0.4940857821774185,-16.276822234991055,0.9995962829283147,0.6179622955693744
independent,4,4,55,shift_rank8_prev_flow,0.2890907645717213,0.31529951095581055,0.4430871561169624,0.4940857821774185,-16.276822234991055,0.9995962829283147,0.6179622955693744
independent,4,4,55,shift_rank8_oracle,0.28906046804656144,0.3152635991573334,0.4430415004491806,0.4940857821774185,-16.276822234991055,0.9995962829283147,0.6179622955693744
independent,4,4,55,flow_reuse,0.022400364811276,0.022913942113518715,0.03022885527461767,0.4940857821774185,-16.276822234991055,0.9995962829283147,0.6179622955693744
independent,4,4,55,flow_toeplitz_r2,0.01898281643741631,0.019289828836917877,0.02555757723748684,0.4940857821774185,-16.276822234991055,0.9995962829283147,0.6179622955693744
independent,4,4,55,flow_rank8_oracle,0.013845485996397806,0.014742810279130936,0.018495005555450916,0.4940857821774185,-16.276822234991055,0.9995962829283147,0.6179622955693744
independent,5,4,55,raw_reuse,0.2738017332166256,0.27919328212738037,0.38328697979450227,0.686586221769121,-10.774253727041312,0.9995663601075909,0.7503359335547856
independent,5,4,55,shift_reuse,0.4034514297121807,0.4042827785015106,0.5589158058166503,0.686586221769121,-10.774253727041312,0.9995663601075909,0.7503359335547856
independent,5,4,55,shift_toeplitz_r2,0.3641690505973602,0.36714601516723633,0.5027010798454284,0.686586221769121,-10.774253727041312,0.9995663601075909,0.7503359335547856
independent,5,4,55,shift_circular_r2,0.3641690505973602,0.36714601516723633,0.5027010798454284,0.686586221769121,-10.774253727041312,0.9995663601075909,0.7503359335547856
independent,5,4,55,shift_rank8_feature,0.8853601714281131,0.917830765247345,1.5027044773101805,0.686586221769121,-10.774253727041312,0.9995663601075909,0.7503359335547856
independent,5,4,55,shift_rank8_prev_flow,0.22592544680111448,0.2310647964477539,0.31239077299833296,0.686586221769121,-10.774253727041312,0.9995663601075909,0.7503359335547856
independent,5,4,55,shift_rank8_oracle,0.2258657090353077,0.23099391162395477,0.3123558238148689,0.686586221769121,-10.774253727041312,0.9995663601075909,0.7503359335547856
independent,5,4,55,flow_reuse,0.023404603109213364,0.02388055808842182,0.029009354207664727,0.686586221769121,-10.774253727041312,0.9995663601075909,0.7503359335547856
independent,5,4,55,flow_toeplitz_r2,0.017482063001016603,0.017072366550564766,0.02370523894205689,0.686586221769121,-10.774253727041312,0.9995663601075909,0.7503359335547856
independent,5,4,55,flow_rank8_oracle,0.011694436520068949,0.011910299770534039,0.015514680370688438,0.686586221769121,-10.774253727041312,0.9995663601075909,0.7503359335547856
independent,6,4,55,raw_reuse,0.13676017734066176,0.12970827519893646,0.2119475394487381,0.8215169162986284,-17.134276456008656,0.9994582162708397,0.8906961827631155
independent,6,4,55,shift_reuse,0.29023415211912335,0.28511226177215576,0.3740785032510757,0.8215169162986284,-17.134276456008656,0.9994582162708397,0.8906961827631155
independent,6,4,55,shift_toeplitz_r2,0.19878179046872366,0.19017021358013153,0.2918138340115547,0.8215169162986284,-17.134276456008656,0.9994582162708397,0.8906961827631155
independent,6,4,55,shift_circular_r2,0.19878179046872366,0.19017021358013153,0.2918138340115547,0.8215169162986284,-17.134276456008656,0.9994582162708397,0.8906961827631155
independent,6,4,55,shift_rank8_feature,0.6160794410146292,0.5825836062431335,0.9813943237066268,0.8215169162986284,-17.134276456008656,0.9994582162708397,0.8906961827631155
independent,6,4,55,shift_rank8_prev_flow,0.12266036658491924,0.1178504228591919,0.17338320463895798,0.8215169162986284,-17.134276456008656,0.9994582162708397,0.8906961827631155
independent,6,4,55,shift_rank8_oracle,0.12261596142318773,0.11780411750078201,0.17333871275186538,0.8215169162986284,-17.134276456008656,0.9994582162708397,0.8906961827631155
independent,6,4,55,flow_reuse,0.017784621231500274,0.017738236114382744,0.022598677780479193,0.8215169162986284,-17.134276456008656,0.9994582162708397,0.8906961827631155
independent,6,4,55,flow_toeplitz_r2,0.008496952752780628,0.007859837263822556,0.013167954888194798,0.8215169162986284,-17.134276456008656,0.9994582162708397,0.8906961827631155
independent,6,4,55,flow_rank8_oracle,0.005879796356676835,0.005677205044776201,0.007894277572631836,0.8215169162986284,-17.134276456008656,0.9994582162708397,0.8906961827631155
independent,7,4,55,raw_reuse,0.10470040777009806,0.0993787869811058,0.16392107605934142,0.7870918824973053,-7.899501577135762,0.9992061086457813,0.7221129884778302
independent,7,4,55,shift_reuse,0.1546212508809258,0.14712119102478027,0.24102172777056693,0.7870918824973053,-7.899501577135762,0.9992061086457813,0.7221129884778302
independent,7,4,55,shift_toeplitz_r2,0.14296668446881788,0.13453780114650726,0.19814252778887748,0.7870918824973053,-7.899501577135762,0.9992061086457813,0.7221129884778302
independent,7,4,55,shift_circular_r2,0.14296668446881788,0.13453780114650726,0.19814252778887748,0.7870918824973053,-7.899501577135762,0.9992061086457813,0.7221129884778302
independent,7,4,55,shift_rank8_feature,0.36363152170733926,0.33947375416755676,0.5639974117279053,0.7870918824973053,-7.899501577135762,0.9992061086457813,0.7221129884778302
independent,7,4,55,shift_rank8_prev_flow,0.07142472860065863,0.06663238257169724,0.1123713620007038,0.7870918824973053,-7.899501577135762,0.9992061086457813,0.7221129884778302
independent,7,4,55,shift_rank8_oracle,0.07134528750140716,0.06654579192399979,0.11227601505815982,0.7870918824973053,-7.899501577135762,0.9992061086457813,0.7221129884778302
independent,7,4,55,flow_reuse,0.005370124798649044,0.005297085735946894,0.007694720081053674,0.7870918824973053,-7.899501577135762,0.9992061086457813,0.7221129884778302
independent,7,4,55,flow_toeplitz_r2,0.004790081527727076,0.0046690949238836765,0.006752348598092793,0.7870918824973053,-7.899501577135762,0.9992061086457813,0.7221129884778302
independent,7,4,55,flow_rank8_oracle,0.0028308609179664994,0.0027749149594455957,0.004001550178509205,0.7870918824973053,-7.899501577135762,0.9992061086457813,0.7221129884778302
independent,0,5,44,raw_reuse,0.5852684314875681,0.5784707069396973,0.8975258439779281,0.40077002091586844,-3.1527632707906807,0.9979608811770971,0.36072295264440335
independent,0,5,44,shift_reuse,0.6002165374407629,0.6067933440208435,1.0137732833623885,0.40077002091586844,-3.1527632707906807,0.9979608811770971,0.36072295264440335
independent,0,5,44,shift_toeplitz_r2,0.6334547408535672,0.6369143724441528,1.1013781130313873,0.40077002091586844,-3.1527632707906807,0.9979608811770971,0.36072295264440335
independent,0,5,44,shift_circular_r2,0.6334547408535672,0.6369143724441528,1.1013781130313873,0.40077002091586844,-3.1527632707906807,0.9979608811770971,0.36072295264440335
independent,0,5,44,shift_rank8_feature,0.8306625022363845,0.8308849334716797,1.4645015478134156,0.40077002091586844,-3.1527632707906807,0.9979608811770971,0.36072295264440335
independent,0,5,44,shift_rank8_prev_flow,0.4648777678322143,0.46377742290496826,0.8360735982656479,0.40077002091586844,-3.1527632707906807,0.9979608811770971,0.36072295264440335
independent,0,5,44,shift_rank8_oracle,0.46462729949775805,0.46350598335266113,0.8359552353620529,0.40077002091586844,-3.1527632707906807,0.9979608811770971,0.36072295264440335
independent,0,5,44,flow_reuse,0.013445603353386041,0.013625252060592175,0.016195819620043038,0.40077002091586844,-3.1527632707906807,0.9979608811770971,0.36072295264440335
independent,0,5,44,flow_toeplitz_r2,0.012032579652380132,0.012276600115001202,0.015236350148916245,0.40077002091586844,-3.1527632707906807,0.9979608811770971,0.36072295264440335
independent,0,5,44,flow_rank8_oracle,0.01075040563198184,0.01088589895516634,0.012848589895293116,0.40077002091586844,-3.1527632707906807,0.9979608811770971,0.36072295264440335
independent,1,5,44,raw_reuse,0.4741132273718356,0.4715851843357086,0.6352271676063538,0.44442204803564744,-6.3712575940233895,0.9994689951043484,0.4193257510980146
independent,1,5,44,shift_reuse,0.4962741787774815,0.49762359261512756,0.6158325791358947,0.44442204803564744,-6.3712575940233895,0.9994689951043484,0.4193257510980146
independent,1,5,44,shift_toeplitz_r2,0.5395688158167382,0.5394881367683411,0.6879845827817916,0.44442204803564744,-6.3712575940233895,0.9994689951043484,0.4193257510980146
independent,1,5,44,shift_circular_r2,0.5395688158167382,0.5394881367683411,0.6879845827817916,0.44442204803564744,-6.3712575940233895,0.9994689951043484,0.4193257510980146
independent,1,5,44,shift_rank8_feature,0.7091593777265126,0.6926535964012146,1.0614959120750427,0.44442204803564744,-6.3712575940233895,0.9994689951043484,0.4193257510980146
independent,1,5,44,shift_rank8_prev_flow,0.3699440387834895,0.3620530068874359,0.4887646034359932,0.44442204803564744,-6.3712575940233895,0.9994689951043484,0.4193257510980146
independent,1,5,44,shift_rank8_oracle,0.36990838900689477,0.36201635003089905,0.48871912360191344,0.44442204803564744,-6.3712575940233895,0.9994689951043484,0.4193257510980146
independent,1,5,44,flow_reuse,0.016370594978800584,0.016411567106842995,0.02063121059909463,0.44442204803564744,-6.3712575940233895,0.9994689951043484,0.4193257510980146
independent,1,5,44,flow_toeplitz_r2,0.013130606854480172,0.013175942935049534,0.0164275792427361,0.44442204803564744,-6.3712575940233895,0.9994689951043484,0.4193257510980146
independent,1,5,44,flow_rank8_oracle,0.012474718299092497,0.012510704807937145,0.01629484537988901,0.44442204803564744,-6.3712575940233895,0.9994689951043484,0.4193257510980146
independent,2,5,44,raw_reuse,0.4670917776728554,0.4738422930240631,0.6615588814020157,0.4060426258632066,-9.180330608260254,0.9996139090520149,0.6555117079871913
independent,2,5,44,shift_reuse,0.4923803092309032,0.49098166823387146,0.6561309516429901,0.4060426258632066,-9.180330608260254,0.9996139090520149,0.6555117079871913
independent,2,5,44,shift_toeplitz_r2,0.6067697987925247,0.6224038004875183,0.884658420085907,0.4060426258632066,-9.180330608260254,0.9996139090520149,0.6555117079871913
independent,2,5,44,shift_circular_r2,0.6067697987925247,0.6224038004875183,0.884658420085907,0.4060426258632066,-9.180330608260254,0.9996139090520149,0.6555117079871913
independent,2,5,44,shift_rank8_feature,0.8274391873957347,0.8392643928527832,1.2815132498741149,0.4060426258632066,-9.180330608260254,0.9996139090520149,0.6555117079871913
independent,2,5,44,shift_rank8_prev_flow,0.3794977496756008,0.37334394454956055,0.5320178419351577,0.4060426258632066,-9.180330608260254,0.9996139090520149,0.6555117079871913
independent,2,5,44,shift_rank8_oracle,0.37947075907470457,0.37331488728523254,0.5319703012704848,0.4060426258632066,-9.180330608260254,0.9996139090520149,0.6555117079871913
independent,2,5,44,flow_reuse,0.024081649466826914,0.024957025423645973,0.031628014892339705,0.4060426258632066,-9.180330608260254,0.9996139090520149,0.6555117079871913
independent,2,5,44,flow_toeplitz_r2,0.015829909013870453,0.016289686784148216,0.02023037848994136,0.4060426258632066,-9.180330608260254,0.9996139090520149,0.6555117079871913
independent,2,5,44,flow_rank8_oracle,0.014134272619242383,0.014514051377773285,0.018489549309015273,0.4060426258632066,-9.180330608260254,0.9996139090520149,0.6555117079871913
independent,3,5,44,raw_reuse,0.3542641564189042,0.37852048873901367,0.5174238592386246,0.4942341838834188,-14.774111730179904,0.99940301706589,0.5838105354925016
independent,3,5,44,shift_reuse,0.43522175384464074,0.4578450620174408,0.5958458214998246,0.4942341838834188,-14.774111730179904,0.99940301706589,0.5838105354925016
independent,3,5,44,shift_toeplitz_r2,0.44074916940331166,0.486337274312973,0.7055066257715226,0.4942341838834188,-14.774111730179904,0.99940301706589,0.5838105354925016
independent,3,5,44,shift_circular_r2,0.44074916940331166,0.486337274312973,0.7055066257715226,0.4942341838834188,-14.774111730179904,0.99940301706589,0.5838105354925016
independent,3,5,44,shift_rank8_feature,0.9353095879770932,1.010610580444336,1.7497765719890594,0.4942341838834188,-14.774111730179904,0.99940301706589,0.5838105354925016
independent,3,5,44,shift_rank8_prev_flow,0.3095651983723057,0.3325763940811157,0.4460445702075958,0.4942341838834188,-14.774111730179904,0.99940301706589,0.5838105354925016
independent,3,5,44,shift_rank8_oracle,0.30951756042497314,0.3325197100639343,0.44594685584306715,0.4942341838834188,-14.774111730179904,0.99940301706589,0.5838105354925016
independent,3,5,44,flow_reuse,0.021727696785265267,0.02381691336631775,0.03179890299215913,0.4942341838834188,-14.774111730179904,0.99940301706589,0.5838105354925016
independent,3,5,44,flow_toeplitz_r2,0.01619004880355657,0.017564592882990837,0.02204572344198823,0.4942341838834188,-14.774111730179904,0.99940301706589,0.5838105354925016
independent,3,5,44,flow_rank8_oracle,0.014017132590330626,0.015406240709125996,0.02019459381699562,0.4942341838834188,-14.774111730179904,0.99940301706589,0.5838105354925016
independent,4,5,44,raw_reuse,0.3136413022237836,0.35568153858184814,0.5275977224111557,0.5075397775475314,-13.641783354761024,0.9995881217165392,0.5554294907388615
independent,4,5,44,shift_reuse,0.3878169750723575,0.4431494176387787,0.6360570967197418,0.5075397775475314,-13.641783354761024,0.9995881217165392,0.5554294907388615
independent,4,5,44,shift_toeplitz_r2,0.38741212794180635,0.4533238112926483,0.663400599360466,0.5075397775475314,-13.641783354761024,0.9995881217165392,0.5554294907388615
independent,4,5,44,shift_circular_r2,0.38741212794180635,0.4533238112926483,0.663400599360466,0.5075397775475314,-13.641783354761024,0.9995881217165392,0.5554294907388615
independent,4,5,44,shift_rank8_feature,0.8610864432535772,1.014154076576233,1.8734829306602476,0.5075397775475314,-13.641783354761024,0.9995881217165392,0.5554294907388615
independent,4,5,44,shift_rank8_prev_flow,0.2721870251207513,0.31137359142303467,0.4266556978225708,0.5075397775475314,-13.641783354761024,0.9995881217165392,0.5554294907388615
independent,4,5,44,shift_rank8_oracle,0.2721525406973654,0.31133297085762024,0.4266243129968643,0.5075397775475314,-13.641783354761024,0.9995881217165392,0.5554294907388615
independent,4,5,44,flow_reuse,0.017024329048068883,0.018535131588578224,0.023063405230641366,0.5075397775475314,-13.641783354761024,0.9995881217165392,0.5554294907388615
independent,4,5,44,flow_toeplitz_r2,0.014770404145947187,0.016131341457366943,0.02202489273622632,0.5075397775475314,-13.641783354761024,0.9995881217165392,0.5554294907388615
independent,4,5,44,flow_rank8_oracle,0.011351163648130071,0.012718286365270615,0.017401095014065504,0.5075397775475314,-13.641783354761024,0.9995881217165392,0.5554294907388615
independent,5,5,44,raw_reuse,0.28898824611960783,0.2998962104320526,0.4293943360447883,0.6949454486455491,-9.012573274258187,0.9996645999577344,0.7048174721629064
independent,5,5,44,shift_reuse,0.41937796944478484,0.4297933280467987,0.6217290818691253,0.6949454486455491,-9.012573274258187,0.9996645999577344,0.7048174721629064
independent,5,5,44,shift_toeplitz_r2,0.38240224521323757,0.39621686935424805,0.5591354250907898,0.6949454486455491,-9.012573274258187,0.9996645999577344,0.7048174721629064
independent,5,5,44,shift_circular_r2,0.38240224521323757,0.39621686935424805,0.5591354250907898,0.6949454486455491,-9.012573274258187,0.9996645999577344,0.7048174721629064
independent,5,5,44,shift_rank8_feature,0.8904816514210918,0.9591522216796875,1.683836668729782,0.6949454486455491,-9.012573274258187,0.9996645999577344,0.7048174721629064
independent,5,5,44,shift_rank8_prev_flow,0.2316832091040215,0.243246391415596,0.3575617134571075,0.6949454486455491,-9.012573274258187,0.9996645999577344,0.7048174721629064
independent,5,5,44,shift_rank8_oracle,0.23162976527123597,0.24319005012512207,0.3575006917119026,0.6949454486455491,-9.012573274258187,0.9996645999577344,0.7048174721629064
independent,5,5,44,flow_reuse,0.019442275241735744,0.02052430436015129,0.027289482112973926,0.6949454486455491,-9.012573274258187,0.9996645999577344,0.7048174721629064
independent,5,5,44,flow_toeplitz_r2,0.014469960597373021,0.014868579804897308,0.02205425174906849,0.6949454486455491,-9.012573274258187,0.9996645999577344,0.7048174721629064
independent,5,5,44,flow_rank8_oracle,0.010563124799953036,0.011159439571201801,0.014614352351054549,0.6949454486455491,-9.012573274258187,0.9996645999577344,0.7048174721629064
independent,6,5,44,raw_reuse,0.1658987130398313,0.15482085943222046,0.27157718986272805,0.8363828294518543,-13.865454379550695,0.9995547368669508,0.9196520011281022
independent,6,5,44,shift_reuse,0.3518320961276365,0.346052885055542,0.46733292490243905,0.8363828294518543,-13.865454379550695,0.9995547368669508,0.9196520011281022
independent,6,5,44,shift_toeplitz_r2,0.2468085584348799,0.23470158874988556,0.3848301529884338,0.8363828294518543,-13.865454379550695,0.9995547368669508,0.9196520011281022
independent,6,5,44,shift_circular_r2,0.2468085584348799,0.23470158874988556,0.3848301529884338,0.8363828294518543,-13.865454379550695,0.9995547368669508,0.9196520011281022
independent,6,5,44,shift_rank8_feature,0.731024076838209,0.6991550326347351,1.1807425439357757,0.8363828294518543,-13.865454379550695,0.9995547368669508,0.9196520011281022
independent,6,5,44,shift_rank8_prev_flow,0.14236883289985325,0.1381019800901413,0.2041168823838234,0.8363828294518543,-13.865454379550695,0.9995547368669508,0.9196520011281022
independent,6,5,44,shift_rank8_oracle,0.14231474363134383,0.13805057108402252,0.2040883406996727,0.8363828294518543,-13.865454379550695,0.9995547368669508,0.9196520011281022
independent,6,5,44,flow_reuse,0.02232774957941655,0.02266894280910492,0.02727073784917593,0.8363828294518543,-13.865454379550695,0.9995547368669508,0.9196520011281022
independent,6,5,44,flow_toeplitz_r2,0.008482859355421628,0.008047766052186489,0.012324989633634686,0.8363828294518543,-13.865454379550695,0.9995547368669508,0.9196520011281022
independent,6,5,44,flow_rank8_oracle,0.006328962344683655,0.006160297896713018,0.00804594373330474,0.8363828294518543,-13.865454379550695,0.9995547368669508,0.9196520011281022
independent,7,5,44,raw_reuse,0.10131425448614502,0.09590264409780502,0.16032348945736885,0.8136035290160177,-7.8711970971486735,0.9990381234576082,0.8588843315753195
independent,7,5,44,shift_reuse,0.16607892815784242,0.1574016660451889,0.2718472182750702,0.8136035290160177,-7.8711970971486735,0.9990381234576082,0.8588843315753195
independent,7,5,44,shift_toeplitz_r2,0.1497818969068965,0.1400829702615738,0.2229084014892578,0.8136035290160177,-7.8711970971486735,0.9990381234576082,0.8588843315753195
independent,7,5,44,shift_circular_r2,0.1497818969068965,0.1400829702615738,0.2229084014892578,0.8136035290160177,-7.8711970971486735,0.9990381234576082,0.8588843315753195
independent,7,5,44,shift_rank8_feature,0.3838474768516717,0.3583737313747406,0.61032954454422,0.8136035290160177,-7.8711970971486735,0.9990381234576082,0.8588843315753195
independent,7,5,44,shift_rank8_prev_flow,0.0718097888666041,0.06744208931922913,0.11006912104785442,0.8136035290160177,-7.8711970971486735,0.9990381234576082,0.8588843315753195
independent,7,5,44,shift_rank8_oracle,0.07170235441303867,0.06732795387506485,0.10987382642924785,0.8136035290160177,-7.8711970971486735,0.9990381234576082,0.8588843315753195
independent,7,5,44,flow_reuse,0.009868627757462162,0.00979164894670248,0.013170524779707192,0.8136035290160177,-7.8711970971486735,0.9990381234576082,0.8588843315753195
independent,7,5,44,flow_toeplitz_r2,0.005800182202433903,0.005572574213147163,0.007921639969572425,0.8136035290160177,-7.8711970971486735,0.9990381234576082,0.8588843315753195
independent,7,5,44,flow_rank8_oracle,0.003707186085740653,0.003619340481236577,0.005565087567083537,0.8136035290160177,-7.8711970971486735,0.9990381234576082,0.8588843315753195
independent,0,6,33,raw_reuse,0.5695894138245123,0.5666223168373108,0.8898857325315475,0.5200887748138628,-18.186460404067418,0.9972920849329604,0.3686862022451183
independent,0,6,33,shift_reuse,0.5870467807495594,0.5981242060661316,0.9928000450134277,0.5200887748138628,-18.186460404067418,0.9972920849329604,0.3686862022451183
independent,0,6,33,shift_toeplitz_r2,0.5792477278908369,0.5845672488212585,1.015185612440109,0.5200887748138628,-18.186460404067418,0.9972920849329604,0.3686862022451183
independent,0,6,33,shift_circular_r2,0.5792477278908369,0.5845672488212585,1.015185612440109,0.5200887748138628,-18.186460404067418,0.9972920849329604,0.3686862022451183
independent,0,6,33,shift_rank8_feature,1.6844412402999402,1.6533347368240356,3.237466561794281,0.5200887748138628,-18.186460404067418,0.9972920849329604,0.3686862022451183
independent,0,6,33,shift_rank8_prev_flow,0.40714370731990046,0.4037010669708252,0.7099300652742385,0.5200887748138628,-18.186460404067418,0.9972920849329604,0.3686862022451183
independent,0,6,33,shift_rank8_oracle,0.4066803277930271,0.40316304564476013,0.7097262114286422,0.5200887748138628,-18.186460404067418,0.9972920849329604,0.3686862022451183
independent,0,6,33,flow_reuse,0.019098004885566587,0.01947375200688839,0.023589991964399815,0.5200887748138628,-18.186460404067418,0.9972920849329604,0.3686862022451183
independent,0,6,33,flow_toeplitz_r2,0.016642240584168078,0.017040902748703957,0.021029807440936566,0.5200887748138628,-18.186460404067418,0.9972920849329604,0.3686862022451183
independent,0,6,33,flow_rank8_oracle,0.015174368999038531,0.015398513525724411,0.01894684890285134,0.5200887748138628,-18.186460404067418,0.9972920849329604,0.3686862022451183
independent,1,6,33,raw_reuse,0.4672435809425583,0.46524861454963684,0.6222971856594086,0.5082029426924488,-1.9603148963435708,0.9991276178709606,0.35706677009604226
independent,1,6,33,shift_reuse,0.5082048414745322,0.50978022813797,0.603126460313797,0.5082029426924488,-1.9603148963435708,0.9991276178709606,0.35706677009604226
independent,1,6,33,shift_toeplitz_r2,0.43250557896708614,0.42973923683166504,0.5360107481479645,0.5082029426924488,-1.9603148963435708,0.9991276178709606,0.35706677009604226
independent,1,6,33,shift_circular_r2,0.43250557896708614,0.42973923683166504,0.5360107481479645,0.5082029426924488,-1.9603148963435708,0.9991276178709606,0.35706677009604226
independent,1,6,33,shift_rank8_feature,0.5361291476208334,0.5244883894920349,0.7259282082319259,0.5082029426924488,-1.9603148963435708,0.9991276178709606,0.35706677009604226
independent,1,6,33,shift_rank8_prev_flow,0.3564614683471799,0.3497363328933716,0.4578993424773216,0.5082029426924488,-1.9603148963435708,0.9991276178709606,0.35706677009604226
independent,1,6,33,shift_rank8_oracle,0.35639513003711865,0.34967219829559326,0.45775048583745953,0.5082029426924488,-1.9603148963435708,0.9991276178709606,0.35706677009604226
independent,1,6,33,flow_reuse,0.018517954424148244,0.018467124551534653,0.02271643644198775,0.5082029426924488,-1.9603148963435708,0.9991276178709606,0.35706677009604226
independent,1,6,33,flow_toeplitz_r2,0.01609413925150961,0.015982719138264656,0.020222708489745854,0.5082029426924488,-1.9603148963435708,0.9991276178709606,0.35706677009604226
independent,1,6,33,flow_rank8_oracle,0.014848273116430433,0.014777752570807934,0.018760043568909167,0.5082029426924488,-1.9603148963435708,0.9991276178709606,0.35706677009604226
independent,2,6,33,raw_reuse,0.48317757801180583,0.49881747364997864,0.7018245309591292,0.46195587610874145,-6.17154913934426,0.999589274429988,0.6250955776504454
independent,2,6,33,shift_reuse,0.5188068975582923,0.5240527391433716,0.6955803602933883,0.46195587610874145,-6.17154913934426,0.999589274429988,0.6250955776504454
independent,2,6,33,shift_toeplitz_r2,0.5562353737096555,0.5777186751365662,0.7844860851764678,0.46195587610874145,-6.17154913934426,0.999589274429988,0.6250955776504454
independent,2,6,33,shift_circular_r2,0.5562353737096555,0.5777186751365662,0.7844860851764678,0.46195587610874145,-6.17154913934426,0.999589274429988,0.6250955776504454
independent,2,6,33,shift_rank8_feature,0.7957533221931388,0.8280412554740906,1.269165188074112,0.46195587610874145,-6.17154913934426,0.999589274429988,0.6250955776504454
independent,2,6,33,shift_rank8_prev_flow,0.3805893231017935,0.3782254159450531,0.52095168530941,0.46195587610874145,-6.17154913934426,0.999589274429988,0.6250955776504454
independent,2,6,33,shift_rank8_oracle,0.3805525550517583,0.37818410992622375,0.5208997339010238,0.46195587610874145,-6.17154913934426,0.999589274429988,0.6250955776504454
independent,2,6,33,flow_reuse,0.03073463533128221,0.0325777642428875,0.04159208256751299,0.46195587610874145,-6.17154913934426,0.999589274429988,0.6250955776504454
independent,2,6,33,flow_toeplitz_r2,0.021731955799688077,0.022836068645119667,0.029652791935950516,0.46195587610874145,-6.17154913934426,0.999589274429988,0.6250955776504454
independent,2,6,33,flow_rank8_oracle,0.018818644850370627,0.01961761713027954,0.025020011793822048,0.46195587610874145,-6.17154913934426,0.999589274429988,0.6250955776504454
independent,3,6,33,raw_reuse,0.35428766949754725,0.39239779114723206,0.5420192003250122,0.49057935890887816,-12.8288595213217,0.9994100579306063,0.5380174768971645
independent,3,6,33,shift_reuse,0.42417380227271445,0.46599602699279785,0.622093266248703,0.49057935890887816,-12.8288595213217,0.9994100579306063,0.5380174768971645
independent,3,6,33,shift_toeplitz_r2,0.4060362364429445,0.46463051438331604,0.6838754028081894,0.49057935890887816,-12.8288595213217,0.9994100579306063,0.5380174768971645
independent,3,6,33,shift_circular_r2,0.4060362364429445,0.46463051438331604,0.6838754028081894,0.49057935890887816,-12.8288595213217,0.9994100579306063,0.5380174768971645
independent,3,6,33,shift_rank8_feature,0.8819621993875776,1.0443538427352905,2.0033858001232145,0.49057935890887816,-12.8288595213217,0.9994100579306063,0.5380174768971645
independent,3,6,33,shift_rank8_prev_flow,0.30279695243006444,0.3416794240474701,0.47472785562276837,0.49057935890887816,-12.8288595213217,0.9994100579306063,0.5380174768971645
independent,3,6,33,shift_rank8_oracle,0.30274857750196704,0.3416227400302887,0.47460545897483825,0.49057935890887816,-12.8288595213217,0.9994100579306063,0.5380174768971645
independent,3,6,33,flow_reuse,0.024778367094334914,0.02830038033425808,0.04193489365279674,0.49057935890887816,-12.8288595213217,0.9994100579306063,0.5380174768971645
independent,3,6,33,flow_toeplitz_r2,0.019211144249824046,0.021727101877331734,0.03091257382184267,0.49057935890887816,-12.8288595213217,0.9994100579306063,0.5380174768971645
independent,3,6,33,flow_rank8_oracle,0.01684168173317781,0.019375555217266083,0.02895632516592741,0.49057935890887816,-12.8288595213217,0.9994100579306063,0.5380174768971645
independent,4,6,33,raw_reuse,0.30528573486919125,0.35686564445495605,0.5446180820465087,0.5224668386000424,-8.2812976169856,0.9995462758306669,0.46900249464101607
independent,4,6,33,shift_reuse,0.3720946986552434,0.43958523869514465,0.6388537853956222,0.5224668386000424,-8.2812976169856,0.9995462758306669,0.46900249464101607
independent,4,6,33,shift_toeplitz_r2,0.3594673236506596,0.43358591198921204,0.6365626513957977,0.5224668386000424,-8.2812976169856,0.9995462758306669,0.46900249464101607
independent,4,6,33,shift_circular_r2,0.3594673236506596,0.43358591198921204,0.6365626513957977,0.5224668386000424,-8.2812976169856,0.9995462758306669,0.46900249464101607
independent,4,6,33,shift_rank8_feature,0.7099092465840894,0.8758254051208496,1.9225898087024687,0.5224668386000424,-8.2812976169856,0.9995462758306669,0.46900249464101607
independent,4,6,33,shift_rank8_prev_flow,0.2571731277933139,0.30693089962005615,0.4347095787525177,0.5224668386000424,-8.2812976169856,0.9995462758306669,0.46900249464101607
independent,4,6,33,shift_rank8_oracle,0.2571314805119848,0.30687978863716125,0.43466680198907853,0.5224668386000424,-8.2812976169856,0.9995462758306669,0.46900249464101607
independent,4,6,33,flow_reuse,0.01791056687912299,0.020637009292840958,0.02751654926687479,0.5224668386000424,-8.2812976169856,0.9995462758306669,0.46900249464101607
independent,4,6,33,flow_toeplitz_r2,0.01525583008142326,0.01748889498412609,0.02462071441113949,0.5224668386000424,-8.2812976169856,0.9995462758306669,0.46900249464101607
independent,4,6,33,flow_rank8_oracle,0.013051354079088874,0.015321328304708004,0.022391312662512063,0.5224668386000424,-8.2812976169856,0.9995462758306669,0.46900249464101607
independent,5,6,33,raw_reuse,0.3006728434294095,0.3147602379322052,0.48197686523199074,0.7126787255121962,-4.894315798179173,0.9996189593494641,0.6517182034351667
independent,5,6,33,shift_reuse,0.42735339522496857,0.4434090554714203,0.6771647721529006,0.7126787255121962,-4.894315798179173,0.9996189593494641,0.6517182034351667
independent,5,6,33,shift_toeplitz_r2,0.38792935038209914,0.4039151668548584,0.5997218996286392,0.7126787255121962,-4.894315798179173,0.9996189593494641,0.6517182034351667
independent,5,6,33,shift_circular_r2,0.38792935038209914,0.4039151668548584,0.5997218996286392,0.7126787255121962,-4.894315798179173,0.9996189593494641,0.6517182034351667
independent,5,6,33,shift_rank8_feature,0.7572761207583848,0.8466541171073914,1.5467109262943266,0.7126787255121962,-4.894315798179173,0.9996189593494641,0.6517182034351667
independent,5,6,33,shift_rank8_prev_flow,0.22914498321114635,0.24766087532043457,0.36437895596027375,0.7126787255121962,-4.894315798179173,0.9996189593494641,0.6517182034351667
independent,5,6,33,shift_rank8_oracle,0.22907149530759058,0.24758480489253998,0.36431560963392257,0.7126787255121962,-4.894315798179173,0.9996189593494641,0.6517182034351667
independent,5,6,33,flow_reuse,0.021345544054381417,0.023303836584091187,0.03305367063730955,0.7126787255121962,-4.894315798179173,0.9996189593494641,0.6517182034351667
independent,5,6,33,flow_toeplitz_r2,0.016574462416625472,0.017975272610783577,0.025060373079031705,0.7126787255121962,-4.894315798179173,0.9996189593494641,0.6517182034351667
independent,5,6,33,flow_rank8_oracle,0.0125971591616263,0.013812207616865635,0.021073563769459718,0.7126787255121962,-4.894315798179173,0.9996189593494641,0.6517182034351667
independent,6,6,33,raw_reuse,0.21025427413890493,0.19467300176620483,0.3423664808273315,0.8305364463255522,-3.465645141876484,0.9993698652637537,0.8935469855210241
independent,6,6,33,shift_reuse,0.4195326913002282,0.41899561882019043,0.574359992146492,0.8305364463255522,-3.465645141876484,0.9993698652637537,0.8935469855210241
independent,6,6,33,shift_toeplitz_r2,0.3162984459838969,0.3052516281604767,0.4887273848056793,0.8305364463255522,-3.465645141876484,0.9993698652637537,0.8935469855210241
independent,6,6,33,shift_circular_r2,0.3162984459838969,0.3052516281604767,0.4887273848056793,0.8305364463255522,-3.465645141876484,0.9993698652637537,0.8935469855210241
independent,6,6,33,shift_rank8_feature,0.5442920508609244,0.5351755023002625,0.919136172533035,0.8305364463255522,-3.465645141876484,0.9993698652637537,0.8935469855210241
independent,6,6,33,shift_rank8_prev_flow,0.17281342414741283,0.17043256759643555,0.25976181924343106,0.8305364463255522,-3.465645141876484,0.9993698652637537,0.8935469855210241
independent,6,6,33,shift_rank8_oracle,0.17270462289449076,0.1703258752822876,0.2597149878740311,0.8305364463255522,-3.465645141876484,0.9993698652637537,0.8935469855210241
independent,6,6,33,flow_reuse,0.030035133992036167,0.031043967232108116,0.03860542010515928,0.8305364463255522,-3.465645141876484,0.9993698652637537,0.8935469855210241
independent,6,6,33,flow_toeplitz_r2,0.01325080545097931,0.012544769793748856,0.018206432834267615,0.8305364463255522,-3.465645141876484,0.9993698652637537,0.8935469855210241
independent,6,6,33,flow_rank8_oracle,0.009799604665402565,0.009513872675597668,0.01254505580291152,0.8305364463255522,-3.465645141876484,0.9993698652637537,0.8935469855210241
independent,7,6,33,raw_reuse,0.10275958109017674,0.09705992788076401,0.16711718887090682,0.8244775067275277,-1.7718165458313027,0.9989030074484481,0.8610704511704302
independent,7,6,33,shift_reuse,0.18701596988049762,0.17847345769405365,0.29897838830947876,0.8244775067275277,-1.7718165458313027,0.9989030074484481,0.8610704511704302
independent,7,6,33,shift_toeplitz_r2,0.1650110366481167,0.1558438092470169,0.24761480465531346,0.8244775067275277,-1.7718165458313027,0.9989030074484481,0.8610704511704302
independent,7,6,33,shift_circular_r2,0.1650110366481167,0.1558438092470169,0.24761480465531346,0.8244775067275277,-1.7718165458313027,0.9989030074484481,0.8610704511704302
independent,7,6,33,shift_rank8_feature,0.24198643375850853,0.22783397138118744,0.3871105268597603,0.8244775067275277,-1.7718165458313027,0.9989030074484481,0.8610704511704302
independent,7,6,33,shift_rank8_prev_flow,0.07848337455476237,0.07423175126314163,0.1191296387463808,0.8244775067275277,-1.7718165458313027,0.9989030074484481,0.8610704511704302
independent,7,6,33,shift_rank8_oracle,0.07835109738479999,0.07409017533063889,0.11904056407511233,0.8244775067275277,-1.7718165458313027,0.9989030074484481,0.8610704511704302
independent,7,6,33,flow_reuse,0.014908062755730422,0.014907591976225376,0.019605464488267898,0.8244775067275277,-1.7718165458313027,0.9989030074484481,0.8610704511704302
independent,7,6,33,flow_toeplitz_r2,0.008847421851630696,0.008689392358064651,0.012939997250214219,0.8244775067275277,-1.7718165458313027,0.9989030074484481,0.8610704511704302
independent,7,6,33,flow_rank8_oracle,0.005556720146513131,0.005327312275767326,0.008084544306620955,0.8244775067275277,-1.7718165458313027,0.9989030074484481,0.8610704511704302
independent,0,7,22,raw_reuse,0.5432640171038684,0.54515141248703,0.869630753993988,0.5415951053559261,-18.00786649840433,0.9957827052611885,0.37038809764377867
independent,0,7,22,shift_reuse,0.5651355562357957,0.5832279920578003,0.9475215315818784,0.5415951053559261,-18.00786649840433,0.9957827052611885,0.37038809764377867
independent,0,7,22,shift_toeplitz_r2,0.5450949090762324,0.5559462904930115,0.9676619529724118,0.5415951053559261,-18.00786649840433,0.9957827052611885,0.37038809764377867
independent,0,7,22,shift_circular_r2,0.5450949090762324,0.5559462904930115,0.9676619529724118,0.5415951053559261,-18.00786649840433,0.9957827052611885,0.37038809764377867
independent,0,7,22,shift_rank8_feature,1.5555047507678672,1.5303205251693726,3.0090714812278745,0.5415951053559261,-18.00786649840433,0.9957827052611885,0.37038809764377867
independent,0,7,22,shift_rank8_prev_flow,0.38328694574257743,0.38260316848754883,0.6364171057939529,0.5415951053559261,-18.00786649840433,0.9957827052611885,0.37038809764377867
independent,0,7,22,shift_rank8_oracle,0.3826284473371226,0.3818257749080658,0.6361059665679931,0.5415951053559261,-18.00786649840433,0.9957827052611885,0.37038809764377867
independent,0,7,22,flow_reuse,0.02954265109786561,0.030452175065875053,0.03590483386069536,0.5415951053559261,-18.00786649840433,0.9957827052611885,0.37038809764377867
independent,0,7,22,flow_toeplitz_r2,0.025092739091175244,0.02593768574297428,0.031752471998333934,0.5415951053559261,-18.00786649840433,0.9957827052611885,0.37038809764377867
independent,0,7,22,flow_rank8_oracle,0.023441528705604987,0.024097271263599396,0.02951706042513251,0.5415951053559261,-18.00786649840433,0.9957827052611885,0.37038809764377867
independent,1,7,22,raw_reuse,0.4344149984616467,0.4322473108768463,0.5864151149988175,0.5443462655883371,-1.5312144449875933,0.998923017614394,0.302435492105968
independent,1,7,22,shift_reuse,0.5055604000826565,0.5072906613349915,0.5888528883457184,0.5443462655883371,-1.5312144449875933,0.998923017614394,0.302435492105968
independent,1,7,22,shift_toeplitz_r2,0.41173311075220004,0.41138461232185364,0.49763631224632265,0.5443462655883371,-1.5312144449875933,0.998923017614394,0.302435492105968
independent,1,7,22,shift_circular_r2,0.41173311075220004,0.41138461232185364,0.49763631224632265,0.5443462655883371,-1.5312144449875933,0.998923017614394,0.302435492105968
independent,1,7,22,shift_rank8_feature,0.5042118245800338,0.4947143793106079,0.6983387172222137,0.5443462655883371,-1.5312144449875933,0.998923017614394,0.302435492105968
independent,1,7,22,shift_rank8_prev_flow,0.3413499025873633,0.3374708890914917,0.43903290033340453,0.5443462655883371,-1.5312144449875933,0.998923017614394,0.302435492105968
independent,1,7,22,shift_rank8_oracle,0.34126403061255195,0.3373853266239166,0.4389909848570823,0.5443462655883371,-1.5312144449875933,0.998923017614394,0.302435492105968
independent,1,7,22,flow_reuse,0.02308696044534663,0.022922733798623085,0.02842509364709258,0.5443462655883371,-1.5312144449875933,0.998923017614394,0.302435492105968
independent,1,7,22,flow_toeplitz_r2,0.020402307773656734,0.020196927711367607,0.025865898374468087,0.5443462655883371,-1.5312144449875933,0.998923017614394,0.302435492105968
independent,1,7,22,flow_rank8_oracle,0.019282304936755094,0.019062282517552376,0.0245125119574368,0.5443462655883371,-1.5312144449875933,0.998923017614394,0.302435492105968
independent,2,7,22,raw_reuse,0.4707936737996698,0.49371978640556335,0.6729357540607451,0.49555801404972255,-5.4200088036686855,0.9992339682002865,0.4896199344366662
independent,2,7,22,shift_reuse,0.5255301380837506,0.5400707721710205,0.7015617281198502,0.49555801404972255,-5.4200088036686855,0.9992339682002865,0.4896199344366662
independent,2,7,22,shift_toeplitz_r2,0.5638384351557189,0.6062705516815186,0.8550831854343414,0.49555801404972255,-5.4200088036686855,0.9992339682002865,0.4896199344366662
independent,2,7,22,shift_circular_r2,0.5638384351557189,0.6062705516815186,0.8550831854343414,0.49555801404972255,-5.4200088036686855,0.9992339682002865,0.4896199344366662
independent,2,7,22,shift_rank8_feature,0.7881892070167327,0.8417877554893494,1.4371074497699736,0.49555801404972255,-5.4200088036686855,0.9992339682002865,0.4896199344366662
independent,2,7,22,shift_rank8_prev_flow,0.373329917299991,0.38245320320129395,0.510593232512474,0.49555801404972255,-5.4200088036686855,0.9992339682002865,0.4896199344366662
independent,2,7,22,shift_rank8_oracle,0.37325289529692945,0.3823660910129547,0.5105044767260551,0.49555801404972255,-5.4200088036686855,0.9992339682002865,0.4896199344366662
independent,2,7,22,flow_reuse,0.037207013446220065,0.039867475628852844,0.0525775222107768,0.49555801404972255,-5.4200088036686855,0.9992339682002865,0.4896199344366662
independent,2,7,22,flow_toeplitz_r2,0.030449384971716804,0.03260982781648636,0.04050196651369333,0.49555801404972255,-5.4200088036686855,0.9992339682002865,0.4896199344366662
independent,2,7,22,flow_rank8_oracle,0.02658102126623002,0.02827085554599762,0.03626483026891947,0.49555801404972255,-5.4200088036686855,0.9992339682002865,0.4896199344366662
independent,3,7,22,raw_reuse,0.3465312623257622,0.3968280851840973,0.5534100532531738,0.4860591618411584,-10.744971415740176,0.9991408554907415,0.4671706688123163
independent,3,7,22,shift_reuse,0.39609566281916453,0.4527333974838257,0.6600224316120147,0.4860591618411584,-10.744971415740176,0.9991408554907415,0.4671706688123163
independent,3,7,22,shift_toeplitz_r2,0.3853073336440327,0.4641568660736084,0.6897703170776367,0.4860591618411584,-10.744971415740176,0.9991408554907415,0.4671706688123163
independent,3,7,22,shift_circular_r2,0.3853073336440327,0.4641568660736084,0.6897703170776367,0.4860591618411584,-10.744971415740176,0.9991408554907415,0.4671706688123163
independent,3,7,22,shift_rank8_feature,0.801700769499819,1.0049471855163574,2.0172730326652526,0.4860591618411584,-10.744971415740176,0.9991408554907415,0.4671706688123163
independent,3,7,22,shift_rank8_prev_flow,0.28403204722116576,0.33547940850257874,0.48978616446256634,0.4860591618411584,-10.744971415740176,0.9991408554907415,0.4671706688123163
independent,3,7,22,shift_rank8_oracle,0.2839596624228804,0.3353913128376007,0.48963279873132703,0.4860591618411584,-10.744971415740176,0.9991408554907415,0.4671706688123163
independent,3,7,22,flow_reuse,0.027526812317671498,0.03110566921532154,0.043045712821185585,0.4860591618411584,-10.744971415740176,0.9991408554907415,0.4671706688123163
independent,3,7,22,flow_toeplitz_r2,0.023539739893802893,0.026795679703354836,0.038050352968275546,0.4860591618411584,-10.744971415740176,0.9991408554907415,0.4671706688123163
independent,3,7,22,flow_rank8_oracle,0.020093240559277938,0.023482656106352806,0.033982766605913636,0.4860591618411584,-10.744971415740176,0.9991408554907415,0.4671706688123163
independent,4,7,22,raw_reuse,0.3000512025324526,0.3565079867839813,0.5820429980754852,0.5330087574331921,-5.969657897262825,0.9992401787075346,0.4586558727150917
independent,4,7,22,shift_reuse,0.3534138913968709,0.4261603057384491,0.5925202935934066,0.5330087574331921,-5.969657897262825,0.9992401787075346,0.4586558727150917
independent,4,7,22,shift_toeplitz_r2,0.3436511723925796,0.4255239963531494,0.617752343416214,0.5330087574331921,-5.969657897262825,0.9992401787075346,0.4586558727150917
independent,4,7,22,shift_circular_r2,0.3436511723925796,0.4255239963531494,0.617752343416214,0.5330087574331921,-5.969657897262825,0.9992401787075346,0.4586558727150917
independent,4,7,22,shift_rank8_feature,0.6252252669075177,0.8109443783760071,1.8866667866706845,0.5330087574331921,-5.969657897262825,0.9992401787075346,0.4586558727150917
independent,4,7,22,shift_rank8_prev_flow,0.24158665720168768,0.296142578125,0.43360365033149717,0.5330087574331921,-5.969657897262825,0.9992401787075346,0.4586558727150917
independent,4,7,22,shift_rank8_oracle,0.2415115939365965,0.2960491180419922,0.43354190438985823,0.5330087574331921,-5.969657897262825,0.9992401787075346,0.4586558727150917
independent,4,7,22,flow_reuse,0.022633937364585254,0.026396706700325012,0.03725158832967281,0.5330087574331921,-5.969657897262825,0.9992401787075346,0.4586558727150917
independent,4,7,22,flow_toeplitz_r2,0.020056755165088393,0.02321549504995346,0.03303319364786148,0.5330087574331921,-5.969657897262825,0.9992401787075346,0.4586558727150917
independent,4,7,22,flow_rank8_oracle,0.016653165138301822,0.019784454256296158,0.029246853943914176,0.5330087574331921,-5.969657897262825,0.9992401787075346,0.4586558727150917
independent,5,7,22,raw_reuse,0.3112324978427148,0.3218134939670563,0.4929031819105148,0.7185598323378888,-3.6909748651497427,0.9992513276384218,0.5807895720462215
independent,5,7,22,shift_reuse,0.41560505518421675,0.4335823953151703,0.6819309681653976,0.7185598323378888,-3.6909748651497427,0.9992513276384218,0.5807895720462215
independent,5,7,22,shift_toeplitz_r2,0.38854477394282844,0.40989479422569275,0.6680376619100571,0.7185598323378888,-3.6909748651497427,0.9992513276384218,0.5807895720462215
independent,5,7,22,shift_circular_r2,0.38854477394282844,0.40989479422569275,0.6680376619100571,0.7185598323378888,-3.6909748651497427,0.9992513276384218,0.5807895720462215
independent,5,7,22,shift_rank8_feature,0.7020756990302747,0.8077161908149719,1.426372158527374,0.7185598323378888,-3.6909748651497427,0.9992513276384218,0.5807895720462215
independent,5,7,22,shift_rank8_prev_flow,0.22064312193630417,0.2438267469406128,0.33874903321266175,0.7185598323378888,-3.6909748651497427,0.9992513276384218,0.5807895720462215
independent,5,7,22,shift_rank8_oracle,0.22048236659539303,0.24367445707321167,0.338445283472538,0.7185598323378888,-3.6909748651497427,0.9992513276384218,0.5807895720462215
independent,5,7,22,flow_reuse,0.025706794487813475,0.02807772345840931,0.04266258813440799,0.7185598323378888,-3.6909748651497427,0.9992513276384218,0.5807895720462215
independent,5,7,22,flow_toeplitz_r2,0.021890489446910594,0.02393685281276703,0.037451483123004434,0.7185598323378888,-3.6909748651497427,0.9992513276384218,0.5807895720462215
independent,5,7,22,flow_rank8_oracle,0.01664424105858751,0.018391141667962074,0.02961989091709256,0.7185598323378888,-3.6909748651497427,0.9992513276384218,0.5807895720462215
independent,6,7,22,raw_reuse,0.2730650545471824,0.261642724275589,0.5356131732463836,0.7970953366741064,-2.9344923021370874,0.9984584859535616,0.8565035409957268
independent,6,7,22,shift_reuse,0.46856866003137,0.49879178404808044,0.8049256592988967,0.7970953366741064,-2.9344923021370874,0.9984584859535616,0.8565035409957268
independent,6,7,22,shift_toeplitz_r2,0.395148489976334,0.4054062068462372,0.7095936208963393,0.7970953366741064,-2.9344923021370874,0.9984584859535616,0.8565035409957268
independent,6,7,22,shift_circular_r2,0.395148489976334,0.4054062068462372,0.7095936208963393,0.7970953366741064,-2.9344923021370874,0.9984584859535616,0.8565035409957268
independent,6,7,22,shift_rank8_feature,0.656498125021009,0.7024653553962708,1.2465927779674528,0.7970953366741064,-2.9344923021370874,0.9984584859535616,0.8565035409957268
independent,6,7,22,shift_rank8_prev_flow,0.2114248363766206,0.22351960837841034,0.3606653049588203,0.7970953366741064,-2.9344923021370874,0.9984584859535616,0.8565035409957268
independent,6,7,22,shift_rank8_oracle,0.2110664724801656,0.22320611774921417,0.36030239313840867,0.7970953366741064,-2.9344923021370874,0.9984584859535616,0.8565035409957268
independent,6,7,22,flow_reuse,0.042717512176535244,0.047881852835416794,0.06263187732547522,0.7970953366741064,-2.9344923021370874,0.9984584859535616,0.8565035409957268
independent,6,7,22,flow_toeplitz_r2,0.022326048506392325,0.02215438149869442,0.028673546761274336,0.7970953366741064,-2.9344923021370874,0.9984584859535616,0.8565035409957268
independent,6,7,22,flow_rank8_oracle,0.016181790559501162,0.01585291139781475,0.02143651135265827,0.7970953366741064,-2.9344923021370874,0.9984584859535616,0.8565035409957268
independent,7,7,22,raw_reuse,0.11813817931603363,0.11087360233068466,0.2069818831980228,0.8368741737420641,-1.5218386890535958,0.9983078612895487,0.9115808163392931
independent,7,7,22,shift_reuse,0.22296471474406315,0.21382801234722137,0.3419637128710747,0.8368741737420641,-1.5218386890535958,0.9983078612895487,0.9115808163392931
independent,7,7,22,shift_toeplitz_r2,0.1952995885620005,0.18400877714157104,0.3023716613650322,0.8368741737420641,-1.5218386890535958,0.9983078612895487,0.9115808163392931
independent,7,7,22,shift_circular_r2,0.1952995885620005,0.18400877714157104,0.3023716613650322,0.8368741737420641,-1.5218386890535958,0.9983078612895487,0.9115808163392931
independent,7,7,22,shift_rank8_feature,0.27599431439936617,0.2624955177307129,0.4465749070048332,0.8368741737420641,-1.5218386890535958,0.9983078612895487,0.9115808163392931
independent,7,7,22,shift_rank8_prev_flow,0.0903060764157414,0.08512427657842636,0.1359960727393627,0.8368741737420641,-1.5218386890535958,0.9983078612895487,0.9115808163392931
independent,7,7,22,shift_rank8_oracle,0.09005285819666398,0.08485057950019836,0.13509021699428558,0.8368741737420641,-1.5218386890535958,0.9983078612895487,0.9115808163392931
independent,7,7,22,flow_reuse,0.028853100200478224,0.029103627428412437,0.03898149039596319,0.8368741737420641,-1.5218386890535958,0.9983078612895487,0.9115808163392931
independent,7,7,22,flow_toeplitz_r2,0.012426253203559232,0.011850719340145588,0.020833208691328764,0.8368741737420641,-1.5218386890535958,0.9983078612895487,0.9115808163392931
independent,7,7,22,flow_rank8_oracle,0.008579574197151982,0.008180161006748676,0.013214660668745637,0.8368741737420641,-1.5218386890535958,0.9983078612895487,0.9115808163392931
independent,0,8,11,raw_reuse,0.4586618632958733,0.46695080399513245,0.7156890451908111,0.6480770567759087,-1.1517168977842913,0.9957169153980477,0.34399752574099873
independent,0,8,11,shift_reuse,0.5025771810728972,0.5359569191932678,0.8632926970720289,0.6480770567759087,-1.1517168977842913,0.9957169153980477,0.34399752574099873
independent,0,8,11,shift_toeplitz_r2,0.43654733128469414,0.45406031608581543,0.8140012621879575,0.6480770567759087,-1.1517168977842913,0.9957169153980477,0.34399752574099873
independent,0,8,11,shift_circular_r2,0.43654733128469414,0.45406031608581543,0.8140012621879575,0.6480770567759087,-1.1517168977842913,0.9957169153980477,0.34399752574099873
independent,0,8,11,shift_rank8_feature,0.5278848386713082,0.5431128144264221,0.9221490263938903,0.6480770567759087,-1.1517168977842913,0.9957169153980477,0.34399752574099873
independent,0,8,11,shift_rank8_prev_flow,0.2987771416776214,0.30228281021118164,0.5253192543983459,0.6480770567759087,-1.1517168977842913,0.9957169153980477,0.34399752574099873
independent,0,8,11,shift_rank8_oracle,0.29814429998810527,0.3014635145664215,0.5247919380664825,0.6480770567759087,-1.1517168977842913,0.9957169153980477,0.34399752574099873
independent,0,8,11,flow_reuse,0.049431242499321806,0.0522964783012867,0.0676460150629282,0.6480770567759087,-1.1517168977842913,0.9957169153980477,0.34399752574099873
independent,0,8,11,flow_toeplitz_r2,0.04132704891622076,0.04343678057193756,0.05575729515403509,0.6480770567759087,-1.1517168977842913,0.9957169153980477,0.34399752574099873
independent,0,8,11,flow_rank8_oracle,0.04003633049993604,0.041960954666137695,0.05581702906638383,0.6480770567759087,-1.1517168977842913,0.9957169153980477,0.34399752574099873
independent,1,8,11,raw_reuse,0.36210573967115267,0.35693153738975525,0.5150481075048446,0.5922625346346441,-0.23131035829113067,0.9971987926847573,0.2344183729247571
independent,1,8,11,shift_reuse,0.47567567617187845,0.47729000449180603,0.5553392857313156,0.5922625346346441,-0.23131035829113067,0.9971987926847573,0.2344183729247571
independent,1,8,11,shift_toeplitz_r2,0.3357953002618609,0.33321717381477356,0.4229690000414848,0.5922625346346441,-0.23131035829113067,0.9971987926847573,0.2344183729247571
independent,1,8,11,shift_circular_r2,0.3357953002618609,0.33321717381477356,0.4229690000414848,0.5922625346346441,-0.23131035829113067,0.9971987926847573,0.2344183729247571
independent,1,8,11,shift_rank8_feature,0.3953989633043948,0.3890936076641083,0.5823487818241119,0.5922625346346441,-0.23131035829113067,0.9971987926847573,0.2344183729247571
independent,1,8,11,shift_rank8_prev_flow,0.303979385303238,0.30099356174468994,0.40589186549186707,0.5922625346346441,-0.23131035829113067,0.9971987926847573,0.2344183729247571
independent,1,8,11,shift_rank8_oracle,0.3037394859679366,0.30074572563171387,0.4056423604488373,0.5922625346346441,-0.23131035829113067,0.9971987926847573,0.2344183729247571
independent,1,8,11,flow_reuse,0.03765529121545519,0.03778548166155815,0.04917439166456461,0.5922625346346441,-0.23131035829113067,0.9971987926847573,0.2344183729247571
independent,1,8,11,flow_toeplitz_r2,0.03509669519081975,0.03520183265209198,0.044313401915133,0.5922625346346441,-0.23131035829113067,0.9971987926847573,0.2344183729247571
independent,1,8,11,flow_rank8_oracle,0.03294744270674477,0.033010099083185196,0.042342585697770115,0.5922625346346441,-0.23131035829113067,0.9971987926847573,0.2344183729247571
independent,2,8,11,raw_reuse,0.4107698334465319,0.43058153986930847,0.6289233714342116,0.4867063673199292,-1.2989688964517958,0.9962770633360882,0.2604165221938993
independent,2,8,11,shift_reuse,0.5022591136296868,0.5189464092254639,0.632216066122055,0.4867063673199292,-1.2989688964517958,0.9962770633360882,0.2604165221938993
independent,2,8,11,shift_toeplitz_r2,0.4658628737105479,0.496115118265152,0.6513709485530853,0.4867063673199292,-1.2989688964517958,0.9962770633360882,0.2604165221938993
independent,2,8,11,shift_circular_r2,0.4658628737105479,0.496115118265152,0.6513709485530853,0.4867063673199292,-1.2989688964517958,0.9962770633360882,0.2604165221938993
independent,2,8,11,shift_rank8_feature,0.533887486362063,0.5782310962677002,0.9101659119129181,0.4867063673199292,-1.2989688964517958,0.9962770633360882,0.2604165221938993
independent,2,8,11,shift_rank8_prev_flow,0.36019092841135414,0.3779371678829193,0.49154276996850965,0.4867063673199292,-1.2989688964517958,0.9962770633360882,0.2604165221938993
independent,2,8,11,shift_rank8_oracle,0.3598410988952511,0.3775458335876465,0.49137337803840636,0.4867063673199292,-1.2989688964517958,0.9962770633360882,0.2604165221938993
independent,2,8,11,flow_reuse,0.05134238475721157,0.05537593737244606,0.07070198766887187,0.4867063673199292,-1.2989688964517958,0.9962770633360882,0.2604165221938993
independent,2,8,11,flow_toeplitz_r2,0.05994383622911745,0.06628056615591049,0.08487150818109512,0.4867063673199292,-1.2989688964517958,0.9962770633360882,0.2604165221938993
independent,2,8,11,flow_rank8_oracle,0.044153957697265246,0.047866832464933395,0.061705755256116386,0.4867063673199292,-1.2989688964517958,0.9962770633360882,0.2604165221938993
independent,3,8,11,raw_reuse,0.32952285417402927,0.38134530186653137,0.5988289952278137,0.43339361327568604,-5.960325219635085,0.9957487158809661,0.20610637730840642
independent,3,8,11,shift_reuse,0.35884210672611516,0.4212648868560791,0.6197973549365997,0.43339361327568604,-5.960325219635085,0.9957487158809661,0.20610637730840642
independent,3,8,11,shift_toeplitz_r2,0.3484667220022049,0.427260160446167,0.6691961467266082,0.43339361327568604,-5.960325219635085,0.9957487158809661,0.20610637730840642
independent,3,8,11,shift_circular_r2,0.3484667220022049,0.427260160446167,0.6691961467266082,0.43339361327568604,-5.960325219635085,0.9957487158809661,0.20610637730840642
independent,3,8,11,shift_rank8_feature,0.5899833210878002,0.7560765147209167,1.495121425390243,0.43339361327568604,-5.960325219635085,0.9957487158809661,0.20610637730840642
independent,3,8,11,shift_rank8_prev_flow,0.270423024910685,0.32806459069252014,0.48434755653142925,0.43339361327568604,-5.960325219635085,0.9957487158809661,0.20610637730840642
independent,3,8,11,shift_rank8_oracle,0.27011215666241223,0.3276580572128296,0.48380310535430904,0.43339361327568604,-5.960325219635085,0.9957487158809661,0.20610637730840642
independent,3,8,11,flow_reuse,0.036744418182057856,0.04328720644116402,0.06385333985090255,0.43339361327568604,-5.960325219635085,0.9957487158809661,0.20610637730840642
independent,3,8,11,flow_toeplitz_r2,0.052126038665504436,0.06618934869766235,0.10687230192124843,0.43339361327568604,-5.960325219635085,0.9957487158809661,0.20610637730840642
independent,3,8,11,flow_rank8_oracle,0.0327395368760924,0.03886069357395172,0.0594046488404274,0.43339361327568604,-5.960325219635085,0.9957487158809661,0.20610637730840642
independent,4,8,11,raw_reuse,0.29527646934590235,0.3516941964626312,0.5999049663543701,0.5073589424075291,-5.890139431034689,0.9962927466879001,0.25507029694294003
independent,4,8,11,shift_reuse,0.34703488262117865,0.41665974259376526,0.6633554965257644,0.5073589424075291,-5.890139431034689,0.9962927466879001,0.25507029694294003
independent,4,8,11,shift_toeplitz_r2,0.3515454512008929,0.438580185174942,0.6753445237874984,0.5073589424075291,-5.890139431034689,0.9962927466879001,0.25507029694294003
independent,4,8,11,shift_circular_r2,0.3515454512008929,0.438580185174942,0.6753445237874984,0.5073589424075291,-5.890139431034689,0.9962927466879001,0.25507029694294003
independent,4,8,11,shift_rank8_feature,0.6314144808483775,0.8471369743347168,2.0009258747100827,0.5073589424075291,-5.890139431034689,0.9962927466879001,0.25507029694294003
independent,4,8,11,shift_rank8_prev_flow,0.24395272655837844,0.29668936133384705,0.41326259523630143,0.5073589424075291,-5.890139431034689,0.9962927466879001,0.25507029694294003
independent,4,8,11,shift_rank8_oracle,0.24357820884348444,0.2961384057998657,0.4123702675104141,0.5073589424075291,-5.890139431034689,0.9962927466879001,0.25507029694294003
independent,4,8,11,flow_reuse,0.033475674288071244,0.04065508395433426,0.0626692472025752,0.5073589424075291,-5.890139431034689,0.9962927466879001,0.25507029694294003
independent,4,8,11,flow_toeplitz_r2,0.04965026791736972,0.0656975507736206,0.11440531387925147,0.5073589424075291,-5.890139431034689,0.9962927466879001,0.25507029694294003
independent,4,8,11,flow_rank8_oracle,0.028892623569370366,0.035840097814798355,0.05706252865493298,0.5073589424075291,-5.890139431034689,0.9962927466879001,0.25507029694294003
independent,5,8,11,raw_reuse,0.32294918168961095,0.32202520966529846,0.4590680286288261,0.6492461016709704,-1.8832800694637024,0.9976473090402557,0.35628660704679194
independent,5,8,11,shift_reuse,0.3953304385426665,0.4104640781879425,0.6436206609010695,0.6492461016709704,-1.8832800694637024,0.9976473090402557,0.35628660704679194
independent,5,8,11,shift_toeplitz_r2,0.39478800599180736,0.42567315697669983,0.6402285933494568,0.6492461016709704,-1.8832800694637024,0.9976473090402557,0.35628660704679194
independent,5,8,11,shift_circular_r2,0.39478800599180736,0.42567315697669983,0.6402285933494568,0.6492461016709704,-1.8832800694637024,0.9976473090402557,0.35628660704679194
independent,5,8,11,shift_rank8_feature,0.5483158978391011,0.655035674571991,1.1853921353816985,0.6492461016709704,-1.8832800694637024,0.9976473090402557,0.35628660704679194
independent,5,8,11,shift_rank8_prev_flow,0.2345603727068354,0.2569648027420044,0.35590399503707887,0.6492461016709704,-1.8832800694637024,0.9976473090402557,0.35628660704679194
independent,5,8,11,shift_rank8_oracle,0.23413239490724935,0.25644445419311523,0.35485955625772475,0.6492461016709704,-1.8832800694637024,0.9976473090402557,0.35628660704679194
independent,5,8,11,flow_reuse,0.03654010020712864,0.041090819984674454,0.06631752271205185,0.6492461016709704,-1.8832800694637024,0.9976473090402557,0.35628660704679194
independent,5,8,11,flow_toeplitz_r2,0.05357221876357256,0.06589340418577194,0.10668435730040074,0.6492461016709704,-1.8832800694637024,0.9976473090402557,0.35628660704679194
independent,5,8,11,flow_rank8_oracle,0.029316762352254815,0.03379123657941818,0.05398879665881395,0.6492461016709704,-1.8832800694637024,0.9976473090402557,0.35628660704679194
independent,6,8,11,raw_reuse,0.3418370587645379,0.39570149779319763,0.9875778138637542,0.7100045542324985,-3.527333976977207,0.9960847469320713,0.70700285733536
independent,6,8,11,shift_reuse,0.45796352452953815,0.5903798937797546,1.0104589343070984,0.7100045542324985,-3.527333976977207,0.9960847469320713,0.70700285733536
independent,6,8,11,shift_toeplitz_r2,0.45357656412273395,0.616475522518158,0.9443940043449401,0.7100045542324985,-3.527333976977207,0.9960847469320713,0.70700285733536
independent,6,8,11,shift_circular_r2,0.45357656412273395,0.616475522518158,0.9443940043449401,0.7100045542324985,-3.527333976977207,0.9960847469320713,0.70700285733536
independent,6,8,11,shift_rank8_feature,0.7791308307185396,1.0723609924316406,2.0701492846012113,0.7100045542324985,-3.527333976977207,0.9960847469320713,0.70700285733536
independent,6,8,11,shift_rank8_prev_flow,0.24757482204214235,0.3262195289134979,0.5505321741104126,0.7100045542324985,-3.527333976977207,0.9960847469320713,0.70700285733536
independent,6,8,11,shift_rank8_oracle,0.24661896901899477,0.3247562646865845,0.5470201730728149,0.7100045542324985,-3.527333976977207,0.9960847469320713,0.70700285733536
independent,6,8,11,flow_reuse,0.059383024414500586,0.0835065022110939,0.13597355484962462,0.7100045542324985,-3.527333976977207,0.9960847469320713,0.70700285733536
independent,6,8,11,flow_toeplitz_r2,0.049485863567455594,0.06867623329162598,0.10304149799048899,0.7100045542324985,-3.527333976977207,0.9960847469320713,0.70700285733536
independent,6,8,11,flow_rank8_oracle,0.03214356227174334,0.04095042869448662,0.054318342544138434,0.7100045542324985,-3.527333976977207,0.9960847469320713,0.70700285733536
independent,7,8,11,raw_reuse,0.21936657875855878,0.20868664979934692,0.41071356534957876,0.7723272117453321,-1.635228374229654,0.9855037845765241,0.937215185960849
independent,7,8,11,shift_reuse,0.3552302357189695,0.333987832069397,0.6005427330732346,0.7723272117453321,-1.635228374229654,0.9855037845765241,0.937215185960849
independent,7,8,11,shift_toeplitz_r2,0.3746553589572092,0.3724621534347534,0.5580678790807724,0.7723272117453321,-1.635228374229654,0.9855037845765241,0.937215185960849
independent,7,8,11,shift_circular_r2,0.3746553589572092,0.3724621534347534,0.5580678790807724,0.7723272117453321,-1.635228374229654,0.9855037845765241,0.937215185960849
independent,7,8,11,shift_rank8_feature,0.4813054698394715,0.4843270480632782,0.8556560128927231,0.7723272117453321,-1.635228374229654,0.9855037845765241,0.937215185960849
independent,7,8,11,shift_rank8_prev_flow,0.17275985618836873,0.16439534723758698,0.28283963203430174,0.7723272117453321,-1.635228374229654,0.9855037845765241,0.937215185960849
independent,7,8,11,shift_rank8_oracle,0.16949835479476152,0.16068251430988312,0.28140226453542705,0.7723272117453321,-1.635228374229654,0.9855037845765241,0.937215185960849
independent,7,8,11,flow_reuse,0.10552740069974292,0.11057644337415695,0.16500720009207726,0.7723272117453321,-1.635228374229654,0.9855037845765241,0.937215185960849
independent,7,8,11,flow_toeplitz_r2,0.1361232358282909,0.14364640414714813,0.1855066142976284,0.7723272117453321,-1.635228374229654,0.9855037845765241,0.937215185960849
independent,7,8,11,flow_rank8_oracle,0.0264418932187503,0.0252224188297987,0.04534768797457218,0.7723272117453321,-1.635228374229654,0.9855037845765241,0.937215185960849
independent,0,9,0,raw_reuse,0.29673840734376183,0.29033344984054565,0.5444410294294357,0.9453821993515434,0.8095359519122687,0.9668930194095666,0.2920152133568692
independent,0,9,0,shift_reuse,0.3759696794119433,0.4279418885707855,0.6250950992107391,0.9453821993515434,0.8095359519122687,0.9668930194095666,0.2920152133568692
independent,0,9,0,shift_toeplitz_r2,0.18221061072016298,0.20188558101654053,0.2883614957332611,0.9453821993515434,0.8095359519122687,0.9668930194095666,0.2920152133568692
independent,0,9,0,shift_circular_r2,0.18221061072016298,0.20188558101654053,0.2883614957332611,0.9453821993515434,0.8095359519122687,0.9668930194095666,0.2920152133568692
independent,0,9,0,shift_rank8_feature,0.11588670758823527,0.1267329901456833,0.2120080977678299,0.9453821993515434,0.8095359519122687,0.9668930194095666,0.2920152133568692
independent,0,9,0,shift_rank8_prev_flow,0.09334244535674702,0.10331892967224121,0.1662502847611904,0.9453821993515434,0.8095359519122687,0.9668930194095666,0.2920152133568692
independent,0,9,0,shift_rank8_oracle,0.08786581183671625,0.09625185281038284,0.15900368243455884,0.9453821993515434,0.8095359519122687,0.9668930194095666,0.2920152133568692
independent,0,9,0,flow_reuse,0.07451358694306451,0.08331050723791122,0.11672701872885227,0.9453821993515434,0.8095359519122687,0.9668930194095666,0.2920152133568692
independent,0,9,0,flow_toeplitz_r2,0.06230404816496707,0.06865260750055313,0.09381216242909432,0.9453821993515434,0.8095359519122687,0.9668930194095666,0.2920152133568692
independent,0,9,0,flow_rank8_oracle,0.06269709702819262,0.0690794289112091,0.10198329836130142,0.9453821993515434,0.8095359519122687,0.9668930194095666,0.2920152133568692
independent,1,9,0,raw_reuse,0.23650659823808343,0.21936829388141632,0.42509417831897733,0.8656501604088276,0.886319338422582,0.9922452327979506,0.29914799480297527
independent,1,9,0,shift_reuse,0.4161122776715952,0.4174002408981323,0.5008202716708183,0.8656501604088276,0.886319338422582,0.9922452327979506,0.29914799480297527
independent,1,9,0,shift_toeplitz_r2,0.25804958709394427,0.2552089989185333,0.32038253396749494,0.8656501604088276,0.886319338422582,0.9922452327979506,0.29914799480297527
independent,1,9,0,shift_circular_r2,0.25804958709394427,0.2552089989185333,0.32038253396749494,0.8656501604088276,0.886319338422582,0.9922452327979506,0.29914799480297527
independent,1,9,0,shift_rank8_feature,0.1722697444788148,0.17073212563991547,0.23407270982861517,0.8656501604088276,0.886319338422582,0.9922452327979506,0.29914799480297527
independent,1,9,0,shift_rank8_prev_flow,0.1539485055850741,0.15290984511375427,0.20603742897510527,0.8656501604088276,0.886319338422582,0.9922452327979506,0.29914799480297527
independent,1,9,0,shift_rank8_oracle,0.1525208111284005,0.15129689872264862,0.2049770765006542,0.8656501604088276,0.886319338422582,0.9922452327979506,0.29914799480297527
independent,1,9,0,flow_reuse,0.08669694828643426,0.08688905090093613,0.1154602512717247,0.8656501604088276,0.886319338422582,0.9922452327979506,0.29914799480297527
independent,1,9,0,flow_toeplitz_r2,0.06571831151695366,0.06567985564470291,0.08347724340856075,0.8656501604088276,0.886319338422582,0.9922452327979506,0.29914799480297527
independent,1,9,0,flow_rank8_oracle,0.072579993028816,0.07270824909210205,0.09668453224003315,0.8656501604088276,0.886319338422582,0.9922452327979506,0.29914799480297527
independent,2,9,0,raw_reuse,0.3134300665475438,0.2935529053211212,0.4899094611406326,0.7084463249855915,0.7573508163433668,0.9921662325450743,0.4998766337902171
independent,2,9,0,shift_reuse,0.4249091503633178,0.42399635910987854,0.5891323179006576,0.7084463249855915,0.7573508163433668,0.9921662325450743,0.4998766337902171
independent,2,9,0,shift_toeplitz_r2,0.3586082437926923,0.363816499710083,0.48951402902603147,0.7084463249855915,0.7573508163433668,0.9921662325450743,0.4998766337902171
independent,2,9,0,shift_circular_r2,0.3586082437926923,0.363816499710083,0.48951402902603147,0.7084463249855915,0.7573508163433668,0.9921662325450743,0.4998766337902171
independent,2,9,0,shift_rank8_feature,0.2685511814606293,0.277641624212265,0.3838277384638786,0.7084463249855915,0.7573508163433668,0.9921662325450743,0.4998766337902171
independent,2,9,0,shift_rank8_prev_flow,0.23079921154145042,0.23993533849716187,0.31695946753025056,0.7084463249855915,0.7573508163433668,0.9921662325450743,0.4998766337902171
independent,2,9,0,shift_rank8_oracle,0.22943271462943185,0.23829638957977295,0.31501841098070144,0.7084463249855915,0.7573508163433668,0.9921662325450743,0.4998766337902171
independent,2,9,0,flow_reuse,0.14088849132208325,0.15200476348400116,0.2076207749545574,0.7084463249855915,0.7573508163433668,0.9921662325450743,0.4998766337902171
independent,2,9,0,flow_toeplitz_r2,0.11255349829628473,0.11974501609802246,0.15778976678848267,0.7084463249855915,0.7573508163433668,0.9921662325450743,0.4998766337902171
independent,2,9,0,flow_rank8_oracle,0.09963549698451582,0.10631031543016434,0.14143898561596868,0.7084463249855915,0.7573508163433668,0.9921662325450743,0.4998766337902171
independent,3,9,0,raw_reuse,0.29530024214968853,0.32484880089759827,0.4937053069472313,0.5945974316016791,0.3982599516094478,0.9889124412050541,0.5746373024908087
independent,3,9,0,shift_reuse,0.34390647026340676,0.3887692391872406,0.5624548017978668,0.5945974316016791,0.3982599516094478,0.9889124412050541,0.5746373024908087
independent,3,9,0,shift_toeplitz_r2,0.30844673045064913,0.3532576560974121,0.5080963522195816,0.5945974316016791,0.3982599516094478,0.9889124412050541,0.5746373024908087
independent,3,9,0,shift_circular_r2,0.30844673045064913,0.3532576560974121,0.5080963522195816,0.5945974316016791,0.3982599516094478,0.9889124412050541,0.5746373024908087
independent,3,9,0,shift_rank8_feature,0.2757723780224296,0.3206420838832855,0.4397423908114433,0.5945974316016791,0.3982599516094478,0.9889124412050541,0.5746373024908087
independent,3,9,0,shift_rank8_prev_flow,0.2201487056809393,0.2546004354953766,0.3606405809521675,0.5945974316016791,0.3982599516094478,0.9889124412050541,0.5746373024908087
independent,3,9,0,shift_rank8_oracle,0.218969483832585,0.2532241642475128,0.35928753316402434,0.5945974316016791,0.3982599516094478,0.9889124412050541,0.5746373024908087
independent,3,9,0,flow_reuse,0.13954117718067813,0.16602148115634918,0.23090329319238662,0.5945974316016791,0.3982599516094478,0.9889124412050541,0.5746373024908087
independent,3,9,0,flow_toeplitz_r2,0.11376221900361265,0.13382112979888916,0.18112708926200866,0.5945974316016791,0.3982599516094478,0.9889124412050541,0.5746373024908087
independent,3,9,0,flow_rank8_oracle,0.09100852655908906,0.10577400773763657,0.14225091114640237,0.5945974316016791,0.3982599516094478,0.9889124412050541,0.5746373024908087
independent,4,9,0,raw_reuse,0.3001993223764778,0.31660184264183044,0.6424885541200637,0.6460341599185151,0.357009248012221,0.9889966358215848,0.6188919993156491
independent,4,9,0,shift_reuse,0.3975784147281593,0.4284622371196747,0.6790538460016249,0.6460341599185151,0.357009248012221,0.9889966358215848,0.6188919993156491
independent,4,9,0,shift_toeplitz_r2,0.3622283994662216,0.39644142985343933,0.6079199522733688,0.6460341599185151,0.357009248012221,0.9889966358215848,0.6188919993156491
independent,4,9,0,shift_circular_r2,0.3622283994662216,0.39644142985343933,0.6079199522733688,0.6460341599185151,0.357009248012221,0.9889966358215848,0.6188919993156491
independent,4,9,0,shift_rank8_feature,0.3239224232109274,0.3694169223308563,0.6665294229984281,0.6460341599185151,0.357009248012221,0.9889966358215848,0.6188919993156491
independent,4,9,0,shift_rank8_prev_flow,0.23830437831735052,0.268736332654953,0.4073864161968231,0.6460341599185151,0.357009248012221,0.9889966358215848,0.6188919993156491
independent,4,9,0,shift_rank8_oracle,0.23653939063777818,0.2666034698486328,0.4058841601014137,0.6460341599185151,0.357009248012221,0.9889966358215848,0.6188919993156491
independent,4,9,0,flow_reuse,0.13854037377725062,0.15925909578800201,0.24174735248088836,0.6460341599185151,0.357009248012221,0.9889966358215848,0.6188919993156491
independent,4,9,0,flow_toeplitz_r2,0.11187108505204,0.12752783298492432,0.19361231699585915,0.6460341599185151,0.357009248012221,0.9889966358215848,0.6188919993156491
independent,4,9,0,flow_rank8_oracle,0.08552643861700708,0.09508053213357925,0.1382823884487152,0.6460341599185151,0.357009248012221,0.9889966358215848,0.6188919993156491
independent,5,9,0,raw_reuse,0.32475939798005476,0.30259543657302856,0.46136078536510466,0.769487211871378,0.46469243782710423,0.9881577434588984,0.6753874407603263
independent,5,9,0,shift_reuse,0.42972588076641305,0.423936128616333,0.7082925826311111,0.769487211871378,0.46469243782710423,0.9881577434588984,0.6753874407603263
independent,5,9,0,shift_toeplitz_r2,0.3815255661422004,0.3780933916568756,0.5980909943580626,0.769487211871378,0.46469243782710423,0.9881577434588984,0.6753874407603263
independent,5,9,0,shift_circular_r2,0.3815255661422004,0.3780933916568756,0.5980909943580626,0.769487211871378,0.46469243782710423,0.9881577434588984,0.6753874407603263
independent,5,9,0,shift_rank8_feature,0.3085288930294585,0.3353846073150635,0.5237930476665497,0.769487211871378,0.46469243782710423,0.9881577434588984,0.6753874407603263
independent,5,9,0,shift_rank8_prev_flow,0.2091210926476981,0.22188396751880646,0.3095021679997444,0.769487211871378,0.46469243782710423,0.9881577434588984,0.6753874407603263
independent,5,9,0,shift_rank8_oracle,0.20631890406757544,0.21862709522247314,0.30626820772886276,0.769487211871378,0.46469243782710423,0.9881577434588984,0.6753874407603263
independent,5,9,0,flow_reuse,0.15205657489035576,0.16851764917373657,0.23589209169149397,0.769487211871378,0.46469243782710423,0.9881577434588984,0.6753874407603263
independent,5,9,0,flow_toeplitz_r2,0.1151522190911212,0.12651881575584412,0.18309371843934058,0.769487211871378,0.46469243782710423,0.9881577434588984,0.6753874407603263
independent,5,9,0,flow_rank8_oracle,0.08663389950435497,0.09318932145833969,0.12857499495148658,0.769487211871378,0.46469243782710423,0.9881577434588984,0.6753874407603263
independent,6,9,0,raw_reuse,0.3841161981576826,0.38531574606895447,0.790581876039505,0.7733697441469857,-0.029516926248803532,0.9760120619698179,0.5622043114314672
independent,6,9,0,shift_reuse,0.41791182051844594,0.48568204045295715,0.7646997183561325,0.7733697441469857,-0.029516926248803532,0.9760120619698179,0.5622043114314672
independent,6,9,0,shift_toeplitz_r2,0.36832307258451963,0.4414179027080536,0.7116087824106216,0.7733697441469857,-0.029516926248803532,0.9760120619698179,0.5622043114314672
independent,6,9,0,shift_circular_r2,0.36832307258451963,0.4414179027080536,0.7116087824106216,0.7733697441469857,-0.029516926248803532,0.9760120619698179,0.5622043114314672
independent,6,9,0,shift_rank8_feature,0.359261490256385,0.44555696845054626,0.7471074432134628,0.7733697441469857,-0.029516926248803532,0.9760120619698179,0.5622043114314672
independent,6,9,0,shift_rank8_prev_flow,0.20412281511495922,0.24152855575084686,0.38896342813968654,0.7733697441469857,-0.029516926248803532,0.9760120619698179,0.5622043114314672
independent,6,9,0,shift_rank8_oracle,0.19894986119463778,0.23539525270462036,0.3808287143707275,0.7733697441469857,-0.029516926248803532,0.9760120619698179,0.5622043114314672
independent,6,9,0,flow_reuse,0.14996522683357813,0.16928142309188843,0.22648047879338265,0.7733697441469857,-0.029516926248803532,0.9760120619698179,0.5622043114314672
independent,6,9,0,flow_toeplitz_r2,0.12360624693899437,0.13302534818649292,0.19162439480423926,0.7733697441469857,-0.029516926248803532,0.9760120619698179,0.5622043114314672
independent,6,9,0,flow_rank8_oracle,0.09922618837515405,0.10939622670412064,0.16013373509049417,0.7733697441469857,-0.029516926248803532,0.9760120619698179,0.5622043114314672
independent,7,9,0,raw_reuse,0.2168233156627588,0.18833883106708527,0.3801247268915176,0.8997281382482645,0.48557584247988184,0.9466116122217558,0.9535708909981911
independent,7,9,0,shift_reuse,0.25777736258011846,0.23595201969146729,0.3652607470750808,0.8997281382482645,0.48557584247988184,0.9466116122217558,0.9535708909981911
independent,7,9,0,shift_toeplitz_r2,0.2115868205469892,0.19117312133312225,0.29662250727415085,0.8997281382482645,0.48557584247988184,0.9466116122217558,0.9535708909981911
independent,7,9,0,shift_circular_r2,0.2115868205469892,0.19117312133312225,0.29662250727415085,0.8997281382482645,0.48557584247988184,0.9466116122217558,0.9535708909981911
independent,7,9,0,shift_rank8_feature,0.14642103598695294,0.1463208645582199,0.24995891600847242,0.8997281382482645,0.48557584247988184,0.9466116122217558,0.9535708909981911
independent,7,9,0,shift_rank8_prev_flow,0.09053447014476611,0.08757833391427994,0.13559723645448685,0.8997281382482645,0.48557584247988184,0.9466116122217558,0.9535708909981911
independent,7,9,0,shift_rank8_oracle,0.08162709019234442,0.07815656065940857,0.11996635273098945,0.8997281382482645,0.48557584247988184,0.9466116122217558,0.9535708909981911
independent,7,9,0,flow_reuse,0.26383991993491657,0.28392112255096436,0.382020765542984,0.8997281382482645,0.48557584247988184,0.9466116122217558,0.9535708909981911
independent,7,9,0,flow_toeplitz_r2,0.11852938879270405,0.12297192215919495,0.16071856915950775,0.8997281382482645,0.48557584247988184,0.9466116122217558,0.9535708909981911
independent,7,9,0,flow_rank8_oracle,0.05685068229032596,0.053401678800582886,0.10193562954664229,0.8997281382482645,0.48557584247988184,0.9466116122217558,0.9535708909981911
