selection_policy,memory_variant,samples,parsed_rate,correct,accuracy,accuracy_ci95_low,accuracy_ci95_high,mean_total_state_bytes,cold_start_total_state_bytes,mean_feature_state_bytes,codec_parameter_bytes,codec_rank,residual_tokens_per_frame,mean_feature_state_compression_ratio,mean_total_state_compression_ratio,mean_pool_reconstruction_error,mean_selected_reconstruction_error,mean_compression_seconds,mean_reconstruction_seconds,mean_inference_seconds,mean_policy_seconds
exact_recent,full,200,1.0,95,0.475,0.4069150074009861,0.54402729289493,8413328.0,8413328.0,8388608.0,2105344,256,0,1.0,1.0,0.0,0.0,0.0,1.3752560480497778e-05,0.08335616527707317,7.193571930634207
exact_recent,pca_r256_s0,200,1.0,92,0.46,0.39232931140961247,0.5291783690638533,549008.0,2654352.0,524288.0,2105344,256,0,16.0,15.324600005828698,0.06001947431825101,0.060217138295993206,0.0007799102767603471,0.00040079355880152435,0.08241731766611338,7.193800034298329
exact_recent,pca_r256_s4,200,1.0,93,0.465,0.39718443070423204,0.5341347897100506,1073424.0,3178768.0,1048704.0,2105344,256,4,7.9990235566947385,7.837842269224466,0.05349108854308724,0.05367367080412805,0.0015578388882568105,0.00041382487048394976,0.08232481611019465,7.194498492665589
learned_recent_query_topk,full,200,1.0,102,0.51,0.441184632709161,0.5784384471724727,8413328.0,8413328.0,8388608.0,2105344,256,0,1.0,1.0,0.0,0.0,0.0,1.6026177327148617e-05,0.08257336257142014,7.192791401545401
learned_recent_query_topk,pca_r256_s0,200,1.0,100,0.5,0.43135962209034523,0.5686403779096547,549008.0,2654352.0,524288.0,2105344,256,0,16.0,15.324600005828698,0.06001947431825101,0.059969901265576483,0.0007799102767603471,0.0003279027686221525,0.08229276473633945,7.193602590578376
learned_recent_query_topk,pca_r256_s4,200,1.0,101,0.505,0.4362687594824017,0.5735427804584151,1073424.0,3178768.0,1048704.0,2105344,256,4,7.9990235566947385,7.837842269224466,0.05349108854308724,0.053447048868983986,0.0015578388882568105,0.0004042921878863126,0.08220694130752236,7.194371085180319
