case,head,method,requested_token_budget,actual_critical_tokens,rank,keys,representation_ratio_full_n,attention_rel_fro,output_rel_l2,output_cosine,critical_mass
f81,0,token_topk_oracle,64,64,8,32760,0.002442002442002442,0.2946728467941284,0.1956617683172226,0.9806761741638184,0.014249136671423912
f81,0,token_topk_oracle,64,64,16,32760,0.0029304029304029304,0.2113480418920517,0.11123364418745041,0.9937951564788818,0.014249136671423912
f81,0,token_topk_oracle,64,64,32,32760,0.003907203907203907,0.17457355558872223,0.0633573979139328,0.9979910254478455,0.014249136671423912
f81,0,token_topk_oracle,64,64,64,32760,0.005860805860805861,0.15137526392936707,0.03994390368461609,0.9992018938064575,0.014249136671423912
f81,0,block16_oracle,64,64,8,32760,0.002442002442002442,0.30116432905197144,0.21218495070934296,0.9772295355796814,0.00914812833070755
f81,0,block16_oracle,64,64,16,32760,0.0029304029304029304,0.20845790207386017,0.12455963343381882,0.992212176322937,0.00914812833070755
f81,0,block16_oracle,64,64,32,32760,0.003907203907203907,0.16295474767684937,0.07250449061393738,0.9973680377006531,0.00914812833070755
f81,0,block16_oracle,64,64,64,32760,0.005860805860805861,0.13481749594211578,0.04146194085478783,0.9991401433944702,0.00914812833070755
f81,0,block32_oracle,64,64,8,32760,0.002442002442002442,0.3020046055316925,0.2125990390777588,0.9771395325660706,0.008509106934070587
f81,0,block32_oracle,64,64,16,32760,0.0029304029304029304,0.20761306583881378,0.12362327426671982,0.9923292398452759,0.008509106934070587
f81,0,block32_oracle,64,64,32,32760,0.003907203907203907,0.16010068356990814,0.07262258976697922,0.997359573841095,0.008509106934070587
f81,0,block32_oracle,64,64,64,32760,0.005860805860805861,0.1304529756307602,0.04235989227890968,0.9991024732589722,0.008509106934070587
f81,0,block64_oracle,64,64,8,32760,0.002442002442002442,0.30240973830223083,0.21325546503067017,0.9769965410232544,0.007990662939846516
f81,0,block64_oracle,64,64,16,32760,0.0029304029304029304,0.2068888396024704,0.12247215211391449,0.9924718737602234,0.007990662939846516
f81,0,block64_oracle,64,64,32,32760,0.003907203907203907,0.15823979675769806,0.07251043617725372,0.9973676800727844,0.007990662939846516
f81,0,block64_oracle,64,64,64,32760,0.005860805860805861,0.12760956585407257,0.044335540384054184,0.9990166425704956,0.007990662939846516
f81,0,block128_oracle,64,128,8,32760,0.004395604395604396,0.31194791197776794,0.21295519173145294,0.9770621657371521,0.015522944740951061
f81,0,block128_oracle,64,128,16,32760,0.004884004884004884,0.22695299983024597,0.1140773743391037,0.9934718608856201,0.015522944740951061
f81,0,block128_oracle,64,128,32,32760,0.005860805860805861,0.1859598159790039,0.07304593175649643,0.997328519821167,0.015522944740951061
f81,0,block128_oracle,64,128,64,32760,0.007814407814407814,0.15421287715435028,0.051213834434747696,0.9986878633499146,0.015522944740951061
f81,0,token_topk_oracle,128,128,8,32760,0.004395604395604396,0.300094872713089,0.1824978142976761,0.983217716217041,0.02605590596795082
f81,0,token_topk_oracle,128,128,16,32760,0.004884004884004884,0.23107954859733582,0.08804038912057877,0.9961181879043579,0.02605590596795082
f81,0,token_topk_oracle,128,128,32,32760,0.005860805860805861,0.20282860100269318,0.058367662131786346,0.9982953667640686,0.02605590596795082
f81,0,token_topk_oracle,128,128,64,32760,0.007814407814407814,0.18065482378005981,0.04182036221027374,0.9991251826286316,0.02605590596795082
f81,0,block16_oracle,128,128,8,32760,0.004395604395604396,0.3096587359905243,0.2106635868549347,0.977558970451355,0.017790477722883224
f81,0,block16_oracle,128,128,16,32760,0.004884004884004884,0.22902429103851318,0.12176188081502914,0.9925594329833984,0.017790477722883224
f81,0,block16_oracle,128,128,32,32760,0.005860805860805861,0.19193091988563538,0.06942204385995865,0.9975874423980713,0.017790477722883224
f81,0,block16_oracle,128,128,64,32760,0.007814407814407814,0.1661091148853302,0.04579992964863777,0.998950719833374,0.017790477722883224
f81,0,block32_oracle,128,128,8,32760,0.004395604395604396,0.31090980768203735,0.21144212782382965,0.9773907661437988,0.016685521230101585
f81,0,block32_oracle,128,128,16,32760,0.004884004884004884,0.2277933955192566,0.11787865310907364,0.9930280447006226,0.016685521230101585
f81,0,block32_oracle,128,128,32,32760,0.005860805860805861,0.1883430778980255,0.07232853025197983,0.9973808526992798,0.016685521230101585
f81,0,block32_oracle,128,128,64,32760,0.007814407814407814,0.1609009951353073,0.046985652297735214,0.9988955855369568,0.016685521230101585
f81,0,block64_oracle,128,128,8,32760,0.004395604395604396,0.3115389943122864,0.21236397325992584,0.9771907329559326,0.015802187845110893
f81,0,block64_oracle,128,128,16,32760,0.004884004884004884,0.22688457369804382,0.1143447682261467,0.993441104888916,0.015802187845110893
f81,0,block64_oracle,128,128,32,32760,0.005860805860805861,0.18627889454364777,0.07292262464761734,0.9973376989364624,0.015802187845110893
f81,0,block64_oracle,128,128,64,32760,0.007814407814407814,0.1578015685081482,0.048995036631822586,0.9987989664077759,0.015802187845110893
f81,0,block128_oracle,128,128,8,32760,0.004395604395604396,0.31194791197776794,0.21295520663261414,0.9770621657371521,0.015522944740951061
f81,0,block128_oracle,128,128,16,32760,0.004884004884004884,0.22695307433605194,0.11409023404121399,0.9934703707695007,0.015522944740951061
f81,0,block128_oracle,128,128,32,32760,0.005860805860805861,0.1859678477048874,0.0730031430721283,0.9973317384719849,0.015522944740951061
f81,0,block128_oracle,128,128,64,32760,0.007814407814407814,0.15426509082317352,0.05244079604744911,0.9986239671707153,0.015522944740951061
f81,0,token_topk_oracle,256,256,8,32760,0.008302808302808303,0.31079164147377014,0.16086514294147491,0.9869988560676575,0.04735109210014343
f81,0,token_topk_oracle,256,256,16,32760,0.008791208791208791,0.2593684494495392,0.07279065251350403,0.9973487854003906,0.04735109210014343
f81,0,token_topk_oracle,256,256,32,32760,0.009768009768009768,0.23685605823993683,0.05292462185025215,0.9985988140106201,0.04735109210014343
f81,0,token_topk_oracle,256,256,64,32760,0.011721611721611722,0.2119254767894745,0.0432560034096241,0.9990640878677368,0.04735109210014343
f81,0,block16_oracle,256,256,8,32760,0.008302808302808303,0.32509732246398926,0.20785224437713623,0.9781612753868103,0.03434126451611519
f81,0,block16_oracle,256,256,16,32760,0.008791208791208791,0.260887086391449,0.10838207602500916,0.9941093921661377,0.03434126451611519
f81,0,block16_oracle,256,256,32,32760,0.009768009768009768,0.23039379715919495,0.07347596436738968,0.997296929359436,0.03434126451611519
f81,0,block16_oracle,256,256,64,32760,0.011721611721611722,0.20033124089241028,0.054770730435848236,0.9984990954399109,0.03434126451611519
f81,0,block32_oracle,256,256,8,32760,0.008302808302808303,0.327095627784729,0.20944592356681824,0.977820873260498,0.03250553831458092
f81,0,block32_oracle,256,256,16,32760,0.008791208791208791,0.25976118445396423,0.10482033342123032,0.9944912195205688,0.03250553831458092
f81,0,block32_oracle,256,256,32,32760,0.009768009768009768,0.22749647498130798,0.07390223443508148,0.9972655177116394,0.03250553831458092
f81,0,block32_oracle,256,256,64,32760,0.011721611721611722,0.19672535359859467,0.05487920716404915,0.9984930753707886,0.03250553831458092
f81,0,block64_oracle,256,256,8,32760,0.008302808302808303,0.3279520571231842,0.21057209372520447,0.97757887840271,0.031103946268558502
f81,0,block64_oracle,256,256,16,32760,0.008791208791208791,0.25876784324645996,0.10488671809434891,0.9944843053817749,0.031103946268558502
f81,0,block64_oracle,256,256,32,32760,0.009768009768009768,0.22544041275978088,0.073900006711483,0.9972655177116394,0.031103946268558502
f81,0,block64_oracle,256,256,64,32760,0.011721611721611722,0.19347557425498962,0.05548933148384094,0.9984593391418457,0.031103946268558502
f81,0,block128_oracle,256,256,8,32760,0.008302808302808303,0.3285916745662689,0.21110232174396515,0.9774643182754517,0.030667463317513466
f81,0,block128_oracle,256,256,16,32760,0.008791208791208791,0.2589974105358124,0.10668325424194336,0.9942931532859802,0.030667463317513466
f81,0,block128_oracle,256,256,32,32760,0.009768009768009768,0.2243216335773468,0.07458075135946274,0.9972150325775146,0.030667463317513466
f81,0,block128_oracle,256,256,64,32760,0.011721611721611722,0.1885017603635788,0.059196896851062775,0.9982461929321289,0.030667463317513466
f81,0,token_topk_oracle,512,512,8,32760,0.016117216117216115,0.3278329372406006,0.1273636668920517,0.9918853044509888,0.08527339994907379
f81,0,token_topk_oracle,512,512,16,32760,0.016605616605616606,0.2940232753753662,0.07781995832920074,0.9969710111618042,0.08527339994907379
f81,0,token_topk_oracle,512,512,32,32760,0.017582417582417582,0.27059388160705566,0.05679720267653465,0.9983870387077332,0.08527339994907379
f81,0,token_topk_oracle,512,512,64,32760,0.019536019536019536,0.2401328682899475,0.04670040309429169,0.9989094734191895,0.08527339994907379
f81,0,block16_oracle,512,512,8,32760,0.016117216117216115,0.3505086600780487,0.20256751775741577,0.9792712926864624,0.06557594984769821
f81,0,block16_oracle,512,512,16,32760,0.016605616605616606,0.30356064438819885,0.10563480108976364,0.9944050908088684,0.06557594984769821
f81,0,block16_oracle,512,512,32,32760,0.017582417582417582,0.2722329795360565,0.08163557201623917,0.9966621994972229,0.06557594984769821
f81,0,block16_oracle,512,512,64,32760,0.019536019536019536,0.22897998988628387,0.06881868839263916,0.9976291656494141,0.06557594984769821
f81,0,block32_oracle,512,512,8,32760,0.016117216117216115,0.3528154194355011,0.20508740842342377,0.9787458777427673,0.06276579201221466
f81,0,block32_oracle,512,512,16,32760,0.016605616605616606,0.30259549617767334,0.119791179895401,0.9927992224693298,0.06276579201221466
f81,0,block32_oracle,512,512,32,32760,0.017582417582417582,0.2700918912887573,0.08409973233938217,0.9964573383331299,0.06276579201221466
f81,0,block32_oracle,512,512,64,32760,0.019536019536019536,0.22616390883922577,0.06730213761329651,0.9977326393127441,0.06276579201221466
f81,0,block64_oracle,512,512,8,32760,0.016117216117216115,0.3543819487094879,0.20673002302646637,0.9783998131752014,0.06084095314145088
f81,0,block64_oracle,512,512,16,32760,0.016605616605616606,0.30262431502342224,0.12206863611936569,0.9925218820571899,0.06084095314145088
f81,0,block64_oracle,512,512,32,32760,0.017582417582417582,0.26779860258102417,0.0873781219124794,0.9961752891540527,0.06084095314145088
f81,0,block64_oracle,512,512,64,32760,0.019536019536019536,0.22048161923885345,0.06957143545150757,0.9975769519805908,0.06084095314145088
f81,0,block128_oracle,512,512,8,32760,0.016117216117216115,0.35502174496650696,0.2073262333869934,0.9782732129096985,0.06024518981575966
f81,0,block128_oracle,512,512,16,32760,0.016605616605616606,0.3023906946182251,0.12047110497951508,0.992716908454895,0.06024518981575966
f81,0,block128_oracle,512,512,32,32760,0.017582417582417582,0.2653365135192871,0.08778678625822067,0.9961392879486084,0.06024518981575966
f81,0,block128_oracle,512,512,64,32760,0.019536019536019536,0.21379098296165466,0.07406482100486755,0.99725341796875,0.06024518981575966
f81,0,token_topk_oracle,1024,1024,8,32760,0.031746031746031744,0.34650278091430664,0.1046902984380722,0.9945452213287354,0.1514066606760025
f81,0,token_topk_oracle,1024,1024,16,32760,0.03223443223443223,0.320557564496994,0.08063942193984985,0.99675452709198,0.1514066606760025
f81,0,token_topk_oracle,1024,1024,32,32760,0.03321123321123321,0.2907252907752991,0.07370404154062271,0.9972888231277466,0.1514066606760025
f81,0,token_topk_oracle,1024,1024,64,32760,0.035164835164835165,0.25383299589157104,0.04692321643233299,0.9988993406295776,0.1514066606760025
f81,0,block16_oracle,1024,1024,8,32760,0.031746031746031744,0.3815831243991852,0.19163727760314941,0.9814745783805847,0.12316449731588364
f81,0,block16_oracle,1024,1024,16,32760,0.03223443223443223,0.3431190550327301,0.11433888226747513,0.9934430122375488,0.12316449731588364
f81,0,block16_oracle,1024,1024,32,32760,0.03321123321123321,0.295146107673645,0.10886288434267044,0.9940580725669861,0.12316449731588364
f81,0,block16_oracle,1024,1024,64,32760,0.035164835164835165,0.23531079292297363,0.07217545807361603,0.9973923563957214,0.12316449731588364
f81,0,block32_oracle,1024,1024,8,32760,0.031746031746031744,0.3854665458202362,0.19515275955200195,0.9807791113853455,0.11946071684360504
f81,0,block32_oracle,1024,1024,16,32760,0.03223443223443223,0.3433073163032532,0.11663813143968582,0.9931751489639282,0.11946071684360504
f81,0,block32_oracle,1024,1024,32,32760,0.03321123321123321,0.2907034754753113,0.09456130862236023,0.9955195188522339,0.11946071684360504
f81,0,block32_oracle,1024,1024,64,32760,0.035164835164835165,0.22852951288223267,0.07353803515434265,0.9972926378250122,0.11946071684360504
f81,0,block64_oracle,1024,1024,8,32760,0.031746031746031744,0.3871402442455292,0.1969337910413742,0.9804214835166931,0.11746862530708313
f81,0,block64_oracle,1024,1024,16,32760,0.03223443223443223,0.3422488570213318,0.11801993101835251,0.9930118322372437,0.11746862530708313
f81,0,block64_oracle,1024,1024,32,32760,0.03321123321123321,0.2816205322742462,0.09868315607309341,0.9951194524765015,0.11746862530708313
f81,0,block64_oracle,1024,1024,64,32760,0.035164835164835165,0.20843066275119781,0.06997989863157272,0.9975484609603882,0.11746862530708313
f81,0,block128_oracle,1024,1024,8,32760,0.031746031746031744,0.38743022084236145,0.1966972053050995,0.9804686903953552,0.11674808710813522
f81,0,block128_oracle,1024,1024,16,32760,0.03223443223443223,0.3400682508945465,0.12105722725391388,0.9926459789276123,0.11674808710813522
f81,0,block128_oracle,1024,1024,32,32760,0.03321123321123321,0.27559563517570496,0.10107254236936569,0.9948794841766357,0.11674808710813522
f81,0,block128_oracle,1024,1024,64,32760,0.035164835164835165,0.1957884132862091,0.07229284942150116,0.9973835945129395,0.11674808710813522
f81,1,token_topk_oracle,64,64,8,32760,0.002442002442002442,0.382251113653183,0.1458750069141388,0.989346444606781,0.4239906668663025
f81,1,token_topk_oracle,64,64,16,32760,0.0029304029304029304,0.3660900890827179,0.1278924196958542,0.991797149181366,0.4239906668663025
f81,1,token_topk_oracle,64,64,32,32760,0.003907203907203907,0.34056517481803894,0.11204978823661804,0.9937025308609009,0.4239906668663025
f81,1,token_topk_oracle,64,64,64,32760,0.005860805860805861,0.3045196235179901,0.0991688147187233,0.9950754046440125,0.4239906668663025
f81,1,block16_oracle,64,64,8,32760,0.002442002442002442,0.7355925440788269,0.2663803696632385,0.9638838768005371,0.18596988916397095
f81,1,block16_oracle,64,64,16,32760,0.0029304029304029304,0.7128140926361084,0.2506575882434845,0.968083381652832,0.18596988916397095
f81,1,block16_oracle,64,64,32,32760,0.003907203907203907,0.6738646626472473,0.23527349531650543,0.9719321727752686,0.18596988916397095
f81,1,block16_oracle,64,64,64,32760,0.005860805860805861,0.6112253069877625,0.2123512178659439,0.9771934151649475,0.18596988916397095
f81,1,block32_oracle,64,64,8,32760,0.002442002442002442,0.8278021216392517,0.3130861520767212,0.9497307538986206,0.10684387385845184
f81,1,block32_oracle,64,64,16,32760,0.0029304029304029304,0.8025341629981995,0.2851111590862274,0.9584963321685791,0.10684387385845184
f81,1,block32_oracle,64,64,32,32760,0.003907203907203907,0.7588170766830444,0.2658897638320923,0.96400386095047,0.10684387385845184
f81,1,block32_oracle,64,64,64,32760,0.005860805860805861,0.6874442100524902,0.24127717316150665,0.9704562425613403,0.10684387385845184
f81,1,block64_oracle,64,64,8,32760,0.002442002442002442,0.8733634352684021,0.3757314085960388,0.9267529249191284,0.08352574706077576
f81,1,block64_oracle,64,64,16,32760,0.0029304029304029304,0.8472046852111816,0.3142301142215729,0.9493530988693237,0.08352574706077576
f81,1,block64_oracle,64,64,32,32760,0.003907203907203907,0.8018741607666016,0.2935124635696411,0.9559585452079773,0.08352574706077576
f81,1,block64_oracle,64,64,64,32760,0.005860805860805861,0.7274515628814697,0.2663177251815796,0.9638855457305908,0.08352574706077576
f81,1,block128_oracle,64,128,8,32760,0.004395604395604396,0.835295557975769,0.3526078462600708,0.9358097314834595,0.12256592512130737
f81,1,block128_oracle,64,128,16,32760,0.004884004884004884,0.8101776838302612,0.3024246394634247,0.9531826972961426,0.12256592512130737
f81,1,block128_oracle,64,128,32,32760,0.005860805860805861,0.7669299244880676,0.28224772214889526,0.959344744682312,0.12256592512130737
f81,1,block128_oracle,64,128,64,32760,0.007814407814407814,0.6962683796882629,0.25891056656837463,0.9659015536308289,0.12256592512130737
f81,1,token_topk_oracle,128,128,8,32760,0.004395604395604396,0.22810617089271545,0.09483616799116135,0.9955396056175232,0.5844748616218567
f81,1,token_topk_oracle,128,128,16,32760,0.004884004884004884,0.21663831174373627,0.07852234691381454,0.9969202280044556,0.5844748616218567
f81,1,token_topk_oracle,128,128,32,32760,0.005860805860805861,0.20026162266731262,0.06608045846223831,0.9978142380714417,0.5844748616218567
f81,1,token_topk_oracle,128,128,64,32760,0.007814407814407814,0.18078690767288208,0.057320721447467804,0.9983599185943604,0.5844748616218567
f81,1,block16_oracle,128,128,8,32760,0.004395604395604396,0.5783341526985168,0.20065337419509888,0.9796908497810364,0.31880635023117065
f81,1,block16_oracle,128,128,16,32760,0.004884004884004884,0.5598644614219666,0.19006776809692383,0.981782078742981,0.31880635023117065
f81,1,block16_oracle,128,128,32,32760,0.005860805860805861,0.5287343859672546,0.17818233370780945,0.9840004444122314,0.31880635023117065
f81,1,block16_oracle,128,128,64,32760,0.007814407814407814,0.4816764295101166,0.1589273065328598,0.9872912168502808,0.31880635023117065
f81,1,block32_oracle,128,128,8,32760,0.004395604395604396,0.7294718027114868,0.25886401534080505,0.9659253358840942,0.19271036982536316
f81,1,block32_oracle,128,128,16,32760,0.004884004884004884,0.7069262862205505,0.24508725106716156,0.9695069193840027,0.19271036982536316
f81,1,block32_oracle,128,128,32,32760,0.005860805860805861,0.6680943369865417,0.22928135097026825,0.9733617305755615,0.19271036982536316
f81,1,block32_oracle,128,128,64,32760,0.007814407814407814,0.6067724227905273,0.20786480605602264,0.978157639503479,0.19271036982536316
f81,1,block64_oracle,128,128,8,32760,0.004395604395604396,0.8104938268661499,0.3114456534385681,0.9502853155136108,0.14559543132781982
f81,1,block64_oracle,128,128,16,32760,0.004884004884004884,0.7862144112586975,0.2811638116836548,0.9596701264381409,0.14559543132781982
f81,1,block64_oracle,128,128,32,32760,0.005860805860805861,0.7441472411155701,0.2629123330116272,0.9648243188858032,0.14559543132781982
f81,1,block64_oracle,128,128,64,32760,0.007814407814407814,0.6754226684570312,0.2407381236553192,0.9705905318260193,0.14559543132781982
f81,1,block128_oracle,128,128,8,32760,0.004395604395604396,0.8353219628334045,0.3463178277015686,0.9381499290466309,0.12256592512130737
f81,1,block128_oracle,128,128,16,32760,0.004884004884004884,0.8101404309272766,0.29759901762008667,0.9546996355056763,0.12256592512130737
f81,1,block128_oracle,128,128,32,32760,0.005860805860805861,0.7664690017700195,0.2759447693824768,0.9611760377883911,0.12256592512130737
f81,1,block128_oracle,128,128,64,32760,0.007814407814407814,0.6956549286842346,0.2527140974998474,0.9675411581993103,0.12256592512130737
f81,1,token_topk_oracle,256,256,8,32760,0.008302808302808303,0.1164751946926117,0.050956692546606064,0.9987177848815918,0.7297288775444031
f81,1,token_topk_oracle,256,256,16,32760,0.008791208791208791,0.10998358577489853,0.04085671156644821,0.9991669654846191,0.7297288775444031
f81,1,token_topk_oracle,256,256,32,32760,0.009768009768009768,0.10206373780965805,0.03384754806756973,0.999427080154419,0.7297288775444031
f81,1,token_topk_oracle,256,256,64,32760,0.011721611721611722,0.09458927810192108,0.030336864292621613,0.9995408654212952,0.7297288775444031
f81,1,block16_oracle,256,256,8,32760,0.008302808302808303,0.3863244652748108,0.14199303090572357,0.9899301528930664,0.4934914708137512
f81,1,block16_oracle,256,256,16,32760,0.008791208791208791,0.37262824177742004,0.1277276873588562,0.9918257594108582,0.4934914708137512
f81,1,block16_oracle,256,256,32,32760,0.009768009768009768,0.3506256937980652,0.11998000741004944,0.992782473564148,0.4934914708137512
f81,1,block16_oracle,256,256,64,32760,0.011721611721611722,0.3192633092403412,0.10363709181547165,0.9946168661117554,0.4934914708137512
f81,1,block32_oracle,256,256,8,32760,0.008302808302808303,0.5659939646720886,0.20101185142993927,0.9796187877655029,0.3340197503566742
f81,1,block32_oracle,256,256,16,32760,0.008791208791208791,0.5478699207305908,0.18899030983448029,0.9819875955581665,0.3340197503566742
f81,1,block32_oracle,256,256,32,32760,0.009768009768009768,0.5177322030067444,0.177341490983963,0.9841511249542236,0.3340197503566742
f81,1,block32_oracle,256,256,64,32760,0.011721611721611722,0.47215455770492554,0.15853925049304962,0.9873544573783875,0.3340197503566742
f81,1,block64_oracle,256,256,8,32760,0.008302808302808303,0.6891795992851257,0.24588894844055176,0.9693194031715393,0.24993115663528442
f81,1,block64_oracle,256,256,16,32760,0.008791208791208791,0.6678151488304138,0.2343529313802719,0.9721636772155762,0.24993115663528442
f81,1,block64_oracle,256,256,32,32760,0.009768009768009768,0.6315723061561584,0.2174416333436966,0.9760766625404358,0.24993115663528442
f81,1,block64_oracle,256,256,64,32760,0.011721611721611722,0.5742613673210144,0.19858235120773315,0.9800841212272644,0.24993115663528442
f81,1,block128_oracle,256,256,8,32760,0.008302808302808303,0.7217462062835693,0.28387531638145447,0.9589052796363831,0.22014719247817993
f81,1,block128_oracle,256,256,16,32760,0.008791208791208791,0.6995751857757568,0.2541359066963196,0.9671831130981445,0.22014719247817993
f81,1,block128_oracle,256,256,32,32760,0.009768009768009768,0.6622030735015869,0.23742777109146118,0.9714100956916809,0.22014719247817993
f81,1,block128_oracle,256,256,64,32760,0.011721611721611722,0.6025256514549255,0.21818239986896515,0.9759079813957214,0.22014719247817993
f81,1,token_topk_oracle,512,512,8,32760,0.016117216117216115,0.05411544069647789,0.018562134355306625,0.9998278021812439,0.8391945958137512
f81,1,token_topk_oracle,512,512,16,32760,0.016605616605616606,0.05130232125520706,0.016953039914369583,0.9998562335968018,0.8391945958137512
f81,1,token_topk_oracle,512,512,32,32760,0.017582417582417582,0.04821625351905823,0.015326282009482384,0.9998825192451477,0.8391945958137512
f81,1,token_topk_oracle,512,512,64,32760,0.019536019536019536,0.04446018859744072,0.014101658947765827,0.9999006390571594,0.8391945958137512
f81,1,block16_oracle,512,512,8,32760,0.016117216117216115,0.20804370939731598,0.08194968104362488,0.9966855049133301,0.6741005182266235
f81,1,block16_oracle,512,512,16,32760,0.016605616605616606,0.19946600496768951,0.06963387876749039,0.9975813627243042,0.6741005182266235
f81,1,block16_oracle,512,512,32,32760,0.017582417582417582,0.18699370324611664,0.0649571418762207,0.9978913068771362,0.6741005182266235
f81,1,block16_oracle,512,512,64,32760,0.019536019536019536,0.17128413915634155,0.056633420288562775,0.9983952045440674,0.6741005182266235
f81,1,block32_oracle,512,512,8,32760,0.016117216117216115,0.3683539628982544,0.13590407371520996,0.9907833933830261,0.5173872113227844
f81,1,block32_oracle,512,512,16,32760,0.016605616605616606,0.3552238941192627,0.12185952812433243,0.9925618767738342,0.5173872113227844
f81,1,block32_oracle,512,512,32,32760,0.017582417582417582,0.3343065083026886,0.11457230150699615,0.9934202432632446,0.5173872113227844
f81,1,block32_oracle,512,512,64,32760,0.019536019536019536,0.30469629168510437,0.10076535493135452,0.9949113130569458,0.5173872113227844
f81,1,block64_oracle,512,512,8,32760,0.016117216117216115,0.4987342059612274,0.17642417550086975,0.9843491911888123,0.4123891294002533
f81,1,block64_oracle,512,512,16,32760,0.016605616605616606,0.4826796054840088,0.16414697468280792,0.9864451885223389,0.4123891294002533
f81,1,block64_oracle,512,512,32,32760,0.017582417582417582,0.45610031485557556,0.15448641777038574,0.9879966378211975,0.4123891294002533
f81,1,block64_oracle,512,512,64,32760,0.019536019536019536,0.41649720072746277,0.13886837661266327,0.9903115630149841,0.4123891294002533
f81,1,block128_oracle,512,512,8,32760,0.016117216117216115,0.5624269843101501,0.20640112459659576,0.9785012006759644,0.37443679571151733
f81,1,block128_oracle,512,512,16,32760,0.016605616605616606,0.5450263619422913,0.19516144692897797,0.9807883501052856,0.37443679571151733
f81,1,block128_oracle,512,512,32,32760,0.017582417582417582,0.5164876580238342,0.1811268925666809,0.9834637641906738,0.37443679571151733
f81,1,block128_oracle,512,512,64,32760,0.019536019536019536,0.47278860211372375,0.16683627665042877,0.9859845638275146,0.37443679571151733
f81,1,token_topk_oracle,1024,1024,8,32760,0.031746031746031744,0.023299382999539375,0.007631934713572264,0.9999707937240601,0.9142111539840698
f81,1,token_topk_oracle,1024,1024,16,32760,0.03223443223443223,0.022314075380563736,0.007249640300869942,0.9999735951423645,0.9142111539840698
f81,1,token_topk_oracle,1024,1024,32,32760,0.03321123321123321,0.020958835259079933,0.006738177500665188,0.9999772310256958,0.9142111539840698
f81,1,token_topk_oracle,1024,1024,64,32760,0.035164835164835165,0.019206607714295387,0.00609078723937273,0.9999814033508301,0.9142111539840698
f81,1,block16_oracle,1024,1024,8,32760,0.031746031746031744,0.09099151939153671,0.035717472434043884,0.9993692636489868,0.816100537776947
f81,1,block16_oracle,1024,1024,16,32760,0.03223443223443223,0.08678629994392395,0.030212201178073883,0.9995439052581787,0.816100537776947
f81,1,block16_oracle,1024,1024,32,32760,0.03321123321123321,0.08160051703453064,0.026998478919267654,0.9996354579925537,0.816100537776947
f81,1,block16_oracle,1024,1024,64,32760,0.035164835164835165,0.07552862912416458,0.02486439049243927,0.9996907711029053,0.816100537776947
f81,1,block32_oracle,1024,1024,8,32760,0.031746031746031744,0.18965120613574982,0.07394328713417053,0.9973030686378479,0.7023946046829224
f81,1,block32_oracle,1024,1024,16,32760,0.03223443223443223,0.1817527860403061,0.0641823261976242,0.9979472160339355,0.7023946046829224
f81,1,block32_oracle,1024,1024,32,32760,0.03321123321123321,0.17040835320949554,0.0599520243704319,0.9982054233551025,0.7023946046829224
f81,1,block32_oracle,1024,1024,64,32760,0.035164835164835165,0.15644052624702454,0.05261845514178276,0.9986146688461304,0.7023946046829224
f81,1,block64_oracle,1024,1024,8,32760,0.031746031746031744,0.2968917787075043,0.11393973231315613,0.993565559387207,0.6040807962417603
f81,1,block64_oracle,1024,1024,16,32760,0.03223443223443223,0.2859089970588684,0.1013074666261673,0.9948778748512268,0.6040807962417603
f81,1,block64_oracle,1024,1024,32,32760,0.03321123321123321,0.2689761519432068,0.0946895107626915,0.9955172538757324,0.6040807962417603
f81,1,block64_oracle,1024,1024,64,32760,0.035164835164835165,0.24597182869911194,0.08216162770986557,0.996618926525116,0.6040807962417603
f81,1,block128_oracle,1024,1024,8,32760,0.031746031746031744,0.3400031626224518,0.1229025349020958,0.9924595952033997,0.5756081938743591
f81,1,block128_oracle,1024,1024,16,32760,0.03223443223443223,0.3285033106803894,0.11254221946001053,0.9936559200286865,0.5756081938743591
f81,1,block128_oracle,1024,1024,32,32760,0.03321123321123321,0.3105420470237732,0.10531847178936005,0.9944403171539307,0.5756081938743591
f81,1,block128_oracle,1024,1024,64,32760,0.035164835164835165,0.28556668758392334,0.09505011141300201,0.9954732060432434,0.5756081938743591
f81,2,token_topk_oracle,64,64,8,32760,0.002442002442002442,0.15137054026126862,0.07001689076423645,0.9975457787513733,0.0064532570540905
f81,2,token_topk_oracle,64,64,16,32760,0.0029304029304029304,0.10900778323411942,0.027787737548351288,0.9996138215065002,0.0064532570540905
f81,2,token_topk_oracle,64,64,32,32760,0.003907203907203907,0.09384527057409286,0.02336219511926174,0.9997269511222839,0.0064532570540905
f81,2,token_topk_oracle,64,64,64,32760,0.005860805860805861,0.07881380617618561,0.014913777820765972,0.9998886585235596,0.0064532570540905
f81,2,block16_oracle,64,64,8,32760,0.002442002442002442,0.14140531420707703,0.06743384897708893,0.9977235794067383,0.0031081102788448334
f81,2,block16_oracle,64,64,16,32760,0.0029304029304029304,0.09051663428544998,0.028858475387096405,0.9995834827423096,0.0031081102788448334
f81,2,block16_oracle,64,64,32,32760,0.003907203907203907,0.0740981176495552,0.022570379078388214,0.9997451901435852,0.0031081102788448334
f81,2,block16_oracle,64,64,64,32760,0.005860805860805861,0.059125836938619614,0.013048266060650349,0.9999147653579712,0.0031081102788448334
f81,2,block32_oracle,64,64,8,32760,0.002442002442002442,0.14063876867294312,0.06741934269666672,0.9977246522903442,0.0029078186489641666
f81,2,block32_oracle,64,64,16,32760,0.0029304029304029304,0.08927621692419052,0.029015472158789635,0.9995788931846619,0.0029078186489641666
f81,2,block32_oracle,64,64,32,32760,0.003907203907203907,0.07314285635948181,0.022236160933971405,0.9997527599334717,0.0029078186489641666
f81,2,block32_oracle,64,64,64,32760,0.005860805860805861,0.05876987800002098,0.012966446578502655,0.9999158382415771,0.0029078186489641666
f81,2,block64_oracle,64,64,8,32760,0.002442002442002442,0.1401139497756958,0.06733892858028412,0.9977301359176636,0.0028029459062963724
f81,2,block64_oracle,64,64,16,32760,0.0029304029304029304,0.08848877996206284,0.02914145402610302,0.9995751976966858,0.0028029459062963724
f81,2,block64_oracle,64,64,32,32760,0.003907203907203907,0.072316013276577,0.022042617201805115,0.9997568726539612,0.0028029459062963724
f81,2,block64_oracle,64,64,64,32760,0.005860805860805861,0.05780914053320885,0.013335863128304482,0.9999109506607056,0.0028029459062963724
f81,2,block128_oracle,64,128,8,32760,0.004395604395604396,0.14859648048877716,0.06690853089094162,0.9977589845657349,0.005479379557073116
f81,2,block128_oracle,64,128,16,32760,0.004884004884004884,0.1031707301735878,0.028873808681964874,0.9995830059051514,0.005479379557073116
f81,2,block128_oracle,64,128,32,32760,0.005860805860805861,0.08896052837371826,0.022632231935858727,0.9997438192367554,0.005479379557073116
f81,2,block128_oracle,64,128,64,32760,0.007814407814407814,0.07439511269330978,0.016487538814544678,0.9998639822006226,0.005479379557073116
f81,2,token_topk_oracle,128,128,8,32760,0.004395604395604396,0.1631537228822708,0.07925938069820404,0.9968541264533997,0.011780882254242897
f81,2,token_topk_oracle,128,128,16,32760,0.004884004884004884,0.12652289867401123,0.027537036687135696,0.999620795249939,0.011780882254242897
f81,2,token_topk_oracle,128,128,32,32760,0.005860805860805861,0.11079413443803787,0.024644751101732254,0.9996961951255798,0.011780882254242897
f81,2,token_topk_oracle,128,128,64,32760,0.007814407814407814,0.09533194452524185,0.016795486211776733,0.9998588562011719,0.011780882254242897
f81,2,block16_oracle,128,128,8,32760,0.004395604395604396,0.15059037506580353,0.06675784289836884,0.9977691173553467,0.006081890314817429
f81,2,block16_oracle,128,128,16,32760,0.004884004884004884,0.1056707501411438,0.0284271277487278,0.9995957612991333,0.006081890314817429
f81,2,block16_oracle,128,128,32,32760,0.005860805860805861,0.09039292484521866,0.02318672277033329,0.9997310638427734,0.006081890314817429
f81,2,block16_oracle,128,128,64,32760,0.007814407814407814,0.07549156993627548,0.01546418946236372,0.9998803734779358,0.006081890314817429
f81,2,block32_oracle,128,128,8,32760,0.004395604395604396,0.1495613008737564,0.06693235784769058,0.9977573752403259,0.005734188016504049
f81,2,block32_oracle,128,128,16,32760,0.004884004884004884,0.10430069267749786,0.028614256531000137,0.9995905160903931,0.005734188016504049
f81,2,block32_oracle,128,128,32,32760,0.005860805860805861,0.08966834843158722,0.023834001272916794,0.9997159242630005,0.005734188016504049
f81,2,block32_oracle,128,128,64,32760,0.007814407814407814,0.07516182214021683,0.015759551897644997,0.9998757839202881,0.005734188016504049
f81,2,block64_oracle,128,128,8,32760,0.004395604395604396,0.1487814038991928,0.06689818203449249,0.9977597594261169,0.005555053241550922
f81,2,block64_oracle,128,128,16,32760,0.004884004884004884,0.10323511064052582,0.028751395642757416,0.9995865821838379,0.005555053241550922
f81,2,block64_oracle,128,128,32,32760,0.005860805860805861,0.08880804479122162,0.0234647486358881,0.9997246861457825,0.005555053241550922
f81,2,block64_oracle,128,128,64,32760,0.007814407814407814,0.07411521673202515,0.01576824299991131,0.9998756647109985,0.005555053241550922
f81,2,block128_oracle,128,128,8,32760,0.004395604395604396,0.14859646558761597,0.06690849363803864,0.9977590441703796,0.005479379557073116
f81,2,block128_oracle,128,128,16,32760,0.004884004884004884,0.10317068547010422,0.028873419389128685,0.9995831251144409,0.005479379557073116
f81,2,block128_oracle,128,128,32,32760,0.005860805860805861,0.08896780759096146,0.02265327237546444,0.9997432827949524,0.005479379557073116
f81,2,block128_oracle,128,128,64,32760,0.007814407814407814,0.07443435490131378,0.01613171026110649,0.9998698234558105,0.005479379557073116
f81,2,token_topk_oracle,256,256,8,32760,0.008302808302808303,0.17991001904010773,0.07641131430864334,0.997076690196991,0.02143184095621109
f81,2,token_topk_oracle,256,256,16,32760,0.008791208791208791,0.14886631071567535,0.031138204038143158,0.9995149970054626,0.02143184095621109
f81,2,token_topk_oracle,256,256,32,32760,0.009768009768009768,0.13181869685649872,0.02385997772216797,0.9997153282165527,0.02143184095621109
f81,2,token_topk_oracle,256,256,64,32760,0.011721611721611722,0.11544232070446014,0.018084460869431496,0.9998365044593811,0.02143184095621109
f81,2,block16_oracle,256,256,8,32760,0.008302808302808303,0.16611248254776,0.06566985696554184,0.9978413581848145,0.011868255212903023
f81,2,block16_oracle,256,256,16,32760,0.008791208791208791,0.12842637300491333,0.028478773310780525,0.9995943307876587,0.011868255212903023
f81,2,block16_oracle,256,256,32,32760,0.009768009768009768,0.11274589598178864,0.024388369172811508,0.9997024536132812,0.011868255212903023
f81,2,block16_oracle,256,256,64,32760,0.011721611721611722,0.09621011465787888,0.018038000911474228,0.9998372197151184,0.011868255212903023
f81,2,block32_oracle,256,256,8,32760,0.008302808302808303,0.16491256654262543,0.06600335240364075,0.9978193640708923,0.011277224868535995
f81,2,block32_oracle,256,256,16,32760,0.008791208791208791,0.12711140513420105,0.027985358610749245,0.9996082186698914,0.011277224868535995
f81,2,block32_oracle,256,256,32,32760,0.009768009768009768,0.11194261163473129,0.024535322561860085,0.9996988773345947,0.011277224868535995
f81,2,block32_oracle,256,256,64,32760,0.011721611721611722,0.09500154852867126,0.018691526725888252,0.9998253583908081,0.011277224868535995
f81,2,block64_oracle,256,256,8,32760,0.008302808302808303,0.16389544308185577,0.06621069461107254,0.9978057146072388,0.010977434925734997
f81,2,block64_oracle,256,256,16,32760,0.008791208791208791,0.1259513646364212,0.028274253010749817,0.9996001720428467,0.010977434925734997
f81,2,block64_oracle,256,256,32,32760,0.009768009768009768,0.11133129894733429,0.024296725168824196,0.9997047781944275,0.010977434925734997
f81,2,block64_oracle,256,256,64,32760,0.011721611721611722,0.09356024116277695,0.019339919090270996,0.9998129606246948,0.010977434925734997
f81,2,block128_oracle,256,256,8,32760,0.008302808302808303,0.1637420654296875,0.06617724150419235,0.9978078007698059,0.010855643078684807
f81,2,block128_oracle,256,256,16,32760,0.008791208791208791,0.12587416172027588,0.028718149289488792,0.9995875358581543,0.010855643078684807
f81,2,block128_oracle,256,256,32,32760,0.009768009768009768,0.11101703345775604,0.025093061849474907,0.9996851086616516,0.010855643078684807
f81,2,block128_oracle,256,256,64,32760,0.011721611721611722,0.09104076027870178,0.020404595881700516,0.9997917413711548,0.010855643078684807
f81,2,token_topk_oracle,512,512,8,32760,0.016117216117216115,0.20230107009410858,0.06887638568878174,0.9976258277893066,0.03885022550821304
f81,2,token_topk_oracle,512,512,16,32760,0.016605616605616606,0.1756502389907837,0.034499213099479675,0.9994046688079834,0.03885022550821304
f81,2,token_topk_oracle,512,512,32,32760,0.017582417582417582,0.15638627111911774,0.021748052909970284,0.9997634887695312,0.03885022550821304
f81,2,token_topk_oracle,512,512,64,32760,0.019536019536019536,0.13835002481937408,0.01828160136938095,0.9998327493667603,0.03885022550821304
f81,2,block16_oracle,512,512,8,32760,0.016117216117216115,0.1903626024723053,0.06402809917926788,0.9979480504989624,0.023087983950972557
f81,2,block16_oracle,512,512,16,32760,0.016605616605616606,0.1591525375843048,0.033771660178899765,0.9994295835494995,0.023087983950972557
f81,2,block16_oracle,512,512,32,32760,0.017582417582417582,0.1401756852865219,0.02556893229484558,0.9996730089187622,0.023087983950972557
f81,2,block16_oracle,512,512,64,32760,0.019536019536019536,0.11971445381641388,0.020623093470931053,0.9997872114181519,0.023087983950972557
f81,2,block32_oracle,512,512,8,32760,0.016117216117216115,0.1892137974500656,0.06476922333240509,0.9979002475738525,0.022098775953054428
f81,2,block32_oracle,512,512,16,32760,0.016605616605616606,0.15779705345630646,0.033889975398778915,0.9994255304336548,0.022098775953054428
f81,2,block32_oracle,512,512,32,32760,0.017582417582417582,0.13836415112018585,0.02603595145046711,0.9996609687805176,0.022098775953054428
f81,2,block32_oracle,512,512,64,32760,0.019536019536019536,0.1166907399892807,0.021282603964209557,0.999773383140564,0.022098775953054428
f81,2,block64_oracle,512,512,8,32760,0.016117216117216115,0.188320592045784,0.06501971185207367,0.9978839159011841,0.021619059145450592
f81,2,block64_oracle,512,512,16,32760,0.016605616605616606,0.15682543814182281,0.034536443650722504,0.9994034171104431,0.021619059145450592
f81,2,block64_oracle,512,512,32,32760,0.017582417582417582,0.1362713873386383,0.026484521105885506,0.9996492266654968,0.021619059145450592
f81,2,block64_oracle,512,512,64,32760,0.019536019536019536,0.11158876121044159,0.02238558977842331,0.9997493028640747,0.021619059145450592
f81,2,block128_oracle,512,512,8,32760,0.016117216117216115,0.18823474645614624,0.06519198417663574,0.9978727102279663,0.021431520581245422
f81,2,block128_oracle,512,512,16,32760,0.016605616605616606,0.15687407553195953,0.0347876101732254,0.9993946552276611,0.021431520581245422
f81,2,block128_oracle,512,512,32,32760,0.017582417582417582,0.13504022359848022,0.026853147894144058,0.9996393322944641,0.021431520581245422
f81,2,block128_oracle,512,512,64,32760,0.019536019536019536,0.10619004815816879,0.023535463958978653,0.999722957611084,0.021431520581245422
f81,2,token_topk_oracle,1024,1024,8,32760,0.031746031746031744,0.2297333925962448,0.05613958463072777,0.9984242916107178,0.07009994238615036
f81,2,token_topk_oracle,1024,1024,16,32760,0.03223443223443223,0.20527729392051697,0.03346554562449455,0.99944007396698,0.07009994238615036
f81,2,token_topk_oracle,1024,1024,32,32760,0.03321123321123321,0.18338780105113983,0.020141595974564552,0.9997971057891846,0.07009994238615036
f81,2,token_topk_oracle,1024,1024,64,32760,0.035164835164835165,0.16318783164024353,0.0164959654211998,0.9998639822006226,0.07009994238615036
f81,2,block16_oracle,1024,1024,8,32760,0.031746031746031744,0.22404101490974426,0.06189173460006714,0.9980827569961548,0.04472005367279053
f81,2,block16_oracle,1024,1024,16,32760,0.03223443223443223,0.19547009468078613,0.04522624611854553,0.9989768266677856,0.04472005367279053
f81,2,block16_oracle,1024,1024,32,32760,0.03321123321123321,0.16950708627700806,0.026983793824911118,0.9996358752250671,0.04472005367279053
f81,2,block16_oracle,1024,1024,64,32760,0.035164835164835165,0.1429988294839859,0.022714128717780113,0.9997420310974121,0.04472005367279053
f81,2,block32_oracle,1024,1024,8,32760,0.031746031746031744,0.22342894971370697,0.063356414437294,0.9979909658432007,0.043110623955726624
f81,2,block32_oracle,1024,1024,16,32760,0.03223443223443223,0.1924872249364853,0.05148503929376602,0.998673677444458,0.043110623955726624
f81,2,block32_oracle,1024,1024,32,32760,0.03321123321123321,0.16499289870262146,0.03159675747156143,0.9995006918907166,0.043110623955726624
f81,2,block32_oracle,1024,1024,64,32760,0.035164835164835165,0.13608969748020172,0.023106079548597336,0.9997329711914062,0.043110623955726624
f81,2,block64_oracle,1024,1024,8,32760,0.031746031746031744,0.22270113229751587,0.06323439627885818,0.9979987144470215,0.0423574335873127
f81,2,block64_oracle,1024,1024,16,32760,0.03223443223443223,0.18947646021842957,0.05420457571744919,0.9985297918319702,0.0423574335873127
f81,2,block64_oracle,1024,1024,32,32760,0.03321123321123321,0.1568378061056137,0.03279046714305878,0.9994621276855469,0.0423574335873127
f81,2,block64_oracle,1024,1024,64,32760,0.035164835164835165,0.12461362779140472,0.023313229903578758,0.9997280836105347,0.0423574335873127
f81,2,block128_oracle,1024,1024,8,32760,0.031746031746031744,0.2226455807685852,0.06351712346076965,0.9979807138442993,0.0420554019510746
f81,2,block128_oracle,1024,1024,16,32760,0.03223443223443223,0.1884864717721939,0.05453607067465782,0.998511791229248,0.0420554019510746
f81,2,block128_oracle,1024,1024,32,32760,0.03321123321123321,0.15220309793949127,0.03351706266403198,0.9994380474090576,0.0420554019510746
f81,2,block128_oracle,1024,1024,64,32760,0.035164835164835165,0.1145612820982933,0.023760374635457993,0.9997175931930542,0.0420554019510746
f81,3,token_topk_oracle,64,64,8,32760,0.002442002442002442,0.09959330409765244,0.04611526057124138,0.998936116695404,0.005143160931766033
f81,3,token_topk_oracle,64,64,16,32760,0.0029304029304029304,0.0824548676609993,0.029181160032749176,0.9995740652084351,0.005143160931766033
f81,3,token_topk_oracle,64,64,32,32760,0.003907203907203907,0.06864462792873383,0.021979786455631256,0.9997584819793701,0.005143160931766033
f81,3,token_topk_oracle,64,64,64,32760,0.005860805860805861,0.055737558752298355,0.012153795920312405,0.9999261498451233,0.005143160931766033
f81,3,block16_oracle,64,64,8,32760,0.002442002442002442,0.08473902195692062,0.0506427101790905,0.9987168312072754,0.002641884610056877
f81,3,block16_oracle,64,64,16,32760,0.0029304029304029304,0.06447545439004898,0.030860470607876778,0.9995236396789551,0.002641884610056877
f81,3,block16_oracle,64,64,32,32760,0.003907203907203907,0.048769403249025345,0.019456753507256508,0.9998106956481934,0.002641884610056877
f81,3,block16_oracle,64,64,64,32760,0.005860805860805861,0.03440437838435173,0.01057364884763956,0.9999441504478455,0.002641884610056877
f81,3,block32_oracle,64,64,8,32760,0.002442002442002442,0.0835752934217453,0.05103394761681557,0.9986969232559204,0.0024288890417665243
f81,3,block32_oracle,64,64,16,32760,0.0029304029304029304,0.06323187053203583,0.030947981402277946,0.999521017074585,0.0024288890417665243
f81,3,block32_oracle,64,64,32,32760,0.003907203907203907,0.04730194807052612,0.02066543884575367,0.9997864961624146,0.0024288890417665243
f81,3,block32_oracle,64,64,64,32760,0.005860805860805861,0.031476713716983795,0.01043424941599369,0.9999455809593201,0.0024288890417665243
f81,3,block64_oracle,64,64,8,32760,0.002442002442002442,0.08261912316083908,0.05124602094292641,0.9986860156059265,0.002318542916327715
f81,3,block64_oracle,64,64,16,32760,0.0029304029304029304,0.061240360140800476,0.031047720462083817,0.9995179176330566,0.002318542916327715
f81,3,block64_oracle,64,64,32,32760,0.003907203907203907,0.04305603727698326,0.022264160215854645,0.9997520446777344,0.002318542916327715
f81,3,block64_oracle,64,64,64,32760,0.005860805860805861,0.02502877078950405,0.009688211604952812,0.9999530911445618,0.002318542916327715
f81,3,block128_oracle,64,128,8,32760,0.004395604395604396,0.09216884523630142,0.05195853114128113,0.9986491799354553,0.004460388794541359
f81,3,block128_oracle,64,128,16,32760,0.004884004884004884,0.07119536399841309,0.03260309621691704,0.9994683861732483,0.004460388794541359
f81,3,block128_oracle,64,128,32,32760,0.005860805860805861,0.05022693797945976,0.024940168485045433,0.9996889233589172,0.004460388794541359
f81,3,block128_oracle,64,128,64,32760,0.007814407814407814,0.029407018795609474,0.01203214656561613,0.9999276995658875,0.004460388794541359
f81,3,token_topk_oracle,128,128,8,32760,0.004395604395604396,0.11422103643417358,0.044175390154123306,0.9990237951278687,0.00951407290995121
f81,3,token_topk_oracle,128,128,16,32760,0.004884004884004884,0.09617587924003601,0.028542514890432358,0.9995925426483154,0.00951407290995121
f81,3,token_topk_oracle,128,128,32,32760,0.005860805860805861,0.08182933926582336,0.02339593693614006,0.9997262358665466,0.00951407290995121
f81,3,token_topk_oracle,128,128,64,32760,0.007814407814407814,0.06807229667901993,0.014164662919938564,0.999899685382843,0.00951407290995121
f81,3,block16_oracle,128,128,8,32760,0.004395604395604396,0.0947190374135971,0.05107896402478218,0.9986945986747742,0.005175321362912655
f81,3,block16_oracle,128,128,16,32760,0.004884004884004884,0.07444153726100922,0.031204918399453163,0.9995130896568298,0.005175321362912655
f81,3,block16_oracle,128,128,32,32760,0.005860805860805861,0.05796535313129425,0.021599074825644493,0.9997667670249939,0.005175321362912655
f81,3,block16_oracle,128,128,64,32760,0.007814407814407814,0.043491728603839874,0.01272561028599739,0.9999191164970398,0.005175321362912655
f81,3,block32_oracle,128,128,8,32760,0.004395604395604396,0.09394463151693344,0.05176214873790741,0.9986594915390015,0.004802108742296696
f81,3,block32_oracle,128,128,16,32760,0.004884004884004884,0.0743703842163086,0.03107164055109024,0.9995172023773193,0.004802108742296696
f81,3,block32_oracle,128,128,32,32760,0.005860805860805861,0.05767510458827019,0.023584047332406044,0.999721884727478,0.004802108742296696
f81,3,block32_oracle,128,128,64,32760,0.007814407814407814,0.041393816471099854,0.012969446368515491,0.9999158382415771,0.004802108742296696
f81,3,block64_oracle,128,128,8,32760,0.004395604395604396,0.09211824834346771,0.05196237564086914,0.9986491203308105,0.004602858796715736
f81,3,block64_oracle,128,128,16,32760,0.004884004884004884,0.07094178348779678,0.031756442040205,0.9994956254959106,0.004602858796715736
f81,3,block64_oracle,128,128,32,32760,0.005860805860805861,0.05156946927309036,0.02391400933265686,0.9997140169143677,0.004602858796715736
f81,3,block64_oracle,128,128,64,32760,0.007814407814407814,0.03203706070780754,0.012269663624465466,0.9999247193336487,0.004602858796715736
f81,3,block128_oracle,128,128,8,32760,0.004395604395604396,0.09216883778572083,0.05195850506424904,0.9986492395401001,0.004460388794541359
f81,3,block128_oracle,128,128,16,32760,0.004884004884004884,0.07119536399841309,0.03260426968336105,0.9994683861732483,0.004460388794541359
f81,3,block128_oracle,128,128,32,32760,0.005860805860805861,0.05022621527314186,0.024942902848124504,0.9996889233589172,0.004460388794541359
f81,3,block128_oracle,128,128,64,32760,0.007814407814407814,0.029310954734683037,0.012207872234284878,0.9999254941940308,0.004460388794541359
f81,3,token_topk_oracle,256,256,8,32760,0.008302808302808303,0.132339209318161,0.04421878978610039,0.9990220069885254,0.01753372885286808
f81,3,token_topk_oracle,256,256,16,32760,0.008791208791208791,0.11356841772794724,0.029807740822434425,0.9995557069778442,0.01753372885286808
f81,3,token_topk_oracle,256,256,32,32760,0.009768009768009768,0.0984293594956398,0.023193353787064552,0.9997310638427734,0.01753372885286808
f81,3,token_topk_oracle,256,256,64,32760,0.011721611721611722,0.08367203176021576,0.01694456674158573,0.9998564124107361,0.01753372885286808
f81,3,block16_oracle,256,256,8,32760,0.008302808302808303,0.11029457300901413,0.052002616226673126,0.9986469149589539,0.010113419033586979
f81,3,block16_oracle,256,256,16,32760,0.008791208791208791,0.08860984444618225,0.032134316861629486,0.9994834661483765,0.010113419033586979
f81,3,block16_oracle,256,256,32,32760,0.009768009768009768,0.0710742324590683,0.024339372292160988,0.9997038245201111,0.010113419033586979
f81,3,block16_oracle,256,256,64,32760,0.011721611721611722,0.0555732361972332,0.014973501674830914,0.9998879432678223,0.010113419033586979
f81,3,block32_oracle,256,256,8,32760,0.008302808302808303,0.1096782386302948,0.052995819598436356,0.9985947608947754,0.009472912177443504
f81,3,block32_oracle,256,256,16,32760,0.008791208791208791,0.08921132981777191,0.03437444195151329,0.9994090795516968,0.009472912177443504
f81,3,block32_oracle,256,256,32,32760,0.009768009768009768,0.07061705738306046,0.025741739198565483,0.9996686577796936,0.009472912177443504
f81,3,block32_oracle,256,256,64,32760,0.011721611721611722,0.05355333536863327,0.016176864504814148,0.999869167804718,0.009472912177443504
f81,3,block64_oracle,256,256,8,32760,0.008302808302808303,0.10704202204942703,0.0531851127743721,0.9985846877098083,0.009117355570197105
f81,3,block64_oracle,256,256,16,32760,0.008791208791208791,0.08452033251523972,0.035702068358659744,0.9993625283241272,0.009117355570197105
f81,3,block64_oracle,256,256,32,32760,0.009768009768009768,0.06411851197481155,0.026701917871832848,0.9996434450149536,0.009117355570197105
f81,3,block64_oracle,256,256,64,32760,0.011721611721611722,0.04406476020812988,0.016296831890940666,0.9998672008514404,0.009117355570197105
f81,3,block128_oracle,256,256,8,32760,0.008302808302808303,0.10761373490095139,0.05321156978607178,0.9985832571983337,0.008876645006239414
f81,3,block128_oracle,256,256,16,32760,0.008791208791208791,0.08650249987840652,0.0366138331592083,0.9993295073509216,0.008876645006239414
f81,3,block128_oracle,256,256,32,32760,0.009768009768009768,0.0629943460226059,0.028065860271453857,0.9996060729026794,0.008876645006239414
f81,3,block128_oracle,256,256,64,32760,0.011721611721611722,0.03690563887357712,0.016611410304903984,0.999862015247345,0.008876645006239414
f81,3,token_topk_oracle,512,512,8,32760,0.016117216117216115,0.15422959625720978,0.03963308781385422,0.9992145895957947,0.032200343906879425
f81,3,token_topk_oracle,512,512,16,32760,0.016605616605616606,0.13423596322536469,0.028256628662347794,0.9996007680892944,0.032200343906879425
f81,3,token_topk_oracle,512,512,32,32760,0.017582417582417582,0.1180352047085762,0.02244676649570465,0.9997481107711792,0.032200343906879425
f81,3,token_topk_oracle,512,512,64,32760,0.019536019536019536,0.1018519401550293,0.017235450446605682,0.9998514652252197,0.032200343906879425
f81,3,block16_oracle,512,512,8,32760,0.016117216117216115,0.1315605640411377,0.05502796918153763,0.9984849095344543,0.01972527615725994
f81,3,block16_oracle,512,512,16,32760,0.016605616605616606,0.10763154923915863,0.03718648478388786,0.9993084073066711,0.01972527615725994
f81,3,block16_oracle,512,512,32,32760,0.017582417582417582,0.08918885141611099,0.02650349587202072,0.9996488094329834,0.01972527615725994
f81,3,block16_oracle,512,512,64,32760,0.019536019536019536,0.07249590009450912,0.017515644431114197,0.9998465776443481,0.01972527615725994
f81,3,block32_oracle,512,512,8,32760,0.016117216117216115,0.13177908957004547,0.0556994266808033,0.998447597026825,0.01864977553486824
f81,3,block32_oracle,512,512,16,32760,0.016605616605616606,0.10748226195573807,0.03829538822174072,0.999266505241394,0.01864977553486824
f81,3,block32_oracle,512,512,32,32760,0.017582417582417582,0.08741746842861176,0.02796083316206932,0.9996090531349182,0.01864977553486824
f81,3,block32_oracle,512,512,64,32760,0.019536019536019536,0.0689026415348053,0.01812678389251232,0.999835729598999,0.01864977553486824
f81,3,block64_oracle,512,512,8,32760,0.016117216117216115,0.12929296493530273,0.05506730079650879,0.9984827041625977,0.01802954263985157
f81,3,block64_oracle,512,512,16,32760,0.016605616605616606,0.10425172001123428,0.03809517249464989,0.9992741346359253,0.01802954263985157
f81,3,block64_oracle,512,512,32,32760,0.017582417582417582,0.08322080224752426,0.029203012585639954,0.9995734691619873,0.01802954263985157
f81,3,block64_oracle,512,512,64,32760,0.019536019536019536,0.062077853828668594,0.019385870546102524,0.9998121857643127,0.01802954263985157
f81,3,block128_oracle,512,512,8,32760,0.016117216117216115,0.12866583466529846,0.057388078421354294,0.9983518719673157,0.017635606229305267
f81,3,block128_oracle,512,512,16,32760,0.016605616605616606,0.10320182144641876,0.039944350719451904,0.9992019534111023,0.017635606229305267
f81,3,block128_oracle,512,512,32,32760,0.017582417582417582,0.07770716398954391,0.02971791848540306,0.9995582699775696,0.017635606229305267
f81,3,block128_oracle,512,512,64,32760,0.019536019536019536,0.049968402832746506,0.02046341449022293,0.999790608882904,0.017635606229305267
f81,3,token_topk_oracle,1024,1024,8,32760,0.031746031746031744,0.17891284823417664,0.034063152968883514,0.9994202852249146,0.05891929194331169
f81,3,token_topk_oracle,1024,1024,16,32760,0.03223443223443223,0.15827268362045288,0.023762768134474754,0.9997178316116333,0.05891929194331169
f81,3,token_topk_oracle,1024,1024,32,32760,0.03321123321123321,0.14050137996673584,0.020067894831299782,0.9997985363006592,0.05891929194331169
f81,3,token_topk_oracle,1024,1024,64,32760,0.035164835164835165,0.12260253727436066,0.017441099509596825,0.999847948551178,0.05891929194331169
f81,3,block16_oracle,1024,1024,8,32760,0.031746031746031744,0.15724676847457886,0.05481969192624092,0.9984963536262512,0.038407228887081146
f81,3,block16_oracle,1024,1024,16,32760,0.03223443223443223,0.13055187463760376,0.03837807849049568,0.9992632865905762,0.038407228887081146
f81,3,block16_oracle,1024,1024,32,32760,0.03321123321123321,0.11054252088069916,0.027563441544771194,0.9996200203895569,0.038407228887081146
f81,3,block16_oracle,1024,1024,64,32760,0.035164835164835165,0.09199792146682739,0.020070306956768036,0.999798595905304,0.038407228887081146
f81,3,block32_oracle,1024,1024,8,32760,0.031746031746031744,0.15737943351268768,0.05767500773072243,0.9983354806900024,0.036647897213697433
f81,3,block32_oracle,1024,1024,16,32760,0.03223443223443223,0.12993387877941132,0.04136328399181366,0.9991441965103149,0.036647897213697433
f81,3,block32_oracle,1024,1024,32,32760,0.03321123321123321,0.10817140340805054,0.02981627732515335,0.9995552897453308,0.036647897213697433
f81,3,block32_oracle,1024,1024,64,32760,0.035164835164835165,0.08776070177555084,0.02274860069155693,0.9997413158416748,0.036647897213697433
f81,3,block64_oracle,1024,1024,8,32760,0.031746031746031744,0.1560465693473816,0.053088124841451645,0.998589813709259,0.0356045626103878
f81,3,block64_oracle,1024,1024,16,32760,0.03223443223443223,0.128290593624115,0.043835822492837906,0.9990387558937073,0.0356045626103878
f81,3,block64_oracle,1024,1024,32,32760,0.03321123321123321,0.10539733618497849,0.03132455050945282,0.9995092749595642,0.0356045626103878
f81,3,block64_oracle,1024,1024,64,32760,0.035164835164835165,0.0827588215470314,0.023825954645872116,0.9997161626815796,0.0356045626103878
f81,3,block128_oracle,1024,1024,8,32760,0.031746031746031744,0.1539907604455948,0.05569842830300331,0.9984476566314697,0.034966763108968735
f81,3,block128_oracle,1024,1024,16,32760,0.03223443223443223,0.12375083565711975,0.04418346285820007,0.9990233778953552,0.034966763108968735
f81,3,block128_oracle,1024,1024,32,32760,0.03321123321123321,0.09766173362731934,0.03438916429877281,0.9994085431098938,0.034966763108968735
f81,3,block128_oracle,1024,1024,64,32760,0.035164835164835165,0.06801507622003555,0.02491840533912182,0.9996894598007202,0.034966763108968735
f81,4,token_topk_oracle,64,64,8,32760,0.002442002442002442,0.03003346174955368,0.06041838973760605,0.9985523223876953,0.8896902799606323
f81,4,token_topk_oracle,64,64,16,32760,0.0029304029304029304,0.028979843482375145,0.027466928586363792,0.9996278285980225,0.8896902799606323
f81,4,token_topk_oracle,64,64,32,32760,0.003907203907203907,0.027718527242541313,0.02537047676742077,0.9996805191040039,0.8896902799606323
f81,4,token_topk_oracle,64,64,64,32760,0.005860805860805861,0.025940436869859695,0.023313062265515327,0.9997291564941406,0.8896902799606323
f81,4,block16_oracle,64,64,8,32760,0.002442002442002442,0.2943976819515228,0.3385702669620514,0.9463422298431396,0.5977028608322144
f81,4,block16_oracle,64,64,16,32760,0.0029304029304029304,0.2906719446182251,0.33244454860687256,0.9479972720146179,0.5977028608322144
f81,4,block16_oracle,64,64,32,32760,0.003907203907203907,0.2839582860469818,0.32004570960998535,0.9512661695480347,0.5977028608322144
f81,4,block16_oracle,64,64,64,32760,0.005860805860805861,0.2721322476863861,0.3025345206260681,0.9559310674667358,0.5977028608322144
f81,4,block32_oracle,64,64,8,32760,0.002442002442002442,0.5253748893737793,0.5454270839691162,0.8483007550239563,0.410642147064209
f81,4,block32_oracle,64,64,16,32760,0.0029304029304029304,0.5193580389022827,0.5384287238121033,0.8520886301994324,0.410642147064209
f81,4,block32_oracle,64,64,32,32760,0.003907203907203907,0.5087513327598572,0.5274889469146729,0.8578226566314697,0.410642147064209
f81,4,block32_oracle,64,64,64,32760,0.005860805860805861,0.48952868580818176,0.5049847960472107,0.8695308566093445,0.410642147064209
f81,4,block64_oracle,64,64,8,32760,0.002442002442002442,0.6639627814292908,0.6749623417854309,0.7488738894462585,0.2974976897239685
f81,4,block64_oracle,64,64,16,32760,0.0029304029304029304,0.6565583348274231,0.6677300930023193,0.754683256149292,0.2974976897239685
f81,4,block64_oracle,64,64,32,32760,0.003907203907203907,0.6427613496780396,0.6485456824302673,0.76922607421875,0.2974976897239685
f81,4,block64_oracle,64,64,64,32760,0.005860805860805861,0.6173008680343628,0.6275869607925415,0.7850022315979004,0.2974976897239685
f81,4,block128_oracle,64,128,8,32760,0.004395604395604396,0.5174633264541626,0.5292399525642395,0.8581892251968384,0.4494708180427551
f81,4,block128_oracle,64,128,16,32760,0.004884004884004884,0.5102282762527466,0.5231019258499146,0.8614230751991272,0.4494708180427551
f81,4,block128_oracle,64,128,32,32760,0.005860805860805861,0.4979478418827057,0.5117595195770264,0.8671748638153076,0.4494708180427551
f81,4,block128_oracle,64,128,64,32760,0.007814407814407814,0.4768598973751068,0.49057042598724365,0.8779743909835815,0.4494708180427551
f81,4,token_topk_oracle,128,128,8,32760,0.004395604395604396,0.013701646588742733,0.02276991307735443,0.9997702836990356,0.9371700286865234
f81,4,token_topk_oracle,128,128,16,32760,0.004884004884004884,0.013108380138874054,0.0123067582026124,0.9999252557754517,0.9371700286865234
f81,4,token_topk_oracle,128,128,32,32760,0.005860805860805861,0.012443659827113152,0.010912293568253517,0.9999407529830933,0.9371700286865234
f81,4,token_topk_oracle,128,128,64,32760,0.007814407814407814,0.011587866581976414,0.009895937517285347,0.9999509453773499,0.9371700286865234
f81,4,block16_oracle,128,128,8,32760,0.004395604395604396,0.14082135260105133,0.17973415553569794,0.9860445857048035,0.7692716121673584
f81,4,block16_oracle,128,128,16,32760,0.004884004884004884,0.13868042826652527,0.1660829335451126,0.9875717759132385,0.7692716121673584
f81,4,block16_oracle,128,128,32,32760,0.005860805860805861,0.13482755422592163,0.15292486548423767,0.989123523235321,0.7692716121673584
f81,4,block16_oracle,128,128,64,32760,0.007814407814407814,0.12796631455421448,0.14383018016815186,0.9902857542037964,0.7692716121673584
f81,4,block32_oracle,128,128,8,32760,0.004395604395604396,0.2866569757461548,0.32404717803001404,0.9511165618896484,0.619450032711029
f81,4,block32_oracle,128,128,16,32760,0.004884004884004884,0.2829953134059906,0.31795305013656616,0.9526270627975464,0.619450032711029
f81,4,block32_oracle,128,128,32,32760,0.005860805860805861,0.276500940322876,0.3052358627319336,0.9558053016662598,0.619450032711029
f81,4,block32_oracle,128,128,64,32760,0.007814407814407814,0.26517534255981445,0.2870999872684479,0.9603657722473145,0.619450032711029
f81,4,block64_oracle,128,128,8,32760,0.004395604395604396,0.4694642126560211,0.48707878589630127,0.8828133344650269,0.48285943269729614
f81,4,block64_oracle,128,128,16,32760,0.004884004884004884,0.46384644508361816,0.48149406909942627,0.8852099180221558,0.48285943269729614
f81,4,block64_oracle,128,128,32,32760,0.005860805860805861,0.45324963331222534,0.46680253744125366,0.8915083408355713,0.48285943269729614
f81,4,block64_oracle,128,128,64,32760,0.007814407814407814,0.4333172142505646,0.4481163024902344,0.8999741077423096,0.48285943269729614
f81,4,block128_oracle,128,128,8,32760,0.004395604395604396,0.5174093842506409,0.5292745232582092,0.8581616282463074,0.4494708180427551
f81,4,block128_oracle,128,128,16,32760,0.004884004884004884,0.5101304650306702,0.521867036819458,0.8623334765434265,0.4494708180427551
f81,4,block128_oracle,128,128,32,32760,0.005860805860805861,0.497802734375,0.5069007277488708,0.8698641061782837,0.4494708180427551
f81,4,block128_oracle,128,128,64,32760,0.007814407814407814,0.47682321071624756,0.4835764467716217,0.8813287615776062,0.4494708180427551
f81,4,token_topk_oracle,256,256,8,32760,0.008302808302808303,0.005668900441378355,0.006676694378256798,0.9999784827232361,0.9685930013656616
f81,4,token_topk_oracle,256,256,16,32760,0.008791208791208791,0.0053952946327626705,0.005188912618905306,0.9999866485595703,0.9685930013656616
f81,4,token_topk_oracle,256,256,32,32760,0.009768009768009768,0.005085958633571863,0.004316326230764389,0.9999905824661255,0.9685930013656616
f81,4,token_topk_oracle,256,256,64,32760,0.011721611721611722,0.004716409835964441,0.003905291436240077,0.9999922513961792,0.9685930013656616
f81,4,block16_oracle,256,256,8,32760,0.008302808302808303,0.05096760764718056,0.07250289618968964,0.9978262186050415,0.8851454257965088
f81,4,block16_oracle,256,256,16,32760,0.008791208791208791,0.049807507544755936,0.06032673642039299,0.9983542561531067,0.8851454257965088
f81,4,block16_oracle,256,256,32,32760,0.009768009768009768,0.0479402057826519,0.05012695863842964,0.9987989068031311,0.8851454257965088
f81,4,block16_oracle,256,256,64,32760,0.011721611721611722,0.044973358511924744,0.04667803272604942,0.9989503622055054,0.8851454257965088
f81,4,block32_oracle,256,256,8,32760,0.008302808302808303,0.13385367393493652,0.16512909531593323,0.9882016777992249,0.7941008806228638
f81,4,block32_oracle,256,256,16,32760,0.008791208791208791,0.13182486593723297,0.16007746756076813,0.9887531995773315,0.7941008806228638
f81,4,block32_oracle,256,256,32,32760,0.009768009768009768,0.12813463807106018,0.15362228453159332,0.9894787073135376,0.7941008806228638
f81,4,block32_oracle,256,256,64,32760,0.011721611721611722,0.12165598571300507,0.1403646022081375,0.9909728169441223,0.7941008806228638
f81,4,block64_oracle,256,256,8,32760,0.008302808302808303,0.2416929006576538,0.2689797580242157,0.9670623540878296,0.6956537365913391
f81,4,block64_oracle,256,256,16,32760,0.008791208791208791,0.2384876161813736,0.2642090618610382,0.968001127243042,0.6956537365913391
f81,4,block64_oracle,256,256,32,32760,0.009768009768009768,0.2328682392835617,0.255125492811203,0.9698710441589355,0.6956537365913391
f81,4,block64_oracle,256,256,64,32760,0.011721611721611722,0.22277578711509705,0.2432473748922348,0.9723537564277649,0.6956537365913391
f81,4,block128_oracle,256,256,8,32760,0.008302808302808303,0.28392571210861206,0.30668503046035767,0.9567245841026306,0.657241702079773
f81,4,block128_oracle,256,256,16,32760,0.008791208791208791,0.28036391735076904,0.3000776171684265,0.9582219123840332,0.657241702079773
f81,4,block128_oracle,256,256,32,32760,0.009768009768009768,0.27399569749832153,0.29343363642692566,0.9598621726036072,0.657241702079773
f81,4,block128_oracle,256,256,64,32760,0.011721611721611722,0.2625896632671356,0.2783198952674866,0.9633751511573792,0.657241702079773
f81,4,token_topk_oracle,512,512,8,32760,0.016117216117216115,0.001860257936641574,0.0018709528958424926,0.9999982118606567,0.9874168634414673
f81,4,token_topk_oracle,512,512,16,32760,0.016605616605616606,0.0017608202761039138,0.00159833871293813,0.9999986886978149,0.9874168634414673
f81,4,token_topk_oracle,512,512,32,32760,0.017582417582417582,0.001653460320085287,0.0014215672854334116,0.999998927116394,0.9874168634414673
f81,4,token_topk_oracle,512,512,64,32760,0.019536019536019536,0.001523282378911972,0.001299997791647911,0.9999990463256836,0.9874168634414673
f81,4,block16_oracle,512,512,8,32760,0.016117216117216115,0.017121773213148117,0.026317846029996872,0.9997080564498901,0.9496498107910156
f81,4,block16_oracle,512,512,16,32760,0.016605616605616606,0.016676882281899452,0.017810523509979248,0.9998478889465332,0.9496498107910156
f81,4,block16_oracle,512,512,32,32760,0.017582417582417582,0.015974685549736023,0.016519716009497643,0.9998679757118225,0.9496498107910156
f81,4,block16_oracle,512,512,64,32760,0.019536019536019536,0.014894889667630196,0.01525794342160225,0.9998864531517029,0.9496498107910156
f81,4,block32_oracle,512,512,8,32760,0.016117216117216115,0.04525204002857208,0.06271219998598099,0.9983943104743958,0.9105123281478882
f81,4,block32_oracle,512,512,16,32760,0.016605616605616606,0.04436495900154114,0.05423525720834732,0.9986941814422607,0.9105123281478882
f81,4,block32_oracle,512,512,32,32760,0.017582417582417582,0.04285087808966637,0.04756659269332886,0.9989495277404785,0.9105123281478882
f81,4,block32_oracle,512,512,64,32760,0.019536019536019536,0.04032642021775246,0.04407060146331787,0.9990845918655396,0.9105123281478882
f81,4,block64_oracle,512,512,8,32760,0.016117216117216115,0.09169891476631165,0.11223765462636948,0.9946765899658203,0.8633368015289307
f81,4,block64_oracle,512,512,16,32760,0.016605616605616606,0.09008928388357162,0.10880252718925476,0.9949312210083008,0.8633368015289307
f81,4,block64_oracle,512,512,32,32760,0.017582417582417582,0.08718447387218475,0.10499318689107895,0.9952249526977539,0.8633368015289307
f81,4,block64_oracle,512,512,64,32760,0.019536019536019536,0.08226503431797028,0.09591691195964813,0.9958752393722534,0.8633368015289307
f81,4,block128_oracle,512,512,8,32760,0.016117216117216115,0.12165091186761856,0.13571546971797943,0.9919791221618652,0.8426340818405151
f81,4,block128_oracle,512,512,16,32760,0.016605616605616606,0.11974234879016876,0.13358139991760254,0.9922059178352356,0.8426340818405151
f81,4,block128_oracle,512,512,32,32760,0.017582417582417582,0.1162489801645279,0.12827827036380768,0.9927164316177368,0.8426340818405151
f81,4,block128_oracle,512,512,64,32760,0.019536019536019536,0.10996465384960175,0.12023452669382095,0.9934951066970825,0.8426340818405151
f81,4,token_topk_oracle,1024,1024,8,32760,0.031746031746031744,0.00046369931078515947,0.00048583620809949934,0.9999997615814209,0.996033251285553
f81,4,token_topk_oracle,1024,1024,16,32760,0.03223443223443223,0.00043641068623401225,0.0003998781612608582,0.9999998807907104,0.996033251285553
f81,4,token_topk_oracle,1024,1024,32,32760,0.03321123321123321,0.0004064413078594953,0.000348112836945802,0.9999997615814209,0.996033251285553
f81,4,token_topk_oracle,1024,1024,64,32760,0.035164835164835165,0.0003699214430525899,0.0003079037123825401,0.9999998807907104,0.996033251285553
f81,4,block16_oracle,1024,1024,8,32760,0.031746031746031744,0.005209754221141338,0.005315981339663267,0.9999862313270569,0.9813519716262817
f81,4,block16_oracle,1024,1024,16,32760,0.03223443223443223,0.005068642552942038,0.004972332157194614,0.9999877214431763,0.9813519716262817
f81,4,block16_oracle,1024,1024,32,32760,0.03321123321123321,0.004835703410208225,0.004628282971680164,0.9999895095825195,0.9813519716262817
f81,4,block16_oracle,1024,1024,64,32760,0.035164835164835165,0.0044847815297544,0.004187515936791897,0.9999911785125732,0.9813519716262817
f81,4,block32_oracle,1024,1024,8,32760,0.031746031746031744,0.011870428919792175,0.016397221013903618,0.9998834133148193,0.9690293073654175
f81,4,block32_oracle,1024,1024,16,32760,0.03223443223443223,0.011576421558856964,0.013077772222459316,0.9999203681945801,0.9690293073654175
f81,4,block32_oracle,1024,1024,32,32760,0.03321123321123321,0.011081777513027191,0.011791436932981014,0.9999338388442993,0.9690293073654175
f81,4,block32_oracle,1024,1024,64,32760,0.035164835164835165,0.010289991274476051,0.010775208473205566,0.9999440312385559,0.9690293073654175
f81,4,block64_oracle,1024,1024,8,32760,0.031746031746031744,0.02498895488679409,0.03423675149679184,0.9995301365852356,0.9539682865142822
f81,4,block64_oracle,1024,1024,16,32760,0.03223443223443223,0.024476876482367516,0.03129810467362404,0.9995864629745483,0.9539682865142822
f81,4,block64_oracle,1024,1024,32,32760,0.03321123321123321,0.023573435842990875,0.028679845854640007,0.9996386766433716,0.9539682865142822
f81,4,block64_oracle,1024,1024,64,32760,0.035164835164835165,0.022062163800001144,0.025654247030615807,0.9996995329856873,0.9539682865142822
f81,4,block128_oracle,1024,1024,8,32760,0.031746031746031744,0.03223360329866409,0.04124216362833977,0.9993139505386353,0.9472663402557373
f81,4,block128_oracle,1024,1024,16,32760,0.03223443223443223,0.031543631106615067,0.03861931338906288,0.9993767738342285,0.9472663402557373
f81,4,block128_oracle,1024,1024,32,32760,0.03321123321123321,0.03031686693429947,0.036568399518728256,0.999427855014801,0.9472663402557373
f81,4,block128_oracle,1024,1024,64,32760,0.035164835164835165,0.028340430930256844,0.033288341015577316,0.999509334564209,0.9472663402557373
f81,5,token_topk_oracle,64,64,8,32760,0.002442002442002442,0.14791326224803925,0.09733758866786957,0.9953208565711975,0.7223194241523743
f81,5,token_topk_oracle,64,64,16,32760,0.0029304029304029304,0.1438959538936615,0.09504856169223785,0.995530366897583,0.7223194241523743
f81,5,token_topk_oracle,64,64,32,32760,0.003907203907203907,0.1373085379600525,0.08643027395009995,0.9962745904922485,0.7223194241523743
f81,5,token_topk_oracle,64,64,64,32760,0.005860805860805861,0.1275426298379898,0.07933121919631958,0.9968522787094116,0.7223194241523743
f81,5,block16_oracle,64,64,8,32760,0.002442002442002442,0.5220590829849243,0.42460736632347107,0.909490704536438,0.4403248429298401
f81,5,block16_oracle,64,64,16,32760,0.0029304029304029304,0.5150840878486633,0.41416606307029724,0.9136690497398376,0.4403248429298401
f81,5,block16_oracle,64,64,32,32760,0.003907203907203907,0.5021347999572754,0.4005737900733948,0.9190285205841064,0.4403248429298401
f81,5,block16_oracle,64,64,64,32760,0.005860805860805861,0.47890737652778625,0.3800830543041229,0.9269440174102783,0.4403248429298401
f81,5,block32_oracle,64,64,8,32760,0.002442002442002442,0.7289742827415466,0.6975640654563904,0.7454831600189209,0.26284974813461304
f81,5,block32_oracle,64,64,16,32760,0.0029304029304029304,0.7195197343826294,0.6232529282569885,0.7906063795089722,0.26284974813461304
f81,5,block32_oracle,64,64,32,32760,0.003907203907203907,0.7024025321006775,0.5756188035011292,0.8218085765838623,0.26284974813461304
f81,5,block32_oracle,64,64,64,32760,0.005860805860805861,0.6714948415756226,0.5449219346046448,0.8413275480270386,0.26284974813461304
f81,5,block64_oracle,64,64,8,32760,0.002442002442002442,0.810071587562561,0.7554168701171875,0.6811668872833252,0.20561058819293976
f81,5,block64_oracle,64,64,16,32760,0.0029304029304029304,0.7995891571044922,0.7190243005752563,0.7097917795181274,0.20561058819293976
f81,5,block64_oracle,64,64,32,32760,0.003907203907203907,0.7804275751113892,0.679534375667572,0.7416729927062988,0.20561058819293976
f81,5,block64_oracle,64,64,64,32760,0.005860805860805861,0.7463438510894775,0.6339390277862549,0.777717113494873,0.20561058819293976
f81,5,block128_oracle,64,128,8,32760,0.004395604395604396,0.6968172192573547,0.6711484789848328,0.7862522602081299,0.3234708309173584
f81,5,block128_oracle,64,128,16,32760,0.004884004884004884,0.6877906322479248,0.6166189312934875,0.805496335029602,0.3234708309173584
f81,5,block128_oracle,64,128,32,32760,0.005860805860805861,0.6711199283599854,0.5702158212661743,0.8307814598083496,0.3234708309173584
f81,5,block128_oracle,64,128,64,32760,0.007814407814407814,0.6408904790878296,0.5461863279342651,0.8445519208908081,0.3234708309173584
f81,5,token_topk_oracle,128,128,8,32760,0.004395604395604396,0.06346040964126587,0.04303702339529991,0.9990935325622559,0.8424955606460571
f81,5,token_topk_oracle,128,128,16,32760,0.004884004884004884,0.061127256602048874,0.041620995849370956,0.9991486072540283,0.8424955606460571
f81,5,token_topk_oracle,128,128,32,32760,0.005860805860805861,0.05763569101691246,0.03537311404943466,0.999376654624939,0.8424955606460571
f81,5,token_topk_oracle,128,128,64,32760,0.007814407814407814,0.05313390493392944,0.03191137686371803,0.9994910359382629,0.8424955606460571
f81,5,block16_oracle,128,128,8,32760,0.004395604395604396,0.2854137122631073,0.21436654031276703,0.9776753187179565,0.6521559953689575
f81,5,block16_oracle,128,128,16,32760,0.004884004884004884,0.2810822129249573,0.2095068097114563,0.9786055684089661,0.6521559953689575
f81,5,block16_oracle,128,128,32,32760,0.005860805860805861,0.27322933077812195,0.20158229768276215,0.9800918102264404,0.6521559953689575
f81,5,block16_oracle,128,128,64,32760,0.007814407814407814,0.2596353590488434,0.1921619474887848,0.9818351864814758,0.6521559953689575
f81,5,block32_oracle,128,128,8,32760,0.004395604395604396,0.5039607286453247,0.44768425822257996,0.9042386412620544,0.468278706073761
f81,5,block32_oracle,128,128,16,32760,0.004884004884004884,0.49718841910362244,0.41501957178115845,0.9153974652290344,0.468278706073761
f81,5,block32_oracle,128,128,32,32760,0.005860805860805861,0.4846063554286957,0.3979818820953369,0.9216967821121216,0.468278706073761
f81,5,block32_oracle,128,128,64,32760,0.007814407814407814,0.46190690994262695,0.37803205847740173,0.9289992451667786,0.468278706073761
f81,5,block64_oracle,128,128,8,32760,0.004395604395604396,0.6658940315246582,0.6159605979919434,0.8141660690307617,0.34762120246887207
f81,5,block64_oracle,128,128,16,32760,0.004884004884004884,0.6572434902191162,0.5762864947319031,0.8316025137901306,0.34762120246887207
f81,5,block64_oracle,128,128,32,32760,0.005860805860805861,0.6412228345870972,0.5474459528923035,0.846183180809021,0.34762120246887207
f81,5,block64_oracle,128,128,64,32760,0.007814407814407814,0.6122211217880249,0.518668532371521,0.8616328239440918,0.34762120246887207
f81,5,block128_oracle,128,128,8,32760,0.004395604395604396,0.6967980861663818,0.6592872142791748,0.7876912951469421,0.3234708309173584
f81,5,block128_oracle,128,128,16,32760,0.004884004884004884,0.6877824664115906,0.5914314985275269,0.8188037276268005,0.3234708309173584
f81,5,block128_oracle,128,128,32,32760,0.005860805860805861,0.6711649894714355,0.5668156147003174,0.8326106667518616,0.3234708309173584
f81,5,block128_oracle,128,128,64,32760,0.007814407814407814,0.6408763527870178,0.5376219749450684,0.8492525219917297,0.3234708309173584
f81,5,token_topk_oracle,256,256,8,32760,0.008302808302808303,0.025881119072437286,0.018328987061977386,0.999835729598999,0.9164867401123047
f81,5,token_topk_oracle,256,256,16,32760,0.008791208791208791,0.024690872058272362,0.016592755913734436,0.9998639822006226,0.9164867401123047
f81,5,token_topk_oracle,256,256,32,32760,0.009768009768009768,0.023164542391896248,0.01430038083344698,0.9998979568481445,0.9164867401123047
f81,5,token_topk_oracle,256,256,64,32760,0.011721611721611722,0.021327774971723557,0.01253278087824583,0.999921441078186,0.9164867401123047
f81,5,block16_oracle,256,256,8,32760,0.008302808302808303,0.1103803813457489,0.07501638680696487,0.997245192527771,0.8323537111282349
f81,5,block16_oracle,256,256,16,32760,0.008791208791208791,0.10816320031881332,0.07347265630960464,0.9973511099815369,0.8323537111282349
f81,5,block16_oracle,256,256,32,32760,0.009768009768009768,0.1043737605214119,0.07096903026103973,0.9975216388702393,0.8323537111282349
f81,5,block16_oracle,256,256,64,32760,0.011721611721611722,0.0982305184006691,0.06567014008760452,0.9978658556938171,0.8323537111282349
f81,5,block32_oracle,256,256,8,32760,0.008302808302808303,0.26340287923812866,0.20337554812431335,0.9803019762039185,0.6902272701263428
f81,5,block32_oracle,256,256,16,32760,0.008791208791208791,0.25935450196266174,0.1933160126209259,0.9819329977035522,0.6902272701263428
f81,5,block32_oracle,256,256,32,32760,0.009768009768009768,0.2520526349544525,0.1869150698184967,0.9830203056335449,0.6902272701263428
f81,5,block32_oracle,256,256,64,32760,0.011721611721611722,0.2394096404314041,0.17823179066181183,0.9844973683357239,0.6902272701263428
f81,5,block64_oracle,256,256,8,32760,0.008302808302808303,0.41177666187286377,0.387820303440094,0.936011791229248,0.5705823302268982
f81,5,block64_oracle,256,256,16,32760,0.008791208791208791,0.4057874083518982,0.3725886344909668,0.9387902617454529,0.5705823302268982
f81,5,block64_oracle,256,256,32,32760,0.009768009768009768,0.3949224054813385,0.349581241607666,0.9440358877182007,0.5705823302268982
f81,5,block64_oracle,256,256,64,32760,0.011721611721611722,0.3758839964866638,0.32552051544189453,0.9500967264175415,0.5705823302268982
f81,5,block128_oracle,256,256,8,32760,0.008302808302808303,0.4437282383441925,0.42961472272872925,0.9238861203193665,0.5482509136199951
f81,5,block128_oracle,256,256,16,32760,0.008791208791208791,0.43722549080848694,0.4080830216407776,0.9276977777481079,0.5482509136199951
f81,5,block128_oracle,256,256,32,32760,0.009768009768009768,0.42530307173728943,0.3897866904735565,0.9319431781768799,0.5482509136199951
f81,5,block128_oracle,256,256,64,32760,0.011721611721611722,0.40455037355422974,0.35836049914360046,0.939952552318573,0.5482509136199951
f81,5,token_topk_oracle,512,512,8,32760,0.016117216117216115,0.010474071837961674,0.0077166142873466015,0.9999711513519287,0.9601223468780518
f81,5,token_topk_oracle,512,512,16,32760,0.016605616605616606,0.00996759720146656,0.0062605636194348335,0.9999805092811584,0.9601223468780518
f81,5,token_topk_oracle,512,512,32,32760,0.017582417582417582,0.009314414113759995,0.0056439731270074844,0.9999840259552002,0.9601223468780518
f81,5,token_topk_oracle,512,512,64,32760,0.019536019536019536,0.008510193787515163,0.004978745244443417,0.9999875426292419,0.9601223468780518
f81,5,block16_oracle,512,512,8,32760,0.016117216117216115,0.03298741206526756,0.02387341670691967,0.9997267723083496,0.9265490770339966
f81,5,block16_oracle,512,512,16,32760,0.016605616605616606,0.03194955363869667,0.021263593807816505,0.9997791051864624,0.9265490770339966
f81,5,block16_oracle,512,512,32,32760,0.017582417582417582,0.030378110706806183,0.02014542743563652,0.9998009204864502,0.9265490770339966
f81,5,block16_oracle,512,512,64,32760,0.019536019536019536,0.02809094823896885,0.017825234681367874,0.9998422861099243,0.9265490770339966
f81,5,block32_oracle,512,512,8,32760,0.016117216117216115,0.08994165062904358,0.06257683038711548,0.9981019496917725,0.8709591627120972
f81,5,block32_oracle,512,512,16,32760,0.016605616605616606,0.08804459124803543,0.0604977123439312,0.9982184767723083,0.8709591627120972
f81,5,block32_oracle,512,512,32,32760,0.017582417582417582,0.08484918624162674,0.05790233984589577,0.9983618259429932,0.8709591627120972
f81,5,block32_oracle,512,512,64,32760,0.019536019536019536,0.07957252860069275,0.05408117175102234,0.9985630512237549,0.8709591627120972
f81,5,block64_oracle,512,512,8,32760,0.016117216117216115,0.18634702265262604,0.17261093854904175,0.98807692527771,0.7958375215530396
f81,5,block64_oracle,512,512,16,32760,0.016605616605616606,0.18294912576675415,0.14705897867679596,0.9902207255363464,0.7958375215530396
f81,5,block64_oracle,512,512,32,32760,0.017582417582417582,0.17698055505752563,0.13601335883140564,0.9913366436958313,0.7958375215530396
f81,5,block64_oracle,512,512,64,32760,0.019536019536019536,0.1668155938386917,0.12685975432395935,0.9923638105392456,0.7958375215530396
f81,5,block128_oracle,512,512,8,32760,0.016117216117216115,0.2131720334291458,0.20838168263435364,0.9837766289710999,0.7756003141403198
f81,5,block128_oracle,512,512,16,32760,0.016605616605616606,0.20924849808216095,0.17500561475753784,0.9865700006484985,0.7756003141403198
f81,5,block128_oracle,512,512,32,32760,0.017582417582417582,0.20242245495319366,0.15971910953521729,0.9882545471191406,0.7756003141403198
f81,5,block128_oracle,512,512,64,32760,0.019536019536019536,0.1909838616847992,0.14649438858032227,0.9898710250854492,0.7756003141403198
f81,5,token_topk_oracle,1024,1024,8,32760,0.031746031746031744,0.0032423052471131086,0.002371363341808319,0.9999973177909851,0.9859120845794678
f81,5,token_topk_oracle,1024,1024,16,32760,0.03223443223443223,0.0030851259361952543,0.0020030210725963116,0.9999979734420776,0.9859120845794678
f81,5,token_topk_oracle,1024,1024,32,32760,0.03321123321123321,0.0028580923099070787,0.0017424592515453696,0.9999985098838806,0.9859120845794678
f81,5,token_topk_oracle,1024,1024,64,32760,0.035164835164835165,0.002578762825578451,0.0015586415538564324,0.9999986886978149,0.9859120845794678
f81,5,block16_oracle,1024,1024,8,32760,0.031746031746031744,0.010594000108540058,0.007679974194616079,0.999971866607666,0.9719421863555908
f81,5,block16_oracle,1024,1024,16,32760,0.03223443223443223,0.010185634717345238,0.006939601618796587,0.9999766945838928,0.9719421863555908
f81,5,block16_oracle,1024,1024,32,32760,0.03321123321123321,0.009615486487746239,0.006096012890338898,0.9999815821647644,0.9719421863555908
f81,5,block16_oracle,1024,1024,64,32760,0.035164835164835165,0.008812954649329185,0.005503186024725437,0.999984860420227,0.9719421863555908
f81,5,block32_oracle,1024,1024,8,32760,0.031746031746031744,0.023459643125534058,0.01655881293118,0.9998685717582703,0.9543869495391846
f81,5,block32_oracle,1024,1024,16,32760,0.03223443223443223,0.02274146117269993,0.015518776141107082,0.9998832941055298,0.9543869495391846
f81,5,block32_oracle,1024,1024,32,32760,0.03321123321123321,0.021616186946630478,0.014095533639192581,0.9999024868011475,0.9543869495391846
f81,5,block32_oracle,1024,1024,64,32760,0.035164835164835165,0.019961653277277946,0.012859165668487549,0.9999182224273682,0.9543869495391846
f81,5,block64_oracle,1024,1024,8,32760,0.031746031746031744,0.041552748531103134,0.03886890038847923,0.9993728995323181,0.9368213415145874
f81,5,block64_oracle,1024,1024,16,32760,0.03223443223443223,0.04038183391094208,0.03194442391395569,0.9995333552360535,0.9368213415145874
f81,5,block64_oracle,1024,1024,32,32760,0.03321123321123321,0.03848860412836075,0.027715982869267464,0.9996325969696045,0.9368213415145874
f81,5,block64_oracle,1024,1024,64,32760,0.035164835164835165,0.03554431349039078,0.025483278557658195,0.9996868968009949,0.9368213415145874
f81,5,block128_oracle,1024,1024,8,32760,0.031746031746031744,0.04911995679140091,0.04495275393128395,0.9991675615310669,0.930716872215271
f81,5,block128_oracle,1024,1024,16,32760,0.03223443223443223,0.04787532240152359,0.03947574645280838,0.9993076920509338,0.930716872215271
f81,5,block128_oracle,1024,1024,32,32760,0.03321123321123321,0.04575609043240547,0.035678423941135406,0.9994114637374878,0.930716872215271
f81,5,block128_oracle,1024,1024,64,32760,0.035164835164835165,0.042420510202646255,0.032171983271837234,0.9995096325874329,0.930716872215271
f81,6,token_topk_oracle,64,64,8,32760,0.002442002442002442,0.6268407702445984,0.19698788225650787,0.9806215763092041,0.17289987206459045
f81,6,token_topk_oracle,64,64,16,32760,0.0029304029304029304,0.5727876424789429,0.18728196620941162,0.9825020432472229,0.17289987206459045
f81,6,token_topk_oracle,64,64,32,32760,0.003907203907203907,0.5055699348449707,0.17184004187583923,0.9852672219276428,0.17289987206459045
f81,6,token_topk_oracle,64,64,64,32760,0.005860805860805861,0.43141970038414,0.15752862393856049,0.9876183867454529,0.17289987206459045
f81,6,block16_oracle,64,64,8,32760,0.002442002442002442,0.744031548500061,0.2894534468650818,0.9572470784187317,0.12235207855701447
f81,6,block16_oracle,64,64,16,32760,0.0029304029304029304,0.6898422241210938,0.2802780270576477,0.9599666595458984,0.12235207855701447
f81,6,block16_oracle,64,64,32,32760,0.003907203907203907,0.6197251081466675,0.2657167613506317,0.964084267616272,0.12235207855701447
f81,6,block16_oracle,64,64,64,32760,0.005860805860805861,0.5388769507408142,0.25009164214134216,0.9682436585426331,0.12235207855701447
f81,6,block32_oracle,64,64,8,32760,0.002442002442002442,0.7941737771034241,0.3031604588031769,0.9529734253883362,0.08833806216716766
f81,6,block32_oracle,64,64,16,32760,0.0029304029304029304,0.7368524670600891,0.29404589533805847,0.9558212757110596,0.08833806216716766
f81,6,block32_oracle,64,64,32,32760,0.003907203907203907,0.6602798104286194,0.27807706594467163,0.9605804085731506,0.08833806216716766
f81,6,block32_oracle,64,64,64,32760,0.005860805860805861,0.5686350464820862,0.26055699586868286,0.9654727578163147,0.08833806216716766
f81,6,block64_oracle,64,64,8,32760,0.002442002442002442,0.8214587569236755,0.31282663345336914,0.9498311281204224,0.07121586799621582
f81,6,block64_oracle,64,64,16,32760,0.0029304029304029304,0.7629144191741943,0.3037625849246979,0.9527655839920044,0.07121586799621582
f81,6,block64_oracle,64,64,32,32760,0.003907203907203907,0.6838526725769043,0.2874644994735718,0.95780348777771,0.07121586799621582
f81,6,block64_oracle,64,64,64,32760,0.005860805860805861,0.5873745083808899,0.2694992125034332,0.9630091190338135,0.07121586799621582
f81,6,block128_oracle,64,128,8,32760,0.004395604395604396,0.7754412293434143,0.2967175245285034,0.9550072550773621,0.12309525907039642
f81,6,block128_oracle,64,128,16,32760,0.004884004884004884,0.720921516418457,0.28829556703567505,0.9575779438018799,0.12309525907039642
f81,6,block128_oracle,64,128,32,32760,0.005860805860805861,0.6482507586479187,0.27294090390205383,0.9620565176010132,0.12309525907039642
f81,6,block128_oracle,64,128,64,32760,0.007814407814407814,0.5626734495162964,0.2548944056034088,0.9669860601425171,0.12309525907039642
f81,6,token_topk_oracle,128,128,8,32760,0.004395604395604396,0.5059961676597595,0.15102240443229675,0.9887081980705261,0.2808114290237427
f81,6,token_topk_oracle,128,128,16,32760,0.004884004884004884,0.46100935339927673,0.14252692461013794,0.9899433851242065,0.2808114290237427
f81,6,token_topk_oracle,128,128,32,32760,0.005860805860805861,0.41069936752319336,0.1293654888868332,0.9916959404945374,0.2808114290237427
f81,6,token_topk_oracle,128,128,64,32760,0.007814407814407814,0.3609420359134674,0.11912352591753006,0.992947518825531,0.2808114290237427
f81,6,block16_oracle,128,128,8,32760,0.004395604395604396,0.6427067518234253,0.25551772117614746,0.9669187664985657,0.2114463448524475
f81,6,block16_oracle,128,128,16,32760,0.004884004884004884,0.5958986878395081,0.2474420666694641,0.9690014123916626,0.2114463448524475
f81,6,block16_oracle,128,128,32,32760,0.005860805860805861,0.5388500690460205,0.23497121036052704,0.9720699787139893,0.2114463448524475
f81,6,block16_oracle,128,128,64,32760,0.007814407814407814,0.4774419963359833,0.22063523530960083,0.9754010438919067,0.2114463448524475
f81,6,block32_oracle,128,128,8,32760,0.004395604395604396,0.7152026295661926,0.27719783782958984,0.9608868956565857,0.16126954555511475
f81,6,block32_oracle,128,128,16,32760,0.004884004884004884,0.6633028984069824,0.26870977878570557,0.9632869362831116,0.16126954555511475
f81,6,block32_oracle,128,128,32,32760,0.005860805860805861,0.5959043502807617,0.25456327199935913,0.9671028852462769,0.16126954555511475
f81,6,block32_oracle,128,128,64,32760,0.007814407814407814,0.5196500420570374,0.23695099353790283,0.9715506434440613,0.16126954555511475
f81,6,block64_oracle,128,128,8,32760,0.004395604395604396,0.7582555413246155,0.29015541076660156,0.9570322036743164,0.13273665308952332
f81,6,block64_oracle,128,128,16,32760,0.004884004884004884,0.7039656043052673,0.2821163535118103,0.9594256281852722,0.13273665308952332
f81,6,block64_oracle,128,128,32,32760,0.005860805860805861,0.6319189667701721,0.267002671957016,0.9637280702590942,0.13273665308952332
f81,6,block64_oracle,128,128,64,32760,0.007814407814407814,0.547690749168396,0.24937371909618378,0.9684287905693054,0.13273665308952332
f81,6,block128_oracle,128,128,8,32760,0.004395604395604396,0.7754416465759277,0.29670053720474243,0.9550123810768127,0.12309525907039642
f81,6,block128_oracle,128,128,16,32760,0.004884004884004884,0.7209427356719971,0.2883361876010895,0.9575656652450562,0.12309525907039642
f81,6,block128_oracle,128,128,32,32760,0.005860805860805861,0.6482182145118713,0.273177832365036,0.9619894027709961,0.12309525907039642
f81,6,block128_oracle,128,128,64,32760,0.007814407814407814,0.5622028112411499,0.2547838091850281,0.9670149087905884,0.12309525907039642
f81,6,token_topk_oracle,256,256,8,32760,0.008302808302808303,0.36494672298431396,0.1020706295967102,0.9948700666427612,0.429320365190506
f81,6,token_topk_oracle,256,256,16,32760,0.008791208791208791,0.33293813467025757,0.09583117067813873,0.995471715927124,0.429320365190506
f81,6,token_topk_oracle,256,256,32,32760,0.009768009768009768,0.3044760823249817,0.08711502701044083,0.9962402582168579,0.429320365190506
f81,6,token_topk_oracle,256,256,64,32760,0.011721611721611722,0.2790338099002838,0.08189939707517624,0.9966720342636108,0.429320365190506
f81,6,block16_oracle,256,256,8,32760,0.008302808302808303,0.5097926259040833,0.20478644967079163,0.9789861440658569,0.34297460317611694
f81,6,block16_oracle,256,256,16,32760,0.008791208791208791,0.4738738238811493,0.19895708560943604,0.9801623821258545,0.34297460317611694
f81,6,block16_oracle,256,256,32,32760,0.009768009768009768,0.43394941091537476,0.18989206850528717,0.981916069984436,0.34297460317611694
f81,6,block16_oracle,256,256,64,32760,0.011721611721611722,0.3941856920719147,0.17874790728092194,0.9839739799499512,0.34297460317611694
f81,6,block32_oracle,256,256,8,32760,0.008302808302808303,0.5978360176086426,0.23451809585094452,0.972259521484375,0.2764044404029846
f81,6,block32_oracle,256,256,16,32760,0.008791208791208791,0.5548866987228394,0.22737400233745575,0.9739350080490112,0.2764044404029846
f81,6,block32_oracle,256,256,32,32760,0.009768009768009768,0.5013670325279236,0.21682672202587128,0.9763039946556091,0.2764044404029846
f81,6,block32_oracle,256,256,64,32760,0.011721611721611722,0.44868823885917664,0.20239639282226562,0.9793644547462463,0.2764044404029846
f81,6,block64_oracle,256,256,8,32760,0.008302808302808303,0.6511519551277161,0.25376906991004944,0.9673776626586914,0.23745180666446686
f81,6,block64_oracle,256,256,16,32760,0.008791208791208791,0.6038632392883301,0.24612870812416077,0.9693326354026794,0.23745180666446686
f81,6,block64_oracle,256,256,32,32760,0.009768009768009768,0.5426388382911682,0.23433440923690796,0.9722290635108948,0.23745180666446686
f81,6,block64_oracle,256,256,64,32760,0.011721611721611722,0.4800040125846863,0.22011198103427887,0.9755231142044067,0.23745180666446686
f81,6,block128_oracle,256,256,8,32760,0.008302808302808303,0.6716516613960266,0.25912728905677795,0.9659476280212402,0.22675421833992004
f81,6,block128_oracle,256,256,16,32760,0.008791208791208791,0.6242460608482361,0.25093773007392883,0.9680928587913513,0.22675421833992004
f81,6,block128_oracle,256,256,32,32760,0.009768009768009768,0.5626488327980042,0.23977556824684143,0.9708971977233887,0.22675421833992004
f81,6,block128_oracle,256,256,64,32760,0.011721611721611722,0.4984283745288849,0.2248227745294571,0.9744445085525513,0.22675421833992004
f81,6,token_topk_oracle,512,512,8,32760,0.016117216117216115,0.22334270179271698,0.059771355241537094,0.9982398748397827,0.6066821217536926
f81,6,token_topk_oracle,512,512,16,32760,0.016605616605616606,0.20582455396652222,0.05580366775393486,0.9984616041183472,0.6066821217536926
f81,6,token_topk_oracle,512,512,32,32760,0.017582417582417582,0.19589757919311523,0.05244533717632294,0.9986379146575928,0.6066821217536926
f81,6,token_topk_oracle,512,512,64,32760,0.019536019536019536,0.18291184306144714,0.049434565007686615,0.99878990650177,0.6066821217536926
f81,6,block16_oracle,512,512,8,32760,0.016117216117216115,0.3567376434803009,0.1461058259010315,0.989456295967102,0.5160049796104431
f81,6,block16_oracle,512,512,16,32760,0.016605616605616606,0.334408700466156,0.1421801596879959,0.9899969100952148,0.5160049796104431
f81,6,block16_oracle,512,512,32,32760,0.017582417582417582,0.31227096915245056,0.13670115172863007,0.990732729434967,0.5160049796104431
f81,6,block16_oracle,512,512,64,32760,0.019536019536019536,0.2883335053920746,0.12836995720863342,0.9918182492256165,0.5160049796104431
f81,6,block32_oracle,512,512,8,32760,0.016117216117216115,0.452213317155838,0.17630906403064728,0.9845264554023743,0.4387480318546295
f81,6,block32_oracle,512,512,16,32760,0.016605616605616606,0.42138537764549255,0.1707831174135208,0.9854685068130493,0.4387480318546295
f81,6,block32_oracle,512,512,32,32760,0.017582417582417582,0.3842763602733612,0.16328442096710205,0.9867009520530701,0.4387480318546295
f81,6,block32_oracle,512,512,64,32760,0.019536019536019536,0.35209497809410095,0.15338638424873352,0.9882558584213257,0.4387480318546295
f81,6,block64_oracle,512,512,8,32760,0.016117216117216115,0.5011453032493591,0.1970532387495041,0.9805703163146973,0.39792943000793457
f81,6,block64_oracle,512,512,16,32760,0.016605616605616606,0.46553242206573486,0.19108270108699799,0.9817209839820862,0.39792943000793457
f81,6,block64_oracle,512,512,32,32760,0.017582417582417582,0.4208518862724304,0.1823621541261673,0.9833434820175171,0.39792943000793457
f81,6,block64_oracle,512,512,64,32760,0.019536019536019536,0.3817426562309265,0.17179949581623077,0.9852194786071777,0.39792943000793457
f81,6,block128_oracle,512,512,8,32760,0.016117216117216115,0.5180294513702393,0.20368319749832153,0.979211688041687,0.3884556293487549
f81,6,block128_oracle,512,512,16,32760,0.016605616605616606,0.4820716977119446,0.19699856638908386,0.9805483818054199,0.3884556293487549
f81,6,block128_oracle,512,512,32,32760,0.017582417582417582,0.43687722086906433,0.18811218440532684,0.9822565913200378,0.3884556293487549
f81,6,block128_oracle,512,512,64,32760,0.019536019536019536,0.39534270763397217,0.1770012080669403,0.9842953085899353,0.3884556293487549
f81,6,token_topk_oracle,1024,1024,8,32760,0.031746031746031744,0.11101986467838287,0.02756393514573574,0.9996238946914673,0.778292179107666
f81,6,token_topk_oracle,1024,1024,16,32760,0.03223443223443223,0.1050586923956871,0.026517754420638084,0.9996513724327087,0.778292179107666
f81,6,token_topk_oracle,1024,1024,32,32760,0.03321123321123321,0.09940330684185028,0.0252742487937212,0.9996836185455322,0.778292179107666
f81,6,token_topk_oracle,1024,1024,64,32760,0.035164835164835165,0.09148489683866501,0.02359952963888645,0.9997243881225586,0.778292179107666
f81,6,block16_oracle,1024,1024,8,32760,0.031746031746031744,0.19912372529506683,0.08435515314340591,0.9965357780456543,0.7116516828536987
f81,6,block16_oracle,1024,1024,16,32760,0.03223443223443223,0.19006508588790894,0.08267849683761597,0.99666428565979,0.7116516828536987
f81,6,block16_oracle,1024,1024,32,32760,0.03321123321123321,0.18012908101081848,0.0797957181930542,0.996887743473053,0.7116516828536987
f81,6,block16_oracle,1024,1024,64,32760,0.035164835164835165,0.16557171940803528,0.07435979694128036,0.9972952604293823,0.7116516828536987
f81,6,block32_oracle,1024,1024,8,32760,0.031746031746031744,0.2853500545024872,0.11099521070718765,0.9939647316932678,0.6453784108161926
f81,6,block32_oracle,1024,1024,16,32760,0.03223443223443223,0.26873189210891724,0.10743138194084167,0.9943329691886902,0.6453784108161926
f81,6,block32_oracle,1024,1024,32,32760,0.03321123321123321,0.24905811250209808,0.1027764230966568,0.9947975873947144,0.6453784108161926
f81,6,block32_oracle,1024,1024,64,32760,0.035164835164835165,0.23021958768367767,0.09651315957307816,0.995405912399292,0.6453784108161926
f81,6,block64_oracle,1024,1024,8,32760,0.031746031746031744,0.3323826789855957,0.1259336769580841,0.9921993613243103,0.6067116856575012
f81,6,block64_oracle,1024,1024,16,32760,0.03223443223443223,0.31166619062423706,0.12236239016056061,0.9926208853721619,0.6067116856575012
f81,6,block64_oracle,1024,1024,32,32760,0.03321123321123321,0.2857445180416107,0.11674923449754715,0.9932664632797241,0.6067116856575012
f81,6,block64_oracle,1024,1024,64,32760,0.035164835164835165,0.25703492760658264,0.11031510680913925,0.9939861297607422,0.6067116856575012
f81,6,block128_oracle,1024,1024,8,32760,0.031746031746031744,0.3481631278991699,0.13232089579105377,0.991377055644989,0.5965440273284912
f81,6,block128_oracle,1024,1024,16,32760,0.03223443223443223,0.3268900215625763,0.12820559740066528,0.9918888211250305,0.5965440273284912
f81,6,block128_oracle,1024,1024,32,32760,0.03321123321123321,0.3001547157764435,0.1224244087934494,0.9925862550735474,0.5965440273284912
f81,6,block128_oracle,1024,1024,64,32760,0.035164835164835165,0.2691788077354431,0.11530237644910812,0.9934266209602356,0.5965440273284912
f81,7,token_topk_oracle,64,64,8,32760,0.002442002442002442,0.5302485823631287,0.2144332379102707,0.9767814874649048,0.24129387736320496
f81,7,token_topk_oracle,64,64,16,32760,0.0029304029304029304,0.4948960244655609,0.19485211372375488,0.9808444976806641,0.24129387736320496
f81,7,token_topk_oracle,64,64,32,32760,0.003907203907203907,0.4448297917842865,0.17275558412075043,0.9849648475646973,0.24129387736320496
f81,7,token_topk_oracle,64,64,64,32760,0.005860805860805861,0.385591983795166,0.1506282091140747,0.988595724105835,0.24129387736320496
f81,7,block16_oracle,64,64,8,32760,0.002442002442002442,0.7373718619346619,0.29909634590148926,0.9542360305786133,0.14782284200191498
f81,7,block16_oracle,64,64,16,32760,0.0029304029304029304,0.7001672387123108,0.2841392755508423,0.9587887525558472,0.14782284200191498
f81,7,block16_oracle,64,64,32,32760,0.003907203907203907,0.6444986462593079,0.25817760825157166,0.9660977125167847,0.14782284200191498
f81,7,block16_oracle,64,64,64,32760,0.005860805860805861,0.5709111094474792,0.23184002935886383,0.9727563858032227,0.14782284200191498
f81,7,block32_oracle,64,64,8,32760,0.002442002442002442,0.822191596031189,0.3308737576007843,0.9436831474304199,0.0920424535870552
f81,7,block32_oracle,64,64,16,32760,0.0029304029304029304,0.7821332216262817,0.31496915221214294,0.9491056799888611,0.0920424535870552
f81,7,block32_oracle,64,64,32,32760,0.003907203907203907,0.7211158275604248,0.284991979598999,0.958530068397522,0.0920424535870552
f81,7,block32_oracle,64,64,64,32760,0.005860805860805861,0.6371778845787048,0.2552291750907898,0.9668813943862915,0.0920424535870552
f81,7,block64_oracle,64,64,8,32760,0.002442002442002442,0.848823606967926,0.34183192253112793,0.9397658705711365,0.07649452239274979
f81,7,block64_oracle,64,64,16,32760,0.0029304029304029304,0.8079026937484741,0.32437658309936523,0.945930004119873,0.07649452239274979
f81,7,block64_oracle,64,64,32,32760,0.003907203907203907,0.7450716495513916,0.2928488552570343,0.9561589956283569,0.07649452239274979
f81,7,block64_oracle,64,64,64,32760,0.005860805860805861,0.6574314832687378,0.2632008194923401,0.9647414684295654,0.07649452239274979
f81,7,block128_oracle,64,128,8,32760,0.004395604395604396,0.7978228330612183,0.3213479816913605,0.946972131729126,0.1253596991300583
f81,7,block128_oracle,64,128,16,32760,0.004884004884004884,0.7593790888786316,0.3031865656375885,0.9529361724853516,0.1253596991300583
f81,7,block128_oracle,64,128,32,32760,0.005860805860805861,0.7007484436035156,0.276825487613678,0.9609205722808838,0.1253596991300583
f81,7,block128_oracle,64,128,64,32760,0.007814407814407814,0.6206173896789551,0.25036171078681946,0.9681532382965088,0.1253596991300583
f81,7,token_topk_oracle,128,128,8,32760,0.004395604395604396,0.3766261339187622,0.16073700785636902,0.9870526790618896,0.3667566180229187
f81,7,token_topk_oracle,128,128,16,32760,0.004884004884004884,0.34873518347740173,0.14186155796051025,0.9898983240127563,0.3667566180229187
f81,7,token_topk_oracle,128,128,32,32760,0.005860805860805861,0.3128068745136261,0.12522272765636444,0.992128849029541,0.3667566180229187
f81,7,token_topk_oracle,128,128,64,32760,0.007814407814407814,0.2778724133968353,0.11138822883367538,0.9937849044799805,0.3667566180229187
f81,7,block16_oracle,128,128,8,32760,0.004395604395604396,0.593917191028595,0.2448856681585312,0.9695777893066406,0.25615185499191284
f81,7,block16_oracle,128,128,16,32760,0.004884004884004884,0.5622371435165405,0.2322072833776474,0.9726774096488953,0.25615185499191284
f81,7,block16_oracle,128,128,32,32760,0.005860805860805861,0.5169807076454163,0.2125365436077118,0.9771537184715271,0.25615185499191284
f81,7,block16_oracle,128,128,64,32760,0.007814407814407814,0.46043235063552856,0.19122445583343506,0.9815518856048584,0.25615185499191284
f81,7,block32_oracle,128,128,8,32760,0.004395604395604396,0.7274643778800964,0.29330089688301086,0.9560408592224121,0.17000988125801086
f81,7,block32_oracle,128,128,16,32760,0.004884004884004884,0.6911681294441223,0.2781135141849518,0.9605576992034912,0.17000988125801086
f81,7,block32_oracle,128,128,32,32760,0.005860805860805861,0.6372118592262268,0.2550290524959564,0.9669346213340759,0.17000988125801086
f81,7,block32_oracle,128,128,64,32760,0.007814407814407814,0.5650820136070251,0.22884178161621094,0.973465621471405,0.17000988125801086
f81,7,block64_oracle,128,128,8,32760,0.004395604395604396,0.782662570476532,0.31556394696235657,0.9489161372184753,0.13780029118061066
f81,7,block64_oracle,128,128,16,32760,0.004884004884004884,0.7447332739830017,0.2978554368019104,0.9546160697937012,0.13780029118061066
f81,7,block64_oracle,128,128,32,32760,0.005860805860805861,0.6872545480728149,0.27219143509864807,0.962243914604187,0.13780029118061066
f81,7,block64_oracle,128,128,64,32760,0.007814407814407814,0.6089757084846497,0.24401357769966125,0.9697726964950562,0.13780029118061066
f81,7,block128_oracle,128,128,8,32760,0.004395604395604396,0.797827422618866,0.3213159739971161,0.9469832181930542,0.1253596991300583
f81,7,block128_oracle,128,128,16,32760,0.004884004884004884,0.7593377232551575,0.30261000990867615,0.9531192779541016,0.1253596991300583
f81,7,block128_oracle,128,128,32,32760,0.005860805860805861,0.7007306814193726,0.2767917811870575,0.960930347442627,0.1253596991300583
f81,7,block128_oracle,128,128,64,32760,0.007814407814407814,0.6201961636543274,0.24874767661094666,0.9685691595077515,0.1253596991300583
f81,7,token_topk_oracle,256,256,8,32760,0.008302808302808303,0.2385592758655548,0.1075134202837944,0.9942401647567749,0.5083678960800171
f81,7,token_topk_oracle,256,256,16,32760,0.008791208791208791,0.22081534564495087,0.09418264031410217,0.9955612421035767,0.5083678960800171
f81,7,token_topk_oracle,256,256,32,32760,0.009768009768009768,0.20158258080482483,0.08303025364875793,0.9965479969978333,0.5083678960800171
f81,7,token_topk_oracle,256,256,64,32760,0.011721611721611722,0.18601509928703308,0.07705898582935333,0.9970288276672363,0.5083678960800171
f81,7,block16_oracle,256,256,8,32760,0.008302808302808303,0.41431641578674316,0.18061479926109314,0.9835822582244873,0.4031628966331482
f81,7,block16_oracle,256,256,16,32760,0.008791208791208791,0.39030924439430237,0.17102576792240143,0.9852777719497681,0.4031628966331482
f81,7,block16_oracle,256,256,32,32760,0.009768009768009768,0.3592424690723419,0.1579674929380417,0.9874448776245117,0.4031628966331482
f81,7,block16_oracle,256,256,64,32760,0.011721611721611722,0.323628693819046,0.14292535185813904,0.9897390604019165,0.4031628966331482
f81,7,block32_oracle,256,256,8,32760,0.008302808302808303,0.571695864200592,0.2335926592350006,0.9723641872406006,0.29667195677757263
f81,7,block32_oracle,256,256,16,32760,0.008791208791208791,0.5416215658187866,0.22213581204414368,0.9750288724899292,0.29667195677757263
f81,7,block32_oracle,256,256,32,32760,0.009768009768009768,0.49939197301864624,0.20461204648017883,0.9788444638252258,0.29667195677757263
f81,7,block32_oracle,256,256,64,32760,0.011721611721611722,0.446891725063324,0.18509052693843842,0.9827261567115784,0.29667195677757263
f81,7,block64_oracle,256,256,8,32760,0.008302808302808303,0.6651821136474609,0.2682739794254303,0.9633604288101196,0.23924799263477325
f81,7,block64_oracle,256,256,16,32760,0.008791208791208791,0.6320766806602478,0.2544980049133301,0.9670809507369995,0.23924799263477325
f81,7,block64_oracle,256,256,32,32760,0.009768009768009768,0.5835492610931396,0.23327714204788208,0.9724107980728149,0.23924799263477325
f81,7,block64_oracle,256,256,64,32760,0.011721611721611722,0.5197762250900269,0.21149711310863495,0.977381706237793,0.23924799263477325
f81,7,block128_oracle,256,256,8,32760,0.008302808302808303,0.6887331604957581,0.2762387692928314,0.9611074924468994,0.22491389513015747
f81,7,block128_oracle,256,256,16,32760,0.008791208791208791,0.6553119421005249,0.261850506067276,0.9651167988777161,0.22491389513015747
f81,7,block128_oracle,256,256,32,32760,0.009768009768009768,0.6060927510261536,0.24036520719528198,0.970683217048645,0.22491389513015747
f81,7,block128_oracle,256,256,64,32760,0.011721611721611722,0.5412439107894897,0.21749600768089294,0.9760630130767822,0.22491389513015747
f81,7,token_topk_oracle,512,512,8,32760,0.016117216117216115,0.14007751643657684,0.06381934881210327,0.9979767203330994,0.6451585292816162
f81,7,token_topk_oracle,512,512,16,32760,0.016605616605616606,0.13071134686470032,0.05424511805176735,0.9985284209251404,0.6451585292816162
f81,7,token_topk_oracle,512,512,32,32760,0.017582417582417582,0.12305714935064316,0.05066820606589317,0.9987155199050903,0.6451585292816162
f81,7,token_topk_oracle,512,512,64,32760,0.019536019536019536,0.11332192271947861,0.046829868108034134,0.9989029169082642,0.6451585292816162
f81,7,block16_oracle,512,512,8,32760,0.016117216117216115,0.24315884709358215,0.11452773958444595,0.9934465885162354,0.563326358795166
f81,7,block16_oracle,512,512,16,32760,0.016605616605616606,0.22821851074695587,0.10817968100309372,0.9941428899765015,0.563326358795166
f81,7,block16_oracle,512,512,32,32760,0.017582417582417582,0.21207526326179504,0.0992077887058258,0.9950668811798096,0.563326358795166
f81,7,block16_oracle,512,512,64,32760,0.019536019536019536,0.19479478895664215,0.09251757711172104,0.9957111477851868,0.563326358795166
f81,7,block32_oracle,512,512,8,32760,0.016117216117216115,0.3790208697319031,0.16377967596054077,0.9865235686302185,0.4656241536140442
f81,7,block32_oracle,512,512,16,32760,0.016605616605616606,0.35747841000556946,0.15513917803764343,0.9879026412963867,0.4656241536140442
f81,7,block32_oracle,512,512,32,32760,0.017582417582417582,0.3297392427921295,0.14485196769237518,0.9894543290138245,0.4656241536140442
f81,7,block32_oracle,512,512,64,32760,0.019536019536019536,0.29942843317985535,0.13243484497070312,0.991193413734436,0.4656241536140442
f81,7,block64_oracle,512,512,8,32760,0.016117216117216115,0.48158693313598633,0.19934068620204926,0.9799537062644958,0.3989376127719879
f81,7,block64_oracle,512,512,16,32760,0.016605616605616606,0.45641714334487915,0.18823044002056122,0.9821326732635498,0.3989376127719879
f81,7,block64_oracle,512,512,32,32760,0.017582417582417582,0.4216538667678833,0.17570218443870544,0.9844436645507812,0.3989376127719879
f81,7,block64_oracle,512,512,64,32760,0.019536019536019536,0.38064679503440857,0.1607530564069748,0.9869996905326843,0.3989376127719879
f81,7,block128_oracle,512,512,8,32760,0.016117216117216115,0.5071153044700623,0.20816101133823395,0.9781164526939392,0.38564392924308777
f81,7,block128_oracle,512,512,16,32760,0.016605616605616606,0.48176345229148865,0.19694547355175018,0.980420708656311,0.38564392924308777
f81,7,block128_oracle,512,512,32,32760,0.017582417582417582,0.44655388593673706,0.18469133973121643,0.9827967882156372,0.38564392924308777
f81,7,block128_oracle,512,512,64,32760,0.019536019536019536,0.40422719717025757,0.16803495585918427,0.9857854247093201,0.38564392924308777
f81,7,token_topk_oracle,1024,1024,8,32760,0.031746031746031744,0.07763902842998505,0.033528316766023636,0.9994409084320068,0.7665033340454102
f81,7,token_topk_oracle,1024,1024,16,32760,0.03223443223443223,0.07274329662322998,0.029281292110681534,0.9995713829994202,0.7665033340454102
f81,7,token_topk_oracle,1024,1024,32,32760,0.03321123321123321,0.06836400181055069,0.027771208435297012,0.9996144771575928,0.7665033340454102
f81,7,token_topk_oracle,1024,1024,64,32760,0.035164835164835165,0.06249634921550751,0.025412222370505333,0.9996773600578308,0.7665033340454102
f81,7,block16_oracle,1024,1024,8,32760,0.031746031746031744,0.137950599193573,0.0685875341296196,0.9976595640182495,0.7046767473220825
f81,7,block16_oracle,1024,1024,16,32760,0.03223443223443223,0.1299278736114502,0.06365402042865753,0.9979785084724426,0.7046767473220825
f81,7,block16_oracle,1024,1024,32,32760,0.03321123321123321,0.12208191305398941,0.060085542500019073,0.9981954097747803,0.7046767473220825
f81,7,block16_oracle,1024,1024,64,32760,0.035164835164835165,0.11161154508590698,0.05633971095085144,0.9984139204025269,0.7046767473220825
f81,7,block32_oracle,1024,1024,8,32760,0.031746031746031744,0.20758052170276642,0.09680359065532684,0.9953286647796631,0.6388054490089417
f81,7,block32_oracle,1024,1024,16,32760,0.03223443223443223,0.19537901878356934,0.09104213118553162,0.9958577752113342,0.6388054490089417
f81,7,block32_oracle,1024,1024,32,32760,0.03321123321123321,0.18138402700424194,0.08529336750507355,0.9963585138320923,0.6388054490089417
f81,7,block32_oracle,1024,1024,64,32760,0.035164835164835165,0.1664981096982956,0.07917454838752747,0.9968616962432861,0.6388054490089417
f81,7,block64_oracle,1024,1024,8,32760,0.031746031746031744,0.27666857838630676,0.12313298881053925,0.9924125075340271,0.5925228595733643
f81,7,block64_oracle,1024,1024,16,32760,0.03223443223443223,0.26187068223953247,0.11630209535360336,0.9932219982147217,0.5925228595733643
f81,7,block64_oracle,1024,1024,32,32760,0.03321123321123321,0.2420191764831543,0.10903459042310715,0.9940388202667236,0.5925228595733643
f81,7,block64_oracle,1024,1024,64,32760,0.035164835164835165,0.22074756026268005,0.10047118365764618,0.9949399828910828,0.5925228595733643
f81,7,block128_oracle,1024,1024,8,32760,0.031746031746031744,0.28897151350975037,0.1280103176832199,0.9917941093444824,0.5839320421218872
f81,7,block128_oracle,1024,1024,16,32760,0.03223443223443223,0.2740021347999573,0.12132873386144638,0.992619514465332,0.5839320421218872
f81,7,block128_oracle,1024,1024,32,32760,0.03321123321123321,0.2536974549293518,0.1140618547797203,0.9934743642807007,0.5839320421218872
f81,7,block128_oracle,1024,1024,64,32760,0.035164835164835165,0.23154641687870026,0.10580246150493622,0.994387149810791,0.5839320421218872
f81,8,token_topk_oracle,64,64,8,32760,0.002442002442002442,0.10306096822023392,0.08392823487520218,0.9964719414710999,0.004837541375309229
f81,8,token_topk_oracle,64,64,16,32760,0.0029304029304029304,0.08519510924816132,0.05939276143908501,0.998234748840332,0.004837541375309229
f81,8,token_topk_oracle,64,64,32,32760,0.003907203907203907,0.06971242278814316,0.04107224941253662,0.9991562962532043,0.004837541375309229
f81,8,token_topk_oracle,64,64,64,32760,0.005860805860805861,0.05662652850151062,0.023476561531424522,0.9997243285179138,0.004837541375309229
f81,8,block16_oracle,64,64,8,32760,0.002442002442002442,0.09332858771085739,0.09268788993358612,0.9956952333450317,0.0027471669018268585
f81,8,block16_oracle,64,64,16,32760,0.0029304029304029304,0.07324456423521042,0.05979618430137634,0.998210608959198,0.0027471669018268585
f81,8,block16_oracle,64,64,32,32760,0.003907203907203907,0.05882099270820618,0.03818188235163689,0.9992707967758179,0.0027471669018268585
f81,8,block16_oracle,64,64,64,32760,0.005860805860805861,0.045155469328165054,0.021821986883878708,0.9997618198394775,0.0027471669018268585
f81,8,block32_oracle,64,64,8,32760,0.002442002442002442,0.09264557808637619,0.09331164509057999,0.9956369400024414,0.002544879214838147
f81,8,block32_oracle,64,64,16,32760,0.0029304029304029304,0.07273448258638382,0.05979064851999283,0.9982108473777771,0.002544879214838147
f81,8,block32_oracle,64,64,32,32760,0.003907203907203907,0.05856268107891083,0.03724808245897293,0.9993059635162354,0.002544879214838147
f81,8,block32_oracle,64,64,64,32760,0.005860805860805861,0.04512743279337883,0.022594964131712914,0.9997446537017822,0.002544879214838147
f81,8,block64_oracle,64,64,8,32760,0.002442002442002442,0.09209255129098892,0.09363271296024323,0.9956068396568298,0.0024352611508220434
f81,8,block64_oracle,64,64,16,32760,0.0029304029304029304,0.0721811056137085,0.0603049099445343,0.9981799721717834,0.0024352611508220434
f81,8,block64_oracle,64,64,32,32760,0.003907203907203907,0.05786408483982086,0.037718210369348526,0.9992884397506714,0.0024352611508220434
f81,8,block64_oracle,64,64,64,32760,0.005860805860805861,0.042837321758270264,0.02500974014401436,0.9996872544288635,0.0024352611508220434
f81,8,block128_oracle,64,128,8,32760,0.004395604395604396,0.10354571789503098,0.0927874818444252,0.9956859350204468,0.004717595875263214
f81,8,block128_oracle,64,128,16,32760,0.004884004884004884,0.08630973845720291,0.061217401176691055,0.9981244802474976,0.004717595875263214
f81,8,block128_oracle,64,128,32,32760,0.005860805860805861,0.07207363098859787,0.04450445994734764,0.9990092515945435,0.004717595875263214
f81,8,block128_oracle,64,128,64,32760,0.007814407814407814,0.05369531735777855,0.030553195625543594,0.9995331764221191,0.004717595875263214
f81,8,token_topk_oracle,128,128,8,32760,0.004395604395604396,0.11761054396629333,0.07862453907728195,0.996904730796814,0.008990109898149967
f81,8,token_topk_oracle,128,128,16,32760,0.004884004884004884,0.10007698088884354,0.05755240470170975,0.9983425736427307,0.008990109898149967
f81,8,token_topk_oracle,128,128,32,32760,0.005860805860805861,0.08372293412685394,0.041356224566698074,0.999144434928894,0.008990109898149967
f81,8,token_topk_oracle,128,128,64,32760,0.007814407814407814,0.0700981393456459,0.02573304809629917,0.9996688365936279,0.008990109898149967
f81,8,block16_oracle,128,128,8,32760,0.004395604395604396,0.10523311048746109,0.09160947799682617,0.9957950115203857,0.0053787436336278915
f81,8,block16_oracle,128,128,16,32760,0.004884004884004884,0.08747829496860504,0.05997925624251366,0.9981997013092041,0.0053787436336278915
f81,8,block16_oracle,128,128,32,32760,0.005860805860805861,0.07329873740673065,0.042492449283599854,0.9990967512130737,0.0053787436336278915
f81,8,block16_oracle,128,128,64,32760,0.007814407814407814,0.05857362598180771,0.02660606987774372,0.9996459484100342,0.0053787436336278915
f81,8,block32_oracle,128,128,8,32760,0.004395604395604396,0.1043611392378807,0.09265756607055664,0.9956979751586914,0.005023547913879156
f81,8,block32_oracle,128,128,16,32760,0.004884004884004884,0.08691397309303284,0.060681454837322235,0.9981571435928345,0.005023547913879156
f81,8,block32_oracle,128,128,32,32760,0.005860805860805861,0.07322853803634644,0.04280285909771919,0.9990834593772888,0.005023547913879156
f81,8,block32_oracle,128,128,64,32760,0.007814407814407814,0.05805957317352295,0.026876414194703102,0.9996387958526611,0.005023547913879156
f81,8,block64_oracle,128,128,8,32760,0.004395604395604396,0.1036510095000267,0.09303895384073257,0.99566251039505,0.004829424433410168
f81,8,block64_oracle,128,128,16,32760,0.004884004884004884,0.08620491623878479,0.06159871444106102,0.998100996017456,0.004829424433410168
f81,8,block64_oracle,128,128,32,32760,0.005860805860805861,0.0720439925789833,0.04341611638665199,0.9990570545196533,0.004829424433410168
f81,8,block64_oracle,128,128,64,32760,0.007814407814407814,0.05502721294760704,0.030383719131350517,0.9995383620262146,0.004829424433410168
f81,8,block128_oracle,128,128,8,32760,0.004395604395604396,0.10354572534561157,0.09278739243745804,0.9956859946250916,0.004717595875263214
f81,8,block128_oracle,128,128,16,32760,0.004884004884004884,0.08630993217229843,0.06121267378330231,0.9981247186660767,0.004717595875263214
f81,8,block128_oracle,128,128,32,32760,0.005860805860805861,0.07208504527807236,0.04469560831785202,0.9990006685256958,0.004717595875263214
f81,8,block128_oracle,128,128,64,32760,0.007814407814407814,0.05371818691492081,0.030529087409377098,0.9995338916778564,0.004717595875263214
f81,8,token_topk_oracle,256,256,8,32760,0.008302808302808303,0.13741353154182434,0.07768263667821884,0.9969794750213623,0.016648346558213234
f81,8,token_topk_oracle,256,256,16,32760,0.008791208791208791,0.11816976964473724,0.053977783769369125,0.9985423684120178,0.016648346558213234
f81,8,token_topk_oracle,256,256,32,32760,0.009768009768009768,0.1019795760512352,0.03950288146734238,0.999219536781311,0.016648346558213234
f81,8,token_topk_oracle,256,256,64,32760,0.011721611721611722,0.08756470680236816,0.02885615825653076,0.9995834827423096,0.016648346558213234
f81,8,block16_oracle,256,256,8,32760,0.008302808302808303,0.12363409250974655,0.09049595892429352,0.9958968162536621,0.010499980300664902
f81,8,block16_oracle,256,256,16,32760,0.008791208791208791,0.10730299353599548,0.06200217083096504,0.9980759024620056,0.010499980300664902
f81,8,block16_oracle,256,256,32,32760,0.009768009768009768,0.09190209209918976,0.04526316747069359,0.9989750981330872,0.010499980300664902
f81,8,block16_oracle,256,256,64,32760,0.011721611721611722,0.07555145770311356,0.032345063984394073,0.9994767308235168,0.010499980300664902
f81,8,block32_oracle,256,256,8,32760,0.008302808302808303,0.12298817187547684,0.09223173558712006,0.9957375526428223,0.009888633154332638
f81,8,block32_oracle,256,256,16,32760,0.008791208791208791,0.1075165718793869,0.06152033805847168,0.9981058239936829,0.009888633154332638
f81,8,block32_oracle,256,256,32,32760,0.009768009768009768,0.0925101712346077,0.046970393508672714,0.9988963007926941,0.009888633154332638
f81,8,block32_oracle,256,256,64,32760,0.011721611721611722,0.07548879832029343,0.033190175890922546,0.9994490146636963,0.009888633154332638
f81,8,block64_oracle,256,256,8,32760,0.008302808302808303,0.1222015768289566,0.09260986000299454,0.9957023859024048,0.009553843177855015
f81,8,block64_oracle,256,256,16,32760,0.008791208791208791,0.106993168592453,0.06328080594539642,0.9979957342147827,0.009553843177855015
f81,8,block64_oracle,256,256,32,32760,0.009768009768009768,0.091237373650074,0.046609066426754,0.9989131689071655,0.009553843177855015
f81,8,block64_oracle,256,256,64,32760,0.011721611721611722,0.07220222055912018,0.03774162381887436,0.9992876052856445,0.009553843177855015
f81,8,block128_oracle,256,256,8,32760,0.008302808302808303,0.12267386168241501,0.09173855930566788,0.9957832098007202,0.009366664104163647
f81,8,block128_oracle,256,256,16,32760,0.008791208791208791,0.1079823300242424,0.06287107616662979,0.9980216026306152,0.009366664104163647
f81,8,block128_oracle,256,256,32,32760,0.009768009768009768,0.09202444553375244,0.04822234436869621,0.9988366365432739,0.009366664104163647
f81,8,block128_oracle,256,256,64,32760,0.011721611721611722,0.07029840350151062,0.03812768682837486,0.9992727637290955,0.009366664104163647
f81,8,token_topk_oracle,512,512,8,32760,0.016117216117216115,0.16106048226356506,0.0728544071316719,0.9973461031913757,0.030741633847355843
f81,8,token_topk_oracle,512,512,16,32760,0.016605616605616606,0.14033429324626923,0.04894404858350754,0.998802125453949,0.030741633847355843
f81,8,token_topk_oracle,512,512,32,32760,0.017582417582417582,0.12438829243183136,0.04197773337364197,0.9991186857223511,0.030741633847355843
f81,8,token_topk_oracle,512,512,64,32760,0.019536019536019536,0.10829823464155197,0.030657926574349403,0.9995299577713013,0.030741633847355843
f81,8,block16_oracle,512,512,8,32760,0.016117216117216115,0.14988930523395538,0.09375302493572235,0.9955955743789673,0.02044684998691082
f81,8,block16_oracle,512,512,16,32760,0.016605616605616606,0.13215403258800507,0.06412496417760849,0.9979417324066162,0.02044684998691082
f81,8,block16_oracle,512,512,32,32760,0.017582417582417582,0.1138492077589035,0.05170875042676926,0.9986622333526611,0.02044684998691082
f81,8,block16_oracle,512,512,64,32760,0.019536019536019536,0.09574566781520844,0.038815174251794815,0.9992464184761047,0.02044684998691082
f81,8,block32_oracle,512,512,8,32760,0.016117216117216115,0.15041017532348633,0.09294625371694565,0.9956711530685425,0.019420698285102844
f81,8,block32_oracle,512,512,16,32760,0.016605616605616606,0.1341305524110794,0.06414390355348587,0.9979408383369446,0.019420698285102844
f81,8,block32_oracle,512,512,32,32760,0.017582417582417582,0.11600485444068909,0.054152555763721466,0.9985326528549194,0.019420698285102844
f81,8,block32_oracle,512,512,64,32760,0.019536019536019536,0.09649226814508438,0.040449321269989014,0.9991815090179443,0.019420698285102844
f81,8,block64_oracle,512,512,8,32760,0.016117216117216115,0.15016165375709534,0.09351798892021179,0.9956176280975342,0.018854450434446335
f81,8,block64_oracle,512,512,16,32760,0.016605616605616606,0.13419480621814728,0.06628374755382538,0.9978006482124329,0.018854450434446335
f81,8,block64_oracle,512,512,32,32760,0.017582417582417582,0.1151854544878006,0.05865911766886711,0.998278021812439,0.018854450434446335
f81,8,block64_oracle,512,512,64,32760,0.019536019536019536,0.0929396003484726,0.04121818020939827,0.9991500973701477,0.018854450434446335
f81,8,block128_oracle,512,512,8,32760,0.016117216117216115,0.15149317681789398,0.09064376354217529,0.9958834052085876,0.018554598093032837
f81,8,block128_oracle,512,512,16,32760,0.016605616605616606,0.13617470860481262,0.06722113490104675,0.9977381229400635,0.018554598093032837
f81,8,block128_oracle,512,512,32,32760,0.017582417582417582,0.11525902897119522,0.06116677448153496,0.9981275200843811,0.018554598093032837
f81,8,block128_oracle,512,512,64,32760,0.019536019536019536,0.08964993804693222,0.043068040162324905,0.9990720748901367,0.018554598093032837
f81,8,token_topk_oracle,1024,1024,8,32760,0.031746031746031744,0.18857376277446747,0.06284219771623611,0.9980303049087524,0.05658319219946861
f81,8,token_topk_oracle,1024,1024,16,32760,0.03223443223443223,0.1676069051027298,0.0442839115858078,0.9990200996398926,0.05658319219946861
f81,8,token_topk_oracle,1024,1024,32,32760,0.03321123321123321,0.1506078541278839,0.03716522455215454,0.9993095397949219,0.05658319219946861
f81,8,token_topk_oracle,1024,1024,64,32760,0.035164835164835165,0.13272598385810852,0.028505466878414154,0.9995936751365662,0.05658319219946861
f81,8,block16_oracle,1024,1024,8,32760,0.031746031746031744,0.1825212836265564,0.09962481260299683,0.995025634765625,0.039711855351924896
f81,8,block16_oracle,1024,1024,16,32760,0.03223443223443223,0.1617659330368042,0.07568174600601196,0.9971321821212769,0.039711855351924896
f81,8,block16_oracle,1024,1024,32,32760,0.03321123321123321,0.14016789197921753,0.05871935933828354,0.9982746839523315,0.039711855351924896
f81,8,block16_oracle,1024,1024,64,32760,0.035164835164835165,0.12004124373197556,0.0407608225941658,0.9991689920425415,0.039711855351924896
f81,8,block32_oracle,1024,1024,8,32760,0.031746031746031744,0.18619005382061005,0.1027822270989418,0.9947041273117065,0.03803906962275505
f81,8,block32_oracle,1024,1024,16,32760,0.03223443223443223,0.1656486690044403,0.07202286273241043,0.997403085231781,0.03803906962275505
f81,8,block32_oracle,1024,1024,32,32760,0.03321123321123321,0.1434728503227234,0.061600349843502045,0.9981009364128113,0.03803906962275505
f81,8,block32_oracle,1024,1024,64,32760,0.035164835164835165,0.12047778815031052,0.043207522481679916,0.9990661144256592,0.03803906962275505
f81,8,block64_oracle,1024,1024,8,32760,0.031746031746031744,0.1865844875574112,0.10560126602649689,0.9944086074829102,0.037123166024684906
f81,8,block64_oracle,1024,1024,16,32760,0.03223443223443223,0.16558073461055756,0.08340992778539658,0.9965154528617859,0.037123166024684906
f81,8,block64_oracle,1024,1024,32,32760,0.03321123321123321,0.14186358451843262,0.06518855690956116,0.9978729486465454,0.037123166024684906
f81,8,block64_oracle,1024,1024,64,32760,0.035164835164835165,0.11495935171842575,0.04824460297822952,0.9988355040550232,0.037123166024684906
f81,8,block128_oracle,1024,1024,8,32760,0.031746031746031744,0.18843159079551697,0.1037675216794014,0.9946016073226929,0.036654818803071976
f81,8,block128_oracle,1024,1024,16,32760,0.03223443223443223,0.16650140285491943,0.08812682330608368,0.9961093068122864,0.036654818803071976
f81,8,block128_oracle,1024,1024,32,32760,0.03321123321123321,0.13905790448188782,0.06878700852394104,0.9976314306259155,0.036654818803071976
f81,8,block128_oracle,1024,1024,64,32760,0.035164835164835165,0.1077985018491745,0.04780761897563934,0.9988566040992737,0.036654818803071976
f81,9,token_topk_oracle,64,64,8,32760,0.002442002442002442,0.23256012797355652,0.2530432939529419,0.9674783945083618,0.011314721778035164
f81,9,token_topk_oracle,64,64,16,32760,0.0029304029304029304,0.1682824343442917,0.10762590169906616,0.994191586971283,0.011314721778035164
f81,9,token_topk_oracle,64,64,32,32760,0.003907203907203907,0.14322447776794434,0.08374588936567307,0.9964870810508728,0.011314721778035164
f81,9,token_topk_oracle,64,64,64,32760,0.005860805860805861,0.12287084758281708,0.053132303059101105,0.998587429523468,0.011314721778035164
f81,9,block16_oracle,64,64,8,32760,0.002442002442002442,0.23369181156158447,0.3327852785587311,0.9430040717124939,0.005036448128521442
f81,9,block16_oracle,64,64,16,32760,0.0029304029304029304,0.15504717826843262,0.11540167778730392,0.9933188557624817,0.005036448128521442
f81,9,block16_oracle,64,64,32,32760,0.003907203907203907,0.12319888919591904,0.0901549756526947,0.9959277510643005,0.005036448128521442
f81,9,block16_oracle,64,64,64,32760,0.005860805860805861,0.09919501841068268,0.05126757174730301,0.9986849427223206,0.005036448128521442
f81,9,block32_oracle,64,64,8,32760,0.002442002442002442,0.2338971495628357,0.3091706335544586,0.9510077834129333,0.004493711516261101
f81,9,block32_oracle,64,64,16,32760,0.0029304029304029304,0.15324623882770538,0.11562852561473846,0.9932924509048462,0.004493711516261101
f81,9,block32_oracle,64,64,32,32760,0.003907203907203907,0.12022888660430908,0.09036178141832352,0.9959089756011963,0.004493711516261101
f81,9,block32_oracle,64,64,64,32760,0.005860805860805861,0.09536857903003693,0.05085308104753494,0.9987061023712158,0.004493711516261101
f81,9,block64_oracle,64,64,8,32760,0.002442002442002442,0.23377032577991486,0.2985799014568329,0.9543853998184204,0.004181873053312302
f81,9,block64_oracle,64,64,16,32760,0.0029304029304029304,0.15196135640144348,0.11613763123750687,0.9932330846786499,0.004181873053312302
f81,9,block64_oracle,64,64,32,32760,0.003907203907203907,0.1175655797123909,0.09059137850999832,0.9958881139755249,0.004181873053312302
f81,9,block64_oracle,64,64,64,32760,0.005860805860805861,0.0889490619301796,0.053091663867235184,0.9985895156860352,0.004181873053312302
f81,9,block128_oracle,64,128,8,32760,0.004395604395604396,0.2411576360464096,0.27145087718963623,0.9624534249305725,0.007912995293736458
f81,9,block128_oracle,64,128,16,32760,0.004884004884004884,0.1654811054468155,0.11571970582008362,0.9932818412780762,0.007912995293736458
f81,9,block128_oracle,64,128,32,32760,0.005860805860805861,0.13310939073562622,0.09235849231481552,0.9957258105278015,0.007912995293736458
f81,9,block128_oracle,64,128,64,32760,0.007814407814407814,0.10210326313972473,0.06343045085668564,0.9979861974716187,0.007912995293736458
f81,9,token_topk_oracle,128,128,8,32760,0.004395604395604396,0.23889370262622833,0.22881744801998138,0.9735116362571716,0.019804690033197403
f81,9,token_topk_oracle,128,128,16,32760,0.004884004884004884,0.18428872525691986,0.10284741967916489,0.9946973919868469,0.019804690033197403
f81,9,token_topk_oracle,128,128,32,32760,0.005860805860805861,0.16102944314479828,0.08197134733200073,0.9966347813606262,0.019804690033197403
f81,9,token_topk_oracle,128,128,64,32760,0.007814407814407814,0.14030978083610535,0.05811174213886261,0.9983100891113281,0.019804690033197403
f81,9,block16_oracle,128,128,8,32760,0.004395604395604396,0.2409261167049408,0.33220499753952026,0.9432117938995361,0.009636150673031807
f81,9,block16_oracle,128,128,16,32760,0.004884004884004884,0.1698019653558731,0.1138015016913414,0.9935035109519958,0.009636150673031807
f81,9,block16_oracle,128,128,32,32760,0.005860805860805861,0.1406698375940323,0.08958981186151505,0.9959787726402283,0.009636150673031807
f81,9,block16_oracle,128,128,64,32760,0.007814407814407814,0.116758331656456,0.05599737539887428,0.9984309077262878,0.009636150673031807
f81,9,block32_oracle,128,128,8,32760,0.004395604395604396,0.24125845730304718,0.28814440965652466,0.9575901627540588,0.008729362860321999
f81,9,block32_oracle,128,128,16,32760,0.004884004884004884,0.16750110685825348,0.11458104848861694,0.9934139251708984,0.008729362860321999
f81,9,block32_oracle,128,128,32,32760,0.005860805860805861,0.13728292286396027,0.09010354429483414,0.9959323406219482,0.008729362860321999
f81,9,block32_oracle,128,128,64,32760,0.007814407814407814,0.11173960566520691,0.05766284093260765,0.9983360767364502,0.008729362860321999
f81,9,block64_oracle,128,128,8,32760,0.004395604395604396,0.2410287708044052,0.27294212579727173,0.9620325565338135,0.008212420158088207
f81,9,block64_oracle,128,128,16,32760,0.004884004884004884,0.1655699759721756,0.11517346650362015,0.993345320224762,0.008212420158088207
f81,9,block64_oracle,128,128,32,32760,0.005860805860805861,0.1334046721458435,0.09132230281829834,0.9958214163780212,0.008212420158088207
f81,9,block64_oracle,128,128,64,32760,0.007814407814407814,0.10484452545642853,0.06114180013537407,0.99812912940979,0.008212420158088207
f81,9,block128_oracle,128,128,8,32760,0.004395604395604396,0.2411576360464096,0.27145087718963623,0.9624533653259277,0.007912995293736458
f81,9,block128_oracle,128,128,16,32760,0.004884004884004884,0.16548112034797668,0.1157187968492508,0.9932820200920105,0.007912995293736458
f81,9,block128_oracle,128,128,32,32760,0.005860805860805861,0.13310874998569489,0.09221699088811874,0.9957388639450073,0.007912995293736458
f81,9,block128_oracle,128,128,64,32760,0.007814407814407814,0.10223229229450226,0.06477081775665283,0.997900128364563,0.007912995293736458
f81,9,token_topk_oracle,256,256,8,32760,0.008302808302808303,0.24834707379341125,0.20382548868656158,0.9790704250335693,0.034452661871910095
f81,9,token_topk_oracle,256,256,16,32760,0.008791208791208791,0.20355741679668427,0.09991781413555145,0.9949964284896851,0.034452661871910095
f81,9,token_topk_oracle,256,256,32,32760,0.009768009768009768,0.18086369335651398,0.07860325276851654,0.996906042098999,0.034452661871910095
f81,9,token_topk_oracle,256,256,64,32760,0.011721611721611722,0.1585078090429306,0.06012694910168648,0.9981907606124878,0.034452661871910095
f81,9,block16_oracle,256,256,8,32760,0.008302808302808303,0.25341078639030457,0.32899221777915955,0.944346010684967,0.01835196278989315
f81,9,block16_oracle,256,256,16,32760,0.008791208791208791,0.19202961027622223,0.11158420145511627,0.9937549829483032,0.01835196278989315
f81,9,block16_oracle,256,256,32,32760,0.009768009768009768,0.16419336199760437,0.0889698788523674,0.9960342645645142,0.01835196278989315
f81,9,block16_oracle,256,256,64,32760,0.011721611721611722,0.13845790922641754,0.06378643214702606,0.997963547706604,0.01835196278989315
f81,9,block32_oracle,256,256,8,32760,0.008302808302808303,0.25401049852371216,0.2576875686645508,0.9662346839904785,0.016880976036190987
f81,9,block32_oracle,256,256,16,32760,0.008791208791208791,0.18946966528892517,0.11357098817825317,0.9935299158096313,0.016880976036190987
f81,9,block32_oracle,256,256,32,32760,0.009768009768009768,0.16020312905311584,0.09043265879154205,0.995902419090271,0.016880976036190987
f81,9,block32_oracle,256,256,64,32760,0.011721611721611722,0.13294638693332672,0.06323376297950745,0.9979987144470215,0.016880976036190987
f81,9,block64_oracle,256,256,8,32760,0.008302808302808303,0.25390535593032837,0.24963416159152985,0.968345046043396,0.016040809452533722
f81,9,block64_oracle,256,256,16,32760,0.008791208791208791,0.1876830905675888,0.11692752689123154,0.9931403398513794,0.016040809452533722
f81,9,block64_oracle,256,256,32,32760,0.009768009768009768,0.15668489038944244,0.09288396686315536,0.9956768751144409,0.016040809452533722
f81,9,block64_oracle,256,256,64,32760,0.011721611721611722,0.12714822590351105,0.06734084337949753,0.997730016708374,0.016040809452533722
f81,9,block128_oracle,256,256,8,32760,0.008302808302808303,0.2543025612831116,0.25132447481155396,0.9679057002067566,0.01557681430131197
f81,9,block128_oracle,256,256,16,32760,0.008791208791208791,0.18814398348331451,0.12158095836639404,0.9925814867019653,0.01557681430131197
f81,9,block128_oracle,256,256,32,32760,0.009768009768009768,0.1563832312822342,0.09296746551990509,0.9956691861152649,0.01557681430131197
f81,9,block128_oracle,256,256,64,32760,0.011721611721611722,0.12360234558582306,0.07121008634567261,0.9974613189697266,0.01557681430131197
f81,9,token_topk_oracle,512,512,8,32760,0.016117216117216115,0.261741578578949,0.19126945734024048,0.9816170930862427,0.059512458741664886
f81,9,token_topk_oracle,512,512,16,32760,0.016605616605616606,0.22519688308238983,0.09685489535331726,0.9952999949455261,0.059512458741664886
f81,9,token_topk_oracle,512,512,32,32760,0.017582417582417582,0.2017926275730133,0.08081172406673431,0.9967299103736877,0.059512458741664886
f81,9,token_topk_oracle,512,512,64,32760,0.019536019536019536,0.17753730714321136,0.062242310494184494,0.9980611801147461,0.059512458741664886
f81,9,block16_oracle,512,512,8,32760,0.016117216117216115,0.27341461181640625,0.3250998556613922,0.945713222026825,0.034775540232658386
f81,9,block16_oracle,512,512,16,32760,0.016605616605616606,0.22162269055843353,0.11505590379238129,0.9933589696884155,0.034775540232658386
f81,9,block16_oracle,512,512,32,32760,0.017582417582417582,0.19244518876075745,0.09209123253822327,0.9957504868507385,0.034775540232658386
f81,9,block16_oracle,512,512,64,32760,0.019536019536019536,0.16253384947776794,0.07080189138650894,0.9974902868270874,0.034775540232658386
f81,9,block32_oracle,512,512,8,32760,0.016117216117216115,0.2747039198875427,0.23878973722457886,0.971083402633667,0.03246992826461792
f81,9,block32_oracle,512,512,16,32760,0.016605616605616606,0.21929527819156647,0.11919765174388885,0.992870569229126,0.03246992826461792
f81,9,block32_oracle,512,512,32,32760,0.017582417582417582,0.18839818239212036,0.09591371566057205,0.9953896403312683,0.03246992826461792
f81,9,block32_oracle,512,512,64,32760,0.019536019536019536,0.15725721418857574,0.07228691130876541,0.9973837733268738,0.03246992826461792
f81,9,block64_oracle,512,512,8,32760,0.016117216117216115,0.27495962381362915,0.23664632439613342,0.9716048240661621,0.03116723708808422
f81,9,block64_oracle,512,512,16,32760,0.016605616605616606,0.21774856746196747,0.12185665220022202,0.9925476312637329,0.03116723708808422
f81,9,block64_oracle,512,512,32,32760,0.017582417582417582,0.18467019498348236,0.09679125249385834,0.9953047037124634,0.03116723708808422
f81,9,block64_oracle,512,512,64,32760,0.019536019536019536,0.1496858298778534,0.07858560234308243,0.9969073534011841,0.03116723708808422
f81,9,block128_oracle,512,512,8,32760,0.016117216117216115,0.2760423719882965,0.24074704945087433,0.970594048500061,0.030487680807709694
f81,9,block128_oracle,512,512,16,32760,0.016605616605616606,0.2187180072069168,0.12173698097467422,0.9925624132156372,0.030487680807709694
f81,9,block128_oracle,512,512,32,32760,0.017582417582417582,0.1829606145620346,0.10102184861898422,0.9948842525482178,0.030487680807709694
f81,9,block128_oracle,512,512,64,32760,0.019536019536019536,0.14410969614982605,0.08129390329122543,0.9966901540756226,0.030487680807709694
f81,9,token_topk_oracle,1024,1024,8,32760,0.031746031746031744,0.278562992811203,0.22509756684303284,0.9746100306510925,0.10199440270662308
f81,9,token_topk_oracle,1024,1024,16,32760,0.03223443223443223,0.2477494180202484,0.08481550216674805,0.996397852897644,0.10199440270662308
f81,9,token_topk_oracle,1024,1024,32,32760,0.03321123321123321,0.22254526615142822,0.07414297014474869,0.9972485303878784,0.10199440270662308
f81,9,token_topk_oracle,1024,1024,64,32760,0.035164835164835165,0.1968877911567688,0.060929108411073685,0.9981422424316406,0.10199440270662308
f81,9,block16_oracle,1024,1024,8,32760,0.031746031746031744,0.30091384053230286,0.3183630704879761,0.9480549097061157,0.0654897391796112
f81,9,block16_oracle,1024,1024,16,32760,0.03223443223443223,0.25524798035621643,0.12016838043928146,0.9927536845207214,0.0654897391796112
f81,9,block16_oracle,1024,1024,32,32760,0.03321123321123321,0.22104300558567047,0.09862199425697327,0.9951249361038208,0.0654897391796112
f81,9,block16_oracle,1024,1024,64,32760,0.035164835164835165,0.18648739159107208,0.0766114667057991,0.997061014175415,0.0654897391796112
f81,9,block32_oracle,1024,1024,8,32760,0.031746031746031744,0.3037544786930084,0.22468365728855133,0.9744542837142944,0.062050990760326385
f81,9,block32_oracle,1024,1024,16,32760,0.03223443223443223,0.2534002363681793,0.1267300546169281,0.9919372797012329,0.062050990760326385
f81,9,block32_oracle,1024,1024,32,32760,0.03321123321123321,0.2167603075504303,0.10210611671209335,0.9947735071182251,0.062050990760326385
f81,9,block32_oracle,1024,1024,64,32760,0.035164835164835165,0.18105436861515045,0.07869002968072891,0.9968991279602051,0.062050990760326385
f81,9,block64_oracle,1024,1024,8,32760,0.031746031746031744,0.3055969476699829,0.226705402135849,0.9739805459976196,0.060130588710308075
f81,9,block64_oracle,1024,1024,16,32760,0.03223443223443223,0.2523422837257385,0.13407549262046814,0.9909710884094238,0.060130588710308075
f81,9,block64_oracle,1024,1024,32,32760,0.03321123321123321,0.21107056736946106,0.10640808194875717,0.9943225383758545,0.060130588710308075
f81,9,block64_oracle,1024,1024,64,32760,0.035164835164835165,0.1711689978837967,0.08109976351261139,0.996705949306488,0.060130588710308075
f81,9,block128_oracle,1024,1024,8,32760,0.031746031746031744,0.30738040804862976,0.23308569192886353,0.9724662899971008,0.059216104447841644
f81,9,block128_oracle,1024,1024,16,32760,0.03223443223443223,0.25258293747901917,0.13715168833732605,0.9905500411987305,0.059216104447841644
f81,9,block128_oracle,1024,1024,32,32760,0.03321123321123321,0.2073390632867813,0.10867129266262054,0.9940778613090515,0.059216104447841644
f81,9,block128_oracle,1024,1024,64,32760,0.035164835164835165,0.16210518777370453,0.08549097925424576,0.9963390231132507,0.059216104447841644
f81,10,token_topk_oracle,64,64,8,32760,0.002442002442002442,0.24548964202404022,0.09685488790273666,0.9952992796897888,0.04052652418613434
f81,10,token_topk_oracle,64,64,16,32760,0.0029304029304029304,0.20367850363254547,0.05953684821724892,0.9982262849807739,0.04052652418613434
f81,10,token_topk_oracle,64,64,32,32760,0.003907203907203907,0.1751871258020401,0.041113369166851044,0.9991544485092163,0.04052652418613434
f81,10,token_topk_oracle,64,64,64,32760,0.005860805860805861,0.14873859286308289,0.03269502893090248,0.9994652271270752,0.04052652418613434
f81,10,block16_oracle,64,64,8,32760,0.002442002442002442,0.2376045435667038,0.11116628348827362,0.9938017725944519,0.018594615161418915
f81,10,block16_oracle,64,64,16,32760,0.0029304029304029304,0.182689368724823,0.06676139682531357,0.9977689385414124,0.018594615161418915
f81,10,block16_oracle,64,64,32,32760,0.003907203907203907,0.14107081294059753,0.046596329659223557,0.9989138245582581,0.018594615161418915
f81,10,block16_oracle,64,64,64,32760,0.005860805860805861,0.09967458248138428,0.03147461265325546,0.9995045065879822,0.018594615161418915
f81,10,block32_oracle,64,64,8,32760,0.002442002442002442,0.23272043466567993,0.11510979384183884,0.9933527112007141,0.016781773418188095
f81,10,block32_oracle,64,64,16,32760,0.0029304029304029304,0.1738663911819458,0.0676647499203682,0.9977080821990967,0.016781773418188095
f81,10,block32_oracle,64,64,32,32760,0.003907203907203907,0.12655562162399292,0.047363318502902985,0.9988777041435242,0.016781773418188095
f81,10,block32_oracle,64,64,64,32760,0.005860805860805861,0.08461349457502365,0.028107915073633194,0.9996049404144287,0.016781773418188095
f81,10,block64_oracle,64,64,8,32760,0.002442002442002442,0.2333666831254959,0.11494404822587967,0.9933719635009766,0.015802351757884026
f81,10,block64_oracle,64,64,16,32760,0.0029304029304029304,0.1679849773645401,0.06749442219734192,0.9977196455001831,0.015802351757884026
f81,10,block64_oracle,64,64,32,32760,0.003907203907203907,0.11135728657245636,0.046595390886068344,0.9989138245582581,0.015802351757884026
f81,10,block64_oracle,64,64,64,32760,0.005860805860805861,0.0714140459895134,0.024873992428183556,0.999690592288971,0.015802351757884026
f81,10,block128_oracle,64,128,8,32760,0.004395604395604396,0.2643141746520996,0.11560696363449097,0.9932951927185059,0.029734591022133827
f81,10,block128_oracle,64,128,16,32760,0.004884004884004884,0.18314148485660553,0.07637014240026474,0.997079610824585,0.029734591022133827
f81,10,block128_oracle,64,128,32,32760,0.005860805860805861,0.1140180230140686,0.044246856123209,0.9990205764770508,0.029734591022133827
f81,10,block128_oracle,64,128,64,32760,0.007814407814407814,0.07321256399154663,0.02481694333255291,0.9996920228004456,0.029734591022133827
f81,10,token_topk_oracle,128,128,8,32760,0.004395604395604396,0.2576351761817932,0.07651159912347794,0.9970690011978149,0.06958384811878204
f81,10,token_topk_oracle,128,128,16,32760,0.004884004884004884,0.21827970445156097,0.05632208287715912,0.9984127283096313,0.06958384811878204
f81,10,token_topk_oracle,128,128,32,32760,0.005860805860805861,0.18967999517917633,0.04231725633144379,0.9991042613983154,0.06958384811878204
f81,10,token_topk_oracle,128,128,64,32760,0.007814407814407814,0.16400325298309326,0.03248865529894829,0.9994720220565796,0.06958384811878204
f81,10,block16_oracle,128,128,8,32760,0.004395604395604396,0.2596667408943176,0.11000838875770569,0.9939306974411011,0.03548802435398102
f81,10,block16_oracle,128,128,16,32760,0.004884004884004884,0.20710879564285278,0.06780749559402466,0.9976984262466431,0.03548802435398102
f81,10,block16_oracle,128,128,32,32760,0.005860805860805861,0.1625477373600006,0.052494630217552185,0.9986212253570557,0.03548802435398102
f81,10,block16_oracle,128,128,64,32760,0.007814407814407814,0.11672343313694,0.03499893844127655,0.9993873238563538,0.03548802435398102
f81,10,block32_oracle,128,128,8,32760,0.004395604395604396,0.2584247589111328,0.11205509305000305,0.9937020540237427,0.03250112012028694
f81,10,block32_oracle,128,128,16,32760,0.004884004884004884,0.20089620351791382,0.06932218372821808,0.9975942969322205,0.03250112012028694
f81,10,block32_oracle,128,128,32,32760,0.005860805860805861,0.14923757314682007,0.05468406528234482,0.9985038042068481,0.03250112012028694
f81,10,block32_oracle,128,128,64,32760,0.007814407814407814,0.09929278492927551,0.0325540229678154,0.9994701147079468,0.03250112012028694
f81,10,block64_oracle,128,128,8,32760,0.004395604395604396,0.25723570585250854,0.1133711040019989,0.9935527443885803,0.03101613000035286
f81,10,block64_oracle,128,128,16,32760,0.004884004884004884,0.18748262524604797,0.07031185925006866,0.9975250959396362,0.03101613000035286
f81,10,block64_oracle,128,128,32,32760,0.005860805860805861,0.12281668186187744,0.05053969845175743,0.9987219572067261,0.03101613000035286
f81,10,block64_oracle,128,128,64,32760,0.007814407814407814,0.08166477084159851,0.026951206848025322,0.999636709690094,0.03101613000035286
f81,10,block128_oracle,128,128,8,32760,0.004395604395604396,0.2643141746520996,0.11560694873332977,0.9932950735092163,0.029734591022133827
f81,10,block128_oracle,128,128,16,32760,0.004884004884004884,0.18314148485660553,0.07636990398168564,0.997079610824585,0.029734591022133827
f81,10,block128_oracle,128,128,32,32760,0.005860805860805861,0.11401811987161636,0.04425246641039848,0.9990204572677612,0.029734591022133827
f81,10,block128_oracle,128,128,64,32760,0.007814407814407814,0.07322002202272415,0.02498088777065277,0.999687910079956,0.029734591022133827
f81,10,token_topk_oracle,256,256,8,32760,0.008302808302808303,0.26164332032203674,0.07206373661756516,0.9974005222320557,0.11769063770771027
f81,10,token_topk_oracle,256,256,16,32760,0.008791208791208791,0.22526806592941284,0.05176600441336632,0.9986592531204224,0.11769063770771027
f81,10,token_topk_oracle,256,256,32,32760,0.009768009768009768,0.19782648980617523,0.040625326335430145,0.9991744160652161,0.11769063770771027
f81,10,token_topk_oracle,256,256,64,32760,0.011721611721611722,0.17287786304950714,0.03152105212211609,0.9995031356811523,0.11769063770771027
f81,10,block16_oracle,256,256,8,32760,0.008302808302808303,0.2806873023509979,0.10583068430423737,0.9943842887878418,0.06698428094387054
f81,10,block16_oracle,256,256,16,32760,0.008791208791208791,0.22896067798137665,0.06850280612707138,0.9976509213447571,0.06698428094387054
f81,10,block16_oracle,256,256,32,32760,0.009768009768009768,0.18288758397102356,0.05701856315135956,0.9983730912208557,0.06698428094387054
f81,10,block16_oracle,256,256,64,32760,0.011721611721611722,0.13541728258132935,0.04142759367823601,0.9991415739059448,0.06698428094387054
f81,10,block32_oracle,256,256,8,32760,0.008302808302808303,0.2844696640968323,0.10702501982450485,0.9942563772201538,0.062425632029771805
f81,10,block32_oracle,256,256,16,32760,0.008791208791208791,0.22595347464084625,0.07016187906265259,0.9975355267524719,0.062425632029771805
f81,10,block32_oracle,256,256,32,32760,0.009768009768009768,0.169754296541214,0.05975862964987755,0.9982129335403442,0.062425632029771805
f81,10,block32_oracle,256,256,64,32760,0.011721611721611722,0.11253578960895538,0.035315241664648056,0.9993762969970703,0.062425632029771805
f81,10,block64_oracle,256,256,8,32760,0.008302808302808303,0.2801332473754883,0.10959883034229279,0.9939761161804199,0.060142792761325836
f81,10,block64_oracle,256,256,16,32760,0.008791208791208791,0.2077886164188385,0.07556037604808807,0.9971412420272827,0.060142792761325836
f81,10,block64_oracle,256,256,32,32760,0.009768009768009768,0.1408887803554535,0.0597432479262352,0.9982137680053711,0.060142792761325836
f81,10,block64_oracle,256,256,64,32760,0.011721611721611722,0.09265905618667603,0.030356792733073235,0.9995390772819519,0.060142792761325836
f81,10,block128_oracle,256,256,8,32760,0.008302808302808303,0.28446850180625916,0.1336619257926941,0.9910270571708679,0.058581188321113586
f81,10,block128_oracle,256,256,16,32760,0.008791208791208791,0.19512395560741425,0.07749724388122559,0.9969925880432129,0.058581188321113586
f81,10,block128_oracle,256,256,32,32760,0.009768009768009768,0.12279996275901794,0.04886311665177345,0.9988055229187012,0.058581188321113586
f81,10,block128_oracle,256,256,64,32760,0.011721611721611722,0.08052538335323334,0.026859890669584274,0.9996392130851746,0.058581188321113586
f81,10,token_topk_oracle,512,512,8,32760,0.016117216117216115,0.25328779220581055,0.05618259683251381,0.9984208345413208,0.1946881115436554
f81,10,token_topk_oracle,512,512,16,32760,0.016605616605616606,0.22125624120235443,0.04367547482252121,0.9990459680557251,0.1946881115436554
f81,10,token_topk_oracle,512,512,32,32760,0.017582417582417582,0.19616757333278656,0.036006052047014236,0.9993516802787781,0.1946881115436554
f81,10,token_topk_oracle,512,512,64,32760,0.019536019536019536,0.17286807298660278,0.02861691266298294,0.999590277671814,0.1946881115436554
f81,10,block16_oracle,512,512,8,32760,0.016117216117216115,0.29286980628967285,0.09528068453073502,0.9954509735107422,0.12481299787759781
f81,10,block16_oracle,512,512,16,32760,0.016605616605616606,0.24288451671600342,0.06677789241075516,0.9977678656578064,0.12481299787759781
f81,10,block16_oracle,512,512,32,32760,0.017582417582417582,0.19927197694778442,0.055666226893663406,0.998449444770813,0.12481299787759781
f81,10,block16_oracle,512,512,64,32760,0.019536019536019536,0.15248259902000427,0.04368913918733597,0.9990451335906982,0.12481299787759781
f81,10,block32_oracle,512,512,8,32760,0.016117216117216115,0.29589152336120605,0.10090751200914383,0.9948960542678833,0.11854527145624161
f81,10,block32_oracle,512,512,16,32760,0.016605616605616606,0.23648889362812042,0.07191550731658936,0.997410774230957,0.11854527145624161
f81,10,block32_oracle,512,512,32,32760,0.017582417582417582,0.1831635683774948,0.059406377375125885,0.99823397397995,0.11854527145624161
f81,10,block32_oracle,512,512,64,32760,0.019536019536019536,0.125092014670372,0.04032552242279053,0.9991865158081055,0.11854527145624161
f81,10,block64_oracle,512,512,8,32760,0.016117216117216115,0.2866472005844116,0.10115720331668854,0.9948707818984985,0.11537179350852966
f81,10,block64_oracle,512,512,16,32760,0.016605616605616606,0.22397415339946747,0.07492560148239136,0.9971891045570374,0.11537179350852966
f81,10,block64_oracle,512,512,32,32760,0.017582417582417582,0.15591000020503998,0.061809439212083817,0.9980878829956055,0.11537179350852966
f81,10,block64_oracle,512,512,64,32760,0.019536019536019536,0.1009293720126152,0.033089958131313324,0.9994522929191589,0.11537179350852966
f81,10,block128_oracle,512,512,8,32760,0.016117216117216115,0.28039735555648804,0.10300304740667343,0.9946814775466919,0.11363939195871353
f81,10,block128_oracle,512,512,16,32760,0.016605616605616606,0.2018699198961258,0.07744289934635162,0.996997058391571,0.11363939195871353
f81,10,block128_oracle,512,512,32,32760,0.017582417582417582,0.13169854879379272,0.052227411419153214,0.9986352324485779,0.11363939195871353
f81,10,block128_oracle,512,512,64,32760,0.019536019536019536,0.08651626855134964,0.028815357014536858,0.9995847940444946,0.11363939195871353
f81,10,token_topk_oracle,1024,1024,8,32760,0.031746031746031744,0.2291567027568817,0.0415472574532032,0.9991365671157837,0.3115556538105011
f81,10,token_topk_oracle,1024,1024,16,32760,0.03223443223443223,0.20133721828460693,0.03318057954311371,0.9994495511054993,0.3115556538105011
f81,10,token_topk_oracle,1024,1024,32,32760,0.03321123321123321,0.17967383563518524,0.027069292962551117,0.9996336698532104,0.3115556538105011
f81,10,token_topk_oracle,1024,1024,64,32760,0.035164835164835165,0.15955452620983124,0.02196478471159935,0.9997587203979492,0.3115556538105011
f81,10,block16_oracle,1024,1024,8,32760,0.031746031746031744,0.2772335410118103,0.07665099203586578,0.9970588684082031,0.22758352756500244
f81,10,block16_oracle,1024,1024,16,32760,0.03223443223443223,0.23157431185245514,0.058508582413196564,0.9982872009277344,0.22758352756500244
f81,10,block16_oracle,1024,1024,32,32760,0.03321123321123321,0.19390608370304108,0.0508626326918602,0.9987057447433472,0.22758352756500244
f81,10,block16_oracle,1024,1024,64,32760,0.035164835164835165,0.153548002243042,0.040654927492141724,0.9991732835769653,0.22758352756500244
f81,10,block32_oracle,1024,1024,8,32760,0.031746031746031744,0.2757909595966339,0.08262665569782257,0.9965815544128418,0.22052708268165588
f81,10,block32_oracle,1024,1024,16,32760,0.03223443223443223,0.22188717126846313,0.060976963490247726,0.9981393814086914,0.22052708268165588
f81,10,block32_oracle,1024,1024,32,32760,0.03321123321123321,0.1770271211862564,0.05527232587337494,0.9984714984893799,0.22052708268165588
f81,10,block32_oracle,1024,1024,64,32760,0.035164835164835165,0.12591280043125153,0.04128577560186386,0.9991472959518433,0.22052708268165588
f81,10,block64_oracle,1024,1024,8,32760,0.031746031746031744,0.2659842371940613,0.08427046984434128,0.9964441061019897,0.21690109372138977
f81,10,block64_oracle,1024,1024,16,32760,0.03223443223443223,0.2045084536075592,0.06356585770845413,0.9979779720306396,0.21690109372138977
f81,10,block64_oracle,1024,1024,32,32760,0.03321123321123321,0.1485363095998764,0.057417090982198715,0.9983505606651306,0.21690109372138977
f81,10,block64_oracle,1024,1024,64,32760,0.035164835164835165,0.09679873287677765,0.03401403874158859,0.9994214177131653,0.21690109372138977
f81,10,block128_oracle,1024,1024,8,32760,0.031746031746031744,0.25015270709991455,0.08672896772623062,0.9962332248687744,0.21505114436149597
f81,10,block128_oracle,1024,1024,16,32760,0.03223443223443223,0.18409910798072815,0.06718822568655014,0.9977407455444336,0.21505114436149597
f81,10,block128_oracle,1024,1024,32,32760,0.03321123321123321,0.12276311218738556,0.052837520837783813,0.9986032843589783,0.21505114436149597
f81,10,block128_oracle,1024,1024,64,32760,0.035164835164835165,0.07872817665338516,0.025493595749139786,0.9996749758720398,0.21505114436149597
f81,11,token_topk_oracle,64,64,8,32760,0.002442002442002442,0.01814679242670536,0.04201044887304306,0.9993063807487488,0.9215109944343567
f81,11,token_topk_oracle,64,64,16,32760,0.0029304029304029304,0.017498694360256195,0.020053282380104065,0.9998048543930054,0.9215109944343567
f81,11,token_topk_oracle,64,64,32,32760,0.003907203907203907,0.016762591898441315,0.01584712788462639,0.9998750686645508,0.9215109944343567
f81,11,token_topk_oracle,64,64,64,32760,0.005860805860805861,0.015754971653223038,0.014856105670332909,0.999890148639679,0.9215109944343567
f81,11,block16_oracle,64,64,8,32760,0.002442002442002442,0.19776076078414917,0.2370934784412384,0.9748930931091309,0.7114671468734741
f81,11,block16_oracle,64,64,16,32760,0.0029304029304029304,0.19488582015037537,0.22905604541301727,0.9761877059936523,0.7114671468734741
f81,11,block16_oracle,64,64,32,32760,0.003907203907203907,0.1898266077041626,0.2193823754787445,0.9778137803077698,0.7114671468734741
f81,11,block16_oracle,64,64,64,32760,0.005860805860805861,0.18098051846027374,0.2031327486038208,0.980556845664978,0.7114671468734741
f81,11,block32_oracle,64,64,8,32760,0.002442002442002442,0.3367898464202881,0.3815363943576813,0.9302813410758972,0.5556991696357727
f81,11,block32_oracle,64,64,16,32760,0.0029304029304029304,0.3329775333404541,0.37062129378318787,0.9335546493530273,0.5556991696357727
f81,11,block32_oracle,64,64,32,32760,0.003907203907203907,0.32584133744239807,0.355095237493515,0.9383370280265808,0.5556991696357727
f81,11,block32_oracle,64,64,64,32760,0.005860805860805861,0.3127662241458893,0.33753064274787903,0.9439484477043152,0.5556991696357727
f81,11,block64_oracle,64,64,8,32760,0.002442002442002442,0.5361841917037964,0.5581642985343933,0.8371073007583618,0.40375077724456787
f81,11,block64_oracle,64,64,16,32760,0.0029304029304029304,0.5298474431037903,0.5507836937904358,0.841521680355072,0.40375077724456787
f81,11,block64_oracle,64,64,32,32760,0.003907203907203907,0.5179117918014526,0.5371134281158447,0.8493664264678955,0.40375077724456787
f81,11,block64_oracle,64,64,64,32760,0.005860805860805861,0.49543216824531555,0.5128547549247742,0.8630820512771606,0.40375077724456787
f81,11,block128_oracle,64,128,8,32760,0.004395604395604396,0.4433289170265198,0.4671982526779175,0.8908616900444031,0.5030688047409058
f81,11,block128_oracle,64,128,16,32760,0.004884004884004884,0.435669481754303,0.4600926339626312,0.8940924406051636,0.5030688047409058
f81,11,block128_oracle,64,128,32,32760,0.005860805860805861,0.42145365476608276,0.44681164622306824,0.900500476360321,0.5030688047409058
f81,11,block128_oracle,64,128,64,32760,0.007814407814407814,0.3949234187602997,0.4182358384132385,0.9128923416137695,0.5030688047409058
f81,11,token_topk_oracle,128,128,8,32760,0.004395604395604396,0.008165513165295124,0.008326058275997639,0.9999659657478333,0.9568920731544495
f81,11,token_topk_oracle,128,128,16,32760,0.004884004884004884,0.007911483757197857,0.00787427369505167,0.999969482421875,0.9568920731544495
f81,11,token_topk_oracle,128,128,32,32760,0.005860805860805861,0.0075504775159060955,0.006921987980604172,0.9999762177467346,0.9568920731544495
f81,11,token_topk_oracle,128,128,64,32760,0.007814407814407814,0.007065450772643089,0.006262725219130516,0.9999804496765137,0.9568920731544495
f81,11,block16_oracle,128,128,8,32760,0.004395604395604396,0.060658521950244904,0.0956093892455101,0.9963225722312927,0.8580741882324219
f81,11,block16_oracle,128,128,16,32760,0.004884004884004884,0.05866158753633499,0.0911945104598999,0.9966359734535217,0.8580741882324219
f81,11,block16_oracle,128,128,32,32760,0.005860805860805861,0.05635468289256096,0.07719924300909042,0.9973855018615723,0.8580741882324219
f81,11,block16_oracle,128,128,64,32760,0.007814407814407814,0.05287134647369385,0.0695086345076561,0.9978103637695312,0.8580741882324219
f81,11,block32_oracle,128,128,8,32760,0.004395604395604396,0.1903049498796463,0.22700059413909912,0.9769796133041382,0.7223736047744751
f81,11,block32_oracle,128,128,16,32760,0.004884004884004884,0.18768465518951416,0.22193104028701782,0.9778968095779419,0.7223736047744751
f81,11,block32_oracle,128,128,32,32760,0.005860805860805861,0.18299978971481323,0.20951278507709503,0.9798181653022766,0.7223736047744751
f81,11,block32_oracle,128,128,64,32760,0.007814407814407814,0.17480799555778503,0.1969219148159027,0.9818578958511353,0.7223736047744751
f81,11,block64_oracle,128,128,8,32760,0.004395604395604396,0.3126266896724701,0.3525274395942688,0.940999448299408,0.5953637957572937
f81,11,block64_oracle,128,128,16,32760,0.004884004884004884,0.3090279698371887,0.34348344802856445,0.9434566497802734,0.5953637957572937
f81,11,block64_oracle,128,128,32,32760,0.005860805860805861,0.3022635877132416,0.3313593864440918,0.9469568133354187,0.5953637957572937
f81,11,block64_oracle,128,128,64,32760,0.007814407814407814,0.2896280288696289,0.31639814376831055,0.9514462947845459,0.5953637957572937
f81,11,block128_oracle,128,128,8,32760,0.004395604395604396,0.4433629512786865,0.4670737683773041,0.8908587098121643,0.5030688047409058
f81,11,block128_oracle,128,128,16,32760,0.004884004884004884,0.4357410669326782,0.4607478976249695,0.8939266204833984,0.5030688047409058
f81,11,block128_oracle,128,128,32,32760,0.005860805860805861,0.4215068817138672,0.44515714049339294,0.9012943506240845,0.5030688047409058
f81,11,block128_oracle,128,128,64,32760,0.007814407814407814,0.3949204087257385,0.42113250494003296,0.9116410613059998,0.5030688047409058
f81,11,token_topk_oracle,256,256,8,32760,0.008302808302808303,0.003091618185862899,0.0029853202868252993,0.9999956488609314,0.9797766804695129
f81,11,token_topk_oracle,256,256,16,32760,0.008791208791208791,0.002997632371261716,0.002776874229311943,0.9999962449073792,0.9797766804695129
f81,11,token_topk_oracle,256,256,32,32760,0.009768009768009768,0.0028520396444946527,0.0025908472016453743,0.9999966621398926,0.9797766804695129
f81,11,token_topk_oracle,256,256,64,32760,0.011721611721611722,0.002651878399774432,0.0022894861176609993,0.9999973177909851,0.9797766804695129
f81,11,block16_oracle,256,256,8,32760,0.008302808302808303,0.0268951877951622,0.052137795835733414,0.9989626407623291,0.916521430015564
f81,11,block16_oracle,256,256,16,32760,0.008791208791208791,0.025578834116458893,0.050342999398708344,0.9990301728248596,0.916521430015564
f81,11,block16_oracle,256,256,32,32760,0.009768009768009768,0.024367813020944595,0.02920326218008995,0.9995938539505005,0.916521430015564
f81,11,block16_oracle,256,256,64,32760,0.011721611721611722,0.022849764674901962,0.025276005268096924,0.999688446521759,0.916521430015564
f81,11,block32_oracle,256,256,8,32760,0.008302808302808303,0.05563773959875107,0.08834706991910934,0.9968898296356201,0.8682446479797363
f81,11,block32_oracle,256,256,16,32760,0.008791208791208791,0.053476229310035706,0.08483807742595673,0.997128427028656,0.8682446479797363
f81,11,block32_oracle,256,256,32,32760,0.009768009768009768,0.051454607397317886,0.06555161625146866,0.9980357885360718,0.8682446479797363
f81,11,block32_oracle,256,256,64,32760,0.011721611721611722,0.04864870384335518,0.06018182635307312,0.9983056783676147,0.8682446479797363
f81,11,block64_oracle,256,256,8,32760,0.008302808302808303,0.16481570899486542,0.19180718064308167,0.9838727712631226,0.7687630653381348
f81,11,block64_oracle,256,256,16,32760,0.008791208791208791,0.16262419521808624,0.1881478726863861,0.9843726754188538,0.7687630653381348
f81,11,block64_oracle,256,256,32,32760,0.009768009768009768,0.1585739105939865,0.18345771729946136,0.9850437641143799,0.7687630653381348
f81,11,block64_oracle,256,256,64,32760,0.011721611721611722,0.15118160843849182,0.16979452967643738,0.9867643117904663,0.7687630653381348
f81,11,block128_oracle,256,256,8,32760,0.008302808302808303,0.25970956683158875,0.2891559898853302,0.9613450765609741,0.6836501359939575
f81,11,block128_oracle,256,256,16,32760,0.008791208791208791,0.25564998388290405,0.2818234860897064,0.9630400538444519,0.6836501359939575
f81,11,block128_oracle,256,256,32,32760,0.009768009768009768,0.248135045170784,0.2734137773513794,0.9651654362678528,0.6836501359939575
f81,11,block128_oracle,256,256,64,32760,0.011721611721611722,0.23451624810695648,0.25806793570518494,0.9687918424606323,0.6836501359939575
f81,11,token_topk_oracle,512,512,8,32760,0.016117216117216115,0.0009125713258981705,0.0008519576513208449,0.9999995827674866,0.9921894073486328
f81,11,token_topk_oracle,512,512,16,32760,0.016605616605616606,0.0008773005683906376,0.0007964698015712202,0.9999997019767761,0.9921894073486328
f81,11,token_topk_oracle,512,512,32,32760,0.017582417582417582,0.0008257382432930171,0.0007295972900465131,0.9999997019767761,0.9921894073486328
f81,11,token_topk_oracle,512,512,64,32760,0.019536019536019536,0.0007578895892947912,0.0006476417183876038,0.9999997615814209,0.9921894073486328
f81,11,block16_oracle,512,512,8,32760,0.016117216117216115,0.012334930710494518,0.026139913126826286,0.9997417330741882,0.9562623500823975
f81,11,block16_oracle,512,512,16,32760,0.016605616605616606,0.011816664598882198,0.02467992715537548,0.9997653365135193,0.9562623500823975
f81,11,block16_oracle,512,512,32,32760,0.017582417582417582,0.011205615475773811,0.013393951579928398,0.9999144077301025,0.9562623500823975
f81,11,block16_oracle,512,512,64,32760,0.019536019536019536,0.010454583913087845,0.01166257169097662,0.9999337792396545,0.9562623500823975
f81,11,block32_oracle,512,512,8,32760,0.016117216117216115,0.02545039914548397,0.04772002995014191,0.9991304278373718,0.9244213700294495
f81,11,block32_oracle,512,512,16,32760,0.016605616605616606,0.02411256730556488,0.045900311321020126,0.9991953372955322,0.9244213700294495
f81,11,block32_oracle,512,512,32,32760,0.017582417582417582,0.022970063611865044,0.02839973196387291,0.9996200203895569,0.9244213700294495
f81,11,block32_oracle,512,512,64,32760,0.019536019536019536,0.021572861820459366,0.02535848692059517,0.9996907711029053,0.9244213700294495
f81,11,block64_oracle,512,512,8,32760,0.016117216117216115,0.04246721789240837,0.06968190521001816,0.9980951547622681,0.8950971364974976
f81,11,block64_oracle,512,512,16,32760,0.016605616605616606,0.040025655180215836,0.06659205257892609,0.9982698559761047,0.8950971364974976
f81,11,block64_oracle,512,512,32,32760,0.017582417582417582,0.038289062678813934,0.050596028566360474,0.9988515973091125,0.8950971364974976
f81,11,block64_oracle,512,512,64,32760,0.019536019536019536,0.036104489117860794,0.04560232535004616,0.9990391731262207,0.8950971364974976
f81,11,block128_oracle,512,512,8,32760,0.016117216117216115,0.10084399580955505,0.11787818372249603,0.9940543174743652,0.8555190563201904
f81,11,block128_oracle,512,512,16,32760,0.016605616605616606,0.09796950966119766,0.11412810534238815,0.9944078326225281,0.8555190563201904
f81,11,block128_oracle,512,512,32,32760,0.017582417582417582,0.09284237027168274,0.10672716796398163,0.9950473308563232,0.8555190563201904
f81,11,block128_oracle,512,512,64,32760,0.019536019536019536,0.08422336727380753,0.09776204824447632,0.9958009719848633,0.8555190563201904
f81,11,token_topk_oracle,1024,1024,8,32760,0.031746031746031744,0.00023987109307199717,0.00023137069365475327,1.0,0.9972542524337769
f81,11,token_topk_oracle,1024,1024,16,32760,0.03223443223443223,0.00022702304704580456,0.00021089000802021474,0.9999998807907104,0.9972542524337769
f81,11,token_topk_oracle,1024,1024,32,32760,0.03321123321123321,0.0002098303084494546,0.00018484202155377716,0.9999999403953552,0.9972542524337769
f81,11,token_topk_oracle,1024,1024,64,32760,0.035164835164835165,0.0001893849257612601,0.00015957909636199474,1.0,0.9972542524337769
f81,11,block16_oracle,1024,1024,8,32760,0.031746031746031744,0.004097914323210716,0.0057416982017457485,0.9999848008155823,0.9828954935073853
f81,11,block16_oracle,1024,1024,16,32760,0.03223443223443223,0.003973525948822498,0.004696723539382219,0.99998939037323,0.9828954935073853
f81,11,block16_oracle,1024,1024,32,32760,0.03321123321123321,0.003777566133067012,0.00428333505988121,0.9999910593032837,0.9828954935073853
f81,11,block16_oracle,1024,1024,64,32760,0.035164835164835165,0.003498244797810912,0.003678872948512435,0.9999933242797852,0.9828954935073853
f81,11,block32_oracle,1024,1024,8,32760,0.031746031746031744,0.011083273217082024,0.02268354594707489,0.9998071789741516,0.9632053375244141
f81,11,block32_oracle,1024,1024,16,32760,0.03223443223443223,0.010551298037171364,0.021621279418468475,0.9998232126235962,0.9632053375244141
f81,11,block32_oracle,1024,1024,32,32760,0.03321123321123321,0.009986801072955132,0.012326497584581375,0.9999281167984009,0.9632053375244141
f81,11,block32_oracle,1024,1024,64,32760,0.035164835164835165,0.009306151419878006,0.010850518010556698,0.9999432563781738,0.9632053375244141
f81,11,block64_oracle,1024,1024,8,32760,0.031746031746031744,0.020531272515654564,0.0376102440059185,0.9994611740112305,0.9422014951705933
f81,11,block64_oracle,1024,1024,16,32760,0.03223443223443223,0.01935732737183571,0.03565965220332146,0.9995173811912537,0.9422014951705933
f81,11,block64_oracle,1024,1024,32,32760,0.03321123321123321,0.01838516630232334,0.021463405340909958,0.9997817277908325,0.9422014951705933
f81,11,block64_oracle,1024,1024,64,32760,0.035164835164835165,0.01722762919962406,0.019546156749129295,0.9998164772987366,0.9422014951705933
f81,11,block128_oracle,1024,1024,8,32760,0.031746031746031744,0.02879488654434681,0.048562388867139816,0.9990873336791992,0.9278309941291809
f81,11,block128_oracle,1024,1024,16,32760,0.03223443223443223,0.02675386145710945,0.0457051582634449,0.999197244644165,0.9278309941291809
f81,11,block128_oracle,1024,1024,32,32760,0.03321123321123321,0.0253484845161438,0.035662464797496796,0.9994425773620605,0.9278309941291809
f81,11,block128_oracle,1024,1024,64,32760,0.035164835164835165,0.023772453889250755,0.02848191186785698,0.999616265296936,0.9278309941291809
