model_variant,split,sample_id,rank,head,route,query_tiles,density_target,reference_sq,content_residual_sq,post_adaptive_rank16_residual_sq,content_output_relative_l2,post_adaptive_rank16_output_relative_l2,post_adaptive_rank16_worst_tile_relative_l2,rank_required_for_1pct_record_gate,family_choices,selection_signatures,oracle_access
calibration_frozen,calibration,s00_p00_seed20260740,64,0,oracle_trajectory_width_family,3,0.25,8542.2578125,105.24494934082031,0.5591180920600891,0.11099778039932034,0.00809031507487249,0.005328749935436129,13,oracle_trajectory_width_semantic64|oracle_trajectory_width_fixed64|oracle_trajectory_width_fixed64,3e4f0a2fd9498da7c1440a355a22b6292161a5216c63aa0bc59b5a4742fd1e36|7eeb242f3375eaf39a10baa1fe031f342d93fd574e83286470e49b624d7c818f|ffe40d32ca12a9eaaf6f9d1c26f1871cd3b49ce4cee7ff2a344491c6e09dff58,heldout_dense_AV_support_and_family
calibration_frozen,calibration,s00_p00_seed20260740,64,1,oracle_trajectory_width_family,3,0.25,7833.42578125,39.97413635253906,5.472503662109375,0.0714354324641918,0.02643121722301567,0.026345752465804853,43,oracle_trajectory_width_semantic64|oracle_trajectory_width_value64|oracle_trajectory_width_value64,3e4f0a2fd9498da7c1440a355a22b6292161a5216c63aa0bc59b5a4742fd1e36|da8c3e149b142534925195acd88fbf1e6864b288c735d422d50ad2cfb09d8cc6|a3e6c9e21059c043f16c0d52dd1ff794b5efd78de9e7bc35d9e3eb8b5551bdbf,heldout_dense_AV_support_and_family
calibration_frozen,calibration,s00_p00_seed20260740,64,2,oracle_trajectory_width_family,3,0.25,4401.4609375,74.79629516601562,5.487386226654053,0.1303591792473589,0.03530891223994792,0.029954203250532836,56,oracle_trajectory_width_value64|oracle_trajectory_width_fixed64|oracle_trajectory_width_value64,28282d683b31c46c7955b9026fcbfe47fe295b7ee986f1ca5e822f585e9e3d24|60febd037396394e5612c26f0b37ebb4da8d9c79c58471f10772d4b964784457|06cd788fdeab28143ffa4ce590a71c5fc2bd1811ad8aec9e997341927b14f7d1,heldout_dense_AV_support_and_family
calibration_frozen,calibration,s00_p00_seed20260740,64,3,oracle_trajectory_width_family,3,0.25,7053.650390625,0.8589910268783569,0.015383838675916195,0.01103538141911685,0.0014768126145029798,0.000802822208280505,1,oracle_trajectory_width_semantic64|oracle_trajectory_width_semantic64|oracle_trajectory_width_semantic64,3e4f0a2fd9498da7c1440a355a22b6292161a5216c63aa0bc59b5a4742fd1e36|3e4f0a2fd9498da7c1440a355a22b6292161a5216c63aa0bc59b5a4742fd1e36|3e4f0a2fd9498da7c1440a355a22b6292161a5216c63aa0bc59b5a4742fd1e36,heldout_dense_AV_support_and_family
calibration_frozen,calibration,s00_p00_seed20260740,64,4,oracle_trajectory_width_family,3,0.25,6554.8994140625,121.31407928466797,0.408660888671875,0.13604186822881886,0.007895843315842458,0.004859564238501858,12,oracle_trajectory_width_fixed64|oracle_trajectory_width_fixed64|oracle_trajectory_width_fixed64,470149467ab7be657d8a61d2cc44a2f8340e6d1d9126afdea10011a5f998d7ef|a56d7eed00bb790ecc848bf862cbe706ecf508fc7e6e198227ea8061dca7b9a0|b7d0ddfc37871de5cb381c87506901afeeeadb8d4a2406bb306ff75874120bf7,heldout_dense_AV_support_and_family
calibration_frozen,calibration,s00_p00_seed20260740,64,5,oracle_trajectory_width_family,3,0.25,4703.19140625,5.482357978820801,0.18657809495925903,0.03414187501819171,0.006298454558544439,0.004261635813605496,11,oracle_trajectory_width_semantic64|oracle_trajectory_width_value64|oracle_trajectory_width_value64,3e4f0a2fd9498da7c1440a355a22b6292161a5216c63aa0bc59b5a4742fd1e36|ce135cf07bff3bd1b67f3f5ba8c47303c70f30373d45667a15882ed129e84458|27173b2a59f38d1b96223192ad6fab4f8c71b459827bbfc688abda734cc2797e,heldout_dense_AV_support_and_family
calibration_frozen,calibration,s00_p00_seed20260740,64,6,oracle_trajectory_width_family,3,0.25,1398.022216796875,33.060882568359375,0.740861177444458,0.15378011627615035,0.023020321370069884,0.0198112738024255,35,oracle_trajectory_width_semantic64|oracle_trajectory_width_semantic64|oracle_trajectory_width_value64,3e4f0a2fd9498da7c1440a355a22b6292161a5216c63aa0bc59b5a4742fd1e36|3e4f0a2fd9498da7c1440a355a22b6292161a5216c63aa0bc59b5a4742fd1e36|4a4a30ffe3a8a05d95ac7a108f415de3fa3258adb83a455badeed0b0821a8f56,heldout_dense_AV_support_and_family
calibration_frozen,calibration,s00_p00_seed20260740,64,7,oracle_trajectory_width_family,3,0.25,3290.25146484375,24.472959518432617,1.8756605386734009,0.08624396215621011,0.02387605525039286,0.01928372291708454,41,oracle_trajectory_width_semantic64|oracle_trajectory_width_semantic64|oracle_trajectory_width_value64,3e4f0a2fd9498da7c1440a355a22b6292161a5216c63aa0bc59b5a4742fd1e36|3e4f0a2fd9498da7c1440a355a22b6292161a5216c63aa0bc59b5a4742fd1e36|4e841f898495afb2dd4b1e9ecf4a0ccbad1beb65ac59cdf75dcbc6c136a1d117,heldout_dense_AV_support_and_family
calibration_frozen,calibration,s00_p00_seed20260740,64,8,oracle_trajectory_width_family,3,0.25,7872.93603515625,2.159449815750122,0.018204854801297188,0.016561634517901214,0.001520635931157505,0.0007022776236153212,1,oracle_trajectory_width_semantic64|oracle_trajectory_width_semantic64|oracle_trajectory_width_semantic64,3e4f0a2fd9498da7c1440a355a22b6292161a5216c63aa0bc59b5a4742fd1e36|3e4f0a2fd9498da7c1440a355a22b6292161a5216c63aa0bc59b5a4742fd1e36|3e4f0a2fd9498da7c1440a355a22b6292161a5216c63aa0bc59b5a4742fd1e36,heldout_dense_AV_support_and_family
calibration_frozen,calibration,s00_p00_seed20260740,64,9,oracle_trajectory_width_family,3,0.25,4252.83349609375,60.152835845947266,3.206022262573242,0.1189293001760855,0.02745643057959528,0.022445507604507555,42,oracle_trajectory_width_semantic64|oracle_trajectory_width_semantic64|oracle_trajectory_width_value64,3e4f0a2fd9498da7c1440a355a22b6292161a5216c63aa0bc59b5a4742fd1e36|3e4f0a2fd9498da7c1440a355a22b6292161a5216c63aa0bc59b5a4742fd1e36|1c45fe8ce515773b4ca94cd8b5a25e5d921b0b1a8d0612d471245849575e323c,heldout_dense_AV_support_and_family
calibration_frozen,calibration,s00_p00_seed20260740,64,10,oracle_trajectory_width_family,3,0.25,6909.01171875,9.325767517089844,0.21976500749588013,0.03673959188243006,0.005639898737663464,0.0034726973907732313,10,oracle_trajectory_width_semantic64|oracle_trajectory_width_value64|oracle_trajectory_width_semantic64,3e4f0a2fd9498da7c1440a355a22b6292161a5216c63aa0bc59b5a4742fd1e36|506d000287746c97ddcd602bceebe0e2f701594302daea58bc9206c42ebecc7a|3e4f0a2fd9498da7c1440a355a22b6292161a5216c63aa0bc59b5a4742fd1e36,heldout_dense_AV_support_and_family
calibration_frozen,calibration,s00_p00_seed20260740,64,11,oracle_trajectory_width_family,3,0.25,9705.06640625,26.56043243408203,4.5557861328125,0.052314046623261654,0.021666183072696778,0.022805746972577878,38,oracle_trajectory_width_semantic64|oracle_trajectory_width_fixed64|oracle_trajectory_width_value64,3e4f0a2fd9498da7c1440a355a22b6292161a5216c63aa0bc59b5a4742fd1e36|dcff314e1ccd27c4cb9a9edf530268ae7248906bf5650283b0e209a153256334|20519704f309fcc78bd26207f2300bb905de6d8130bcee0efdcb2f4018613cbb,heldout_dense_AV_support_and_family
calibration_frozen,calibration,s00_p00_seed20260740,64,0,oracle_trajectory_width_fixed64,3,0.25,8542.2578125,108.0992431640625,0.8630094528198242,0.11249286802664858,0.01005128156595725,0.005328749935436129,17,,649359c5e5236cd84eed1468d781921b7e4c8c0cef336c1267bfdc9b05b358ba|7eeb242f3375eaf39a10baa1fe031f342d93fd574e83286470e49b624d7c818f|ffe40d32ca12a9eaaf6f9d1c26f1871cd3b49ce4cee7ff2a344491c6e09dff58,heldout_dense_AV_support_and_family
calibration_frozen,calibration,s00_p00_seed20260740,64,1,oracle_trajectory_width_fixed64,3,0.25,7833.42578125,87.15113830566406,15.19774055480957,0.10547770346549976,0.04404672740560792,0.031181797931608243,68,,858d20696fd5d1dfaba43eefb16f2b57336b849fa8acf2da82435d7c2b726887|3b911b6da1007d56c9cc804dea4abecddcfe6e058a200295db6ea94e8b1beb4a|ba20fcd4d45ad2aa339b6fc6301e7d65d1d9dc3069d5db83df50dfced10c5521,heldout_dense_AV_support_and_family
calibration_frozen,calibration,s00_p00_seed20260740,64,2,oracle_trajectory_width_fixed64,3,0.25,4401.4609375,83.40945434570312,10.232508659362793,0.13766045926045495,0.04821616164926616,0.03517219423524485,73,,93ba2270b2a6815b3d2384aa2851064b33a8b1abc002cc683d53939fc5edec48|60febd037396394e5612c26f0b37ebb4da8d9c79c58471f10772d4b964784457|04520806687734df1518c0d2d7e2b33d07b677dcfb80854f1c3ecc984b4eebb4,heldout_dense_AV_support_and_family
calibration_frozen,calibration,s00_p00_seed20260740,64,3,oracle_trajectory_width_fixed64,3,0.25,7053.650390625,4.309553623199463,0.164213627576828,0.024717763882092812,0.004825003495804997,0.00437841160266528,8,,390d8965d9a5ea747d628425d3b7c470ea5a85af8fdb0b7d0270d97477619179|2b79181391f5dfa25c5e15529728230a99b2e243b86678b387a8356848eb92a6|ee679394dda22df89fae2002a2682f43e30d3e6c4142052137cee7585337d071,heldout_dense_AV_support_and_family
calibration_frozen,calibration,s00_p00_seed20260740,64,4,oracle_trajectory_width_fixed64,3,0.25,6554.8994140625,121.31407928466797,0.408660888671875,0.13604186822881886,0.007895843315842458,0.004859564238501858,12,,470149467ab7be657d8a61d2cc44a2f8340e6d1d9126afdea10011a5f998d7ef|a56d7eed00bb790ecc848bf862cbe706ecf508fc7e6e198227ea8061dca7b9a0|b7d0ddfc37871de5cb381c87506901afeeeadb8d4a2406bb306ff75874120bf7,heldout_dense_AV_support_and_family
calibration_frozen,calibration,s00_p00_seed20260740,64,5,oracle_trajectory_width_fixed64,3,0.25,4703.19140625,11.085713386535645,0.6645270586013794,0.04854958212318505,0.011886664581403717,0.006442212484652981,19,,de595bcf5e91b35b304d99f16d338163a03db235ac2843b9512458ce9a8c15b5|5618588be5012135bf993c4ad1f0b8a0ef7661740ff46f17e97772941a161b8c|bd23e52d1fa77daa7984e2ce1c7a02afd394b2660dc2a8e623adca335d503312,heldout_dense_AV_support_and_family
calibration_frozen,calibration,s00_p00_seed20260740,64,6,oracle_trajectory_width_fixed64,3,0.25,1398.022216796875,49.2823486328125,3.4672980308532715,0.18775376810518557,0.0498010557854721,0.033102231562049736,59,,200bb72782b1c8b284abd469cbaf06a784df71dcee6d3bc34c4203a81c298659|a8ec78883a84648649c1ec1bd94c2411fc201889779875916799b3ff4bc9a04d|e0bb3e4efa10e10c4d2d6fdddff04dd10ce5803cb9dc5198737f51ef924dc55b,heldout_dense_AV_support_and_family
calibration_frozen,calibration,s00_p00_seed20260740,64,7,oracle_trajectory_width_fixed64,3,0.25,3290.25146484375,62.86504364013672,6.3002166748046875,0.13822610330443466,0.04375857767974133,0.031183964382101304,59,,ed6973230e529a695ef2d5736de100c181ddcf637bf4bb0e5b741c26b15e53c0|f141249d6268c887723368276f4b772133d7f627580f09a5c59cb7afe6f99304|a766345c9f40980a1da840bf7e0df19b4f0235a84bc3cf6bcfaf621e65fb0bf3,heldout_dense_AV_support_and_family
calibration_frozen,calibration,s00_p00_seed20260740,64,8,oracle_trajectory_width_fixed64,3,0.25,7872.93603515625,4.686514854431152,0.15926453471183777,0.024398135418593724,0.00449770717489574,0.001811097350940528,7,,8409cb3b2772dac0f844ef1087a7c0810b0b327fe7a78248dff4bbf52a2bf129|70c646086dd744a7961454af0e61c26ef121563ee4de58717b0c55f9aab89cf3|10cbe15a6a0d44a71c2d44f47cf87f99d9e2cde4d44e90261bea7e97a82f32a9,heldout_dense_AV_support_and_family
calibration_frozen,calibration,s00_p00_seed20260740,64,9,oracle_trajectory_width_fixed64,3,0.25,4252.83349609375,76.46138763427734,7.068324565887451,0.13408552530710086,0.04076796671714304,0.0283795101755959,57,,eaf354576fe6aa189d5036f12a598b940bbc9e5c4f6028212e5ceb7d224ce9e3|77323ffc117ae53d90d421473c453063c71f17a072f1df34899bb1bbbdb3b46b|ea1055d9fa4c56cffb2cf78249eca9cb470fa02403a6ce48812390fcd90b828c,heldout_dense_AV_support_and_family
calibration_frozen,calibration,s00_p00_seed20260740,64,10,oracle_trajectory_width_fixed64,3,0.25,6909.01171875,9.547858238220215,0.4155063331127167,0.037174489771400726,0.007754983161619617,0.003744291282520892,13,,622a29e6cea1308e3780557151d27da01ee3cbfac8ae1a938dcca574edad8242|89b0e32ca9f6e3f058f49b60205783267576aa94c55343dea10ff66692f51e27|4b0c5221c786ef61eeb0765289f9c3bf6879aa8d5448c42f4669e9f50c863c0a,heldout_dense_AV_support_and_family
calibration_frozen,calibration,s00_p00_seed20260740,64,11,oracle_trajectory_width_fixed64,3,0.25,9705.06640625,37.93437194824219,7.278905868530273,0.0625197443392247,0.02738632740453907,0.022805746972577878,49,,2a0f593fe1ffeadb8840735800590b2c1dc7531d445c0bc78c076b827c9df30f|dcff314e1ccd27c4cb9a9edf530268ae7248906bf5650283b0e209a153256334|71bf984fbcbf5afc85a53b8079b6c016578a652259d4fce76b4bdce51ef0bae4,heldout_dense_AV_support_and_family
calibration_frozen,calibration,s00_p00_seed20260740,64,0,oracle_trajectory_width_semantic64,3,0.25,8542.2578125,11.139326095581055,0.7061411142349243,0.03611129986146738,0.009091999683355202,0.0080759873594692,15,,3e4f0a2fd9498da7c1440a355a22b6292161a5216c63aa0bc59b5a4742fd1e36|3e4f0a2fd9498da7c1440a355a22b6292161a5216c63aa0bc59b5a4742fd1e36|3e4f0a2fd9498da7c1440a355a22b6292161a5216c63aa0bc59b5a4742fd1e36,heldout_dense_AV_support_and_family
calibration_frozen,calibration,s00_p00_seed20260740,64,1,oracle_trajectory_width_semantic64,3,0.25,7833.42578125,66.79242706298828,6.738282203674316,0.09233954833596444,0.029329099659752264,0.028637151617806077,44,,3e4f0a2fd9498da7c1440a355a22b6292161a5216c63aa0bc59b5a4742fd1e36|3e4f0a2fd9498da7c1440a355a22b6292161a5216c63aa0bc59b5a4742fd1e36|3e4f0a2fd9498da7c1440a355a22b6292161a5216c63aa0bc59b5a4742fd1e36,heldout_dense_AV_support_and_family
calibration_frozen,calibration,s00_p00_seed20260740,64,2,oracle_trajectory_width_semantic64,3,0.25,4401.4609375,74.08296203613281,6.145654678344727,0.1297360715436878,0.037366777922742025,0.032580669983406696,56,,3e4f0a2fd9498da7c1440a355a22b6292161a5216c63aa0bc59b5a4742fd1e36|3e4f0a2fd9498da7c1440a355a22b6292161a5216c63aa0bc59b5a4742fd1e36|3e4f0a2fd9498da7c1440a355a22b6292161a5216c63aa0bc59b5a4742fd1e36,heldout_dense_AV_support_and_family
calibration_frozen,calibration,s00_p00_seed20260740,64,3,oracle_trajectory_width_semantic64,3,0.25,7053.650390625,0.8589910268783569,0.015383838675916195,0.01103538141911685,0.0014768126145029798,0.000802822208280505,1,,3e4f0a2fd9498da7c1440a355a22b6292161a5216c63aa0bc59b5a4742fd1e36|3e4f0a2fd9498da7c1440a355a22b6292161a5216c63aa0bc59b5a4742fd1e36|3e4f0a2fd9498da7c1440a355a22b6292161a5216c63aa0bc59b5a4742fd1e36,heldout_dense_AV_support_and_family
calibration_frozen,calibration,s00_p00_seed20260740,64,4,oracle_trajectory_width_semantic64,3,0.25,6554.8994140625,23.794885635375977,2.1335296630859375,0.06025024191556827,0.0180412376276535,0.014706763241036903,31,,3e4f0a2fd9498da7c1440a355a22b6292161a5216c63aa0bc59b5a4742fd1e36|3e4f0a2fd9498da7c1440a355a22b6292161a5216c63aa0bc59b5a4742fd1e36|3e4f0a2fd9498da7c1440a355a22b6292161a5216c63aa0bc59b5a4742fd1e36,heldout_dense_AV_support_and_family
calibration_frozen,calibration,s00_p00_seed20260740,64,5,oracle_trajectory_width_semantic64,3,0.25,4703.19140625,5.316707134246826,0.2053261697292328,0.033622116010564515,0.006607327383600326,0.004453797108372931,11,,3e4f0a2fd9498da7c1440a355a22b6292161a5216c63aa0bc59b5a4742fd1e36|3e4f0a2fd9498da7c1440a355a22b6292161a5216c63aa0bc59b5a4742fd1e36|3e4f0a2fd9498da7c1440a355a22b6292161a5216c63aa0bc59b5a4742fd1e36,heldout_dense_AV_support_and_family
calibration_frozen,calibration,s00_p00_seed20260740,64,6,oracle_trajectory_width_semantic64,3,0.25,1398.022216796875,32.453163146972656,0.7475563883781433,0.15236018101878282,0.023124105496646098,0.0198112738024255,36,,3e4f0a2fd9498da7c1440a355a22b6292161a5216c63aa0bc59b5a4742fd1e36|3e4f0a2fd9498da7c1440a355a22b6292161a5216c63aa0bc59b5a4742fd1e36|3e4f0a2fd9498da7c1440a355a22b6292161a5216c63aa0bc59b5a4742fd1e36,heldout_dense_AV_support_and_family
calibration_frozen,calibration,s00_p00_seed20260740,64,7,oracle_trajectory_width_semantic64,3,0.25,3290.25146484375,24.484718322753906,1.9113637208938599,0.08626467898218695,0.024102224295675698,0.01928372291708454,42,,3e4f0a2fd9498da7c1440a355a22b6292161a5216c63aa0bc59b5a4742fd1e36|3e4f0a2fd9498da7c1440a355a22b6292161a5216c63aa0bc59b5a4742fd1e36|3e4f0a2fd9498da7c1440a355a22b6292161a5216c63aa0bc59b5a4742fd1e36,heldout_dense_AV_support_and_family
calibration_frozen,calibration,s00_p00_seed20260740,64,8,oracle_trajectory_width_semantic64,3,0.25,7872.93603515625,2.159449815750122,0.018204854801297188,0.016561634517901214,0.001520635931157505,0.0007022776236153212,1,,3e4f0a2fd9498da7c1440a355a22b6292161a5216c63aa0bc59b5a4742fd1e36|3e4f0a2fd9498da7c1440a355a22b6292161a5216c63aa0bc59b5a4742fd1e36|3e4f0a2fd9498da7c1440a355a22b6292161a5216c63aa0bc59b5a4742fd1e36,heldout_dense_AV_support_and_family
calibration_frozen,calibration,s00_p00_seed20260740,64,9,oracle_trajectory_width_semantic64,3,0.25,4252.83349609375,60.78595733642578,3.2721381187438965,0.11955354009869908,0.027738094516604632,0.022445507604507555,42,,3e4f0a2fd9498da7c1440a355a22b6292161a5216c63aa0bc59b5a4742fd1e36|3e4f0a2fd9498da7c1440a355a22b6292161a5216c63aa0bc59b5a4742fd1e36|3e4f0a2fd9498da7c1440a355a22b6292161a5216c63aa0bc59b5a4742fd1e36,heldout_dense_AV_support_and_family
calibration_frozen,calibration,s00_p00_seed20260740,64,10,oracle_trajectory_width_semantic64,3,0.25,6909.01171875,8.83798885345459,0.2234218567609787,0.0357658672348699,0.005686628583997937,0.0035280254089303503,10,,3e4f0a2fd9498da7c1440a355a22b6292161a5216c63aa0bc59b5a4742fd1e36|3e4f0a2fd9498da7c1440a355a22b6292161a5216c63aa0bc59b5a4742fd1e36|3e4f0a2fd9498da7c1440a355a22b6292161a5216c63aa0bc59b5a4742fd1e36,heldout_dense_AV_support_and_family
calibration_frozen,calibration,s00_p00_seed20260740,64,11,oracle_trajectory_width_semantic64,3,0.25,9705.06640625,110.6708984375,6.507850170135498,0.10678677285228871,0.025895214758916298,0.028981318496042345,40,,3e4f0a2fd9498da7c1440a355a22b6292161a5216c63aa0bc59b5a4742fd1e36|3e4f0a2fd9498da7c1440a355a22b6292161a5216c63aa0bc59b5a4742fd1e36|3e4f0a2fd9498da7c1440a355a22b6292161a5216c63aa0bc59b5a4742fd1e36,heldout_dense_AV_support_and_family
calibration_frozen,calibration,s00_p00_seed20260740,64,0,oracle_trajectory_width_value64,3,0.25,8542.2578125,11.159153938293457,0.7125647068023682,0.03614342437372965,0.009133259908109988,0.00809627541975527,15,,3920752cdd95b6464e60690bb0696038756229f377fbde12acc046e686c113e3|1600549a1b0ee05bef659bb29fb99d3e7aa8c3ea6d2c479f72829fc41b4c4966|28ac103a4af04d4788ba2bb3b73fe0b472113308e6615281f7b3337d7885962b,heldout_dense_AV_support_and_family
calibration_frozen,calibration,s00_p00_seed20260740,64,1,oracle_trajectory_width_value64,3,0.25,7833.42578125,40.770904541015625,5.789796829223633,0.07214384865547098,0.027186656222325016,0.026345752465804853,44,,fdd79ff43274976ab1428087eeb882984badd0e64376be1ea24fa934a87e1241|da8c3e149b142534925195acd88fbf1e6864b288c735d422d50ad2cfb09d8cc6|a3e6c9e21059c043f16c0d52dd1ff794b5efd78de9e7bc35d9e3eb8b5551bdbf,heldout_dense_AV_support_and_family
calibration_frozen,calibration,s00_p00_seed20260740,64,2,oracle_trajectory_width_value64,3,0.25,4401.4609375,75.30380249023438,6.334200382232666,0.13080068770118874,0.03793564505077993,0.03413240014233972,57,,28282d683b31c46c7955b9026fcbfe47fe295b7ee986f1ca5e822f585e9e3d24|beb466b58340e7175f5f77892726cdc824a183810a2c3fa731ddf889c6b84745|06cd788fdeab28143ffa4ce590a71c5fc2bd1811ad8aec9e997341927b14f7d1,heldout_dense_AV_support_and_family
calibration_frozen,calibration,s00_p00_seed20260740,64,3,oracle_trajectory_width_value64,3,0.25,7053.650390625,1.0810143947601318,0.02407725714147091,0.01237966160020908,0.0018475514457058874,0.0012371627796398353,2,,02d3d06ed7814df8b4b0c517c20a4b397e2a62f35bbb434dbfb437adf2692f08|44bc7d4f5c270a73b98e9a92956f5bffd236f2d8054b1883f361e867d9c6b1a3|0bb7ec37421f37df3a02d39e55ab906ebcb1941eeb293b4ddf2dc61e9fe1eadd,heldout_dense_AV_support_and_family
calibration_frozen,calibration,s00_p00_seed20260740,64,4,oracle_trajectory_width_value64,3,0.25,6554.8994140625,24.568870544433594,2.216155529022217,0.06122229139595792,0.018387263592936944,0.014935953220210315,31,,1cec2baf08b7fdb4323c19cbcd359cf34dc7a758f47dcfa0c4394996d185cea2|2d20411bb5a0a70ad86704f632e299d15f35351dd0e7dd83df8a9430e48ea672|822487df27ce75c0508759be532fbb9bf8fad397f13f2e88d203cb56980049e0,heldout_dense_AV_support_and_family
calibration_frozen,calibration,s00_p00_seed20260740,64,5,oracle_trajectory_width_value64,3,0.25,4703.19140625,5.247625350952148,0.18728984892368317,0.033402970031658964,0.006310456725180569,0.004261635813605496,11,,8fcba05ede6fa8d8222a5ab26358b824d0a65821cb2b49422737566f21e136d6|ce135cf07bff3bd1b67f3f5ba8c47303c70f30373d45667a15882ed129e84458|27173b2a59f38d1b96223192ad6fab4f8c71b459827bbfc688abda734cc2797e,heldout_dense_AV_support_and_family
calibration_frozen,calibration,s00_p00_seed20260740,64,6,oracle_trajectory_width_value64,3,0.25,1398.022216796875,35.81964874267578,0.7579549551010132,0.16006767057762705,0.023284379107829278,0.02035815119169401,36,,e8cafd3398d614c6ada20231a98057d217f8127846a06bab29dd8afc85f4ee70|5141bbf2e9d62f96048e58fe25012fba8ebf8315f8c7acdcacc133ce0ec1a894|4a4a30ffe3a8a05d95ac7a108f415de3fa3258adb83a455badeed0b0821a8f56,heldout_dense_AV_support_and_family
calibration_frozen,calibration,s00_p00_seed20260740,64,7,oracle_trajectory_width_value64,3,0.25,3290.25146484375,25.573657989501953,1.8884197473526,0.0881620907464839,0.023957126222715903,0.019358808384643263,42,,e434bbdd16ee1d3f4eaac7986a352477ce579c6ca2acd0a0d8d914e9383b4081|3e4f0a2fd9498da7c1440a355a22b6292161a5216c63aa0bc59b5a4742fd1e36|4e841f898495afb2dd4b1e9ecf4a0ccbad1beb65ac59cdf75dcbc6c136a1d117,heldout_dense_AV_support_and_family
calibration_frozen,calibration,s00_p00_seed20260740,64,8,oracle_trajectory_width_value64,3,0.25,7872.93603515625,2.091033458709717,0.02046680822968483,0.016297167513019843,0.0016123402609716396,0.0007464059407292836,2,,cffd5d312a972414e33db46fcb5ff8438d9ed1c11f0353c376890ec179e6bb48|c22bd3d0f60b5729807dfabbba3eb99e325a76ef8880669af0ca03198b7fb9f8|d85fa8bb001ff7cbd8b813927be9dbde0d230d129875a28b1c1aa15669210d52,heldout_dense_AV_support_and_family
calibration_frozen,calibration,s00_p00_seed20260740,64,9,oracle_trajectory_width_value64,3,0.25,4252.83349609375,55.88468933105469,3.1571974754333496,0.11463235920849897,0.02724656031666752,0.022598908036415295,43,,236ddfe82da9217048bf7e7c69c2c1ba5ac7fdd3b59f3018244c47fb54b78af1|ebbd5d441a474f3113525a218db73c07e9671d423c7e9e05e5dea88b458d2e6f|1c45fe8ce515773b4ca94cd8b5a25e5d921b0b1a8d0612d471245849575e323c,heldout_dense_AV_support_and_family
calibration_frozen,calibration,s00_p00_seed20260740,64,10,oracle_trajectory_width_value64,3,0.25,6909.01171875,7.915982246398926,0.23570239543914795,0.0338488907467694,0.005840822836969919,0.0034726973907732313,10,,c5b6199e37bd86eddd2d42014cc7959b320a8844e27b8dea82c117dd66a7a47a|506d000287746c97ddcd602bceebe0e2f701594302daea58bc9206c42ebecc7a|d74bb628cd5c14a31c07406b6a5fb481c0de7d19ff64d531f1c83c934932ab68,heldout_dense_AV_support_and_family
calibration_frozen,calibration,s00_p00_seed20260740,64,11,oracle_trajectory_width_value64,3,0.25,9705.06640625,70.85440063476562,6.77245569229126,0.0854445090306132,0.02641641206916233,0.03023407756562829,42,,3b9082cc46e8e78f21579d0a8aeebce33eaa5f57190b8cefca797825d87049fd|8d2eafb7181d802fb7b927a4bdb6de2991efe30b44851d8f5c4a04c32a4dcbd9|20519704f309fcc78bd26207f2300bb905de6d8130bcee0efdcb2f4018613cbb,heldout_dense_AV_support_and_family
calibration_frozen,calibration,s00_p00_seed20260740,64,0,proxy_fixed64_qk,3,0.25,8542.2578125,108.0992431640625,0.8630094528198242,0.11249286802664858,0.01005128156595725,0.005328749935436129,17,,649359c5e5236cd84eed1468d781921b7e4c8c0cef336c1267bfdc9b05b358ba|7eeb242f3375eaf39a10baa1fe031f342d93fd574e83286470e49b624d7c818f|ffe40d32ca12a9eaaf6f9d1c26f1871cd3b49ce4cee7ff2a344491c6e09dff58,current_QKV_only_proxy
calibration_frozen,calibration,s00_p00_seed20260740,64,1,proxy_fixed64_qk,3,0.25,7833.42578125,87.15113830566406,15.19774055480957,0.10547770346549976,0.04404672740560792,0.031181797931608243,68,,858d20696fd5d1dfaba43eefb16f2b57336b849fa8acf2da82435d7c2b726887|3b911b6da1007d56c9cc804dea4abecddcfe6e058a200295db6ea94e8b1beb4a|ba20fcd4d45ad2aa339b6fc6301e7d65d1d9dc3069d5db83df50dfced10c5521,current_QKV_only_proxy
calibration_frozen,calibration,s00_p00_seed20260740,64,2,proxy_fixed64_qk,3,0.25,4401.4609375,83.40945434570312,10.232508659362793,0.13766045926045495,0.04821616164926616,0.03517219423524485,73,,93ba2270b2a6815b3d2384aa2851064b33a8b1abc002cc683d53939fc5edec48|60febd037396394e5612c26f0b37ebb4da8d9c79c58471f10772d4b964784457|04520806687734df1518c0d2d7e2b33d07b677dcfb80854f1c3ecc984b4eebb4,current_QKV_only_proxy
calibration_frozen,calibration,s00_p00_seed20260740,64,3,proxy_fixed64_qk,3,0.25,7053.650390625,4.309553623199463,0.164213627576828,0.024717763882092812,0.004825003495804997,0.00437841160266528,8,,390d8965d9a5ea747d628425d3b7c470ea5a85af8fdb0b7d0270d97477619179|2b79181391f5dfa25c5e15529728230a99b2e243b86678b387a8356848eb92a6|ee679394dda22df89fae2002a2682f43e30d3e6c4142052137cee7585337d071,current_QKV_only_proxy
calibration_frozen,calibration,s00_p00_seed20260740,64,4,proxy_fixed64_qk,3,0.25,6554.8994140625,121.31407928466797,0.408660888671875,0.13604186822881886,0.007895843315842458,0.004859564238501858,12,,470149467ab7be657d8a61d2cc44a2f8340e6d1d9126afdea10011a5f998d7ef|a56d7eed00bb790ecc848bf862cbe706ecf508fc7e6e198227ea8061dca7b9a0|b7d0ddfc37871de5cb381c87506901afeeeadb8d4a2406bb306ff75874120bf7,current_QKV_only_proxy
calibration_frozen,calibration,s00_p00_seed20260740,64,5,proxy_fixed64_qk,3,0.25,4703.19140625,11.085713386535645,0.6645270586013794,0.04854958212318505,0.011886664581403717,0.006442212484652981,19,,de595bcf5e91b35b304d99f16d338163a03db235ac2843b9512458ce9a8c15b5|5618588be5012135bf993c4ad1f0b8a0ef7661740ff46f17e97772941a161b8c|bd23e52d1fa77daa7984e2ce1c7a02afd394b2660dc2a8e623adca335d503312,current_QKV_only_proxy
calibration_frozen,calibration,s00_p00_seed20260740,64,6,proxy_fixed64_qk,3,0.25,1398.022216796875,49.2823486328125,3.4672980308532715,0.18775376810518557,0.0498010557854721,0.033102231562049736,59,,200bb72782b1c8b284abd469cbaf06a784df71dcee6d3bc34c4203a81c298659|a8ec78883a84648649c1ec1bd94c2411fc201889779875916799b3ff4bc9a04d|e0bb3e4efa10e10c4d2d6fdddff04dd10ce5803cb9dc5198737f51ef924dc55b,current_QKV_only_proxy
calibration_frozen,calibration,s00_p00_seed20260740,64,7,proxy_fixed64_qk,3,0.25,3290.25146484375,62.86504364013672,6.3002166748046875,0.13822610330443466,0.04375857767974133,0.031183964382101304,59,,ed6973230e529a695ef2d5736de100c181ddcf637bf4bb0e5b741c26b15e53c0|f141249d6268c887723368276f4b772133d7f627580f09a5c59cb7afe6f99304|a766345c9f40980a1da840bf7e0df19b4f0235a84bc3cf6bcfaf621e65fb0bf3,current_QKV_only_proxy
calibration_frozen,calibration,s00_p00_seed20260740,64,8,proxy_fixed64_qk,3,0.25,7872.93603515625,4.686514854431152,0.15926453471183777,0.024398135418593724,0.00449770717489574,0.001811097350940528,7,,8409cb3b2772dac0f844ef1087a7c0810b0b327fe7a78248dff4bbf52a2bf129|70c646086dd744a7961454af0e61c26ef121563ee4de58717b0c55f9aab89cf3|10cbe15a6a0d44a71c2d44f47cf87f99d9e2cde4d44e90261bea7e97a82f32a9,current_QKV_only_proxy
calibration_frozen,calibration,s00_p00_seed20260740,64,9,proxy_fixed64_qk,3,0.25,4252.83349609375,76.46138763427734,7.068324565887451,0.13408552530710086,0.04076796671714304,0.0283795101755959,57,,eaf354576fe6aa189d5036f12a598b940bbc9e5c4f6028212e5ceb7d224ce9e3|77323ffc117ae53d90d421473c453063c71f17a072f1df34899bb1bbbdb3b46b|ea1055d9fa4c56cffb2cf78249eca9cb470fa02403a6ce48812390fcd90b828c,current_QKV_only_proxy
calibration_frozen,calibration,s00_p00_seed20260740,64,10,proxy_fixed64_qk,3,0.25,6909.01171875,9.547858238220215,0.4155063331127167,0.037174489771400726,0.007754983161619617,0.003744291282520892,13,,622a29e6cea1308e3780557151d27da01ee3cbfac8ae1a938dcca574edad8242|89b0e32ca9f6e3f058f49b60205783267576aa94c55343dea10ff66692f51e27|4b0c5221c786ef61eeb0765289f9c3bf6879aa8d5448c42f4669e9f50c863c0a,current_QKV_only_proxy
calibration_frozen,calibration,s00_p00_seed20260740,64,11,proxy_fixed64_qk,3,0.25,9705.06640625,37.93437194824219,7.278905868530273,0.0625197443392247,0.02738632740453907,0.022805746972577878,49,,2a0f593fe1ffeadb8840735800590b2c1dc7531d445c0bc78c076b827c9df30f|dcff314e1ccd27c4cb9a9edf530268ae7248906bf5650283b0e209a153256334|71bf984fbcbf5afc85a53b8079b6c016578a652259d4fce76b4bdce51ef0bae4,current_QKV_only_proxy
calibration_frozen,calibration,s00_p00_seed20260740,64,0,proxy_svg2_style_semantic64,3,0.25,8542.2578125,11.139326095581055,0.7061411142349243,0.03611129986146738,0.009091999683355202,0.0080759873594692,15,,3e4f0a2fd9498da7c1440a355a22b6292161a5216c63aa0bc59b5a4742fd1e36|3e4f0a2fd9498da7c1440a355a22b6292161a5216c63aa0bc59b5a4742fd1e36|3e4f0a2fd9498da7c1440a355a22b6292161a5216c63aa0bc59b5a4742fd1e36,current_QKV_only_proxy
calibration_frozen,calibration,s00_p00_seed20260740,64,1,proxy_svg2_style_semantic64,3,0.25,7833.42578125,66.79242706298828,6.738282203674316,0.09233954833596444,0.029329099659752264,0.028637151617806077,44,,3e4f0a2fd9498da7c1440a355a22b6292161a5216c63aa0bc59b5a4742fd1e36|3e4f0a2fd9498da7c1440a355a22b6292161a5216c63aa0bc59b5a4742fd1e36|3e4f0a2fd9498da7c1440a355a22b6292161a5216c63aa0bc59b5a4742fd1e36,current_QKV_only_proxy
calibration_frozen,calibration,s00_p00_seed20260740,64,2,proxy_svg2_style_semantic64,3,0.25,4401.4609375,74.08296203613281,6.145654678344727,0.1297360715436878,0.037366777922742025,0.032580669983406696,56,,3e4f0a2fd9498da7c1440a355a22b6292161a5216c63aa0bc59b5a4742fd1e36|3e4f0a2fd9498da7c1440a355a22b6292161a5216c63aa0bc59b5a4742fd1e36|3e4f0a2fd9498da7c1440a355a22b6292161a5216c63aa0bc59b5a4742fd1e36,current_QKV_only_proxy
calibration_frozen,calibration,s00_p00_seed20260740,64,3,proxy_svg2_style_semantic64,3,0.25,7053.650390625,0.8589910268783569,0.015383838675916195,0.01103538141911685,0.0014768126145029798,0.000802822208280505,1,,3e4f0a2fd9498da7c1440a355a22b6292161a5216c63aa0bc59b5a4742fd1e36|3e4f0a2fd9498da7c1440a355a22b6292161a5216c63aa0bc59b5a4742fd1e36|3e4f0a2fd9498da7c1440a355a22b6292161a5216c63aa0bc59b5a4742fd1e36,current_QKV_only_proxy
calibration_frozen,calibration,s00_p00_seed20260740,64,4,proxy_svg2_style_semantic64,3,0.25,6554.8994140625,23.794885635375977,2.1335296630859375,0.06025024191556827,0.0180412376276535,0.014706763241036903,31,,3e4f0a2fd9498da7c1440a355a22b6292161a5216c63aa0bc59b5a4742fd1e36|3e4f0a2fd9498da7c1440a355a22b6292161a5216c63aa0bc59b5a4742fd1e36|3e4f0a2fd9498da7c1440a355a22b6292161a5216c63aa0bc59b5a4742fd1e36,current_QKV_only_proxy
calibration_frozen,calibration,s00_p00_seed20260740,64,5,proxy_svg2_style_semantic64,3,0.25,4703.19140625,5.316707134246826,0.2053261697292328,0.033622116010564515,0.006607327383600326,0.004453797108372931,11,,3e4f0a2fd9498da7c1440a355a22b6292161a5216c63aa0bc59b5a4742fd1e36|3e4f0a2fd9498da7c1440a355a22b6292161a5216c63aa0bc59b5a4742fd1e36|3e4f0a2fd9498da7c1440a355a22b6292161a5216c63aa0bc59b5a4742fd1e36,current_QKV_only_proxy
calibration_frozen,calibration,s00_p00_seed20260740,64,6,proxy_svg2_style_semantic64,3,0.25,1398.022216796875,32.453163146972656,0.7475563883781433,0.15236018101878282,0.023124105496646098,0.0198112738024255,36,,3e4f0a2fd9498da7c1440a355a22b6292161a5216c63aa0bc59b5a4742fd1e36|3e4f0a2fd9498da7c1440a355a22b6292161a5216c63aa0bc59b5a4742fd1e36|3e4f0a2fd9498da7c1440a355a22b6292161a5216c63aa0bc59b5a4742fd1e36,current_QKV_only_proxy
calibration_frozen,calibration,s00_p00_seed20260740,64,7,proxy_svg2_style_semantic64,3,0.25,3290.25146484375,24.484718322753906,1.9113637208938599,0.08626467898218695,0.024102224295675698,0.01928372291708454,42,,3e4f0a2fd9498da7c1440a355a22b6292161a5216c63aa0bc59b5a4742fd1e36|3e4f0a2fd9498da7c1440a355a22b6292161a5216c63aa0bc59b5a4742fd1e36|3e4f0a2fd9498da7c1440a355a22b6292161a5216c63aa0bc59b5a4742fd1e36,current_QKV_only_proxy
calibration_frozen,calibration,s00_p00_seed20260740,64,8,proxy_svg2_style_semantic64,3,0.25,7872.93603515625,2.159449815750122,0.018204854801297188,0.016561634517901214,0.001520635931157505,0.0007022776236153212,1,,3e4f0a2fd9498da7c1440a355a22b6292161a5216c63aa0bc59b5a4742fd1e36|3e4f0a2fd9498da7c1440a355a22b6292161a5216c63aa0bc59b5a4742fd1e36|3e4f0a2fd9498da7c1440a355a22b6292161a5216c63aa0bc59b5a4742fd1e36,current_QKV_only_proxy
calibration_frozen,calibration,s00_p00_seed20260740,64,9,proxy_svg2_style_semantic64,3,0.25,4252.83349609375,60.78595733642578,3.2721381187438965,0.11955354009869908,0.027738094516604632,0.022445507604507555,42,,3e4f0a2fd9498da7c1440a355a22b6292161a5216c63aa0bc59b5a4742fd1e36|3e4f0a2fd9498da7c1440a355a22b6292161a5216c63aa0bc59b5a4742fd1e36|3e4f0a2fd9498da7c1440a355a22b6292161a5216c63aa0bc59b5a4742fd1e36,current_QKV_only_proxy
calibration_frozen,calibration,s00_p00_seed20260740,64,10,proxy_svg2_style_semantic64,3,0.25,6909.01171875,8.83798885345459,0.2234218567609787,0.0357658672348699,0.005686628583997937,0.0035280254089303503,10,,3e4f0a2fd9498da7c1440a355a22b6292161a5216c63aa0bc59b5a4742fd1e36|3e4f0a2fd9498da7c1440a355a22b6292161a5216c63aa0bc59b5a4742fd1e36|3e4f0a2fd9498da7c1440a355a22b6292161a5216c63aa0bc59b5a4742fd1e36,current_QKV_only_proxy
calibration_frozen,calibration,s00_p00_seed20260740,64,11,proxy_svg2_style_semantic64,3,0.25,9705.06640625,110.6708984375,6.507850170135498,0.10678677285228871,0.025895214758916298,0.028981318496042345,40,,3e4f0a2fd9498da7c1440a355a22b6292161a5216c63aa0bc59b5a4742fd1e36|3e4f0a2fd9498da7c1440a355a22b6292161a5216c63aa0bc59b5a4742fd1e36|3e4f0a2fd9498da7c1440a355a22b6292161a5216c63aa0bc59b5a4742fd1e36,current_QKV_only_proxy
calibration_frozen,calibration,s00_p00_seed20260740,64,0,proxy_value_aware_semantic64,3,0.25,8542.2578125,11.159153938293457,0.7125647068023682,0.03614342437372965,0.009133259908109988,0.00809627541975527,15,,3920752cdd95b6464e60690bb0696038756229f377fbde12acc046e686c113e3|1600549a1b0ee05bef659bb29fb99d3e7aa8c3ea6d2c479f72829fc41b4c4966|28ac103a4af04d4788ba2bb3b73fe0b472113308e6615281f7b3337d7885962b,current_QKV_only_proxy
calibration_frozen,calibration,s00_p00_seed20260740,64,1,proxy_value_aware_semantic64,3,0.25,7833.42578125,40.770904541015625,5.789796829223633,0.07214384865547098,0.027186656222325016,0.026345752465804853,44,,fdd79ff43274976ab1428087eeb882984badd0e64376be1ea24fa934a87e1241|da8c3e149b142534925195acd88fbf1e6864b288c735d422d50ad2cfb09d8cc6|a3e6c9e21059c043f16c0d52dd1ff794b5efd78de9e7bc35d9e3eb8b5551bdbf,current_QKV_only_proxy
calibration_frozen,calibration,s00_p00_seed20260740,64,2,proxy_value_aware_semantic64,3,0.25,4401.4609375,75.30380249023438,6.334200382232666,0.13080068770118874,0.03793564505077993,0.03413240014233972,57,,28282d683b31c46c7955b9026fcbfe47fe295b7ee986f1ca5e822f585e9e3d24|beb466b58340e7175f5f77892726cdc824a183810a2c3fa731ddf889c6b84745|06cd788fdeab28143ffa4ce590a71c5fc2bd1811ad8aec9e997341927b14f7d1,current_QKV_only_proxy
calibration_frozen,calibration,s00_p00_seed20260740,64,3,proxy_value_aware_semantic64,3,0.25,7053.650390625,1.0810143947601318,0.02407725714147091,0.01237966160020908,0.0018475514457058874,0.0012371627796398353,2,,02d3d06ed7814df8b4b0c517c20a4b397e2a62f35bbb434dbfb437adf2692f08|44bc7d4f5c270a73b98e9a92956f5bffd236f2d8054b1883f361e867d9c6b1a3|0bb7ec37421f37df3a02d39e55ab906ebcb1941eeb293b4ddf2dc61e9fe1eadd,current_QKV_only_proxy
calibration_frozen,calibration,s00_p00_seed20260740,64,4,proxy_value_aware_semantic64,3,0.25,6554.8994140625,24.568870544433594,2.216155529022217,0.06122229139595792,0.018387263592936944,0.014935953220210315,31,,1cec2baf08b7fdb4323c19cbcd359cf34dc7a758f47dcfa0c4394996d185cea2|2d20411bb5a0a70ad86704f632e299d15f35351dd0e7dd83df8a9430e48ea672|822487df27ce75c0508759be532fbb9bf8fad397f13f2e88d203cb56980049e0,current_QKV_only_proxy
calibration_frozen,calibration,s00_p00_seed20260740,64,5,proxy_value_aware_semantic64,3,0.25,4703.19140625,5.247625350952148,0.18728984892368317,0.033402970031658964,0.006310456725180569,0.004261635813605496,11,,8fcba05ede6fa8d8222a5ab26358b824d0a65821cb2b49422737566f21e136d6|ce135cf07bff3bd1b67f3f5ba8c47303c70f30373d45667a15882ed129e84458|27173b2a59f38d1b96223192ad6fab4f8c71b459827bbfc688abda734cc2797e,current_QKV_only_proxy
calibration_frozen,calibration,s00_p00_seed20260740,64,6,proxy_value_aware_semantic64,3,0.25,1398.022216796875,35.81964874267578,0.7579549551010132,0.16006767057762705,0.023284379107829278,0.02035815119169401,36,,e8cafd3398d614c6ada20231a98057d217f8127846a06bab29dd8afc85f4ee70|5141bbf2e9d62f96048e58fe25012fba8ebf8315f8c7acdcacc133ce0ec1a894|4a4a30ffe3a8a05d95ac7a108f415de3fa3258adb83a455badeed0b0821a8f56,current_QKV_only_proxy
calibration_frozen,calibration,s00_p00_seed20260740,64,7,proxy_value_aware_semantic64,3,0.25,3290.25146484375,25.573657989501953,1.8884197473526,0.0881620907464839,0.023957126222715903,0.019358808384643263,42,,e434bbdd16ee1d3f4eaac7986a352477ce579c6ca2acd0a0d8d914e9383b4081|3e4f0a2fd9498da7c1440a355a22b6292161a5216c63aa0bc59b5a4742fd1e36|4e841f898495afb2dd4b1e9ecf4a0ccbad1beb65ac59cdf75dcbc6c136a1d117,current_QKV_only_proxy
calibration_frozen,calibration,s00_p00_seed20260740,64,8,proxy_value_aware_semantic64,3,0.25,7872.93603515625,2.091033458709717,0.02046680822968483,0.016297167513019843,0.0016123402609716396,0.0007464059407292836,2,,cffd5d312a972414e33db46fcb5ff8438d9ed1c11f0353c376890ec179e6bb48|c22bd3d0f60b5729807dfabbba3eb99e325a76ef8880669af0ca03198b7fb9f8|d85fa8bb001ff7cbd8b813927be9dbde0d230d129875a28b1c1aa15669210d52,current_QKV_only_proxy
calibration_frozen,calibration,s00_p00_seed20260740,64,9,proxy_value_aware_semantic64,3,0.25,4252.83349609375,55.88468933105469,3.1571974754333496,0.11463235920849897,0.02724656031666752,0.022598908036415295,43,,236ddfe82da9217048bf7e7c69c2c1ba5ac7fdd3b59f3018244c47fb54b78af1|ebbd5d441a474f3113525a218db73c07e9671d423c7e9e05e5dea88b458d2e6f|1c45fe8ce515773b4ca94cd8b5a25e5d921b0b1a8d0612d471245849575e323c,current_QKV_only_proxy
calibration_frozen,calibration,s00_p00_seed20260740,64,10,proxy_value_aware_semantic64,3,0.25,6909.01171875,7.915982246398926,0.23570239543914795,0.0338488907467694,0.005840822836969919,0.0034726973907732313,10,,c5b6199e37bd86eddd2d42014cc7959b320a8844e27b8dea82c117dd66a7a47a|506d000287746c97ddcd602bceebe0e2f701594302daea58bc9206c42ebecc7a|d74bb628cd5c14a31c07406b6a5fb481c0de7d19ff64d531f1c83c934932ab68,current_QKV_only_proxy
calibration_frozen,calibration,s00_p00_seed20260740,64,11,proxy_value_aware_semantic64,3,0.25,9705.06640625,70.85440063476562,6.77245569229126,0.0854445090306132,0.02641641206916233,0.03023407756562829,42,,3b9082cc46e8e78f21579d0a8aeebce33eaa5f57190b8cefca797825d87049fd|8d2eafb7181d802fb7b927a4bdb6de2991efe30b44851d8f5c4a04c32a4dcbd9|20519704f309fcc78bd26207f2300bb905de6d8130bcee0efdcb2f4018613cbb,current_QKV_only_proxy
transductive_capacity,transductive_fit,s00_p00_seed20260740,64,0,oracle_trajectory_width_family,3,0.25,8542.2578125,107.6100845336914,0.6378644108772278,0.11223805935625471,0.008641275441412391,0.006013703461832875,14,oracle_trajectory_width_semantic64|oracle_trajectory_width_fixed64|oracle_trajectory_width_fixed64,3e4f0a2fd9498da7c1440a355a22b6292161a5216c63aa0bc59b5a4742fd1e36|7eeb242f3375eaf39a10baa1fe031f342d93fd574e83286470e49b624d7c818f|ffe40d32ca12a9eaaf6f9d1c26f1871cd3b49ce4cee7ff2a344491c6e09dff58,heldout_dense_AV_support_and_family
transductive_capacity,transductive_fit,s00_p00_seed20260740,64,1,oracle_trajectory_width_family,3,0.25,7833.42578125,39.572532653808594,5.544892311096191,0.07107568542841251,0.026605455060105077,0.02666996459673181,43,oracle_trajectory_width_semantic64|oracle_trajectory_width_value64|oracle_trajectory_width_value64,3e4f0a2fd9498da7c1440a355a22b6292161a5216c63aa0bc59b5a4742fd1e36|da8c3e149b142534925195acd88fbf1e6864b288c735d422d50ad2cfb09d8cc6|a3e6c9e21059c043f16c0d52dd1ff794b5efd78de9e7bc35d9e3eb8b5551bdbf,heldout_dense_AV_support_and_family
transductive_capacity,transductive_fit,s00_p00_seed20260740,64,2,oracle_trajectory_width_family,3,0.25,4401.4609375,69.18616485595703,5.409132957458496,0.12537507410678225,0.035056245560825004,0.029954824874374283,57,oracle_trajectory_width_value64|oracle_trajectory_width_fixed64|oracle_trajectory_width_value64,28282d683b31c46c7955b9026fcbfe47fe295b7ee986f1ca5e822f585e9e3d24|60febd037396394e5612c26f0b37ebb4da8d9c79c58471f10772d4b964784457|06cd788fdeab28143ffa4ce590a71c5fc2bd1811ad8aec9e997341927b14f7d1,heldout_dense_AV_support_and_family
transductive_capacity,transductive_fit,s00_p00_seed20260740,64,3,oracle_trajectory_width_family,3,0.25,7053.650390625,0.7866615056991577,0.01583924889564514,0.01056056087496547,0.00149851234977759,0.0008374781371473727,1,oracle_trajectory_width_semantic64|oracle_trajectory_width_semantic64|oracle_trajectory_width_semantic64,3e4f0a2fd9498da7c1440a355a22b6292161a5216c63aa0bc59b5a4742fd1e36|3e4f0a2fd9498da7c1440a355a22b6292161a5216c63aa0bc59b5a4742fd1e36|3e4f0a2fd9498da7c1440a355a22b6292161a5216c63aa0bc59b5a4742fd1e36,heldout_dense_AV_support_and_family
transductive_capacity,transductive_fit,s00_p00_seed20260740,64,4,oracle_trajectory_width_family,3,0.25,6554.8994140625,125.12660217285156,0.5477829575538635,0.13816301753418617,0.009141579540006052,0.005460423637493795,15,oracle_trajectory_width_semantic64|oracle_trajectory_width_fixed64|oracle_trajectory_width_fixed64,3e4f0a2fd9498da7c1440a355a22b6292161a5216c63aa0bc59b5a4742fd1e36|a56d7eed00bb790ecc848bf862cbe706ecf508fc7e6e198227ea8061dca7b9a0|b7d0ddfc37871de5cb381c87506901afeeeadb8d4a2406bb306ff75874120bf7,heldout_dense_AV_support_and_family
transductive_capacity,transductive_fit,s00_p00_seed20260740,64,5,oracle_trajectory_width_family,3,0.25,4703.19140625,6.081601619720459,0.18697306513786316,0.03595941825225044,0.006305117684111706,0.0043260845057219496,11,oracle_trajectory_width_semantic64|oracle_trajectory_width_value64|oracle_trajectory_width_semantic64,3e4f0a2fd9498da7c1440a355a22b6292161a5216c63aa0bc59b5a4742fd1e36|ce135cf07bff3bd1b67f3f5ba8c47303c70f30373d45667a15882ed129e84458|3e4f0a2fd9498da7c1440a355a22b6292161a5216c63aa0bc59b5a4742fd1e36,heldout_dense_AV_support_and_family
transductive_capacity,transductive_fit,s00_p00_seed20260740,64,6,oracle_trajectory_width_family,3,0.25,1398.022216796875,33.029052734375,0.7109798192977905,0.1537060714550238,0.022551300929289215,0.019433149649156524,35,oracle_trajectory_width_semantic64|oracle_trajectory_width_semantic64|oracle_trajectory_width_value64,3e4f0a2fd9498da7c1440a355a22b6292161a5216c63aa0bc59b5a4742fd1e36|3e4f0a2fd9498da7c1440a355a22b6292161a5216c63aa0bc59b5a4742fd1e36|4a4a30ffe3a8a05d95ac7a108f415de3fa3258adb83a455badeed0b0821a8f56,heldout_dense_AV_support_and_family
transductive_capacity,transductive_fit,s00_p00_seed20260740,64,7,oracle_trajectory_width_family,3,0.25,3290.25146484375,26.807140350341797,1.9723676443099976,0.09026319427930826,0.024483831906591494,0.019584605549084966,42,oracle_trajectory_width_semantic64|oracle_trajectory_width_semantic64|oracle_trajectory_width_value64,3e4f0a2fd9498da7c1440a355a22b6292161a5216c63aa0bc59b5a4742fd1e36|3e4f0a2fd9498da7c1440a355a22b6292161a5216c63aa0bc59b5a4742fd1e36|4e841f898495afb2dd4b1e9ecf4a0ccbad1beb65ac59cdf75dcbc6c136a1d117,heldout_dense_AV_support_and_family
transductive_capacity,transductive_fit,s00_p00_seed20260740,64,8,oracle_trajectory_width_family,3,0.25,7872.93603515625,2.300340175628662,0.01851726695895195,0.017093369109318215,0.0015336281884655396,0.0007063158395016414,1,oracle_trajectory_width_semantic64|oracle_trajectory_width_semantic64|oracle_trajectory_width_semantic64,3e4f0a2fd9498da7c1440a355a22b6292161a5216c63aa0bc59b5a4742fd1e36|3e4f0a2fd9498da7c1440a355a22b6292161a5216c63aa0bc59b5a4742fd1e36|3e4f0a2fd9498da7c1440a355a22b6292161a5216c63aa0bc59b5a4742fd1e36,heldout_dense_AV_support_and_family
transductive_capacity,transductive_fit,s00_p00_seed20260740,64,9,oracle_trajectory_width_family,3,0.25,4252.83349609375,63.55072021484375,3.260021686553955,0.12224216935194755,0.027686691056363975,0.02238624331111191,43,oracle_trajectory_width_semantic64|oracle_trajectory_width_semantic64|oracle_trajectory_width_value64,3e4f0a2fd9498da7c1440a355a22b6292161a5216c63aa0bc59b5a4742fd1e36|3e4f0a2fd9498da7c1440a355a22b6292161a5216c63aa0bc59b5a4742fd1e36|1c45fe8ce515773b4ca94cd8b5a25e5d921b0b1a8d0612d471245849575e323c,heldout_dense_AV_support_and_family
transductive_capacity,transductive_fit,s00_p00_seed20260740,64,10,oracle_trajectory_width_family,3,0.25,6909.01171875,9.913740158081055,0.2409542053937912,0.03788007247103368,0.005905535582279834,0.003563516148376091,10,oracle_trajectory_width_semantic64|oracle_trajectory_width_semantic64|oracle_trajectory_width_semantic64,3e4f0a2fd9498da7c1440a355a22b6292161a5216c63aa0bc59b5a4742fd1e36|3e4f0a2fd9498da7c1440a355a22b6292161a5216c63aa0bc59b5a4742fd1e36|3e4f0a2fd9498da7c1440a355a22b6292161a5216c63aa0bc59b5a4742fd1e36,heldout_dense_AV_support_and_family
transductive_capacity,transductive_fit,s00_p00_seed20260740,64,11,oracle_trajectory_width_family,3,0.25,9705.06640625,27.381771087646484,4.692068099975586,0.053116752150978275,0.02198785668990427,0.023283286792064938,38,oracle_trajectory_width_semantic64|oracle_trajectory_width_fixed64|oracle_trajectory_width_value64,3e4f0a2fd9498da7c1440a355a22b6292161a5216c63aa0bc59b5a4742fd1e36|dcff314e1ccd27c4cb9a9edf530268ae7248906bf5650283b0e209a153256334|20519704f309fcc78bd26207f2300bb905de6d8130bcee0efdcb2f4018613cbb,heldout_dense_AV_support_and_family
transductive_capacity,transductive_fit,s00_p00_seed20260740,64,0,oracle_trajectory_width_fixed64,3,0.25,8542.2578125,110.21080780029297,0.9152872562408447,0.11358624836062194,0.010351239818560736,0.006013703461832875,17,,649359c5e5236cd84eed1468d781921b7e4c8c0cef336c1267bfdc9b05b358ba|7eeb242f3375eaf39a10baa1fe031f342d93fd574e83286470e49b624d7c818f|ffe40d32ca12a9eaaf6f9d1c26f1871cd3b49ce4cee7ff2a344491c6e09dff58,heldout_dense_AV_support_and_family
transductive_capacity,transductive_fit,s00_p00_seed20260740,64,1,oracle_trajectory_width_fixed64,3,0.25,7833.42578125,89.66756439208984,15.519673347473145,0.10698966314777637,0.044510802210674875,0.03145750311676665,69,,858d20696fd5d1dfaba43eefb16f2b57336b849fa8acf2da82435d7c2b726887|3b911b6da1007d56c9cc804dea4abecddcfe6e058a200295db6ea94e8b1beb4a|ba20fcd4d45ad2aa339b6fc6301e7d65d1d9dc3069d5db83df50dfced10c5521,heldout_dense_AV_support_and_family
transductive_capacity,transductive_fit,s00_p00_seed20260740,64,2,oracle_trajectory_width_fixed64,3,0.25,4401.4609375,86.5767822265625,10.472658157348633,0.140249814106834,0.04877867935365678,0.03607552982675318,74,,93ba2270b2a6815b3d2384aa2851064b33a8b1abc002cc683d53939fc5edec48|60febd037396394e5612c26f0b37ebb4da8d9c79c58471f10772d4b964784457|04520806687734df1518c0d2d7e2b33d07b677dcfb80854f1c3ecc984b4eebb4,heldout_dense_AV_support_and_family
transductive_capacity,transductive_fit,s00_p00_seed20260740,64,3,oracle_trajectory_width_fixed64,3,0.25,7053.650390625,4.529228210449219,0.1769387125968933,0.02533991400230727,0.0050084629603650704,0.004622877755605683,8,,390d8965d9a5ea747d628425d3b7c470ea5a85af8fdb0b7d0270d97477619179|2b79181391f5dfa25c5e15529728230a99b2e243b86678b387a8356848eb92a6|ee679394dda22df89fae2002a2682f43e30d3e6c4142052137cee7585337d071,heldout_dense_AV_support_and_family
transductive_capacity,transductive_fit,s00_p00_seed20260740,64,4,oracle_trajectory_width_fixed64,3,0.25,6554.8994140625,127.4109878540039,0.5688209533691406,0.13941850633158226,0.009315470118365381,0.005460423637493795,15,,470149467ab7be657d8a61d2cc44a2f8340e6d1d9126afdea10011a5f998d7ef|a56d7eed00bb790ecc848bf862cbe706ecf508fc7e6e198227ea8061dca7b9a0|b7d0ddfc37871de5cb381c87506901afeeeadb8d4a2406bb306ff75874120bf7,heldout_dense_AV_support_and_family
transductive_capacity,transductive_fit,s00_p00_seed20260740,64,5,oracle_trajectory_width_fixed64,3,0.25,4703.19140625,11.913680076599121,0.6684277653694153,0.05032996634516429,0.011921500296398095,0.00652234042794604,19,,de595bcf5e91b35b304d99f16d338163a03db235ac2843b9512458ce9a8c15b5|5618588be5012135bf993c4ad1f0b8a0ef7661740ff46f17e97772941a161b8c|bd23e52d1fa77daa7984e2ce1c7a02afd394b2660dc2a8e623adca335d503312,heldout_dense_AV_support_and_family
transductive_capacity,transductive_fit,s00_p00_seed20260740,64,6,oracle_trajectory_width_fixed64,3,0.25,1398.022216796875,54.918182373046875,3.462667465209961,0.1981988092290336,0.04976779009831828,0.03316084377747124,59,,200bb72782b1c8b284abd469cbaf06a784df71dcee6d3bc34c4203a81c298659|a8ec78883a84648649c1ec1bd94c2411fc201889779875916799b3ff4bc9a04d|e0bb3e4efa10e10c4d2d6fdddff04dd10ce5803cb9dc5198737f51ef924dc55b,heldout_dense_AV_support_and_family
transductive_capacity,transductive_fit,s00_p00_seed20260740,64,7,oracle_trajectory_width_fixed64,3,0.25,3290.25146484375,67.004150390625,6.62678337097168,0.14270405264322428,0.04487834587334488,0.03204809998017419,60,,ed6973230e529a695ef2d5736de100c181ddcf637bf4bb0e5b741c26b15e53c0|f141249d6268c887723368276f4b772133d7f627580f09a5c59cb7afe6f99304|a766345c9f40980a1da840bf7e0df19b4f0235a84bc3cf6bcfaf621e65fb0bf3,heldout_dense_AV_support_and_family
transductive_capacity,transductive_fit,s00_p00_seed20260740,64,8,oracle_trajectory_width_fixed64,3,0.25,7872.93603515625,4.86717414855957,0.16176024079322815,0.02486394757103605,0.004532810162730271,0.0018147988656698258,7,,8409cb3b2772dac0f844ef1087a7c0810b0b327fe7a78248dff4bbf52a2bf129|70c646086dd744a7961454af0e61c26ef121563ee4de58717b0c55f9aab89cf3|10cbe15a6a0d44a71c2d44f47cf87f99d9e2cde4d44e90261bea7e97a82f32a9,heldout_dense_AV_support_and_family
transductive_capacity,transductive_fit,s00_p00_seed20260740,64,9,oracle_trajectory_width_fixed64,3,0.25,4252.83349609375,80.32373046875,7.317607879638672,0.13743037931021052,0.04148063316954787,0.028978213952281433,58,,eaf354576fe6aa189d5036f12a598b940bbc9e5c4f6028212e5ceb7d224ce9e3|77323ffc117ae53d90d421473c453063c71f17a072f1df34899bb1bbbdb3b46b|ea1055d9fa4c56cffb2cf78249eca9cb470fa02403a6ce48812390fcd90b828c,heldout_dense_AV_support_and_family
transductive_capacity,transductive_fit,s00_p00_seed20260740,64,10,oracle_trajectory_width_fixed64,3,0.25,6909.01171875,10.614913940429688,0.42657679319381714,0.03919676941602105,0.007857613227642496,0.0038004692642536505,13,,622a29e6cea1308e3780557151d27da01ee3cbfac8ae1a938dcca574edad8242|89b0e32ca9f6e3f058f49b60205783267576aa94c55343dea10ff66692f51e27|4b0c5221c786ef61eeb0765289f9c3bf6879aa8d5448c42f4669e9f50c863c0a,heldout_dense_AV_support_and_family
transductive_capacity,transductive_fit,s00_p00_seed20260740,64,11,oracle_trajectory_width_fixed64,3,0.25,9705.06640625,39.16633605957031,7.500067710876465,0.06352683479817985,0.027799266466807776,0.023283286792064938,49,,2a0f593fe1ffeadb8840735800590b2c1dc7531d445c0bc78c076b827c9df30f|dcff314e1ccd27c4cb9a9edf530268ae7248906bf5650283b0e209a153256334|71bf984fbcbf5afc85a53b8079b6c016578a652259d4fce76b4bdce51ef0bae4,heldout_dense_AV_support_and_family
transductive_capacity,transductive_fit,s00_p00_seed20260740,64,0,oracle_trajectory_width_semantic64,3,0.25,8542.2578125,10.687740325927734,0.6787518262863159,0.035371755093766714,0.008913928951888915,0.00696002992101786,14,,3e4f0a2fd9498da7c1440a355a22b6292161a5216c63aa0bc59b5a4742fd1e36|3e4f0a2fd9498da7c1440a355a22b6292161a5216c63aa0bc59b5a4742fd1e36|3e4f0a2fd9498da7c1440a355a22b6292161a5216c63aa0bc59b5a4742fd1e36,heldout_dense_AV_support_and_family
transductive_capacity,transductive_fit,s00_p00_seed20260740,64,1,oracle_trajectory_width_semantic64,3,0.25,7833.42578125,66.48898315429688,6.831879615783691,0.09212955619018741,0.029532093587125652,0.029084779989553902,44,,3e4f0a2fd9498da7c1440a355a22b6292161a5216c63aa0bc59b5a4742fd1e36|3e4f0a2fd9498da7c1440a355a22b6292161a5216c63aa0bc59b5a4742fd1e36|3e4f0a2fd9498da7c1440a355a22b6292161a5216c63aa0bc59b5a4742fd1e36,heldout_dense_AV_support_and_family
transductive_capacity,transductive_fit,s00_p00_seed20260740,64,2,oracle_trajectory_width_semantic64,3,0.25,4401.4609375,68.48007202148438,5.998451232910156,0.12473366357293376,0.036916552769010784,0.032551512872871995,56,,3e4f0a2fd9498da7c1440a355a22b6292161a5216c63aa0bc59b5a4742fd1e36|3e4f0a2fd9498da7c1440a355a22b6292161a5216c63aa0bc59b5a4742fd1e36|3e4f0a2fd9498da7c1440a355a22b6292161a5216c63aa0bc59b5a4742fd1e36,heldout_dense_AV_support_and_family
transductive_capacity,transductive_fit,s00_p00_seed20260740,64,3,oracle_trajectory_width_semantic64,3,0.25,7053.650390625,0.7866615056991577,0.01583924889564514,0.01056056087496547,0.00149851234977759,0.0008374781371473727,1,,3e4f0a2fd9498da7c1440a355a22b6292161a5216c63aa0bc59b5a4742fd1e36|3e4f0a2fd9498da7c1440a355a22b6292161a5216c63aa0bc59b5a4742fd1e36|3e4f0a2fd9498da7c1440a355a22b6292161a5216c63aa0bc59b5a4742fd1e36,heldout_dense_AV_support_and_family
transductive_capacity,transductive_fit,s00_p00_seed20260740,64,4,oracle_trajectory_width_semantic64,3,0.25,6554.8994140625,25.701732635498047,2.3679068088531494,0.06261785474937769,0.019006374717454953,0.01457404239854095,33,,3e4f0a2fd9498da7c1440a355a22b6292161a5216c63aa0bc59b5a4742fd1e36|3e4f0a2fd9498da7c1440a355a22b6292161a5216c63aa0bc59b5a4742fd1e36|3e4f0a2fd9498da7c1440a355a22b6292161a5216c63aa0bc59b5a4742fd1e36,heldout_dense_AV_support_and_family
transductive_capacity,transductive_fit,s00_p00_seed20260740,64,5,oracle_trajectory_width_semantic64,3,0.25,4703.19140625,5.8202924728393555,0.19291150569915771,0.03517839957539742,0.006404463259378673,0.004506864239185483,11,,3e4f0a2fd9498da7c1440a355a22b6292161a5216c63aa0bc59b5a4742fd1e36|3e4f0a2fd9498da7c1440a355a22b6292161a5216c63aa0bc59b5a4742fd1e36|3e4f0a2fd9498da7c1440a355a22b6292161a5216c63aa0bc59b5a4742fd1e36,heldout_dense_AV_support_and_family
transductive_capacity,transductive_fit,s00_p00_seed20260740,64,6,oracle_trajectory_width_semantic64,3,0.25,1398.022216796875,32.38639831542969,0.7137205600738525,0.15220337752095434,0.022594725382408587,0.019433149649156524,35,,3e4f0a2fd9498da7c1440a355a22b6292161a5216c63aa0bc59b5a4742fd1e36|3e4f0a2fd9498da7c1440a355a22b6292161a5216c63aa0bc59b5a4742fd1e36|3e4f0a2fd9498da7c1440a355a22b6292161a5216c63aa0bc59b5a4742fd1e36,heldout_dense_AV_support_and_family
transductive_capacity,transductive_fit,s00_p00_seed20260740,64,7,oracle_trajectory_width_semantic64,3,0.25,3290.25146484375,26.759090423583984,1.9937412738800049,0.0901822627613215,0.02461613438904544,0.019584605549084966,42,,3e4f0a2fd9498da7c1440a355a22b6292161a5216c63aa0bc59b5a4742fd1e36|3e4f0a2fd9498da7c1440a355a22b6292161a5216c63aa0bc59b5a4742fd1e36|3e4f0a2fd9498da7c1440a355a22b6292161a5216c63aa0bc59b5a4742fd1e36,heldout_dense_AV_support_and_family
transductive_capacity,transductive_fit,s00_p00_seed20260740,64,8,oracle_trajectory_width_semantic64,3,0.25,7872.93603515625,2.300340175628662,0.01851726695895195,0.017093369109318215,0.0015336281884655396,0.0007063158395016414,1,,3e4f0a2fd9498da7c1440a355a22b6292161a5216c63aa0bc59b5a4742fd1e36|3e4f0a2fd9498da7c1440a355a22b6292161a5216c63aa0bc59b5a4742fd1e36|3e4f0a2fd9498da7c1440a355a22b6292161a5216c63aa0bc59b5a4742fd1e36,heldout_dense_AV_support_and_family
transductive_capacity,transductive_fit,s00_p00_seed20260740,64,9,oracle_trajectory_width_semantic64,3,0.25,4252.83349609375,64.08831787109375,3.317417621612549,0.122758125011531,0.02792935355042148,0.02238624331111191,43,,3e4f0a2fd9498da7c1440a355a22b6292161a5216c63aa0bc59b5a4742fd1e36|3e4f0a2fd9498da7c1440a355a22b6292161a5216c63aa0bc59b5a4742fd1e36|3e4f0a2fd9498da7c1440a355a22b6292161a5216c63aa0bc59b5a4742fd1e36,heldout_dense_AV_support_and_family
transductive_capacity,transductive_fit,s00_p00_seed20260740,64,10,oracle_trajectory_width_semantic64,3,0.25,6909.01171875,9.913740158081055,0.2409542053937912,0.03788007247103368,0.005905535582279834,0.003563516148376091,10,,3e4f0a2fd9498da7c1440a355a22b6292161a5216c63aa0bc59b5a4742fd1e36|3e4f0a2fd9498da7c1440a355a22b6292161a5216c63aa0bc59b5a4742fd1e36|3e4f0a2fd9498da7c1440a355a22b6292161a5216c63aa0bc59b5a4742fd1e36,heldout_dense_AV_support_and_family
transductive_capacity,transductive_fit,s00_p00_seed20260740,64,11,oracle_trajectory_width_semantic64,3,0.25,9705.06640625,110.11973571777344,6.666660308837891,0.10652053144765883,0.026209268966732226,0.02930653686189004,40,,3e4f0a2fd9498da7c1440a355a22b6292161a5216c63aa0bc59b5a4742fd1e36|3e4f0a2fd9498da7c1440a355a22b6292161a5216c63aa0bc59b5a4742fd1e36|3e4f0a2fd9498da7c1440a355a22b6292161a5216c63aa0bc59b5a4742fd1e36,heldout_dense_AV_support_and_family
transductive_capacity,transductive_fit,s00_p00_seed20260740,64,0,oracle_trajectory_width_value64,3,0.25,8542.2578125,10.578577995300293,0.6772994995117188,0.035190651637179535,0.008904387268379828,0.00695699674802286,14,,3920752cdd95b6464e60690bb0696038756229f377fbde12acc046e686c113e3|1600549a1b0ee05bef659bb29fb99d3e7aa8c3ea6d2c479f72829fc41b4c4966|28ac103a4af04d4788ba2bb3b73fe0b472113308e6615281f7b3337d7885962b,heldout_dense_AV_support_and_family
transductive_capacity,transductive_fit,s00_p00_seed20260740,64,1,oracle_trajectory_width_value64,3,0.25,7833.42578125,40.396644592285156,5.895121097564697,0.07181195998501386,0.027432822843204124,0.02666996459673181,44,,fdd79ff43274976ab1428087eeb882984badd0e64376be1ea24fa934a87e1241|da8c3e149b142534925195acd88fbf1e6864b288c735d422d50ad2cfb09d8cc6|a3e6c9e21059c043f16c0d52dd1ff794b5efd78de9e7bc35d9e3eb8b5551bdbf,heldout_dense_AV_support_and_family
transductive_capacity,transductive_fit,s00_p00_seed20260740,64,2,oracle_trajectory_width_value64,3,0.25,4401.4609375,69.42962646484375,6.109907150268555,0.12559547374488828,0.037257943459085105,0.03371741297228088,56,,28282d683b31c46c7955b9026fcbfe47fe295b7ee986f1ca5e822f585e9e3d24|beb466b58340e7175f5f77892726cdc824a183810a2c3fa731ddf889c6b84745|06cd788fdeab28143ffa4ce590a71c5fc2bd1811ad8aec9e997341927b14f7d1,heldout_dense_AV_support_and_family
transductive_capacity,transductive_fit,s00_p00_seed20260740,64,3,oracle_trajectory_width_value64,3,0.25,7053.650390625,1.030888319015503,0.0257401205599308,0.012089235677436718,0.0019102856934505748,0.001281223483958127,2,,02d3d06ed7814df8b4b0c517c20a4b397e2a62f35bbb434dbfb437adf2692f08|44bc7d4f5c270a73b98e9a92956f5bffd236f2d8054b1883f361e867d9c6b1a3|0bb7ec37421f37df3a02d39e55ab906ebcb1941eeb293b4ddf2dc61e9fe1eadd,heldout_dense_AV_support_and_family
transductive_capacity,transductive_fit,s00_p00_seed20260740,64,4,oracle_trajectory_width_value64,3,0.25,6554.8994140625,25.928327560424805,2.398934841156006,0.06289327882145977,0.01913049511520966,0.01469661574016153,33,,1cec2baf08b7fdb4323c19cbcd359cf34dc7a758f47dcfa0c4394996d185cea2|2d20411bb5a0a70ad86704f632e299d15f35351dd0e7dd83df8a9430e48ea672|822487df27ce75c0508759be532fbb9bf8fad397f13f2e88d203cb56980049e0,heldout_dense_AV_support_and_family
transductive_capacity,transductive_fit,s00_p00_seed20260740,64,5,oracle_trajectory_width_value64,3,0.25,4703.19140625,5.651470184326172,0.178752601146698,0.03466445635700813,0.006164954253448152,0.0043260845057219496,11,,8fcba05ede6fa8d8222a5ab26358b824d0a65821cb2b49422737566f21e136d6|ce135cf07bff3bd1b67f3f5ba8c47303c70f30373d45667a15882ed129e84458|27173b2a59f38d1b96223192ad6fab4f8c71b459827bbfc688abda734cc2797e,heldout_dense_AV_support_and_family
transductive_capacity,transductive_fit,s00_p00_seed20260740,64,6,oracle_trajectory_width_value64,3,0.25,1398.022216796875,35.84680938720703,0.7385624051094055,0.16012834561805345,0.02298457945734815,0.019974749382254256,36,,e8cafd3398d614c6ada20231a98057d217f8127846a06bab29dd8afc85f4ee70|5141bbf2e9d62f96048e58fe25012fba8ebf8315f8c7acdcacc133ce0ec1a894|4a4a30ffe3a8a05d95ac7a108f415de3fa3258adb83a455badeed0b0821a8f56,heldout_dense_AV_support_and_family
transductive_capacity,transductive_fit,s00_p00_seed20260740,64,7,oracle_trajectory_width_value64,3,0.25,3290.25146484375,28.32097625732422,2.002490758895874,0.09277683746156869,0.02467008891239596,0.019746855357893216,43,,e434bbdd16ee1d3f4eaac7986a352477ce579c6ca2acd0a0d8d914e9383b4081|3e4f0a2fd9498da7c1440a355a22b6292161a5216c63aa0bc59b5a4742fd1e36|4e841f898495afb2dd4b1e9ecf4a0ccbad1beb65ac59cdf75dcbc6c136a1d117,heldout_dense_AV_support_and_family
transductive_capacity,transductive_fit,s00_p00_seed20260740,64,8,oracle_trajectory_width_value64,3,0.25,7872.93603515625,2.2166271209716797,0.020684558898210526,0.01677945921444482,0.0016208945815916205,0.0007461472584449468,2,,cffd5d312a972414e33db46fcb5ff8438d9ed1c11f0353c376890ec179e6bb48|c22bd3d0f60b5729807dfabbba3eb99e325a76ef8880669af0ca03198b7fb9f8|d85fa8bb001ff7cbd8b813927be9dbde0d230d129875a28b1c1aa15669210d52,heldout_dense_AV_support_and_family
transductive_capacity,transductive_fit,s00_p00_seed20260740,64,9,oracle_trajectory_width_value64,3,0.25,4252.83349609375,59.150535583496094,3.203810930252075,0.11793430464604833,0.02744696000196129,0.02254196312900647,43,,236ddfe82da9217048bf7e7c69c2c1ba5ac7fdd3b59f3018244c47fb54b78af1|ebbd5d441a474f3113525a218db73c07e9671d423c7e9e05e5dea88b458d2e6f|1c45fe8ce515773b4ca94cd8b5a25e5d921b0b1a8d0612d471245849575e323c,heldout_dense_AV_support_and_family
transductive_capacity,transductive_fit,s00_p00_seed20260740,64,10,oracle_trajectory_width_value64,3,0.25,6909.01171875,8.890761375427246,0.2651497721672058,0.035872489107810566,0.006194947988541305,0.0035731754532731985,10,,c5b6199e37bd86eddd2d42014cc7959b320a8844e27b8dea82c117dd66a7a47a|506d000287746c97ddcd602bceebe0e2f701594302daea58bc9206c42ebecc7a|d74bb628cd5c14a31c07406b6a5fb481c0de7d19ff64d531f1c83c934932ab68,heldout_dense_AV_support_and_family
transductive_capacity,transductive_fit,s00_p00_seed20260740,64,11,oracle_trajectory_width_value64,3,0.25,9705.06640625,71.04621887207031,6.976057052612305,0.08556008927161593,0.02681055202891072,0.030840741806369074,42,,3b9082cc46e8e78f21579d0a8aeebce33eaa5f57190b8cefca797825d87049fd|8d2eafb7181d802fb7b927a4bdb6de2991efe30b44851d8f5c4a04c32a4dcbd9|20519704f309fcc78bd26207f2300bb905de6d8130bcee0efdcb2f4018613cbb,heldout_dense_AV_support_and_family
transductive_capacity,transductive_fit,s00_p00_seed20260740,64,0,proxy_fixed64_qk,3,0.25,8542.2578125,110.21080780029297,0.9152872562408447,0.11358624836062194,0.010351239818560736,0.006013703461832875,17,,649359c5e5236cd84eed1468d781921b7e4c8c0cef336c1267bfdc9b05b358ba|7eeb242f3375eaf39a10baa1fe031f342d93fd574e83286470e49b624d7c818f|ffe40d32ca12a9eaaf6f9d1c26f1871cd3b49ce4cee7ff2a344491c6e09dff58,current_QKV_only_proxy
transductive_capacity,transductive_fit,s00_p00_seed20260740,64,1,proxy_fixed64_qk,3,0.25,7833.42578125,89.66756439208984,15.519673347473145,0.10698966314777637,0.044510802210674875,0.03145750311676665,69,,858d20696fd5d1dfaba43eefb16f2b57336b849fa8acf2da82435d7c2b726887|3b911b6da1007d56c9cc804dea4abecddcfe6e058a200295db6ea94e8b1beb4a|ba20fcd4d45ad2aa339b6fc6301e7d65d1d9dc3069d5db83df50dfced10c5521,current_QKV_only_proxy
transductive_capacity,transductive_fit,s00_p00_seed20260740,64,2,proxy_fixed64_qk,3,0.25,4401.4609375,86.5767822265625,10.472658157348633,0.140249814106834,0.04877867935365678,0.03607552982675318,74,,93ba2270b2a6815b3d2384aa2851064b33a8b1abc002cc683d53939fc5edec48|60febd037396394e5612c26f0b37ebb4da8d9c79c58471f10772d4b964784457|04520806687734df1518c0d2d7e2b33d07b677dcfb80854f1c3ecc984b4eebb4,current_QKV_only_proxy
transductive_capacity,transductive_fit,s00_p00_seed20260740,64,3,proxy_fixed64_qk,3,0.25,7053.650390625,4.529228210449219,0.1769387125968933,0.02533991400230727,0.0050084629603650704,0.004622877755605683,8,,390d8965d9a5ea747d628425d3b7c470ea5a85af8fdb0b7d0270d97477619179|2b79181391f5dfa25c5e15529728230a99b2e243b86678b387a8356848eb92a6|ee679394dda22df89fae2002a2682f43e30d3e6c4142052137cee7585337d071,current_QKV_only_proxy
transductive_capacity,transductive_fit,s00_p00_seed20260740,64,4,proxy_fixed64_qk,3,0.25,6554.8994140625,127.4109878540039,0.5688209533691406,0.13941850633158226,0.009315470118365381,0.005460423637493795,15,,470149467ab7be657d8a61d2cc44a2f8340e6d1d9126afdea10011a5f998d7ef|a56d7eed00bb790ecc848bf862cbe706ecf508fc7e6e198227ea8061dca7b9a0|b7d0ddfc37871de5cb381c87506901afeeeadb8d4a2406bb306ff75874120bf7,current_QKV_only_proxy
transductive_capacity,transductive_fit,s00_p00_seed20260740,64,5,proxy_fixed64_qk,3,0.25,4703.19140625,11.913680076599121,0.6684277653694153,0.05032996634516429,0.011921500296398095,0.00652234042794604,19,,de595bcf5e91b35b304d99f16d338163a03db235ac2843b9512458ce9a8c15b5|5618588be5012135bf993c4ad1f0b8a0ef7661740ff46f17e97772941a161b8c|bd23e52d1fa77daa7984e2ce1c7a02afd394b2660dc2a8e623adca335d503312,current_QKV_only_proxy
transductive_capacity,transductive_fit,s00_p00_seed20260740,64,6,proxy_fixed64_qk,3,0.25,1398.022216796875,54.918182373046875,3.462667465209961,0.1981988092290336,0.04976779009831828,0.03316084377747124,59,,200bb72782b1c8b284abd469cbaf06a784df71dcee6d3bc34c4203a81c298659|a8ec78883a84648649c1ec1bd94c2411fc201889779875916799b3ff4bc9a04d|e0bb3e4efa10e10c4d2d6fdddff04dd10ce5803cb9dc5198737f51ef924dc55b,current_QKV_only_proxy
transductive_capacity,transductive_fit,s00_p00_seed20260740,64,7,proxy_fixed64_qk,3,0.25,3290.25146484375,67.004150390625,6.62678337097168,0.14270405264322428,0.04487834587334488,0.03204809998017419,60,,ed6973230e529a695ef2d5736de100c181ddcf637bf4bb0e5b741c26b15e53c0|f141249d6268c887723368276f4b772133d7f627580f09a5c59cb7afe6f99304|a766345c9f40980a1da840bf7e0df19b4f0235a84bc3cf6bcfaf621e65fb0bf3,current_QKV_only_proxy
transductive_capacity,transductive_fit,s00_p00_seed20260740,64,8,proxy_fixed64_qk,3,0.25,7872.93603515625,4.86717414855957,0.16176024079322815,0.02486394757103605,0.004532810162730271,0.0018147988656698258,7,,8409cb3b2772dac0f844ef1087a7c0810b0b327fe7a78248dff4bbf52a2bf129|70c646086dd744a7961454af0e61c26ef121563ee4de58717b0c55f9aab89cf3|10cbe15a6a0d44a71c2d44f47cf87f99d9e2cde4d44e90261bea7e97a82f32a9,current_QKV_only_proxy
transductive_capacity,transductive_fit,s00_p00_seed20260740,64,9,proxy_fixed64_qk,3,0.25,4252.83349609375,80.32373046875,7.317607879638672,0.13743037931021052,0.04148063316954787,0.028978213952281433,58,,eaf354576fe6aa189d5036f12a598b940bbc9e5c4f6028212e5ceb7d224ce9e3|77323ffc117ae53d90d421473c453063c71f17a072f1df34899bb1bbbdb3b46b|ea1055d9fa4c56cffb2cf78249eca9cb470fa02403a6ce48812390fcd90b828c,current_QKV_only_proxy
transductive_capacity,transductive_fit,s00_p00_seed20260740,64,10,proxy_fixed64_qk,3,0.25,6909.01171875,10.614913940429688,0.42657679319381714,0.03919676941602105,0.007857613227642496,0.0038004692642536505,13,,622a29e6cea1308e3780557151d27da01ee3cbfac8ae1a938dcca574edad8242|89b0e32ca9f6e3f058f49b60205783267576aa94c55343dea10ff66692f51e27|4b0c5221c786ef61eeb0765289f9c3bf6879aa8d5448c42f4669e9f50c863c0a,current_QKV_only_proxy
transductive_capacity,transductive_fit,s00_p00_seed20260740,64,11,proxy_fixed64_qk,3,0.25,9705.06640625,39.16633605957031,7.500067710876465,0.06352683479817985,0.027799266466807776,0.023283286792064938,49,,2a0f593fe1ffeadb8840735800590b2c1dc7531d445c0bc78c076b827c9df30f|dcff314e1ccd27c4cb9a9edf530268ae7248906bf5650283b0e209a153256334|71bf984fbcbf5afc85a53b8079b6c016578a652259d4fce76b4bdce51ef0bae4,current_QKV_only_proxy
transductive_capacity,transductive_fit,s00_p00_seed20260740,64,0,proxy_svg2_style_semantic64,3,0.25,8542.2578125,10.687740325927734,0.6787518262863159,0.035371755093766714,0.008913928951888915,0.00696002992101786,14,,3e4f0a2fd9498da7c1440a355a22b6292161a5216c63aa0bc59b5a4742fd1e36|3e4f0a2fd9498da7c1440a355a22b6292161a5216c63aa0bc59b5a4742fd1e36|3e4f0a2fd9498da7c1440a355a22b6292161a5216c63aa0bc59b5a4742fd1e36,current_QKV_only_proxy
transductive_capacity,transductive_fit,s00_p00_seed20260740,64,1,proxy_svg2_style_semantic64,3,0.25,7833.42578125,66.48898315429688,6.831879615783691,0.09212955619018741,0.029532093587125652,0.029084779989553902,44,,3e4f0a2fd9498da7c1440a355a22b6292161a5216c63aa0bc59b5a4742fd1e36|3e4f0a2fd9498da7c1440a355a22b6292161a5216c63aa0bc59b5a4742fd1e36|3e4f0a2fd9498da7c1440a355a22b6292161a5216c63aa0bc59b5a4742fd1e36,current_QKV_only_proxy
transductive_capacity,transductive_fit,s00_p00_seed20260740,64,2,proxy_svg2_style_semantic64,3,0.25,4401.4609375,68.48007202148438,5.998451232910156,0.12473366357293376,0.036916552769010784,0.032551512872871995,56,,3e4f0a2fd9498da7c1440a355a22b6292161a5216c63aa0bc59b5a4742fd1e36|3e4f0a2fd9498da7c1440a355a22b6292161a5216c63aa0bc59b5a4742fd1e36|3e4f0a2fd9498da7c1440a355a22b6292161a5216c63aa0bc59b5a4742fd1e36,current_QKV_only_proxy
transductive_capacity,transductive_fit,s00_p00_seed20260740,64,3,proxy_svg2_style_semantic64,3,0.25,7053.650390625,0.7866615056991577,0.01583924889564514,0.01056056087496547,0.00149851234977759,0.0008374781371473727,1,,3e4f0a2fd9498da7c1440a355a22b6292161a5216c63aa0bc59b5a4742fd1e36|3e4f0a2fd9498da7c1440a355a22b6292161a5216c63aa0bc59b5a4742fd1e36|3e4f0a2fd9498da7c1440a355a22b6292161a5216c63aa0bc59b5a4742fd1e36,current_QKV_only_proxy
transductive_capacity,transductive_fit,s00_p00_seed20260740,64,4,proxy_svg2_style_semantic64,3,0.25,6554.8994140625,25.701732635498047,2.3679068088531494,0.06261785474937769,0.019006374717454953,0.01457404239854095,33,,3e4f0a2fd9498da7c1440a355a22b6292161a5216c63aa0bc59b5a4742fd1e36|3e4f0a2fd9498da7c1440a355a22b6292161a5216c63aa0bc59b5a4742fd1e36|3e4f0a2fd9498da7c1440a355a22b6292161a5216c63aa0bc59b5a4742fd1e36,current_QKV_only_proxy
transductive_capacity,transductive_fit,s00_p00_seed20260740,64,5,proxy_svg2_style_semantic64,3,0.25,4703.19140625,5.8202924728393555,0.19291150569915771,0.03517839957539742,0.006404463259378673,0.004506864239185483,11,,3e4f0a2fd9498da7c1440a355a22b6292161a5216c63aa0bc59b5a4742fd1e36|3e4f0a2fd9498da7c1440a355a22b6292161a5216c63aa0bc59b5a4742fd1e36|3e4f0a2fd9498da7c1440a355a22b6292161a5216c63aa0bc59b5a4742fd1e36,current_QKV_only_proxy
transductive_capacity,transductive_fit,s00_p00_seed20260740,64,6,proxy_svg2_style_semantic64,3,0.25,1398.022216796875,32.38639831542969,0.7137205600738525,0.15220337752095434,0.022594725382408587,0.019433149649156524,35,,3e4f0a2fd9498da7c1440a355a22b6292161a5216c63aa0bc59b5a4742fd1e36|3e4f0a2fd9498da7c1440a355a22b6292161a5216c63aa0bc59b5a4742fd1e36|3e4f0a2fd9498da7c1440a355a22b6292161a5216c63aa0bc59b5a4742fd1e36,current_QKV_only_proxy
transductive_capacity,transductive_fit,s00_p00_seed20260740,64,7,proxy_svg2_style_semantic64,3,0.25,3290.25146484375,26.759090423583984,1.9937412738800049,0.0901822627613215,0.02461613438904544,0.019584605549084966,42,,3e4f0a2fd9498da7c1440a355a22b6292161a5216c63aa0bc59b5a4742fd1e36|3e4f0a2fd9498da7c1440a355a22b6292161a5216c63aa0bc59b5a4742fd1e36|3e4f0a2fd9498da7c1440a355a22b6292161a5216c63aa0bc59b5a4742fd1e36,current_QKV_only_proxy
transductive_capacity,transductive_fit,s00_p00_seed20260740,64,8,proxy_svg2_style_semantic64,3,0.25,7872.93603515625,2.300340175628662,0.01851726695895195,0.017093369109318215,0.0015336281884655396,0.0007063158395016414,1,,3e4f0a2fd9498da7c1440a355a22b6292161a5216c63aa0bc59b5a4742fd1e36|3e4f0a2fd9498da7c1440a355a22b6292161a5216c63aa0bc59b5a4742fd1e36|3e4f0a2fd9498da7c1440a355a22b6292161a5216c63aa0bc59b5a4742fd1e36,current_QKV_only_proxy
transductive_capacity,transductive_fit,s00_p00_seed20260740,64,9,proxy_svg2_style_semantic64,3,0.25,4252.83349609375,64.08831787109375,3.317417621612549,0.122758125011531,0.02792935355042148,0.02238624331111191,43,,3e4f0a2fd9498da7c1440a355a22b6292161a5216c63aa0bc59b5a4742fd1e36|3e4f0a2fd9498da7c1440a355a22b6292161a5216c63aa0bc59b5a4742fd1e36|3e4f0a2fd9498da7c1440a355a22b6292161a5216c63aa0bc59b5a4742fd1e36,current_QKV_only_proxy
transductive_capacity,transductive_fit,s00_p00_seed20260740,64,10,proxy_svg2_style_semantic64,3,0.25,6909.01171875,9.913740158081055,0.2409542053937912,0.03788007247103368,0.005905535582279834,0.003563516148376091,10,,3e4f0a2fd9498da7c1440a355a22b6292161a5216c63aa0bc59b5a4742fd1e36|3e4f0a2fd9498da7c1440a355a22b6292161a5216c63aa0bc59b5a4742fd1e36|3e4f0a2fd9498da7c1440a355a22b6292161a5216c63aa0bc59b5a4742fd1e36,current_QKV_only_proxy
transductive_capacity,transductive_fit,s00_p00_seed20260740,64,11,proxy_svg2_style_semantic64,3,0.25,9705.06640625,110.11973571777344,6.666660308837891,0.10652053144765883,0.026209268966732226,0.02930653686189004,40,,3e4f0a2fd9498da7c1440a355a22b6292161a5216c63aa0bc59b5a4742fd1e36|3e4f0a2fd9498da7c1440a355a22b6292161a5216c63aa0bc59b5a4742fd1e36|3e4f0a2fd9498da7c1440a355a22b6292161a5216c63aa0bc59b5a4742fd1e36,current_QKV_only_proxy
transductive_capacity,transductive_fit,s00_p00_seed20260740,64,0,proxy_value_aware_semantic64,3,0.25,8542.2578125,10.578577995300293,0.6772994995117188,0.035190651637179535,0.008904387268379828,0.00695699674802286,14,,3920752cdd95b6464e60690bb0696038756229f377fbde12acc046e686c113e3|1600549a1b0ee05bef659bb29fb99d3e7aa8c3ea6d2c479f72829fc41b4c4966|28ac103a4af04d4788ba2bb3b73fe0b472113308e6615281f7b3337d7885962b,current_QKV_only_proxy
transductive_capacity,transductive_fit,s00_p00_seed20260740,64,1,proxy_value_aware_semantic64,3,0.25,7833.42578125,40.396644592285156,5.895121097564697,0.07181195998501386,0.027432822843204124,0.02666996459673181,44,,fdd79ff43274976ab1428087eeb882984badd0e64376be1ea24fa934a87e1241|da8c3e149b142534925195acd88fbf1e6864b288c735d422d50ad2cfb09d8cc6|a3e6c9e21059c043f16c0d52dd1ff794b5efd78de9e7bc35d9e3eb8b5551bdbf,current_QKV_only_proxy
transductive_capacity,transductive_fit,s00_p00_seed20260740,64,2,proxy_value_aware_semantic64,3,0.25,4401.4609375,69.42962646484375,6.109907150268555,0.12559547374488828,0.037257943459085105,0.03371741297228088,56,,28282d683b31c46c7955b9026fcbfe47fe295b7ee986f1ca5e822f585e9e3d24|beb466b58340e7175f5f77892726cdc824a183810a2c3fa731ddf889c6b84745|06cd788fdeab28143ffa4ce590a71c5fc2bd1811ad8aec9e997341927b14f7d1,current_QKV_only_proxy
transductive_capacity,transductive_fit,s00_p00_seed20260740,64,3,proxy_value_aware_semantic64,3,0.25,7053.650390625,1.030888319015503,0.0257401205599308,0.012089235677436718,0.0019102856934505748,0.001281223483958127,2,,02d3d06ed7814df8b4b0c517c20a4b397e2a62f35bbb434dbfb437adf2692f08|44bc7d4f5c270a73b98e9a92956f5bffd236f2d8054b1883f361e867d9c6b1a3|0bb7ec37421f37df3a02d39e55ab906ebcb1941eeb293b4ddf2dc61e9fe1eadd,current_QKV_only_proxy
transductive_capacity,transductive_fit,s00_p00_seed20260740,64,4,proxy_value_aware_semantic64,3,0.25,6554.8994140625,25.928327560424805,2.398934841156006,0.06289327882145977,0.01913049511520966,0.01469661574016153,33,,1cec2baf08b7fdb4323c19cbcd359cf34dc7a758f47dcfa0c4394996d185cea2|2d20411bb5a0a70ad86704f632e299d15f35351dd0e7dd83df8a9430e48ea672|822487df27ce75c0508759be532fbb9bf8fad397f13f2e88d203cb56980049e0,current_QKV_only_proxy
transductive_capacity,transductive_fit,s00_p00_seed20260740,64,5,proxy_value_aware_semantic64,3,0.25,4703.19140625,5.651470184326172,0.178752601146698,0.03466445635700813,0.006164954253448152,0.0043260845057219496,11,,8fcba05ede6fa8d8222a5ab26358b824d0a65821cb2b49422737566f21e136d6|ce135cf07bff3bd1b67f3f5ba8c47303c70f30373d45667a15882ed129e84458|27173b2a59f38d1b96223192ad6fab4f8c71b459827bbfc688abda734cc2797e,current_QKV_only_proxy
transductive_capacity,transductive_fit,s00_p00_seed20260740,64,6,proxy_value_aware_semantic64,3,0.25,1398.022216796875,35.84680938720703,0.7385624051094055,0.16012834561805345,0.02298457945734815,0.019974749382254256,36,,e8cafd3398d614c6ada20231a98057d217f8127846a06bab29dd8afc85f4ee70|5141bbf2e9d62f96048e58fe25012fba8ebf8315f8c7acdcacc133ce0ec1a894|4a4a30ffe3a8a05d95ac7a108f415de3fa3258adb83a455badeed0b0821a8f56,current_QKV_only_proxy
transductive_capacity,transductive_fit,s00_p00_seed20260740,64,7,proxy_value_aware_semantic64,3,0.25,3290.25146484375,28.32097625732422,2.002490758895874,0.09277683746156869,0.02467008891239596,0.019746855357893216,43,,e434bbdd16ee1d3f4eaac7986a352477ce579c6ca2acd0a0d8d914e9383b4081|3e4f0a2fd9498da7c1440a355a22b6292161a5216c63aa0bc59b5a4742fd1e36|4e841f898495afb2dd4b1e9ecf4a0ccbad1beb65ac59cdf75dcbc6c136a1d117,current_QKV_only_proxy
transductive_capacity,transductive_fit,s00_p00_seed20260740,64,8,proxy_value_aware_semantic64,3,0.25,7872.93603515625,2.2166271209716797,0.020684558898210526,0.01677945921444482,0.0016208945815916205,0.0007461472584449468,2,,cffd5d312a972414e33db46fcb5ff8438d9ed1c11f0353c376890ec179e6bb48|c22bd3d0f60b5729807dfabbba3eb99e325a76ef8880669af0ca03198b7fb9f8|d85fa8bb001ff7cbd8b813927be9dbde0d230d129875a28b1c1aa15669210d52,current_QKV_only_proxy
transductive_capacity,transductive_fit,s00_p00_seed20260740,64,9,proxy_value_aware_semantic64,3,0.25,4252.83349609375,59.150535583496094,3.203810930252075,0.11793430464604833,0.02744696000196129,0.02254196312900647,43,,236ddfe82da9217048bf7e7c69c2c1ba5ac7fdd3b59f3018244c47fb54b78af1|ebbd5d441a474f3113525a218db73c07e9671d423c7e9e05e5dea88b458d2e6f|1c45fe8ce515773b4ca94cd8b5a25e5d921b0b1a8d0612d471245849575e323c,current_QKV_only_proxy
transductive_capacity,transductive_fit,s00_p00_seed20260740,64,10,proxy_value_aware_semantic64,3,0.25,6909.01171875,8.890761375427246,0.2651497721672058,0.035872489107810566,0.006194947988541305,0.0035731754532731985,10,,c5b6199e37bd86eddd2d42014cc7959b320a8844e27b8dea82c117dd66a7a47a|506d000287746c97ddcd602bceebe0e2f701594302daea58bc9206c42ebecc7a|d74bb628cd5c14a31c07406b6a5fb481c0de7d19ff64d531f1c83c934932ab68,current_QKV_only_proxy
transductive_capacity,transductive_fit,s00_p00_seed20260740,64,11,proxy_value_aware_semantic64,3,0.25,9705.06640625,71.04621887207031,6.976057052612305,0.08556008927161593,0.02681055202891072,0.030840741806369074,42,,3b9082cc46e8e78f21579d0a8aeebce33eaa5f57190b8cefca797825d87049fd|8d2eafb7181d802fb7b927a4bdb6de2991efe30b44851d8f5c4a04c32a4dcbd9|20519704f309fcc78bd26207f2300bb905de6d8130bcee0efdcb2f4018613cbb,current_QKV_only_proxy
calibration_frozen,calibration,s01_p01_seed20260740,64,0,oracle_trajectory_width_family,3,0.25,8908.806640625,33.3306770324707,0.27784329652786255,0.061166312780896404,0.005584575864641956,0.005353074522866071,8,oracle_trajectory_width_semantic64|oracle_trajectory_width_fixed64|oracle_trajectory_width_value64,3e4f0a2fd9498da7c1440a355a22b6292161a5216c63aa0bc59b5a4742fd1e36|8f0fafa44e2b652e9bf728cbfe2b4261fe8ea664fec0ccfba2eea83010415b6e|816df43b2c07dfb2260c9249cfe4bc5316d9d94d35ec96d9c6e49b44e85ec68d,heldout_dense_AV_support_and_family
calibration_frozen,calibration,s01_p01_seed20260740,64,1,oracle_trajectory_width_family,3,0.25,12100.814453125,44.245643615722656,1.2551634311676025,0.060468327638927406,0.010184573294383714,0.010761270579305926,17,oracle_trajectory_width_semantic64|oracle_trajectory_width_semantic64|oracle_trajectory_width_semantic64,3e4f0a2fd9498da7c1440a355a22b6292161a5216c63aa0bc59b5a4742fd1e36|3e4f0a2fd9498da7c1440a355a22b6292161a5216c63aa0bc59b5a4742fd1e36|3e4f0a2fd9498da7c1440a355a22b6292161a5216c63aa0bc59b5a4742fd1e36,heldout_dense_AV_support_and_family
calibration_frozen,calibration,s01_p01_seed20260740,64,2,oracle_trajectory_width_family,3,0.25,4643.111328125,36.05016326904297,4.655552387237549,0.08811484254979132,0.03166511433798415,0.03324604123540903,50,oracle_trajectory_width_value64|oracle_trajectory_width_semantic64|oracle_trajectory_width_semantic64,945f21b5904a0004a2b7dc059611058b4753513e08155979f8cd3dedb7b6c8c3|3e4f0a2fd9498da7c1440a355a22b6292161a5216c63aa0bc59b5a4742fd1e36|3e4f0a2fd9498da7c1440a355a22b6292161a5216c63aa0bc59b5a4742fd1e36,heldout_dense_AV_support_and_family
calibration_frozen,calibration,s01_p01_seed20260740,64,3,oracle_trajectory_width_family,3,0.25,6890.8505859375,3.9921507835388184,0.3747323155403137,0.024069499047244064,0.007374356971369136,0.0045520665869585395,11,oracle_trajectory_width_semantic64|oracle_trajectory_width_semantic64|oracle_trajectory_width_value64,3e4f0a2fd9498da7c1440a355a22b6292161a5216c63aa0bc59b5a4742fd1e36|3e4f0a2fd9498da7c1440a355a22b6292161a5216c63aa0bc59b5a4742fd1e36|c2b117a06da866c97e1fd3706503401148cd2f1675df17ff14a55b1ce80fbca2,heldout_dense_AV_support_and_family
calibration_frozen,calibration,s01_p01_seed20260740,64,4,oracle_trajectory_width_family,3,0.25,7283.109375,38.85222244262695,0.2482260763645172,0.07303810844712949,0.005838016058372314,0.00502436863339044,6,oracle_trajectory_width_semantic64|oracle_trajectory_width_fixed64|oracle_trajectory_width_fixed64,3e4f0a2fd9498da7c1440a355a22b6292161a5216c63aa0bc59b5a4742fd1e36|a35aa6f307080aa77e2ddf4ca73dce21a0ef6a5d9934a1c4446c29235a7eba72|754daeebbf74703d2ab5f11522f8cc8f38e4380b1403134d4662f6dc5304f4eb,heldout_dense_AV_support_and_family
calibration_frozen,calibration,s01_p01_seed20260740,64,5,oracle_trajectory_width_family,3,0.25,3322.41357421875,7.113115310668945,0.522339940071106,0.04627038129016145,0.012538620880961675,0.01194600693555169,21,oracle_trajectory_width_value64|oracle_trajectory_width_value64|oracle_trajectory_width_value64,8d419582b9f4d24b97cfe44b53a0e1b775c8b6bbc92f702556be8d65f9f37471|4a0d796ac19f830a9c26d7838b976fba87feb6543139c8ebaa1bfe8893f22128|8914867fc0845606e313fd66ad8d971c39e43933952b082ad100b3688348ab02,heldout_dense_AV_support_and_family
calibration_frozen,calibration,s01_p01_seed20260740,64,6,oracle_trajectory_width_family,3,0.25,1874.5316162109375,38.12443542480469,1.3836486339569092,0.14261175541472892,0.027168554001380046,0.026092167291382955,41,oracle_trajectory_width_semantic64|oracle_trajectory_width_semantic64|oracle_trajectory_width_semantic64,3e4f0a2fd9498da7c1440a355a22b6292161a5216c63aa0bc59b5a4742fd1e36|3e4f0a2fd9498da7c1440a355a22b6292161a5216c63aa0bc59b5a4742fd1e36|3e4f0a2fd9498da7c1440a355a22b6292161a5216c63aa0bc59b5a4742fd1e36,heldout_dense_AV_support_and_family
calibration_frozen,calibration,s01_p01_seed20260740,64,7,oracle_trajectory_width_family,3,0.25,4290.2568359375,37.8078727722168,3.563605785369873,0.09387489741746792,0.028820610867986506,0.02398507158340325,45,oracle_trajectory_width_semantic64|oracle_trajectory_width_semantic64|oracle_trajectory_width_value64,3e4f0a2fd9498da7c1440a355a22b6292161a5216c63aa0bc59b5a4742fd1e36|3e4f0a2fd9498da7c1440a355a22b6292161a5216c63aa0bc59b5a4742fd1e36|cf5c3e5575150e4175c2f6539874ccdd709036cf4b16430c0db5d88a647b94e6,heldout_dense_AV_support_and_family
calibration_frozen,calibration,s01_p01_seed20260740,64,8,oracle_trajectory_width_family,3,0.25,6893.96435546875,4.474613189697266,0.35353440046310425,0.02547670348088282,0.007161126123290617,0.005399582531591164,11,oracle_trajectory_width_value64|oracle_trajectory_width_value64|oracle_trajectory_width_semantic64,f2ed657022f88345c2383b88ca8e26bb0a2d0016093b398b24174add033388a8|e239deb8848d7486b21f87262d76756b150f9a4f1b4b82e2037e3f44a26eeae7|3e4f0a2fd9498da7c1440a355a22b6292161a5216c63aa0bc59b5a4742fd1e36,heldout_dense_AV_support_and_family
calibration_frozen,calibration,s01_p01_seed20260740,64,9,oracle_trajectory_width_family,3,0.25,5101.15576171875,31.506118774414062,1.9722486734390259,0.07858925296631225,0.019662853521090297,0.020280874930557986,33,oracle_trajectory_width_semantic64|oracle_trajectory_width_semantic64|oracle_trajectory_width_value64,3e4f0a2fd9498da7c1440a355a22b6292161a5216c63aa0bc59b5a4742fd1e36|3e4f0a2fd9498da7c1440a355a22b6292161a5216c63aa0bc59b5a4742fd1e36|34b164bb00098f54d335a17b60a5a5c2a76bad0c77d46c3b3c6a2c25cf9bb85f,heldout_dense_AV_support_and_family
calibration_frozen,calibration,s01_p01_seed20260740,64,10,oracle_trajectory_width_family,3,0.25,5414.9072265625,13.70351791381836,0.8974636197090149,0.050306085638011484,0.012873982552562628,0.013883595403001936,21,oracle_trajectory_width_value64|oracle_trajectory_width_semantic64|oracle_trajectory_width_value64,ef0e6722675c1938fd469176a8b2a1d56ca831e01678dc1c0e1b8135f38b95f1|3e4f0a2fd9498da7c1440a355a22b6292161a5216c63aa0bc59b5a4742fd1e36|7e12da13f4060a52e76a5090ca391b671f520965d0d54d50e7149c0ac24fc386,heldout_dense_AV_support_and_family
calibration_frozen,calibration,s01_p01_seed20260740,64,11,oracle_trajectory_width_family,3,0.25,10977.767578125,39.36454772949219,2.3109121322631836,0.05988190628013399,0.01450890711849391,0.016029336641272093,23,oracle_trajectory_width_semantic64|oracle_trajectory_width_semantic64|oracle_trajectory_width_semantic64,3e4f0a2fd9498da7c1440a355a22b6292161a5216c63aa0bc59b5a4742fd1e36|3e4f0a2fd9498da7c1440a355a22b6292161a5216c63aa0bc59b5a4742fd1e36|3e4f0a2fd9498da7c1440a355a22b6292161a5216c63aa0bc59b5a4742fd1e36,heldout_dense_AV_support_and_family
calibration_frozen,calibration,s01_p01_seed20260740,64,0,oracle_trajectory_width_fixed64,3,0.25,8908.806640625,50.26322937011719,0.7194262742996216,0.07511305528324198,0.008986351063542666,0.005353074522866071,14,,c14c9560be6a56d87c595473c3006b4a5eaa1088401644693729eb80942289f6|8f0fafa44e2b652e9bf728cbfe2b4261fe8ea664fec0ccfba2eea83010415b6e|b2a21b508dd63c644bbbe0b455c81a45af3ffec83f546de46638c91230cd9712,heldout_dense_AV_support_and_family
calibration_frozen,calibration,s01_p01_seed20260740,64,1,oracle_trajectory_width_fixed64,3,0.25,12100.814453125,59.77340316772461,7.984839916229248,0.07028241734922613,0.025687734622485404,0.020710790918858517,46,,d232db8c9c68528ee19f8906f1374fc918c642cd11fc57b2faa2441f741e7765|3daf98f692ba56a05f081cc7ff8f6fdfe92573dfdfc79e88ae08d13f2b959910|3f7f57f09b824ef1d4170aef41c9c5494f801d5d7949c6b7bdf0ddffe8e8640d,heldout_dense_AV_support_and_family
calibration_frozen,calibration,s01_p01_seed20260740,64,2,oracle_trajectory_width_fixed64,3,0.25,4643.111328125,135.5233917236328,9.006564140319824,0.17084512175105054,0.04404281048708508,0.04441597205256435,67,,aae307cfec570affb7242fbbc91014f6ac06577a1f71c68062540fa22387200c|9c889bceeb10e81bb40f344294714681f2c7836c76bd85a8550fdac19ef8461f|9e5f566be72a0fe10cf71e53d21a9c9763aab308b65d19f0953d4f54c541b65b,heldout_dense_AV_support_and_family
calibration_frozen,calibration,s01_p01_seed20260740,64,3,oracle_trajectory_width_fixed64,3,0.25,6890.8505859375,18.036094665527344,2.2653491497039795,0.05116050661844878,0.018131392408793003,0.017090787706935267,31,,bac4ed74ebe7db46c75ebc923cd6e496f876a1236fef39eea3eb102e9fca040c|6f58de9c8d3c6c04a58e17366bbcf7b18e65362ca74ccfd8a28b1f727698a69e|a912bf8da182a02a636d3bbd745ef9e70cbe859d439a25bf76794b723281affd,heldout_dense_AV_support_and_family
calibration_frozen,calibration,s01_p01_seed20260740,64,4,oracle_trajectory_width_fixed64,3,0.25,7283.109375,42.19471740722656,0.38226318359375,0.07611506546919106,0.007244740268327466,0.005061340514036431,9,,d503f98b668deeb7b6170b6db32e4165ccb09c39997d1e7365eb5e21cd36779a|a35aa6f307080aa77e2ddf4ca73dce21a0ef6a5d9934a1c4446c29235a7eba72|754daeebbf74703d2ab5f11522f8cc8f38e4380b1403134d4662f6dc5304f4eb,heldout_dense_AV_support_and_family
calibration_frozen,calibration,s01_p01_seed20260740,64,5,oracle_trajectory_width_fixed64,3,0.25,3322.41357421875,12.421014785766602,1.1627593040466309,0.06114369681988484,0.018707599569950946,0.015661355455238234,30,,aa6d6f9bf1e5bb151d5ace07d1464494b3bab88f19ad0a279df105fd8e59c7c4|34351ffe985cd375ebc291dd6fbe03e490e3a70383bfcb42160d1dc35a8654b2|519e08ae2118c8e6707eb00f873623d1262fbc636e554a1b966d1b74dbc12244,heldout_dense_AV_support_and_family
calibration_frozen,calibration,s01_p01_seed20260740,64,6,oracle_trajectory_width_fixed64,3,0.25,1874.5316162109375,72.32452392578125,5.346670150756836,0.19642483949538816,0.053406646816047565,0.04432979675408432,65,,0b03cb667f8182710d34c3fa9971d62e4ac129a670469ec6c08469169c472b84|089c5d8fa98260d38d28a8a6fc9d3ad7cef42cd08243abe6bc0d017b2069b559|b7ad87bb9a86c5dc77b17d8e3b2a58625182f9c51d9826f7bff6db112066097f,heldout_dense_AV_support_and_family
calibration_frozen,calibration,s01_p01_seed20260740,64,7,oracle_trajectory_width_fixed64,3,0.25,4290.2568359375,73.35126495361328,9.217546463012695,0.13075615999436122,0.04635173785969213,0.03625200797111072,66,,4548db7c4578dc3f8fbe8b147f22f56845c0486a607bf55874934b0bc4b5dc23|d4c323b7e79fa6d00ef2f07c9b2f49922d291c1dd4e8708be9b545d93383f382|99bbd1e3b10ac96cb2b1c48a02fef102fbeb57329d4aef22f13b552ba707239d,heldout_dense_AV_support_and_family
calibration_frozen,calibration,s01_p01_seed20260740,64,8,oracle_trajectory_width_fixed64,3,0.25,6893.96435546875,11.775760650634766,1.1007542610168457,0.0413294825685783,0.012636030655287856,0.011754059076758921,21,,a29b9016efae2e8b9d7a10345169d9f5ca07991a66d52f5af49e0093ebb08283|3c91de9885923f8684dce9ebeeda639748500acaba1a422c6a60b2c2f750bdbc|7953a371eb25d5e3d7be800fd365f00cfc8ac5b07bc1b03df7c5d2cbc69b897b,heldout_dense_AV_support_and_family
calibration_frozen,calibration,s01_p01_seed20260740,64,9,oracle_trajectory_width_fixed64,3,0.25,5101.15576171875,57.09117126464844,5.2879228591918945,0.10579135607032285,0.032196470339711986,0.028122888659701147,51,,8987ec2cb1a2e1e0a2ac9de545ebad496dd75b9f8c16191db5db6cc9aad06dc2|b6eec44573e8677b6c9b6ab0a3a531d57f49747c4ef95fb9047bb39445f5f6fe|1eb7baca6902cbe4a4b7829b0a0cbe732a0c628c8f140f66c12b21a353c98430,heldout_dense_AV_support_and_family
calibration_frozen,calibration,s01_p01_seed20260740,64,10,oracle_trajectory_width_fixed64,3,0.25,5414.9072265625,19.931001663208008,1.8336230516433716,0.06066930956330783,0.018401766681466147,0.01580874718227943,30,,1d1709ab1e5ff8ebd1d72a916c2f052fd0b8618a0239cfcc52cfa9c4a069adc8|e162a0a4c47e3c640b7798e0e676dc2c5a228f3f0741d5e4c94536b604690fbd|cfbb7687819fa858b678b9c039b77e736417e7e1976ef97ba4b8fab6c8c0aa40,heldout_dense_AV_support_and_family
calibration_frozen,calibration,s01_p01_seed20260740,64,11,oracle_trajectory_width_fixed64,3,0.25,10977.767578125,48.68993377685547,6.233765602111816,0.06659821300234131,0.023829680432098495,0.01872677622984669,43,,3505aae5d52b0bea9c47ff572626ead7004e94968dcf00d51bd47d2026a10c7d|2ab9f434e23e126db4f83356d38dbde44f819f0aaaeb5682979cff684a5a9f00|f2138b034d18a8e84ccd24a50285a7b9397192c3bd6e327005546b8cde644650,heldout_dense_AV_support_and_family
calibration_frozen,calibration,s01_p01_seed20260740,64,0,oracle_trajectory_width_semantic64,3,0.25,8908.806640625,7.790493011474609,0.3199954628944397,0.0295714557549966,0.005993246546927378,0.00617853133766,9,,3e4f0a2fd9498da7c1440a355a22b6292161a5216c63aa0bc59b5a4742fd1e36|3e4f0a2fd9498da7c1440a355a22b6292161a5216c63aa0bc59b5a4742fd1e36|3e4f0a2fd9498da7c1440a355a22b6292161a5216c63aa0bc59b5a4742fd1e36,heldout_dense_AV_support_and_family
calibration_frozen,calibration,s01_p01_seed20260740,64,1,oracle_trajectory_width_semantic64,3,0.25,12100.814453125,44.245643615722656,1.2551634311676025,0.060468327638927406,0.010184573294383714,0.010761270579305926,17,,3e4f0a2fd9498da7c1440a355a22b6292161a5216c63aa0bc59b5a4742fd1e36|3e4f0a2fd9498da7c1440a355a22b6292161a5216c63aa0bc59b5a4742fd1e36|3e4f0a2fd9498da7c1440a355a22b6292161a5216c63aa0bc59b5a4742fd1e36,heldout_dense_AV_support_and_family
calibration_frozen,calibration,s01_p01_seed20260740,64,2,oracle_trajectory_width_semantic64,3,0.25,4643.111328125,35.50543212890625,4.494322299957275,0.08744658480164723,0.0311119733669782,0.03324604123540903,50,,3e4f0a2fd9498da7c1440a355a22b6292161a5216c63aa0bc59b5a4742fd1e36|3e4f0a2fd9498da7c1440a355a22b6292161a5216c63aa0bc59b5a4742fd1e36|3e4f0a2fd9498da7c1440a355a22b6292161a5216c63aa0bc59b5a4742fd1e36,heldout_dense_AV_support_and_family
calibration_frozen,calibration,s01_p01_seed20260740,64,3,oracle_trajectory_width_semantic64,3,0.25,6890.8505859375,3.9866127967834473,0.3844078779220581,0.02405279842217614,0.007468952940084683,0.0045520665869585395,11,,3e4f0a2fd9498da7c1440a355a22b6292161a5216c63aa0bc59b5a4742fd1e36|3e4f0a2fd9498da7c1440a355a22b6292161a5216c63aa0bc59b5a4742fd1e36|3e4f0a2fd9498da7c1440a355a22b6292161a5216c63aa0bc59b5a4742fd1e36,heldout_dense_AV_support_and_family
calibration_frozen,calibration,s01_p01_seed20260740,64,4,oracle_trajectory_width_semantic64,3,0.25,7283.109375,13.381644248962402,1.2273004055023193,0.042864358046993796,0.012981265212398235,0.01184888644654766,22,,3e4f0a2fd9498da7c1440a355a22b6292161a5216c63aa0bc59b5a4742fd1e36|3e4f0a2fd9498da7c1440a355a22b6292161a5216c63aa0bc59b5a4742fd1e36|3e4f0a2fd9498da7c1440a355a22b6292161a5216c63aa0bc59b5a4742fd1e36,heldout_dense_AV_support_and_family
calibration_frozen,calibration,s01_p01_seed20260740,64,5,oracle_trajectory_width_semantic64,3,0.25,3322.41357421875,9.717414855957031,0.5880829691886902,0.05408147473566137,0.013304313041699834,0.012760843082875105,22,,3e4f0a2fd9498da7c1440a355a22b6292161a5216c63aa0bc59b5a4742fd1e36|3e4f0a2fd9498da7c1440a355a22b6292161a5216c63aa0bc59b5a4742fd1e36|3e4f0a2fd9498da7c1440a355a22b6292161a5216c63aa0bc59b5a4742fd1e36,heldout_dense_AV_support_and_family
calibration_frozen,calibration,s01_p01_seed20260740,64,6,oracle_trajectory_width_semantic64,3,0.25,1874.5316162109375,38.12443542480469,1.3836486339569092,0.14261175541472892,0.027168554001380046,0.026092167291382955,41,,3e4f0a2fd9498da7c1440a355a22b6292161a5216c63aa0bc59b5a4742fd1e36|3e4f0a2fd9498da7c1440a355a22b6292161a5216c63aa0bc59b5a4742fd1e36|3e4f0a2fd9498da7c1440a355a22b6292161a5216c63aa0bc59b5a4742fd1e36,heldout_dense_AV_support_and_family
calibration_frozen,calibration,s01_p01_seed20260740,64,7,oracle_trajectory_width_semantic64,3,0.25,4290.2568359375,41.371917724609375,3.682694435119629,0.09819993044677282,0.029298217368878422,0.02398507158340325,46,,3e4f0a2fd9498da7c1440a355a22b6292161a5216c63aa0bc59b5a4742fd1e36|3e4f0a2fd9498da7c1440a355a22b6292161a5216c63aa0bc59b5a4742fd1e36|3e4f0a2fd9498da7c1440a355a22b6292161a5216c63aa0bc59b5a4742fd1e36,heldout_dense_AV_support_and_family
calibration_frozen,calibration,s01_p01_seed20260740,64,8,oracle_trajectory_width_semantic64,3,0.25,6893.96435546875,6.558235168457031,0.409355103969574,0.030843167761332394,0.007705761942600327,0.005973809332313508,12,,3e4f0a2fd9498da7c1440a355a22b6292161a5216c63aa0bc59b5a4742fd1e36|3e4f0a2fd9498da7c1440a355a22b6292161a5216c63aa0bc59b5a4742fd1e36|3e4f0a2fd9498da7c1440a355a22b6292161a5216c63aa0bc59b5a4742fd1e36,heldout_dense_AV_support_and_family
calibration_frozen,calibration,s01_p01_seed20260740,64,9,oracle_trajectory_width_semantic64,3,0.25,5101.15576171875,38.31482696533203,2.058558702468872,0.08666607770761212,0.02008849196316366,0.020280874930557986,34,,3e4f0a2fd9498da7c1440a355a22b6292161a5216c63aa0bc59b5a4742fd1e36|3e4f0a2fd9498da7c1440a355a22b6292161a5216c63aa0bc59b5a4742fd1e36|3e4f0a2fd9498da7c1440a355a22b6292161a5216c63aa0bc59b5a4742fd1e36,heldout_dense_AV_support_and_family
calibration_frozen,calibration,s01_p01_seed20260740,64,10,oracle_trajectory_width_semantic64,3,0.25,5414.9072265625,15.035758972167969,0.914764404296875,0.052694728044521126,0.012997478816018853,0.013883595403001936,22,,3e4f0a2fd9498da7c1440a355a22b6292161a5216c63aa0bc59b5a4742fd1e36|3e4f0a2fd9498da7c1440a355a22b6292161a5216c63aa0bc59b5a4742fd1e36|3e4f0a2fd9498da7c1440a355a22b6292161a5216c63aa0bc59b5a4742fd1e36,heldout_dense_AV_support_and_family
calibration_frozen,calibration,s01_p01_seed20260740,64,11,oracle_trajectory_width_semantic64,3,0.25,10977.767578125,39.36454772949219,2.3109121322631836,0.05988190628013399,0.01450890711849391,0.016029336641272093,23,,3e4f0a2fd9498da7c1440a355a22b6292161a5216c63aa0bc59b5a4742fd1e36|3e4f0a2fd9498da7c1440a355a22b6292161a5216c63aa0bc59b5a4742fd1e36|3e4f0a2fd9498da7c1440a355a22b6292161a5216c63aa0bc59b5a4742fd1e36,heldout_dense_AV_support_and_family
calibration_frozen,calibration,s01_p01_seed20260740,64,0,oracle_trajectory_width_value64,3,0.25,8908.806640625,7.700366973876953,0.3254469037055969,0.029399906203620298,0.0060440814119812215,0.006387223819748042,9,,ebac533dc162330e09e9b1e6cfc07319450ae2641c31ba37d057730c4a54bb7e|fda3976a3eb2fb00c32ad1a3e952c4ac1c6096ea2a8224cf495405b193808cbf|816df43b2c07dfb2260c9249cfe4bc5316d9d94d35ec96d9c6e49b44e85ec68d,heldout_dense_AV_support_and_family
calibration_frozen,calibration,s01_p01_seed20260740,64,1,oracle_trajectory_width_value64,3,0.25,12100.814453125,39.70360565185547,2.038921356201172,0.05728061516753912,0.012980545281634588,0.015414511636840045,21,,bab74eac669732e8145b1a239197f91f54f363190577599cc7755b54790c3a04|36cea6dee1172d5da598ee7613029d39095577d0a245f362650b8afb0d3ff118|69e70e38a8914ea356f45154444951f0f12f3f7a6a44188276faeca68793d3ba,heldout_dense_AV_support_and_family
calibration_frozen,calibration,s01_p01_seed20260740,64,2,oracle_trajectory_width_value64,3,0.25,4643.111328125,38.17601776123047,4.981337547302246,0.09067566797923618,0.03275430866399552,0.0360298222227532,52,,945f21b5904a0004a2b7dc059611058b4753513e08155979f8cd3dedb7b6c8c3|0ec9e3ec717b57a9959a52b546e5d05f8000a8298b81d3e10b33f0724c5f3bcf|618c70baa804356b738a8a61034086c037e32be6c552ace78f0c3a54018384a5,heldout_dense_AV_support_and_family
calibration_frozen,calibration,s01_p01_seed20260740,64,3,oracle_trajectory_width_value64,3,0.25,6890.8505859375,3.8724985122680664,0.40102052688598633,0.023706050934186956,0.007628635858880901,0.004758628708017165,11,,bcf719ccfe4c04965fe6bc917b32e09e63973108b86a23cb0288361c06a79d39|98666e568aae54982fbd73941eb469d359b9dc097fe87c4c650e7a3bce852f04|c2b117a06da866c97e1fd3706503401148cd2f1675df17ff14a55b1ce80fbca2,heldout_dense_AV_support_and_family
calibration_frozen,calibration,s01_p01_seed20260740,64,4,oracle_trajectory_width_value64,3,0.25,7283.109375,13.209516525268555,1.2084832191467285,0.04258778424595074,0.012881365288177625,0.011668744208781227,22,,c5c9343040e74a2a1c8555e66ceeed0310d39ece7d2695ed770485d11292d872|0ee25d0b8a4297dde1a49f7fc4e41a7f206a00f357efcee478bf7de6e3471fd5|aeac49f88cdc1982430f52ecf3a2f5d05b20696e9dc5f8e0a2b127debf7263c9,heldout_dense_AV_support_and_family
calibration_frozen,calibration,s01_p01_seed20260740,64,5,oracle_trajectory_width_value64,3,0.25,3322.41357421875,7.113115310668945,0.522339940071106,0.04627038129016145,0.012538620880961675,0.01194600693555169,21,,8d419582b9f4d24b97cfe44b53a0e1b775c8b6bbc92f702556be8d65f9f37471|4a0d796ac19f830a9c26d7838b976fba87feb6543139c8ebaa1bfe8893f22128|8914867fc0845606e313fd66ad8d971c39e43933952b082ad100b3688348ab02,heldout_dense_AV_support_and_family
calibration_frozen,calibration,s01_p01_seed20260740,64,6,oracle_trajectory_width_value64,3,0.25,1874.5316162109375,44.31819152832031,1.5073245763778687,0.15376044603916808,0.02835678596932808,0.02699485296803485,43,,5141bbf2e9d62f96048e58fe25012fba8ebf8315f8c7acdcacc133ce0ec1a894|f3bafd946ea462eb9d6f7b3c89da3e4000cee645e85309c8bf9633ed72903c21|5e7cb4656fe274f055dde77d1a75c37a72cafbdad0444024a6f5f9b97fa446d4,heldout_dense_AV_support_and_family
calibration_frozen,calibration,s01_p01_seed20260740,64,7,oracle_trajectory_width_value64,3,0.25,4290.2568359375,39.315673828125,3.5942344665527344,0.09572849158994581,0.02894420038830465,0.024427778223756216,47,,030b78e4ead4ee33fb0b52e838949c15acd095c90cac864c2dd7160af62adbe3|1773445005b948a6321e3d107caf460537af45380efa73f70d060d01a48bb4ff|cf5c3e5575150e4175c2f6539874ccdd709036cf4b16430c0db5d88a647b94e6,heldout_dense_AV_support_and_family
calibration_frozen,calibration,s01_p01_seed20260740,64,8,oracle_trajectory_width_value64,3,0.25,6893.96435546875,4.602176189422607,0.36846357583999634,0.025837298565666716,0.00731076399746996,0.005399582531591164,11,,f2ed657022f88345c2383b88ca8e26bb0a2d0016093b398b24174add033388a8|e239deb8848d7486b21f87262d76756b150f9a4f1b4b82e2037e3f44a26eeae7|5141bbf2e9d62f96048e58fe25012fba8ebf8315f8c7acdcacc133ce0ec1a894,heldout_dense_AV_support_and_family
calibration_frozen,calibration,s01_p01_seed20260740,64,9,oracle_trajectory_width_value64,3,0.25,5101.15576171875,29.77851104736328,2.1893930435180664,0.07640419371998938,0.0207170337976473,0.021083610713954738,35,,a5a2207159d3f2cd209fd6b8dd17a4c5379dba198942ebf2328cca473cfaaebe|980b56b344330fd7232bc7b21b76f60e327d2d3867b1d9bce7c6db98849234aa|34b164bb00098f54d335a17b60a5a5c2a76bad0c77d46c3b3c6a2c25cf9bb85f,heldout_dense_AV_support_and_family
calibration_frozen,calibration,s01_p01_seed20260740,64,10,oracle_trajectory_width_value64,3,0.25,5414.9072265625,12.065916061401367,0.9112266302108765,0.047204634548683545,0.012972321142789506,0.014188783650047906,22,,ef0e6722675c1938fd469176a8b2a1d56ca831e01678dc1c0e1b8135f38b95f1|2c7e73d46aebddfe193c6987797252e1aec2e641e826a7ac8959ba36635b865d|7e12da13f4060a52e76a5090ca391b671f520965d0d54d50e7149c0ac24fc386,heldout_dense_AV_support_and_family
calibration_frozen,calibration,s01_p01_seed20260740,64,11,oracle_trajectory_width_value64,3,0.25,10977.767578125,30.128559112548828,2.7251131534576416,0.05238804178981923,0.015755611161871866,0.019225345246220202,27,,626d8a3ac6616a892eb620e5253a82884ee15582d231731b74900ed115414958|711b2673dec5628212dd7b1d0cdc2328874d9ab2d6146a1b60d8ad8019c44e19|e73324e3c97c3659dfe3553ba81323341b20abfbec83a767b977bb9b035aee1a,heldout_dense_AV_support_and_family
calibration_frozen,calibration,s01_p01_seed20260740,64,0,proxy_fixed64_qk,3,0.25,8908.806640625,50.26322937011719,0.7194262742996216,0.07511305528324198,0.008986351063542666,0.005353074522866071,14,,c14c9560be6a56d87c595473c3006b4a5eaa1088401644693729eb80942289f6|8f0fafa44e2b652e9bf728cbfe2b4261fe8ea664fec0ccfba2eea83010415b6e|b2a21b508dd63c644bbbe0b455c81a45af3ffec83f546de46638c91230cd9712,current_QKV_only_proxy
calibration_frozen,calibration,s01_p01_seed20260740,64,1,proxy_fixed64_qk,3,0.25,12100.814453125,59.77340316772461,7.984839916229248,0.07028241734922613,0.025687734622485404,0.020710790918858517,46,,d232db8c9c68528ee19f8906f1374fc918c642cd11fc57b2faa2441f741e7765|3daf98f692ba56a05f081cc7ff8f6fdfe92573dfdfc79e88ae08d13f2b959910|3f7f57f09b824ef1d4170aef41c9c5494f801d5d7949c6b7bdf0ddffe8e8640d,current_QKV_only_proxy
calibration_frozen,calibration,s01_p01_seed20260740,64,2,proxy_fixed64_qk,3,0.25,4643.111328125,135.5233917236328,9.006564140319824,0.17084512175105054,0.04404281048708508,0.04441597205256435,67,,aae307cfec570affb7242fbbc91014f6ac06577a1f71c68062540fa22387200c|9c889bceeb10e81bb40f344294714681f2c7836c76bd85a8550fdac19ef8461f|9e5f566be72a0fe10cf71e53d21a9c9763aab308b65d19f0953d4f54c541b65b,current_QKV_only_proxy
calibration_frozen,calibration,s01_p01_seed20260740,64,3,proxy_fixed64_qk,3,0.25,6890.8505859375,18.036094665527344,2.2653491497039795,0.05116050661844878,0.018131392408793003,0.017090787706935267,31,,bac4ed74ebe7db46c75ebc923cd6e496f876a1236fef39eea3eb102e9fca040c|6f58de9c8d3c6c04a58e17366bbcf7b18e65362ca74ccfd8a28b1f727698a69e|a912bf8da182a02a636d3bbd745ef9e70cbe859d439a25bf76794b723281affd,current_QKV_only_proxy
calibration_frozen,calibration,s01_p01_seed20260740,64,4,proxy_fixed64_qk,3,0.25,7283.109375,42.19471740722656,0.38226318359375,0.07611506546919106,0.007244740268327466,0.005061340514036431,9,,d503f98b668deeb7b6170b6db32e4165ccb09c39997d1e7365eb5e21cd36779a|a35aa6f307080aa77e2ddf4ca73dce21a0ef6a5d9934a1c4446c29235a7eba72|754daeebbf74703d2ab5f11522f8cc8f38e4380b1403134d4662f6dc5304f4eb,current_QKV_only_proxy
calibration_frozen,calibration,s01_p01_seed20260740,64,5,proxy_fixed64_qk,3,0.25,3322.41357421875,12.421014785766602,1.1627593040466309,0.06114369681988484,0.018707599569950946,0.015661355455238234,30,,aa6d6f9bf1e5bb151d5ace07d1464494b3bab88f19ad0a279df105fd8e59c7c4|34351ffe985cd375ebc291dd6fbe03e490e3a70383bfcb42160d1dc35a8654b2|519e08ae2118c8e6707eb00f873623d1262fbc636e554a1b966d1b74dbc12244,current_QKV_only_proxy
calibration_frozen,calibration,s01_p01_seed20260740,64,6,proxy_fixed64_qk,3,0.25,1874.5316162109375,72.32452392578125,5.346670150756836,0.19642483949538816,0.053406646816047565,0.04432979675408432,65,,0b03cb667f8182710d34c3fa9971d62e4ac129a670469ec6c08469169c472b84|089c5d8fa98260d38d28a8a6fc9d3ad7cef42cd08243abe6bc0d017b2069b559|b7ad87bb9a86c5dc77b17d8e3b2a58625182f9c51d9826f7bff6db112066097f,current_QKV_only_proxy
calibration_frozen,calibration,s01_p01_seed20260740,64,7,proxy_fixed64_qk,3,0.25,4290.2568359375,73.35126495361328,9.217546463012695,0.13075615999436122,0.04635173785969213,0.03625200797111072,66,,4548db7c4578dc3f8fbe8b147f22f56845c0486a607bf55874934b0bc4b5dc23|d4c323b7e79fa6d00ef2f07c9b2f49922d291c1dd4e8708be9b545d93383f382|99bbd1e3b10ac96cb2b1c48a02fef102fbeb57329d4aef22f13b552ba707239d,current_QKV_only_proxy
calibration_frozen,calibration,s01_p01_seed20260740,64,8,proxy_fixed64_qk,3,0.25,6893.96435546875,11.775760650634766,1.1007542610168457,0.0413294825685783,0.012636030655287856,0.011754059076758921,21,,a29b9016efae2e8b9d7a10345169d9f5ca07991a66d52f5af49e0093ebb08283|3c91de9885923f8684dce9ebeeda639748500acaba1a422c6a60b2c2f750bdbc|7953a371eb25d5e3d7be800fd365f00cfc8ac5b07bc1b03df7c5d2cbc69b897b,current_QKV_only_proxy
calibration_frozen,calibration,s01_p01_seed20260740,64,9,proxy_fixed64_qk,3,0.25,5101.15576171875,57.09117126464844,5.2879228591918945,0.10579135607032285,0.032196470339711986,0.028122888659701147,51,,8987ec2cb1a2e1e0a2ac9de545ebad496dd75b9f8c16191db5db6cc9aad06dc2|b6eec44573e8677b6c9b6ab0a3a531d57f49747c4ef95fb9047bb39445f5f6fe|1eb7baca6902cbe4a4b7829b0a0cbe732a0c628c8f140f66c12b21a353c98430,current_QKV_only_proxy
calibration_frozen,calibration,s01_p01_seed20260740,64,10,proxy_fixed64_qk,3,0.25,5414.9072265625,19.931001663208008,1.8336230516433716,0.06066930956330783,0.018401766681466147,0.01580874718227943,30,,1d1709ab1e5ff8ebd1d72a916c2f052fd0b8618a0239cfcc52cfa9c4a069adc8|e162a0a4c47e3c640b7798e0e676dc2c5a228f3f0741d5e4c94536b604690fbd|cfbb7687819fa858b678b9c039b77e736417e7e1976ef97ba4b8fab6c8c0aa40,current_QKV_only_proxy
calibration_frozen,calibration,s01_p01_seed20260740,64,11,proxy_fixed64_qk,3,0.25,10977.767578125,48.68993377685547,6.233765602111816,0.06659821300234131,0.023829680432098495,0.01872677622984669,43,,3505aae5d52b0bea9c47ff572626ead7004e94968dcf00d51bd47d2026a10c7d|2ab9f434e23e126db4f83356d38dbde44f819f0aaaeb5682979cff684a5a9f00|f2138b034d18a8e84ccd24a50285a7b9397192c3bd6e327005546b8cde644650,current_QKV_only_proxy
calibration_frozen,calibration,s01_p01_seed20260740,64,0,proxy_svg2_style_semantic64,3,0.25,8908.806640625,7.790493011474609,0.3199954628944397,0.0295714557549966,0.005993246546927378,0.00617853133766,9,,3e4f0a2fd9498da7c1440a355a22b6292161a5216c63aa0bc59b5a4742fd1e36|3e4f0a2fd9498da7c1440a355a22b6292161a5216c63aa0bc59b5a4742fd1e36|3e4f0a2fd9498da7c1440a355a22b6292161a5216c63aa0bc59b5a4742fd1e36,current_QKV_only_proxy
calibration_frozen,calibration,s01_p01_seed20260740,64,1,proxy_svg2_style_semantic64,3,0.25,12100.814453125,44.245643615722656,1.2551634311676025,0.060468327638927406,0.010184573294383714,0.010761270579305926,17,,3e4f0a2fd9498da7c1440a355a22b6292161a5216c63aa0bc59b5a4742fd1e36|3e4f0a2fd9498da7c1440a355a22b6292161a5216c63aa0bc59b5a4742fd1e36|3e4f0a2fd9498da7c1440a355a22b6292161a5216c63aa0bc59b5a4742fd1e36,current_QKV_only_proxy
calibration_frozen,calibration,s01_p01_seed20260740,64,2,proxy_svg2_style_semantic64,3,0.25,4643.111328125,35.50543212890625,4.494322299957275,0.08744658480164723,0.0311119733669782,0.03324604123540903,50,,3e4f0a2fd9498da7c1440a355a22b6292161a5216c63aa0bc59b5a4742fd1e36|3e4f0a2fd9498da7c1440a355a22b6292161a5216c63aa0bc59b5a4742fd1e36|3e4f0a2fd9498da7c1440a355a22b6292161a5216c63aa0bc59b5a4742fd1e36,current_QKV_only_proxy
calibration_frozen,calibration,s01_p01_seed20260740,64,3,proxy_svg2_style_semantic64,3,0.25,6890.8505859375,3.9866127967834473,0.3844078779220581,0.02405279842217614,0.007468952940084683,0.0045520665869585395,11,,3e4f0a2fd9498da7c1440a355a22b6292161a5216c63aa0bc59b5a4742fd1e36|3e4f0a2fd9498da7c1440a355a22b6292161a5216c63aa0bc59b5a4742fd1e36|3e4f0a2fd9498da7c1440a355a22b6292161a5216c63aa0bc59b5a4742fd1e36,current_QKV_only_proxy
calibration_frozen,calibration,s01_p01_seed20260740,64,4,proxy_svg2_style_semantic64,3,0.25,7283.109375,13.381644248962402,1.2273004055023193,0.042864358046993796,0.012981265212398235,0.01184888644654766,22,,3e4f0a2fd9498da7c1440a355a22b6292161a5216c63aa0bc59b5a4742fd1e36|3e4f0a2fd9498da7c1440a355a22b6292161a5216c63aa0bc59b5a4742fd1e36|3e4f0a2fd9498da7c1440a355a22b6292161a5216c63aa0bc59b5a4742fd1e36,current_QKV_only_proxy
calibration_frozen,calibration,s01_p01_seed20260740,64,5,proxy_svg2_style_semantic64,3,0.25,3322.41357421875,9.717414855957031,0.5880829691886902,0.05408147473566137,0.013304313041699834,0.012760843082875105,22,,3e4f0a2fd9498da7c1440a355a22b6292161a5216c63aa0bc59b5a4742fd1e36|3e4f0a2fd9498da7c1440a355a22b6292161a5216c63aa0bc59b5a4742fd1e36|3e4f0a2fd9498da7c1440a355a22b6292161a5216c63aa0bc59b5a4742fd1e36,current_QKV_only_proxy
calibration_frozen,calibration,s01_p01_seed20260740,64,6,proxy_svg2_style_semantic64,3,0.25,1874.5316162109375,38.12443542480469,1.3836486339569092,0.14261175541472892,0.027168554001380046,0.026092167291382955,41,,3e4f0a2fd9498da7c1440a355a22b6292161a5216c63aa0bc59b5a4742fd1e36|3e4f0a2fd9498da7c1440a355a22b6292161a5216c63aa0bc59b5a4742fd1e36|3e4f0a2fd9498da7c1440a355a22b6292161a5216c63aa0bc59b5a4742fd1e36,current_QKV_only_proxy
calibration_frozen,calibration,s01_p01_seed20260740,64,7,proxy_svg2_style_semantic64,3,0.25,4290.2568359375,41.371917724609375,3.682694435119629,0.09819993044677282,0.029298217368878422,0.02398507158340325,46,,3e4f0a2fd9498da7c1440a355a22b6292161a5216c63aa0bc59b5a4742fd1e36|3e4f0a2fd9498da7c1440a355a22b6292161a5216c63aa0bc59b5a4742fd1e36|3e4f0a2fd9498da7c1440a355a22b6292161a5216c63aa0bc59b5a4742fd1e36,current_QKV_only_proxy
calibration_frozen,calibration,s01_p01_seed20260740,64,8,proxy_svg2_style_semantic64,3,0.25,6893.96435546875,6.558235168457031,0.409355103969574,0.030843167761332394,0.007705761942600327,0.005973809332313508,12,,3e4f0a2fd9498da7c1440a355a22b6292161a5216c63aa0bc59b5a4742fd1e36|3e4f0a2fd9498da7c1440a355a22b6292161a5216c63aa0bc59b5a4742fd1e36|3e4f0a2fd9498da7c1440a355a22b6292161a5216c63aa0bc59b5a4742fd1e36,current_QKV_only_proxy
calibration_frozen,calibration,s01_p01_seed20260740,64,9,proxy_svg2_style_semantic64,3,0.25,5101.15576171875,38.31482696533203,2.058558702468872,0.08666607770761212,0.02008849196316366,0.020280874930557986,34,,3e4f0a2fd9498da7c1440a355a22b6292161a5216c63aa0bc59b5a4742fd1e36|3e4f0a2fd9498da7c1440a355a22b6292161a5216c63aa0bc59b5a4742fd1e36|3e4f0a2fd9498da7c1440a355a22b6292161a5216c63aa0bc59b5a4742fd1e36,current_QKV_only_proxy
calibration_frozen,calibration,s01_p01_seed20260740,64,10,proxy_svg2_style_semantic64,3,0.25,5414.9072265625,15.035758972167969,0.914764404296875,0.052694728044521126,0.012997478816018853,0.013883595403001936,22,,3e4f0a2fd9498da7c1440a355a22b6292161a5216c63aa0bc59b5a4742fd1e36|3e4f0a2fd9498da7c1440a355a22b6292161a5216c63aa0bc59b5a4742fd1e36|3e4f0a2fd9498da7c1440a355a22b6292161a5216c63aa0bc59b5a4742fd1e36,current_QKV_only_proxy
calibration_frozen,calibration,s01_p01_seed20260740,64,11,proxy_svg2_style_semantic64,3,0.25,10977.767578125,39.36454772949219,2.3109121322631836,0.05988190628013399,0.01450890711849391,0.016029336641272093,23,,3e4f0a2fd9498da7c1440a355a22b6292161a5216c63aa0bc59b5a4742fd1e36|3e4f0a2fd9498da7c1440a355a22b6292161a5216c63aa0bc59b5a4742fd1e36|3e4f0a2fd9498da7c1440a355a22b6292161a5216c63aa0bc59b5a4742fd1e36,current_QKV_only_proxy
calibration_frozen,calibration,s01_p01_seed20260740,64,0,proxy_value_aware_semantic64,3,0.25,8908.806640625,7.700366973876953,0.3254469037055969,0.029399906203620298,0.0060440814119812215,0.006387223819748042,9,,ebac533dc162330e09e9b1e6cfc07319450ae2641c31ba37d057730c4a54bb7e|fda3976a3eb2fb00c32ad1a3e952c4ac1c6096ea2a8224cf495405b193808cbf|816df43b2c07dfb2260c9249cfe4bc5316d9d94d35ec96d9c6e49b44e85ec68d,current_QKV_only_proxy
calibration_frozen,calibration,s01_p01_seed20260740,64,1,proxy_value_aware_semantic64,3,0.25,12100.814453125,39.70360565185547,2.038921356201172,0.05728061516753912,0.012980545281634588,0.015414511636840045,21,,bab74eac669732e8145b1a239197f91f54f363190577599cc7755b54790c3a04|36cea6dee1172d5da598ee7613029d39095577d0a245f362650b8afb0d3ff118|69e70e38a8914ea356f45154444951f0f12f3f7a6a44188276faeca68793d3ba,current_QKV_only_proxy
calibration_frozen,calibration,s01_p01_seed20260740,64,2,proxy_value_aware_semantic64,3,0.25,4643.111328125,38.17601776123047,4.981337547302246,0.09067566797923618,0.03275430866399552,0.0360298222227532,52,,945f21b5904a0004a2b7dc059611058b4753513e08155979f8cd3dedb7b6c8c3|0ec9e3ec717b57a9959a52b546e5d05f8000a8298b81d3e10b33f0724c5f3bcf|618c70baa804356b738a8a61034086c037e32be6c552ace78f0c3a54018384a5,current_QKV_only_proxy
calibration_frozen,calibration,s01_p01_seed20260740,64,3,proxy_value_aware_semantic64,3,0.25,6890.8505859375,3.8724985122680664,0.40102052688598633,0.023706050934186956,0.007628635858880901,0.004758628708017165,11,,bcf719ccfe4c04965fe6bc917b32e09e63973108b86a23cb0288361c06a79d39|98666e568aae54982fbd73941eb469d359b9dc097fe87c4c650e7a3bce852f04|c2b117a06da866c97e1fd3706503401148cd2f1675df17ff14a55b1ce80fbca2,current_QKV_only_proxy
calibration_frozen,calibration,s01_p01_seed20260740,64,4,proxy_value_aware_semantic64,3,0.25,7283.109375,13.209516525268555,1.2084832191467285,0.04258778424595074,0.012881365288177625,0.011668744208781227,22,,c5c9343040e74a2a1c8555e66ceeed0310d39ece7d2695ed770485d11292d872|0ee25d0b8a4297dde1a49f7fc4e41a7f206a00f357efcee478bf7de6e3471fd5|aeac49f88cdc1982430f52ecf3a2f5d05b20696e9dc5f8e0a2b127debf7263c9,current_QKV_only_proxy
calibration_frozen,calibration,s01_p01_seed20260740,64,5,proxy_value_aware_semantic64,3,0.25,3322.41357421875,7.113115310668945,0.522339940071106,0.04627038129016145,0.012538620880961675,0.01194600693555169,21,,8d419582b9f4d24b97cfe44b53a0e1b775c8b6bbc92f702556be8d65f9f37471|4a0d796ac19f830a9c26d7838b976fba87feb6543139c8ebaa1bfe8893f22128|8914867fc0845606e313fd66ad8d971c39e43933952b082ad100b3688348ab02,current_QKV_only_proxy
calibration_frozen,calibration,s01_p01_seed20260740,64,6,proxy_value_aware_semantic64,3,0.25,1874.5316162109375,44.31819152832031,1.5073245763778687,0.15376044603916808,0.02835678596932808,0.02699485296803485,43,,5141bbf2e9d62f96048e58fe25012fba8ebf8315f8c7acdcacc133ce0ec1a894|f3bafd946ea462eb9d6f7b3c89da3e4000cee645e85309c8bf9633ed72903c21|5e7cb4656fe274f055dde77d1a75c37a72cafbdad0444024a6f5f9b97fa446d4,current_QKV_only_proxy
calibration_frozen,calibration,s01_p01_seed20260740,64,7,proxy_value_aware_semantic64,3,0.25,4290.2568359375,39.315673828125,3.5942344665527344,0.09572849158994581,0.02894420038830465,0.024427778223756216,47,,030b78e4ead4ee33fb0b52e838949c15acd095c90cac864c2dd7160af62adbe3|1773445005b948a6321e3d107caf460537af45380efa73f70d060d01a48bb4ff|cf5c3e5575150e4175c2f6539874ccdd709036cf4b16430c0db5d88a647b94e6,current_QKV_only_proxy
calibration_frozen,calibration,s01_p01_seed20260740,64,8,proxy_value_aware_semantic64,3,0.25,6893.96435546875,4.602176189422607,0.36846357583999634,0.025837298565666716,0.00731076399746996,0.005399582531591164,11,,f2ed657022f88345c2383b88ca8e26bb0a2d0016093b398b24174add033388a8|e239deb8848d7486b21f87262d76756b150f9a4f1b4b82e2037e3f44a26eeae7|5141bbf2e9d62f96048e58fe25012fba8ebf8315f8c7acdcacc133ce0ec1a894,current_QKV_only_proxy
calibration_frozen,calibration,s01_p01_seed20260740,64,9,proxy_value_aware_semantic64,3,0.25,5101.15576171875,29.77851104736328,2.1893930435180664,0.07640419371998938,0.0207170337976473,0.021083610713954738,35,,a5a2207159d3f2cd209fd6b8dd17a4c5379dba198942ebf2328cca473cfaaebe|980b56b344330fd7232bc7b21b76f60e327d2d3867b1d9bce7c6db98849234aa|34b164bb00098f54d335a17b60a5a5c2a76bad0c77d46c3b3c6a2c25cf9bb85f,current_QKV_only_proxy
calibration_frozen,calibration,s01_p01_seed20260740,64,10,proxy_value_aware_semantic64,3,0.25,5414.9072265625,12.065916061401367,0.9112266302108765,0.047204634548683545,0.012972321142789506,0.014188783650047906,22,,ef0e6722675c1938fd469176a8b2a1d56ca831e01678dc1c0e1b8135f38b95f1|2c7e73d46aebddfe193c6987797252e1aec2e641e826a7ac8959ba36635b865d|7e12da13f4060a52e76a5090ca391b671f520965d0d54d50e7149c0ac24fc386,current_QKV_only_proxy
calibration_frozen,calibration,s01_p01_seed20260740,64,11,proxy_value_aware_semantic64,3,0.25,10977.767578125,30.128559112548828,2.7251131534576416,0.05238804178981923,0.015755611161871866,0.019225345246220202,27,,626d8a3ac6616a892eb620e5253a82884ee15582d231731b74900ed115414958|711b2673dec5628212dd7b1d0cdc2328874d9ab2d6146a1b60d8ad8019c44e19|e73324e3c97c3659dfe3553ba81323341b20abfbec83a767b977bb9b035aee1a,current_QKV_only_proxy
transductive_capacity,transductive_fit,s01_p01_seed20260740,64,0,oracle_trajectory_width_family,3,0.25,8908.806640625,49.009666442871094,0.3043639063835144,0.07417048295232997,0.0058450308571411464,0.005311749530786623,8,oracle_trajectory_width_semantic64|oracle_trajectory_width_fixed64|oracle_trajectory_width_fixed64,3e4f0a2fd9498da7c1440a355a22b6292161a5216c63aa0bc59b5a4742fd1e36|8f0fafa44e2b652e9bf728cbfe2b4261fe8ea664fec0ccfba2eea83010415b6e|b2a21b508dd63c644bbbe0b455c81a45af3ffec83f546de46638c91230cd9712,heldout_dense_AV_support_and_family
transductive_capacity,transductive_fit,s01_p01_seed20260740,64,1,oracle_trajectory_width_family,3,0.25,12100.814453125,44.20057678222656,1.2209646701812744,0.0604375244896479,0.010044868318420363,0.010559376689775937,17,oracle_trajectory_width_semantic64|oracle_trajectory_width_semantic64|oracle_trajectory_width_semantic64,3e4f0a2fd9498da7c1440a355a22b6292161a5216c63aa0bc59b5a4742fd1e36|3e4f0a2fd9498da7c1440a355a22b6292161a5216c63aa0bc59b5a4742fd1e36|3e4f0a2fd9498da7c1440a355a22b6292161a5216c63aa0bc59b5a4742fd1e36,heldout_dense_AV_support_and_family
transductive_capacity,transductive_fit,s01_p01_seed20260740,64,2,oracle_trajectory_width_family,3,0.25,4643.111328125,33.90819549560547,4.435962200164795,0.0854570291361557,0.030909314247849526,0.03287774076873002,49,oracle_trajectory_width_value64|oracle_trajectory_width_semantic64|oracle_trajectory_width_semantic64,945f21b5904a0004a2b7dc059611058b4753513e08155979f8cd3dedb7b6c8c3|3e4f0a2fd9498da7c1440a355a22b6292161a5216c63aa0bc59b5a4742fd1e36|3e4f0a2fd9498da7c1440a355a22b6292161a5216c63aa0bc59b5a4742fd1e36,heldout_dense_AV_support_and_family
transductive_capacity,transductive_fit,s01_p01_seed20260740,64,3,oracle_trajectory_width_family,3,0.25,6890.8505859375,4.5439043045043945,0.39183786511421204,0.025679003804053774,0.00754078891807406,0.004514342157971975,11,oracle_trajectory_width_semantic64|oracle_trajectory_width_semantic64|oracle_trajectory_width_value64,3e4f0a2fd9498da7c1440a355a22b6292161a5216c63aa0bc59b5a4742fd1e36|3e4f0a2fd9498da7c1440a355a22b6292161a5216c63aa0bc59b5a4742fd1e36|c2b117a06da866c97e1fd3706503401148cd2f1675df17ff14a55b1ce80fbca2,heldout_dense_AV_support_and_family
transductive_capacity,transductive_fit,s01_p01_seed20260740,64,4,oracle_trajectory_width_family,3,0.25,7283.109375,40.43748474121094,0.31170418858528137,0.07451327485339714,0.006542035599540201,0.0048856601151792516,8,oracle_trajectory_width_semantic64|oracle_trajectory_width_fixed64|oracle_trajectory_width_fixed64,3e4f0a2fd9498da7c1440a355a22b6292161a5216c63aa0bc59b5a4742fd1e36|a35aa6f307080aa77e2ddf4ca73dce21a0ef6a5d9934a1c4446c29235a7eba72|754daeebbf74703d2ab5f11522f8cc8f38e4380b1403134d4662f6dc5304f4eb,heldout_dense_AV_support_and_family
transductive_capacity,transductive_fit,s01_p01_seed20260740,64,5,oracle_trajectory_width_family,3,0.25,3322.41357421875,7.556268215179443,0.5409602522850037,0.047689946619617805,0.012760151529082478,0.012151971615696172,21,oracle_trajectory_width_value64|oracle_trajectory_width_value64|oracle_trajectory_width_value64,8d419582b9f4d24b97cfe44b53a0e1b775c8b6bbc92f702556be8d65f9f37471|4a0d796ac19f830a9c26d7838b976fba87feb6543139c8ebaa1bfe8893f22128|8914867fc0845606e313fd66ad8d971c39e43933952b082ad100b3688348ab02,heldout_dense_AV_support_and_family
transductive_capacity,transductive_fit,s01_p01_seed20260740,64,6,oracle_trajectory_width_family,3,0.25,1874.5316162109375,36.89155578613281,1.414642333984375,0.1402868941797839,0.02747115633114994,0.026051857436222865,42,oracle_trajectory_width_semantic64|oracle_trajectory_width_semantic64|oracle_trajectory_width_semantic64,3e4f0a2fd9498da7c1440a355a22b6292161a5216c63aa0bc59b5a4742fd1e36|3e4f0a2fd9498da7c1440a355a22b6292161a5216c63aa0bc59b5a4742fd1e36|3e4f0a2fd9498da7c1440a355a22b6292161a5216c63aa0bc59b5a4742fd1e36,heldout_dense_AV_support_and_family
transductive_capacity,transductive_fit,s01_p01_seed20260740,64,7,oracle_trajectory_width_family,3,0.25,4290.2568359375,39.11510467529297,3.6930465698242188,0.0954839996264122,0.029339367436050864,0.02450987199125246,46,oracle_trajectory_width_semantic64|oracle_trajectory_width_semantic64|oracle_trajectory_width_value64,3e4f0a2fd9498da7c1440a355a22b6292161a5216c63aa0bc59b5a4742fd1e36|3e4f0a2fd9498da7c1440a355a22b6292161a5216c63aa0bc59b5a4742fd1e36|cf5c3e5575150e4175c2f6539874ccdd709036cf4b16430c0db5d88a647b94e6,heldout_dense_AV_support_and_family
transductive_capacity,transductive_fit,s01_p01_seed20260740,64,8,oracle_trajectory_width_family,3,0.25,6893.96435546875,4.4249114990234375,0.35942184925079346,0.025334817353731297,0.0072205074490598094,0.005370257929261562,11,oracle_trajectory_width_value64|oracle_trajectory_width_value64|oracle_trajectory_width_semantic64,f2ed657022f88345c2383b88ca8e26bb0a2d0016093b398b24174add033388a8|e239deb8848d7486b21f87262d76756b150f9a4f1b4b82e2037e3f44a26eeae7|3e4f0a2fd9498da7c1440a355a22b6292161a5216c63aa0bc59b5a4742fd1e36,heldout_dense_AV_support_and_family
transductive_capacity,transductive_fit,s01_p01_seed20260740,64,9,oracle_trajectory_width_family,3,0.25,5101.15576171875,33.46953582763672,2.020596742630005,0.08100103204591286,0.019902403731341372,0.020558905685321455,34,oracle_trajectory_width_semantic64|oracle_trajectory_width_semantic64|oracle_trajectory_width_value64,3e4f0a2fd9498da7c1440a355a22b6292161a5216c63aa0bc59b5a4742fd1e36|3e4f0a2fd9498da7c1440a355a22b6292161a5216c63aa0bc59b5a4742fd1e36|34b164bb00098f54d335a17b60a5a5c2a76bad0c77d46c3b3c6a2c25cf9bb85f,heldout_dense_AV_support_and_family
transductive_capacity,transductive_fit,s01_p01_seed20260740,64,10,oracle_trajectory_width_family,3,0.25,5414.9072265625,14.022270202636719,0.9600322246551514,0.05088779764693049,0.013315190839171565,0.01387169000176379,22,oracle_trajectory_width_value64|oracle_trajectory_width_semantic64|oracle_trajectory_width_value64,ef0e6722675c1938fd469176a8b2a1d56ca831e01678dc1c0e1b8135f38b95f1|3e4f0a2fd9498da7c1440a355a22b6292161a5216c63aa0bc59b5a4742fd1e36|7e12da13f4060a52e76a5090ca391b671f520965d0d54d50e7149c0ac24fc386,heldout_dense_AV_support_and_family
transductive_capacity,transductive_fit,s01_p01_seed20260740,64,11,oracle_trajectory_width_family,3,0.25,10977.767578125,39.68260955810547,2.341585874557495,0.06012333964576073,0.014604881210656357,0.016112755859995657,23,oracle_trajectory_width_semantic64|oracle_trajectory_width_semantic64|oracle_trajectory_width_semantic64,3e4f0a2fd9498da7c1440a355a22b6292161a5216c63aa0bc59b5a4742fd1e36|3e4f0a2fd9498da7c1440a355a22b6292161a5216c63aa0bc59b5a4742fd1e36|3e4f0a2fd9498da7c1440a355a22b6292161a5216c63aa0bc59b5a4742fd1e36,heldout_dense_AV_support_and_family
transductive_capacity,transductive_fit,s01_p01_seed20260740,64,0,oracle_trajectory_width_fixed64,3,0.25,8908.806640625,51.45580291748047,0.6529687643051147,0.07599891868588937,0.00856123536563414,0.005311749530786623,13,,c14c9560be6a56d87c595473c3006b4a5eaa1088401644693729eb80942289f6|8f0fafa44e2b652e9bf728cbfe2b4261fe8ea664fec0ccfba2eea83010415b6e|b2a21b508dd63c644bbbe0b455c81a45af3ffec83f546de46638c91230cd9712,heldout_dense_AV_support_and_family
transductive_capacity,transductive_fit,s01_p01_seed20260740,64,1,oracle_trajectory_width_fixed64,3,0.25,12100.814453125,60.33484649658203,8.041532516479492,0.07061172240189677,0.025778765167267736,0.02063494300673344,46,,d232db8c9c68528ee19f8906f1374fc918c642cd11fc57b2faa2441f741e7765|3daf98f692ba56a05f081cc7ff8f6fdfe92573dfdfc79e88ae08d13f2b959910|3f7f57f09b824ef1d4170aef41c9c5494f801d5d7949c6b7bdf0ddffe8e8640d,heldout_dense_AV_support_and_family
transductive_capacity,transductive_fit,s01_p01_seed20260740,64,2,oracle_trajectory_width_fixed64,3,0.25,4643.111328125,138.66073608398438,9.439480781555176,0.17281132584884099,0.04508888593971618,0.046316027457199524,68,,aae307cfec570affb7242fbbc91014f6ac06577a1f71c68062540fa22387200c|9c889bceeb10e81bb40f344294714681f2c7836c76bd85a8550fdac19ef8461f|9e5f566be72a0fe10cf71e53d21a9c9763aab308b65d19f0953d4f54c541b65b,heldout_dense_AV_support_and_family
transductive_capacity,transductive_fit,s01_p01_seed20260740,64,3,oracle_trajectory_width_fixed64,3,0.25,6890.8505859375,19.115612030029297,2.3113155364990234,0.05266931706657741,0.018314421398236504,0.017285099617932797,31,,bac4ed74ebe7db46c75ebc923cd6e496f876a1236fef39eea3eb102e9fca040c|6f58de9c8d3c6c04a58e17366bbcf7b18e65362ca74ccfd8a28b1f727698a69e|a912bf8da182a02a636d3bbd745ef9e70cbe859d439a25bf76794b723281affd,heldout_dense_AV_support_and_family
transductive_capacity,transductive_fit,s01_p01_seed20260740,64,4,oracle_trajectory_width_fixed64,3,0.25,7283.109375,43.687225341796875,0.42573511600494385,0.0774495351222844,0.007645595560000994,0.0048856601151792516,11,,d503f98b668deeb7b6170b6db32e4165ccb09c39997d1e7365eb5e21cd36779a|a35aa6f307080aa77e2ddf4ca73dce21a0ef6a5d9934a1c4446c29235a7eba72|754daeebbf74703d2ab5f11522f8cc8f38e4380b1403134d4662f6dc5304f4eb,heldout_dense_AV_support_and_family
transductive_capacity,transductive_fit,s01_p01_seed20260740,64,5,oracle_trajectory_width_fixed64,3,0.25,3322.41357421875,13.27944564819336,1.19650137424469,0.06322125702310914,0.018977096002658598,0.016002437432362904,31,,aa6d6f9bf1e5bb151d5ace07d1464494b3bab88f19ad0a279df105fd8e59c7c4|34351ffe985cd375ebc291dd6fbe03e490e3a70383bfcb42160d1dc35a8654b2|519e08ae2118c8e6707eb00f873623d1262fbc636e554a1b966d1b74dbc12244,heldout_dense_AV_support_and_family
transductive_capacity,transductive_fit,s01_p01_seed20260740,64,6,oracle_trajectory_width_fixed64,3,0.25,1874.5316162109375,78.5386962890625,5.5375566482543945,0.2046894500141089,0.05435164665524185,0.045463917903436186,65,,0b03cb667f8182710d34c3fa9971d62e4ac129a670469ec6c08469169c472b84|089c5d8fa98260d38d28a8a6fc9d3ad7cef42cd08243abe6bc0d017b2069b559|b7ad87bb9a86c5dc77b17d8e3b2a58625182f9c51d9826f7bff6db112066097f,heldout_dense_AV_support_and_family
transductive_capacity,transductive_fit,s01_p01_seed20260740,64,7,oracle_trajectory_width_fixed64,3,0.25,4290.2568359375,77.19343566894531,9.376238822937012,0.13413698464681542,0.04674903864493829,0.036722652421871574,67,,4548db7c4578dc3f8fbe8b147f22f56845c0486a607bf55874934b0bc4b5dc23|d4c323b7e79fa6d00ef2f07c9b2f49922d291c1dd4e8708be9b545d93383f382|99bbd1e3b10ac96cb2b1c48a02fef102fbeb57329d4aef22f13b552ba707239d,heldout_dense_AV_support_and_family
transductive_capacity,transductive_fit,s01_p01_seed20260740,64,8,oracle_trajectory_width_fixed64,3,0.25,6893.96435546875,12.230438232421875,1.1222617626190186,0.04211981863954437,0.012758880393222103,0.011875868031070592,21,,a29b9016efae2e8b9d7a10345169d9f5ca07991a66d52f5af49e0093ebb08283|3c91de9885923f8684dce9ebeeda639748500acaba1a422c6a60b2c2f750bdbc|7953a371eb25d5e3d7be800fd365f00cfc8ac5b07bc1b03df7c5d2cbc69b897b,heldout_dense_AV_support_and_family
transductive_capacity,transductive_fit,s01_p01_seed20260740,64,9,oracle_trajectory_width_fixed64,3,0.25,5101.15576171875,60.08530044555664,5.367474555969238,0.10853000579324827,0.03243774869117452,0.02847709419440655,51,,8987ec2cb1a2e1e0a2ac9de545ebad496dd75b9f8c16191db5db6cc9aad06dc2|b6eec44573e8677b6c9b6ab0a3a531d57f49747c4ef95fb9047bb39445f5f6fe|1eb7baca6902cbe4a4b7829b0a0cbe732a0c628c8f140f66c12b21a353c98430,heldout_dense_AV_support_and_family
transductive_capacity,transductive_fit,s01_p01_seed20260740,64,10,oracle_trajectory_width_fixed64,3,0.25,5414.9072265625,21.714611053466797,1.9053127765655518,0.06332577554539325,0.018758047433910137,0.016200542682952308,31,,1d1709ab1e5ff8ebd1d72a916c2f052fd0b8618a0239cfcc52cfa9c4a069adc8|e162a0a4c47e3c640b7798e0e676dc2c5a228f3f0741d5e4c94536b604690fbd|cfbb7687819fa858b678b9c039b77e736417e7e1976ef97ba4b8fab6c8c0aa40,heldout_dense_AV_support_and_family
transductive_capacity,transductive_fit,s01_p01_seed20260740,64,11,oracle_trajectory_width_fixed64,3,0.25,10977.767578125,49.20051574707031,6.25240421295166,0.06694648998774073,0.023865278549369894,0.018734233390959944,43,,3505aae5d52b0bea9c47ff572626ead7004e94968dcf00d51bd47d2026a10c7d|2ab9f434e23e126db4f83356d38dbde44f819f0aaaeb5682979cff684a5a9f00|f2138b034d18a8e84ccd24a50285a7b9397192c3bd6e327005546b8cde644650,heldout_dense_AV_support_and_family
transductive_capacity,transductive_fit,s01_p01_seed20260740,64,0,oracle_trajectory_width_semantic64,3,0.25,8908.806640625,10.195106506347656,0.42742055654525757,0.033828762971331916,0.0069265653537590715,0.0063862885391513845,10,,3e4f0a2fd9498da7c1440a355a22b6292161a5216c63aa0bc59b5a4742fd1e36|3e4f0a2fd9498da7c1440a355a22b6292161a5216c63aa0bc59b5a4742fd1e36|3e4f0a2fd9498da7c1440a355a22b6292161a5216c63aa0bc59b5a4742fd1e36,heldout_dense_AV_support_and_family
transductive_capacity,transductive_fit,s01_p01_seed20260740,64,1,oracle_trajectory_width_semantic64,3,0.25,12100.814453125,44.20057678222656,1.2209646701812744,0.0604375244896479,0.010044868318420363,0.010559376689775937,17,,3e4f0a2fd9498da7c1440a355a22b6292161a5216c63aa0bc59b5a4742fd1e36|3e4f0a2fd9498da7c1440a355a22b6292161a5216c63aa0bc59b5a4742fd1e36|3e4f0a2fd9498da7c1440a355a22b6292161a5216c63aa0bc59b5a4742fd1e36,heldout_dense_AV_support_and_family
transductive_capacity,transductive_fit,s01_p01_seed20260740,64,2,oracle_trajectory_width_semantic64,3,0.25,4643.111328125,33.43251419067383,4.279593467712402,0.08485549482912917,0.03035964643636648,0.03287774076873002,49,,3e4f0a2fd9498da7c1440a355a22b6292161a5216c63aa0bc59b5a4742fd1e36|3e4f0a2fd9498da7c1440a355a22b6292161a5216c63aa0bc59b5a4742fd1e36|3e4f0a2fd9498da7c1440a355a22b6292161a5216c63aa0bc59b5a4742fd1e36,heldout_dense_AV_support_and_family
transductive_capacity,transductive_fit,s01_p01_seed20260740,64,3,oracle_trajectory_width_semantic64,3,0.25,6890.8505859375,4.580331802368164,0.4032649099826813,0.025781729841218307,0.00764995358581957,0.004514342157971975,11,,3e4f0a2fd9498da7c1440a355a22b6292161a5216c63aa0bc59b5a4742fd1e36|3e4f0a2fd9498da7c1440a355a22b6292161a5216c63aa0bc59b5a4742fd1e36|3e4f0a2fd9498da7c1440a355a22b6292161a5216c63aa0bc59b5a4742fd1e36,heldout_dense_AV_support_and_family
transductive_capacity,transductive_fit,s01_p01_seed20260740,64,4,oracle_trajectory_width_semantic64,3,0.25,7283.109375,10.952054977416992,0.9945893883705139,0.0387783558444028,0.011685935760733101,0.010453034702953258,20,,3e4f0a2fd9498da7c1440a355a22b6292161a5216c63aa0bc59b5a4742fd1e36|3e4f0a2fd9498da7c1440a355a22b6292161a5216c63aa0bc59b5a4742fd1e36|3e4f0a2fd9498da7c1440a355a22b6292161a5216c63aa0bc59b5a4742fd1e36,heldout_dense_AV_support_and_family
transductive_capacity,transductive_fit,s01_p01_seed20260740,64,5,oracle_trajectory_width_semantic64,3,0.25,3322.41357421875,10.239910125732422,0.6197903752326965,0.05551639105028485,0.013658266035403172,0.013123230576760838,22,,3e4f0a2fd9498da7c1440a355a22b6292161a5216c63aa0bc59b5a4742fd1e36|3e4f0a2fd9498da7c1440a355a22b6292161a5216c63aa0bc59b5a4742fd1e36|3e4f0a2fd9498da7c1440a355a22b6292161a5216c63aa0bc59b5a4742fd1e36,heldout_dense_AV_support_and_family
transductive_capacity,transductive_fit,s01_p01_seed20260740,64,6,oracle_trajectory_width_semantic64,3,0.25,1874.5316162109375,36.89155578613281,1.414642333984375,0.1402868941797839,0.02747115633114994,0.026051857436222865,42,,3e4f0a2fd9498da7c1440a355a22b6292161a5216c63aa0bc59b5a4742fd1e36|3e4f0a2fd9498da7c1440a355a22b6292161a5216c63aa0bc59b5a4742fd1e36|3e4f0a2fd9498da7c1440a355a22b6292161a5216c63aa0bc59b5a4742fd1e36,heldout_dense_AV_support_and_family
transductive_capacity,transductive_fit,s01_p01_seed20260740,64,7,oracle_trajectory_width_semantic64,3,0.25,4290.2568359375,42.6263427734375,3.793804168701172,0.09967755818702569,0.029736907964809028,0.02450987199125246,46,,3e4f0a2fd9498da7c1440a355a22b6292161a5216c63aa0bc59b5a4742fd1e36|3e4f0a2fd9498da7c1440a355a22b6292161a5216c63aa0bc59b5a4742fd1e36|3e4f0a2fd9498da7c1440a355a22b6292161a5216c63aa0bc59b5a4742fd1e36,heldout_dense_AV_support_and_family
transductive_capacity,transductive_fit,s01_p01_seed20260740,64,8,oracle_trajectory_width_semantic64,3,0.25,6893.96435546875,6.538797855377197,0.4119511842727661,0.030797427317579538,0.007730157827513784,0.005951186606685749,12,,3e4f0a2fd9498da7c1440a355a22b6292161a5216c63aa0bc59b5a4742fd1e36|3e4f0a2fd9498da7c1440a355a22b6292161a5216c63aa0bc59b5a4742fd1e36|3e4f0a2fd9498da7c1440a355a22b6292161a5216c63aa0bc59b5a4742fd1e36,heldout_dense_AV_support_and_family
transductive_capacity,transductive_fit,s01_p01_seed20260740,64,9,oracle_trajectory_width_semantic64,3,0.25,5101.15576171875,40.13398361206055,2.1087944507598877,0.08869963692432442,0.020332127885291977,0.020558905685321455,35,,3e4f0a2fd9498da7c1440a355a22b6292161a5216c63aa0bc59b5a4742fd1e36|3e4f0a2fd9498da7c1440a355a22b6292161a5216c63aa0bc59b5a4742fd1e36|3e4f0a2fd9498da7c1440a355a22b6292161a5216c63aa0bc59b5a4742fd1e36,heldout_dense_AV_support_and_family
transductive_capacity,transductive_fit,s01_p01_seed20260740,64,10,oracle_trajectory_width_semantic64,3,0.25,5414.9072265625,15.465093612670898,0.983635425567627,0.053441761737662616,0.013477879542588138,0.01387169000176379,22,,3e4f0a2fd9498da7c1440a355a22b6292161a5216c63aa0bc59b5a4742fd1e36|3e4f0a2fd9498da7c1440a355a22b6292161a5216c63aa0bc59b5a4742fd1e36|3e4f0a2fd9498da7c1440a355a22b6292161a5216c63aa0bc59b5a4742fd1e36,heldout_dense_AV_support_and_family
transductive_capacity,transductive_fit,s01_p01_seed20260740,64,11,oracle_trajectory_width_semantic64,3,0.25,10977.767578125,39.68260955810547,2.341585874557495,0.06012333964576073,0.014604881210656357,0.016112755859995657,23,,3e4f0a2fd9498da7c1440a355a22b6292161a5216c63aa0bc59b5a4742fd1e36|3e4f0a2fd9498da7c1440a355a22b6292161a5216c63aa0bc59b5a4742fd1e36|3e4f0a2fd9498da7c1440a355a22b6292161a5216c63aa0bc59b5a4742fd1e36,heldout_dense_AV_support_and_family
transductive_capacity,transductive_fit,s01_p01_seed20260740,64,0,oracle_trajectory_width_value64,3,0.25,8908.806640625,10.063603401184082,0.435913622379303,0.03360988218604857,0.006995044054648319,0.006580322342668029,10,,ebac533dc162330e09e9b1e6cfc07319450ae2641c31ba37d057730c4a54bb7e|fda3976a3eb2fb00c32ad1a3e952c4ac1c6096ea2a8224cf495405b193808cbf|816df43b2c07dfb2260c9249cfe4bc5316d9d94d35ec96d9c6e49b44e85ec68d,heldout_dense_AV_support_and_family
transductive_capacity,transductive_fit,s01_p01_seed20260740,64,1,oracle_trajectory_width_value64,3,0.25,12100.814453125,39.594749450683594,2.018399238586426,0.05720203754427593,0.01291505428497075,0.015440464824120438,21,,bab74eac669732e8145b1a239197f91f54f363190577599cc7755b54790c3a04|36cea6dee1172d5da598ee7613029d39095577d0a245f362650b8afb0d3ff118|69e70e38a8914ea356f45154444951f0f12f3f7a6a44188276faeca68793d3ba,heldout_dense_AV_support_and_family
transductive_capacity,transductive_fit,s01_p01_seed20260740,64,2,oracle_trajectory_width_value64,3,0.25,4643.111328125,36.1875,4.843984603881836,0.08828252418906388,0.032299576540786606,0.03605421483948504,51,,945f21b5904a0004a2b7dc059611058b4753513e08155979f8cd3dedb7b6c8c3|0ec9e3ec717b57a9959a52b546e5d05f8000a8298b81d3e10b33f0724c5f3bcf|618c70baa804356b738a8a61034086c037e32be6c552ace78f0c3a54018384a5,heldout_dense_AV_support_and_family
transductive_capacity,transductive_fit,s01_p01_seed20260740,64,3,oracle_trajectory_width_value64,3,0.25,6890.8505859375,4.401546955108643,0.4161131978034973,0.025273550259532197,0.00777086436323499,0.004678903644005361,12,,bcf719ccfe4c04965fe6bc917b32e09e63973108b86a23cb0288361c06a79d39|98666e568aae54982fbd73941eb469d359b9dc097fe87c4c650e7a3bce852f04|c2b117a06da866c97e1fd3706503401148cd2f1675df17ff14a55b1ce80fbca2,heldout_dense_AV_support_and_family
transductive_capacity,transductive_fit,s01_p01_seed20260740,64,4,oracle_trajectory_width_value64,3,0.25,7283.109375,10.76101303100586,0.9682285785675049,0.03843865320074052,0.011530032530500653,0.010250847394016183,20,,c5c9343040e74a2a1c8555e66ceeed0310d39ece7d2695ed770485d11292d872|0ee25d0b8a4297dde1a49f7fc4e41a7f206a00f357efcee478bf7de6e3471fd5|aeac49f88cdc1982430f52ecf3a2f5d05b20696e9dc5f8e0a2b127debf7263c9,heldout_dense_AV_support_and_family
transductive_capacity,transductive_fit,s01_p01_seed20260740,64,5,oracle_trajectory_width_value64,3,0.25,3322.41357421875,7.556268215179443,0.5409602522850037,0.047689946619617805,0.012760151529082478,0.012151971615696172,21,,8d419582b9f4d24b97cfe44b53a0e1b775c8b6bbc92f702556be8d65f9f37471|4a0d796ac19f830a9c26d7838b976fba87feb6543139c8ebaa1bfe8893f22128|8914867fc0845606e313fd66ad8d971c39e43933952b082ad100b3688348ab02,heldout_dense_AV_support_and_family
transductive_capacity,transductive_fit,s01_p01_seed20260740,64,6,oracle_trajectory_width_value64,3,0.25,1874.5316162109375,42.70038604736328,1.5471264123916626,0.150927895312921,0.028728735796667695,0.026940900569432474,43,,5141bbf2e9d62f96048e58fe25012fba8ebf8315f8c7acdcacc133ce0ec1a894|f3bafd946ea462eb9d6f7b3c89da3e4000cee645e85309c8bf9633ed72903c21|5e7cb4656fe274f055dde77d1a75c37a72cafbdad0444024a6f5f9b97fa446d4,heldout_dense_AV_support_and_family
transductive_capacity,transductive_fit,s01_p01_seed20260740,64,7,oracle_trajectory_width_value64,3,0.25,4290.2568359375,40.470726013183594,3.700740337371826,0.0971245124438536,0.029369913060706524,0.024615396857381483,47,,030b78e4ead4ee33fb0b52e838949c15acd095c90cac864c2dd7160af62adbe3|1773445005b948a6321e3d107caf460537af45380efa73f70d060d01a48bb4ff|cf5c3e5575150e4175c2f6539874ccdd709036cf4b16430c0db5d88a647b94e6,heldout_dense_AV_support_and_family
transductive_capacity,transductive_fit,s01_p01_seed20260740,64,8,oracle_trajectory_width_value64,3,0.25,6893.96435546875,4.552910804748535,0.3741660416126251,0.02569863489330065,0.007367118710257457,0.005370257929261562,11,,f2ed657022f88345c2383b88ca8e26bb0a2d0016093b398b24174add033388a8|e239deb8848d7486b21f87262d76756b150f9a4f1b4b82e2037e3f44a26eeae7|5141bbf2e9d62f96048e58fe25012fba8ebf8315f8c7acdcacc133ce0ec1a894,heldout_dense_AV_support_and_family
transductive_capacity,transductive_fit,s01_p01_seed20260740,64,9,oracle_trajectory_width_value64,3,0.25,5101.15576171875,31.501834869384766,2.241957664489746,0.07858390987179328,0.02096425392433647,0.021526008762864528,36,,a5a2207159d3f2cd209fd6b8dd17a4c5379dba198942ebf2328cca473cfaaebe|980b56b344330fd7232bc7b21b76f60e327d2d3867b1d9bce7c6db98849234aa|34b164bb00098f54d335a17b60a5a5c2a76bad0c77d46c3b3c6a2c25cf9bb85f,heldout_dense_AV_support_and_family
transductive_capacity,transductive_fit,s01_p01_seed20260740,64,10,oracle_trajectory_width_value64,3,0.25,5414.9072265625,12.453468322753906,0.9575048685073853,0.04795673967703237,0.01329765267443038,0.014394758646375135,22,,ef0e6722675c1938fd469176a8b2a1d56ca831e01678dc1c0e1b8135f38b95f1|2c7e73d46aebddfe193c6987797252e1aec2e641e826a7ac8959ba36635b865d|7e12da13f4060a52e76a5090ca391b671f520965d0d54d50e7149c0ac24fc386,heldout_dense_AV_support_and_family
transductive_capacity,transductive_fit,s01_p01_seed20260740,64,11,oracle_trajectory_width_value64,3,0.25,10977.767578125,30.374492645263672,2.7598421573638916,0.0526014238928676,0.01585568854555878,0.0193387149677079,27,,626d8a3ac6616a892eb620e5253a82884ee15582d231731b74900ed115414958|711b2673dec5628212dd7b1d0cdc2328874d9ab2d6146a1b60d8ad8019c44e19|e73324e3c97c3659dfe3553ba81323341b20abfbec83a767b977bb9b035aee1a,heldout_dense_AV_support_and_family
transductive_capacity,transductive_fit,s01_p01_seed20260740,64,0,proxy_fixed64_qk,3,0.25,8908.806640625,51.45580291748047,0.6529687643051147,0.07599891868588937,0.00856123536563414,0.005311749530786623,13,,c14c9560be6a56d87c595473c3006b4a5eaa1088401644693729eb80942289f6|8f0fafa44e2b652e9bf728cbfe2b4261fe8ea664fec0ccfba2eea83010415b6e|b2a21b508dd63c644bbbe0b455c81a45af3ffec83f546de46638c91230cd9712,current_QKV_only_proxy
transductive_capacity,transductive_fit,s01_p01_seed20260740,64,1,proxy_fixed64_qk,3,0.25,12100.814453125,60.33484649658203,8.041532516479492,0.07061172240189677,0.025778765167267736,0.02063494300673344,46,,d232db8c9c68528ee19f8906f1374fc918c642cd11fc57b2faa2441f741e7765|3daf98f692ba56a05f081cc7ff8f6fdfe92573dfdfc79e88ae08d13f2b959910|3f7f57f09b824ef1d4170aef41c9c5494f801d5d7949c6b7bdf0ddffe8e8640d,current_QKV_only_proxy
transductive_capacity,transductive_fit,s01_p01_seed20260740,64,2,proxy_fixed64_qk,3,0.25,4643.111328125,138.66073608398438,9.439480781555176,0.17281132584884099,0.04508888593971618,0.046316027457199524,68,,aae307cfec570affb7242fbbc91014f6ac06577a1f71c68062540fa22387200c|9c889bceeb10e81bb40f344294714681f2c7836c76bd85a8550fdac19ef8461f|9e5f566be72a0fe10cf71e53d21a9c9763aab308b65d19f0953d4f54c541b65b,current_QKV_only_proxy
transductive_capacity,transductive_fit,s01_p01_seed20260740,64,3,proxy_fixed64_qk,3,0.25,6890.8505859375,19.115612030029297,2.3113155364990234,0.05266931706657741,0.018314421398236504,0.017285099617932797,31,,bac4ed74ebe7db46c75ebc923cd6e496f876a1236fef39eea3eb102e9fca040c|6f58de9c8d3c6c04a58e17366bbcf7b18e65362ca74ccfd8a28b1f727698a69e|a912bf8da182a02a636d3bbd745ef9e70cbe859d439a25bf76794b723281affd,current_QKV_only_proxy
transductive_capacity,transductive_fit,s01_p01_seed20260740,64,4,proxy_fixed64_qk,3,0.25,7283.109375,43.687225341796875,0.42573511600494385,0.0774495351222844,0.007645595560000994,0.0048856601151792516,11,,d503f98b668deeb7b6170b6db32e4165ccb09c39997d1e7365eb5e21cd36779a|a35aa6f307080aa77e2ddf4ca73dce21a0ef6a5d9934a1c4446c29235a7eba72|754daeebbf74703d2ab5f11522f8cc8f38e4380b1403134d4662f6dc5304f4eb,current_QKV_only_proxy
transductive_capacity,transductive_fit,s01_p01_seed20260740,64,5,proxy_fixed64_qk,3,0.25,3322.41357421875,13.27944564819336,1.19650137424469,0.06322125702310914,0.018977096002658598,0.016002437432362904,31,,aa6d6f9bf1e5bb151d5ace07d1464494b3bab88f19ad0a279df105fd8e59c7c4|34351ffe985cd375ebc291dd6fbe03e490e3a70383bfcb42160d1dc35a8654b2|519e08ae2118c8e6707eb00f873623d1262fbc636e554a1b966d1b74dbc12244,current_QKV_only_proxy
transductive_capacity,transductive_fit,s01_p01_seed20260740,64,6,proxy_fixed64_qk,3,0.25,1874.5316162109375,78.5386962890625,5.5375566482543945,0.2046894500141089,0.05435164665524185,0.045463917903436186,65,,0b03cb667f8182710d34c3fa9971d62e4ac129a670469ec6c08469169c472b84|089c5d8fa98260d38d28a8a6fc9d3ad7cef42cd08243abe6bc0d017b2069b559|b7ad87bb9a86c5dc77b17d8e3b2a58625182f9c51d9826f7bff6db112066097f,current_QKV_only_proxy
transductive_capacity,transductive_fit,s01_p01_seed20260740,64,7,proxy_fixed64_qk,3,0.25,4290.2568359375,77.19343566894531,9.376238822937012,0.13413698464681542,0.04674903864493829,0.036722652421871574,67,,4548db7c4578dc3f8fbe8b147f22f56845c0486a607bf55874934b0bc4b5dc23|d4c323b7e79fa6d00ef2f07c9b2f49922d291c1dd4e8708be9b545d93383f382|99bbd1e3b10ac96cb2b1c48a02fef102fbeb57329d4aef22f13b552ba707239d,current_QKV_only_proxy
transductive_capacity,transductive_fit,s01_p01_seed20260740,64,8,proxy_fixed64_qk,3,0.25,6893.96435546875,12.230438232421875,1.1222617626190186,0.04211981863954437,0.012758880393222103,0.011875868031070592,21,,a29b9016efae2e8b9d7a10345169d9f5ca07991a66d52f5af49e0093ebb08283|3c91de9885923f8684dce9ebeeda639748500acaba1a422c6a60b2c2f750bdbc|7953a371eb25d5e3d7be800fd365f00cfc8ac5b07bc1b03df7c5d2cbc69b897b,current_QKV_only_proxy
transductive_capacity,transductive_fit,s01_p01_seed20260740,64,9,proxy_fixed64_qk,3,0.25,5101.15576171875,60.08530044555664,5.367474555969238,0.10853000579324827,0.03243774869117452,0.02847709419440655,51,,8987ec2cb1a2e1e0a2ac9de545ebad496dd75b9f8c16191db5db6cc9aad06dc2|b6eec44573e8677b6c9b6ab0a3a531d57f49747c4ef95fb9047bb39445f5f6fe|1eb7baca6902cbe4a4b7829b0a0cbe732a0c628c8f140f66c12b21a353c98430,current_QKV_only_proxy
transductive_capacity,transductive_fit,s01_p01_seed20260740,64,10,proxy_fixed64_qk,3,0.25,5414.9072265625,21.714611053466797,1.9053127765655518,0.06332577554539325,0.018758047433910137,0.016200542682952308,31,,1d1709ab1e5ff8ebd1d72a916c2f052fd0b8618a0239cfcc52cfa9c4a069adc8|e162a0a4c47e3c640b7798e0e676dc2c5a228f3f0741d5e4c94536b604690fbd|cfbb7687819fa858b678b9c039b77e736417e7e1976ef97ba4b8fab6c8c0aa40,current_QKV_only_proxy
transductive_capacity,transductive_fit,s01_p01_seed20260740,64,11,proxy_fixed64_qk,3,0.25,10977.767578125,49.20051574707031,6.25240421295166,0.06694648998774073,0.023865278549369894,0.018734233390959944,43,,3505aae5d52b0bea9c47ff572626ead7004e94968dcf00d51bd47d2026a10c7d|2ab9f434e23e126db4f83356d38dbde44f819f0aaaeb5682979cff684a5a9f00|f2138b034d18a8e84ccd24a50285a7b9397192c3bd6e327005546b8cde644650,current_QKV_only_proxy
transductive_capacity,transductive_fit,s01_p01_seed20260740,64,0,proxy_svg2_style_semantic64,3,0.25,8908.806640625,10.195106506347656,0.42742055654525757,0.033828762971331916,0.0069265653537590715,0.0063862885391513845,10,,3e4f0a2fd9498da7c1440a355a22b6292161a5216c63aa0bc59b5a4742fd1e36|3e4f0a2fd9498da7c1440a355a22b6292161a5216c63aa0bc59b5a4742fd1e36|3e4f0a2fd9498da7c1440a355a22b6292161a5216c63aa0bc59b5a4742fd1e36,current_QKV_only_proxy
transductive_capacity,transductive_fit,s01_p01_seed20260740,64,1,proxy_svg2_style_semantic64,3,0.25,12100.814453125,44.20057678222656,1.2209646701812744,0.0604375244896479,0.010044868318420363,0.010559376689775937,17,,3e4f0a2fd9498da7c1440a355a22b6292161a5216c63aa0bc59b5a4742fd1e36|3e4f0a2fd9498da7c1440a355a22b6292161a5216c63aa0bc59b5a4742fd1e36|3e4f0a2fd9498da7c1440a355a22b6292161a5216c63aa0bc59b5a4742fd1e36,current_QKV_only_proxy
transductive_capacity,transductive_fit,s01_p01_seed20260740,64,2,proxy_svg2_style_semantic64,3,0.25,4643.111328125,33.43251419067383,4.279593467712402,0.08485549482912917,0.03035964643636648,0.03287774076873002,49,,3e4f0a2fd9498da7c1440a355a22b6292161a5216c63aa0bc59b5a4742fd1e36|3e4f0a2fd9498da7c1440a355a22b6292161a5216c63aa0bc59b5a4742fd1e36|3e4f0a2fd9498da7c1440a355a22b6292161a5216c63aa0bc59b5a4742fd1e36,current_QKV_only_proxy
transductive_capacity,transductive_fit,s01_p01_seed20260740,64,3,proxy_svg2_style_semantic64,3,0.25,6890.8505859375,4.580331802368164,0.4032649099826813,0.025781729841218307,0.00764995358581957,0.004514342157971975,11,,3e4f0a2fd9498da7c1440a355a22b6292161a5216c63aa0bc59b5a4742fd1e36|3e4f0a2fd9498da7c1440a355a22b6292161a5216c63aa0bc59b5a4742fd1e36|3e4f0a2fd9498da7c1440a355a22b6292161a5216c63aa0bc59b5a4742fd1e36,current_QKV_only_proxy
transductive_capacity,transductive_fit,s01_p01_seed20260740,64,4,proxy_svg2_style_semantic64,3,0.25,7283.109375,10.952054977416992,0.9945893883705139,0.0387783558444028,0.011685935760733101,0.010453034702953258,20,,3e4f0a2fd9498da7c1440a355a22b6292161a5216c63aa0bc59b5a4742fd1e36|3e4f0a2fd9498da7c1440a355a22b6292161a5216c63aa0bc59b5a4742fd1e36|3e4f0a2fd9498da7c1440a355a22b6292161a5216c63aa0bc59b5a4742fd1e36,current_QKV_only_proxy
transductive_capacity,transductive_fit,s01_p01_seed20260740,64,5,proxy_svg2_style_semantic64,3,0.25,3322.41357421875,10.239910125732422,0.6197903752326965,0.05551639105028485,0.013658266035403172,0.013123230576760838,22,,3e4f0a2fd9498da7c1440a355a22b6292161a5216c63aa0bc59b5a4742fd1e36|3e4f0a2fd9498da7c1440a355a22b6292161a5216c63aa0bc59b5a4742fd1e36|3e4f0a2fd9498da7c1440a355a22b6292161a5216c63aa0bc59b5a4742fd1e36,current_QKV_only_proxy
transductive_capacity,transductive_fit,s01_p01_seed20260740,64,6,proxy_svg2_style_semantic64,3,0.25,1874.5316162109375,36.89155578613281,1.414642333984375,0.1402868941797839,0.02747115633114994,0.026051857436222865,42,,3e4f0a2fd9498da7c1440a355a22b6292161a5216c63aa0bc59b5a4742fd1e36|3e4f0a2fd9498da7c1440a355a22b6292161a5216c63aa0bc59b5a4742fd1e36|3e4f0a2fd9498da7c1440a355a22b6292161a5216c63aa0bc59b5a4742fd1e36,current_QKV_only_proxy
transductive_capacity,transductive_fit,s01_p01_seed20260740,64,7,proxy_svg2_style_semantic64,3,0.25,4290.2568359375,42.6263427734375,3.793804168701172,0.09967755818702569,0.029736907964809028,0.02450987199125246,46,,3e4f0a2fd9498da7c1440a355a22b6292161a5216c63aa0bc59b5a4742fd1e36|3e4f0a2fd9498da7c1440a355a22b6292161a5216c63aa0bc59b5a4742fd1e36|3e4f0a2fd9498da7c1440a355a22b6292161a5216c63aa0bc59b5a4742fd1e36,current_QKV_only_proxy
transductive_capacity,transductive_fit,s01_p01_seed20260740,64,8,proxy_svg2_style_semantic64,3,0.25,6893.96435546875,6.538797855377197,0.4119511842727661,0.030797427317579538,0.007730157827513784,0.005951186606685749,12,,3e4f0a2fd9498da7c1440a355a22b6292161a5216c63aa0bc59b5a4742fd1e36|3e4f0a2fd9498da7c1440a355a22b6292161a5216c63aa0bc59b5a4742fd1e36|3e4f0a2fd9498da7c1440a355a22b6292161a5216c63aa0bc59b5a4742fd1e36,current_QKV_only_proxy
transductive_capacity,transductive_fit,s01_p01_seed20260740,64,9,proxy_svg2_style_semantic64,3,0.25,5101.15576171875,40.13398361206055,2.1087944507598877,0.08869963692432442,0.020332127885291977,0.020558905685321455,35,,3e4f0a2fd9498da7c1440a355a22b6292161a5216c63aa0bc59b5a4742fd1e36|3e4f0a2fd9498da7c1440a355a22b6292161a5216c63aa0bc59b5a4742fd1e36|3e4f0a2fd9498da7c1440a355a22b6292161a5216c63aa0bc59b5a4742fd1e36,current_QKV_only_proxy
transductive_capacity,transductive_fit,s01_p01_seed20260740,64,10,proxy_svg2_style_semantic64,3,0.25,5414.9072265625,15.465093612670898,0.983635425567627,0.053441761737662616,0.013477879542588138,0.01387169000176379,22,,3e4f0a2fd9498da7c1440a355a22b6292161a5216c63aa0bc59b5a4742fd1e36|3e4f0a2fd9498da7c1440a355a22b6292161a5216c63aa0bc59b5a4742fd1e36|3e4f0a2fd9498da7c1440a355a22b6292161a5216c63aa0bc59b5a4742fd1e36,current_QKV_only_proxy
transductive_capacity,transductive_fit,s01_p01_seed20260740,64,11,proxy_svg2_style_semantic64,3,0.25,10977.767578125,39.68260955810547,2.341585874557495,0.06012333964576073,0.014604881210656357,0.016112755859995657,23,,3e4f0a2fd9498da7c1440a355a22b6292161a5216c63aa0bc59b5a4742fd1e36|3e4f0a2fd9498da7c1440a355a22b6292161a5216c63aa0bc59b5a4742fd1e36|3e4f0a2fd9498da7c1440a355a22b6292161a5216c63aa0bc59b5a4742fd1e36,current_QKV_only_proxy
transductive_capacity,transductive_fit,s01_p01_seed20260740,64,0,proxy_value_aware_semantic64,3,0.25,8908.806640625,10.063603401184082,0.435913622379303,0.03360988218604857,0.006995044054648319,0.006580322342668029,10,,ebac533dc162330e09e9b1e6cfc07319450ae2641c31ba37d057730c4a54bb7e|fda3976a3eb2fb00c32ad1a3e952c4ac1c6096ea2a8224cf495405b193808cbf|816df43b2c07dfb2260c9249cfe4bc5316d9d94d35ec96d9c6e49b44e85ec68d,current_QKV_only_proxy
transductive_capacity,transductive_fit,s01_p01_seed20260740,64,1,proxy_value_aware_semantic64,3,0.25,12100.814453125,39.594749450683594,2.018399238586426,0.05720203754427593,0.01291505428497075,0.015440464824120438,21,,bab74eac669732e8145b1a239197f91f54f363190577599cc7755b54790c3a04|36cea6dee1172d5da598ee7613029d39095577d0a245f362650b8afb0d3ff118|69e70e38a8914ea356f45154444951f0f12f3f7a6a44188276faeca68793d3ba,current_QKV_only_proxy
transductive_capacity,transductive_fit,s01_p01_seed20260740,64,2,proxy_value_aware_semantic64,3,0.25,4643.111328125,36.1875,4.843984603881836,0.08828252418906388,0.032299576540786606,0.03605421483948504,51,,945f21b5904a0004a2b7dc059611058b4753513e08155979f8cd3dedb7b6c8c3|0ec9e3ec717b57a9959a52b546e5d05f8000a8298b81d3e10b33f0724c5f3bcf|618c70baa804356b738a8a61034086c037e32be6c552ace78f0c3a54018384a5,current_QKV_only_proxy
transductive_capacity,transductive_fit,s01_p01_seed20260740,64,3,proxy_value_aware_semantic64,3,0.25,6890.8505859375,4.401546955108643,0.4161131978034973,0.025273550259532197,0.00777086436323499,0.004678903644005361,12,,bcf719ccfe4c04965fe6bc917b32e09e63973108b86a23cb0288361c06a79d39|98666e568aae54982fbd73941eb469d359b9dc097fe87c4c650e7a3bce852f04|c2b117a06da866c97e1fd3706503401148cd2f1675df17ff14a55b1ce80fbca2,current_QKV_only_proxy
transductive_capacity,transductive_fit,s01_p01_seed20260740,64,4,proxy_value_aware_semantic64,3,0.25,7283.109375,10.76101303100586,0.9682285785675049,0.03843865320074052,0.011530032530500653,0.010250847394016183,20,,c5c9343040e74a2a1c8555e66ceeed0310d39ece7d2695ed770485d11292d872|0ee25d0b8a4297dde1a49f7fc4e41a7f206a00f357efcee478bf7de6e3471fd5|aeac49f88cdc1982430f52ecf3a2f5d05b20696e9dc5f8e0a2b127debf7263c9,current_QKV_only_proxy
transductive_capacity,transductive_fit,s01_p01_seed20260740,64,5,proxy_value_aware_semantic64,3,0.25,3322.41357421875,7.556268215179443,0.5409602522850037,0.047689946619617805,0.012760151529082478,0.012151971615696172,21,,8d419582b9f4d24b97cfe44b53a0e1b775c8b6bbc92f702556be8d65f9f37471|4a0d796ac19f830a9c26d7838b976fba87feb6543139c8ebaa1bfe8893f22128|8914867fc0845606e313fd66ad8d971c39e43933952b082ad100b3688348ab02,current_QKV_only_proxy
transductive_capacity,transductive_fit,s01_p01_seed20260740,64,6,proxy_value_aware_semantic64,3,0.25,1874.5316162109375,42.70038604736328,1.5471264123916626,0.150927895312921,0.028728735796667695,0.026940900569432474,43,,5141bbf2e9d62f96048e58fe25012fba8ebf8315f8c7acdcacc133ce0ec1a894|f3bafd946ea462eb9d6f7b3c89da3e4000cee645e85309c8bf9633ed72903c21|5e7cb4656fe274f055dde77d1a75c37a72cafbdad0444024a6f5f9b97fa446d4,current_QKV_only_proxy
transductive_capacity,transductive_fit,s01_p01_seed20260740,64,7,proxy_value_aware_semantic64,3,0.25,4290.2568359375,40.470726013183594,3.700740337371826,0.0971245124438536,0.029369913060706524,0.024615396857381483,47,,030b78e4ead4ee33fb0b52e838949c15acd095c90cac864c2dd7160af62adbe3|1773445005b948a6321e3d107caf460537af45380efa73f70d060d01a48bb4ff|cf5c3e5575150e4175c2f6539874ccdd709036cf4b16430c0db5d88a647b94e6,current_QKV_only_proxy
transductive_capacity,transductive_fit,s01_p01_seed20260740,64,8,proxy_value_aware_semantic64,3,0.25,6893.96435546875,4.552910804748535,0.3741660416126251,0.02569863489330065,0.007367118710257457,0.005370257929261562,11,,f2ed657022f88345c2383b88ca8e26bb0a2d0016093b398b24174add033388a8|e239deb8848d7486b21f87262d76756b150f9a4f1b4b82e2037e3f44a26eeae7|5141bbf2e9d62f96048e58fe25012fba8ebf8315f8c7acdcacc133ce0ec1a894,current_QKV_only_proxy
transductive_capacity,transductive_fit,s01_p01_seed20260740,64,9,proxy_value_aware_semantic64,3,0.25,5101.15576171875,31.501834869384766,2.241957664489746,0.07858390987179328,0.02096425392433647,0.021526008762864528,36,,a5a2207159d3f2cd209fd6b8dd17a4c5379dba198942ebf2328cca473cfaaebe|980b56b344330fd7232bc7b21b76f60e327d2d3867b1d9bce7c6db98849234aa|34b164bb00098f54d335a17b60a5a5c2a76bad0c77d46c3b3c6a2c25cf9bb85f,current_QKV_only_proxy
transductive_capacity,transductive_fit,s01_p01_seed20260740,64,10,proxy_value_aware_semantic64,3,0.25,5414.9072265625,12.453468322753906,0.9575048685073853,0.04795673967703237,0.01329765267443038,0.014394758646375135,22,,ef0e6722675c1938fd469176a8b2a1d56ca831e01678dc1c0e1b8135f38b95f1|2c7e73d46aebddfe193c6987797252e1aec2e641e826a7ac8959ba36635b865d|7e12da13f4060a52e76a5090ca391b671f520965d0d54d50e7149c0ac24fc386,current_QKV_only_proxy
transductive_capacity,transductive_fit,s01_p01_seed20260740,64,11,proxy_value_aware_semantic64,3,0.25,10977.767578125,30.374492645263672,2.7598421573638916,0.0526014238928676,0.01585568854555878,0.0193387149677079,27,,626d8a3ac6616a892eb620e5253a82884ee15582d231731b74900ed115414958|711b2673dec5628212dd7b1d0cdc2328874d9ab2d6146a1b60d8ad8019c44e19|e73324e3c97c3659dfe3553ba81323341b20abfbec83a767b977bb9b035aee1a,current_QKV_only_proxy
calibration_frozen,validation,s02_p00_seed20260741,64,0,oracle_trajectory_width_family,3,0.25,6239.98828125,39.585716247558594,0.346829891204834,0.07964845696618066,0.007455321436197698,0.008024667532856668,11,oracle_trajectory_width_semantic64|oracle_trajectory_width_fixed64|oracle_trajectory_width_value64,3e4f0a2fd9498da7c1440a355a22b6292161a5216c63aa0bc59b5a4742fd1e36|cc4e6621cd82a892f706e3990508d51dd22463dd4025659f09a43e8f7aebe7c1|8c25d38e3ed89e6d0ee487ffe4c1f64f07f058196794f8802cecdfef7916d771,heldout_dense_AV_support_and_family
calibration_frozen,validation,s02_p00_seed20260741,64,1,oracle_trajectory_width_family,3,0.25,9217.544921875,22.577999114990234,3.615540027618408,0.04949201027611633,0.019805187374655402,0.023884711521957692,34,oracle_trajectory_width_value64|oracle_trajectory_width_fixed64|oracle_trajectory_width_value64,bc7ca7d801379d6175a610b5bbb29ae3cdabb1d014e7b2a6292498a663c4200e|e56722d31c68e91c2cc3a2379c72c83fae2c978755d3956ed94aa2e1acf96984|97a0658a5d5060ce2b2e1f27049ff56c49bb72edcfbf688a9c129ee056d6440e,heldout_dense_AV_support_and_family
calibration_frozen,validation,s02_p00_seed20260741,64,2,oracle_trajectory_width_family,3,0.25,3420.18701171875,43.068504333496094,5.632080554962158,0.1122160476262326,0.040579762620971974,0.035191642092827005,61,oracle_trajectory_width_semantic64|oracle_trajectory_width_fixed64|oracle_trajectory_width_value64,3e4f0a2fd9498da7c1440a355a22b6292161a5216c63aa0bc59b5a4742fd1e36|47f8595af53d03d6541e5e241a42a49f8313e443428660d2c86fdff1c8a1586c|5d2be4f30bf1be1ec9fe1643318c0f90bbe03851cdf0fce01b1b180e6456de27,heldout_dense_AV_support_and_family
calibration_frozen,validation,s02_p00_seed20260741,64,3,oracle_trajectory_width_family,3,0.25,5578.1259765625,4.633654594421387,0.3143969178199768,0.028821572322884247,0.007507493775889985,0.005033358994680399,11,oracle_trajectory_width_semantic64|oracle_trajectory_width_semantic64|oracle_trajectory_width_semantic64,3e4f0a2fd9498da7c1440a355a22b6292161a5216c63aa0bc59b5a4742fd1e36|3e4f0a2fd9498da7c1440a355a22b6292161a5216c63aa0bc59b5a4742fd1e36|3e4f0a2fd9498da7c1440a355a22b6292161a5216c63aa0bc59b5a4742fd1e36,heldout_dense_AV_support_and_family
calibration_frozen,validation,s02_p00_seed20260741,64,4,oracle_trajectory_width_family,3,0.25,5563.5078125,64.90353393554688,0.8239087462425232,0.1080089691306876,0.012169289013285513,0.009308679609647378,22,oracle_trajectory_width_semantic64|oracle_trajectory_width_fixed64|oracle_trajectory_width_fixed64,3e4f0a2fd9498da7c1440a355a22b6292161a5216c63aa0bc59b5a4742fd1e36|e9e8909cf37e5e9696f7585e6cd4bf84037002d027502c2a20b154353c76cb59|ab2172cc5a1d8f060a050fa8e8c19b662bf053653af9b377d2fff724e7be93d6,heldout_dense_AV_support_and_family
calibration_frozen,validation,s02_p00_seed20260741,64,5,oracle_trajectory_width_family,3,0.25,2922.1640625,17.47260856628418,0.6937836408615112,0.07732618357097243,0.015408477547717202,0.008418025760304062,24,oracle_trajectory_width_semantic64|oracle_trajectory_width_value64|oracle_trajectory_width_semantic64,3e4f0a2fd9498da7c1440a355a22b6292161a5216c63aa0bc59b5a4742fd1e36|fc10792aa6a2a5b3fca76ace6cb4c5dae1a0e153b2d4ad6885f63e7a0c19b2af|3e4f0a2fd9498da7c1440a355a22b6292161a5216c63aa0bc59b5a4742fd1e36,heldout_dense_AV_support_and_family
calibration_frozen,validation,s02_p00_seed20260741,64,6,oracle_trajectory_width_family,3,0.25,1577.0855712890625,78.34151458740234,1.8322041034698486,0.22287859050031908,0.034084685925353554,0.029921041378273852,45,oracle_trajectory_width_semantic64|oracle_trajectory_width_value64|oracle_trajectory_width_value64,3e4f0a2fd9498da7c1440a355a22b6292161a5216c63aa0bc59b5a4742fd1e36|9a4fb85abf6aeee655c4a8ae54af59dbd6f9c8ca486a672d28b6c98da5684d7d|512c29a11e165bf0d6da8c432c035249184346bceab6b8b530e7e1bb08442f78,heldout_dense_AV_support_and_family
calibration_frozen,validation,s02_p00_seed20260741,64,7,oracle_trajectory_width_family,3,0.25,3127.29345703125,62.66865921020508,3.813408374786377,0.14156010739670305,0.03491984761942403,0.027916909537854497,49,oracle_trajectory_width_semantic64|oracle_trajectory_width_semantic64|oracle_trajectory_width_value64,3e4f0a2fd9498da7c1440a355a22b6292161a5216c63aa0bc59b5a4742fd1e36|3e4f0a2fd9498da7c1440a355a22b6292161a5216c63aa0bc59b5a4742fd1e36|6751ae213fe358f6afc363a80c530c22f42cdf674926e2bc1fe4d05d5782207f,heldout_dense_AV_support_and_family
calibration_frozen,validation,s02_p00_seed20260741,64,8,oracle_trajectory_width_family,3,0.25,4961.77197265625,2.3624682426452637,0.10987095534801483,0.02182049452003321,0.004705687141010987,0.003667666169015031,7,oracle_trajectory_width_semantic64|oracle_trajectory_width_semantic64|oracle_trajectory_width_semantic64,3e4f0a2fd9498da7c1440a355a22b6292161a5216c63aa0bc59b5a4742fd1e36|3e4f0a2fd9498da7c1440a355a22b6292161a5216c63aa0bc59b5a4742fd1e36|3e4f0a2fd9498da7c1440a355a22b6292161a5216c63aa0bc59b5a4742fd1e36,heldout_dense_AV_support_and_family
calibration_frozen,validation,s02_p00_seed20260741,64,9,oracle_trajectory_width_family,3,0.25,3982.33935546875,78.68995666503906,4.806129455566406,0.14056931231624004,0.03473990283528209,0.030671457757964374,47,oracle_trajectory_width_semantic64|oracle_trajectory_width_value64|oracle_trajectory_width_value64,3e4f0a2fd9498da7c1440a355a22b6292161a5216c63aa0bc59b5a4742fd1e36|817d503f3ffd44256cb2be7a973c03e80fd10667a8a1875032238b6dd8a592b8|72e2f06ed6c5d1e3bb225c65a062c0a11770210c9f2f13297e49837c23d97a41,heldout_dense_AV_support_and_family
calibration_frozen,validation,s02_p00_seed20260741,64,10,oracle_trajectory_width_family,3,0.25,4095.14794921875,11.16921615600586,0.6786981821060181,0.052224771641225666,0.012873704751477654,0.008815863741864001,20,oracle_trajectory_width_semantic64|oracle_trajectory_width_fixed64|oracle_trajectory_width_semantic64,3e4f0a2fd9498da7c1440a355a22b6292161a5216c63aa0bc59b5a4742fd1e36|61d4744849a14ef1ffea0778049480e045364e372b66dc77aea583eb6d07ae55|3e4f0a2fd9498da7c1440a355a22b6292161a5216c63aa0bc59b5a4742fd1e36,heldout_dense_AV_support_and_family
calibration_frozen,validation,s02_p00_seed20260741,64,11,oracle_trajectory_width_family,3,0.25,9000.8603515625,23.489459991455078,3.252892017364502,0.05108513019148941,0.01901046813415554,0.019008259664839315,31,oracle_trajectory_width_semantic64|oracle_trajectory_width_fixed64|oracle_trajectory_width_semantic64,3e4f0a2fd9498da7c1440a355a22b6292161a5216c63aa0bc59b5a4742fd1e36|a1fdc28c360af37ef6dbb2fcac3b367bb082202e105234e4d16cc10b0ed8892a|3e4f0a2fd9498da7c1440a355a22b6292161a5216c63aa0bc59b5a4742fd1e36,heldout_dense_AV_support_and_family
calibration_frozen,validation,s02_p00_seed20260741,64,0,oracle_trajectory_width_fixed64,3,0.25,6239.98828125,64.65299987792969,1.2374955415725708,0.10178937631647915,0.01408250565918393,0.008221654651197204,25,,d9594c31523b2c3e4ca35d496d6310ff42873a2d9549b7f6073170e671939a4a|cc4e6621cd82a892f706e3990508d51dd22463dd4025659f09a43e8f7aebe7c1|a520bb56b6c94a6ec3cea14d02d334b5453d5f5750067b3aa502e4765359219a,heldout_dense_AV_support_and_family
calibration_frozen,validation,s02_p00_seed20260741,64,1,oracle_trajectory_width_fixed64,3,0.25,9217.544921875,29.556997299194336,6.195148468017578,0.05662686576148687,0.025924967939481194,0.023884711521957692,46,,e6344806ff19ff391e4f9241cbee95ef6f8244465101f6a96ea37170a64db7ed|e56722d31c68e91c2cc3a2379c72c83fae2c978755d3956ed94aa2e1acf96984|380108abe9feb5b507d37b69c6d097ce19cfbdd78a933a3abba2e819e2070001,heldout_dense_AV_support_and_family
calibration_frozen,validation,s02_p00_seed20260741,64,2,oracle_trajectory_width_fixed64,3,0.25,3420.18701171875,60.29783630371094,5.98267126083374,0.13277794338166063,0.04182371852727047,0.035191642092827005,69,,9afa3b92b736763d44275090181feace88c0890be9fa7323502df553a99ae3a3|47f8595af53d03d6541e5e241a42a49f8313e443428660d2c86fdff1c8a1586c|df3223325a1708aa042cc001415ddf0feba4c83bb93dfc9e1f198ad4ff9ad289,heldout_dense_AV_support_and_family
calibration_frozen,validation,s02_p00_seed20260741,64,3,oracle_trajectory_width_fixed64,3,0.25,5578.1259765625,28.006813049316406,2.4917383193969727,0.07085780374195204,0.021135233802987166,0.026154457453893977,35,,89c31af4b29323f96822a1a19f3147f84687670ac2d906da7de6c7842f420067|3e94aac48ec336e0c5abc4cb2c236c56ce94e757d3e86eddcd70998f038a8930|df1864511ad68cf8b8db3f3bd4774d59d41030f35b0540439016b39d7dce8066,heldout_dense_AV_support_and_family
calibration_frozen,validation,s02_p00_seed20260741,64,4,oracle_trajectory_width_fixed64,3,0.25,5563.5078125,72.59525299072266,1.2226238250732422,0.11422989048341914,0.01482422766726147,0.009308679609647378,27,,bb985650ace50f95441add5ab87d8c56f9b7d52bfa6a79db2c205bfcf94648fc|e9e8909cf37e5e9696f7585e6cd4bf84037002d027502c2a20b154353c76cb59|ab2172cc5a1d8f060a050fa8e8c19b662bf053653af9b377d2fff724e7be93d6,heldout_dense_AV_support_and_family
calibration_frozen,validation,s02_p00_seed20260741,64,5,oracle_trajectory_width_fixed64,3,0.25,2922.1640625,21.035808563232422,1.4368737936019897,0.08484520576208181,0.022174662282249697,0.013741222689638734,31,,7ba835a3aec6a3797711fa1da1c3af82c822a9eaf55952b3ab47830df2062e8d|e92f2a1162d8e714f591c655c6fd180aaf47d5ff782553dfb4895f481cee021f|32c9154a706e24804927c8c5e736bfebc38b6e605d48e64c8573ecf5740aa7a6,heldout_dense_AV_support_and_family
calibration_frozen,validation,s02_p00_seed20260741,64,6,oracle_trajectory_width_fixed64,3,0.25,1577.0855712890625,76.53883361816406,5.091971397399902,0.22029938798673065,0.05682184727844209,0.04195386066008233,63,,b916ef32778a5fdc5313246f06032c20643ca4bd3dea273fc8bed80ae2aeb1a6|df2f9b5a3e32262652c9278025ca715884e51ac1553f3b4e670315d2b1dd4dd4|7f909eafb2ce96b049dce2f089daa72894ae74033b0e6d7dbc2773d34892466b,heldout_dense_AV_support_and_family
calibration_frozen,validation,s02_p00_seed20260741,64,7,oracle_trajectory_width_fixed64,3,0.25,3127.29345703125,77.51930236816406,7.929203033447266,0.15744200424573992,0.05035359136177977,0.03904260634354473,66,,3bebb818c346daf7e486b90881917612f26b8cc1708fe97fbd1a78a0eae2a5f4|53f2c26aa0599ae869cb3179b347450133b18fc96b8f7e4256b6b1f747db216d|b6e8a97f2116169199a6c595d0cbcc1265386d5a897653df5f3273383553f737,heldout_dense_AV_support_and_family
calibration_frozen,validation,s02_p00_seed20260741,64,8,oracle_trajectory_width_fixed64,3,0.25,4961.77197265625,8.826668739318848,0.633901834487915,0.04217742027858816,0.0113029707442019,0.0098978713799897,19,,b9ccd95551f200c55180b82137f3bea2bae761f6c6b51886b81e4d9ae020edf6|c0c65e13f9661338cd99a61d222aef3e55e42eedc3048405e77aca9ae666f429|9ec20378c08a2334877360497627adf364bfa18f2e03df6f14e4d2d41ada5d39,heldout_dense_AV_support_and_family
calibration_frozen,validation,s02_p00_seed20260741,64,9,oracle_trajectory_width_fixed64,3,0.25,3982.33935546875,56.60834503173828,5.929925918579102,0.11922603364346265,0.03858828710094756,0.03233609522674684,56,,8527162c015a5a5ff1c2e0aef4c5a8665b900f029012860416c6ae900b497c99|7f895dc4eb8647abab168d43ef8541bc7a99c15fbc42b9e3be322cad0a0cab7a|fed0d2981d241ad89660d93008be5dfbcf04bb9bd071049ae58448f278a8c533,heldout_dense_AV_support_and_family
calibration_frozen,validation,s02_p00_seed20260741,64,10,oracle_trajectory_width_fixed64,3,0.25,4095.14794921875,14.36522102355957,1.1237833499908447,0.05922722132186262,0.016565574362944712,0.01036801988778176,25,,7cc546468b9facbf108739c0b44947f4ea7bb86e3351e80dd7b205a50051b985|61d4744849a14ef1ffea0778049480e045364e372b66dc77aea583eb6d07ae55|b7dae70a46e39b80f3f9a384b33c7ce00a1d79bd916805c9963f4958d628d211,heldout_dense_AV_support_and_family
calibration_frozen,validation,s02_p00_seed20260741,64,11,oracle_trajectory_width_fixed64,3,0.25,9000.8603515625,23.09014892578125,3.6203930377960205,0.05064905597760063,0.020055608749417895,0.019008259664839315,36,,2880ec9fa10eb6e695aad57552b7a8e689970a49737301efc69bb9ac3a58e1e2|a1fdc28c360af37ef6dbb2fcac3b367bb082202e105234e4d16cc10b0ed8892a|16d4cde0f2f6380d9afc2686f1d53bdb6dc2d1cfef6aa8950448be237f77af86,heldout_dense_AV_support_and_family
calibration_frozen,validation,s02_p00_seed20260741,64,0,oracle_trajectory_width_semantic64,3,0.25,6239.98828125,6.828344345092773,0.3824175298213959,0.033080024301946426,0.007828472114134373,0.00875683084118344,12,,3e4f0a2fd9498da7c1440a355a22b6292161a5216c63aa0bc59b5a4742fd1e36|3e4f0a2fd9498da7c1440a355a22b6292161a5216c63aa0bc59b5a4742fd1e36|3e4f0a2fd9498da7c1440a355a22b6292161a5216c63aa0bc59b5a4742fd1e36,heldout_dense_AV_support_and_family
calibration_frozen,validation,s02_p00_seed20260741,64,1,oracle_trajectory_width_semantic64,3,0.25,9217.544921875,271.67523193359375,10.689271926879883,0.17167908574004156,0.03405386666484174,0.04588870127477514,36,,3e4f0a2fd9498da7c1440a355a22b6292161a5216c63aa0bc59b5a4742fd1e36|3e4f0a2fd9498da7c1440a355a22b6292161a5216c63aa0bc59b5a4742fd1e36|3e4f0a2fd9498da7c1440a355a22b6292161a5216c63aa0bc59b5a4742fd1e36,heldout_dense_AV_support_and_family
calibration_frozen,validation,s02_p00_seed20260741,64,2,oracle_trajectory_width_semantic64,3,0.25,3420.18701171875,108.58399963378906,10.63348388671875,0.1781796044988876,0.05575872852917026,0.054356754651475755,65,,3e4f0a2fd9498da7c1440a355a22b6292161a5216c63aa0bc59b5a4742fd1e36|3e4f0a2fd9498da7c1440a355a22b6292161a5216c63aa0bc59b5a4742fd1e36|3e4f0a2fd9498da7c1440a355a22b6292161a5216c63aa0bc59b5a4742fd1e36,heldout_dense_AV_support_and_family
calibration_frozen,validation,s02_p00_seed20260741,64,3,oracle_trajectory_width_semantic64,3,0.25,5578.1259765625,4.633654594421387,0.3143969178199768,0.028821572322884247,0.007507493775889985,0.005033358994680399,11,,3e4f0a2fd9498da7c1440a355a22b6292161a5216c63aa0bc59b5a4742fd1e36|3e4f0a2fd9498da7c1440a355a22b6292161a5216c63aa0bc59b5a4742fd1e36|3e4f0a2fd9498da7c1440a355a22b6292161a5216c63aa0bc59b5a4742fd1e36,heldout_dense_AV_support_and_family
calibration_frozen,validation,s02_p00_seed20260741,64,4,oracle_trajectory_width_semantic64,3,0.25,5563.5078125,30.052515029907227,3.359677791595459,0.07349639888243517,0.024573921305001783,0.02259502918645028,43,,3e4f0a2fd9498da7c1440a355a22b6292161a5216c63aa0bc59b5a4742fd1e36|3e4f0a2fd9498da7c1440a355a22b6292161a5216c63aa0bc59b5a4742fd1e36|3e4f0a2fd9498da7c1440a355a22b6292161a5216c63aa0bc59b5a4742fd1e36,heldout_dense_AV_support_and_family
calibration_frozen,validation,s02_p00_seed20260741,64,5,oracle_trajectory_width_semantic64,3,0.25,2922.1640625,35.40498352050781,0.9448642730712891,0.11007277123841645,0.017981769081950892,0.011192647705954408,26,,3e4f0a2fd9498da7c1440a355a22b6292161a5216c63aa0bc59b5a4742fd1e36|3e4f0a2fd9498da7c1440a355a22b6292161a5216c63aa0bc59b5a4742fd1e36|3e4f0a2fd9498da7c1440a355a22b6292161a5216c63aa0bc59b5a4742fd1e36,heldout_dense_AV_support_and_family
calibration_frozen,validation,s02_p00_seed20260741,64,6,oracle_trajectory_width_semantic64,3,0.25,1577.0855712890625,81.44503021240234,1.8533461093902588,0.22725040462459714,0.03428077535496994,0.03000536373135758,45,,3e4f0a2fd9498da7c1440a355a22b6292161a5216c63aa0bc59b5a4742fd1e36|3e4f0a2fd9498da7c1440a355a22b6292161a5216c63aa0bc59b5a4742fd1e36|3e4f0a2fd9498da7c1440a355a22b6292161a5216c63aa0bc59b5a4742fd1e36,heldout_dense_AV_support_and_family
calibration_frozen,validation,s02_p00_seed20260741,64,7,oracle_trajectory_width_semantic64,3,0.25,3127.29345703125,62.545284271240234,3.8082213401794434,0.1414206950168635,0.03489609038232338,0.027916909537854497,49,,3e4f0a2fd9498da7c1440a355a22b6292161a5216c63aa0bc59b5a4742fd1e36|3e4f0a2fd9498da7c1440a355a22b6292161a5216c63aa0bc59b5a4742fd1e36|3e4f0a2fd9498da7c1440a355a22b6292161a5216c63aa0bc59b5a4742fd1e36,heldout_dense_AV_support_and_family
calibration_frozen,validation,s02_p00_seed20260741,64,8,oracle_trajectory_width_semantic64,3,0.25,4961.77197265625,2.3624682426452637,0.10987095534801483,0.02182049452003321,0.004705687141010987,0.003667666169015031,7,,3e4f0a2fd9498da7c1440a355a22b6292161a5216c63aa0bc59b5a4742fd1e36|3e4f0a2fd9498da7c1440a355a22b6292161a5216c63aa0bc59b5a4742fd1e36|3e4f0a2fd9498da7c1440a355a22b6292161a5216c63aa0bc59b5a4742fd1e36,heldout_dense_AV_support_and_family
calibration_frozen,validation,s02_p00_seed20260741,64,9,oracle_trajectory_width_semantic64,3,0.25,3982.33935546875,106.23812866210938,5.090950965881348,0.16333192222547718,0.03575446830827326,0.030981212827245204,47,,3e4f0a2fd9498da7c1440a355a22b6292161a5216c63aa0bc59b5a4742fd1e36|3e4f0a2fd9498da7c1440a355a22b6292161a5216c63aa0bc59b5a4742fd1e36|3e4f0a2fd9498da7c1440a355a22b6292161a5216c63aa0bc59b5a4742fd1e36,heldout_dense_AV_support_and_family
calibration_frozen,validation,s02_p00_seed20260741,64,10,oracle_trajectory_width_semantic64,3,0.25,4095.14794921875,18.614364624023438,0.9007292985916138,0.06742008723318221,0.014830723786645584,0.011564997797622099,23,,3e4f0a2fd9498da7c1440a355a22b6292161a5216c63aa0bc59b5a4742fd1e36|3e4f0a2fd9498da7c1440a355a22b6292161a5216c63aa0bc59b5a4742fd1e36|3e4f0a2fd9498da7c1440a355a22b6292161a5216c63aa0bc59b5a4742fd1e36,heldout_dense_AV_support_and_family
calibration_frozen,validation,s02_p00_seed20260741,64,11,oracle_trajectory_width_semantic64,3,0.25,9000.8603515625,249.21237182617188,7.947551727294922,0.16639596374039042,0.02971492714434483,0.03381627440196785,33,,3e4f0a2fd9498da7c1440a355a22b6292161a5216c63aa0bc59b5a4742fd1e36|3e4f0a2fd9498da7c1440a355a22b6292161a5216c63aa0bc59b5a4742fd1e36|3e4f0a2fd9498da7c1440a355a22b6292161a5216c63aa0bc59b5a4742fd1e36,heldout_dense_AV_support_and_family
calibration_frozen,validation,s02_p00_seed20260741,64,0,oracle_trajectory_width_value64,3,0.25,6239.98828125,6.641571044921875,0.3633199632167816,0.03262447444769656,0.007630495555691832,0.008483171109445728,12,,b733a0631efcc41b626edfcdc4f88d03dd1258a25c63d6758e9ffed56ebbdc86|ad9c499fe3080dcad9be2d44024066511f93d89ff764e6a7e58b6701b8082508|8c25d38e3ed89e6d0ee487ffe4c1f64f07f058196794f8802cecdfef7916d771,heldout_dense_AV_support_and_family
calibration_frozen,validation,s02_p00_seed20260741,64,1,oracle_trajectory_width_value64,3,0.25,9217.544921875,133.0791778564453,7.460159778594971,0.12015654254251455,0.028448962521522646,0.036360594951675734,36,,bc7ca7d801379d6175a610b5bbb29ae3cdabb1d014e7b2a6292498a663c4200e|443826bab0ab9f80e77c7f42f582b575149ee4e71bae5efe878e7efee64160dd|97a0658a5d5060ce2b2e1f27049ff56c49bb72edcfbf688a9c129ee056d6440e,heldout_dense_AV_support_and_family
calibration_frozen,validation,s02_p00_seed20260741,64,2,oracle_trajectory_width_value64,3,0.25,3420.18701171875,81.41233825683594,9.855838775634766,0.15428375044522696,0.05368115711043407,0.05318056335337309,67,,c6e6b0155118f1e62939b4d086fdb5c70b043456ef61b378d3a3f775f4382016|399aa2e8ab1475fa9db2ad73e794d58f0c34b6c9ce01cbf6c27be278a0af45a6|5d2be4f30bf1be1ec9fe1643318c0f90bbe03851cdf0fce01b1b180e6456de27,heldout_dense_AV_support_and_family
calibration_frozen,validation,s02_p00_seed20260741,64,3,oracle_trajectory_width_value64,3,0.25,5578.1259765625,4.462850570678711,0.34751152992248535,0.028285379745331088,0.007892969963817718,0.005845567205145845,12,,68c629955926bab6d796f95f2c6a569b3eaa6a55494f431a2213e2e08a2cf3d3|bfe32e8d95cf6392daac0a0a25e637b124878e8e80e1b0a83297be995d32782b|0ccea53796dd3c52080835f034d3401e5240a2d2568f8de40bc9bf425a9e4efb,heldout_dense_AV_support_and_family
calibration_frozen,validation,s02_p00_seed20260741,64,4,oracle_trajectory_width_value64,3,0.25,5563.5078125,30.013273239135742,3.397136688232422,0.07344839836691634,0.024710535649650058,0.02254330704087351,43,,cbfecb393ddb8f8cb2305a18a26ca6892122037b68c6b2895845a5bacc9d0a1e|1779c719c470da5f7043f00826e7ea3095ef25c04e07293a7fb1ee312621a4bb|ddec3fe515800af95ee62eaecb1b2bfd92fb4929b0639b5a23a0567a15bc1289,heldout_dense_AV_support_and_family
calibration_frozen,validation,s02_p00_seed20260741,64,5,oracle_trajectory_width_value64,3,0.25,2922.1640625,14.711369514465332,0.6530120372772217,0.07095357043155738,0.014948867611478256,0.008418025760304062,23,,4dcec8c75ab98688c18ecba0b53dd5b9689ce83410702962ee1553dd0d37e232|fc10792aa6a2a5b3fca76ace6cb4c5dae1a0e153b2d4ad6885f63e7a0c19b2af|2690f47a8beef618cdaf6b8490fc7682f46926e40e397b5b0394b95eacec7595,heldout_dense_AV_support_and_family
calibration_frozen,validation,s02_p00_seed20260741,64,6,oracle_trajectory_width_value64,3,0.25,1577.0855712890625,78.97718048095703,1.7872114181518555,0.22378098616821854,0.033663582810218334,0.029921041378273852,45,,3e4f0a2fd9498da7c1440a355a22b6292161a5216c63aa0bc59b5a4742fd1e36|9a4fb85abf6aeee655c4a8ae54af59dbd6f9c8ca486a672d28b6c98da5684d7d|512c29a11e165bf0d6da8c432c035249184346bceab6b8b530e7e1bb08442f78,heldout_dense_AV_support_and_family
calibration_frozen,validation,s02_p00_seed20260741,64,7,oracle_trajectory_width_value64,3,0.25,3127.29345703125,70.15692138671875,4.212270259857178,0.14977900578516606,0.036700653358888786,0.02920130475516378,50,,d9f634b26b4ed160bdbc3e57bf8319e5cb5b4048f66c1e12fc8aa33a1e922353|7b3d1cb05314a87c67e2178b03486c104f5275436d727daa086fb4284cb665a4|6751ae213fe358f6afc363a80c530c22f42cdf674926e2bc1fe4d05d5782207f,heldout_dense_AV_support_and_family
calibration_frozen,validation,s02_p00_seed20260741,64,8,oracle_trajectory_width_value64,3,0.25,4961.77197265625,2.278214454650879,0.11609525978565216,0.021427864957820758,0.004837142069565025,0.004219428491506945,6,,73336830bf4c9543d89e971171f2b3a0a4200dd0f5c937216036f67225c82348|b2773b230c47545a4459dac3b57eb6b7b75cc1730d936fc923d9632d762368d2|98a80576b0b5e3d356d78e403f47409d846d088981b5d136e60dfea908a01424,heldout_dense_AV_support_and_family
calibration_frozen,validation,s02_p00_seed20260741,64,9,oracle_trajectory_width_value64,3,0.25,3982.33935546875,79.63968658447266,4.871376991271973,0.14141505222757153,0.03497492061342554,0.030671457757964374,47,,d347f26917ae831c1cf375fb464523e5ad4883ab348956bf38acddf718e1d831|817d503f3ffd44256cb2be7a973c03e80fd10667a8a1875032238b6dd8a592b8|72e2f06ed6c5d1e3bb225c65a062c0a11770210c9f2f13297e49837c23d97a41,heldout_dense_AV_support_and_family
calibration_frozen,validation,s02_p00_seed20260741,64,10,oracle_trajectory_width_value64,3,0.25,4095.14794921875,12.686208724975586,0.6751480102539062,0.05565845259419662,0.01283999036277641,0.009315434293997393,21,,c4281ba956df8c440d120e19e1ab5c3997b5d99d34ecc0f5b12b77dfb37acdb9|a0a5ca3a7152a9e7d396674351aef568e4499156e43a56146dc0e7803999e9e3|6681e276a64fa013b7bfb7af50ba9ceb5ededf115a87ff598726585ee95631da,heldout_dense_AV_support_and_family
calibration_frozen,validation,s02_p00_seed20260741,64,11,oracle_trajectory_width_value64,3,0.25,9000.8603515625,133.7762908935547,6.578472137451172,0.12191231084608724,0.027034634845427268,0.02946742538075936,35,,2c83f1ad9a8b47199dcac2ad28f119da7a6505c7d79eb15c1341f9349b4a9333|2eb413a5cad913d1ef7a6ed6b1d621f31e1c0fd8183ed30e6101a2de1340234f|dc204da7479675137b9b4ed58d5ff05abbc7c257b986ab7000c730e885c9529e,heldout_dense_AV_support_and_family
calibration_frozen,validation,s02_p00_seed20260741,64,0,proxy_fixed64_qk,3,0.25,6239.98828125,64.65299987792969,1.2374955415725708,0.10178937631647915,0.01408250565918393,0.008221654651197204,25,,d9594c31523b2c3e4ca35d496d6310ff42873a2d9549b7f6073170e671939a4a|cc4e6621cd82a892f706e3990508d51dd22463dd4025659f09a43e8f7aebe7c1|a520bb56b6c94a6ec3cea14d02d334b5453d5f5750067b3aa502e4765359219a,current_QKV_only_proxy
calibration_frozen,validation,s02_p00_seed20260741,64,1,proxy_fixed64_qk,3,0.25,9217.544921875,29.556997299194336,6.195148468017578,0.05662686576148687,0.025924967939481194,0.023884711521957692,46,,e6344806ff19ff391e4f9241cbee95ef6f8244465101f6a96ea37170a64db7ed|e56722d31c68e91c2cc3a2379c72c83fae2c978755d3956ed94aa2e1acf96984|380108abe9feb5b507d37b69c6d097ce19cfbdd78a933a3abba2e819e2070001,current_QKV_only_proxy
calibration_frozen,validation,s02_p00_seed20260741,64,2,proxy_fixed64_qk,3,0.25,3420.18701171875,60.29783630371094,5.98267126083374,0.13277794338166063,0.04182371852727047,0.035191642092827005,69,,9afa3b92b736763d44275090181feace88c0890be9fa7323502df553a99ae3a3|47f8595af53d03d6541e5e241a42a49f8313e443428660d2c86fdff1c8a1586c|df3223325a1708aa042cc001415ddf0feba4c83bb93dfc9e1f198ad4ff9ad289,current_QKV_only_proxy
calibration_frozen,validation,s02_p00_seed20260741,64,3,proxy_fixed64_qk,3,0.25,5578.1259765625,28.006813049316406,2.4917383193969727,0.07085780374195204,0.021135233802987166,0.026154457453893977,35,,89c31af4b29323f96822a1a19f3147f84687670ac2d906da7de6c7842f420067|3e94aac48ec336e0c5abc4cb2c236c56ce94e757d3e86eddcd70998f038a8930|df1864511ad68cf8b8db3f3bd4774d59d41030f35b0540439016b39d7dce8066,current_QKV_only_proxy
calibration_frozen,validation,s02_p00_seed20260741,64,4,proxy_fixed64_qk,3,0.25,5563.5078125,72.59525299072266,1.2226238250732422,0.11422989048341914,0.01482422766726147,0.009308679609647378,27,,bb985650ace50f95441add5ab87d8c56f9b7d52bfa6a79db2c205bfcf94648fc|e9e8909cf37e5e9696f7585e6cd4bf84037002d027502c2a20b154353c76cb59|ab2172cc5a1d8f060a050fa8e8c19b662bf053653af9b377d2fff724e7be93d6,current_QKV_only_proxy
calibration_frozen,validation,s02_p00_seed20260741,64,5,proxy_fixed64_qk,3,0.25,2922.1640625,21.035808563232422,1.4368737936019897,0.08484520576208181,0.022174662282249697,0.013741222689638734,31,,7ba835a3aec6a3797711fa1da1c3af82c822a9eaf55952b3ab47830df2062e8d|e92f2a1162d8e714f591c655c6fd180aaf47d5ff782553dfb4895f481cee021f|32c9154a706e24804927c8c5e736bfebc38b6e605d48e64c8573ecf5740aa7a6,current_QKV_only_proxy
calibration_frozen,validation,s02_p00_seed20260741,64,6,proxy_fixed64_qk,3,0.25,1577.0855712890625,76.53883361816406,5.091971397399902,0.22029938798673065,0.05682184727844209,0.04195386066008233,63,,b916ef32778a5fdc5313246f06032c20643ca4bd3dea273fc8bed80ae2aeb1a6|df2f9b5a3e32262652c9278025ca715884e51ac1553f3b4e670315d2b1dd4dd4|7f909eafb2ce96b049dce2f089daa72894ae74033b0e6d7dbc2773d34892466b,current_QKV_only_proxy
calibration_frozen,validation,s02_p00_seed20260741,64,7,proxy_fixed64_qk,3,0.25,3127.29345703125,77.51930236816406,7.929203033447266,0.15744200424573992,0.05035359136177977,0.03904260634354473,66,,3bebb818c346daf7e486b90881917612f26b8cc1708fe97fbd1a78a0eae2a5f4|53f2c26aa0599ae869cb3179b347450133b18fc96b8f7e4256b6b1f747db216d|b6e8a97f2116169199a6c595d0cbcc1265386d5a897653df5f3273383553f737,current_QKV_only_proxy
calibration_frozen,validation,s02_p00_seed20260741,64,8,proxy_fixed64_qk,3,0.25,4961.77197265625,8.826668739318848,0.633901834487915,0.04217742027858816,0.0113029707442019,0.0098978713799897,19,,b9ccd95551f200c55180b82137f3bea2bae761f6c6b51886b81e4d9ae020edf6|c0c65e13f9661338cd99a61d222aef3e55e42eedc3048405e77aca9ae666f429|9ec20378c08a2334877360497627adf364bfa18f2e03df6f14e4d2d41ada5d39,current_QKV_only_proxy
calibration_frozen,validation,s02_p00_seed20260741,64,9,proxy_fixed64_qk,3,0.25,3982.33935546875,56.60834503173828,5.929925918579102,0.11922603364346265,0.03858828710094756,0.03233609522674684,56,,8527162c015a5a5ff1c2e0aef4c5a8665b900f029012860416c6ae900b497c99|7f895dc4eb8647abab168d43ef8541bc7a99c15fbc42b9e3be322cad0a0cab7a|fed0d2981d241ad89660d93008be5dfbcf04bb9bd071049ae58448f278a8c533,current_QKV_only_proxy
calibration_frozen,validation,s02_p00_seed20260741,64,10,proxy_fixed64_qk,3,0.25,4095.14794921875,14.36522102355957,1.1237833499908447,0.05922722132186262,0.016565574362944712,0.01036801988778176,25,,7cc546468b9facbf108739c0b44947f4ea7bb86e3351e80dd7b205a50051b985|61d4744849a14ef1ffea0778049480e045364e372b66dc77aea583eb6d07ae55|b7dae70a46e39b80f3f9a384b33c7ce00a1d79bd916805c9963f4958d628d211,current_QKV_only_proxy
calibration_frozen,validation,s02_p00_seed20260741,64,11,proxy_fixed64_qk,3,0.25,9000.8603515625,23.09014892578125,3.6203930377960205,0.05064905597760063,0.020055608749417895,0.019008259664839315,36,,2880ec9fa10eb6e695aad57552b7a8e689970a49737301efc69bb9ac3a58e1e2|a1fdc28c360af37ef6dbb2fcac3b367bb082202e105234e4d16cc10b0ed8892a|16d4cde0f2f6380d9afc2686f1d53bdb6dc2d1cfef6aa8950448be237f77af86,current_QKV_only_proxy
calibration_frozen,validation,s02_p00_seed20260741,64,0,proxy_svg2_style_semantic64,3,0.25,6239.98828125,6.828344345092773,0.3824175298213959,0.033080024301946426,0.007828472114134373,0.00875683084118344,12,,3e4f0a2fd9498da7c1440a355a22b6292161a5216c63aa0bc59b5a4742fd1e36|3e4f0a2fd9498da7c1440a355a22b6292161a5216c63aa0bc59b5a4742fd1e36|3e4f0a2fd9498da7c1440a355a22b6292161a5216c63aa0bc59b5a4742fd1e36,current_QKV_only_proxy
calibration_frozen,validation,s02_p00_seed20260741,64,1,proxy_svg2_style_semantic64,3,0.25,9217.544921875,271.67523193359375,10.689271926879883,0.17167908574004156,0.03405386666484174,0.04588870127477514,36,,3e4f0a2fd9498da7c1440a355a22b6292161a5216c63aa0bc59b5a4742fd1e36|3e4f0a2fd9498da7c1440a355a22b6292161a5216c63aa0bc59b5a4742fd1e36|3e4f0a2fd9498da7c1440a355a22b6292161a5216c63aa0bc59b5a4742fd1e36,current_QKV_only_proxy
calibration_frozen,validation,s02_p00_seed20260741,64,2,proxy_svg2_style_semantic64,3,0.25,3420.18701171875,108.58399963378906,10.63348388671875,0.1781796044988876,0.05575872852917026,0.054356754651475755,65,,3e4f0a2fd9498da7c1440a355a22b6292161a5216c63aa0bc59b5a4742fd1e36|3e4f0a2fd9498da7c1440a355a22b6292161a5216c63aa0bc59b5a4742fd1e36|3e4f0a2fd9498da7c1440a355a22b6292161a5216c63aa0bc59b5a4742fd1e36,current_QKV_only_proxy
calibration_frozen,validation,s02_p00_seed20260741,64,3,proxy_svg2_style_semantic64,3,0.25,5578.1259765625,4.633654594421387,0.3143969178199768,0.028821572322884247,0.007507493775889985,0.005033358994680399,11,,3e4f0a2fd9498da7c1440a355a22b6292161a5216c63aa0bc59b5a4742fd1e36|3e4f0a2fd9498da7c1440a355a22b6292161a5216c63aa0bc59b5a4742fd1e36|3e4f0a2fd9498da7c1440a355a22b6292161a5216c63aa0bc59b5a4742fd1e36,current_QKV_only_proxy
calibration_frozen,validation,s02_p00_seed20260741,64,4,proxy_svg2_style_semantic64,3,0.25,5563.5078125,30.052515029907227,3.359677791595459,0.07349639888243517,0.024573921305001783,0.02259502918645028,43,,3e4f0a2fd9498da7c1440a355a22b6292161a5216c63aa0bc59b5a4742fd1e36|3e4f0a2fd9498da7c1440a355a22b6292161a5216c63aa0bc59b5a4742fd1e36|3e4f0a2fd9498da7c1440a355a22b6292161a5216c63aa0bc59b5a4742fd1e36,current_QKV_only_proxy
calibration_frozen,validation,s02_p00_seed20260741,64,5,proxy_svg2_style_semantic64,3,0.25,2922.1640625,35.40498352050781,0.9448642730712891,0.11007277123841645,0.017981769081950892,0.011192647705954408,26,,3e4f0a2fd9498da7c1440a355a22b6292161a5216c63aa0bc59b5a4742fd1e36|3e4f0a2fd9498da7c1440a355a22b6292161a5216c63aa0bc59b5a4742fd1e36|3e4f0a2fd9498da7c1440a355a22b6292161a5216c63aa0bc59b5a4742fd1e36,current_QKV_only_proxy
calibration_frozen,validation,s02_p00_seed20260741,64,6,proxy_svg2_style_semantic64,3,0.25,1577.0855712890625,81.44503021240234,1.8533461093902588,0.22725040462459714,0.03428077535496994,0.03000536373135758,45,,3e4f0a2fd9498da7c1440a355a22b6292161a5216c63aa0bc59b5a4742fd1e36|3e4f0a2fd9498da7c1440a355a22b6292161a5216c63aa0bc59b5a4742fd1e36|3e4f0a2fd9498da7c1440a355a22b6292161a5216c63aa0bc59b5a4742fd1e36,current_QKV_only_proxy
calibration_frozen,validation,s02_p00_seed20260741,64,7,proxy_svg2_style_semantic64,3,0.25,3127.29345703125,62.545284271240234,3.8082213401794434,0.1414206950168635,0.03489609038232338,0.027916909537854497,49,,3e4f0a2fd9498da7c1440a355a22b6292161a5216c63aa0bc59b5a4742fd1e36|3e4f0a2fd9498da7c1440a355a22b6292161a5216c63aa0bc59b5a4742fd1e36|3e4f0a2fd9498da7c1440a355a22b6292161a5216c63aa0bc59b5a4742fd1e36,current_QKV_only_proxy
calibration_frozen,validation,s02_p00_seed20260741,64,8,proxy_svg2_style_semantic64,3,0.25,4961.77197265625,2.3624682426452637,0.10987095534801483,0.02182049452003321,0.004705687141010987,0.003667666169015031,7,,3e4f0a2fd9498da7c1440a355a22b6292161a5216c63aa0bc59b5a4742fd1e36|3e4f0a2fd9498da7c1440a355a22b6292161a5216c63aa0bc59b5a4742fd1e36|3e4f0a2fd9498da7c1440a355a22b6292161a5216c63aa0bc59b5a4742fd1e36,current_QKV_only_proxy
calibration_frozen,validation,s02_p00_seed20260741,64,9,proxy_svg2_style_semantic64,3,0.25,3982.33935546875,106.23812866210938,5.090950965881348,0.16333192222547718,0.03575446830827326,0.030981212827245204,47,,3e4f0a2fd9498da7c1440a355a22b6292161a5216c63aa0bc59b5a4742fd1e36|3e4f0a2fd9498da7c1440a355a22b6292161a5216c63aa0bc59b5a4742fd1e36|3e4f0a2fd9498da7c1440a355a22b6292161a5216c63aa0bc59b5a4742fd1e36,current_QKV_only_proxy
calibration_frozen,validation,s02_p00_seed20260741,64,10,proxy_svg2_style_semantic64,3,0.25,4095.14794921875,18.614364624023438,0.9007292985916138,0.06742008723318221,0.014830723786645584,0.011564997797622099,23,,3e4f0a2fd9498da7c1440a355a22b6292161a5216c63aa0bc59b5a4742fd1e36|3e4f0a2fd9498da7c1440a355a22b6292161a5216c63aa0bc59b5a4742fd1e36|3e4f0a2fd9498da7c1440a355a22b6292161a5216c63aa0bc59b5a4742fd1e36,current_QKV_only_proxy
calibration_frozen,validation,s02_p00_seed20260741,64,11,proxy_svg2_style_semantic64,3,0.25,9000.8603515625,249.21237182617188,7.947551727294922,0.16639596374039042,0.02971492714434483,0.03381627440196785,33,,3e4f0a2fd9498da7c1440a355a22b6292161a5216c63aa0bc59b5a4742fd1e36|3e4f0a2fd9498da7c1440a355a22b6292161a5216c63aa0bc59b5a4742fd1e36|3e4f0a2fd9498da7c1440a355a22b6292161a5216c63aa0bc59b5a4742fd1e36,current_QKV_only_proxy
calibration_frozen,validation,s02_p00_seed20260741,64,0,proxy_value_aware_semantic64,3,0.25,6239.98828125,6.641571044921875,0.3633199632167816,0.03262447444769656,0.007630495555691832,0.008483171109445728,12,,b733a0631efcc41b626edfcdc4f88d03dd1258a25c63d6758e9ffed56ebbdc86|ad9c499fe3080dcad9be2d44024066511f93d89ff764e6a7e58b6701b8082508|8c25d38e3ed89e6d0ee487ffe4c1f64f07f058196794f8802cecdfef7916d771,current_QKV_only_proxy
calibration_frozen,validation,s02_p00_seed20260741,64,1,proxy_value_aware_semantic64,3,0.25,9217.544921875,133.0791778564453,7.460159778594971,0.12015654254251455,0.028448962521522646,0.036360594951675734,36,,bc7ca7d801379d6175a610b5bbb29ae3cdabb1d014e7b2a6292498a663c4200e|443826bab0ab9f80e77c7f42f582b575149ee4e71bae5efe878e7efee64160dd|97a0658a5d5060ce2b2e1f27049ff56c49bb72edcfbf688a9c129ee056d6440e,current_QKV_only_proxy
calibration_frozen,validation,s02_p00_seed20260741,64,2,proxy_value_aware_semantic64,3,0.25,3420.18701171875,81.41233825683594,9.855838775634766,0.15428375044522696,0.05368115711043407,0.05318056335337309,67,,c6e6b0155118f1e62939b4d086fdb5c70b043456ef61b378d3a3f775f4382016|399aa2e8ab1475fa9db2ad73e794d58f0c34b6c9ce01cbf6c27be278a0af45a6|5d2be4f30bf1be1ec9fe1643318c0f90bbe03851cdf0fce01b1b180e6456de27,current_QKV_only_proxy
calibration_frozen,validation,s02_p00_seed20260741,64,3,proxy_value_aware_semantic64,3,0.25,5578.1259765625,4.462850570678711,0.34751152992248535,0.028285379745331088,0.007892969963817718,0.005845567205145845,12,,68c629955926bab6d796f95f2c6a569b3eaa6a55494f431a2213e2e08a2cf3d3|bfe32e8d95cf6392daac0a0a25e637b124878e8e80e1b0a83297be995d32782b|0ccea53796dd3c52080835f034d3401e5240a2d2568f8de40bc9bf425a9e4efb,current_QKV_only_proxy
calibration_frozen,validation,s02_p00_seed20260741,64,4,proxy_value_aware_semantic64,3,0.25,5563.5078125,30.013273239135742,3.397136688232422,0.07344839836691634,0.024710535649650058,0.02254330704087351,43,,cbfecb393ddb8f8cb2305a18a26ca6892122037b68c6b2895845a5bacc9d0a1e|1779c719c470da5f7043f00826e7ea3095ef25c04e07293a7fb1ee312621a4bb|ddec3fe515800af95ee62eaecb1b2bfd92fb4929b0639b5a23a0567a15bc1289,current_QKV_only_proxy
calibration_frozen,validation,s02_p00_seed20260741,64,5,proxy_value_aware_semantic64,3,0.25,2922.1640625,14.711369514465332,0.6530120372772217,0.07095357043155738,0.014948867611478256,0.008418025760304062,23,,4dcec8c75ab98688c18ecba0b53dd5b9689ce83410702962ee1553dd0d37e232|fc10792aa6a2a5b3fca76ace6cb4c5dae1a0e153b2d4ad6885f63e7a0c19b2af|2690f47a8beef618cdaf6b8490fc7682f46926e40e397b5b0394b95eacec7595,current_QKV_only_proxy
calibration_frozen,validation,s02_p00_seed20260741,64,6,proxy_value_aware_semantic64,3,0.25,1577.0855712890625,78.97718048095703,1.7872114181518555,0.22378098616821854,0.033663582810218334,0.029921041378273852,45,,3e4f0a2fd9498da7c1440a355a22b6292161a5216c63aa0bc59b5a4742fd1e36|9a4fb85abf6aeee655c4a8ae54af59dbd6f9c8ca486a672d28b6c98da5684d7d|512c29a11e165bf0d6da8c432c035249184346bceab6b8b530e7e1bb08442f78,current_QKV_only_proxy
calibration_frozen,validation,s02_p00_seed20260741,64,7,proxy_value_aware_semantic64,3,0.25,3127.29345703125,70.15692138671875,4.212270259857178,0.14977900578516606,0.036700653358888786,0.02920130475516378,50,,d9f634b26b4ed160bdbc3e57bf8319e5cb5b4048f66c1e12fc8aa33a1e922353|7b3d1cb05314a87c67e2178b03486c104f5275436d727daa086fb4284cb665a4|6751ae213fe358f6afc363a80c530c22f42cdf674926e2bc1fe4d05d5782207f,current_QKV_only_proxy
calibration_frozen,validation,s02_p00_seed20260741,64,8,proxy_value_aware_semantic64,3,0.25,4961.77197265625,2.278214454650879,0.11609525978565216,0.021427864957820758,0.004837142069565025,0.004219428491506945,6,,73336830bf4c9543d89e971171f2b3a0a4200dd0f5c937216036f67225c82348|b2773b230c47545a4459dac3b57eb6b7b75cc1730d936fc923d9632d762368d2|98a80576b0b5e3d356d78e403f47409d846d088981b5d136e60dfea908a01424,current_QKV_only_proxy
calibration_frozen,validation,s02_p00_seed20260741,64,9,proxy_value_aware_semantic64,3,0.25,3982.33935546875,79.63968658447266,4.871376991271973,0.14141505222757153,0.03497492061342554,0.030671457757964374,47,,d347f26917ae831c1cf375fb464523e5ad4883ab348956bf38acddf718e1d831|817d503f3ffd44256cb2be7a973c03e80fd10667a8a1875032238b6dd8a592b8|72e2f06ed6c5d1e3bb225c65a062c0a11770210c9f2f13297e49837c23d97a41,current_QKV_only_proxy
calibration_frozen,validation,s02_p00_seed20260741,64,10,proxy_value_aware_semantic64,3,0.25,4095.14794921875,12.686208724975586,0.6751480102539062,0.05565845259419662,0.01283999036277641,0.009315434293997393,21,,c4281ba956df8c440d120e19e1ab5c3997b5d99d34ecc0f5b12b77dfb37acdb9|a0a5ca3a7152a9e7d396674351aef568e4499156e43a56146dc0e7803999e9e3|6681e276a64fa013b7bfb7af50ba9ceb5ededf115a87ff598726585ee95631da,current_QKV_only_proxy
calibration_frozen,validation,s02_p00_seed20260741,64,11,proxy_value_aware_semantic64,3,0.25,9000.8603515625,133.7762908935547,6.578472137451172,0.12191231084608724,0.027034634845427268,0.02946742538075936,35,,2c83f1ad9a8b47199dcac2ad28f119da7a6505c7d79eb15c1341f9349b4a9333|2eb413a5cad913d1ef7a6ed6b1d621f31e1c0fd8183ed30e6101a2de1340234f|dc204da7479675137b9b4ed58d5ff05abbc7c257b986ab7000c730e885c9529e,current_QKV_only_proxy
transductive_capacity,transductive_fit,s02_p00_seed20260741,64,0,oracle_trajectory_width_family,3,0.25,6239.98828125,52.721370697021484,0.40174248814582825,0.0919181890535133,0.008023835112170662,0.007727945345132442,13,oracle_trajectory_width_semantic64|oracle_trajectory_width_fixed64|oracle_trajectory_width_fixed64,3e4f0a2fd9498da7c1440a355a22b6292161a5216c63aa0bc59b5a4742fd1e36|cc4e6621cd82a892f706e3990508d51dd22463dd4025659f09a43e8f7aebe7c1|a520bb56b6c94a6ec3cea14d02d334b5453d5f5750067b3aa502e4765359219a,heldout_dense_AV_support_and_family
transductive_capacity,transductive_fit,s02_p00_seed20260741,64,1,oracle_trajectory_width_family,3,0.25,9217.544921875,22.071542739868164,3.524306535720825,0.04893377420630965,0.01955371163551905,0.023881313775407594,33,oracle_trajectory_width_value64|oracle_trajectory_width_fixed64|oracle_trajectory_width_value64,bc7ca7d801379d6175a610b5bbb29ae3cdabb1d014e7b2a6292498a663c4200e|e56722d31c68e91c2cc3a2379c72c83fae2c978755d3956ed94aa2e1acf96984|97a0658a5d5060ce2b2e1f27049ff56c49bb72edcfbf688a9c129ee056d6440e,heldout_dense_AV_support_and_family
transductive_capacity,transductive_fit,s02_p00_seed20260741,64,2,oracle_trajectory_width_family,3,0.25,3420.18701171875,39.81745910644531,5.012028694152832,0.10789761490786356,0.03828087425918443,0.03384895157078648,59,oracle_trajectory_width_semantic64|oracle_trajectory_width_fixed64|oracle_trajectory_width_value64,3e4f0a2fd9498da7c1440a355a22b6292161a5216c63aa0bc59b5a4742fd1e36|47f8595af53d03d6541e5e241a42a49f8313e443428660d2c86fdff1c8a1586c|5d2be4f30bf1be1ec9fe1643318c0f90bbe03851cdf0fce01b1b180e6456de27,heldout_dense_AV_support_and_family
transductive_capacity,transductive_fit,s02_p00_seed20260741,64,3,oracle_trajectory_width_family,3,0.25,5578.1259765625,3.7035913467407227,0.3123408257961273,0.02576720847817939,0.007482904765479216,0.004979486997232245,11,oracle_trajectory_width_semantic64|oracle_trajectory_width_semantic64|oracle_trajectory_width_semantic64,3e4f0a2fd9498da7c1440a355a22b6292161a5216c63aa0bc59b5a4742fd1e36|3e4f0a2fd9498da7c1440a355a22b6292161a5216c63aa0bc59b5a4742fd1e36|3e4f0a2fd9498da7c1440a355a22b6292161a5216c63aa0bc59b5a4742fd1e36,heldout_dense_AV_support_and_family
transductive_capacity,transductive_fit,s02_p00_seed20260741,64,4,oracle_trajectory_width_family,3,0.25,5563.5078125,60.96722412109375,0.4266728162765503,0.10468244551469051,0.008757358647446681,0.005750015069944733,14,oracle_trajectory_width_semantic64|oracle_trajectory_width_fixed64|oracle_trajectory_width_fixed64,3e4f0a2fd9498da7c1440a355a22b6292161a5216c63aa0bc59b5a4742fd1e36|e9e8909cf37e5e9696f7585e6cd4bf84037002d027502c2a20b154353c76cb59|ab2172cc5a1d8f060a050fa8e8c19b662bf053653af9b377d2fff724e7be93d6,heldout_dense_AV_support_and_family
transductive_capacity,transductive_fit,s02_p00_seed20260741,64,5,oracle_trajectory_width_family,3,0.25,2922.1640625,15.136058807373047,0.6006330251693726,0.07197043133286518,0.01433680261949496,0.008422315522822906,22,oracle_trajectory_width_semantic64|oracle_trajectory_width_value64|oracle_trajectory_width_semantic64,3e4f0a2fd9498da7c1440a355a22b6292161a5216c63aa0bc59b5a4742fd1e36|fc10792aa6a2a5b3fca76ace6cb4c5dae1a0e153b2d4ad6885f63e7a0c19b2af|3e4f0a2fd9498da7c1440a355a22b6292161a5216c63aa0bc59b5a4742fd1e36,heldout_dense_AV_support_and_family
transductive_capacity,transductive_fit,s02_p00_seed20260741,64,6,oracle_trajectory_width_family,3,0.25,1577.0855712890625,63.73108673095703,1.7365150451660156,0.20102405667456882,0.033182694294115765,0.02903857286659003,45,oracle_trajectory_width_semantic64|oracle_trajectory_width_value64|oracle_trajectory_width_value64,3e4f0a2fd9498da7c1440a355a22b6292161a5216c63aa0bc59b5a4742fd1e36|9a4fb85abf6aeee655c4a8ae54af59dbd6f9c8ca486a672d28b6c98da5684d7d|512c29a11e165bf0d6da8c432c035249184346bceab6b8b530e7e1bb08442f78,heldout_dense_AV_support_and_family
transductive_capacity,transductive_fit,s02_p00_seed20260741,64,7,oracle_trajectory_width_family,3,0.25,3127.29345703125,63.388309478759766,3.7752437591552734,0.14237058406210343,0.03474466919037615,0.02829125239052451,48,oracle_trajectory_width_semantic64|oracle_trajectory_width_semantic64|oracle_trajectory_width_value64,3e4f0a2fd9498da7c1440a355a22b6292161a5216c63aa0bc59b5a4742fd1e36|3e4f0a2fd9498da7c1440a355a22b6292161a5216c63aa0bc59b5a4742fd1e36|6751ae213fe358f6afc363a80c530c22f42cdf674926e2bc1fe4d05d5782207f,heldout_dense_AV_support_and_family
transductive_capacity,transductive_fit,s02_p00_seed20260741,64,8,oracle_trajectory_width_family,3,0.25,4961.77197265625,2.0661916732788086,0.10634308308362961,0.020406423841545257,0.004629522751859002,0.003544291356077169,7,oracle_trajectory_width_semantic64|oracle_trajectory_width_semantic64|oracle_trajectory_width_semantic64,3e4f0a2fd9498da7c1440a355a22b6292161a5216c63aa0bc59b5a4742fd1e36|3e4f0a2fd9498da7c1440a355a22b6292161a5216c63aa0bc59b5a4742fd1e36|3e4f0a2fd9498da7c1440a355a22b6292161a5216c63aa0bc59b5a4742fd1e36,heldout_dense_AV_support_and_family
transductive_capacity,transductive_fit,s02_p00_seed20260741,64,9,oracle_trajectory_width_family,3,0.25,3982.33935546875,78.71405029296875,4.715721130371094,0.14059083072624026,0.034411604631638365,0.02975066029948754,47,oracle_trajectory_width_semantic64|oracle_trajectory_width_value64|oracle_trajectory_width_value64,3e4f0a2fd9498da7c1440a355a22b6292161a5216c63aa0bc59b5a4742fd1e36|817d503f3ffd44256cb2be7a973c03e80fd10667a8a1875032238b6dd8a592b8|72e2f06ed6c5d1e3bb225c65a062c0a11770210c9f2f13297e49837c23d97a41,heldout_dense_AV_support_and_family
transductive_capacity,transductive_fit,s02_p00_seed20260741,64,10,oracle_trajectory_width_family,3,0.25,4095.14794921875,11.508928298950195,0.6937398314476013,0.05301303202185091,0.01301557973224466,0.008934437910149235,21,oracle_trajectory_width_semantic64|oracle_trajectory_width_fixed64|oracle_trajectory_width_semantic64,3e4f0a2fd9498da7c1440a355a22b6292161a5216c63aa0bc59b5a4742fd1e36|61d4744849a14ef1ffea0778049480e045364e372b66dc77aea583eb6d07ae55|3e4f0a2fd9498da7c1440a355a22b6292161a5216c63aa0bc59b5a4742fd1e36,heldout_dense_AV_support_and_family
transductive_capacity,transductive_fit,s02_p00_seed20260741,64,11,oracle_trajectory_width_family,3,0.25,9000.8603515625,24.20136260986328,3.3295247554779053,0.05185347873360421,0.01923309214537968,0.018861263699258488,32,oracle_trajectory_width_semantic64|oracle_trajectory_width_fixed64|oracle_trajectory_width_semantic64,3e4f0a2fd9498da7c1440a355a22b6292161a5216c63aa0bc59b5a4742fd1e36|a1fdc28c360af37ef6dbb2fcac3b367bb082202e105234e4d16cc10b0ed8892a|3e4f0a2fd9498da7c1440a355a22b6292161a5216c63aa0bc59b5a4742fd1e36,heldout_dense_AV_support_and_family
transductive_capacity,transductive_fit,s02_p00_seed20260741,64,0,oracle_trajectory_width_fixed64,3,0.25,6239.98828125,63.617958068847656,1.021392583847046,0.10097130649149719,0.012793944518837603,0.007727945345132442,22,,d9594c31523b2c3e4ca35d496d6310ff42873a2d9549b7f6073170e671939a4a|cc4e6621cd82a892f706e3990508d51dd22463dd4025659f09a43e8f7aebe7c1|a520bb56b6c94a6ec3cea14d02d334b5453d5f5750067b3aa502e4765359219a,heldout_dense_AV_support_and_family
transductive_capacity,transductive_fit,s02_p00_seed20260741,64,1,oracle_trajectory_width_fixed64,3,0.25,9217.544921875,29.39746856689453,6.11837911605835,0.05647384219214741,0.025763838049091204,0.023881313775407594,46,,e6344806ff19ff391e4f9241cbee95ef6f8244465101f6a96ea37170a64db7ed|e56722d31c68e91c2cc3a2379c72c83fae2c978755d3956ed94aa2e1acf96984|380108abe9feb5b507d37b69c6d097ce19cfbdd78a933a3abba2e819e2070001,heldout_dense_AV_support_and_family
transductive_capacity,transductive_fit,s02_p00_seed20260741,64,2,oracle_trajectory_width_fixed64,3,0.25,3420.18701171875,58.33977508544922,5.373183250427246,0.1306042917904867,0.03963609853875739,0.03384895157078648,67,,9afa3b92b736763d44275090181feace88c0890be9fa7323502df553a99ae3a3|47f8595af53d03d6541e5e241a42a49f8313e443428660d2c86fdff1c8a1586c|df3223325a1708aa042cc001415ddf0feba4c83bb93dfc9e1f198ad4ff9ad289,heldout_dense_AV_support_and_family
transductive_capacity,transductive_fit,s02_p00_seed20260741,64,3,oracle_trajectory_width_fixed64,3,0.25,5578.1259765625,27.067808151245117,2.4079251289367676,0.06965982606972516,0.02077673642980057,0.025916423496448522,35,,89c31af4b29323f96822a1a19f3147f84687670ac2d906da7de6c7842f420067|3e94aac48ec336e0c5abc4cb2c236c56ce94e757d3e86eddcd70998f038a8930|df1864511ad68cf8b8db3f3bd4774d59d41030f35b0540439016b39d7dce8066,heldout_dense_AV_support_and_family
transductive_capacity,transductive_fit,s02_p00_seed20260741,64,4,oracle_trajectory_width_fixed64,3,0.25,5563.5078125,68.54928588867188,0.6907508373260498,0.11100105750625537,0.011142595343813639,0.007881012622483832,19,,bb985650ace50f95441add5ab87d8c56f9b7d52bfa6a79db2c205bfcf94648fc|e9e8909cf37e5e9696f7585e6cd4bf84037002d027502c2a20b154353c76cb59|ab2172cc5a1d8f060a050fa8e8c19b662bf053653af9b377d2fff724e7be93d6,heldout_dense_AV_support_and_family
transductive_capacity,transductive_fit,s02_p00_seed20260741,64,5,oracle_trajectory_width_fixed64,3,0.25,2922.1640625,17.39086151123047,1.3517825603485107,0.07714508300265106,0.021508054184595376,0.012758512620353536,30,,7ba835a3aec6a3797711fa1da1c3af82c822a9eaf55952b3ab47830df2062e8d|e92f2a1162d8e714f591c655c6fd180aaf47d5ff782553dfb4895f481cee021f|32c9154a706e24804927c8c5e736bfebc38b6e605d48e64c8573ecf5740aa7a6,heldout_dense_AV_support_and_family
transductive_capacity,transductive_fit,s02_p00_seed20260741,64,6,oracle_trajectory_width_fixed64,3,0.25,1577.0855712890625,65.79756927490234,4.96777868270874,0.2042571631177729,0.05612462995072341,0.04084947222579441,63,,b916ef32778a5fdc5313246f06032c20643ca4bd3dea273fc8bed80ae2aeb1a6|df2f9b5a3e32262652c9278025ca715884e51ac1553f3b4e670315d2b1dd4dd4|7f909eafb2ce96b049dce2f089daa72894ae74033b0e6d7dbc2773d34892466b,heldout_dense_AV_support_and_family
transductive_capacity,transductive_fit,s02_p00_seed20260741,64,7,oracle_trajectory_width_fixed64,3,0.25,3127.29345703125,72.07764434814453,7.754208564758301,0.15181545102745808,0.04979484913482567,0.03832576646411015,66,,3bebb818c346daf7e486b90881917612f26b8cc1708fe97fbd1a78a0eae2a5f4|53f2c26aa0599ae869cb3179b347450133b18fc96b8f7e4256b6b1f747db216d|b6e8a97f2116169199a6c595d0cbcc1265386d5a897653df5f3273383553f737,heldout_dense_AV_support_and_family
transductive_capacity,transductive_fit,s02_p00_seed20260741,64,8,oracle_trajectory_width_fixed64,3,0.25,4961.77197265625,8.237418174743652,0.6111825704574585,0.040745265871460976,0.011098571379854054,0.009750383134077254,18,,b9ccd95551f200c55180b82137f3bea2bae761f6c6b51886b81e4d9ae020edf6|c0c65e13f9661338cd99a61d222aef3e55e42eedc3048405e77aca9ae666f429|9ec20378c08a2334877360497627adf364bfa18f2e03df6f14e4d2d41ada5d39,heldout_dense_AV_support_and_family
transductive_capacity,transductive_fit,s02_p00_seed20260741,64,9,oracle_trajectory_width_fixed64,3,0.25,3982.33935546875,53.68779754638672,5.692621231079102,0.11610974230841865,0.03780828789154209,0.031602996898567236,55,,8527162c015a5a5ff1c2e0aef4c5a8665b900f029012860416c6ae900b497c99|7f895dc4eb8647abab168d43ef8541bc7a99c15fbc42b9e3be322cad0a0cab7a|fed0d2981d241ad89660d93008be5dfbcf04bb9bd071049ae58448f278a8c533,heldout_dense_AV_support_and_family
transductive_capacity,transductive_fit,s02_p00_seed20260741,64,10,oracle_trajectory_width_fixed64,3,0.25,4095.14794921875,14.106578826904297,1.0936663150787354,0.058691613879521765,0.016342090820948882,0.010310595220566265,25,,7cc546468b9facbf108739c0b44947f4ea7bb86e3351e80dd7b205a50051b985|61d4744849a14ef1ffea0778049480e045364e372b66dc77aea583eb6d07ae55|b7dae70a46e39b80f3f9a384b33c7ce00a1d79bd916805c9963f4958d628d211,heldout_dense_AV_support_and_family
transductive_capacity,transductive_fit,s02_p00_seed20260741,64,11,oracle_trajectory_width_fixed64,3,0.25,9000.8603515625,22.336994171142578,3.516716480255127,0.049816172160832825,0.01976635843835074,0.018861263699258488,35,,2880ec9fa10eb6e695aad57552b7a8e689970a49737301efc69bb9ac3a58e1e2|a1fdc28c360af37ef6dbb2fcac3b367bb082202e105234e4d16cc10b0ed8892a|16d4cde0f2f6380d9afc2686f1d53bdb6dc2d1cfef6aa8950448be237f77af86,heldout_dense_AV_support_and_family
transductive_capacity,transductive_fit,s02_p00_seed20260741,64,0,oracle_trajectory_width_semantic64,3,0.25,6239.98828125,8.365013122558594,0.6058534383773804,0.03661351515939704,0.009853531322082167,0.009069278677265466,16,,3e4f0a2fd9498da7c1440a355a22b6292161a5216c63aa0bc59b5a4742fd1e36|3e4f0a2fd9498da7c1440a355a22b6292161a5216c63aa0bc59b5a4742fd1e36|3e4f0a2fd9498da7c1440a355a22b6292161a5216c63aa0bc59b5a4742fd1e36,heldout_dense_AV_support_and_family
transductive_capacity,transductive_fit,s02_p00_seed20260741,64,1,oracle_trajectory_width_semantic64,3,0.25,9217.544921875,271.135986328125,10.333578109741211,0.17150861900955508,0.03348248877237118,0.0457845978269135,35,,3e4f0a2fd9498da7c1440a355a22b6292161a5216c63aa0bc59b5a4742fd1e36|3e4f0a2fd9498da7c1440a355a22b6292161a5216c63aa0bc59b5a4742fd1e36|3e4f0a2fd9498da7c1440a355a22b6292161a5216c63aa0bc59b5a4742fd1e36,heldout_dense_AV_support_and_family
transductive_capacity,transductive_fit,s02_p00_seed20260741,64,2,oracle_trajectory_width_semantic64,3,0.25,3420.18701171875,105.47077941894531,10.186405181884766,0.1756067280173643,0.054573969871795996,0.054329361080233944,64,,3e4f0a2fd9498da7c1440a355a22b6292161a5216c63aa0bc59b5a4742fd1e36|3e4f0a2fd9498da7c1440a355a22b6292161a5216c63aa0bc59b5a4742fd1e36|3e4f0a2fd9498da7c1440a355a22b6292161a5216c63aa0bc59b5a4742fd1e36,heldout_dense_AV_support_and_family
transductive_capacity,transductive_fit,s02_p00_seed20260741,64,3,oracle_trajectory_width_semantic64,3,0.25,5578.1259765625,3.7035913467407227,0.3123408257961273,0.02576720847817939,0.007482904765479216,0.004979486997232245,11,,3e4f0a2fd9498da7c1440a355a22b6292161a5216c63aa0bc59b5a4742fd1e36|3e4f0a2fd9498da7c1440a355a22b6292161a5216c63aa0bc59b5a4742fd1e36|3e4f0a2fd9498da7c1440a355a22b6292161a5216c63aa0bc59b5a4742fd1e36,heldout_dense_AV_support_and_family
transductive_capacity,transductive_fit,s02_p00_seed20260741,64,4,oracle_trajectory_width_semantic64,3,0.25,5563.5078125,18.174686431884766,1.9812273979187012,0.0571556426465665,0.01887090861192624,0.01599891027353374,35,,3e4f0a2fd9498da7c1440a355a22b6292161a5216c63aa0bc59b5a4742fd1e36|3e4f0a2fd9498da7c1440a355a22b6292161a5216c63aa0bc59b5a4742fd1e36|3e4f0a2fd9498da7c1440a355a22b6292161a5216c63aa0bc59b5a4742fd1e36,heldout_dense_AV_support_and_family
transductive_capacity,transductive_fit,s02_p00_seed20260741,64,5,oracle_trajectory_width_semantic64,3,0.25,2922.1640625,33.140995025634766,0.8088402152061462,0.10649530803613229,0.016637155291289778,0.011298555259461116,25,,3e4f0a2fd9498da7c1440a355a22b6292161a5216c63aa0bc59b5a4742fd1e36|3e4f0a2fd9498da7c1440a355a22b6292161a5216c63aa0bc59b5a4742fd1e36|3e4f0a2fd9498da7c1440a355a22b6292161a5216c63aa0bc59b5a4742fd1e36,heldout_dense_AV_support_and_family
transductive_capacity,transductive_fit,s02_p00_seed20260741,64,6,oracle_trajectory_width_semantic64,3,0.25,1577.0855712890625,68.01200866699219,1.7697831392288208,0.20766589184199763,0.033499042778113046,0.029229154159525206,44,,3e4f0a2fd9498da7c1440a355a22b6292161a5216c63aa0bc59b5a4742fd1e36|3e4f0a2fd9498da7c1440a355a22b6292161a5216c63aa0bc59b5a4742fd1e36|3e4f0a2fd9498da7c1440a355a22b6292161a5216c63aa0bc59b5a4742fd1e36,heldout_dense_AV_support_and_family
transductive_capacity,transductive_fit,s02_p00_seed20260741,64,7,oracle_trajectory_width_semantic64,3,0.25,3127.29345703125,63.35820770263672,3.787508487701416,0.14233677564861,0.03480106136347443,0.02829125239052451,49,,3e4f0a2fd9498da7c1440a355a22b6292161a5216c63aa0bc59b5a4742fd1e36|3e4f0a2fd9498da7c1440a355a22b6292161a5216c63aa0bc59b5a4742fd1e36|3e4f0a2fd9498da7c1440a355a22b6292161a5216c63aa0bc59b5a4742fd1e36,heldout_dense_AV_support_and_family
transductive_capacity,transductive_fit,s02_p00_seed20260741,64,8,oracle_trajectory_width_semantic64,3,0.25,4961.77197265625,2.0661916732788086,0.10634308308362961,0.020406423841545257,0.004629522751859002,0.003544291356077169,7,,3e4f0a2fd9498da7c1440a355a22b6292161a5216c63aa0bc59b5a4742fd1e36|3e4f0a2fd9498da7c1440a355a22b6292161a5216c63aa0bc59b5a4742fd1e36|3e4f0a2fd9498da7c1440a355a22b6292161a5216c63aa0bc59b5a4742fd1e36,heldout_dense_AV_support_and_family
transductive_capacity,transductive_fit,s02_p00_seed20260741,64,9,oracle_trajectory_width_semantic64,3,0.25,3982.33935546875,107.0335693359375,5.0241265296936035,0.16394224251154552,0.035519034441969265,0.03021996886112652,47,,3e4f0a2fd9498da7c1440a355a22b6292161a5216c63aa0bc59b5a4742fd1e36|3e4f0a2fd9498da7c1440a355a22b6292161a5216c63aa0bc59b5a4742fd1e36|3e4f0a2fd9498da7c1440a355a22b6292161a5216c63aa0bc59b5a4742fd1e36,heldout_dense_AV_support_and_family
transductive_capacity,transductive_fit,s02_p00_seed20260741,64,10,oracle_trajectory_width_semantic64,3,0.25,4095.14794921875,19.01772689819336,0.9029305577278137,0.06814664899861275,0.014848834857788875,0.01169718687354709,23,,3e4f0a2fd9498da7c1440a355a22b6292161a5216c63aa0bc59b5a4742fd1e36|3e4f0a2fd9498da7c1440a355a22b6292161a5216c63aa0bc59b5a4742fd1e36|3e4f0a2fd9498da7c1440a355a22b6292161a5216c63aa0bc59b5a4742fd1e36,heldout_dense_AV_support_and_family
transductive_capacity,transductive_fit,s02_p00_seed20260741,64,11,oracle_trajectory_width_semantic64,3,0.25,9000.8603515625,254.86239624023438,8.413034439086914,0.168271617431,0.030572737083782425,0.03377393590299326,34,,3e4f0a2fd9498da7c1440a355a22b6292161a5216c63aa0bc59b5a4742fd1e36|3e4f0a2fd9498da7c1440a355a22b6292161a5216c63aa0bc59b5a4742fd1e36|3e4f0a2fd9498da7c1440a355a22b6292161a5216c63aa0bc59b5a4742fd1e36,heldout_dense_AV_support_and_family
transductive_capacity,transductive_fit,s02_p00_seed20260741,64,0,oracle_trajectory_width_value64,3,0.25,6239.98828125,8.05980110168457,0.5770975351333618,0.03593935471927027,0.009616847354160718,0.008728959812054883,16,,b733a0631efcc41b626edfcdc4f88d03dd1258a25c63d6758e9ffed56ebbdc86|ad9c499fe3080dcad9be2d44024066511f93d89ff764e6a7e58b6701b8082508|8c25d38e3ed89e6d0ee487ffe4c1f64f07f058196794f8802cecdfef7916d771,heldout_dense_AV_support_and_family
transductive_capacity,transductive_fit,s02_p00_seed20260741,64,1,oracle_trajectory_width_value64,3,0.25,9217.544921875,132.2259521484375,7.161757469177246,0.11977073648621837,0.027874184698935184,0.036221364299719526,35,,bc7ca7d801379d6175a610b5bbb29ae3cdabb1d014e7b2a6292498a663c4200e|443826bab0ab9f80e77c7f42f582b575149ee4e71bae5efe878e7efee64160dd|97a0658a5d5060ce2b2e1f27049ff56c49bb72edcfbf688a9c129ee056d6440e,heldout_dense_AV_support_and_family
transductive_capacity,transductive_fit,s02_p00_seed20260741,64,2,oracle_trajectory_width_value64,3,0.25,3420.18701171875,79.88248443603516,9.530479431152344,0.15282726992287501,0.052787664461432994,0.05292003111683835,66,,c6e6b0155118f1e62939b4d086fdb5c70b043456ef61b378d3a3f775f4382016|399aa2e8ab1475fa9db2ad73e794d58f0c34b6c9ce01cbf6c27be278a0af45a6|5d2be4f30bf1be1ec9fe1643318c0f90bbe03851cdf0fce01b1b180e6456de27,heldout_dense_AV_support_and_family
transductive_capacity,transductive_fit,s02_p00_seed20260741,64,3,oracle_trajectory_width_value64,3,0.25,5578.1259765625,3.540585517883301,0.3393591642379761,0.025193783050770243,0.007799838881638323,0.0057984003478334534,11,,68c629955926bab6d796f95f2c6a569b3eaa6a55494f431a2213e2e08a2cf3d3|bfe32e8d95cf6392daac0a0a25e637b124878e8e80e1b0a83297be995d32782b|0ccea53796dd3c52080835f034d3401e5240a2d2568f8de40bc9bf425a9e4efb,heldout_dense_AV_support_and_family
transductive_capacity,transductive_fit,s02_p00_seed20260741,64,4,oracle_trajectory_width_value64,3,0.25,5563.5078125,17.87295150756836,1.9675555229187012,0.056679209872655706,0.018805684563607993,0.01577137102448749,35,,cbfecb393ddb8f8cb2305a18a26ca6892122037b68c6b2895845a5bacc9d0a1e|1779c719c470da5f7043f00826e7ea3095ef25c04e07293a7fb1ee312621a4bb|ddec3fe515800af95ee62eaecb1b2bfd92fb4929b0639b5a23a0567a15bc1289,heldout_dense_AV_support_and_family
transductive_capacity,transductive_fit,s02_p00_seed20260741,64,5,oracle_trajectory_width_value64,3,0.25,2922.1640625,12.320270538330078,0.5545238256454468,0.06493185715450853,0.01377551384812644,0.008422315522822906,22,,4dcec8c75ab98688c18ecba0b53dd5b9689ce83410702962ee1553dd0d37e232|fc10792aa6a2a5b3fca76ace6cb4c5dae1a0e153b2d4ad6885f63e7a0c19b2af|2690f47a8beef618cdaf6b8490fc7682f46926e40e397b5b0394b95eacec7595,heldout_dense_AV_support_and_family
transductive_capacity,transductive_fit,s02_p00_seed20260741,64,6,oracle_trajectory_width_value64,3,0.25,1577.0855712890625,64.39277648925781,1.6794780492782593,0.20206493081966923,0.03263319054409518,0.02903857286659003,44,,3e4f0a2fd9498da7c1440a355a22b6292161a5216c63aa0bc59b5a4742fd1e36|9a4fb85abf6aeee655c4a8ae54af59dbd6f9c8ca486a672d28b6c98da5684d7d|512c29a11e165bf0d6da8c432c035249184346bceab6b8b530e7e1bb08442f78,heldout_dense_AV_support_and_family
transductive_capacity,transductive_fit,s02_p00_seed20260741,64,7,oracle_trajectory_width_value64,3,0.25,3127.29345703125,70.25759887695312,4.1575822830200195,0.14988643615784272,0.036461632415921715,0.029440483726136918,50,,d9f634b26b4ed160bdbc3e57bf8319e5cb5b4048f66c1e12fc8aa33a1e922353|7b3d1cb05314a87c67e2178b03486c104f5275436d727daa086fb4284cb665a4|6751ae213fe358f6afc363a80c530c22f42cdf674926e2bc1fe4d05d5782207f,heldout_dense_AV_support_and_family
transductive_capacity,transductive_fit,s02_p00_seed20260741,64,8,oracle_trajectory_width_value64,3,0.25,4961.77197265625,1.9690327644348145,0.11416719853878021,0.019920859415528416,0.004796807292138979,0.004040163620906075,6,,73336830bf4c9543d89e971171f2b3a0a4200dd0f5c937216036f67225c82348|b2773b230c47545a4459dac3b57eb6b7b75cc1730d936fc923d9632d762368d2|98a80576b0b5e3d356d78e403f47409d846d088981b5d136e60dfea908a01424,heldout_dense_AV_support_and_family
transductive_capacity,transductive_fit,s02_p00_seed20260741,64,9,oracle_trajectory_width_value64,3,0.25,3982.33935546875,79.29917907714844,4.757976531982422,0.14111241123312035,0.03456543405875232,0.02975066029948754,47,,d347f26917ae831c1cf375fb464523e5ad4883ab348956bf38acddf718e1d831|817d503f3ffd44256cb2be7a973c03e80fd10667a8a1875032238b6dd8a592b8|72e2f06ed6c5d1e3bb225c65a062c0a11770210c9f2f13297e49837c23d97a41,heldout_dense_AV_support_and_family
transductive_capacity,transductive_fit,s02_p00_seed20260741,64,10,oracle_trajectory_width_value64,3,0.25,4095.14794921875,12.865346908569336,0.6686682105064392,0.05605004329099188,0.012778225268134696,0.009405216271746125,20,,c4281ba956df8c440d120e19e1ab5c3997b5d99d34ecc0f5b12b77dfb37acdb9|a0a5ca3a7152a9e7d396674351aef568e4499156e43a56146dc0e7803999e9e3|6681e276a64fa013b7bfb7af50ba9ceb5ededf115a87ff598726585ee95631da,heldout_dense_AV_support_and_family
transductive_capacity,transductive_fit,s02_p00_seed20260741,64,11,oracle_trajectory_width_value64,3,0.25,9000.8603515625,135.88534545898438,6.900118827819824,0.12286955901503045,0.02768766126443226,0.02928212141596485,35,,2c83f1ad9a8b47199dcac2ad28f119da7a6505c7d79eb15c1341f9349b4a9333|2eb413a5cad913d1ef7a6ed6b1d621f31e1c0fd8183ed30e6101a2de1340234f|dc204da7479675137b9b4ed58d5ff05abbc7c257b986ab7000c730e885c9529e,heldout_dense_AV_support_and_family
transductive_capacity,transductive_fit,s02_p00_seed20260741,64,0,proxy_fixed64_qk,3,0.25,6239.98828125,63.617958068847656,1.021392583847046,0.10097130649149719,0.012793944518837603,0.007727945345132442,22,,d9594c31523b2c3e4ca35d496d6310ff42873a2d9549b7f6073170e671939a4a|cc4e6621cd82a892f706e3990508d51dd22463dd4025659f09a43e8f7aebe7c1|a520bb56b6c94a6ec3cea14d02d334b5453d5f5750067b3aa502e4765359219a,current_QKV_only_proxy
transductive_capacity,transductive_fit,s02_p00_seed20260741,64,1,proxy_fixed64_qk,3,0.25,9217.544921875,29.39746856689453,6.11837911605835,0.05647384219214741,0.025763838049091204,0.023881313775407594,46,,e6344806ff19ff391e4f9241cbee95ef6f8244465101f6a96ea37170a64db7ed|e56722d31c68e91c2cc3a2379c72c83fae2c978755d3956ed94aa2e1acf96984|380108abe9feb5b507d37b69c6d097ce19cfbdd78a933a3abba2e819e2070001,current_QKV_only_proxy
transductive_capacity,transductive_fit,s02_p00_seed20260741,64,2,proxy_fixed64_qk,3,0.25,3420.18701171875,58.33977508544922,5.373183250427246,0.1306042917904867,0.03963609853875739,0.03384895157078648,67,,9afa3b92b736763d44275090181feace88c0890be9fa7323502df553a99ae3a3|47f8595af53d03d6541e5e241a42a49f8313e443428660d2c86fdff1c8a1586c|df3223325a1708aa042cc001415ddf0feba4c83bb93dfc9e1f198ad4ff9ad289,current_QKV_only_proxy
transductive_capacity,transductive_fit,s02_p00_seed20260741,64,3,proxy_fixed64_qk,3,0.25,5578.1259765625,27.067808151245117,2.4079251289367676,0.06965982606972516,0.02077673642980057,0.025916423496448522,35,,89c31af4b29323f96822a1a19f3147f84687670ac2d906da7de6c7842f420067|3e94aac48ec336e0c5abc4cb2c236c56ce94e757d3e86eddcd70998f038a8930|df1864511ad68cf8b8db3f3bd4774d59d41030f35b0540439016b39d7dce8066,current_QKV_only_proxy
transductive_capacity,transductive_fit,s02_p00_seed20260741,64,4,proxy_fixed64_qk,3,0.25,5563.5078125,68.54928588867188,0.6907508373260498,0.11100105750625537,0.011142595343813639,0.007881012622483832,19,,bb985650ace50f95441add5ab87d8c56f9b7d52bfa6a79db2c205bfcf94648fc|e9e8909cf37e5e9696f7585e6cd4bf84037002d027502c2a20b154353c76cb59|ab2172cc5a1d8f060a050fa8e8c19b662bf053653af9b377d2fff724e7be93d6,current_QKV_only_proxy
transductive_capacity,transductive_fit,s02_p00_seed20260741,64,5,proxy_fixed64_qk,3,0.25,2922.1640625,17.39086151123047,1.3517825603485107,0.07714508300265106,0.021508054184595376,0.012758512620353536,30,,7ba835a3aec6a3797711fa1da1c3af82c822a9eaf55952b3ab47830df2062e8d|e92f2a1162d8e714f591c655c6fd180aaf47d5ff782553dfb4895f481cee021f|32c9154a706e24804927c8c5e736bfebc38b6e605d48e64c8573ecf5740aa7a6,current_QKV_only_proxy
transductive_capacity,transductive_fit,s02_p00_seed20260741,64,6,proxy_fixed64_qk,3,0.25,1577.0855712890625,65.79756927490234,4.96777868270874,0.2042571631177729,0.05612462995072341,0.04084947222579441,63,,b916ef32778a5fdc5313246f06032c20643ca4bd3dea273fc8bed80ae2aeb1a6|df2f9b5a3e32262652c9278025ca715884e51ac1553f3b4e670315d2b1dd4dd4|7f909eafb2ce96b049dce2f089daa72894ae74033b0e6d7dbc2773d34892466b,current_QKV_only_proxy
transductive_capacity,transductive_fit,s02_p00_seed20260741,64,7,proxy_fixed64_qk,3,0.25,3127.29345703125,72.07764434814453,7.754208564758301,0.15181545102745808,0.04979484913482567,0.03832576646411015,66,,3bebb818c346daf7e486b90881917612f26b8cc1708fe97fbd1a78a0eae2a5f4|53f2c26aa0599ae869cb3179b347450133b18fc96b8f7e4256b6b1f747db216d|b6e8a97f2116169199a6c595d0cbcc1265386d5a897653df5f3273383553f737,current_QKV_only_proxy
transductive_capacity,transductive_fit,s02_p00_seed20260741,64,8,proxy_fixed64_qk,3,0.25,4961.77197265625,8.237418174743652,0.6111825704574585,0.040745265871460976,0.011098571379854054,0.009750383134077254,18,,b9ccd95551f200c55180b82137f3bea2bae761f6c6b51886b81e4d9ae020edf6|c0c65e13f9661338cd99a61d222aef3e55e42eedc3048405e77aca9ae666f429|9ec20378c08a2334877360497627adf364bfa18f2e03df6f14e4d2d41ada5d39,current_QKV_only_proxy
transductive_capacity,transductive_fit,s02_p00_seed20260741,64,9,proxy_fixed64_qk,3,0.25,3982.33935546875,53.68779754638672,5.692621231079102,0.11610974230841865,0.03780828789154209,0.031602996898567236,55,,8527162c015a5a5ff1c2e0aef4c5a8665b900f029012860416c6ae900b497c99|7f895dc4eb8647abab168d43ef8541bc7a99c15fbc42b9e3be322cad0a0cab7a|fed0d2981d241ad89660d93008be5dfbcf04bb9bd071049ae58448f278a8c533,current_QKV_only_proxy
transductive_capacity,transductive_fit,s02_p00_seed20260741,64,10,proxy_fixed64_qk,3,0.25,4095.14794921875,14.106578826904297,1.0936663150787354,0.058691613879521765,0.016342090820948882,0.010310595220566265,25,,7cc546468b9facbf108739c0b44947f4ea7bb86e3351e80dd7b205a50051b985|61d4744849a14ef1ffea0778049480e045364e372b66dc77aea583eb6d07ae55|b7dae70a46e39b80f3f9a384b33c7ce00a1d79bd916805c9963f4958d628d211,current_QKV_only_proxy
transductive_capacity,transductive_fit,s02_p00_seed20260741,64,11,proxy_fixed64_qk,3,0.25,9000.8603515625,22.336994171142578,3.516716480255127,0.049816172160832825,0.01976635843835074,0.018861263699258488,35,,2880ec9fa10eb6e695aad57552b7a8e689970a49737301efc69bb9ac3a58e1e2|a1fdc28c360af37ef6dbb2fcac3b367bb082202e105234e4d16cc10b0ed8892a|16d4cde0f2f6380d9afc2686f1d53bdb6dc2d1cfef6aa8950448be237f77af86,current_QKV_only_proxy
transductive_capacity,transductive_fit,s02_p00_seed20260741,64,0,proxy_svg2_style_semantic64,3,0.25,6239.98828125,8.365013122558594,0.6058534383773804,0.03661351515939704,0.009853531322082167,0.009069278677265466,16,,3e4f0a2fd9498da7c1440a355a22b6292161a5216c63aa0bc59b5a4742fd1e36|3e4f0a2fd9498da7c1440a355a22b6292161a5216c63aa0bc59b5a4742fd1e36|3e4f0a2fd9498da7c1440a355a22b6292161a5216c63aa0bc59b5a4742fd1e36,current_QKV_only_proxy
transductive_capacity,transductive_fit,s02_p00_seed20260741,64,1,proxy_svg2_style_semantic64,3,0.25,9217.544921875,271.135986328125,10.333578109741211,0.17150861900955508,0.03348248877237118,0.0457845978269135,35,,3e4f0a2fd9498da7c1440a355a22b6292161a5216c63aa0bc59b5a4742fd1e36|3e4f0a2fd9498da7c1440a355a22b6292161a5216c63aa0bc59b5a4742fd1e36|3e4f0a2fd9498da7c1440a355a22b6292161a5216c63aa0bc59b5a4742fd1e36,current_QKV_only_proxy
transductive_capacity,transductive_fit,s02_p00_seed20260741,64,2,proxy_svg2_style_semantic64,3,0.25,3420.18701171875,105.47077941894531,10.186405181884766,0.1756067280173643,0.054573969871795996,0.054329361080233944,64,,3e4f0a2fd9498da7c1440a355a22b6292161a5216c63aa0bc59b5a4742fd1e36|3e4f0a2fd9498da7c1440a355a22b6292161a5216c63aa0bc59b5a4742fd1e36|3e4f0a2fd9498da7c1440a355a22b6292161a5216c63aa0bc59b5a4742fd1e36,current_QKV_only_proxy
transductive_capacity,transductive_fit,s02_p00_seed20260741,64,3,proxy_svg2_style_semantic64,3,0.25,5578.1259765625,3.7035913467407227,0.3123408257961273,0.02576720847817939,0.007482904765479216,0.004979486997232245,11,,3e4f0a2fd9498da7c1440a355a22b6292161a5216c63aa0bc59b5a4742fd1e36|3e4f0a2fd9498da7c1440a355a22b6292161a5216c63aa0bc59b5a4742fd1e36|3e4f0a2fd9498da7c1440a355a22b6292161a5216c63aa0bc59b5a4742fd1e36,current_QKV_only_proxy
transductive_capacity,transductive_fit,s02_p00_seed20260741,64,4,proxy_svg2_style_semantic64,3,0.25,5563.5078125,18.174686431884766,1.9812273979187012,0.0571556426465665,0.01887090861192624,0.01599891027353374,35,,3e4f0a2fd9498da7c1440a355a22b6292161a5216c63aa0bc59b5a4742fd1e36|3e4f0a2fd9498da7c1440a355a22b6292161a5216c63aa0bc59b5a4742fd1e36|3e4f0a2fd9498da7c1440a355a22b6292161a5216c63aa0bc59b5a4742fd1e36,current_QKV_only_proxy
transductive_capacity,transductive_fit,s02_p00_seed20260741,64,5,proxy_svg2_style_semantic64,3,0.25,2922.1640625,33.140995025634766,0.8088402152061462,0.10649530803613229,0.016637155291289778,0.011298555259461116,25,,3e4f0a2fd9498da7c1440a355a22b6292161a5216c63aa0bc59b5a4742fd1e36|3e4f0a2fd9498da7c1440a355a22b6292161a5216c63aa0bc59b5a4742fd1e36|3e4f0a2fd9498da7c1440a355a22b6292161a5216c63aa0bc59b5a4742fd1e36,current_QKV_only_proxy
transductive_capacity,transductive_fit,s02_p00_seed20260741,64,6,proxy_svg2_style_semantic64,3,0.25,1577.0855712890625,68.01200866699219,1.7697831392288208,0.20766589184199763,0.033499042778113046,0.029229154159525206,44,,3e4f0a2fd9498da7c1440a355a22b6292161a5216c63aa0bc59b5a4742fd1e36|3e4f0a2fd9498da7c1440a355a22b6292161a5216c63aa0bc59b5a4742fd1e36|3e4f0a2fd9498da7c1440a355a22b6292161a5216c63aa0bc59b5a4742fd1e36,current_QKV_only_proxy
transductive_capacity,transductive_fit,s02_p00_seed20260741,64,7,proxy_svg2_style_semantic64,3,0.25,3127.29345703125,63.35820770263672,3.787508487701416,0.14233677564861,0.03480106136347443,0.02829125239052451,49,,3e4f0a2fd9498da7c1440a355a22b6292161a5216c63aa0bc59b5a4742fd1e36|3e4f0a2fd9498da7c1440a355a22b6292161a5216c63aa0bc59b5a4742fd1e36|3e4f0a2fd9498da7c1440a355a22b6292161a5216c63aa0bc59b5a4742fd1e36,current_QKV_only_proxy
transductive_capacity,transductive_fit,s02_p00_seed20260741,64,8,proxy_svg2_style_semantic64,3,0.25,4961.77197265625,2.0661916732788086,0.10634308308362961,0.020406423841545257,0.004629522751859002,0.003544291356077169,7,,3e4f0a2fd9498da7c1440a355a22b6292161a5216c63aa0bc59b5a4742fd1e36|3e4f0a2fd9498da7c1440a355a22b6292161a5216c63aa0bc59b5a4742fd1e36|3e4f0a2fd9498da7c1440a355a22b6292161a5216c63aa0bc59b5a4742fd1e36,current_QKV_only_proxy
transductive_capacity,transductive_fit,s02_p00_seed20260741,64,9,proxy_svg2_style_semantic64,3,0.25,3982.33935546875,107.0335693359375,5.0241265296936035,0.16394224251154552,0.035519034441969265,0.03021996886112652,47,,3e4f0a2fd9498da7c1440a355a22b6292161a5216c63aa0bc59b5a4742fd1e36|3e4f0a2fd9498da7c1440a355a22b6292161a5216c63aa0bc59b5a4742fd1e36|3e4f0a2fd9498da7c1440a355a22b6292161a5216c63aa0bc59b5a4742fd1e36,current_QKV_only_proxy
transductive_capacity,transductive_fit,s02_p00_seed20260741,64,10,proxy_svg2_style_semantic64,3,0.25,4095.14794921875,19.01772689819336,0.9029305577278137,0.06814664899861275,0.014848834857788875,0.01169718687354709,23,,3e4f0a2fd9498da7c1440a355a22b6292161a5216c63aa0bc59b5a4742fd1e36|3e4f0a2fd9498da7c1440a355a22b6292161a5216c63aa0bc59b5a4742fd1e36|3e4f0a2fd9498da7c1440a355a22b6292161a5216c63aa0bc59b5a4742fd1e36,current_QKV_only_proxy
transductive_capacity,transductive_fit,s02_p00_seed20260741,64,11,proxy_svg2_style_semantic64,3,0.25,9000.8603515625,254.86239624023438,8.413034439086914,0.168271617431,0.030572737083782425,0.03377393590299326,34,,3e4f0a2fd9498da7c1440a355a22b6292161a5216c63aa0bc59b5a4742fd1e36|3e4f0a2fd9498da7c1440a355a22b6292161a5216c63aa0bc59b5a4742fd1e36|3e4f0a2fd9498da7c1440a355a22b6292161a5216c63aa0bc59b5a4742fd1e36,current_QKV_only_proxy
transductive_capacity,transductive_fit,s02_p00_seed20260741,64,0,proxy_value_aware_semantic64,3,0.25,6239.98828125,8.05980110168457,0.5770975351333618,0.03593935471927027,0.009616847354160718,0.008728959812054883,16,,b733a0631efcc41b626edfcdc4f88d03dd1258a25c63d6758e9ffed56ebbdc86|ad9c499fe3080dcad9be2d44024066511f93d89ff764e6a7e58b6701b8082508|8c25d38e3ed89e6d0ee487ffe4c1f64f07f058196794f8802cecdfef7916d771,current_QKV_only_proxy
transductive_capacity,transductive_fit,s02_p00_seed20260741,64,1,proxy_value_aware_semantic64,3,0.25,9217.544921875,132.2259521484375,7.161757469177246,0.11977073648621837,0.027874184698935184,0.036221364299719526,35,,bc7ca7d801379d6175a610b5bbb29ae3cdabb1d014e7b2a6292498a663c4200e|443826bab0ab9f80e77c7f42f582b575149ee4e71bae5efe878e7efee64160dd|97a0658a5d5060ce2b2e1f27049ff56c49bb72edcfbf688a9c129ee056d6440e,current_QKV_only_proxy
transductive_capacity,transductive_fit,s02_p00_seed20260741,64,2,proxy_value_aware_semantic64,3,0.25,3420.18701171875,79.88248443603516,9.530479431152344,0.15282726992287501,0.052787664461432994,0.05292003111683835,66,,c6e6b0155118f1e62939b4d086fdb5c70b043456ef61b378d3a3f775f4382016|399aa2e8ab1475fa9db2ad73e794d58f0c34b6c9ce01cbf6c27be278a0af45a6|5d2be4f30bf1be1ec9fe1643318c0f90bbe03851cdf0fce01b1b180e6456de27,current_QKV_only_proxy
transductive_capacity,transductive_fit,s02_p00_seed20260741,64,3,proxy_value_aware_semantic64,3,0.25,5578.1259765625,3.540585517883301,0.3393591642379761,0.025193783050770243,0.007799838881638323,0.0057984003478334534,11,,68c629955926bab6d796f95f2c6a569b3eaa6a55494f431a2213e2e08a2cf3d3|bfe32e8d95cf6392daac0a0a25e637b124878e8e80e1b0a83297be995d32782b|0ccea53796dd3c52080835f034d3401e5240a2d2568f8de40bc9bf425a9e4efb,current_QKV_only_proxy
transductive_capacity,transductive_fit,s02_p00_seed20260741,64,4,proxy_value_aware_semantic64,3,0.25,5563.5078125,17.87295150756836,1.9675555229187012,0.056679209872655706,0.018805684563607993,0.01577137102448749,35,,cbfecb393ddb8f8cb2305a18a26ca6892122037b68c6b2895845a5bacc9d0a1e|1779c719c470da5f7043f00826e7ea3095ef25c04e07293a7fb1ee312621a4bb|ddec3fe515800af95ee62eaecb1b2bfd92fb4929b0639b5a23a0567a15bc1289,current_QKV_only_proxy
transductive_capacity,transductive_fit,s02_p00_seed20260741,64,5,proxy_value_aware_semantic64,3,0.25,2922.1640625,12.320270538330078,0.5545238256454468,0.06493185715450853,0.01377551384812644,0.008422315522822906,22,,4dcec8c75ab98688c18ecba0b53dd5b9689ce83410702962ee1553dd0d37e232|fc10792aa6a2a5b3fca76ace6cb4c5dae1a0e153b2d4ad6885f63e7a0c19b2af|2690f47a8beef618cdaf6b8490fc7682f46926e40e397b5b0394b95eacec7595,current_QKV_only_proxy
transductive_capacity,transductive_fit,s02_p00_seed20260741,64,6,proxy_value_aware_semantic64,3,0.25,1577.0855712890625,64.39277648925781,1.6794780492782593,0.20206493081966923,0.03263319054409518,0.02903857286659003,44,,3e4f0a2fd9498da7c1440a355a22b6292161a5216c63aa0bc59b5a4742fd1e36|9a4fb85abf6aeee655c4a8ae54af59dbd6f9c8ca486a672d28b6c98da5684d7d|512c29a11e165bf0d6da8c432c035249184346bceab6b8b530e7e1bb08442f78,current_QKV_only_proxy
transductive_capacity,transductive_fit,s02_p00_seed20260741,64,7,proxy_value_aware_semantic64,3,0.25,3127.29345703125,70.25759887695312,4.1575822830200195,0.14988643615784272,0.036461632415921715,0.029440483726136918,50,,d9f634b26b4ed160bdbc3e57bf8319e5cb5b4048f66c1e12fc8aa33a1e922353|7b3d1cb05314a87c67e2178b03486c104f5275436d727daa086fb4284cb665a4|6751ae213fe358f6afc363a80c530c22f42cdf674926e2bc1fe4d05d5782207f,current_QKV_only_proxy
transductive_capacity,transductive_fit,s02_p00_seed20260741,64,8,proxy_value_aware_semantic64,3,0.25,4961.77197265625,1.9690327644348145,0.11416719853878021,0.019920859415528416,0.004796807292138979,0.004040163620906075,6,,73336830bf4c9543d89e971171f2b3a0a4200dd0f5c937216036f67225c82348|b2773b230c47545a4459dac3b57eb6b7b75cc1730d936fc923d9632d762368d2|98a80576b0b5e3d356d78e403f47409d846d088981b5d136e60dfea908a01424,current_QKV_only_proxy
transductive_capacity,transductive_fit,s02_p00_seed20260741,64,9,proxy_value_aware_semantic64,3,0.25,3982.33935546875,79.29917907714844,4.757976531982422,0.14111241123312035,0.03456543405875232,0.02975066029948754,47,,d347f26917ae831c1cf375fb464523e5ad4883ab348956bf38acddf718e1d831|817d503f3ffd44256cb2be7a973c03e80fd10667a8a1875032238b6dd8a592b8|72e2f06ed6c5d1e3bb225c65a062c0a11770210c9f2f13297e49837c23d97a41,current_QKV_only_proxy
transductive_capacity,transductive_fit,s02_p00_seed20260741,64,10,proxy_value_aware_semantic64,3,0.25,4095.14794921875,12.865346908569336,0.6686682105064392,0.05605004329099188,0.012778225268134696,0.009405216271746125,20,,c4281ba956df8c440d120e19e1ab5c3997b5d99d34ecc0f5b12b77dfb37acdb9|a0a5ca3a7152a9e7d396674351aef568e4499156e43a56146dc0e7803999e9e3|6681e276a64fa013b7bfb7af50ba9ceb5ededf115a87ff598726585ee95631da,current_QKV_only_proxy
transductive_capacity,transductive_fit,s02_p00_seed20260741,64,11,proxy_value_aware_semantic64,3,0.25,9000.8603515625,135.88534545898438,6.900118827819824,0.12286955901503045,0.02768766126443226,0.02928212141596485,35,,2c83f1ad9a8b47199dcac2ad28f119da7a6505c7d79eb15c1341f9349b4a9333|2eb413a5cad913d1ef7a6ed6b1d621f31e1c0fd8183ed30e6101a2de1340234f|dc204da7479675137b9b4ed58d5ff05abbc7c257b986ab7000c730e885c9529e,current_QKV_only_proxy
calibration_frozen,test,s03_p01_seed20260741,64,0,oracle_trajectory_width_family,3,0.25,7883.63037109375,4.801948547363281,0.36563757061958313,0.0246800266426435,0.006810237855271951,0.008846511959059814,9,oracle_trajectory_width_semantic64|oracle_trajectory_width_semantic64|oracle_trajectory_width_value64,3e4f0a2fd9498da7c1440a355a22b6292161a5216c63aa0bc59b5a4742fd1e36|3e4f0a2fd9498da7c1440a355a22b6292161a5216c63aa0bc59b5a4742fd1e36|d75b17c28e510997958afdec440f2dd441628d81fda2d789733157d96ab804e7,heldout_dense_AV_support_and_family
calibration_frozen,test,s03_p01_seed20260741,64,1,oracle_trajectory_width_family,3,0.25,10730.7626953125,282.97308349609375,2.8884849548339844,0.16238924708587504,0.016406644183102472,0.02080341033950601,26,oracle_trajectory_width_semantic64|oracle_trajectory_width_semantic64|oracle_trajectory_width_value64,3e4f0a2fd9498da7c1440a355a22b6292161a5216c63aa0bc59b5a4742fd1e36|3e4f0a2fd9498da7c1440a355a22b6292161a5216c63aa0bc59b5a4742fd1e36|3661b75e4cf0921da2ab7a871b8a410a22c6e97fb52ce1343827dea9af07f7ce,heldout_dense_AV_support_and_family
calibration_frozen,test,s03_p01_seed20260741,64,2,oracle_trajectory_width_family,3,0.25,4328.4404296875,53.449344635009766,5.024914264678955,0.11112338693256239,0.03407207677368895,0.03233793764407113,54,oracle_trajectory_width_semantic64|oracle_trajectory_width_fixed64|oracle_trajectory_width_semantic64,3e4f0a2fd9498da7c1440a355a22b6292161a5216c63aa0bc59b5a4742fd1e36|e84f56558b0dd5fa5edeb4c45c01ae43af6a8d1019964572aa88f262a338f282|3e4f0a2fd9498da7c1440a355a22b6292161a5216c63aa0bc59b5a4742fd1e36,heldout_dense_AV_support_and_family
calibration_frozen,test,s03_p01_seed20260741,64,3,oracle_trajectory_width_family,3,0.25,5820.59375,23.27143669128418,4.074869155883789,0.06323069473943035,0.026458985587500344,0.03027546225449339,45,oracle_trajectory_width_semantic64|oracle_trajectory_width_semantic64|oracle_trajectory_width_semantic64,3e4f0a2fd9498da7c1440a355a22b6292161a5216c63aa0bc59b5a4742fd1e36|3e4f0a2fd9498da7c1440a355a22b6292161a5216c63aa0bc59b5a4742fd1e36|3e4f0a2fd9498da7c1440a355a22b6292161a5216c63aa0bc59b5a4742fd1e36,heldout_dense_AV_support_and_family
calibration_frozen,test,s03_p01_seed20260741,64,4,oracle_trajectory_width_family,3,0.25,6486.37939453125,36.341957092285156,1.0935328006744385,0.07485192641157004,0.012984186157713845,0.012832707375623026,23,oracle_trajectory_width_semantic64|oracle_trajectory_width_fixed64|oracle_trajectory_width_semantic64,3e4f0a2fd9498da7c1440a355a22b6292161a5216c63aa0bc59b5a4742fd1e36|c0a80d11a5eb3e887262fecb5fa850ac289f374ab351b5fade4b841bde1978ee|3e4f0a2fd9498da7c1440a355a22b6292161a5216c63aa0bc59b5a4742fd1e36,heldout_dense_AV_support_and_family
calibration_frozen,test,s03_p01_seed20260741,64,5,oracle_trajectory_width_family,3,0.25,2940.588623046875,19.664443969726562,0.6659519076347351,0.08177559243191701,0.01504888409555914,0.012023516041565799,24,oracle_trajectory_width_value64|oracle_trajectory_width_value64|oracle_trajectory_width_value64,78c67e5ea6ad3daa5547a27006de89e33bf7ff53385020c7604eec325dea0758|3fb9a38a08af26f9b5342deeef496a37b01a76199cfdb0d144891a451f6f12f1|6cdfa05a0f4d776aa71a5600b04be85b6ea69fd68ae377936fe6d56074bffa34,heldout_dense_AV_support_and_family
calibration_frozen,test,s03_p01_seed20260741,64,6,oracle_trajectory_width_family,3,0.25,1853.340576171875,41.25428009033203,1.5773504972457886,0.1491959002651202,0.02917336236618221,0.025889675360816742,44,oracle_trajectory_width_value64|oracle_trajectory_width_semantic64|oracle_trajectory_width_value64,3e4f0a2fd9498da7c1440a355a22b6292161a5216c63aa0bc59b5a4742fd1e36|3e4f0a2fd9498da7c1440a355a22b6292161a5216c63aa0bc59b5a4742fd1e36|ed422673e01db73bc8a594064286e135e762acdd2812b61a4310fad5c6c4498b,heldout_dense_AV_support_and_family
calibration_frozen,test,s03_p01_seed20260741,64,7,oracle_trajectory_width_family,3,0.25,5570.66064453125,54.187904357910156,3.8233561515808105,0.09862745494588329,0.02619805358937826,0.018272390970290993,42,oracle_trajectory_width_semantic64|oracle_trajectory_width_semantic64|oracle_trajectory_width_semantic64,3e4f0a2fd9498da7c1440a355a22b6292161a5216c63aa0bc59b5a4742fd1e36|3e4f0a2fd9498da7c1440a355a22b6292161a5216c63aa0bc59b5a4742fd1e36|3e4f0a2fd9498da7c1440a355a22b6292161a5216c63aa0bc59b5a4742fd1e36,heldout_dense_AV_support_and_family
calibration_frozen,test,s03_p01_seed20260741,64,8,oracle_trajectory_width_family,3,0.25,5176.7373046875,24.159591674804688,0.7273832559585571,0.06831510361972157,0.011853690571159278,0.010499775808831128,19,oracle_trajectory_width_value64|oracle_trajectory_width_semantic64|oracle_trajectory_width_semantic64,6811280896bb63c3a88975f3b65a315182948f9251a5f0c493e2d9fe7f388555|3e4f0a2fd9498da7c1440a355a22b6292161a5216c63aa0bc59b5a4742fd1e36|3e4f0a2fd9498da7c1440a355a22b6292161a5216c63aa0bc59b5a4742fd1e36,heldout_dense_AV_support_and_family
calibration_frozen,test,s03_p01_seed20260741,64,9,oracle_trajectory_width_family,3,0.25,5138.1669921875,73.47972106933594,3.426452875137329,0.11958580795330004,0.025823688488736476,0.027744245068311822,41,oracle_trajectory_width_semantic64|oracle_trajectory_width_semantic64|oracle_trajectory_width_value64,3e4f0a2fd9498da7c1440a355a22b6292161a5216c63aa0bc59b5a4742fd1e36|3e4f0a2fd9498da7c1440a355a22b6292161a5216c63aa0bc59b5a4742fd1e36|03675625e150fa9547220a732b2f4a6d8e2a11d21c597e2e596dfbe7a4c7706a,heldout_dense_AV_support_and_family
calibration_frozen,test,s03_p01_seed20260741,64,10,oracle_trajectory_width_family,3,0.25,5093.818359375,36.07554244995117,1.422562599182129,0.08415592692774608,0.01671144353990895,0.015991789269546097,26,oracle_trajectory_width_value64|oracle_trajectory_width_semantic64|oracle_trajectory_width_value64,4606e21dc3d25d720e432035e4ca1f2e62546e3c9be37cd226767356ab4f68cb|3e4f0a2fd9498da7c1440a355a22b6292161a5216c63aa0bc59b5a4742fd1e36|c0aca3db5a7a0bae1edceae77baf7637ecff44dcd2048e35801c49404e92fdaa,heldout_dense_AV_support_and_family
calibration_frozen,test,s03_p01_seed20260741,64,11,oracle_trajectory_width_family,3,0.25,10030.6474609375,46.2535285949707,5.620730876922607,0.06790596909739308,0.023671834310592093,0.02476503636764677,38,oracle_trajectory_width_semantic64|oracle_trajectory_width_fixed64|oracle_trajectory_width_semantic64,3e4f0a2fd9498da7c1440a355a22b6292161a5216c63aa0bc59b5a4742fd1e36|e68ba1b713db4af1a41b1e62ac5976a2852f202a881ba79e971cb691166d931a|3e4f0a2fd9498da7c1440a355a22b6292161a5216c63aa0bc59b5a4742fd1e36,heldout_dense_AV_support_and_family
calibration_frozen,test,s03_p01_seed20260741,64,0,oracle_trajectory_width_fixed64,3,0.25,7883.63037109375,52.712135314941406,1.920888900756836,0.08176965732454226,0.015609464220965302,0.01275932967806737,31,,d13966646d768ed76332cb5dcbc64f6ece80547c38b3f04dfe7483de729e3345|c849caaa1917a7608a7178e86807665bb007f2e8d90bb5d387e9ac0d32d6c0fa|16fa506e23dc4be1c8f6be45545d688af1702d24120be2d60c17951e07fc88f9,heldout_dense_AV_support_and_family
calibration_frozen,test,s03_p01_seed20260741,64,1,oracle_trajectory_width_fixed64,3,0.25,10730.7626953125,44.586395263671875,10.302909851074219,0.06445934460653617,0.030985938496313033,0.02884530565618144,57,,d232798ffe6073bb179ce134a254010d48c4503ca7b1d2ad70d3b3ddc4e9b88c|ee741edf01e9a81b9592c666746a8b35254baf30cd09b26a50d6376328a4015c|fa4a234cf53508048ea4f8e2e471d7e1ac49692db9f0191216664e7a7d0a8dee,heldout_dense_AV_support_and_family
calibration_frozen,test,s03_p01_seed20260741,64,2,oracle_trajectory_width_fixed64,3,0.25,4328.4404296875,71.31938934326172,6.643552780151367,0.12836247596086447,0.03917729730722937,0.03233793764407113,66,,d6e3f430bf7a9b7e916219f3a8e5965f1e0fc5a5b945c2b8a4a00a74dcc02f33|e84f56558b0dd5fa5edeb4c45c01ae43af6a8d1019964572aa88f262a338f282|cedc110611edb34d76644a278bc9802b5617c81e3b1af224810d8b37340890cc,heldout_dense_AV_support_and_family
calibration_frozen,test,s03_p01_seed20260741,64,3,oracle_trajectory_width_fixed64,3,0.25,5820.59375,58.920074462890625,8.86213493347168,0.10061158695035685,0.039019844542442846,0.04029120900417578,62,,abb0e621557ec11ba07a257f16b2ddb2391d4a5e07bce33b24f114812d79e071|602f52bf7e7a99c6acc4cf843a1ef0fed7c883f1a6545cc6cc1e27015ad2c384|db914d6fbb2f2bf4f214d4b1cc74d628347b82fe82a8a0259d5df5c7ebaf72e3,heldout_dense_AV_support_and_family
calibration_frozen,test,s03_p01_seed20260741,64,4,oracle_trajectory_width_fixed64,3,0.25,6486.37939453125,58.87513732910156,1.2205209732055664,0.09527189264693454,0.013717388843028703,0.012832707375623026,25,,d8720c1458993487467d37c57be2a1ee2f92854994f38e81129f09a3629327f6|c0a80d11a5eb3e887262fecb5fa850ac289f374ab351b5fade4b841bde1978ee|f17e72b735399fa562b5a18581d1477750cde44a124fd82d6cf7533afbd6a36b,heldout_dense_AV_support_and_family
calibration_frozen,test,s03_p01_seed20260741,64,5,oracle_trajectory_width_fixed64,3,0.25,2940.588623046875,18.71977996826172,0.9962329864501953,0.07978720166450018,0.018406165491877905,0.01401184615561351,29,,076cf91bef3c6a8a1618ec303b6acb438dd343a87df497c6372bbf2e020dbdbf|bac1babe5858e76bb1e57d034979efbaff8e4662ec1b374c52f95178727b01aa|8226bcbd5e6a3f0eead2403b78c35fc039bd9934040f8b127914ad7646f7a1ac,heldout_dense_AV_support_and_family
calibration_frozen,test,s03_p01_seed20260741,64,6,oracle_trajectory_width_fixed64,3,0.25,1853.340576171875,72.47306823730469,5.26904296875,0.19774736582461383,0.05331976824438529,0.03886743355201958,65,,d6af9c4ea4206ca89dbd2c018452c95df3122abad48fb25a3951efddd23ab718|e8d269e1c8bfc97127f8fde8577247a65ae024540af9203a7dd4fc7e2e3e9224|e0be9366343fc97eca9cb21e57a10f5924a9a600b181e7de0f88eb5881fb5320,heldout_dense_AV_support_and_family
calibration_frozen,test,s03_p01_seed20260741,64,7,oracle_trajectory_width_fixed64,3,0.25,5570.66064453125,81.99762725830078,8.401336669921875,0.12132415951361043,0.038834779442268735,0.024260814884475634,57,,230fd90f0a83fe9a383aac7a865e7269b248cf233b7952ef7d03f379359df20c|da44e2b280847e9f053e2db121d4101ff4a3daf844ae5faa9bad95d2a9da577b|eadbe8220f5b5c19050e9250bbdc77b706e7c3d10eaf946c7187e1e75f23cf58,heldout_dense_AV_support_and_family
calibration_frozen,test,s03_p01_seed20260741,64,8,oracle_trajectory_width_fixed64,3,0.25,5176.7373046875,17.212554931640625,1.3275983333587646,0.057662651156123436,0.016014201387735634,0.014373162804710939,27,,a33a81c50ff97d259745c03ea7027fea94e6fe0498465941c85b7115be5035aa|b64a7bc5203ec08b662fa86be2f0918f8033adf83af814579f295466e04ae1cf|13b5778877f88b9b60bf4016a7746eb155084e4330407a09af1b542b8456d058,heldout_dense_AV_support_and_family
calibration_frozen,test,s03_p01_seed20260741,64,9,oracle_trajectory_width_fixed64,3,0.25,5138.1669921875,67.72616577148438,7.17320442199707,0.1148085249504714,0.037363925402013665,0.0349062182598844,58,,5be523b32f2710fa48aa15250924dcd909a5dce5ca8a9473132e0283203cb7d9|43501944e43877cc27bb2b064f884209dd5be8fda29ee70cdf2bcc46ece190d0|497b1b73efad8d57ed36259b8ac53fe1d687c4d3e076f7a6cfc07770b92a561c,heldout_dense_AV_support_and_family
calibration_frozen,test,s03_p01_seed20260741,64,10,oracle_trajectory_width_fixed64,3,0.25,5093.818359375,33.23495101928711,1.7656782865524292,0.08077478195311244,0.018618044369751025,0.017645354059748045,31,,76501599dab5b3e58af1e63e561dbe352a4e7c61e5d7fcfdb76b4cf3f40d9fff|6566bcd347666c17818b123a994fcb7fe9831f56a98b4aad1e9503943469ea64|f4ce222dd25588ad6be641e2ca161450c5465fdda252aac07bb158889b00c0c3,heldout_dense_AV_support_and_family
calibration_frozen,test,s03_p01_seed20260741,64,11,oracle_trajectory_width_fixed64,3,0.25,10030.6474609375,49.4434700012207,8.629142761230469,0.07020854741900301,0.029330491698398454,0.02476503636764677,52,,14f19285e3bbb36d6fcadd9cef4dc483aa38fe8907ddc17d21755dece8f4a880|e68ba1b713db4af1a41b1e62ac5976a2852f202a881ba79e971cb691166d931a|83f5a3e914a02a8536c552a4df7491359bd2d67edaa560e02e178b832e05a53a,heldout_dense_AV_support_and_family
calibration_frozen,test,s03_p01_seed20260741,64,0,oracle_trajectory_width_semantic64,3,0.25,7883.63037109375,4.82302713394165,0.36689963936805725,0.024734134931656417,0.006821981156581341,0.008846511959059814,9,,3e4f0a2fd9498da7c1440a355a22b6292161a5216c63aa0bc59b5a4742fd1e36|3e4f0a2fd9498da7c1440a355a22b6292161a5216c63aa0bc59b5a4742fd1e36|3e4f0a2fd9498da7c1440a355a22b6292161a5216c63aa0bc59b5a4742fd1e36,heldout_dense_AV_support_and_family
calibration_frozen,test,s03_p01_seed20260741,64,1,oracle_trajectory_width_semantic64,3,0.25,10730.7626953125,282.98468017578125,2.9108569622039795,0.1623925745344903,0.016470058323686337,0.02080341033950601,26,,3e4f0a2fd9498da7c1440a355a22b6292161a5216c63aa0bc59b5a4742fd1e36|3e4f0a2fd9498da7c1440a355a22b6292161a5216c63aa0bc59b5a4742fd1e36|3e4f0a2fd9498da7c1440a355a22b6292161a5216c63aa0bc59b5a4742fd1e36,heldout_dense_AV_support_and_family
calibration_frozen,test,s03_p01_seed20260741,64,2,oracle_trajectory_width_semantic64,3,0.25,4328.4404296875,56.98808288574219,4.900383949279785,0.11474302660557772,0.03364723116663189,0.032469783438040994,52,,3e4f0a2fd9498da7c1440a355a22b6292161a5216c63aa0bc59b5a4742fd1e36|3e4f0a2fd9498da7c1440a355a22b6292161a5216c63aa0bc59b5a4742fd1e36|3e4f0a2fd9498da7c1440a355a22b6292161a5216c63aa0bc59b5a4742fd1e36,heldout_dense_AV_support_and_family
calibration_frozen,test,s03_p01_seed20260741,64,3,oracle_trajectory_width_semantic64,3,0.25,5820.59375,23.27143669128418,4.074869155883789,0.06323069473943035,0.026458985587500344,0.03027546225449339,45,,3e4f0a2fd9498da7c1440a355a22b6292161a5216c63aa0bc59b5a4742fd1e36|3e4f0a2fd9498da7c1440a355a22b6292161a5216c63aa0bc59b5a4742fd1e36|3e4f0a2fd9498da7c1440a355a22b6292161a5216c63aa0bc59b5a4742fd1e36,heldout_dense_AV_support_and_family
calibration_frozen,test,s03_p01_seed20260741,64,4,oracle_trajectory_width_semantic64,3,0.25,6486.37939453125,15.45390510559082,1.6144025325775146,0.048811027160678505,0.015776284933446353,0.01823131574228431,28,,3e4f0a2fd9498da7c1440a355a22b6292161a5216c63aa0bc59b5a4742fd1e36|3e4f0a2fd9498da7c1440a355a22b6292161a5216c63aa0bc59b5a4742fd1e36|3e4f0a2fd9498da7c1440a355a22b6292161a5216c63aa0bc59b5a4742fd1e36,heldout_dense_AV_support_and_family
calibration_frozen,test,s03_p01_seed20260741,64,5,oracle_trajectory_width_semantic64,3,0.25,2940.588623046875,46.2661247253418,0.7138725519180298,0.12543375565520748,0.01558092387134636,0.012473631390089154,24,,3e4f0a2fd9498da7c1440a355a22b6292161a5216c63aa0bc59b5a4742fd1e36|3e4f0a2fd9498da7c1440a355a22b6292161a5216c63aa0bc59b5a4742fd1e36|3e4f0a2fd9498da7c1440a355a22b6292161a5216c63aa0bc59b5a4742fd1e36,heldout_dense_AV_support_and_family
calibration_frozen,test,s03_p01_seed20260741,64,6,oracle_trajectory_width_semantic64,3,0.25,1853.340576171875,39.24429702758789,1.5765705108642578,0.14551597046006076,0.029166148484707752,0.025889675360816742,44,,3e4f0a2fd9498da7c1440a355a22b6292161a5216c63aa0bc59b5a4742fd1e36|3e4f0a2fd9498da7c1440a355a22b6292161a5216c63aa0bc59b5a4742fd1e36|3e4f0a2fd9498da7c1440a355a22b6292161a5216c63aa0bc59b5a4742fd1e36,heldout_dense_AV_support_and_family
calibration_frozen,test,s03_p01_seed20260741,64,7,oracle_trajectory_width_semantic64,3,0.25,5570.66064453125,54.187904357910156,3.8233561515808105,0.09862745494588329,0.02619805358937826,0.018272390970290993,42,,3e4f0a2fd9498da7c1440a355a22b6292161a5216c63aa0bc59b5a4742fd1e36|3e4f0a2fd9498da7c1440a355a22b6292161a5216c63aa0bc59b5a4742fd1e36|3e4f0a2fd9498da7c1440a355a22b6292161a5216c63aa0bc59b5a4742fd1e36,heldout_dense_AV_support_and_family
calibration_frozen,test,s03_p01_seed20260741,64,8,oracle_trajectory_width_semantic64,3,0.25,5176.7373046875,24.471389770507812,0.7269109487533569,0.0687545198677009,0.011849841504977488,0.010499775808831128,19,,3e4f0a2fd9498da7c1440a355a22b6292161a5216c63aa0bc59b5a4742fd1e36|3e4f0a2fd9498da7c1440a355a22b6292161a5216c63aa0bc59b5a4742fd1e36|3e4f0a2fd9498da7c1440a355a22b6292161a5216c63aa0bc59b5a4742fd1e36,heldout_dense_AV_support_and_family
calibration_frozen,test,s03_p01_seed20260741,64,9,oracle_trajectory_width_semantic64,3,0.25,5138.1669921875,74.24658203125,3.5069081783294678,0.12020820865387322,0.026125107730197293,0.027744245068311822,41,,3e4f0a2fd9498da7c1440a355a22b6292161a5216c63aa0bc59b5a4742fd1e36|3e4f0a2fd9498da7c1440a355a22b6292161a5216c63aa0bc59b5a4742fd1e36|3e4f0a2fd9498da7c1440a355a22b6292161a5216c63aa0bc59b5a4742fd1e36,heldout_dense_AV_support_and_family
calibration_frozen,test,s03_p01_seed20260741,64,10,oracle_trajectory_width_semantic64,3,0.25,5093.818359375,41.035064697265625,1.5166165828704834,0.08975441777423125,0.01725504804822018,0.015991789269546097,26,,3e4f0a2fd9498da7c1440a355a22b6292161a5216c63aa0bc59b5a4742fd1e36|3e4f0a2fd9498da7c1440a355a22b6292161a5216c63aa0bc59b5a4742fd1e36|3e4f0a2fd9498da7c1440a355a22b6292161a5216c63aa0bc59b5a4742fd1e36,heldout_dense_AV_support_and_family
calibration_frozen,test,s03_p01_seed20260741,64,11,oracle_trajectory_width_semantic64,3,0.25,10030.6474609375,193.51751708984375,7.476668834686279,0.13889789311849826,0.027301693636818166,0.026945571772241165,36,,3e4f0a2fd9498da7c1440a355a22b6292161a5216c63aa0bc59b5a4742fd1e36|3e4f0a2fd9498da7c1440a355a22b6292161a5216c63aa0bc59b5a4742fd1e36|3e4f0a2fd9498da7c1440a355a22b6292161a5216c63aa0bc59b5a4742fd1e36,heldout_dense_AV_support_and_family
calibration_frozen,test,s03_p01_seed20260741,64,0,oracle_trajectory_width_value64,3,0.25,7883.63037109375,4.439858436584473,0.37433749437332153,0.023731294810591507,0.006890782428234607,0.009209294798824272,9,,453d8578e6ce068e851ee283ffbbf3a44f9dec2f56ab3a2aedefa589c4ee7236|ff2dbf5080b1cce3db079316b18a3ebc2421a27455f0e3799ffa0ebd9c0beb9c|d75b17c28e510997958afdec440f2dd441628d81fda2d789733157d96ab804e7,heldout_dense_AV_support_and_family
calibration_frozen,test,s03_p01_seed20260741,64,1,oracle_trajectory_width_value64,3,0.25,10730.7626953125,181.220458984375,4.735528945922852,0.12995360080740234,0.02100723783627188,0.026906264899660578,30,,7367d62fa66ccf52ea9dc0144d45b93a5e77bb81e4a5f90dc1550e659bec6c97|f5b81d5e0ee9ac3c57667979cd51a2e3fd17c33de31a5336c263e665cdffb3b5|3661b75e4cf0921da2ab7a871b8a410a22c6e97fb52ce1343827dea9af07f7ce,heldout_dense_AV_support_and_family
calibration_frozen,test,s03_p01_seed20260741,64,2,oracle_trajectory_width_value64,3,0.25,4328.4404296875,65.5006103515625,6.0751423835754395,0.12301468276796997,0.03746385880900945,0.03631635591523004,57,,c68b81afd1233e20565021ba80cae508862ee7294f839e7d6a315bd8b3e7b7f8|a4da176d996ad207dfc0467b185f5a30ae7d8bf777dbfd2a35df04c08a8a0e02|0d8995a84b09e3e607cc2cc5e0ab5ca28ee512600c2fb65315db011d43286f79,heldout_dense_AV_support_and_family
calibration_frozen,test,s03_p01_seed20260741,64,3,oracle_trajectory_width_value64,3,0.25,5820.59375,22.83579444885254,4.126826286315918,0.06263605809643051,0.02662713558859627,0.030746299423018094,46,,48b71b0eb1ddeb7d6dd10b3d81e36cb723f532b92d69ef4268a155c7a9416fef|5e0dbe526251c542132f64b33e1702fe31af09a0b963eb99a8e4550abbeee31e|525d06bcac1edad50dfe055c4a6561c235b9857649477b563aa404851dafada9,heldout_dense_AV_support_and_family
calibration_frozen,test,s03_p01_seed20260741,64,4,oracle_trajectory_width_value64,3,0.25,6486.37939453125,15.0072021484375,1.588538408279419,0.04810040051368871,0.015649399817217614,0.01795374962723415,29,,37c571f531496a9be1e0e883b036f51dd9b9ade6c8b29bf6349ebd732590f52b|24df1c75a50f87250c9f10b27295d6b3bf4bd91f79269b74dc77ff3704dcd3e7|4e48cdfb58066cbeb3b7c79f93055c152ed4c19ebbf01f46d0f6412bb7c23839,heldout_dense_AV_support_and_family
calibration_frozen,test,s03_p01_seed20260741,64,5,oracle_trajectory_width_value64,3,0.25,2940.588623046875,19.664443969726562,0.6659519076347351,0.08177559243191701,0.01504888409555914,0.012023516041565799,24,,78c67e5ea6ad3daa5547a27006de89e33bf7ff53385020c7604eec325dea0758|3fb9a38a08af26f9b5342deeef496a37b01a76199cfdb0d144891a451f6f12f1|6cdfa05a0f4d776aa71a5600b04be85b6ea69fd68ae377936fe6d56074bffa34,heldout_dense_AV_support_and_family
calibration_frozen,test,s03_p01_seed20260741,64,6,oracle_trajectory_width_value64,3,0.25,1853.340576171875,46.23994445800781,1.6580345630645752,0.15795414782845374,0.029910190061310307,0.026691877951548787,45,,3e4f0a2fd9498da7c1440a355a22b6292161a5216c63aa0bc59b5a4742fd1e36|5141bbf2e9d62f96048e58fe25012fba8ebf8315f8c7acdcacc133ce0ec1a894|ed422673e01db73bc8a594064286e135e762acdd2812b61a4310fad5c6c4498b,heldout_dense_AV_support_and_family
calibration_frozen,test,s03_p01_seed20260741,64,7,oracle_trajectory_width_value64,3,0.25,5570.66064453125,57.69269561767578,4.388273239135742,0.10176702159792134,0.02806683744421273,0.01904348662251698,45,,3661b75e4cf0921da2ab7a871b8a410a22c6e97fb52ce1343827dea9af07f7ce|9212db8aa4e87d07a4b5af7b73a2bbc69d1f6d6192c507d2cdd78321b65c01c2|d2db1326c798e2c29091b7f965487bb8e0cea229dc2a4de45bb0e18ececea638,heldout_dense_AV_support_and_family
calibration_frozen,test,s03_p01_seed20260741,64,8,oracle_trajectory_width_value64,3,0.25,5176.7373046875,17.854598999023438,0.7807612419128418,0.05872824012594691,0.0122809244463103,0.01179855945983596,20,,6811280896bb63c3a88975f3b65a315182948f9251a5f0c493e2d9fe7f388555|ca577f19236ca6acdf5c6c295242056eed12b7d95084226a1cef8628d4fa2a92|f025b32ad61aca429a06e9a6c0c1137af773a8511b4b26dd0420dea49767e1b5,heldout_dense_AV_support_and_family
calibration_frozen,test,s03_p01_seed20260741,64,9,oracle_trajectory_width_value64,3,0.25,5138.1669921875,74.39967346191406,3.954033851623535,0.12033207543365229,0.02774061494330314,0.02999133007061743,44,,58cf574b58ddd950a5d6f5a36d8b108f68b625d8193d29029a5f29820ac22a2c|aa912098d352e54298f4c3be5fac6d17f622343382eb9b1d2434f9326a0ebc62|03675625e150fa9547220a732b2f4a6d8e2a11d21c597e2e596dfbe7a4c7706a,heldout_dense_AV_support_and_family
calibration_frozen,test,s03_p01_seed20260741,64,10,oracle_trajectory_width_value64,3,0.25,5093.818359375,31.035776138305664,1.5605249404907227,0.07805659062254053,0.017503045824444053,0.017032686244804723,27,,4606e21dc3d25d720e432035e4ca1f2e62546e3c9be37cd226767356ab4f68cb|333270d9413ab8a944f4ee400612210cf8c8bc67e7c73efb46d101e5b7fce073|c0aca3db5a7a0bae1edceae77baf7637ecff44dcd2048e35801c49404e92fdaa,heldout_dense_AV_support_and_family
calibration_frozen,test,s03_p01_seed20260741,64,11,oracle_trajectory_width_value64,3,0.25,10030.6474609375,176.48660278320312,8.207728385925293,0.13264515399065788,0.028605332788383793,0.02888024314146374,39,,03d557edfbe13f73d78a5277cc31b0ed6bcff5a39a38b7f117fd39d17e1751e1|276cf3e6b1ac943115776a66eea5ce67fc66bc3a7461c3ef3bdfa02e027c01ea|548e7aefbb49180a519bf67bda766e1b01454b45197fcab1dfa7fd2ff5a8e34b,heldout_dense_AV_support_and_family
calibration_frozen,test,s03_p01_seed20260741,64,0,proxy_fixed64_qk,3,0.25,7883.63037109375,52.712135314941406,1.920888900756836,0.08176965732454226,0.015609464220965302,0.01275932967806737,31,,d13966646d768ed76332cb5dcbc64f6ece80547c38b3f04dfe7483de729e3345|c849caaa1917a7608a7178e86807665bb007f2e8d90bb5d387e9ac0d32d6c0fa|16fa506e23dc4be1c8f6be45545d688af1702d24120be2d60c17951e07fc88f9,current_QKV_only_proxy
calibration_frozen,test,s03_p01_seed20260741,64,1,proxy_fixed64_qk,3,0.25,10730.7626953125,44.586395263671875,10.302909851074219,0.06445934460653617,0.030985938496313033,0.02884530565618144,57,,d232798ffe6073bb179ce134a254010d48c4503ca7b1d2ad70d3b3ddc4e9b88c|ee741edf01e9a81b9592c666746a8b35254baf30cd09b26a50d6376328a4015c|fa4a234cf53508048ea4f8e2e471d7e1ac49692db9f0191216664e7a7d0a8dee,current_QKV_only_proxy
calibration_frozen,test,s03_p01_seed20260741,64,2,proxy_fixed64_qk,3,0.25,4328.4404296875,71.31938934326172,6.643552780151367,0.12836247596086447,0.03917729730722937,0.03233793764407113,66,,d6e3f430bf7a9b7e916219f3a8e5965f1e0fc5a5b945c2b8a4a00a74dcc02f33|e84f56558b0dd5fa5edeb4c45c01ae43af6a8d1019964572aa88f262a338f282|cedc110611edb34d76644a278bc9802b5617c81e3b1af224810d8b37340890cc,current_QKV_only_proxy
calibration_frozen,test,s03_p01_seed20260741,64,3,proxy_fixed64_qk,3,0.25,5820.59375,58.920074462890625,8.86213493347168,0.10061158695035685,0.039019844542442846,0.04029120900417578,62,,abb0e621557ec11ba07a257f16b2ddb2391d4a5e07bce33b24f114812d79e071|602f52bf7e7a99c6acc4cf843a1ef0fed7c883f1a6545cc6cc1e27015ad2c384|db914d6fbb2f2bf4f214d4b1cc74d628347b82fe82a8a0259d5df5c7ebaf72e3,current_QKV_only_proxy
calibration_frozen,test,s03_p01_seed20260741,64,4,proxy_fixed64_qk,3,0.25,6486.37939453125,58.87513732910156,1.2205209732055664,0.09527189264693454,0.013717388843028703,0.012832707375623026,25,,d8720c1458993487467d37c57be2a1ee2f92854994f38e81129f09a3629327f6|c0a80d11a5eb3e887262fecb5fa850ac289f374ab351b5fade4b841bde1978ee|f17e72b735399fa562b5a18581d1477750cde44a124fd82d6cf7533afbd6a36b,current_QKV_only_proxy
calibration_frozen,test,s03_p01_seed20260741,64,5,proxy_fixed64_qk,3,0.25,2940.588623046875,18.71977996826172,0.9962329864501953,0.07978720166450018,0.018406165491877905,0.01401184615561351,29,,076cf91bef3c6a8a1618ec303b6acb438dd343a87df497c6372bbf2e020dbdbf|bac1babe5858e76bb1e57d034979efbaff8e4662ec1b374c52f95178727b01aa|8226bcbd5e6a3f0eead2403b78c35fc039bd9934040f8b127914ad7646f7a1ac,current_QKV_only_proxy
calibration_frozen,test,s03_p01_seed20260741,64,6,proxy_fixed64_qk,3,0.25,1853.340576171875,72.47306823730469,5.26904296875,0.19774736582461383,0.05331976824438529,0.03886743355201958,65,,d6af9c4ea4206ca89dbd2c018452c95df3122abad48fb25a3951efddd23ab718|e8d269e1c8bfc97127f8fde8577247a65ae024540af9203a7dd4fc7e2e3e9224|e0be9366343fc97eca9cb21e57a10f5924a9a600b181e7de0f88eb5881fb5320,current_QKV_only_proxy
calibration_frozen,test,s03_p01_seed20260741,64,7,proxy_fixed64_qk,3,0.25,5570.66064453125,81.99762725830078,8.401336669921875,0.12132415951361043,0.038834779442268735,0.024260814884475634,57,,230fd90f0a83fe9a383aac7a865e7269b248cf233b7952ef7d03f379359df20c|da44e2b280847e9f053e2db121d4101ff4a3daf844ae5faa9bad95d2a9da577b|eadbe8220f5b5c19050e9250bbdc77b706e7c3d10eaf946c7187e1e75f23cf58,current_QKV_only_proxy
calibration_frozen,test,s03_p01_seed20260741,64,8,proxy_fixed64_qk,3,0.25,5176.7373046875,17.212554931640625,1.3275983333587646,0.057662651156123436,0.016014201387735634,0.014373162804710939,27,,a33a81c50ff97d259745c03ea7027fea94e6fe0498465941c85b7115be5035aa|b64a7bc5203ec08b662fa86be2f0918f8033adf83af814579f295466e04ae1cf|13b5778877f88b9b60bf4016a7746eb155084e4330407a09af1b542b8456d058,current_QKV_only_proxy
calibration_frozen,test,s03_p01_seed20260741,64,9,proxy_fixed64_qk,3,0.25,5138.1669921875,67.72616577148438,7.17320442199707,0.1148085249504714,0.037363925402013665,0.0349062182598844,58,,5be523b32f2710fa48aa15250924dcd909a5dce5ca8a9473132e0283203cb7d9|43501944e43877cc27bb2b064f884209dd5be8fda29ee70cdf2bcc46ece190d0|497b1b73efad8d57ed36259b8ac53fe1d687c4d3e076f7a6cfc07770b92a561c,current_QKV_only_proxy
calibration_frozen,test,s03_p01_seed20260741,64,10,proxy_fixed64_qk,3,0.25,5093.818359375,33.23495101928711,1.7656782865524292,0.08077478195311244,0.018618044369751025,0.017645354059748045,31,,76501599dab5b3e58af1e63e561dbe352a4e7c61e5d7fcfdb76b4cf3f40d9fff|6566bcd347666c17818b123a994fcb7fe9831f56a98b4aad1e9503943469ea64|f4ce222dd25588ad6be641e2ca161450c5465fdda252aac07bb158889b00c0c3,current_QKV_only_proxy
calibration_frozen,test,s03_p01_seed20260741,64,11,proxy_fixed64_qk,3,0.25,10030.6474609375,49.4434700012207,8.629142761230469,0.07020854741900301,0.029330491698398454,0.02476503636764677,52,,14f19285e3bbb36d6fcadd9cef4dc483aa38fe8907ddc17d21755dece8f4a880|e68ba1b713db4af1a41b1e62ac5976a2852f202a881ba79e971cb691166d931a|83f5a3e914a02a8536c552a4df7491359bd2d67edaa560e02e178b832e05a53a,current_QKV_only_proxy
calibration_frozen,test,s03_p01_seed20260741,64,0,proxy_svg2_style_semantic64,3,0.25,7883.63037109375,4.82302713394165,0.36689963936805725,0.024734134931656417,0.006821981156581341,0.008846511959059814,9,,3e4f0a2fd9498da7c1440a355a22b6292161a5216c63aa0bc59b5a4742fd1e36|3e4f0a2fd9498da7c1440a355a22b6292161a5216c63aa0bc59b5a4742fd1e36|3e4f0a2fd9498da7c1440a355a22b6292161a5216c63aa0bc59b5a4742fd1e36,current_QKV_only_proxy
calibration_frozen,test,s03_p01_seed20260741,64,1,proxy_svg2_style_semantic64,3,0.25,10730.7626953125,282.98468017578125,2.9108569622039795,0.1623925745344903,0.016470058323686337,0.02080341033950601,26,,3e4f0a2fd9498da7c1440a355a22b6292161a5216c63aa0bc59b5a4742fd1e36|3e4f0a2fd9498da7c1440a355a22b6292161a5216c63aa0bc59b5a4742fd1e36|3e4f0a2fd9498da7c1440a355a22b6292161a5216c63aa0bc59b5a4742fd1e36,current_QKV_only_proxy
calibration_frozen,test,s03_p01_seed20260741,64,2,proxy_svg2_style_semantic64,3,0.25,4328.4404296875,56.98808288574219,4.900383949279785,0.11474302660557772,0.03364723116663189,0.032469783438040994,52,,3e4f0a2fd9498da7c1440a355a22b6292161a5216c63aa0bc59b5a4742fd1e36|3e4f0a2fd9498da7c1440a355a22b6292161a5216c63aa0bc59b5a4742fd1e36|3e4f0a2fd9498da7c1440a355a22b6292161a5216c63aa0bc59b5a4742fd1e36,current_QKV_only_proxy
calibration_frozen,test,s03_p01_seed20260741,64,3,proxy_svg2_style_semantic64,3,0.25,5820.59375,23.27143669128418,4.074869155883789,0.06323069473943035,0.026458985587500344,0.03027546225449339,45,,3e4f0a2fd9498da7c1440a355a22b6292161a5216c63aa0bc59b5a4742fd1e36|3e4f0a2fd9498da7c1440a355a22b6292161a5216c63aa0bc59b5a4742fd1e36|3e4f0a2fd9498da7c1440a355a22b6292161a5216c63aa0bc59b5a4742fd1e36,current_QKV_only_proxy
calibration_frozen,test,s03_p01_seed20260741,64,4,proxy_svg2_style_semantic64,3,0.25,6486.37939453125,15.45390510559082,1.6144025325775146,0.048811027160678505,0.015776284933446353,0.01823131574228431,28,,3e4f0a2fd9498da7c1440a355a22b6292161a5216c63aa0bc59b5a4742fd1e36|3e4f0a2fd9498da7c1440a355a22b6292161a5216c63aa0bc59b5a4742fd1e36|3e4f0a2fd9498da7c1440a355a22b6292161a5216c63aa0bc59b5a4742fd1e36,current_QKV_only_proxy
calibration_frozen,test,s03_p01_seed20260741,64,5,proxy_svg2_style_semantic64,3,0.25,2940.588623046875,46.2661247253418,0.7138725519180298,0.12543375565520748,0.01558092387134636,0.012473631390089154,24,,3e4f0a2fd9498da7c1440a355a22b6292161a5216c63aa0bc59b5a4742fd1e36|3e4f0a2fd9498da7c1440a355a22b6292161a5216c63aa0bc59b5a4742fd1e36|3e4f0a2fd9498da7c1440a355a22b6292161a5216c63aa0bc59b5a4742fd1e36,current_QKV_only_proxy
calibration_frozen,test,s03_p01_seed20260741,64,6,proxy_svg2_style_semantic64,3,0.25,1853.340576171875,39.24429702758789,1.5765705108642578,0.14551597046006076,0.029166148484707752,0.025889675360816742,44,,3e4f0a2fd9498da7c1440a355a22b6292161a5216c63aa0bc59b5a4742fd1e36|3e4f0a2fd9498da7c1440a355a22b6292161a5216c63aa0bc59b5a4742fd1e36|3e4f0a2fd9498da7c1440a355a22b6292161a5216c63aa0bc59b5a4742fd1e36,current_QKV_only_proxy
calibration_frozen,test,s03_p01_seed20260741,64,7,proxy_svg2_style_semantic64,3,0.25,5570.66064453125,54.187904357910156,3.8233561515808105,0.09862745494588329,0.02619805358937826,0.018272390970290993,42,,3e4f0a2fd9498da7c1440a355a22b6292161a5216c63aa0bc59b5a4742fd1e36|3e4f0a2fd9498da7c1440a355a22b6292161a5216c63aa0bc59b5a4742fd1e36|3e4f0a2fd9498da7c1440a355a22b6292161a5216c63aa0bc59b5a4742fd1e36,current_QKV_only_proxy
calibration_frozen,test,s03_p01_seed20260741,64,8,proxy_svg2_style_semantic64,3,0.25,5176.7373046875,24.471389770507812,0.7269109487533569,0.0687545198677009,0.011849841504977488,0.010499775808831128,19,,3e4f0a2fd9498da7c1440a355a22b6292161a5216c63aa0bc59b5a4742fd1e36|3e4f0a2fd9498da7c1440a355a22b6292161a5216c63aa0bc59b5a4742fd1e36|3e4f0a2fd9498da7c1440a355a22b6292161a5216c63aa0bc59b5a4742fd1e36,current_QKV_only_proxy
calibration_frozen,test,s03_p01_seed20260741,64,9,proxy_svg2_style_semantic64,3,0.25,5138.1669921875,74.24658203125,3.5069081783294678,0.12020820865387322,0.026125107730197293,0.027744245068311822,41,,3e4f0a2fd9498da7c1440a355a22b6292161a5216c63aa0bc59b5a4742fd1e36|3e4f0a2fd9498da7c1440a355a22b6292161a5216c63aa0bc59b5a4742fd1e36|3e4f0a2fd9498da7c1440a355a22b6292161a5216c63aa0bc59b5a4742fd1e36,current_QKV_only_proxy
calibration_frozen,test,s03_p01_seed20260741,64,10,proxy_svg2_style_semantic64,3,0.25,5093.818359375,41.035064697265625,1.5166165828704834,0.08975441777423125,0.01725504804822018,0.015991789269546097,26,,3e4f0a2fd9498da7c1440a355a22b6292161a5216c63aa0bc59b5a4742fd1e36|3e4f0a2fd9498da7c1440a355a22b6292161a5216c63aa0bc59b5a4742fd1e36|3e4f0a2fd9498da7c1440a355a22b6292161a5216c63aa0bc59b5a4742fd1e36,current_QKV_only_proxy
calibration_frozen,test,s03_p01_seed20260741,64,11,proxy_svg2_style_semantic64,3,0.25,10030.6474609375,193.51751708984375,7.476668834686279,0.13889789311849826,0.027301693636818166,0.026945571772241165,36,,3e4f0a2fd9498da7c1440a355a22b6292161a5216c63aa0bc59b5a4742fd1e36|3e4f0a2fd9498da7c1440a355a22b6292161a5216c63aa0bc59b5a4742fd1e36|3e4f0a2fd9498da7c1440a355a22b6292161a5216c63aa0bc59b5a4742fd1e36,current_QKV_only_proxy
calibration_frozen,test,s03_p01_seed20260741,64,0,proxy_value_aware_semantic64,3,0.25,7883.63037109375,4.439858436584473,0.37433749437332153,0.023731294810591507,0.006890782428234607,0.009209294798824272,9,,453d8578e6ce068e851ee283ffbbf3a44f9dec2f56ab3a2aedefa589c4ee7236|ff2dbf5080b1cce3db079316b18a3ebc2421a27455f0e3799ffa0ebd9c0beb9c|d75b17c28e510997958afdec440f2dd441628d81fda2d789733157d96ab804e7,current_QKV_only_proxy
calibration_frozen,test,s03_p01_seed20260741,64,1,proxy_value_aware_semantic64,3,0.25,10730.7626953125,181.220458984375,4.735528945922852,0.12995360080740234,0.02100723783627188,0.026906264899660578,30,,7367d62fa66ccf52ea9dc0144d45b93a5e77bb81e4a5f90dc1550e659bec6c97|f5b81d5e0ee9ac3c57667979cd51a2e3fd17c33de31a5336c263e665cdffb3b5|3661b75e4cf0921da2ab7a871b8a410a22c6e97fb52ce1343827dea9af07f7ce,current_QKV_only_proxy
calibration_frozen,test,s03_p01_seed20260741,64,2,proxy_value_aware_semantic64,3,0.25,4328.4404296875,65.5006103515625,6.0751423835754395,0.12301468276796997,0.03746385880900945,0.03631635591523004,57,,c68b81afd1233e20565021ba80cae508862ee7294f839e7d6a315bd8b3e7b7f8|a4da176d996ad207dfc0467b185f5a30ae7d8bf777dbfd2a35df04c08a8a0e02|0d8995a84b09e3e607cc2cc5e0ab5ca28ee512600c2fb65315db011d43286f79,current_QKV_only_proxy
calibration_frozen,test,s03_p01_seed20260741,64,3,proxy_value_aware_semantic64,3,0.25,5820.59375,22.83579444885254,4.126826286315918,0.06263605809643051,0.02662713558859627,0.030746299423018094,46,,48b71b0eb1ddeb7d6dd10b3d81e36cb723f532b92d69ef4268a155c7a9416fef|5e0dbe526251c542132f64b33e1702fe31af09a0b963eb99a8e4550abbeee31e|525d06bcac1edad50dfe055c4a6561c235b9857649477b563aa404851dafada9,current_QKV_only_proxy
calibration_frozen,test,s03_p01_seed20260741,64,4,proxy_value_aware_semantic64,3,0.25,6486.37939453125,15.0072021484375,1.588538408279419,0.04810040051368871,0.015649399817217614,0.01795374962723415,29,,37c571f531496a9be1e0e883b036f51dd9b9ade6c8b29bf6349ebd732590f52b|24df1c75a50f87250c9f10b27295d6b3bf4bd91f79269b74dc77ff3704dcd3e7|4e48cdfb58066cbeb3b7c79f93055c152ed4c19ebbf01f46d0f6412bb7c23839,current_QKV_only_proxy
calibration_frozen,test,s03_p01_seed20260741,64,5,proxy_value_aware_semantic64,3,0.25,2940.588623046875,19.664443969726562,0.6659519076347351,0.08177559243191701,0.01504888409555914,0.012023516041565799,24,,78c67e5ea6ad3daa5547a27006de89e33bf7ff53385020c7604eec325dea0758|3fb9a38a08af26f9b5342deeef496a37b01a76199cfdb0d144891a451f6f12f1|6cdfa05a0f4d776aa71a5600b04be85b6ea69fd68ae377936fe6d56074bffa34,current_QKV_only_proxy
calibration_frozen,test,s03_p01_seed20260741,64,6,proxy_value_aware_semantic64,3,0.25,1853.340576171875,46.23994445800781,1.6580345630645752,0.15795414782845374,0.029910190061310307,0.026691877951548787,45,,3e4f0a2fd9498da7c1440a355a22b6292161a5216c63aa0bc59b5a4742fd1e36|5141bbf2e9d62f96048e58fe25012fba8ebf8315f8c7acdcacc133ce0ec1a894|ed422673e01db73bc8a594064286e135e762acdd2812b61a4310fad5c6c4498b,current_QKV_only_proxy
calibration_frozen,test,s03_p01_seed20260741,64,7,proxy_value_aware_semantic64,3,0.25,5570.66064453125,57.69269561767578,4.388273239135742,0.10176702159792134,0.02806683744421273,0.01904348662251698,45,,3661b75e4cf0921da2ab7a871b8a410a22c6e97fb52ce1343827dea9af07f7ce|9212db8aa4e87d07a4b5af7b73a2bbc69d1f6d6192c507d2cdd78321b65c01c2|d2db1326c798e2c29091b7f965487bb8e0cea229dc2a4de45bb0e18ececea638,current_QKV_only_proxy
calibration_frozen,test,s03_p01_seed20260741,64,8,proxy_value_aware_semantic64,3,0.25,5176.7373046875,17.854598999023438,0.7807612419128418,0.05872824012594691,0.0122809244463103,0.01179855945983596,20,,6811280896bb63c3a88975f3b65a315182948f9251a5f0c493e2d9fe7f388555|ca577f19236ca6acdf5c6c295242056eed12b7d95084226a1cef8628d4fa2a92|f025b32ad61aca429a06e9a6c0c1137af773a8511b4b26dd0420dea49767e1b5,current_QKV_only_proxy
calibration_frozen,test,s03_p01_seed20260741,64,9,proxy_value_aware_semantic64,3,0.25,5138.1669921875,74.39967346191406,3.954033851623535,0.12033207543365229,0.02774061494330314,0.02999133007061743,44,,58cf574b58ddd950a5d6f5a36d8b108f68b625d8193d29029a5f29820ac22a2c|aa912098d352e54298f4c3be5fac6d17f622343382eb9b1d2434f9326a0ebc62|03675625e150fa9547220a732b2f4a6d8e2a11d21c597e2e596dfbe7a4c7706a,current_QKV_only_proxy
calibration_frozen,test,s03_p01_seed20260741,64,10,proxy_value_aware_semantic64,3,0.25,5093.818359375,31.035776138305664,1.5605249404907227,0.07805659062254053,0.017503045824444053,0.017032686244804723,27,,4606e21dc3d25d720e432035e4ca1f2e62546e3c9be37cd226767356ab4f68cb|333270d9413ab8a944f4ee400612210cf8c8bc67e7c73efb46d101e5b7fce073|c0aca3db5a7a0bae1edceae77baf7637ecff44dcd2048e35801c49404e92fdaa,current_QKV_only_proxy
calibration_frozen,test,s03_p01_seed20260741,64,11,proxy_value_aware_semantic64,3,0.25,10030.6474609375,176.48660278320312,8.207728385925293,0.13264515399065788,0.028605332788383793,0.02888024314146374,39,,03d557edfbe13f73d78a5277cc31b0ed6bcff5a39a38b7f117fd39d17e1751e1|276cf3e6b1ac943115776a66eea5ce67fc66bc3a7461c3ef3bdfa02e027c01ea|548e7aefbb49180a519bf67bda766e1b01454b45197fcab1dfa7fd2ff5a8e34b,current_QKV_only_proxy
transductive_capacity,transductive_fit,s03_p01_seed20260741,64,0,oracle_trajectory_width_family,3,0.25,7883.63037109375,5.4530439376831055,0.4952983856201172,0.02630003773109236,0.007926296778321469,0.00907292818854759,12,oracle_trajectory_width_semantic64|oracle_trajectory_width_semantic64|oracle_trajectory_width_value64,3e4f0a2fd9498da7c1440a355a22b6292161a5216c63aa0bc59b5a4742fd1e36|3e4f0a2fd9498da7c1440a355a22b6292161a5216c63aa0bc59b5a4742fd1e36|d75b17c28e510997958afdec440f2dd441628d81fda2d789733157d96ab804e7,heldout_dense_AV_support_and_family
transductive_capacity,transductive_fit,s03_p01_seed20260741,64,1,oracle_trajectory_width_family,3,0.25,10730.7626953125,286.74615478515625,2.859586477279663,0.16346828487953055,0.01632436594858307,0.020880845254269968,26,oracle_trajectory_width_semantic64|oracle_trajectory_width_semantic64|oracle_trajectory_width_value64,3e4f0a2fd9498da7c1440a355a22b6292161a5216c63aa0bc59b5a4742fd1e36|3e4f0a2fd9498da7c1440a355a22b6292161a5216c63aa0bc59b5a4742fd1e36|3661b75e4cf0921da2ab7a871b8a410a22c6e97fb52ce1343827dea9af07f7ce,heldout_dense_AV_support_and_family
transductive_capacity,transductive_fit,s03_p01_seed20260741,64,2,oracle_trajectory_width_family,3,0.25,4328.4404296875,45.512351989746094,4.824707508087158,0.10254132320800574,0.03338641385125061,0.032291559524793755,54,oracle_trajectory_width_semantic64|oracle_trajectory_width_fixed64|oracle_trajectory_width_semantic64,3e4f0a2fd9498da7c1440a355a22b6292161a5216c63aa0bc59b5a4742fd1e36|e84f56558b0dd5fa5edeb4c45c01ae43af6a8d1019964572aa88f262a338f282|3e4f0a2fd9498da7c1440a355a22b6292161a5216c63aa0bc59b5a4742fd1e36,heldout_dense_AV_support_and_family
transductive_capacity,transductive_fit,s03_p01_seed20260741,64,3,oracle_trajectory_width_family,3,0.25,5820.59375,22.315471649169922,3.9228806495666504,0.0619183522937856,0.025960849728563867,0.02976034217821088,45,oracle_trajectory_width_semantic64|oracle_trajectory_width_semantic64|oracle_trajectory_width_semantic64,3e4f0a2fd9498da7c1440a355a22b6292161a5216c63aa0bc59b5a4742fd1e36|3e4f0a2fd9498da7c1440a355a22b6292161a5216c63aa0bc59b5a4742fd1e36|3e4f0a2fd9498da7c1440a355a22b6292161a5216c63aa0bc59b5a4742fd1e36,heldout_dense_AV_support_and_family
transductive_capacity,transductive_fit,s03_p01_seed20260741,64,4,oracle_trajectory_width_family,3,0.25,6486.37939453125,32.298179626464844,0.8904483318328857,0.07056475679903311,0.011716642763481732,0.011363950420346219,21,oracle_trajectory_width_semantic64|oracle_trajectory_width_fixed64|oracle_trajectory_width_semantic64,3e4f0a2fd9498da7c1440a355a22b6292161a5216c63aa0bc59b5a4742fd1e36|c0a80d11a5eb3e887262fecb5fa850ac289f374ab351b5fade4b841bde1978ee|3e4f0a2fd9498da7c1440a355a22b6292161a5216c63aa0bc59b5a4742fd1e36,heldout_dense_AV_support_and_family
transductive_capacity,transductive_fit,s03_p01_seed20260741,64,5,oracle_trajectory_width_family,3,0.25,2940.588623046875,20.539928436279297,0.6811204552650452,0.08357614337724029,0.01521930516492985,0.012256742078967644,24,oracle_trajectory_width_value64|oracle_trajectory_width_value64|oracle_trajectory_width_value64,78c67e5ea6ad3daa5547a27006de89e33bf7ff53385020c7604eec325dea0758|3fb9a38a08af26f9b5342deeef496a37b01a76199cfdb0d144891a451f6f12f1|6cdfa05a0f4d776aa71a5600b04be85b6ea69fd68ae377936fe6d56074bffa34,heldout_dense_AV_support_and_family
transductive_capacity,transductive_fit,s03_p01_seed20260741,64,6,oracle_trajectory_width_family,3,0.25,1853.340576171875,34.07495880126953,1.5205645561218262,0.13559386890989153,0.028643416262714053,0.026160673781508388,43,oracle_trajectory_width_semantic64|oracle_trajectory_width_semantic64|oracle_trajectory_width_value64,3e4f0a2fd9498da7c1440a355a22b6292161a5216c63aa0bc59b5a4742fd1e36|3e4f0a2fd9498da7c1440a355a22b6292161a5216c63aa0bc59b5a4742fd1e36|ed422673e01db73bc8a594064286e135e762acdd2812b61a4310fad5c6c4498b,heldout_dense_AV_support_and_family
transductive_capacity,transductive_fit,s03_p01_seed20260741,64,7,oracle_trajectory_width_family,3,0.25,5570.66064453125,53.577239990234375,3.7889084815979004,0.09807014497116966,0.026079766954851705,0.01811992000726326,41,oracle_trajectory_width_semantic64|oracle_trajectory_width_semantic64|oracle_trajectory_width_semantic64,3e4f0a2fd9498da7c1440a355a22b6292161a5216c63aa0bc59b5a4742fd1e36|3e4f0a2fd9498da7c1440a355a22b6292161a5216c63aa0bc59b5a4742fd1e36|3e4f0a2fd9498da7c1440a355a22b6292161a5216c63aa0bc59b5a4742fd1e36,heldout_dense_AV_support_and_family
transductive_capacity,transductive_fit,s03_p01_seed20260741,64,8,oracle_trajectory_width_family,3,0.25,5176.7373046875,24.09670639038086,0.7166876792907715,0.06822613659659464,0.01176621840967314,0.010450369836452679,19,oracle_trajectory_width_value64|oracle_trajectory_width_semantic64|oracle_trajectory_width_semantic64,6811280896bb63c3a88975f3b65a315182948f9251a5f0c493e2d9fe7f388555|3e4f0a2fd9498da7c1440a355a22b6292161a5216c63aa0bc59b5a4742fd1e36|3e4f0a2fd9498da7c1440a355a22b6292161a5216c63aa0bc59b5a4742fd1e36,heldout_dense_AV_support_and_family
transductive_capacity,transductive_fit,s03_p01_seed20260741,64,9,oracle_trajectory_width_family,3,0.25,5138.1669921875,73.78704833984375,3.4737861156463623,0.11983562947540327,0.02600144176770073,0.027660331615546683,41,oracle_trajectory_width_semantic64|oracle_trajectory_width_semantic64|oracle_trajectory_width_value64,3e4f0a2fd9498da7c1440a355a22b6292161a5216c63aa0bc59b5a4742fd1e36|3e4f0a2fd9498da7c1440a355a22b6292161a5216c63aa0bc59b5a4742fd1e36|03675625e150fa9547220a732b2f4a6d8e2a11d21c597e2e596dfbe7a4c7706a,heldout_dense_AV_support_and_family
transductive_capacity,transductive_fit,s03_p01_seed20260741,64,10,oracle_trajectory_width_family,3,0.25,5093.818359375,41.06694030761719,1.5241416692733765,0.08978927115500261,0.01729780277655855,0.016144362977088794,26,oracle_trajectory_width_semantic64|oracle_trajectory_width_semantic64|oracle_trajectory_width_value64,3e4f0a2fd9498da7c1440a355a22b6292161a5216c63aa0bc59b5a4742fd1e36|3e4f0a2fd9498da7c1440a355a22b6292161a5216c63aa0bc59b5a4742fd1e36|c0aca3db5a7a0bae1edceae77baf7637ecff44dcd2048e35801c49404e92fdaa,heldout_dense_AV_support_and_family
transductive_capacity,transductive_fit,s03_p01_seed20260741,64,11,oracle_trajectory_width_family,3,0.25,10030.6474609375,45.920753479003906,5.6471452713012695,0.0676612503799144,0.023727391522439904,0.02436067815311728,38,oracle_trajectory_width_semantic64|oracle_trajectory_width_fixed64|oracle_trajectory_width_semantic64,3e4f0a2fd9498da7c1440a355a22b6292161a5216c63aa0bc59b5a4742fd1e36|e68ba1b713db4af1a41b1e62ac5976a2852f202a881ba79e971cb691166d931a|3e4f0a2fd9498da7c1440a355a22b6292161a5216c63aa0bc59b5a4742fd1e36,heldout_dense_AV_support_and_family
transductive_capacity,transductive_fit,s03_p01_seed20260741,64,0,oracle_trajectory_width_fixed64,3,0.25,7883.63037109375,49.74894714355469,1.6635017395019531,0.07943809486006924,0.01452608237724867,0.012454244541315185,28,,d13966646d768ed76332cb5dcbc64f6ece80547c38b3f04dfe7483de729e3345|c849caaa1917a7608a7178e86807665bb007f2e8d90bb5d387e9ac0d32d6c0fa|16fa506e23dc4be1c8f6be45545d688af1702d24120be2d60c17951e07fc88f9,heldout_dense_AV_support_and_family
transductive_capacity,transductive_fit,s03_p01_seed20260741,64,1,oracle_trajectory_width_fixed64,3,0.25,10730.7626953125,42.774986267089844,10.030160903930664,0.06313637513215963,0.030573042118976285,0.028504290149621435,57,,d232798ffe6073bb179ce134a254010d48c4503ca7b1d2ad70d3b3ddc4e9b88c|ee741edf01e9a81b9592c666746a8b35254baf30cd09b26a50d6376328a4015c|fa4a234cf53508048ea4f8e2e471d7e1ac49692db9f0191216664e7a7d0a8dee,heldout_dense_AV_support_and_family
transductive_capacity,transductive_fit,s03_p01_seed20260741,64,2,oracle_trajectory_width_fixed64,3,0.25,4328.4404296875,68.7705078125,6.488718032836914,0.12604783574012896,0.038718072499145086,0.032291559524793755,65,,d6e3f430bf7a9b7e916219f3a8e5965f1e0fc5a5b945c2b8a4a00a74dcc02f33|e84f56558b0dd5fa5edeb4c45c01ae43af6a8d1019964572aa88f262a338f282|cedc110611edb34d76644a278bc9802b5617c81e3b1af224810d8b37340890cc,heldout_dense_AV_support_and_family
transductive_capacity,transductive_fit,s03_p01_seed20260741,64,3,oracle_trajectory_width_fixed64,3,0.25,5820.59375,56.9388427734375,8.53599739074707,0.09890555261521253,0.03829512509354093,0.039751155348314346,62,,abb0e621557ec11ba07a257f16b2ddb2391d4a5e07bce33b24f114812d79e071|602f52bf7e7a99c6acc4cf843a1ef0fed7c883f1a6545cc6cc1e27015ad2c384|db914d6fbb2f2bf4f214d4b1cc74d628347b82fe82a8a0259d5df5c7ebaf72e3,heldout_dense_AV_support_and_family
transductive_capacity,transductive_fit,s03_p01_seed20260741,64,4,oracle_trajectory_width_fixed64,3,0.25,6486.37939453125,55.77484130859375,1.1701843738555908,0.09272951705942839,0.013431545064295811,0.011363950420346219,25,,d8720c1458993487467d37c57be2a1ee2f92854994f38e81129f09a3629327f6|c0a80d11a5eb3e887262fecb5fa850ac289f374ab351b5fade4b841bde1978ee|f17e72b735399fa562b5a18581d1477750cde44a124fd82d6cf7533afbd6a36b,heldout_dense_AV_support_and_family
transductive_capacity,transductive_fit,s03_p01_seed20260741,64,5,oracle_trajectory_width_fixed64,3,0.25,2940.588623046875,17.355770111083984,1.0215680599212646,0.07682539611321108,0.018638738559465427,0.014430138507881727,29,,076cf91bef3c6a8a1618ec303b6acb438dd343a87df497c6372bbf2e020dbdbf|bac1babe5858e76bb1e57d034979efbaff8e4662ec1b374c52f95178727b01aa|8226bcbd5e6a3f0eead2403b78c35fc039bd9934040f8b127914ad7646f7a1ac,heldout_dense_AV_support_and_family
transductive_capacity,transductive_fit,s03_p01_seed20260741,64,6,oracle_trajectory_width_fixed64,3,0.25,1853.340576171875,65.23748779296875,4.956071853637695,0.18761648589587285,0.051711981579315246,0.038398917851897814,64,,d6af9c4ea4206ca89dbd2c018452c95df3122abad48fb25a3951efddd23ab718|e8d269e1c8bfc97127f8fde8577247a65ae024540af9203a7dd4fc7e2e3e9224|e0be9366343fc97eca9cb21e57a10f5924a9a600b181e7de0f88eb5881fb5320,heldout_dense_AV_support_and_family
transductive_capacity,transductive_fit,s03_p01_seed20260741,64,7,oracle_trajectory_width_fixed64,3,0.25,5570.66064453125,76.76425170898438,7.724681377410889,0.1173886637518371,0.0372380504609382,0.024117588209040086,55,,230fd90f0a83fe9a383aac7a865e7269b248cf233b7952ef7d03f379359df20c|da44e2b280847e9f053e2db121d4101ff4a3daf844ae5faa9bad95d2a9da577b|eadbe8220f5b5c19050e9250bbdc77b706e7c3d10eaf946c7187e1e75f23cf58,heldout_dense_AV_support_and_family
transductive_capacity,transductive_fit,s03_p01_seed20260741,64,8,oracle_trajectory_width_fixed64,3,0.25,5176.7373046875,16.721843719482422,1.2992148399353027,0.05683475818811205,0.01584208804816528,0.014391393243306273,27,,a33a81c50ff97d259745c03ea7027fea94e6fe0498465941c85b7115be5035aa|b64a7bc5203ec08b662fa86be2f0918f8033adf83af814579f295466e04ae1cf|13b5778877f88b9b60bf4016a7746eb155084e4330407a09af1b542b8456d058,heldout_dense_AV_support_and_family
transductive_capacity,transductive_fit,s03_p01_seed20260741,64,9,oracle_trajectory_width_fixed64,3,0.25,5138.1669921875,66.33525085449219,6.551190376281738,0.11362347842492729,0.03570721698144752,0.033926184120684856,57,,5be523b32f2710fa48aa15250924dcd909a5dce5ca8a9473132e0283203cb7d9|43501944e43877cc27bb2b064f884209dd5be8fda29ee70cdf2bcc46ece190d0|497b1b73efad8d57ed36259b8ac53fe1d687c4d3e076f7a6cfc07770b92a561c,heldout_dense_AV_support_and_family
transductive_capacity,transductive_fit,s03_p01_seed20260741,64,10,oracle_trajectory_width_fixed64,3,0.25,5093.818359375,27.100597381591797,1.680220127105713,0.07294032681943644,0.018161903516041914,0.017452189210217357,30,,76501599dab5b3e58af1e63e561dbe352a4e7c61e5d7fcfdb76b4cf3f40d9fff|6566bcd347666c17818b123a994fcb7fe9831f56a98b4aad1e9503943469ea64|f4ce222dd25588ad6be641e2ca161450c5465fdda252aac07bb158889b00c0c3,heldout_dense_AV_support_and_family
transductive_capacity,transductive_fit,s03_p01_seed20260741,64,11,oracle_trajectory_width_fixed64,3,0.25,10030.6474609375,47.52064895629883,8.167886734008789,0.06882983017194584,0.028535820855367686,0.02436067815311728,51,,14f19285e3bbb36d6fcadd9cef4dc483aa38fe8907ddc17d21755dece8f4a880|e68ba1b713db4af1a41b1e62ac5976a2852f202a881ba79e971cb691166d931a|83f5a3e914a02a8536c552a4df7491359bd2d67edaa560e02e178b832e05a53a,heldout_dense_AV_support_and_family
transductive_capacity,transductive_fit,s03_p01_seed20260741,64,0,oracle_trajectory_width_semantic64,3,0.25,7883.63037109375,5.507789611816406,0.5004415512084961,0.02643172726063998,0.00796734372597753,0.00907292818854759,12,,3e4f0a2fd9498da7c1440a355a22b6292161a5216c63aa0bc59b5a4742fd1e36|3e4f0a2fd9498da7c1440a355a22b6292161a5216c63aa0bc59b5a4742fd1e36|3e4f0a2fd9498da7c1440a355a22b6292161a5216c63aa0bc59b5a4742fd1e36,heldout_dense_AV_support_and_family
transductive_capacity,transductive_fit,s03_p01_seed20260741,64,1,oracle_trajectory_width_semantic64,3,0.25,10730.7626953125,286.76416015625,2.886709690093994,0.16347341705110388,0.016401601641080135,0.020880845254269968,26,,3e4f0a2fd9498da7c1440a355a22b6292161a5216c63aa0bc59b5a4742fd1e36|3e4f0a2fd9498da7c1440a355a22b6292161a5216c63aa0bc59b5a4742fd1e36|3e4f0a2fd9498da7c1440a355a22b6292161a5216c63aa0bc59b5a4742fd1e36,heldout_dense_AV_support_and_family
transductive_capacity,transductive_fit,s03_p01_seed20260741,64,2,oracle_trajectory_width_semantic64,3,0.25,4328.4404296875,50.196739196777344,4.733410835266113,0.10768917022027498,0.033069024039566255,0.03286190683028663,51,,3e4f0a2fd9498da7c1440a355a22b6292161a5216c63aa0bc59b5a4742fd1e36|3e4f0a2fd9498da7c1440a355a22b6292161a5216c63aa0bc59b5a4742fd1e36|3e4f0a2fd9498da7c1440a355a22b6292161a5216c63aa0bc59b5a4742fd1e36,heldout_dense_AV_support_and_family
transductive_capacity,transductive_fit,s03_p01_seed20260741,64,3,oracle_trajectory_width_semantic64,3,0.25,5820.59375,22.315471649169922,3.9228806495666504,0.0619183522937856,0.025960849728563867,0.02976034217821088,45,,3e4f0a2fd9498da7c1440a355a22b6292161a5216c63aa0bc59b5a4742fd1e36|3e4f0a2fd9498da7c1440a355a22b6292161a5216c63aa0bc59b5a4742fd1e36|3e4f0a2fd9498da7c1440a355a22b6292161a5216c63aa0bc59b5a4742fd1e36,heldout_dense_AV_support_and_family
transductive_capacity,transductive_fit,s03_p01_seed20260741,64,4,oracle_trajectory_width_semantic64,3,0.25,6486.37939453125,10.105304718017578,1.164830207824707,0.03947058227864737,0.013400781889736906,0.014770956747870254,24,,3e4f0a2fd9498da7c1440a355a22b6292161a5216c63aa0bc59b5a4742fd1e36|3e4f0a2fd9498da7c1440a355a22b6292161a5216c63aa0bc59b5a4742fd1e36|3e4f0a2fd9498da7c1440a355a22b6292161a5216c63aa0bc59b5a4742fd1e36,heldout_dense_AV_support_and_family
transductive_capacity,transductive_fit,s03_p01_seed20260741,64,5,oracle_trajectory_width_semantic64,3,0.25,2940.588623046875,47.39525604248047,0.757659375667572,0.12695514346119888,0.01605165676482259,0.012664912382594417,24,,3e4f0a2fd9498da7c1440a355a22b6292161a5216c63aa0bc59b5a4742fd1e36|3e4f0a2fd9498da7c1440a355a22b6292161a5216c63aa0bc59b5a4742fd1e36|3e4f0a2fd9498da7c1440a355a22b6292161a5216c63aa0bc59b5a4742fd1e36,heldout_dense_AV_support_and_family
transductive_capacity,transductive_fit,s03_p01_seed20260741,64,6,oracle_trajectory_width_semantic64,3,0.25,1853.340576171875,34.223297119140625,1.5389854907989502,0.13588868839562873,0.028816394805722314,0.026160673781508388,43,,3e4f0a2fd9498da7c1440a355a22b6292161a5216c63aa0bc59b5a4742fd1e36|3e4f0a2fd9498da7c1440a355a22b6292161a5216c63aa0bc59b5a4742fd1e36|3e4f0a2fd9498da7c1440a355a22b6292161a5216c63aa0bc59b5a4742fd1e36,heldout_dense_AV_support_and_family
transductive_capacity,transductive_fit,s03_p01_seed20260741,64,7,oracle_trajectory_width_semantic64,3,0.25,5570.66064453125,53.577239990234375,3.7889084815979004,0.09807014497116966,0.026079766954851705,0.01811992000726326,41,,3e4f0a2fd9498da7c1440a355a22b6292161a5216c63aa0bc59b5a4742fd1e36|3e4f0a2fd9498da7c1440a355a22b6292161a5216c63aa0bc59b5a4742fd1e36|3e4f0a2fd9498da7c1440a355a22b6292161a5216c63aa0bc59b5a4742fd1e36,heldout_dense_AV_support_and_family
transductive_capacity,transductive_fit,s03_p01_seed20260741,64,8,oracle_trajectory_width_semantic64,3,0.25,5176.7373046875,24.52200698852539,0.7169629335403442,0.06882558989682526,0.011768477685787695,0.010450369836452679,19,,3e4f0a2fd9498da7c1440a355a22b6292161a5216c63aa0bc59b5a4742fd1e36|3e4f0a2fd9498da7c1440a355a22b6292161a5216c63aa0bc59b5a4742fd1e36|3e4f0a2fd9498da7c1440a355a22b6292161a5216c63aa0bc59b5a4742fd1e36,heldout_dense_AV_support_and_family
transductive_capacity,transductive_fit,s03_p01_seed20260741,64,9,oracle_trajectory_width_semantic64,3,0.25,5138.1669921875,75.05474090576172,3.57057785987854,0.12086065890663027,0.026361198199416652,0.027660331615546683,42,,3e4f0a2fd9498da7c1440a355a22b6292161a5216c63aa0bc59b5a4742fd1e36|3e4f0a2fd9498da7c1440a355a22b6292161a5216c63aa0bc59b5a4742fd1e36|3e4f0a2fd9498da7c1440a355a22b6292161a5216c63aa0bc59b5a4742fd1e36,heldout_dense_AV_support_and_family
transductive_capacity,transductive_fit,s03_p01_seed20260741,64,10,oracle_trajectory_width_semantic64,3,0.25,5093.818359375,41.50910186767578,1.5770444869995117,0.09027135078788072,0.0175954446026538,0.016144362977088794,26,,3e4f0a2fd9498da7c1440a355a22b6292161a5216c63aa0bc59b5a4742fd1e36|3e4f0a2fd9498da7c1440a355a22b6292161a5216c63aa0bc59b5a4742fd1e36|3e4f0a2fd9498da7c1440a355a22b6292161a5216c63aa0bc59b5a4742fd1e36,heldout_dense_AV_support_and_family
transductive_capacity,transductive_fit,s03_p01_seed20260741,64,11,oracle_trajectory_width_semantic64,3,0.25,10030.6474609375,191.7373504638672,7.660733222961426,0.13825755660754555,0.027635713769722767,0.026760539188330497,37,,3e4f0a2fd9498da7c1440a355a22b6292161a5216c63aa0bc59b5a4742fd1e36|3e4f0a2fd9498da7c1440a355a22b6292161a5216c63aa0bc59b5a4742fd1e36|3e4f0a2fd9498da7c1440a355a22b6292161a5216c63aa0bc59b5a4742fd1e36,heldout_dense_AV_support_and_family
transductive_capacity,transductive_fit,s03_p01_seed20260741,64,0,oracle_trajectory_width_value64,3,0.25,7883.63037109375,5.035219192504883,0.49071186780929565,0.025272375370351794,0.007889512230770068,0.009275968597203591,12,,453d8578e6ce068e851ee283ffbbf3a44f9dec2f56ab3a2aedefa589c4ee7236|ff2dbf5080b1cce3db079316b18a3ebc2421a27455f0e3799ffa0ebd9c0beb9c|d75b17c28e510997958afdec440f2dd441628d81fda2d789733157d96ab804e7,heldout_dense_AV_support_and_family
transductive_capacity,transductive_fit,s03_p01_seed20260741,64,1,oracle_trajectory_width_value64,3,0.25,10730.7626953125,181.03208923339844,4.626900672912598,0.12988604305997084,0.02076489755515324,0.02680321804413316,30,,7367d62fa66ccf52ea9dc0144d45b93a5e77bb81e4a5f90dc1550e659bec6c97|f5b81d5e0ee9ac3c57667979cd51a2e3fd17c33de31a5336c263e665cdffb3b5|3661b75e4cf0921da2ab7a871b8a410a22c6e97fb52ce1343827dea9af07f7ce,heldout_dense_AV_support_and_family
transductive_capacity,transductive_fit,s03_p01_seed20260741,64,2,oracle_trajectory_width_value64,3,0.25,4328.4404296875,58.0119743347168,5.84190559387207,0.11576921824244071,0.03673766458794877,0.036682010100163705,56,,c68b81afd1233e20565021ba80cae508862ee7294f839e7d6a315bd8b3e7b7f8|a4da176d996ad207dfc0467b185f5a30ae7d8bf777dbfd2a35df04c08a8a0e02|0d8995a84b09e3e607cc2cc5e0ab5ca28ee512600c2fb65315db011d43286f79,heldout_dense_AV_support_and_family
transductive_capacity,transductive_fit,s03_p01_seed20260741,64,3,oracle_trajectory_width_value64,3,0.25,5820.59375,21.652549743652344,3.9465813636779785,0.06099171962231029,0.026039154956894066,0.030307041375783432,46,,48b71b0eb1ddeb7d6dd10b3d81e36cb723f532b92d69ef4268a155c7a9416fef|5e0dbe526251c542132f64b33e1702fe31af09a0b963eb99a8e4550abbeee31e|525d06bcac1edad50dfe055c4a6561c235b9857649477b563aa404851dafada9,heldout_dense_AV_support_and_family
transductive_capacity,transductive_fit,s03_p01_seed20260741,64,4,oracle_trajectory_width_value64,3,0.25,6486.37939453125,9.65979290008545,1.160435676574707,0.0385907069060332,0.013375479574070256,0.014662841929489336,24,,37c571f531496a9be1e0e883b036f51dd9b9ade6c8b29bf6349ebd732590f52b|24df1c75a50f87250c9f10b27295d6b3bf4bd91f79269b74dc77ff3704dcd3e7|4e48cdfb58066cbeb3b7c79f93055c152ed4c19ebbf01f46d0f6412bb7c23839,heldout_dense_AV_support_and_family
transductive_capacity,transductive_fit,s03_p01_seed20260741,64,5,oracle_trajectory_width_value64,3,0.25,2940.588623046875,20.539928436279297,0.6811204552650452,0.08357614337724029,0.01521930516492985,0.012256742078967644,24,,78c67e5ea6ad3daa5547a27006de89e33bf7ff53385020c7604eec325dea0758|3fb9a38a08af26f9b5342deeef496a37b01a76199cfdb0d144891a451f6f12f1|6cdfa05a0f4d776aa71a5600b04be85b6ea69fd68ae377936fe6d56074bffa34,heldout_dense_AV_support_and_family
transductive_capacity,transductive_fit,s03_p01_seed20260741,64,6,oracle_trajectory_width_value64,3,0.25,1853.340576171875,39.88127899169922,1.6031391620635986,0.1466921661853546,0.02941087833733842,0.02676087829426624,44,,3e4f0a2fd9498da7c1440a355a22b6292161a5216c63aa0bc59b5a4742fd1e36|5141bbf2e9d62f96048e58fe25012fba8ebf8315f8c7acdcacc133ce0ec1a894|ed422673e01db73bc8a594064286e135e762acdd2812b61a4310fad5c6c4498b,heldout_dense_AV_support_and_family
transductive_capacity,transductive_fit,s03_p01_seed20260741,64,7,oracle_trajectory_width_value64,3,0.25,5570.66064453125,56.583641052246094,4.322490692138672,0.10078411664588499,0.027855674694105822,0.018771304116026555,44,,3661b75e4cf0921da2ab7a871b8a410a22c6e97fb52ce1343827dea9af07f7ce|9212db8aa4e87d07a4b5af7b73a2bbc69d1f6d6192c507d2cdd78321b65c01c2|d2db1326c798e2c29091b7f965487bb8e0cea229dc2a4de45bb0e18ececea638,heldout_dense_AV_support_and_family
transductive_capacity,transductive_fit,s03_p01_seed20260741,64,8,oracle_trajectory_width_value64,3,0.25,5176.7373046875,17.726408004760742,0.7597278952598572,0.058517034228052316,0.012114373877954429,0.011701042396460373,20,,6811280896bb63c3a88975f3b65a315182948f9251a5f0c493e2d9fe7f388555|ca577f19236ca6acdf5c6c295242056eed12b7d95084226a1cef8628d4fa2a92|f025b32ad61aca429a06e9a6c0c1137af773a8511b4b26dd0420dea49767e1b5,heldout_dense_AV_support_and_family
transductive_capacity,transductive_fit,s03_p01_seed20260741,64,9,oracle_trajectory_width_value64,3,0.25,5138.1669921875,75.05741882324219,3.940762519836426,0.12086281501282936,0.02769402146973797,0.02928833856798229,43,,58cf574b58ddd950a5d6f5a36d8b108f68b625d8193d29029a5f29820ac22a2c|aa912098d352e54298f4c3be5fac6d17f622343382eb9b1d2434f9326a0ebc62|03675625e150fa9547220a732b2f4a6d8e2a11d21c597e2e596dfbe7a4c7706a,heldout_dense_AV_support_and_family
transductive_capacity,transductive_fit,s03_p01_seed20260741,64,10,oracle_trajectory_width_value64,3,0.25,5093.818359375,31.27296257019043,1.5244849920272827,0.07835429102612541,0.01729975088775086,0.017042768944437847,26,,4606e21dc3d25d720e432035e4ca1f2e62546e3c9be37cd226767356ab4f68cb|333270d9413ab8a944f4ee400612210cf8c8bc67e7c73efb46d101e5b7fce073|c0aca3db5a7a0bae1edceae77baf7637ecff44dcd2048e35801c49404e92fdaa,heldout_dense_AV_support_and_family
transductive_capacity,transductive_fit,s03_p01_seed20260741,64,11,oracle_trajectory_width_value64,3,0.25,10030.6474609375,174.8773193359375,8.407782554626465,0.13203901025858378,0.02895184547850495,0.02875833234906274,39,,03d557edfbe13f73d78a5277cc31b0ed6bcff5a39a38b7f117fd39d17e1751e1|276cf3e6b1ac943115776a66eea5ce67fc66bc3a7461c3ef3bdfa02e027c01ea|548e7aefbb49180a519bf67bda766e1b01454b45197fcab1dfa7fd2ff5a8e34b,heldout_dense_AV_support_and_family
transductive_capacity,transductive_fit,s03_p01_seed20260741,64,0,proxy_fixed64_qk,3,0.25,7883.63037109375,49.74894714355469,1.6635017395019531,0.07943809486006924,0.01452608237724867,0.012454244541315185,28,,d13966646d768ed76332cb5dcbc64f6ece80547c38b3f04dfe7483de729e3345|c849caaa1917a7608a7178e86807665bb007f2e8d90bb5d387e9ac0d32d6c0fa|16fa506e23dc4be1c8f6be45545d688af1702d24120be2d60c17951e07fc88f9,current_QKV_only_proxy
transductive_capacity,transductive_fit,s03_p01_seed20260741,64,1,proxy_fixed64_qk,3,0.25,10730.7626953125,42.774986267089844,10.030160903930664,0.06313637513215963,0.030573042118976285,0.028504290149621435,57,,d232798ffe6073bb179ce134a254010d48c4503ca7b1d2ad70d3b3ddc4e9b88c|ee741edf01e9a81b9592c666746a8b35254baf30cd09b26a50d6376328a4015c|fa4a234cf53508048ea4f8e2e471d7e1ac49692db9f0191216664e7a7d0a8dee,current_QKV_only_proxy
transductive_capacity,transductive_fit,s03_p01_seed20260741,64,2,proxy_fixed64_qk,3,0.25,4328.4404296875,68.7705078125,6.488718032836914,0.12604783574012896,0.038718072499145086,0.032291559524793755,65,,d6e3f430bf7a9b7e916219f3a8e5965f1e0fc5a5b945c2b8a4a00a74dcc02f33|e84f56558b0dd5fa5edeb4c45c01ae43af6a8d1019964572aa88f262a338f282|cedc110611edb34d76644a278bc9802b5617c81e3b1af224810d8b37340890cc,current_QKV_only_proxy
transductive_capacity,transductive_fit,s03_p01_seed20260741,64,3,proxy_fixed64_qk,3,0.25,5820.59375,56.9388427734375,8.53599739074707,0.09890555261521253,0.03829512509354093,0.039751155348314346,62,,abb0e621557ec11ba07a257f16b2ddb2391d4a5e07bce33b24f114812d79e071|602f52bf7e7a99c6acc4cf843a1ef0fed7c883f1a6545cc6cc1e27015ad2c384|db914d6fbb2f2bf4f214d4b1cc74d628347b82fe82a8a0259d5df5c7ebaf72e3,current_QKV_only_proxy
transductive_capacity,transductive_fit,s03_p01_seed20260741,64,4,proxy_fixed64_qk,3,0.25,6486.37939453125,55.77484130859375,1.1701843738555908,0.09272951705942839,0.013431545064295811,0.011363950420346219,25,,d8720c1458993487467d37c57be2a1ee2f92854994f38e81129f09a3629327f6|c0a80d11a5eb3e887262fecb5fa850ac289f374ab351b5fade4b841bde1978ee|f17e72b735399fa562b5a18581d1477750cde44a124fd82d6cf7533afbd6a36b,current_QKV_only_proxy
transductive_capacity,transductive_fit,s03_p01_seed20260741,64,5,proxy_fixed64_qk,3,0.25,2940.588623046875,17.355770111083984,1.0215680599212646,0.07682539611321108,0.018638738559465427,0.014430138507881727,29,,076cf91bef3c6a8a1618ec303b6acb438dd343a87df497c6372bbf2e020dbdbf|bac1babe5858e76bb1e57d034979efbaff8e4662ec1b374c52f95178727b01aa|8226bcbd5e6a3f0eead2403b78c35fc039bd9934040f8b127914ad7646f7a1ac,current_QKV_only_proxy
transductive_capacity,transductive_fit,s03_p01_seed20260741,64,6,proxy_fixed64_qk,3,0.25,1853.340576171875,65.23748779296875,4.956071853637695,0.18761648589587285,0.051711981579315246,0.038398917851897814,64,,d6af9c4ea4206ca89dbd2c018452c95df3122abad48fb25a3951efddd23ab718|e8d269e1c8bfc97127f8fde8577247a65ae024540af9203a7dd4fc7e2e3e9224|e0be9366343fc97eca9cb21e57a10f5924a9a600b181e7de0f88eb5881fb5320,current_QKV_only_proxy
transductive_capacity,transductive_fit,s03_p01_seed20260741,64,7,proxy_fixed64_qk,3,0.25,5570.66064453125,76.76425170898438,7.724681377410889,0.1173886637518371,0.0372380504609382,0.024117588209040086,55,,230fd90f0a83fe9a383aac7a865e7269b248cf233b7952ef7d03f379359df20c|da44e2b280847e9f053e2db121d4101ff4a3daf844ae5faa9bad95d2a9da577b|eadbe8220f5b5c19050e9250bbdc77b706e7c3d10eaf946c7187e1e75f23cf58,current_QKV_only_proxy
transductive_capacity,transductive_fit,s03_p01_seed20260741,64,8,proxy_fixed64_qk,3,0.25,5176.7373046875,16.721843719482422,1.2992148399353027,0.05683475818811205,0.01584208804816528,0.014391393243306273,27,,a33a81c50ff97d259745c03ea7027fea94e6fe0498465941c85b7115be5035aa|b64a7bc5203ec08b662fa86be2f0918f8033adf83af814579f295466e04ae1cf|13b5778877f88b9b60bf4016a7746eb155084e4330407a09af1b542b8456d058,current_QKV_only_proxy
transductive_capacity,transductive_fit,s03_p01_seed20260741,64,9,proxy_fixed64_qk,3,0.25,5138.1669921875,66.33525085449219,6.551190376281738,0.11362347842492729,0.03570721698144752,0.033926184120684856,57,,5be523b32f2710fa48aa15250924dcd909a5dce5ca8a9473132e0283203cb7d9|43501944e43877cc27bb2b064f884209dd5be8fda29ee70cdf2bcc46ece190d0|497b1b73efad8d57ed36259b8ac53fe1d687c4d3e076f7a6cfc07770b92a561c,current_QKV_only_proxy
transductive_capacity,transductive_fit,s03_p01_seed20260741,64,10,proxy_fixed64_qk,3,0.25,5093.818359375,27.100597381591797,1.680220127105713,0.07294032681943644,0.018161903516041914,0.017452189210217357,30,,76501599dab5b3e58af1e63e561dbe352a4e7c61e5d7fcfdb76b4cf3f40d9fff|6566bcd347666c17818b123a994fcb7fe9831f56a98b4aad1e9503943469ea64|f4ce222dd25588ad6be641e2ca161450c5465fdda252aac07bb158889b00c0c3,current_QKV_only_proxy
transductive_capacity,transductive_fit,s03_p01_seed20260741,64,11,proxy_fixed64_qk,3,0.25,10030.6474609375,47.52064895629883,8.167886734008789,0.06882983017194584,0.028535820855367686,0.02436067815311728,51,,14f19285e3bbb36d6fcadd9cef4dc483aa38fe8907ddc17d21755dece8f4a880|e68ba1b713db4af1a41b1e62ac5976a2852f202a881ba79e971cb691166d931a|83f5a3e914a02a8536c552a4df7491359bd2d67edaa560e02e178b832e05a53a,current_QKV_only_proxy
transductive_capacity,transductive_fit,s03_p01_seed20260741,64,0,proxy_svg2_style_semantic64,3,0.25,7883.63037109375,5.507789611816406,0.5004415512084961,0.02643172726063998,0.00796734372597753,0.00907292818854759,12,,3e4f0a2fd9498da7c1440a355a22b6292161a5216c63aa0bc59b5a4742fd1e36|3e4f0a2fd9498da7c1440a355a22b6292161a5216c63aa0bc59b5a4742fd1e36|3e4f0a2fd9498da7c1440a355a22b6292161a5216c63aa0bc59b5a4742fd1e36,current_QKV_only_proxy
transductive_capacity,transductive_fit,s03_p01_seed20260741,64,1,proxy_svg2_style_semantic64,3,0.25,10730.7626953125,286.76416015625,2.886709690093994,0.16347341705110388,0.016401601641080135,0.020880845254269968,26,,3e4f0a2fd9498da7c1440a355a22b6292161a5216c63aa0bc59b5a4742fd1e36|3e4f0a2fd9498da7c1440a355a22b6292161a5216c63aa0bc59b5a4742fd1e36|3e4f0a2fd9498da7c1440a355a22b6292161a5216c63aa0bc59b5a4742fd1e36,current_QKV_only_proxy
transductive_capacity,transductive_fit,s03_p01_seed20260741,64,2,proxy_svg2_style_semantic64,3,0.25,4328.4404296875,50.196739196777344,4.733410835266113,0.10768917022027498,0.033069024039566255,0.03286190683028663,51,,3e4f0a2fd9498da7c1440a355a22b6292161a5216c63aa0bc59b5a4742fd1e36|3e4f0a2fd9498da7c1440a355a22b6292161a5216c63aa0bc59b5a4742fd1e36|3e4f0a2fd9498da7c1440a355a22b6292161a5216c63aa0bc59b5a4742fd1e36,current_QKV_only_proxy
transductive_capacity,transductive_fit,s03_p01_seed20260741,64,3,proxy_svg2_style_semantic64,3,0.25,5820.59375,22.315471649169922,3.9228806495666504,0.0619183522937856,0.025960849728563867,0.02976034217821088,45,,3e4f0a2fd9498da7c1440a355a22b6292161a5216c63aa0bc59b5a4742fd1e36|3e4f0a2fd9498da7c1440a355a22b6292161a5216c63aa0bc59b5a4742fd1e36|3e4f0a2fd9498da7c1440a355a22b6292161a5216c63aa0bc59b5a4742fd1e36,current_QKV_only_proxy
transductive_capacity,transductive_fit,s03_p01_seed20260741,64,4,proxy_svg2_style_semantic64,3,0.25,6486.37939453125,10.105304718017578,1.164830207824707,0.03947058227864737,0.013400781889736906,0.014770956747870254,24,,3e4f0a2fd9498da7c1440a355a22b6292161a5216c63aa0bc59b5a4742fd1e36|3e4f0a2fd9498da7c1440a355a22b6292161a5216c63aa0bc59b5a4742fd1e36|3e4f0a2fd9498da7c1440a355a22b6292161a5216c63aa0bc59b5a4742fd1e36,current_QKV_only_proxy
transductive_capacity,transductive_fit,s03_p01_seed20260741,64,5,proxy_svg2_style_semantic64,3,0.25,2940.588623046875,47.39525604248047,0.757659375667572,0.12695514346119888,0.01605165676482259,0.012664912382594417,24,,3e4f0a2fd9498da7c1440a355a22b6292161a5216c63aa0bc59b5a4742fd1e36|3e4f0a2fd9498da7c1440a355a22b6292161a5216c63aa0bc59b5a4742fd1e36|3e4f0a2fd9498da7c1440a355a22b6292161a5216c63aa0bc59b5a4742fd1e36,current_QKV_only_proxy
transductive_capacity,transductive_fit,s03_p01_seed20260741,64,6,proxy_svg2_style_semantic64,3,0.25,1853.340576171875,34.223297119140625,1.5389854907989502,0.13588868839562873,0.028816394805722314,0.026160673781508388,43,,3e4f0a2fd9498da7c1440a355a22b6292161a5216c63aa0bc59b5a4742fd1e36|3e4f0a2fd9498da7c1440a355a22b6292161a5216c63aa0bc59b5a4742fd1e36|3e4f0a2fd9498da7c1440a355a22b6292161a5216c63aa0bc59b5a4742fd1e36,current_QKV_only_proxy
transductive_capacity,transductive_fit,s03_p01_seed20260741,64,7,proxy_svg2_style_semantic64,3,0.25,5570.66064453125,53.577239990234375,3.7889084815979004,0.09807014497116966,0.026079766954851705,0.01811992000726326,41,,3e4f0a2fd9498da7c1440a355a22b6292161a5216c63aa0bc59b5a4742fd1e36|3e4f0a2fd9498da7c1440a355a22b6292161a5216c63aa0bc59b5a4742fd1e36|3e4f0a2fd9498da7c1440a355a22b6292161a5216c63aa0bc59b5a4742fd1e36,current_QKV_only_proxy
transductive_capacity,transductive_fit,s03_p01_seed20260741,64,8,proxy_svg2_style_semantic64,3,0.25,5176.7373046875,24.52200698852539,0.7169629335403442,0.06882558989682526,0.011768477685787695,0.010450369836452679,19,,3e4f0a2fd9498da7c1440a355a22b6292161a5216c63aa0bc59b5a4742fd1e36|3e4f0a2fd9498da7c1440a355a22b6292161a5216c63aa0bc59b5a4742fd1e36|3e4f0a2fd9498da7c1440a355a22b6292161a5216c63aa0bc59b5a4742fd1e36,current_QKV_only_proxy
transductive_capacity,transductive_fit,s03_p01_seed20260741,64,9,proxy_svg2_style_semantic64,3,0.25,5138.1669921875,75.05474090576172,3.57057785987854,0.12086065890663027,0.026361198199416652,0.027660331615546683,42,,3e4f0a2fd9498da7c1440a355a22b6292161a5216c63aa0bc59b5a4742fd1e36|3e4f0a2fd9498da7c1440a355a22b6292161a5216c63aa0bc59b5a4742fd1e36|3e4f0a2fd9498da7c1440a355a22b6292161a5216c63aa0bc59b5a4742fd1e36,current_QKV_only_proxy
transductive_capacity,transductive_fit,s03_p01_seed20260741,64,10,proxy_svg2_style_semantic64,3,0.25,5093.818359375,41.50910186767578,1.5770444869995117,0.09027135078788072,0.0175954446026538,0.016144362977088794,26,,3e4f0a2fd9498da7c1440a355a22b6292161a5216c63aa0bc59b5a4742fd1e36|3e4f0a2fd9498da7c1440a355a22b6292161a5216c63aa0bc59b5a4742fd1e36|3e4f0a2fd9498da7c1440a355a22b6292161a5216c63aa0bc59b5a4742fd1e36,current_QKV_only_proxy
transductive_capacity,transductive_fit,s03_p01_seed20260741,64,11,proxy_svg2_style_semantic64,3,0.25,10030.6474609375,191.7373504638672,7.660733222961426,0.13825755660754555,0.027635713769722767,0.026760539188330497,37,,3e4f0a2fd9498da7c1440a355a22b6292161a5216c63aa0bc59b5a4742fd1e36|3e4f0a2fd9498da7c1440a355a22b6292161a5216c63aa0bc59b5a4742fd1e36|3e4f0a2fd9498da7c1440a355a22b6292161a5216c63aa0bc59b5a4742fd1e36,current_QKV_only_proxy
transductive_capacity,transductive_fit,s03_p01_seed20260741,64,0,proxy_value_aware_semantic64,3,0.25,7883.63037109375,5.035219192504883,0.49071186780929565,0.025272375370351794,0.007889512230770068,0.009275968597203591,12,,453d8578e6ce068e851ee283ffbbf3a44f9dec2f56ab3a2aedefa589c4ee7236|ff2dbf5080b1cce3db079316b18a3ebc2421a27455f0e3799ffa0ebd9c0beb9c|d75b17c28e510997958afdec440f2dd441628d81fda2d789733157d96ab804e7,current_QKV_only_proxy
transductive_capacity,transductive_fit,s03_p01_seed20260741,64,1,proxy_value_aware_semantic64,3,0.25,10730.7626953125,181.03208923339844,4.626900672912598,0.12988604305997084,0.02076489755515324,0.02680321804413316,30,,7367d62fa66ccf52ea9dc0144d45b93a5e77bb81e4a5f90dc1550e659bec6c97|f5b81d5e0ee9ac3c57667979cd51a2e3fd17c33de31a5336c263e665cdffb3b5|3661b75e4cf0921da2ab7a871b8a410a22c6e97fb52ce1343827dea9af07f7ce,current_QKV_only_proxy
transductive_capacity,transductive_fit,s03_p01_seed20260741,64,2,proxy_value_aware_semantic64,3,0.25,4328.4404296875,58.0119743347168,5.84190559387207,0.11576921824244071,0.03673766458794877,0.036682010100163705,56,,c68b81afd1233e20565021ba80cae508862ee7294f839e7d6a315bd8b3e7b7f8|a4da176d996ad207dfc0467b185f5a30ae7d8bf777dbfd2a35df04c08a8a0e02|0d8995a84b09e3e607cc2cc5e0ab5ca28ee512600c2fb65315db011d43286f79,current_QKV_only_proxy
transductive_capacity,transductive_fit,s03_p01_seed20260741,64,3,proxy_value_aware_semantic64,3,0.25,5820.59375,21.652549743652344,3.9465813636779785,0.06099171962231029,0.026039154956894066,0.030307041375783432,46,,48b71b0eb1ddeb7d6dd10b3d81e36cb723f532b92d69ef4268a155c7a9416fef|5e0dbe526251c542132f64b33e1702fe31af09a0b963eb99a8e4550abbeee31e|525d06bcac1edad50dfe055c4a6561c235b9857649477b563aa404851dafada9,current_QKV_only_proxy
transductive_capacity,transductive_fit,s03_p01_seed20260741,64,4,proxy_value_aware_semantic64,3,0.25,6486.37939453125,9.65979290008545,1.160435676574707,0.0385907069060332,0.013375479574070256,0.014662841929489336,24,,37c571f531496a9be1e0e883b036f51dd9b9ade6c8b29bf6349ebd732590f52b|24df1c75a50f87250c9f10b27295d6b3bf4bd91f79269b74dc77ff3704dcd3e7|4e48cdfb58066cbeb3b7c79f93055c152ed4c19ebbf01f46d0f6412bb7c23839,current_QKV_only_proxy
transductive_capacity,transductive_fit,s03_p01_seed20260741,64,5,proxy_value_aware_semantic64,3,0.25,2940.588623046875,20.539928436279297,0.6811204552650452,0.08357614337724029,0.01521930516492985,0.012256742078967644,24,,78c67e5ea6ad3daa5547a27006de89e33bf7ff53385020c7604eec325dea0758|3fb9a38a08af26f9b5342deeef496a37b01a76199cfdb0d144891a451f6f12f1|6cdfa05a0f4d776aa71a5600b04be85b6ea69fd68ae377936fe6d56074bffa34,current_QKV_only_proxy
transductive_capacity,transductive_fit,s03_p01_seed20260741,64,6,proxy_value_aware_semantic64,3,0.25,1853.340576171875,39.88127899169922,1.6031391620635986,0.1466921661853546,0.02941087833733842,0.02676087829426624,44,,3e4f0a2fd9498da7c1440a355a22b6292161a5216c63aa0bc59b5a4742fd1e36|5141bbf2e9d62f96048e58fe25012fba8ebf8315f8c7acdcacc133ce0ec1a894|ed422673e01db73bc8a594064286e135e762acdd2812b61a4310fad5c6c4498b,current_QKV_only_proxy
transductive_capacity,transductive_fit,s03_p01_seed20260741,64,7,proxy_value_aware_semantic64,3,0.25,5570.66064453125,56.583641052246094,4.322490692138672,0.10078411664588499,0.027855674694105822,0.018771304116026555,44,,3661b75e4cf0921da2ab7a871b8a410a22c6e97fb52ce1343827dea9af07f7ce|9212db8aa4e87d07a4b5af7b73a2bbc69d1f6d6192c507d2cdd78321b65c01c2|d2db1326c798e2c29091b7f965487bb8e0cea229dc2a4de45bb0e18ececea638,current_QKV_only_proxy
transductive_capacity,transductive_fit,s03_p01_seed20260741,64,8,proxy_value_aware_semantic64,3,0.25,5176.7373046875,17.726408004760742,0.7597278952598572,0.058517034228052316,0.012114373877954429,0.011701042396460373,20,,6811280896bb63c3a88975f3b65a315182948f9251a5f0c493e2d9fe7f388555|ca577f19236ca6acdf5c6c295242056eed12b7d95084226a1cef8628d4fa2a92|f025b32ad61aca429a06e9a6c0c1137af773a8511b4b26dd0420dea49767e1b5,current_QKV_only_proxy
transductive_capacity,transductive_fit,s03_p01_seed20260741,64,9,proxy_value_aware_semantic64,3,0.25,5138.1669921875,75.05741882324219,3.940762519836426,0.12086281501282936,0.02769402146973797,0.02928833856798229,43,,58cf574b58ddd950a5d6f5a36d8b108f68b625d8193d29029a5f29820ac22a2c|aa912098d352e54298f4c3be5fac6d17f622343382eb9b1d2434f9326a0ebc62|03675625e150fa9547220a732b2f4a6d8e2a11d21c597e2e596dfbe7a4c7706a,current_QKV_only_proxy
transductive_capacity,transductive_fit,s03_p01_seed20260741,64,10,proxy_value_aware_semantic64,3,0.25,5093.818359375,31.27296257019043,1.5244849920272827,0.07835429102612541,0.01729975088775086,0.017042768944437847,26,,4606e21dc3d25d720e432035e4ca1f2e62546e3c9be37cd226767356ab4f68cb|333270d9413ab8a944f4ee400612210cf8c8bc67e7c73efb46d101e5b7fce073|c0aca3db5a7a0bae1edceae77baf7637ecff44dcd2048e35801c49404e92fdaa,current_QKV_only_proxy
transductive_capacity,transductive_fit,s03_p01_seed20260741,64,11,proxy_value_aware_semantic64,3,0.25,10030.6474609375,174.8773193359375,8.407782554626465,0.13203901025858378,0.02895184547850495,0.02875833234906274,39,,03d557edfbe13f73d78a5277cc31b0ed6bcff5a39a38b7f117fd39d17e1751e1|276cf3e6b1ac943115776a66eea5ce67fc66bc3a7461c3ef3bdfa02e027c01ea|548e7aefbb49180a519bf67bda766e1b01454b45197fcab1dfa7fd2ff5a8e34b,current_QKV_only_proxy
