run,policy,samples,accuracy,parsed_rate,mean_inference_seconds,visual_tokens,selection_state_proxy_bytes,llm_visual_token_bytes
grid4,hybrid,100,0.46,1.0,0.319362080328865,128,12288,1048576
grid4,recent,100,0.45,1.0,0.31796494552865623,128,12288,1048576
grid4,uniform,100,0.45,1.0,0.3761781326669734,128,12288,1048576
grid8,hybrid,100,0.52,1.0,0.2809753365581855,512,12288,4194304
grid8,recent,100,0.52,1.0,0.2813344648270868,512,12288,4194304
grid8,uniform,100,0.53,1.0,0.3478504802298266,512,12288,4194304
