{
  "generator_entropy": 6.78013223462324,
  "delta_entropy": 2.0579969046592472,
  "generator_summary": {
    "mean": 0.00011111208004876971,
    "median": 0.00017442517855670303,
    "std": 0.06237015873193741,
    "max_abs": 0.30208319425582886
  },
  "delta_summary": {
    "mean": 0.0005333515000529587,
    "median": 0.027546780183911324,
    "std": 0.02976687066257,
    "max_abs": 0.02999718487262726
  },
  "threshold_sparsity": {
    "0.001": 6.198883056640625e-05,
    "0.01": 0.000682830810546875,
    "0.05": 1.0
  },
  "quantization_mse": {
    "int8": 2.5855411145414564e-09,
    "int4": 1.1474747907413985e-07,
    "int2": 9.191418257614714e-07
  },
  "estimated_compressed_bits": {
    "fp16_base_int4_delta": 20971520,
    "entropy_delta": 18935182.162299976
  }
}