sample_id,split,block,target_step,branch,horizon,target_visible,base_renderer,residual_target_sq,output_target_sq,defect_total_energy,tokens,channels,estimated_exact_block_macs,base_renderer_macs,base_fit_and_rollout_ms,rank,error_sq,residual_relative_l2,output_relative_l2,defect_remaining_energy,state_factor_values,state_factor_bytes_fp16,render_macs,render_to_exact_macs,base_plus_render_macs,base_plus_render_to_exact_macs,svd_ms
p07_seed2026082208,selection,20,4,0,1,True,causal_current_input_channel_diagonal,556595.701478585,5741547.745941915,91749.78904417387,7800,1536,475206451200,47923200,2.2188136354088783,0,91749.78904417387,0.40600615098809945,0.12641192558776,1.0,0,0,0,0.0,47923200,0.0001008471157724889,0.0
p07_seed2026082208,selection,20,4,0,1,True,causal_current_input_channel_diagonal,556595.701478585,5741547.745941915,91749.78904417387,7800,1536,475206451200,47923200,2.2188136354088783,8,46464.48890123844,0.2889286831378508,0.08995930506004093,0.5064261112158579,74688,149376,191692800,0.0004033884630899556,239616000,0.0005042355788624445,9.266498032957315
p07_seed2026082208,selection,20,4,0,1,True,causal_current_input_channel_diagonal,556595.701478585,5741547.745941915,91749.78904417387,7800,1536,475206451200,47923200,2.2188136354088783,16,41735.046314781444,0.2738296844107847,0.08525816075744758,0.45487893456727874,149376,298752,383385600,0.0008067769261799112,431308800,0.0009076240419524002,9.266498032957315
p07_seed2026082208,selection,20,4,0,1,True,causal_current_input_channel_diagonal,556595.701478585,5741547.745941915,91749.78904417387,7800,1536,475206451200,47923200,2.2188136354088783,32,35689.0821823712,0.25321986077061553,0.07884119518676025,0.3889827162609698,298752,597504,766771200,0.0016135538523598225,814694400,0.0017144009681323113,9.266498032957315
p07_seed2026082208,selection,20,4,0,1,True,causal_current_input_channel_diagonal,556595.701478585,5741547.745941915,91749.78904417387,7800,1536,475206451200,47923200,2.2188136354088783,64,28435.60337739355,0.2260275096306204,0.07037472870466485,0.309925544841323,597504,1195008,1533542400,0.003227107704719645,1581465600,0.003327954820492134,9.266498032957315
p07_seed2026082208,selection,20,4,0,1,True,causal_current_input_channel_diagonal,556595.701478585,5741547.745941915,91749.78904417387,7800,1536,475206451200,47923200,2.2188136354088783,96,24076.284205491145,0.2079815481452537,0.06475603368022757,0.26241242013079974,896256,1792512,2300313600,0.004840661557079467,2348236800,0.004941508672851956,9.266498032957315
p07_seed2026082208,selection,20,4,0,2,True,causal_current_input_channel_diagonal,556595.701478585,5741547.745941915,216690.8158979186,7800,1536,475206451200,95846400,2.093460876494646,0,216690.8158979186,0.6239507748887315,0.19427000978606215,1.0,0,0,0,0.0,95846400,0.0002016942315449778,0.0
p07_seed2026082208,selection,20,4,0,2,True,causal_current_input_channel_diagonal,556595.701478585,5741547.745941915,216690.8158979186,7800,1536,475206451200,95846400,2.093460876494646,8,76367.37523500595,0.37041111317218345,0.11532924306995015,0.3524255276509585,74688,149376,191692800,0.0004033884630899556,287539200,0.0006050826946349334,9.119854774326086
p07_seed2026082208,selection,20,4,0,2,True,causal_current_input_channel_diagonal,556595.701478585,5741547.745941915,216690.8158979186,7800,1536,475206451200,95846400,2.093460876494646,16,67399.37802402102,0.3479829939893443,0.10834614262599264,0.3110393841658944,149376,298752,383385600,0.0008067769261799112,479232000,0.001008471157724889,9.119854774326086
p07_seed2026082208,selection,20,4,0,2,True,causal_current_input_channel_diagonal,556595.701478585,5741547.745941915,216690.8158979186,7800,1536,475206451200,95846400,2.093460876494646,32,56923.08363768904,0.3197969263559396,0.09957027783770285,0.26269264492589756,298752,597504,766771200,0.0016135538523598225,862617600,0.0018152480839048004,9.119854774326086
p07_seed2026082208,selection,20,4,0,2,True,causal_current_input_channel_diagonal,556595.701478585,5741547.745941915,216690.8158979186,7800,1536,475206451200,95846400,2.093460876494646,64,44814.02184789881,0.283750762190064,0.08834713500804064,0.20681089597888536,597504,1195008,1533542400,0.003227107704719645,1629388800,0.0034288019362646227,9.119854774326086
p07_seed2026082208,selection,20,4,0,2,True,causal_current_input_channel_diagonal,556595.701478585,5741547.745941915,216690.8158979186,7800,1536,475206451200,95846400,2.093460876494646,96,37548.46060203982,0.2597324094401732,0.08086890786007617,0.17328127357307987,896256,1792512,2300313600,0.004840661557079467,2396160000,0.005042355788624445,9.119854774326086
p07_seed2026082208,selection,20,4,0,3,True,causal_current_input_channel_diagonal,556595.701478585,5741547.745941915,548115.4274315718,7800,1536,475206451200,143769600,1.9676866941154003,0,548115.4274315718,0.9923527762084076,0.3089737064267808,1.0,0,0,0,0.0,143769600,0.0003025413473174667,0.0
p07_seed2026082208,selection,20,4,0,3,True,causal_current_input_channel_diagonal,556595.701478585,5741547.745941915,548115.4274315718,7800,1536,475206451200,143769600,1.9676866941154003,8,95232.70042581821,0.41364056788131354,0.12878893721150558,0.17374570319037774,74688,149376,191692800,0.0004033884630899556,335462400,0.0007059298104074224,8.992660790681839
p07_seed2026082208,selection,20,4,0,3,True,causal_current_input_channel_diagonal,556595.701478585,5741547.745941915,548115.4274315718,7800,1536,475206451200,143769600,1.9676866941154003,16,83523.11559838336,0.3873766321237821,0.12061153722743467,0.1523823475277415,149376,298752,383385600,0.0008067769261799112,527155200,0.001109318273497378,8.992660790681839
p07_seed2026082208,selection,20,4,0,3,True,causal_current_input_channel_diagonal,556595.701478585,5741547.745941915,548115.4274315718,7800,1536,475206451200,143769600,1.9676866941154003,32,69884.91861839924,0.3543413275029512,0.11032583968483795,0.12750036776720727,298752,597504,766771200,0.0016135538523598225,910540800,0.0019160951996772893,8.992660790681839
p07_seed2026082208,selection,20,4,0,3,True,causal_current_input_channel_diagonal,556595.701478585,5741547.745941915,548115.4274315718,7800,1536,475206451200,143769600,1.9676866941154003,64,54557.55280378339,0.31308157997392416,0.09747942314234075,0.0995366122545618,597504,1195008,1533542400,0.003227107704719645,1677312000,0.0035296490520371118,8.992660790681839
p07_seed2026082208,selection,20,4,0,3,True,causal_current_input_channel_diagonal,556595.701478585,5741547.745941915,548115.4274315718,7800,1536,475206451200,143769600,1.9676866941154003,96,45509.226331847836,0.28594321919420096,0.08902976681296973,0.08302854476794096,896256,1792512,2300313600,0.004840661557079467,2444083200,0.0051432029043969344,8.992660790681839
p07_seed2026082208,selection,20,6,0,1,True,causal_current_input_channel_diagonal,612166.2735717202,5232101.965493152,50915.02827939018,7800,1536,475206451200,47923200,2.889476250857115,0,50915.02827939018,0.28839537752369493,0.09864723006080087,1.0,0,0,0,0.0,47923200,0.0001008471157724889,0.0
p07_seed2026082208,selection,20,6,0,1,True,causal_current_input_channel_diagonal,612166.2735717202,5232101.965493152,50915.02827939018,7800,1536,475206451200,47923200,2.889476250857115,8,26445.592271219473,0.2078461332694107,0.07109491664508681,0.5194064154814344,74688,149376,191692800,0.0004033884630899556,239616000,0.0005042355788624445,9.184970054775476
p07_seed2026082208,selection,20,6,0,1,True,causal_current_input_channel_diagonal,612166.2735717202,5232101.965493152,50915.02827939018,7800,1536,475206451200,47923200,2.889476250857115,16,24165.961669093656,0.19868603434946924,0.06796165427003048,0.4746331788857635,149376,298752,383385600,0.0008067769261799112,431308800,0.0009076240419524002,9.184970054775476
p07_seed2026082208,selection,20,6,0,1,True,causal_current_input_channel_diagonal,612166.2735717202,5232101.965493152,50915.02827939018,7800,1536,475206451200,47923200,2.889476250857115,32,21011.8554967061,0.18526675856989255,0.06337151695075784,0.412684746638678,298752,597504,766771200,0.0016135538523598225,814694400,0.0017144009681323113,9.184970054775476
p07_seed2026082208,selection,20,6,0,1,True,causal_current_input_channel_diagonal,612166.2735717202,5232101.965493152,50915.02827939018,7800,1536,475206451200,47923200,2.889476250857115,64,17235.94902379477,0.16779650120934125,0.05739571903102139,0.33852380419601574,597504,1195008,1533542400,0.003227107704719645,1581465600,0.003327954820492134,9.184970054775476
p07_seed2026082208,selection,20,6,0,1,True,causal_current_input_channel_diagonal,612166.2735717202,5232101.965493152,50915.02827939018,7800,1536,475206451200,47923200,2.889476250857115,96,14849.82671239796,0.15574926051295895,0.053274893881955936,0.2916590100952731,896256,1792512,2300313600,0.004840661557079467,2348236800,0.004941508672851956,9.184970054775476
p07_seed2026082208,selection,20,6,0,2,True,causal_current_input_channel_diagonal,612166.2735717202,5232101.965493152,121925.73909812229,7800,1536,475206451200,95846400,2.600301057100296,0,121925.73909812229,0.44628572838547065,0.15265449570971876,1.0,0,0,0,0.0,95846400,0.0002016942315449778,0.0
p07_seed2026082208,selection,20,6,0,2,True,causal_current_input_channel_diagonal,612166.2735717202,5232101.965493152,121925.73909812229,7800,1536,475206451200,95846400,2.600301057100296,8,59272.181256532494,0.3111650100257875,0.10643570848621968,0.48613345731770224,74688,149376,191692800,0.0004033884630899556,287539200,0.0006050826946349334,9.004189167171717
p07_seed2026082208,selection,20,6,0,2,True,causal_current_input_channel_diagonal,612166.2735717202,5232101.965493152,121925.73909812229,7800,1536,475206451200,95846400,2.600301057100296,16,53743.57549028499,0.29629790345570234,0.10135033265686147,0.4407894160100226,149376,298752,383385600,0.0008067769261799112,479232000,0.001008471157724889,9.004189167171717
p07_seed2026082208,selection,20,6,0,2,True,causal_current_input_channel_diagonal,612166.2735717202,5232101.965493152,121925.73909812229,7800,1536,475206451200,95846400,2.600301057100296,32,46550.43701828613,0.2757574038586312,0.09432434144051616,0.3817933541100333,298752,597504,766771200,0.0016135538523598225,862617600,0.0018152480839048004,9.004189167171717
p07_seed2026082208,selection,20,6,0,2,True,causal_current_input_channel_diagonal,612166.2735717202,5232101.965493152,121925.73909812229,7800,1536,475206451200,95846400,2.600301057100296,64,38024.01192890886,0.24922652909036455,0.08524930934585487,0.3118620571780084,597504,1195008,1533542400,0.003227107704719645,1629388800,0.0034288019362646227,9.004189167171717
p07_seed2026082208,selection,20,6,0,2,True,causal_current_input_channel_diagonal,612166.2735717202,5232101.965493152,121925.73909812229,7800,1536,475206451200,95846400,2.600301057100296,96,32646.857122995876,0.23093299591762076,0.07899190539225551,0.26776017327706997,896256,1792512,2300313600,0.004840661557079467,2396160000,0.005042355788624445,9.004189167171717
p07_seed2026082208,selection,20,6,0,3,True,causal_current_input_channel_diagonal,612166.2735717202,5232101.965493152,219622.24117250106,7800,1536,475206451200,143769600,2.506436314433813,0,219622.24117250106,0.5989677783118152,0.2048802332876427,1.0,0,0,0,0.0,143769600,0.0003025413473174667,0.0
p07_seed2026082208,selection,20,6,0,3,True,causal_current_input_channel_diagonal,612166.2735717202,5232101.965493152,219622.24117250106,7800,1536,475206451200,143769600,2.506436314433813,8,90146.38810818062,0.3837421157833854,0.1312611079440477,0.4104611065474383,74688,149376,191692800,0.0004033884630899556,335462400,0.0007059298104074224,9.008802939206362
p07_seed2026082208,selection,20,6,0,3,True,causal_current_input_channel_diagonal,612166.2735717202,5232101.965493152,219622.24117250106,7800,1536,475206451200,143769600,2.506436314433813,16,80737.34412781533,0.36316378183266596,0.12422217527829153,0.3676191615202057,149376,298752,383385600,0.0008067769261799112,527155200,0.001109318273497378,9.008802939206362
p07_seed2026082208,selection,20,6,0,3,True,causal_current_input_channel_diagonal,612166.2735717202,5232101.965493152,219622.24117250106,7800,1536,475206451200,143769600,2.506436314433813,32,69343.26418666382,0.3365638299371471,0.11512351497113078,0.31573880603527404,298752,597504,766771200,0.0016135538523598225,910540800,0.0019160951996772893,9.008802939206362
p07_seed2026082208,selection,20,6,0,3,True,causal_current_input_channel_diagonal,612166.2735717202,5232101.965493152,219622.24117250106,7800,1536,475206451200,143769600,2.506436314433813,64,55985.42214018351,0.30241461728369157,0.10344258836978863,0.25491690576230414,597504,1195008,1533542400,0.003227107704719645,1677312000,0.0035296490520371118,9.008802939206362
p07_seed2026082208,selection,20,6,0,3,True,causal_current_input_channel_diagonal,612166.2735717202,5232101.965493152,219622.24117250106,7800,1536,475206451200,143769600,2.506436314433813,96,47679.5677693155,0.27908176139707974,0.0954614562781933,0.21709808409418477,896256,1792512,2300313600,0.004840661557079467,2444083200,0.0051432029043969344,9.008802939206362
p07_seed2026082208,selection,20,4,1,1,True,causal_current_input_channel_diagonal,526424.3798237931,5633169.879802022,90293.44626307857,7800,1536,475206451200,47923200,2.2463886998593807,0,90293.44626307857,0.4141523381104482,0.1266052427763688,1.0,0,0,0,0.0,47923200,0.0001008471157724889,0.0
p07_seed2026082208,selection,20,4,1,1,True,causal_current_input_channel_diagonal,526424.3798237931,5633169.879802022,90293.44626307857,7800,1536,475206451200,47923200,2.2463886998593807,8,44210.168510228104,0.2897964679992117,0.08858999167835142,0.4896276550859196,74688,149376,191692800,0.0004033884630899556,239616000,0.0005042355788624445,9.165845811367035
p07_seed2026082208,selection,20,4,1,1,True,causal_current_input_channel_diagonal,526424.3798237931,5633169.879802022,90293.44626307857,7800,1536,475206451200,47923200,2.2463886998593807,16,39072.18134003402,0.2724368385044565,0.08328320018052057,0.43272444266270393,149376,298752,383385600,0.0008067769261799112,431308800,0.0009076240419524002,9.165845811367035
p07_seed2026082208,selection,20,4,1,1,True,causal_current_input_channel_diagonal,526424.3798237931,5633169.879802022,90293.44626307857,7800,1536,475206451200,47923200,2.2463886998593807,32,33174.86688022377,0.2510363416656846,0.07674112653156034,0.3674116798399802,298752,597504,766771200,0.0016135538523598225,814694400,0.0017144009681323113,9.165845811367035
p07_seed2026082208,selection,20,4,1,1,True,causal_current_input_channel_diagonal,526424.3798237931,5633169.879802022,90293.44626307857,7800,1536,475206451200,47923200,2.2463886998593807,64,26303.939691310457,0.22353338923416052,0.06833354881378967,0.29131615518719806,597504,1195008,1533542400,0.003227107704719645,1581465600,0.003327954820492134,9.165845811367035
p07_seed2026082208,selection,20,4,1,1,True,causal_current_input_channel_diagonal,526424.3798237931,5633169.879802022,90293.44626307857,7800,1536,475206451200,47923200,2.2463886998593807,96,22117.260433790216,0.20497347730787127,0.06265983424282612,0.24494867873249412,896256,1792512,2300313600,0.004840661557079467,2348236800,0.004941508672851956,9.165845811367035
p07_seed2026082208,selection,20,4,1,2,True,causal_current_input_channel_diagonal,526424.3798237931,5633169.879802022,197167.1466385152,7800,1536,475206451200,95846400,2.0957081578671932,0,197167.1466385152,0.6119969794322608,0.1870858112571188,1.0,0,0,0,0.0,95846400,0.0002016942315449778,0.0
p07_seed2026082208,selection,20,4,1,2,True,causal_current_input_channel_diagonal,526424.3798237931,5633169.879802022,197167.1466385152,7800,1536,475206451200,95846400,2.0957081578671932,8,68881.25016835537,0.3617283216321607,0.11057936359425992,0.34935460243257227,74688,149376,191692800,0.0004033884630899556,287539200,0.0006050826946349334,9.02868201956153
p07_seed2026082208,selection,20,4,1,2,True,causal_current_input_channel_diagonal,526424.3798237931,5633169.879802022,197167.1466385152,7800,1536,475206451200,95846400,2.0957081578671932,16,60187.282808489224,0.3381305193506072,0.10336557965070994,0.30526020078997335,149376,298752,383385600,0.0008067769261799112,479232000,0.001008471157724889,9.02868201956153
p07_seed2026082208,selection,20,4,1,2,True,causal_current_input_channel_diagonal,526424.3798237931,5633169.879802022,197167.1466385152,7800,1536,475206451200,95846400,2.0957081578671932,32,50558.35270743503,0.3099049125034537,0.09473708844455574,0.2564238187689887,298752,597504,766771200,0.0016135538523598225,862617600,0.0018152480839048004,9.02868201956153
p07_seed2026082208,selection,20,4,1,2,True,causal_current_input_channel_diagonal,526424.3798237931,5633169.879802022,197167.1466385152,7800,1536,475206451200,95846400,2.0957081578671932,64,39480.7312341948,0.2738574732413307,0.08371748435377696,0.20023990752719933,597504,1195008,1533542400,0.003227107704719645,1629388800,0.0034288019362646227,9.02868201956153
p07_seed2026082208,selection,20,4,1,2,True,causal_current_input_channel_diagonal,526424.3798237931,5633169.879802022,197167.1466385152,7800,1536,475206451200,95846400,2.0957081578671932,96,32872.27747548709,0.24988886242057062,0.07639034524882916,0.16672289484341965,896256,1792512,2300313600,0.004840661557079467,2396160000,0.005042355788624445,9.02868201956153
p07_seed2026082208,selection,20,4,1,3,True,causal_current_input_channel_diagonal,526424.3798237931,5633169.879802022,428898.658121566,7800,1536,475206451200,143769600,1.9575189799070358,0,428898.658121566,0.9026291331721742,0.2759312697923495,1.0,0,0,0,0.0,143769600,0.0003025413473174667,0.0
p07_seed2026082208,selection,20,4,1,3,True,causal_current_input_channel_diagonal,526424.3798237931,5633169.879802022,428898.658121566,7800,1536,475206451200,143769600,1.9575189799070358,8,88694.32018076861,0.41046856926191994,0.12547912466358016,0.20679551792275663,74688,149376,191692800,0.0004033884630899556,335462400,0.0007059298104074224,8.951660711318254
p07_seed2026082208,selection,20,4,1,3,True,causal_current_input_channel_diagonal,526424.3798237931,5633169.879802022,428898.658121566,7800,1536,475206451200,143769600,1.9575189799070358,16,76662.68779656268,0.3816137581157528,0.11665828741539706,0.17874312803716885,149376,298752,383385600,0.0008067769261799112,527155200,0.001109318273497378,8.951660711318254
p07_seed2026082208,selection,20,4,1,3,True,causal_current_input_channel_diagonal,526424.3798237931,5633169.879802022,428898.658121566,7800,1536,475206451200,143769600,1.9575189799070358,32,63751.70746088325,0.34799893383433805,0.10638232710463205,0.14864049170187996,298752,597504,766771200,0.0016135538523598225,910540800,0.0019160951996772893,8.951660711318254
p07_seed2026082208,selection,20,4,1,3,True,causal_current_input_channel_diagonal,526424.3798237931,5633169.879802022,428898.658121566,7800,1536,475206451200,143769600,1.9575189799070358,64,49438.47192997928,0.3064534552453547,0.09368198735279915,0.11526842290727093,597504,1195008,1533542400,0.003227107704719645,1677312000,0.0035296490520371118,8.951660711318254
p07_seed2026082208,selection,20,4,1,3,True,causal_current_input_channel_diagonal,526424.3798237931,5633169.879802022,428898.658121566,7800,1536,475206451200,143769600,1.9575189799070358,96,41070.61639025691,0.27931715722897815,0.08538649489200557,0.09575832331224746,896256,1792512,2300313600,0.004840661557079467,2444083200,0.0051432029043969344,8.951660711318254
p07_seed2026082208,selection,20,6,1,1,True,causal_current_input_channel_diagonal,593344.4137869085,5201526.865793132,67607.34493391239,7800,1536,475206451200,47923200,2.8475197032094,0,67607.34493391239,0.3375541963866319,0.11400699991088878,1.0,0,0,0,0.0,47923200,0.0001008471157724889,0.0
p07_seed2026082208,selection,20,6,1,1,True,causal_current_input_channel_diagonal,593344.4137869085,5201526.865793132,67607.34493391239,7800,1536,475206451200,47923200,2.8475197032094,8,32707.29120677748,0.2347841959588523,0.0792970198394459,0.48378310302587596,74688,149376,191692800,0.0004033884630899556,239616000,0.0005042355788624445,9.21862805262208
p07_seed2026082208,selection,20,6,1,1,True,causal_current_input_channel_diagonal,593344.4137869085,5201526.865793132,67607.34493391239,7800,1536,475206451200,47923200,2.8475197032094,16,29527.80346123445,0.22308077355893077,0.0753442558365458,0.4367543705684226,149376,298752,383385600,0.0008067769261799112,431308800,0.0009076240419524002,9.21862805262208
p07_seed2026082208,selection,20,6,1,1,True,causal_current_input_channel_diagonal,593344.4137869085,5201526.865793132,67607.34493391239,7800,1536,475206451200,47923200,2.8475197032094,32,25483.832646805873,0.20724255755918672,0.06999498893540718,0.3769388163917766,298752,597504,766771200,0.0016135538523598225,814694400,0.0017144009681323113,9.21862805262208
p07_seed2026082208,selection,20,6,1,1,True,causal_current_input_channel_diagonal,593344.4137869085,5201526.865793132,67607.34493391239,7800,1536,475206451200,47923200,2.8475197032094,64,20643.044312745376,0.18652345160580946,0.06299722935823154,0.3053373014103718,597504,1195008,1533542400,0.003227107704719645,1581465600,0.003327954820492134,9.21862805262208
p07_seed2026082208,selection,20,6,1,1,True,causal_current_input_channel_diagonal,593344.4137869085,5201526.865793132,67607.34493391239,7800,1536,475206451200,47923200,2.8475197032094,96,17648.796046939853,0.17246624712872882,0.05824948891618932,0.26104850023441023,896256,1792512,2300313600,0.004840661557079467,2348236800,0.004941508672851956,9.21862805262208
p07_seed2026082208,selection,20,6,1,2,True,causal_current_input_channel_diagonal,593344.4137869085,5201526.865793132,142217.57032231777,7800,1536,475206451200,95846400,2.5978777557611465,0,142217.57032231777,0.4895794706637183,0.16535266711482646,1.0,0,0,0,0.0,95846400,0.0002016942315449778,0.0
p07_seed2026082208,selection,20,6,1,2,True,causal_current_input_channel_diagonal,593344.4137869085,5201526.865793132,142217.57032231777,7800,1536,475206451200,95846400,2.5978777557611465,8,66646.2006898596,0.3351461766453197,0.11319370501077515,0.46862142557258496,74688,149376,191692800,0.0004033884630899556,287539200,0.0006050826946349334,8.99220397695899
p07_seed2026082208,selection,20,6,1,2,True,causal_current_input_channel_diagonal,593344.4137869085,5201526.865793132,142217.57032231777,7800,1536,475206451200,95846400,2.5978777557611465,16,59859.1468808965,0.31762291888573824,0.10727532488924098,0.42089839262439077,149376,298752,383385600,0.0008067769261799112,479232000,0.001008471157724889,8.99220397695899
p07_seed2026082208,selection,20,6,1,2,True,causal_current_input_channel_diagonal,593344.4137869085,5201526.865793132,142217.57032231777,7800,1536,475206451200,95846400,2.5978777557611465,32,51526.11798780253,0.2946865286309257,0.09952869021626708,0.36230486683000296,298752,597504,766771200,0.0016135538523598225,862617600,0.0018152480839048004,8.99220397695899
p07_seed2026082208,selection,20,6,1,2,True,causal_current_input_channel_diagonal,593344.4137869085,5201526.865793132,142217.57032231777,7800,1536,475206451200,95846400,2.5978777557611465,64,41647.42632482486,0.26493580495588015,0.08948055339060347,0.29284304422079643,597504,1195008,1533542400,0.003227107704719645,1629388800,0.0034288019362646227,8.99220397695899
p07_seed2026082208,selection,20,6,1,2,True,causal_current_input_channel_diagonal,593344.4137869085,5201526.865793132,142217.57032231777,7800,1536,475206451200,95846400,2.5978777557611465,96,35602.21445969766,0.24495430531298487,0.08273191612763268,0.2503362580454331,896256,1792512,2300313600,0.004840661557079467,2396160000,0.005042355788624445,8.99220397695899
p07_seed2026082208,selection,20,6,1,3,True,causal_current_input_channel_diagonal,593344.4137869085,5201526.865793132,211366.49764197998,7800,1536,475206451200,143769600,2.5036437436938286,0,211366.49764197998,0.5968492419649043,0.2015824190719545,1.0,0,0,0,0.0,143769600,0.0003025413473174667,0.0
p07_seed2026082208,selection,20,6,1,3,True,causal_current_input_channel_diagonal,593344.4137869085,5201526.865793132,211366.49764197998,7800,1536,475206451200,143769600,2.5036437436938286,8,91899.6877522935,0.3935533276933845,0.13292038634257833,0.43478833519851656,74688,149376,191692800,0.0004033884630899556,335462400,0.0007059298104074224,8.973449002951384
p07_seed2026082208,selection,20,6,1,3,True,causal_current_input_channel_diagonal,593344.4137869085,5201526.865793132,211366.49764197998,7800,1536,475206451200,143769600,2.5036437436938286,16,81665.73450851219,0.37099367654698584,0.12530099314951826,0.38637028719212296,149376,298752,383385600,0.0008067769261799112,527155200,0.001109318273497378,8.973449002951384
p07_seed2026082208,selection,20,6,1,3,True,causal_current_input_channel_diagonal,593344.4137869085,5201526.865793132,211366.49764197998,7800,1536,475206451200,143769600,2.5036437436938286,32,69798.2105556892,0.34297993628196904,0.11583951253963327,0.33022362218620566,298752,597504,766771200,0.0016135538523598225,910540800,0.0019160951996772893,8.973449002951384
p07_seed2026082208,selection,20,6,1,3,True,causal_current_input_channel_diagonal,593344.4137869085,5201526.865793132,211366.49764197998,7800,1536,475206451200,143769600,2.5036437436938286,64,55823.6510618575,0.306729601060724,0.10359616907485672,0.2641083218401054,597504,1195008,1533542400,0.003227107704719645,1677312000,0.0035296490520371118,8.973449002951384
p07_seed2026082208,selection,20,6,1,3,True,causal_current_input_channel_diagonal,593344.4137869085,5201526.865793132,211366.49764197998,7800,1536,475206451200,143769600,2.5036437436938286,96,47292.21696256919,0.28231984551137856,0.09535191369741342,0.22374509406849802,896256,1792512,2300313600,0.004840661557079467,2444083200,0.0051432029043969344,8.973449002951384
p07_seed2026082208,selection,21,4,0,1,True,causal_current_input_channel_diagonal,4133564.1311950763,9141478.516833844,894873.8874565952,7800,1536,475206451200,47923200,2.2977697663009167,0,894873.8874565952,0.4652844920842586,0.3128763209988057,1.0,0,0,0,0.0,47923200,0.0001008471157724889,0.0
p07_seed2026082208,selection,21,4,0,1,True,causal_current_input_channel_diagonal,4133564.1311950763,9141478.516833844,894873.8874565952,7800,1536,475206451200,47923200,2.2977697663009167,8,51537.3683226736,0.11166029711036203,0.07508495029573668,0.05759176649479491,74688,149376,191692800,0.0004033884630899556,239616000,0.0005042355788624445,9.22288279980421
p07_seed2026082208,selection,21,4,0,1,True,causal_current_input_channel_diagonal,4133564.1311950763,9141478.516833844,894873.8874565952,7800,1536,475206451200,47923200,2.2977697663009167,16,46508.826271781465,0.10607312159314959,0.07132790498186996,0.05197249199495926,149376,298752,383385600,0.0008067769261799112,431308800,0.0009076240419524002,9.22288279980421
p07_seed2026082208,selection,21,4,0,1,True,causal_current_input_channel_diagonal,4133564.1311950763,9141478.516833844,894873.8874565952,7800,1536,475206451200,47923200,2.2977697663009167,32,39984.96777780366,0.09835264302762109,0.06613633945362264,0.04468223742321083,298752,597504,766771200,0.0016135538523598225,814694400,0.0017144009681323113,9.22288279980421
p07_seed2026082208,selection,21,4,0,1,True,causal_current_input_channel_diagonal,4133564.1311950763,9141478.516833844,894873.8874565952,7800,1536,475206451200,47923200,2.2977697663009167,64,32059.986927805585,0.08806824267803622,0.059220688062270786,0.035826262400752935,597504,1195008,1533542400,0.003227107704719645,1581465600,0.003327954820492134,9.22288279980421
p07_seed2026082208,selection,21,4,0,1,True,causal_current_input_channel_diagonal,4133564.1311950763,9141478.516833844,894873.8874565952,7800,1536,475206451200,47923200,2.2977697663009167,96,27211.35773098748,0.0811358454395653,0.05455906064812891,0.030408036177507022,896256,1792512,2300313600,0.004840661557079467,2348236800,0.004941508672851956,9.22288279980421
p07_seed2026082208,selection,21,4,0,2,True,causal_current_input_channel_diagonal,4133564.1311950763,9141478.516833844,2068655.5118937301,7800,1536,475206451200,95846400,2.10301810875535,0,2068655.5118937301,0.7074271890652443,0.4757029732449757,1.0,0,0,0,0.0,95846400,0.0002016942315449778,0.0
p07_seed2026082208,selection,21,4,0,2,True,causal_current_input_channel_diagonal,4133564.1311950763,9141478.516833844,2068655.5118937301,7800,1536,475206451200,95846400,2.10301810875535,8,82052.9362147355,0.1408914774399865,0.0947411914032296,0.03966486245329687,74688,149376,191692800,0.0004033884630899556,287539200,0.0006050826946349334,8.997382130473852
p07_seed2026082208,selection,21,4,0,2,True,causal_current_input_channel_diagonal,4133564.1311950763,9141478.516833844,2068655.5118937301,7800,1536,475206451200,95846400,2.10301810875535,16,72661.72729891702,0.13258381727440416,0.08915478095341596,0.03512509791712881,149376,298752,383385600,0.0008067769261799112,479232000,0.001008471157724889,8.997382130473852
p07_seed2026082208,selection,21,4,0,2,True,causal_current_input_channel_diagonal,4133564.1311950763,9141478.516833844,2068655.5118937301,7800,1536,475206451200,95846400,2.10301810875535,32,61481.509656546405,0.12195789546304149,0.08200947656412189,0.029720516247778217,298752,597504,766771200,0.0016135538523598225,862617600,0.0018152480839048004,8.997382130473852
p07_seed2026082208,selection,21,4,0,2,True,causal_current_input_channel_diagonal,4133564.1311950763,9141478.516833844,2068655.5118937301,7800,1536,475206451200,95846400,2.10301810875535,64,48531.65103806998,0.10835530853554735,0.07286254081546575,0.023460479927478156,597504,1195008,1533542400,0.003227107704719645,1629388800,0.0034288019362646227,8.997382130473852
p07_seed2026082208,selection,21,4,0,2,True,causal_current_input_channel_diagonal,4133564.1311950763,9141478.516833844,2068655.5118937301,7800,1536,475206451200,95846400,2.10301810875535,96,40854.896518436726,0.09941678565462146,0.06685191247575893,0.01974949253134041,896256,1792512,2300313600,0.004840661557079467,2396160000,0.005042355788624445,8.997382130473852
p07_seed2026082208,selection,21,4,0,3,True,causal_current_input_channel_diagonal,4133564.1311950763,9141478.516833844,7304573.703190081,7800,1536,475206451200,143769600,1.9644838757812977,0,7304573.703190081,1.3293370150651476,0.8939005742013824,1.0,0,0,0,0.0,143769600,0.0003025413473174667,0.0
p07_seed2026082208,selection,21,4,0,3,True,causal_current_input_channel_diagonal,4133564.1311950763,9141478.516833844,7304573.703190081,7800,1536,475206451200,143769600,1.9644838757812977,8,98758.83753870707,0.15457015580022931,0.10393929414314153,0.013520137047863773,74688,149376,191692800,0.0004033884630899556,335462400,0.0007059298104074224,8.925905916839838
p07_seed2026082208,selection,21,4,0,3,True,causal_current_input_channel_diagonal,4133564.1311950763,9141478.516833844,7304573.703190081,7800,1536,475206451200,143769600,1.9644838757812977,16,86554.60510482546,0.14470473746786164,0.09730538339507729,0.01184937117837495,149376,298752,383385600,0.0008067769261799112,527155200,0.001109318273497378,8.925905916839838
p07_seed2026082208,selection,21,4,0,3,True,causal_current_input_channel_diagonal,4133564.1311950763,9141478.516833844,7304573.703190081,7800,1536,475206451200,143769600,1.9644838757812977,32,72663.8419749923,0.13258574655545002,0.08915607828089209,0.009947718365368214,298752,597504,766771200,0.0016135538523598225,910540800,0.0019160951996772893,8.925905916839838
p07_seed2026082208,selection,21,4,0,3,True,causal_current_input_channel_diagonal,4133564.1311950763,9141478.516833844,7304573.703190081,7800,1536,475206451200,143769600,1.9644838757812977,64,56850.869330341,0.1172752088497834,0.07886064657973196,0.007782914053996958,597504,1195008,1533542400,0.003227107704719645,1677312000,0.0035296490520371118,8.925905916839838
p07_seed2026082208,selection,21,4,0,3,True,causal_current_input_channel_diagonal,4133564.1311950763,9141478.516833844,7304573.703190081,7800,1536,475206451200,143769600,1.9644838757812977,96,47694.03081839997,0.10741617266347063,0.07223102744768267,0.00652933802280808,896256,1792512,2300313600,0.004840661557079467,2444083200,0.0051432029043969344,8.925905916839838
p07_seed2026082208,selection,21,6,0,1,True,causal_current_input_channel_diagonal,3930137.439664618,7515273.878660779,554644.6304385453,7800,1536,475206451200,47923200,2.8526238165795803,0,554644.6304385453,0.3756674244230625,0.2716658199069888,1.0,0,0,0,0.0,47923200,0.0001008471157724889,0.0
p07_seed2026082208,selection,21,6,0,1,True,causal_current_input_channel_diagonal,3930137.439664618,7515273.878660779,554644.6304385453,7800,1536,475206451200,47923200,2.8526238165795803,8,31469.73360239761,0.08948343853440487,0.06471040637840664,0.05673855244374342,74688,149376,191692800,0.0004033884630899556,239616000,0.0005042355788624445,9.158411994576454
p07_seed2026082208,selection,21,6,0,1,True,causal_current_input_channel_diagonal,3930137.439664618,7515273.878660779,554644.6304385453,7800,1536,475206451200,47923200,2.8526238165795803,16,28874.93761447561,0.08571496619275602,0.061985216324829034,0.05206024883616822,149376,298752,383385600,0.0008067769261799112,431308800,0.0009076240419524002,9.158411994576454
p07_seed2026082208,selection,21,6,0,1,True,causal_current_input_channel_diagonal,3930137.439664618,7515273.878660779,554644.6304385453,7800,1536,475206451200,47923200,2.8526238165795803,32,25279.117816733196,0.08020050222289352,0.05799740349271838,0.04557714310829149,298752,597504,766771200,0.0016135538523598225,814694400,0.0017144009681323113,9.158411994576454
p07_seed2026082208,selection,21,6,0,1,True,causal_current_input_channel_diagonal,3930137.439664618,7515273.878660779,554644.6304385453,7800,1536,475206451200,47923200,2.8526238165795803,64,20821.08482663927,0.07278599237964326,0.05263556276652694,0.03753950472850198,597504,1195008,1533542400,0.003227107704719645,1581465600,0.003327954820492134,9.158411994576454
p07_seed2026082208,selection,21,6,0,1,True,causal_current_input_channel_diagonal,3930137.439664618,7515273.878660779,554644.6304385453,7800,1536,475206451200,47923200,2.8526238165795803,96,18007.034097277443,0.06768886381559022,0.04894954816823858,0.03246589441757498,896256,1792512,2300313600,0.004840661557079467,2348236800,0.004941508672851956,9.158411994576454
p07_seed2026082208,selection,21,6,0,2,True,causal_current_input_channel_diagonal,3930137.439664618,7515273.878660779,1202677.2855782823,7800,1536,475206451200,95846400,2.5997059419751167,0,1202677.2855782823,0.553185369202423,0.40003882986586864,1.0,0,0,0,0.0,95846400,0.0002016942315449778,0.0
p07_seed2026082208,selection,21,6,0,2,True,causal_current_input_channel_diagonal,3930137.439664618,7515273.878660779,1202677.2855782823,7800,1536,475206451200,95846400,2.5997059419751167,8,68957.96253097011,0.13246109517906102,0.09578991865707304,0.05733704562715574,74688,149376,191692800,0.0004033884630899556,287539200,0.0006050826946349334,9.119152091443539
p07_seed2026082208,selection,21,6,0,2,True,causal_current_input_channel_diagonal,3930137.439664618,7515273.878660779,1202677.2855782823,7800,1536,475206451200,95846400,2.5997059419751167,16,62869.85127921682,0.12647868669217455,0.09146370935344633,0.0522749135714384,149376,298752,383385600,0.0008067769261799112,479232000,0.001008471157724889,9.119152091443539
p07_seed2026082208,selection,21,6,0,2,True,causal_current_input_channel_diagonal,3930137.439664618,7515273.878660779,1202677.2855782823,7800,1536,475206451200,95846400,2.5997059419751167,32,54697.84631783608,0.11797262534041592,0.08531250756943878,0.04548006923238774,298752,597504,766771200,0.0016135538523598225,862617600,0.0018152480839048004,9.119152091443539
p07_seed2026082208,selection,21,6,0,2,True,causal_current_input_channel_diagonal,3930137.439664618,7515273.878660779,1202677.2855782823,7800,1536,475206451200,95846400,2.5997059419751167,64,44681.49678813061,0.1066252315889945,0.07710658172420043,0.03715169250947728,597504,1195008,1533542400,0.003227107704719645,1629388800,0.0034288019362646227,9.119152091443539
p07_seed2026082208,selection,21,6,0,2,True,causal_current_input_channel_diagonal,3930137.439664618,7515273.878660779,1202677.2855782823,7800,1536,475206451200,95846400,2.5997059419751167,96,38380.16823023814,0.09882107362589515,0.07146296496667864,0.03191227490236172,896256,1792512,2300313600,0.004840661557079467,2396160000,0.005042355788624445,9.119152091443539
p07_seed2026082208,selection,21,6,0,3,True,causal_current_input_channel_diagonal,3930137.439664618,7515273.878660779,1811299.8801486741,7800,1536,475206451200,143769600,2.5006099604070187,0,1811299.8801486741,0.6788773358118798,0.4909336185665939,1.0,0,0,0,0.0,143769600,0.0003025413473174667,0.0
p07_seed2026082208,selection,21,6,0,3,True,causal_current_input_channel_diagonal,3930137.439664618,7515273.878660779,1811299.8801486741,7800,1536,475206451200,143769600,2.5006099604070187,8,100946.79985048552,0.16026637310618877,0.11589744764342487,0.0557316878105019,74688,149376,191692800,0.0004033884630899556,335462400,0.0007059298104074224,8.997857570648193
p07_seed2026082208,selection,21,6,0,3,True,causal_current_input_channel_diagonal,3930137.439664618,7515273.878660779,1811299.8801486741,7800,1536,475206451200,143769600,2.5006099604070187,16,90958.5783160855,0.15213108502448952,0.11001437244655746,0.05021729364286315,149376,298752,383385600,0.0008067769261799112,527155200,0.001109318273497378,8.997857570648193
p07_seed2026082208,selection,21,6,0,3,True,causal_current_input_channel_diagonal,3930137.439664618,7515273.878660779,1811299.8801486741,7800,1536,475206451200,143769600,2.5006099604070187,32,78328.69264222053,0.14117460128888212,0.10209113517917238,0.043244463929581374,298752,597504,766771200,0.0016135538523598225,910540800,0.0019160951996772893,8.997857570648193
p07_seed2026082208,selection,21,6,0,3,True,causal_current_input_channel_diagonal,3930137.439664618,7515273.878660779,1811299.8801486741,7800,1536,475206451200,143769600,2.5006099604070187,64,63169.432928034104,0.1267796708812602,0.09168136760963547,0.03487519287709944,597504,1195008,1533542400,0.003227107704719645,1677312000,0.0035296490520371118,8.997857570648193
p07_seed2026082208,selection,21,6,0,3,True,causal_current_input_channel_diagonal,3930137.439664618,7515273.878660779,1811299.8801486741,7800,1536,475206451200,143769600,2.5006099604070187,96,53858.023372759344,0.11706345457450212,0.0846550360787,0.029734459627715495,896256,1792512,2300313600,0.004840661557079467,2444083200,0.0051432029043969344,8.997857570648193
p07_seed2026082208,selection,21,4,1,1,True,causal_current_input_channel_diagonal,4110566.4926909767,8427228.409782827,954874.9193953978,7800,1536,475206451200,47923200,2.2591743618249893,0,954874.9193953978,0.48197266090321306,0.3366129815616188,1.0,0,0,0,0.0,47923200,0.0001008471157724889,0.0
p07_seed2026082208,selection,21,4,1,1,True,causal_current_input_channel_diagonal,4110566.4926909767,8427228.409782827,954874.9193953978,7800,1536,475206451200,47923200,2.2591743618249893,8,50589.74688206834,0.11093802100992475,0.07747986773921045,0.052980496351927836,74688,149376,191692800,0.0004033884630899556,239616000,0.0005042355788624445,9.152086917310953
p07_seed2026082208,selection,21,4,1,1,True,causal_current_input_channel_diagonal,4110566.4926909767,8427228.409782827,954874.9193953978,7800,1536,475206451200,47923200,2.2591743618249893,16,44981.39513733145,0.10460817412037841,0.07305905965784376,0.047107107425017024,149376,298752,383385600,0.0008067769261799112,431308800,0.0009076240419524002,9.152086917310953
p07_seed2026082208,selection,21,4,1,1,True,causal_current_input_channel_diagonal,4110566.4926909767,8427228.409782827,954874.9193953978,7800,1536,475206451200,47923200,2.2591743618249893,32,38187.79326894367,0.09638544183535719,0.06731624755340408,0.039992456311153744,298752,597504,766771200,0.0016135538523598225,814694400,0.0017144009681323113,9.152086917310953
p07_seed2026082208,selection,21,4,1,1,True,causal_current_input_channel_diagonal,4110566.4926909767,8427228.409782827,954874.9193953978,7800,1536,475206451200,47923200,2.2591743618249893,64,30333.3095994296,0.0859031441964933,0.05999533965123811,0.03176678867994315,597504,1195008,1533542400,0.003227107704719645,1581465600,0.003327954820492134,9.152086917310953
p07_seed2026082208,selection,21,4,1,1,True,causal_current_input_channel_diagonal,4110566.4926909767,8427228.409782827,954874.9193953978,7800,1536,475206451200,47923200,2.2591743618249893,96,25600.06175870332,0.07891683650878711,0.05511605488753677,0.026809858957741767,896256,1792512,2300313600,0.004840661557079467,2348236800,0.004941508672851956,9.152086917310953
p07_seed2026082208,selection,21,4,1,2,True,causal_current_input_channel_diagonal,4110566.4926909767,8427228.409782827,2050102.3562194488,7800,1536,475206451200,95846400,2.0952909253537655,0,2050102.3562194488,0.7062149931245207,0.49322535019657643,1.0,0,0,0,0.0,95846400,0.0002016942315449778,0.0
p07_seed2026082208,selection,21,4,1,2,True,causal_current_input_channel_diagonal,4110566.4926909767,8427228.409782827,2050102.3562194488,7800,1536,475206451200,95846400,2.0952909253537655,8,76642.21343060769,0.13654731992437164,0.09536557612594775,0.03738457873968705,74688,149376,191692800,0.0004033884630899556,287539200,0.0006050826946349334,8.980459999293089
p07_seed2026082208,selection,21,4,1,2,True,causal_current_input_channel_diagonal,4110566.4926909767,8427228.409782827,2050102.3562194488,7800,1536,475206451200,95846400,2.0952909253537655,16,67240.4534040778,0.12789821335303808,0.08932498132257274,0.03279858334275502,149376,298752,383385600,0.0008067769261799112,479232000,0.001008471157724889,8.980459999293089
p07_seed2026082208,selection,21,4,1,2,True,causal_current_input_channel_diagonal,4110566.4926909767,8427228.409782827,2050102.3562194488,7800,1536,475206451200,95846400,2.0952909253537655,32,56263.337645536754,0.11699354670841318,0.08170908803662588,0.027444160107296237,298752,597504,766771200,0.0016135538523598225,862617600,0.0018152480839048004,8.980459999293089
p07_seed2026082208,selection,21,4,1,2,True,causal_current_input_channel_diagonal,4110566.4926909767,8427228.409782827,2050102.3562194488,7800,1536,475206451200,95846400,2.0952909253537655,64,43943.44258046965,0.10339420532867746,0.072211215604342,0.021434755283129856,597504,1195008,1533542400,0.003227107704719645,1629388800,0.0034288019362646227,8.980459999293089
p07_seed2026082208,selection,21,4,1,2,True,causal_current_input_channel_diagonal,4110566.4926909767,8427228.409782827,2050102.3562194488,7800,1536,475206451200,95846400,2.0952909253537655,96,36691.74991814187,0.09447858353533725,0.06598448475884564,0.01789752086366387,896256,1792512,2300313600,0.004840661557079467,2396160000,0.005042355788624445,8.980459999293089
p07_seed2026082208,selection,21,4,1,3,True,causal_current_input_channel_diagonal,4110566.4926909767,8427228.409782827,4823955.061466923,7800,1536,475206451200,143769600,1.9684298895299435,0,4823955.061466923,1.0833051002126763,0.7565876434570735,1.0,0,0,0,0.0,143769600,0.0003025413473174667,0.0
p07_seed2026082208,selection,21,4,1,3,True,causal_current_input_channel_diagonal,4110566.4926909767,8427228.409782827,4823955.061466923,7800,1536,475206451200,143769600,1.9684298895299435,8,92937.67100606952,0.15036440967529532,0.10501552550035201,0.019265865820083373,74688,149376,191692800,0.0004033884630899556,335462400,0.0007059298104074224,8.962914813309908
p07_seed2026082208,selection,21,4,1,3,True,causal_current_input_channel_diagonal,4110566.4926909767,8427228.409782827,4823955.061466923,7800,1536,475206451200,143769600,1.9684298895299435,16,80612.00005620811,0.1400390027458092,0.09780419113574726,0.01671076926890101,149376,298752,383385600,0.0008067769261799112,527155200,0.001109318273497378,8.962914813309908
p07_seed2026082208,selection,21,4,1,3,True,causal_current_input_channel_diagonal,4110566.4926909767,8427228.409782827,4823955.061466923,7800,1536,475206451200,143769600,1.9684298895299435,32,66909.52919836342,0.12758309933864856,0.08910490355360401,0.013870263776423175,298752,597504,766771200,0.0016135538523598225,910540800,0.0019160951996772893,8.962914813309908
p07_seed2026082208,selection,21,4,1,3,True,causal_current_input_channel_diagonal,4110566.4926909767,8427228.409782827,4823955.061466923,7800,1536,475206451200,143769600,1.9684298895299435,64,51936.456758527085,0.11240491975545341,0.07850435979122035,0.0107663641260711,597504,1195008,1533542400,0.003227107704719645,1677312000,0.0035296490520371118,8.962914813309908
p07_seed2026082208,selection,21,4,1,3,True,causal_current_input_channel_diagonal,4110566.4926909767,8427228.409782827,4823955.061466923,7800,1536,475206451200,143769600,1.9684298895299435,96,43290.78950488847,0.10262352172441466,0.0716729649380378,0.008974127851688753,896256,1792512,2300313600,0.004840661557079467,2444083200,0.0051432029043969344,8.962914813309908
p07_seed2026082208,selection,21,6,1,1,True,causal_current_input_channel_diagonal,4108115.843269029,7449515.541603392,833546.4179327362,7800,1536,475206451200,47923200,2.8452486731112003,0,833546.4179327362,0.45044684972302895,0.334503664227167,1.0,0,0,0,0.0,47923200,0.0001008471157724889,0.0
p07_seed2026082208,selection,21,6,1,1,True,causal_current_input_channel_diagonal,4108115.843269029,7449515.541603392,833546.4179327362,7800,1536,475206451200,47923200,2.8452486731112003,8,39548.95656649675,0.09811743224907452,0.07286240459236647,0.047446615650009995,74688,149376,191692800,0.0004033884630899556,239616000,0.0005042355788624445,9.051372297108173
p07_seed2026082208,selection,21,6,1,1,True,causal_current_input_channel_diagonal,4108115.843269029,7449515.541603392,833546.4179327362,7800,1536,475206451200,47923200,2.8452486731112003,16,35894.160480174,0.09347394222880041,0.06941413000117098,0.043061981509401194,149376,298752,383385600,0.0008067769261799112,431308800,0.0009076240419524002,9.051372297108173
p07_seed2026082208,selection,21,6,1,1,True,causal_current_input_channel_diagonal,4108115.843269029,7449515.541603392,833546.4179327362,7800,1536,475206451200,47923200,2.8452486731112003,32,31169.608251858386,0.08710524992559406,0.06468471317193177,0.03739396816198494,298752,597504,766771200,0.0016135538523598225,814694400,0.0017144009681323113,9.051372297108173
p07_seed2026082208,selection,21,6,1,1,True,causal_current_input_channel_diagonal,4108115.843269029,7449515.541603392,833546.4179327362,7800,1536,475206451200,47923200,2.8452486731112003,64,25309.455465020612,0.07849103573383676,0.05828776264746422,0.030363582506678737,597504,1195008,1533542400,0.003227107704719645,1581465600,0.003327954820492134,9.051372297108173
p07_seed2026082208,selection,21,6,1,1,True,causal_current_input_channel_diagonal,4108115.843269029,7449515.541603392,833546.4179327362,7800,1536,475206451200,47923200,2.8452486731112003,96,21697.151261660154,0.07267415946961624,0.05396812665503978,0.026029925590608523,896256,1792512,2300313600,0.004840661557079467,2348236800,0.004941508672851956,9.051372297108173
p07_seed2026082208,selection,21,6,1,2,True,causal_current_input_channel_diagonal,4108115.843269029,7449515.541603392,1447459.6910117771,7800,1536,475206451200,95846400,2.5916392914950848,0,1447459.6910117771,0.593583606751149,0.44079760265950413,1.0,0,0,0,0.0,95846400,0.0002016942315449778,0.0
p07_seed2026082208,selection,21,6,1,2,True,causal_current_input_channel_diagonal,4108115.843269029,7449515.541603392,1447459.6910117771,7800,1536,475206451200,95846400,2.5916392914950848,8,77906.2923968616,0.13770982533770182,0.10226387686775601,0.053822772080791385,74688,149376,191692800,0.0004033884630899556,287539200,0.0006050826946349334,8.993300143629313
p07_seed2026082208,selection,21,6,1,2,True,causal_current_input_channel_diagonal,4108115.843269029,7449515.541603392,1447459.6910117771,7800,1536,475206451200,95846400,2.5916392914950848,16,70294.88679950195,0.13080987394158397,0.09713994487353747,0.04856431430957225,149376,298752,383385600,0.0008067769261799112,479232000,0.001008471157724889,8.993300143629313
p07_seed2026082208,selection,21,6,1,2,True,causal_current_input_channel_diagonal,4108115.843269029,7449515.541603392,1447459.6910117771,7800,1536,475206451200,95846400,2.5916392914950848,32,60530.82466803887,0.1213855399701382,0.09014139610293873,0.04181866033842274,298752,597504,766771200,0.0016135538523598225,862617600,0.0018152480839048004,8.993300143629313
p07_seed2026082208,selection,21,6,1,2,True,causal_current_input_channel_diagonal,4108115.843269029,7449515.541603392,1447459.6910117771,7800,1536,475206451200,95846400,2.5916392914950848,64,48914.641736359335,0.10911842723012778,0.08103178824677468,0.033793439946780114,597504,1195008,1533542400,0.003227107704719645,1629388800,0.0034288019362646227,8.993300143629313
p07_seed2026082208,selection,21,6,1,2,True,causal_current_input_channel_diagonal,4108115.843269029,7449515.541603392,1447459.6910117771,7800,1536,475206451200,95846400,2.5916392914950848,96,41767.2817761288,0.10083162476137765,0.07487797500059906,0.028855575311158472,896256,1792512,2300313600,0.004840661557079467,2396160000,0.005042355788624445,8.993300143629313
p07_seed2026082208,selection,21,6,1,3,True,causal_current_input_channel_diagonal,4108115.843269029,7449515.541603392,1912014.3235328444,7800,1536,475206451200,143769600,2.5043929927051067,0,1912014.3235328444,0.6822196588594722,0.5066190957637291,1.0,0,0,0,0.0,143769600,0.0003025413473174667,0.0
p07_seed2026082208,selection,21,6,1,3,True,causal_current_input_channel_diagonal,4108115.843269029,7449515.541603392,1912014.3235328444,7800,1536,475206451200,143769600,2.5043929927051067,8,104180.2700136574,0.15924705096329506,0.118257508288373,0.05448718089588679,74688,149376,191692800,0.0004033884630899556,335462400,0.0007059298104074224,8.992161136120558
p07_seed2026082208,selection,21,6,1,3,True,causal_current_input_channel_diagonal,4108115.843269029,7449515.541603392,1912014.3235328444,7800,1536,475206451200,143769600,2.5043929927051067,16,92966.7156964175,0.15043275303087394,0.11171197476361258,0.048622395150090536,149376,298752,383385600,0.0008067769261799112,527155200,0.001109318273497378,8.992161136120558
p07_seed2026082208,selection,21,6,1,3,True,causal_current_input_channel_diagonal,4108115.843269029,7449515.541603392,1912014.3235328444,7800,1536,475206451200,143769600,2.5043929927051067,32,79517.95226768171,0.13912694634072972,0.10331623669324393,0.04158857573618952,298752,597504,766771200,0.0016135538523598225,910540800,0.0019160951996772893,8.992161136120558
p07_seed2026082208,selection,21,6,1,3,True,causal_current_input_channel_diagonal,4108115.843269029,7449515.541603392,1912014.3235328444,7800,1536,475206451200,143769600,2.5043929927051067,64,63407.91915142094,0.12423684382190683,0.09225878594999415,0.03316288929355163,597504,1195008,1533542400,0.003227107704719645,1677312000,0.0035296490520371118,8.992161136120558
p07_seed2026082208,selection,21,6,1,3,True,causal_current_input_channel_diagonal,4108115.843269029,7449515.541603392,1912014.3235328444,7800,1536,475206451200,143769600,2.5043929927051067,96,53585.19840029953,0.11420919770316251,0.08481221512292368,0.028025521513779416,896256,1792512,2300313600,0.004840661557079467,2444083200,0.0051432029043969344,8.992161136120558
p07_seed2026082208,selection,22,4,0,1,True,causal_current_input_channel_diagonal,344604.6087125938,8615594.302387573,114369.34460551146,7800,1536,475206451200,47923200,2.261436078697443,0,114369.34460551146,0.5760952249259136,0.11521584146651712,1.0,0,0,0,0.0,47923200,0.0001008471157724889,0.0
p07_seed2026082208,selection,22,4,0,1,True,causal_current_input_channel_diagonal,344604.6087125938,8615594.302387573,114369.34460551146,7800,1536,475206451200,47923200,2.261436078697443,8,36925.27428090031,0.32734169303222804,0.06546651834274912,0.32285989224010664,74688,149376,191692800,0.0004033884630899556,239616000,0.0005042355788624445,9.186959359794855
p07_seed2026082208,selection,22,4,0,1,True,causal_current_input_channel_diagonal,344604.6087125938,8615594.302387573,114369.34460551146,7800,1536,475206451200,47923200,2.261436078697443,16,32788.17164459733,0.30845943536985826,0.06169017180969584,0.286686714454561,149376,298752,383385600,0.0008067769261799112,431308800,0.0009076240419524002,9.186959359794855
p07_seed2026082208,selection,22,4,0,1,True,causal_current_input_channel_diagonal,344604.6087125938,8615594.302387573,114369.34460551146,7800,1536,475206451200,47923200,2.261436078697443,32,27752.124224116807,0.2837837836054601,0.0567551786718244,0.24265352149508643,298752,597504,766771200,0.0016135538523598225,814694400,0.0017144009681323113,9.186959359794855
p07_seed2026082208,selection,22,4,0,1,True,causal_current_input_channel_diagonal,344604.6087125938,8615594.302387573,114369.34460551146,7800,1536,475206451200,47923200,2.261436078697443,64,22094.562826463894,0.2532107652330646,0.05064074500610563,0.1931860578469472,597504,1195008,1533542400,0.003227107704719645,1581465600,0.003327954820492134,9.186959359794855
p07_seed2026082208,selection,22,4,0,1,True,causal_current_input_channel_diagonal,344604.6087125938,8615594.302387573,114369.34460551146,7800,1536,475206451200,47923200,2.261436078697443,96,18733.99598646247,0.23316033505821615,0.04663077046646612,0.16380259979665043,896256,1792512,2300313600,0.004840661557079467,2348236800,0.004941508672851956,9.186959359794855
p07_seed2026082208,selection,22,4,0,2,True,causal_current_input_channel_diagonal,344604.6087125938,8615594.302387573,222448.90031838193,7800,1536,475206451200,95846400,2.1028630435466766,0,222448.90031838193,0.8034421112164934,0.1606839545065624,1.0,0,0,0,0.0,95846400,0.0002016942315449778,0.0
p07_seed2026082208,selection,22,4,0,2,True,causal_current_input_channel_diagonal,344604.6087125938,8615594.302387573,222448.90031838193,7800,1536,475206451200,95846400,2.1028630435466766,8,57148.7007182762,0.40723269637542786,0.08144427475788835,0.25690709483949775,74688,149376,191692800,0.0004033884630899556,287539200,0.0006050826946349334,8.941988926380873
p07_seed2026082208,selection,22,4,0,2,True,causal_current_input_channel_diagonal,344604.6087125938,8615594.302387573,222448.90031838193,7800,1536,475206451200,95846400,2.1028630435466766,16,49289.47870550619,0.37819568703349965,0.07563703435690845,0.22157663466066,149376,298752,383385600,0.0008067769261799112,479232000,0.001008471157724889,8.941988926380873
p07_seed2026082208,selection,22,4,0,2,True,causal_current_input_channel_diagonal,344604.6087125938,8615594.302387573,222448.90031838193,7800,1536,475206451200,95846400,2.1028630435466766,32,40943.08937413193,0.34469085716510084,0.06893625469504525,0.1840561554796345,298752,597504,766771200,0.0016135538523598225,862617600,0.0018152480839048004,8.941988926380873
p07_seed2026082208,selection,22,4,0,2,True,causal_current_input_channel_diagonal,344604.6087125938,8615594.302387573,222448.90031838193,7800,1536,475206451200,95846400,2.1028630435466766,64,32243.19203660474,0.30588520686082443,0.06117534042251749,0.14494651130059868,597504,1195008,1533542400,0.003227107704719645,1629388800,0.0034288019362646227,8.941988926380873
p07_seed2026082208,selection,22,4,0,2,True,causal_current_input_channel_diagonal,344604.6087125938,8615594.302387573,222448.90031838193,7800,1536,475206451200,95846400,2.1028630435466766,96,27145.070932783216,0.28066286214054254,0.05613101173348945,0.12202834403763123,896256,1792512,2300313600,0.004840661557079467,2396160000,0.005042355788624445,8.941988926380873
p07_seed2026082208,selection,22,4,0,3,True,causal_current_input_channel_diagonal,344604.6087125938,8615594.302387573,289178.19434809824,7800,1536,475206451200,143769600,1.982447225600481,0,289178.19434809824,0.9160564356086721,0.18320619316545214,1.0,0,0,0,0.0,143769600,0.0003025413473174667,0.0
p07_seed2026082208,selection,22,4,0,3,True,causal_current_input_channel_diagonal,344604.6087125938,8615594.302387573,289178.19434809824,7800,1536,475206451200,143769600,1.982447225600481,8,69212.73835544469,0.4481593642421936,0.0896293807484761,0.23934286785859538,74688,149376,191692800,0.0004033884630899556,335462400,0.0007059298104074224,9.010670706629753
p07_seed2026082208,selection,22,4,0,3,True,causal_current_input_channel_diagonal,344604.6087125938,8615594.302387573,289178.19434809824,7800,1536,475206451200,143769600,1.982447225600481,16,59363.4051074633,0.4150485122452458,0.0830073944700926,0.20528313084948405,149376,298752,383385600,0.0008067769261799112,527155200,0.001109318273497378,9.010670706629753
p07_seed2026082208,selection,22,4,0,3,True,causal_current_input_channel_diagonal,344604.6087125938,8615594.302387573,289178.19434809824,7800,1536,475206451200,143769600,1.982447225600481,32,48741.84808885766,0.3760888476128216,0.07521567818836969,0.16855298581604913,298752,597504,766771200,0.0016135538523598225,910540800,0.0019160951996772893,9.010670706629753
p07_seed2026082208,selection,22,4,0,3,True,causal_current_input_channel_diagonal,344604.6087125938,8615594.302387573,289178.19434809824,7800,1536,475206451200,143769600,1.982447225600481,64,38118.43246785301,0.33258830653820204,0.06651581186886386,0.13181641359538024,597504,1195008,1533542400,0.003227107704719645,1677312000,0.0035296490520371118,9.010670706629753
p07_seed2026082208,selection,22,4,0,3,True,causal_current_input_channel_diagonal,344604.6087125938,8615594.302387573,289178.19434809824,7800,1536,475206451200,143769600,1.982447225600481,96,31989.684880478133,0.30468034614818496,0.060934374979912824,0.11062274233199847,896256,1792512,2300313600,0.004840661557079467,2444083200,0.0051432029043969344,9.010670706629753
p07_seed2026082208,selection,22,6,0,1,True,causal_current_input_channel_diagonal,470699.9352862425,7652813.4856993705,62510.12302158262,7800,1536,475206451200,47923200,2.840404398739338,0,62510.12302158262,0.3644207583169053,0.09037839246383828,1.0,0,0,0,0.0,47923200,0.0001008471157724889,0.0
p07_seed2026082208,selection,22,6,0,1,True,causal_current_input_channel_diagonal,470699.9352862425,7652813.4856993705,62510.12302158262,7800,1536,475206451200,47923200,2.840404398739338,8,24714.778377295886,0.22914283971473415,0.056828709741082624,0.3953724160017591,74688,149376,191692800,0.0004033884630899556,239616000,0.0005042355788624445,9.051606990396976
p07_seed2026082208,selection,22,6,0,1,True,causal_current_input_channel_diagonal,470699.9352862425,7652813.4856993705,62510.12302158262,7800,1536,475206451200,47923200,2.840404398739338,16,22405.99386201563,0.2181775381683785,0.054109253442220936,0.3584378460089175,149376,298752,383385600,0.0008067769261799112,431308800,0.0009076240419524002,9.051606990396976
p07_seed2026082208,selection,22,6,0,1,True,causal_current_input_channel_diagonal,470699.9352862425,7652813.4856993705,62510.12302158262,7800,1536,475206451200,47923200,2.840404398739338,32,19415.477816443716,0.20309628162177126,0.050369017212780344,0.3105973379541913,298752,597504,766771200,0.0016135538523598225,814694400,0.0017144009681323113,9.051606990396976
p07_seed2026082208,selection,22,6,0,1,True,causal_current_input_channel_diagonal,470699.9352862425,7652813.4856993705,62510.12302158262,7800,1536,475206451200,47923200,2.840404398739338,64,15874.852909251138,0.18364655491320056,0.04554537587604573,0.25395651349109544,597504,1195008,1533542400,0.003227107704719645,1581465600,0.003327954820492134,9.051606990396976
p07_seed2026082208,selection,22,6,0,1,True,causal_current_input_channel_diagonal,470699.9352862425,7652813.4856993705,62510.12302158262,7800,1536,475206451200,47923200,2.840404398739338,96,13709.387371851262,0.17066204866901166,0.04232514548437864,0.21931467579301403,896256,1792512,2300313600,0.004840661557079467,2348236800,0.004941508672851956,9.051606990396976
p07_seed2026082208,selection,22,6,0,2,True,causal_current_input_channel_diagonal,470699.9352862425,7652813.4856993705,163819.61230824853,7800,1536,475206451200,95846400,2.584376372396946,0,163819.61230824853,0.589944121018999,0.14630945160051215,1.0,0,0,0,0.0,95846400,0.0002016942315449778,0.0
p07_seed2026082208,selection,22,6,0,2,True,causal_current_input_channel_diagonal,470699.9352862425,7652813.4856993705,163819.61230824853,7800,1536,475206451200,95846400,2.584376372396946,8,52150.22987722885,0.3328557351190592,0.08255008963092374,0.3183393560358262,74688,149376,191692800,0.0004033884630899556,287539200,0.0006050826946349334,8.996387012302876
p07_seed2026082208,selection,22,6,0,2,True,causal_current_input_channel_diagonal,470699.9352862425,7652813.4856993705,163819.61230824853,7800,1536,475206451200,95846400,2.584376372396946,16,46743.72583906363,0.3151298870125021,0.0781539798584512,0.28533656740063895,149376,298752,383385600,0.0008067769261799112,479232000,0.001008471157724889,8.996387012302876
p07_seed2026082208,selection,22,6,0,2,True,causal_current_input_channel_diagonal,470699.9352862425,7652813.4856993705,163819.61230824853,7800,1536,475206451200,95846400,2.584376372396946,32,39914.202976753775,0.2912001949994404,0.07221928199358772,0.24364728021747767,298752,597504,766771200,0.0016135538523598225,862617600,0.0018152480839048004,8.996387012302876
p07_seed2026082208,selection,22,6,0,2,True,causal_current_input_channel_diagonal,470699.9352862425,7652813.4856993705,163819.61230824853,7800,1536,475206451200,95846400,2.584376372396946,64,32328.37474204885,0.26207154350845363,0.06499521301202488,0.19734129688970725,597504,1195008,1533542400,0.003227107704719645,1629388800,0.0034288019362646227,8.996387012302876
p07_seed2026082208,selection,22,6,0,2,True,causal_current_input_channel_diagonal,470699.9352862425,7652813.4856993705,163819.61230824853,7800,1536,475206451200,95846400,2.584376372396946,96,27759.215094384097,0.24284631720751082,0.06022724903582974,0.16944988886932574,896256,1792512,2300313600,0.004840661557079467,2396160000,0.005042355788624445,8.996387012302876
p07_seed2026082208,selection,22,6,0,3,True,causal_current_input_channel_diagonal,470699.9352862425,7652813.4856993705,291485.67395206727,7800,1536,475206451200,143769600,2.517831977456808,0,291485.67395206727,0.7869307898669398,0.19516325057044162,1.0,0,0,0,0.0,143769600,0.0003025413473174667,0.0
p07_seed2026082208,selection,22,6,0,3,True,causal_current_input_channel_diagonal,470699.9352862425,7652813.4856993705,291485.67395206727,7800,1536,475206451200,143769600,2.517831977456808,8,72670.54519293975,0.39292271829662667,0.09744703843486657,0.24931086394135352,74688,149376,191692800,0.0004033884630899556,335462400,0.0007059298104074224,9.161281865090132
p07_seed2026082208,selection,22,6,0,3,True,causal_current_input_channel_diagonal,470699.9352862425,7652813.4856993705,291485.67395206727,7800,1536,475206451200,143769600,2.517831977456808,16,64008.326213534514,0.3687620036932781,0.09145504567157473,0.21959338636263126,149376,298752,383385600,0.0008067769261799112,527155200,0.001109318273497378,9.161281865090132
p07_seed2026082208,selection,22,6,0,3,True,causal_current_input_channel_diagonal,470699.9352862425,7652813.4856993705,291485.67395206727,7800,1536,475206451200,143769600,2.517831977456808,32,54068.03973020401,0.3389208155816694,0.08405426361076565,0.18549124216646445,298752,597504,766771200,0.0016135538523598225,910540800,0.0019160951996772893,9.161281865090132
p07_seed2026082208,selection,22,6,0,3,True,causal_current_input_channel_diagonal,470699.9352862425,7652813.4856993705,291485.67395206727,7800,1536,475206451200,143769600,2.517831977456808,64,43418.530731348525,0.3037144759462612,0.07532289387354257,0.14895596804671246,597504,1195008,1533542400,0.003227107704719645,1677312000,0.0035296490520371118,9.161281865090132
p07_seed2026082208,selection,22,6,0,3,True,causal_current_input_channel_diagonal,470699.9352862425,7652813.4856993705,291485.67395206727,7800,1536,475206451200,143769600,2.517831977456808,96,37002.05682729083,0.28037601809765106,0.06953482539828802,0.12694296885659231,896256,1792512,2300313600,0.004840661557079467,2444083200,0.0051432029043969344,9.161281865090132
p07_seed2026082208,selection,22,4,1,1,True,causal_current_input_channel_diagonal,351991.1658477682,8145207.338953699,99237.8381479146,7800,1536,475206451200,47923200,2.2548181004822254,0,99237.8381479146,0.5309734006797813,0.11037928472646753,1.0,0,0,0,0.0,47923200,0.0001008471157724889,0.0
p07_seed2026082208,selection,22,4,1,1,True,causal_current_input_channel_diagonal,351991.1658477682,8145207.338953699,99237.8381479146,7800,1536,475206451200,47923200,2.2548181004822254,8,35686.615009399815,0.31841007123680426,0.06619140594957554,0.3596069367241331,74688,149376,191692800,0.0004033884630899556,239616000,0.0005042355788624445,9.18557494878769
p07_seed2026082208,selection,22,4,1,1,True,causal_current_input_channel_diagonal,351991.1658477682,8145207.338953699,99237.8381479146,7800,1536,475206451200,47923200,2.2548181004822254,16,31095.361769786745,0.2972226657590122,0.06178694678296897,0.3133417890549825,149376,298752,383385600,0.0008067769261799112,431308800,0.0009076240419524002,9.18557494878769
p07_seed2026082208,selection,22,4,1,1,True,causal_current_input_channel_diagonal,351991.1658477682,8145207.338953699,99237.8381479146,7800,1536,475206451200,47923200,2.2548181004822254,32,26032.132774727914,0.2719499563347692,0.056533230521897467,0.26232063537127426,298752,597504,766771200,0.0016135538523598225,814694400,0.0017144009681323113,9.18557494878769
p07_seed2026082208,selection,22,4,1,1,True,causal_current_input_channel_diagonal,351991.1658477682,8145207.338953699,99237.8381479146,7800,1536,475206451200,47923200,2.2548181004822254,64,20631.950895700225,0.2421052827263492,0.050329089746531275,0.20790407435088007,597504,1195008,1533542400,0.003227107704719645,1581465600,0.003327954820492134,9.18557494878769
p07_seed2026082208,selection,22,4,1,1,True,causal_current_input_channel_diagonal,351991.1658477682,8145207.338953699,99237.8381479146,7800,1536,475206451200,47923200,2.2548181004822254,96,17446.605207407934,0.22263302379660183,0.046281176969879205,0.17580597804579481,896256,1792512,2300313600,0.004840661557079467,2348236800,0.004941508672851956,9.18557494878769
p07_seed2026082208,selection,22,4,1,2,True,causal_current_input_channel_diagonal,351991.1658477682,8145207.338953699,197044.59420076222,7800,1536,475206451200,95846400,2.1055229008197784,0,197044.59420076222,0.7481977200505359,0.1555360947787995,1.0,0,0,0,0.0,95846400,0.0002016942315449778,0.0
p07_seed2026082208,selection,22,4,1,2,True,causal_current_input_channel_diagonal,351991.1658477682,8145207.338953699,197044.59420076222,7800,1536,475206451200,95846400,2.1055229008197784,8,52306.847584049916,0.3854902441106274,0.08013609977352423,0.2654569020092413,74688,149376,191692800,0.0004033884630899556,287539200,0.0006050826946349334,9.18365316465497
p07_seed2026082208,selection,22,4,1,2,True,causal_current_input_channel_diagonal,351991.1658477682,8145207.338953699,197044.59420076222,7800,1536,475206451200,95846400,2.1055229008197784,16,44515.40634985131,0.3556225478509671,0.07392717302625595,0.22591538980294829,149376,298752,383385600,0.0008067769261799112,479232000,0.001008471157724889,9.18365316465497
p07_seed2026082208,selection,22,4,1,2,True,causal_current_input_channel_diagonal,351991.1658477682,8145207.338953699,197044.59420076222,7800,1536,475206451200,95846400,2.1055229008197784,32,36700.9561516417,0.32290354095299384,0.06712551295489456,0.18625710725803005,298752,597504,766771200,0.0016135538523598225,862617600,0.0018152480839048004,9.18365316465497
p07_seed2026082208,selection,22,4,1,2,True,causal_current_input_channel_diagonal,351991.1658477682,8145207.338953699,197044.59420076222,7800,1536,475206451200,95846400,2.1055229008197784,64,28794.79055872475,0.2860164948775302,0.05945739670600284,0.14613336969775376,597504,1195008,1533542400,0.003227107704719645,1629388800,0.0034288019362646227,9.18365316465497
p07_seed2026082208,selection,22,4,1,2,True,causal_current_input_channel_diagonal,351991.1658477682,8145207.338953699,197044.59420076222,7800,1536,475206451200,95846400,2.1055229008197784,96,24123.45214406721,0.26179047825690493,0.05442126799798721,0.12242635845416505,896256,1792512,2300313600,0.004840661557079467,2396160000,0.005042355788624445,9.18365316465497
p07_seed2026082208,selection,22,4,1,3,True,causal_current_input_channel_diagonal,351991.1658477682,8145207.338953699,273588.5254385052,7800,1536,475206451200,143769600,1.963549293577671,0,273588.5254385052,0.8816232959659833,0.18327273773475405,1.0,0,0,0,0.0,143769600,0.0003025413473174667,0.0
p07_seed2026082208,selection,22,4,1,3,True,causal_current_input_channel_diagonal,351991.1658477682,8145207.338953699,273588.5254385052,7800,1536,475206451200,143769600,1.963549293577671,8,67093.38349893363,0.4365901818529204,0.09075880624119327,0.24523463988755648,74688,149376,191692800,0.0004033884630899556,335462400,0.0007059298104074224,9.004693012684584
p07_seed2026082208,selection,22,4,1,3,True,causal_current_input_channel_diagonal,351991.1658477682,8145207.338953699,273588.5254385052,7800,1536,475206451200,143769600,1.963549293577671,16,56417.921091646655,0.40035260399522987,0.08322570209881872,0.20621450045568868,149376,298752,383385600,0.0008067769261799112,527155200,0.001109318273497378,9.004693012684584
p07_seed2026082208,selection,22,4,1,3,True,causal_current_input_channel_diagonal,351991.1658477682,8145207.338953699,273588.5254385052,7800,1536,475206451200,143769600,1.963549293577671,32,46279.14999202502,0.36259916938995645,0.07537748013070794,0.16915603433201204,298752,597504,766771200,0.0016135538523598225,910540800,0.0019160951996772893,9.004693012684584
p07_seed2026082208,selection,22,4,1,3,True,causal_current_input_channel_diagonal,351991.1658477682,8145207.338953699,273588.5254385052,7800,1536,475206451200,143769600,1.963549293577671,64,36015.59039110373,0.3198743285629361,0.06649579723566823,0.1316414507555792,597504,1195008,1533542400,0.003227107704719645,1677312000,0.0035296490520371118,9.004693012684584
p07_seed2026082208,selection,22,4,1,3,True,causal_current_input_channel_diagonal,351991.1658477682,8145207.338953699,273588.5254385052,7800,1536,475206451200,143769600,1.963549293577671,96,30052.130344204663,0.29219430695596516,0.06074164649614143,0.10984426449341422,896256,1792512,2300313600,0.004840661557079467,2444083200,0.0051432029043969344,9.004693012684584
p07_seed2026082208,selection,22,6,1,1,True,causal_current_input_channel_diagonal,493743.1896654549,7607787.800031233,68913.8021538069,7800,1536,475206451200,47923200,2.845782320946455,0,68913.8021538069,0.373596283018088,0.09517522465006682,1.0,0,0,0,0.0,47923200,0.0001008471157724889,0.0
p07_seed2026082208,selection,22,6,1,1,True,causal_current_input_channel_diagonal,493743.1896654549,7607787.800031233,68913.8021538069,7800,1536,475206451200,47923200,2.845782320946455,8,31832.102075074647,0.2539113416243113,0.0646849823693874,0.4619118533438465,74688,149376,191692800,0.0004033884630899556,239616000,0.0005042355788624445,9.163038339465857
p07_seed2026082208,selection,22,6,1,1,True,causal_current_input_channel_diagonal,493743.1896654549,7607787.800031233,68913.8021538069,7800,1536,475206451200,47923200,2.845782320946455,16,28491.670818112267,0.24021957808259992,0.06119694801205713,0.41343925202986026,149376,298752,383385600,0.0008067769261799112,431308800,0.0009076240419524002,9.163038339465857
p07_seed2026082208,selection,22,6,1,1,True,causal_current_input_channel_diagonal,493743.1896654549,7607787.800031233,68913.8021538069,7800,1536,475206451200,47923200,2.845782320946455,32,24339.769482738382,0.22202796132644156,0.056562557119491784,0.3531915047651567,298752,597504,766771200,0.0016135538523598225,814694400,0.0017144009681323113,9.163038339465857
p07_seed2026082208,selection,22,6,1,1,True,causal_current_input_channel_diagonal,493743.1896654549,7607787.800031233,68913.8021538069,7800,1536,475206451200,47923200,2.845782320946455,64,19667.616632611018,0.19958380956336583,0.05084481504541579,0.285394449546553,597504,1195008,1533542400,0.003227107704719645,1581465600,0.003327954820492134,9.163038339465857
p07_seed2026082208,selection,22,6,1,1,True,causal_current_input_channel_diagonal,493743.1896654549,7607787.800031233,68913.8021538069,7800,1536,475206451200,47923200,2.845782320946455,96,16859.168634006557,0.18478534205181155,0.04707484319636315,0.2446413941248381,896256,1792512,2300313600,0.004840661557079467,2348236800,0.004941508672851956,9.163038339465857
p07_seed2026082208,selection,22,6,1,2,True,causal_current_input_channel_diagonal,493743.1896654549,7607787.800031233,159262.5814346121,7800,1536,475206451200,95846400,2.593026030808687,0,159262.5814346121,0.5679450467031526,0.14468638973650644,1.0,0,0,0,0.0,95846400,0.0002016942315449778,0.0
p07_seed2026082208,selection,22,6,1,2,True,causal_current_input_channel_diagonal,493743.1896654549,7607787.800031233,159262.5814346121,7800,1536,475206451200,95846400,2.593026030808687,8,58524.04107497324,0.34428380495679306,0.08770774755956581,0.3674688715502133,74688,149376,191692800,0.0004033884630899556,287539200,0.0006050826946349334,9.121926967054605
p07_seed2026082208,selection,22,6,1,2,True,causal_current_input_channel_diagonal,493743.1896654549,7607787.800031233,159262.5814346121,7800,1536,475206451200,95846400,2.593026030808687,16,51824.63666355808,0.3239795320770859,0.08253514863253412,0.325403721333271,149376,298752,383385600,0.0008067769261799112,479232000,0.001008471157724889,9.121926967054605
p07_seed2026082208,selection,22,6,1,2,True,causal_current_input_channel_diagonal,493743.1896654549,7607787.800031233,159262.5814346121,7800,1536,475206451200,95846400,2.593026030808687,32,43834.53005466817,0.2979597617088166,0.07590650267776888,0.2752343310245376,298752,597504,766771200,0.0016135538523598225,862617600,0.0018152480839048004,9.121926967054605
p07_seed2026082208,selection,22,6,1,2,True,causal_current_input_channel_diagonal,493743.1896654549,7607787.800031233,159262.5814346121,7800,1536,475206451200,95846400,2.593026030808687,64,35123.363502458946,0.26671503009423586,0.06794677586644834,0.2205374494690503,597504,1195008,1533542400,0.003227107704719645,1629388800,0.0034288019362646227,9.121926967054605
p07_seed2026082208,selection,22,6,1,2,True,causal_current_input_channel_diagonal,493743.1896654549,7607787.800031233,159262.5814346121,7800,1536,475206451200,95846400,2.593026030808687,96,29979.810997257344,0.24641315317914428,0.06277478732148123,0.18824139813478982,896256,1792512,2300313600,0.004840661557079467,2396160000,0.005042355788624445,9.121926967054605
p07_seed2026082208,selection,22,6,1,3,True,causal_current_input_channel_diagonal,493743.1896654549,7607787.800031233,277485.63403093116,7800,1536,475206451200,143769600,2.5095026940107346,0,277485.63403093116,0.7496692421257307,0.19098139295220792,1.0,0,0,0,0.0,143769600,0.0003025413473174667,0.0
p07_seed2026082208,selection,22,6,1,3,True,causal_current_input_channel_diagonal,493743.1896654549,7607787.800031233,277485.63403093116,7800,1536,475206451200,143769600,2.5095026940107346,8,74454.58765589615,0.3883248402120998,0.0989273865516443,0.2683187107116348,74688,149376,191692800,0.0004033884630899556,335462400,0.0007059298104074224,8.968071080744267
p07_seed2026082208,selection,22,6,1,3,True,causal_current_input_channel_diagonal,493743.1896654549,7607787.800031233,277485.63403093116,7800,1536,475206451200,143769600,2.5095026940107346,16,64662.11697580642,0.36188818156373226,0.0921925365538629,0.23302870118654564,149376,298752,383385600,0.0008067769261799112,527155200,0.001109318273497378,8.968071080744267
p07_seed2026082208,selection,22,6,1,3,True,causal_current_input_channel_diagonal,493743.1896654549,7607787.800031233,277485.63403093116,7800,1536,475206451200,143769600,2.5095026940107346,32,54376.97241834371,0.331861561665269,0.08454312882627037,0.19596319838777165,298752,597504,766771200,0.0016135538523598225,910540800,0.0019160951996772893,8.968071080744267
p07_seed2026082208,selection,22,6,1,3,True,causal_current_input_channel_diagonal,493743.1896654549,7607787.800031233,277485.63403093116,7800,1536,475206451200,143769600,2.5095026940107346,64,43235.15198565487,0.29591565113583856,0.07538575691065068,0.15581041549551597,597504,1195008,1533542400,0.003227107704719645,1677312000,0.0035296490520371118,8.968071080744267
p07_seed2026082208,selection,22,6,1,3,True,causal_current_input_channel_diagonal,493743.1896654549,7607787.800031233,277485.63403093116,7800,1536,475206451200,143769600,2.5095026940107346,96,36674.952800036815,0.2725424920261698,0.06943134630711485,0.13216883419186665,896256,1792512,2300313600,0.004840661557079467,2444083200,0.0051432029043969344,8.968071080744267
p07_seed2026082208,selection,23,4,0,1,True,causal_current_input_channel_diagonal,273001.0110309986,8324354.452669079,79688.32174281406,7800,1536,475206451200,47923200,2.269584219902754,0,79688.32174281406,0.5402754236740968,0.09784126478358612,1.0,0,0,0,0.0,47923200,0.0001008471157724889,0.0
p07_seed2026082208,selection,23,4,0,1,True,causal_current_input_channel_diagonal,273001.0110309986,8324354.452669079,79688.32174281406,7800,1536,475206451200,47923200,2.269584219902754,8,31828.577501708533,0.34144950461910645,0.061834852980124616,0.3994133242675892,74688,149376,191692800,0.0004033884630899556,239616000,0.0005042355788624445,9.14018601179123
p07_seed2026082208,selection,23,4,0,1,True,causal_current_input_channel_diagonal,273001.0110309986,8324354.452669079,79688.32174281406,7800,1536,475206451200,47923200,2.269584219902754,16,28338.855254738854,0.32218774987751664,0.05834664240587276,0.3556211829644505,149376,298752,383385600,0.0008067769261799112,431308800,0.0009076240419524002,9.14018601179123
p07_seed2026082208,selection,23,4,0,1,True,causal_current_input_channel_diagonal,273001.0110309986,8324354.452669079,79688.32174281406,7800,1536,475206451200,47923200,2.269584219902754,32,24080.235526827943,0.29699438425498953,0.05378424580470833,0.30218023159849244,298752,597504,766771200,0.0016135538523598225,814694400,0.0017144009681323113,9.14018601179123
p07_seed2026082208,selection,23,4,0,1,True,causal_current_input_channel_diagonal,273001.0110309986,8324354.452669079,79688.32174281406,7800,1536,475206451200,47923200,2.269584219902754,64,19194.57111190768,0.2651594311120963,0.04801908984287476,0.24087056530522444,597504,1195008,1533542400,0.003227107704719645,1581465600,0.003327954820492134,9.14018601179123
p07_seed2026082208,selection,23,4,0,1,True,causal_current_input_channel_diagonal,273001.0110309986,8324354.452669079,79688.32174281406,7800,1536,475206451200,47923200,2.269584219902754,96,16268.210551993114,0.24411123316053968,0.04420736304806531,0.20414798795541045,896256,1792512,2300313600,0.004840661557079467,2348236800,0.004941508672851956,9.14018601179123
p07_seed2026082208,selection,23,4,0,2,True,causal_current_input_channel_diagonal,273001.0110309986,8324354.452669079,145970.8893902672,7800,1536,475206451200,95846400,2.091281581670046,0,145970.8893902672,0.7312249464783813,0.13242129934067004,1.0,0,0,0,0.0,95846400,0.0002016942315449778,0.0
p07_seed2026082208,selection,23,4,0,2,True,causal_current_input_channel_diagonal,273001.0110309986,8324354.452669079,145970.8893902672,7800,1536,475206451200,95846400,2.091281581670046,8,50648.503158286214,0.430726091059499,0.07800241076664763,0.3469767384898164,74688,149376,191692800,0.0004033884630899556,287539200,0.0006050826946349334,8.971698116511106
p07_seed2026082208,selection,23,4,0,2,True,causal_current_input_channel_diagonal,273001.0110309986,8324354.452669079,145970.8893902672,7800,1536,475206451200,95846400,2.091281581670046,16,44125.73681514348,0.40203499474112087,0.07280659206231369,0.3022913470064446,149376,298752,383385600,0.0008067769261799112,479232000,0.001008471157724889,8.971698116511106
p07_seed2026082208,selection,23,4,0,2,True,causal_current_input_channel_diagonal,273001.0110309986,8324354.452669079,145970.8893902672,7800,1536,475206451200,95846400,2.091281581670046,32,36724.69103434509,0.36677265382068075,0.06642075275941949,0.2515891432629345,298752,597504,766771200,0.0016135538523598225,862617600,0.0018152480839048004,8.971698116511106
p07_seed2026082208,selection,23,4,0,2,True,causal_current_input_channel_diagonal,273001.0110309986,8324354.452669079,145970.8893902672,7800,1536,475206451200,95846400,2.091281581670046,64,28776.413439437645,0.3246655470923062,0.058795359491176445,0.19713802892548202,597504,1195008,1533542400,0.003227107704719645,1629388800,0.0034288019362646227,8.971698116511106
p07_seed2026082208,selection,23,4,0,2,True,causal_current_input_channel_diagonal,273001.0110309986,8324354.452669079,145970.8893902672,7800,1536,475206451200,95846400,2.091281581670046,96,24172.570622704457,0.29756324843777837,0.05388726435542389,0.1655985703934581,896256,1792512,2300313600,0.004840661557079467,2396160000,0.005042355788624445,8.971698116511106
p07_seed2026082208,selection,23,4,0,3,True,causal_current_input_channel_diagonal,273001.0110309986,8324354.452669079,281983.8919559893,7800,1536,475206451200,143769600,1.9562807865440845,0,281983.8919559893,1.0163189479070045,0.18405044340259968,1.0,0,0,0,0.0,143769600,0.0003025413473174667,0.0
p07_seed2026082208,selection,23,4,0,3,True,causal_current_input_channel_diagonal,273001.0110309986,8324354.452669079,281983.8919559893,7800,1536,475206451200,143769600,1.9562807865440845,8,63336.86228729307,0.4816661700408482,0.08722741256631755,0.22461163250925917,74688,149376,191692800,0.0004033884630899556,335462400,0.0007059298104074224,8.914402220398188
p07_seed2026082208,selection,23,4,0,3,True,causal_current_input_channel_diagonal,273001.0110309986,8324354.452669079,281983.8919559893,7800,1536,475206451200,143769600,1.9562807865440845,16,54454.81989986985,0.44661780758448205,0.08088032372780515,0.19311322907389014,149376,298752,383385600,0.0008067769261799112,527155200,0.001109318273497378,8.914402220398188
p07_seed2026082208,selection,23,4,0,3,True,causal_current_input_channel_diagonal,273001.0110309986,8324354.452669079,281983.8919559893,7800,1536,475206451200,143769600,1.9562807865440845,32,44667.218050883734,0.40449422418739656,0.07325194661459071,0.15840343843602223,298752,597504,766771200,0.0016135538523598225,910540800,0.0019160951996772893,8.914402220398188
p07_seed2026082208,selection,23,4,0,3,True,causal_current_input_channel_diagonal,273001.0110309986,8324354.452669079,281983.8919559893,7800,1536,475206451200,143769600,1.9562807865440845,64,34705.57338898687,0.35654757277274246,0.0645690400617706,0.12307643944708273,597504,1195008,1533542400,0.003227107704719645,1677312000,0.0035296490520371118,8.914402220398188
p07_seed2026082208,selection,23,4,0,3,True,causal_current_input_channel_diagonal,273001.0110309986,8324354.452669079,281983.8919559893,7800,1536,475206451200,143769600,1.9562807865440845,96,29054.01002383075,0.32622775940815335,0.059078268581883454,0.10303428977570703,896256,1792512,2300313600,0.004840661557079467,2444083200,0.0051432029043969344,8.914402220398188
p07_seed2026082208,selection,23,6,0,1,True,causal_current_input_channel_diagonal,255592.7330714142,6769280.356786773,53294.692874898996,7800,1536,475206451200,47923200,2.8397319838404655,0,53294.692874898996,0.4566334594866395,0.08873005103086834,1.0,0,0,0,0.0,47923200,0.0001008471157724889,0.0
p07_seed2026082208,selection,23,6,0,1,True,causal_current_input_channel_diagonal,255592.7330714142,6769280.356786773,53294.692874898996,7800,1536,475206451200,47923200,2.8397319838404655,8,21600.91104912431,0.2907112130384037,0.05648911666951098,0.40531073335128476,74688,149376,191692800,0.0004033884630899556,239616000,0.0005042355788624445,9.180422872304916
p07_seed2026082208,selection,23,6,0,1,True,causal_current_input_channel_diagonal,255592.7330714142,6769280.356786773,53294.692874898996,7800,1536,475206451200,47923200,2.8397319838404655,16,19706.25549287213,0.27766926047131657,0.05395488906796646,0.3697601849875486,149376,298752,383385600,0.0008067769261799112,431308800,0.0009076240419524002,9.180422872304916
p07_seed2026082208,selection,23,6,0,1,True,causal_current_input_channel_diagonal,255592.7330714142,6769280.356786773,53294.692874898996,7800,1536,475206451200,47923200,2.8397319838404655,32,17232.697424847953,0.25965840220232206,0.050455135950631926,0.3233473447023464,298752,597504,766771200,0.0016135538523598225,814694400,0.0017144009681323113,9.180422872304916
p07_seed2026082208,selection,23,6,0,1,True,causal_current_input_channel_diagonal,255592.7330714142,6769280.356786773,53294.692874898996,7800,1536,475206451200,47923200,2.8397319838404655,64,14176.015440492381,0.23550646725754015,0.04576208865936699,0.2659930037727752,597504,1195008,1533542400,0.003227107704719645,1581465600,0.003327954820492134,9.180422872304916
p07_seed2026082208,selection,23,6,0,1,True,causal_current_input_channel_diagonal,255592.7330714142,6769280.356786773,53294.692874898996,7800,1536,475206451200,47923200,2.8397319838404655,96,12270.42314183888,0.2191066297969059,0.04257537865257958,0.23023724281068733,896256,1792512,2300313600,0.004840661557079467,2348236800,0.004941508672851956,9.180422872304916
p07_seed2026082208,selection,23,6,0,2,True,causal_current_input_channel_diagonal,255592.7330714142,6769280.356786773,127301.9874231664,7800,1536,475206451200,95846400,2.5889556854963303,0,127301.9874231664,0.7057377377089764,0.13713437808899595,1.0,0,0,0,0.0,95846400,0.0002016942315449778,0.0
p07_seed2026082208,selection,23,6,0,2,True,causal_current_input_channel_diagonal,255592.7330714142,6769280.356786773,127301.9874231664,7800,1536,475206451200,95846400,2.5889556854963303,8,46669.86139133724,0.42731093291202277,0.08303228792291574,0.3666074848022947,74688,149376,191692800,0.0004033884630899556,287539200,0.0006050826946349334,8.963751140981913
p07_seed2026082208,selection,23,6,0,2,True,causal_current_input_channel_diagonal,255592.7330714142,6769280.356786773,127301.9874231664,7800,1536,475206451200,95846400,2.5889556854963303,16,42111.63602487405,0.4059072477496579,0.07887326269765005,0.33080108883405496,149376,298752,383385600,0.0008067769261799112,479232000,0.001008471157724889,8.963751140981913
p07_seed2026082208,selection,23,6,0,2,True,causal_current_input_channel_diagonal,255592.7330714142,6769280.356786773,127301.9874231664,7800,1536,475206451200,95846400,2.5889556854963303,32,36378.596401426665,0.37726691290758424,0.07330805866083832,0.2857661310697692,298752,597504,766771200,0.0016135538523598225,862617600,0.0018152480839048004,8.963751140981913
p07_seed2026082208,selection,23,6,0,2,True,causal_current_input_channel_diagonal,255592.7330714142,6769280.356786773,127301.9874231664,7800,1536,475206451200,95846400,2.5889556854963303,64,29646.2162122265,0.34057313324918653,0.06617796148121995,0.23288101647301576,597504,1195008,1533542400,0.003227107704719645,1629388800,0.0034288019362646227,8.963751140981913
p07_seed2026082208,selection,23,6,0,2,True,causal_current_input_channel_diagonal,255592.7330714142,6769280.356786773,127301.9874231664,7800,1536,475206451200,95846400,2.5889556854963303,96,25495.382169807548,0.3158322775889691,0.06137047893767964,0.20027481660961927,896256,1792512,2300313600,0.004840661557079467,2396160000,0.005042355788624445,8.963751140981913
p07_seed2026082208,selection,23,6,0,3,True,causal_current_input_channel_diagonal,255592.7330714142,6769280.356786773,197827.98439044895,7800,1536,475206451200,143769600,2.5037461891770363,0,197827.98439044895,0.8797709390552303,0.17095138057908682,1.0,0,0,0,0.0,143769600,0.0003025413473174667,0.0
p07_seed2026082208,selection,23,6,0,3,True,causal_current_input_channel_diagonal,255592.7330714142,6769280.356786773,197827.98439044895,7800,1536,475206451200,143769600,2.5037461891770363,8,66211.97952407747,0.5089721685841627,0.09890016938867319,0.33469470898776577,74688,149376,191692800,0.0004033884630899556,335462400,0.0007059298104074224,9.066478814929724
p07_seed2026082208,selection,23,6,0,3,True,causal_current_input_channel_diagonal,255592.7330714142,6769280.356786773,197827.98439044895,7800,1536,475206451200,143769600,2.5037461891770363,16,58727.56779780172,0.4793434049262358,0.09314290027767778,0.2968617817338757,149376,298752,383385600,0.0008067769261799112,527155200,0.001109318273497378,9.066478814929724
p07_seed2026082208,selection,23,6,0,3,True,causal_current_input_channel_diagonal,255592.7330714142,6769280.356786773,197827.98439044895,7800,1536,475206451200,143769600,2.5037461891770363,32,50266.765096849966,0.44347201343699044,0.08617260423111284,0.2540932990793404,298752,597504,766771200,0.0016135538523598225,910540800,0.0019160951996772893,9.066478814929724
p07_seed2026082208,selection,23,6,0,3,True,causal_current_input_channel_diagonal,255592.7330714142,6769280.356786773,197827.98439044895,7800,1536,475206451200,143769600,2.5037461891770363,64,40522.484095093125,0.3981748079524397,0.07737074516734989,0.20483696634891582,597504,1195008,1533542400,0.003227107704719645,1677312000,0.0035296490520371118,9.066478814929724
p07_seed2026082208,selection,23,6,0,3,True,causal_current_input_channel_diagonal,255592.7330714142,6769280.356786773,197827.98439044895,7800,1536,475206451200,143769600,2.5037461891770363,96,34499.967489425035,0.367396565352793,0.07139011676666869,0.17439376774351734,896256,1792512,2300313600,0.004840661557079467,2444083200,0.0051432029043969344,9.066478814929724
p07_seed2026082208,selection,23,4,1,1,True,causal_current_input_channel_diagonal,229840.67148934354,7154184.398229892,88109.14765241154,7800,1536,475206451200,47923200,2.416025847196579,0,88109.14765241154,0.6191516848889702,0.11097634955580739,1.0,0,0,0,0.0,47923200,0.0001008471157724889,0.0
p07_seed2026082208,selection,23,4,1,1,True,causal_current_input_channel_diagonal,229840.67148934354,7154184.398229892,88109.14765241154,7800,1536,475206451200,47923200,2.416025847196579,8,29796.085323475643,0.36005277604204916,0.06453562787242784,0.33817243902302846,74688,149376,191692800,0.0004033884630899556,239616000,0.0005042355788624445,9.523129090666771
p07_seed2026082208,selection,23,4,1,1,True,causal_current_input_channel_diagonal,229840.67148934354,7154184.398229892,88109.14765241154,7800,1536,475206451200,47923200,2.416025847196579,16,25960.668612259382,0.336081414060945,0.06023901637726432,0.2946421493953577,149376,298752,383385600,0.0008067769261799112,431308800,0.0009076240419524002,9.523129090666771
p07_seed2026082208,selection,23,4,1,1,True,causal_current_input_channel_diagonal,229840.67148934354,7154184.398229892,88109.14765241154,7800,1536,475206451200,47923200,2.416025847196579,32,21842.125203813208,0.30827194689690596,0.05525446537905364,0.2478984965115635,298752,597504,766771200,0.0016135538523598225,814694400,0.0017144009681323113,9.523129090666771
p07_seed2026082208,selection,23,4,1,1,True,causal_current_input_channel_diagonal,229840.67148934354,7154184.398229892,88109.14765241154,7800,1536,475206451200,47923200,2.416025847196579,64,17277.59979872001,0.27417526014353155,0.04914299718767514,0.1960931444841017,597504,1195008,1533542400,0.003227107704719645,1581465600,0.003327954820492134,9.523129090666771
p07_seed2026082208,selection,23,4,1,1,True,causal_current_input_channel_diagonal,229840.67148934354,7154184.398229892,88109.14765241154,7800,1536,475206451200,47923200,2.416025847196579,96,14610.703746676998,0.2521286082667257,0.045191369492994224,0.16582504943908893,896256,1792512,2300313600,0.004840661557079467,2348236800,0.004941508672851956,9.523129090666771
p07_seed2026082208,selection,23,4,1,2,True,causal_current_input_channel_diagonal,229840.67148934354,7154184.398229892,143344.3021835765,7800,1536,475206451200,95846400,2.1393350325524807,0,143344.3021835765,0.7897266183503524,0.14155009085906095,1.0,0,0,0,0.0,95846400,0.0002016942315449778,0.0
p07_seed2026082208,selection,23,4,1,2,True,causal_current_input_channel_diagonal,229840.67148934354,7154184.398229892,143344.3021835765,7800,1536,475206451200,95846400,2.1393350325524807,8,45235.87831330755,0.4436373195879371,0.07951726766829544,0.31557500069426614,74688,149376,191692800,0.0004033884630899556,287539200,0.0006050826946349334,9.098597336560488
p07_seed2026082208,selection,23,4,1,2,True,causal_current_input_channel_diagonal,229840.67148934354,7154184.398229892,143344.3021835765,7800,1536,475206451200,95846400,2.1393350325524807,16,38711.78184255882,0.41040074448935715,0.07355996533641324,0.2700615316282678,149376,298752,383385600,0.0008067769261799112,479232000,0.001008471157724889,9.098597336560488
p07_seed2026082208,selection,23,4,1,2,True,causal_current_input_channel_diagonal,229840.67148934354,7154184.398229892,143344.3021835765,7800,1536,475206451200,95846400,2.1393350325524807,32,31921.147728122887,0.3726711796840448,0.0667973424208773,0.22268863990423976,298752,597504,766771200,0.0016135538523598225,862617600,0.0018152480839048004,9.098597336560488
p07_seed2026082208,selection,23,4,1,2,True,causal_current_input_channel_diagonal,229840.67148934354,7154184.398229892,143344.3021835765,7800,1536,475206451200,95846400,2.1393350325524807,64,24905.492318550634,0.32918051824562455,0.059002104252271,0.17374595230099743,597504,1195008,1533542400,0.003227107704719645,1629388800,0.0034288019362646227,9.098597336560488
p07_seed2026082208,selection,23,4,1,2,True,causal_current_input_channel_diagonal,229840.67148934354,7154184.398229892,143344.3021835765,7800,1536,475206451200,95846400,2.1393350325524807,96,20848.059499176292,0.30117531830752364,0.0539824702375977,0.14544044763227698,896256,1792512,2300313600,0.004840661557079467,2396160000,0.005042355788624445,9.098597336560488
p07_seed2026082208,selection,23,4,1,3,True,causal_current_input_channel_diagonal,229840.67148934354,7154184.398229892,245662.8869353335,7800,1536,475206451200,143769600,2.073272131383419,0,245662.8869353335,1.0338471496000396,0.18530609778097204,1.0,0,0,0,0.0,143769600,0.0003025413473174667,0.0
p07_seed2026082208,selection,23,4,1,3,True,causal_current_input_channel_diagonal,229840.67148934354,7154184.398229892,245662.8869353335,7800,1536,475206451200,143769600,2.073272131383419,8,57306.621270712436,0.4993314963981375,0.08949985607879149,0.23327341779923205,74688,149376,191692800,0.0004033884630899556,335462400,0.0007059298104074224,9.013880975544453
p07_seed2026082208,selection,23,4,1,3,True,causal_current_input_channel_diagonal,229840.67148934354,7154184.398229892,245662.8869353335,7800,1536,475206451200,143769600,2.073272131383419,16,48479.51841725796,0.45926749353997454,0.08231880998894733,0.19734164575907806,149376,298752,383385600,0.0008067769261799112,527155200,0.001109318273497378,9.013880975544453
p07_seed2026082208,selection,23,4,1,3,True,causal_current_input_channel_diagonal,229840.67148934354,7154184.398229892,245662.8869353335,7800,1536,475206451200,143769600,2.073272131383419,32,39611.98343967876,0.4151450400096204,0.074410329812361,0.1612452899487712,298752,597504,766771200,0.0016135538523598225,910540800,0.0019160951996772893,9.013880975544453
p07_seed2026082208,selection,23,4,1,3,True,causal_current_input_channel_diagonal,229840.67148934354,7154184.398229892,245662.8869353335,7800,1536,475206451200,143769600,2.073272131383419,64,30756.351516362396,0.3658086469070445,0.06556730646218466,0.12519738693656288,597504,1195008,1533542400,0.003227107704719645,1677312000,0.0035296490520371118,9.013880975544453
p07_seed2026082208,selection,23,4,1,3,True,causal_current_input_channel_diagonal,229840.67148934354,7154184.398229892,245662.8869353335,7800,1536,475206451200,143769600,2.073272131383419,96,25646.414690637874,0.3340410877830409,0.059873309608227294,0.10439678132340109,896256,1792512,2300313600,0.004840661557079467,2444083200,0.0051432029043969344,9.013880975544453
p07_seed2026082208,selection,23,6,1,1,True,causal_current_input_channel_diagonal,253518.7562686558,6501189.020520851,65954.17258419257,7800,1536,475206451200,47923200,2.9014828614890575,0,65954.17258419257,0.5100539208339705,0.10072209294149004,1.0,0,0,0,0.0,47923200,0.0001008471157724889,0.0
p07_seed2026082208,selection,23,6,1,1,True,causal_current_input_channel_diagonal,253518.7562686558,6501189.020520851,65954.17258419257,7800,1536,475206451200,47923200,2.9014828614890575,8,28188.91044876389,0.33345259164893754,0.06584802421032211,0.42740147203075884,74688,149376,191692800,0.0004033884630899556,239616000,0.0005042355788624445,9.212419856339693
p07_seed2026082208,selection,23,6,1,1,True,causal_current_input_channel_diagonal,253518.7562686558,6501189.020520851,65954.17258419257,7800,1536,475206451200,47923200,2.9014828614890575,16,25375.8601937051,0.3163773169429516,0.062476111289575004,0.3847498831339858,149376,298752,383385600,0.0008067769261799112,431308800,0.0009076240419524002,9.212419856339693
p07_seed2026082208,selection,23,6,1,1,True,causal_current_input_channel_diagonal,253518.7562686558,6501189.020520851,65954.17258419257,7800,1536,475206451200,47923200,2.9014828614890575,32,21899.67452393486,0.2939096072169618,0.058039335774736446,0.33204380657198157,298752,597504,766771200,0.0016135538523598225,814694400,0.0017144009681323113,9.212419856339693
p07_seed2026082208,selection,23,6,1,1,True,causal_current_input_channel_diagonal,253518.7562686558,6501189.020520851,65954.17258419257,7800,1536,475206451200,47923200,2.9014828614890575,64,17833.15504017973,0.2652216941489072,0.05237423542296687,0.2703870633446136,597504,1195008,1533542400,0.003227107704719645,1581465600,0.003327954820492134,9.212419856339693
p07_seed2026082208,selection,23,6,1,1,True,causal_current_input_channel_diagonal,253518.7562686558,6501189.020520851,65954.17258419257,7800,1536,475206451200,47923200,2.9014828614890575,96,15321.315452659837,0.24583458401793515,0.04854579645069926,0.23230244353774157,896256,1792512,2300313600,0.004840661557079467,2348236800,0.004941508672851956,9.212419856339693
p07_seed2026082208,selection,23,6,1,2,True,causal_current_input_channel_diagonal,253518.7562686558,6501189.020520851,126094.030631587,7800,1536,475206451200,95846400,2.600079867988825,0,126094.030631587,0.7052485726322709,0.13926784870779052,1.0,0,0,0,0.0,95846400,0.0002016942315449778,0.0
p07_seed2026082208,selection,23,6,1,2,True,causal_current_input_channel_diagonal,253518.7562686558,6501189.020520851,126094.030631587,7800,1536,475206451200,95846400,2.600079867988825,8,52917.04252420463,0.45687009760578584,0.09021970139548582,0.4196633440350047,74688,149376,191692800,0.0004033884630899556,287539200,0.0006050826946349334,9.038941003382206
p07_seed2026082208,selection,23,6,1,2,True,causal_current_input_channel_diagonal,253518.7562686558,6501189.020520851,126094.030631587,7800,1536,475206451200,95846400,2.600079867988825,16,47133.034935472664,0.4311790534808842,0.08514640300797165,0.37379275394107003,149376,298752,383385600,0.0008067769261799112,479232000,0.001008471157724889,9.038941003382206
p07_seed2026082208,selection,23,6,1,2,True,causal_current_input_channel_diagonal,253518.7562686558,6501189.020520851,126094.030631587,7800,1536,475206451200,95846400,2.600079867988825,32,40266.10454995495,0.39853343333419555,0.07869976069774091,0.3193339476401738,298752,597504,766771200,0.0016135538523598225,862617600,0.0018152480839048004,9.038941003382206
p07_seed2026082208,selection,23,6,1,2,True,causal_current_input_channel_diagonal,253518.7562686558,6501189.020520851,126094.030631587,7800,1536,475206451200,95846400,2.600079867988825,64,32542.545955786918,0.3582784738676087,0.0707504761159853,0.25808157462638975,597504,1195008,1533542400,0.003227107704719645,1629388800,0.0034288019362646227,9.038941003382206
p07_seed2026082208,selection,23,6,1,2,True,causal_current_input_channel_diagonal,253518.7562686558,6501189.020520851,126094.030631587,7800,1536,475206451200,95846400,2.600079867988825,96,27806.06727020454,0.3311804841904439,0.06539934337627762,0.2205185062966957,896256,1792512,2300313600,0.004840661557079467,2396160000,0.005042355788624445,9.038941003382206
p07_seed2026082208,selection,23,6,1,3,True,causal_current_input_channel_diagonal,253518.7562686558,6501189.020520851,180532.3139178661,7800,1536,475206451200,143769600,2.506597898900509,0,180532.3139178661,0.843863935160861,0.1666406986309807,1.0,0,0,0,0.0,143769600,0.0003025413473174667,0.0
p07_seed2026082208,selection,23,6,1,3,True,causal_current_input_channel_diagonal,253518.7562686558,6501189.020520851,180532.3139178661,7800,1536,475206451200,143769600,2.506597898900509,8,68327.94123756546,0.5191515080249568,0.1025186246122898,0.378480394004521,74688,149376,191692800,0.0004033884630899556,335462400,0.0007059298104074224,8.994650095701218
p07_seed2026082208,selection,23,6,1,3,True,causal_current_input_channel_diagonal,253518.7562686558,6501189.020520851,180532.3139178661,7800,1536,475206451200,143769600,2.506597898900509,16,60043.665844189294,0.4866632497861936,0.09610305709644472,0.3325923464775868,149376,298752,383385600,0.0008067769261799112,527155200,0.001109318273497378,8.994650095701218
p07_seed2026082208,selection,23,6,1,3,True,causal_current_input_channel_diagonal,253518.7562686558,6501189.020520851,180532.3139178661,7800,1536,475206451200,143769600,2.506597898900509,32,50786.31030432487,0.44757753812428325,0.08838466787936293,0.281314238156045,298752,597504,766771200,0.0016135538523598225,910540800,0.0019160951996772893,8.994650095701218
p07_seed2026082208,selection,23,6,1,3,True,causal_current_input_channel_diagonal,253518.7562686558,6501189.020520851,180532.3139178661,7800,1536,475206451200,143769600,2.506597898900509,64,40621.64197949556,0.4002890308724553,0.07904644455055264,0.2250103659358823,597504,1195008,1533542400,0.003227107704719645,1677312000,0.0035296490520371118,8.994650095701218
p07_seed2026082208,selection,23,6,1,3,True,causal_current_input_channel_diagonal,253518.7562686558,6501189.020520851,180532.3139178661,7800,1536,475206451200,143769600,2.506597898900509,96,34393.04911111589,0.3683242321346601,0.07273424637342649,0.19050910275978605,896256,1792512,2300313600,0.004840661557079467,2444083200,0.0051432029043969344,8.994650095701218
p07_seed2026082208,selection,24,4,0,1,True,causal_current_input_channel_diagonal,1126612.6526900884,4620339.52376204,70821.00371431952,7800,1536,475206451200,47923200,2.3263059556484222,0,70821.00371431952,0.25072274073860945,0.12380668447867223,1.0,0,0,0,0.0,47923200,0.0001008471157724889,0.0
p07_seed2026082208,selection,24,4,0,1,True,causal_current_input_channel_diagonal,1126612.6526900884,4620339.52376204,70821.00371431952,7800,1536,475206451200,47923200,2.3263059556484222,8,23016.9410456096,0.14293431032345322,0.0705808456275674,0.3250016214963896,74688,149376,191692800,0.0004033884630899556,239616000,0.0005042355788624445,9.496136102825403
p07_seed2026082208,selection,24,4,0,1,True,causal_current_input_channel_diagonal,1126612.6526900884,4620339.52376204,70821.00371431952,7800,1536,475206451200,47923200,2.3263059556484222,16,20236.277455375814,0.13402258814744633,0.06618024449997863,0.2857383599764869,149376,298752,383385600,0.0008067769261799112,431308800,0.0009076240419524002,9.496136102825403
p07_seed2026082208,selection,24,4,0,1,True,causal_current_input_channel_diagonal,1126612.6526900884,4620339.52376204,70821.00371431952,7800,1536,475206451200,47923200,2.3263059556484222,32,17002.986463927053,0.12285003720791887,0.06066324797657967,0.24008395208152652,298752,597504,766771200,0.0016135538523598225,814694400,0.0017144009681323113,9.496136102825403
p07_seed2026082208,selection,24,4,0,1,True,causal_current_input_channel_diagonal,1126612.6526900884,4620339.52376204,70821.00371431952,7800,1536,475206451200,47923200,2.3263059556484222,64,13341.644569552307,0.10882216731080147,0.05373629728537404,0.18838542054484206,597504,1195008,1533542400,0.003227107704719645,1581465600,0.003327954820492134,9.496136102825403
p07_seed2026082208,selection,24,4,0,1,True,causal_current_input_channel_diagonal,1126612.6526900884,4620339.52376204,70821.00371431952,7800,1536,475206451200,47923200,2.3263059556484222,96,11237.925204912543,0.09987476178080024,0.049318075746744364,0.15868068248575518,896256,1792512,2300313600,0.004840661557079467,2348236800,0.004941508672851956,9.496136102825403
p07_seed2026082208,selection,24,4,0,2,True,causal_current_input_channel_diagonal,1126612.6526900884,4620339.52376204,128276.34808727457,7800,1536,475206451200,95846400,2.2110012359917164,0,128276.34808727457,0.33743177894294657,0.16662353668277857,1.0,0,0,0,0.0,95846400,0.0002016942315449778,0.0
p07_seed2026082208,selection,24,4,0,2,True,causal_current_input_channel_diagonal,1126612.6526900884,4620339.52376204,128276.34808727457,7800,1536,475206451200,95846400,2.2110012359917164,8,37428.50081024972,0.18226945867577665,0.09000450973809591,0.29178021802868476,74688,149376,191692800,0.0004033884630899556,287539200,0.0006050826946349334,9.233103133738041
p07_seed2026082208,selection,24,4,0,2,True,causal_current_input_channel_diagonal,1126612.6526900884,4620339.52376204,128276.34808727457,7800,1536,475206451200,95846400,2.2110012359917164,16,32247.60714168122,0.16918483610344381,0.08354333380501923,0.25139168385089106,149376,298752,383385600,0.0008067769261799112,479232000,0.001008471157724889,9.233103133738041
p07_seed2026082208,selection,24,4,0,2,True,causal_current_input_channel_diagonal,1126612.6526900884,4620339.52376204,128276.34808727457,7800,1536,475206451200,95846400,2.2110012359917164,32,26497.43408656119,0.15336088217611066,0.07572947828750616,0.20656523578578093,298752,597504,766771200,0.0016135538523598225,862617600,0.0018152480839048004,9.233103133738041
p07_seed2026082208,selection,24,4,0,2,True,causal_current_input_channel_diagonal,1126612.6526900884,4620339.52376204,128276.34808727457,7800,1536,475206451200,95846400,2.2110012359917164,64,20451.756583305003,0.13473424570980594,0.06653166042268417,0.15943513274013252,597504,1195008,1533542400,0.003227107704719645,1629388800,0.0034288019362646227,9.233103133738041
p07_seed2026082208,selection,24,4,0,2,True,causal_current_input_channel_diagonal,1126612.6526900884,4620339.52376204,128276.34808727457,7800,1536,475206451200,95846400,2.2110012359917164,96,17075.1195921615,0.12311034967909225,0.06079179006211001,0.13311198711176772,896256,1792512,2300313600,0.004840661557079467,2396160000,0.005042355788624445,9.233103133738041
p07_seed2026082208,selection,24,4,0,3,True,causal_current_input_channel_diagonal,1126612.6526900884,4620339.52376204,212907.22957148397,7800,1536,475206451200,143769600,2.0572571083903313,0,212907.22957148397,0.43471826944037256,0.2146635261850047,1.0,0,0,0,0.0,143769600,0.0003025413473174667,0.0
p07_seed2026082208,selection,24,4,0,3,True,causal_current_input_channel_diagonal,1126612.6526900884,4620339.52376204,212907.22957148397,7800,1536,475206451200,143769600,2.0572571083903313,8,46481.681806354725,0.2031204287097337,0.10030070170083334,0.2183189454157375,74688,149376,191692800,0.0004033884630899556,335462400,0.0007059298104074224,9.140972048044205
p07_seed2026082208,selection,24,4,0,3,True,causal_current_input_channel_diagonal,1126612.6526900884,4620339.52376204,212907.22957148397,7800,1536,475206451200,143769600,2.0572571083903313,16,39434.63738537248,0.1870904474513704,0.09238511005562923,0.18521981374713326,149376,298752,383385600,0.0008067769261799112,527155200,0.001109318273497378,9.140972048044205
p07_seed2026082208,selection,24,4,0,3,True,causal_current_input_channel_diagonal,1126612.6526900884,4620339.52376204,212907.22957148397,7800,1536,475206451200,143769600,2.0572571083903313,32,32037.88126495207,0.16863378254340555,0.08327122400740965,0.15047812771186567,298752,597504,766771200,0.0016135538523598225,910540800,0.0019160951996772893,9.140972048044205
p07_seed2026082208,selection,24,4,0,3,True,causal_current_input_channel_diagonal,1126612.6526900884,4620339.52376204,212907.22957148397,7800,1536,475206451200,143769600,2.0572571083903313,64,24527.839155557536,0.14755105959348205,0.07286059264416332,0.11520435082527634,597504,1195008,1533542400,0.003227107704719645,1677312000,0.0035296490520371118,9.140972048044205
p07_seed2026082208,selection,24,4,0,3,True,causal_current_input_channel_diagonal,1126612.6526900884,4620339.52376204,212907.22957148397,7800,1536,475206451200,143769600,2.0572571083903313,96,20366.694706938055,0.134453763950544,0.06639315875917862,0.09565994897833292,896256,1792512,2300313600,0.004840661557079467,2444083200,0.0051432029043969344,9.140972048044205
p07_seed2026082208,selection,24,6,0,1,True,causal_current_input_channel_diagonal,897338.9306800002,4002561.0719672805,39979.78165831888,7800,1536,475206451200,47923200,2.8851283714175224,0,39979.78165831888,0.21107750598217612,0.09994273393142679,1.0,0,0,0,0.0,47923200,0.0001008471157724889,0.0
p07_seed2026082208,selection,24,6,0,1,True,causal_current_input_channel_diagonal,897338.9306800002,4002561.0719672805,39979.78165831888,7800,1536,475206451200,47923200,2.8851283714175224,8,16425.80346841793,0.13529603092171563,0.06406109053386738,0.4108527555945543,74688,149376,191692800,0.0004033884630899556,239616000,0.0005042355788624445,9.180981200188398
p07_seed2026082208,selection,24,6,0,1,True,causal_current_input_channel_diagonal,897338.9306800002,4002561.0719672805,39979.78165831888,7800,1536,475206451200,47923200,2.8851283714175224,16,15007.386663845726,0.1293225564595063,0.061232720139566946,0.37537440265671523,149376,298752,383385600,0.0008067769261799112,431308800,0.0009076240419524002,9.180981200188398
p07_seed2026082208,selection,24,6,0,1,True,causal_current_input_channel_diagonal,897338.9306800002,4002561.0719672805,39979.78165831888,7800,1536,475206451200,47923200,2.8851283714175224,32,13042.681427754855,0.12056054106343748,0.057084008180148985,0.32623193229104913,298752,597504,766771200,0.0016135538523598225,814694400,0.0017144009681323113,9.180981200188398
p07_seed2026082208,selection,24,6,0,1,True,causal_current_input_channel_diagonal,897338.9306800002,4002561.0719672805,39979.78165831888,7800,1536,475206451200,47923200,2.8851283714175224,64,10667.000136566036,0.10902921755666296,0.051624061172758764,0.2668098646414497,597504,1195008,1533542400,0.003227107704719645,1581465600,0.003327954820492134,9.180981200188398
p07_seed2026082208,selection,24,6,0,1,True,causal_current_input_channel_diagonal,897338.9306800002,4002561.0719672805,39979.78165831888,7800,1536,475206451200,47923200,2.8851283714175224,96,9204.703579221696,0.10128068938274801,0.0479552235766241,0.2302339631194027,896256,1792512,2300313600,0.004840661557079467,2348236800,0.004941508672851956,9.180981200188398
p07_seed2026082208,selection,24,6,0,2,True,causal_current_input_channel_diagonal,897338.9306800002,4002561.0719672805,83397.426469378,7800,1536,475206451200,95846400,2.6121390983462334,0,83397.426469378,0.3048583323701793,0.14434685997011984,1.0,0,0,0,0.0,95846400,0.0002016942315449778,0.0
p07_seed2026082208,selection,24,6,0,2,True,causal_current_input_channel_diagonal,897338.9306800002,4002561.0719672805,83397.426469378,7800,1536,475206451200,95846400,2.6121390983462334,8,36016.84780201978,0.20034319497217332,0.09486016303303611,0.43187001458818913,74688,149376,191692800,0.0004033884630899556,287539200,0.0006050826946349334,9.290982037782669
p07_seed2026082208,selection,24,6,0,2,True,causal_current_input_channel_diagonal,897338.9306800002,4002561.0719672805,83397.426469378,7800,1536,475206451200,95846400,2.6121390983462334,16,32555.04186746503,0.19047188253585823,0.09018621188042049,0.39036026926911654,149376,298752,383385600,0.0008067769261799112,479232000,0.001008471157724889,9.290982037782669
p07_seed2026082208,selection,24,6,0,2,True,causal_current_input_channel_diagonal,897338.9306800002,4002561.0719672805,83397.426469378,7800,1536,475206451200,95846400,2.6121390983462334,32,28039.429740700332,0.17676909296405405,0.08369810105155367,0.33621456818555,298752,597504,766771200,0.0016135538523598225,862617600,0.0018152480839048004,9.290982037782669
p07_seed2026082208,selection,24,6,0,2,True,causal_current_input_channel_diagonal,897338.9306800002,4002561.0719672805,83397.426469378,7800,1536,475206451200,95846400,2.6121390983462334,64,22668.996843376546,0.15894171546812802,0.07525704601122696,0.2718189012892913,597504,1195008,1533542400,0.003227107704719645,1629388800,0.0034288019362646227,9.290982037782669
p07_seed2026082208,selection,24,6,0,2,True,causal_current_input_channel_diagonal,897338.9306800002,4002561.0719672805,83397.426469378,7800,1536,475206451200,95846400,2.6121390983462334,96,19426.81507520312,0.14713722063816984,0.0696677555726473,0.23294262052159745,896256,1792512,2300313600,0.004840661557079467,2396160000,0.005042355788624445,9.290982037782669
p07_seed2026082208,selection,24,6,0,3,True,causal_current_input_channel_diagonal,897338.9306800002,4002561.0719672805,149050.69838379964,7800,1536,475206451200,143769600,2.5271805934607983,0,149050.69838379964,0.40755737157233934,0.19297365562148294,1.0,0,0,0,0.0,143769600,0.0003025413473174667,0.0
p07_seed2026082208,selection,24,6,0,3,True,causal_current_input_channel_diagonal,897338.9306800002,4002561.0719672805,149050.69838379964,7800,1536,475206451200,143769600,2.5271805934607983,8,52091.17718351584,0.24093718451040158,0.11408094298661799,0.34948630078117093,74688,149376,191692800,0.0004033884630899556,335462400,0.0007059298104074224,9.10667609423399
p07_seed2026082208,selection,24,6,0,3,True,causal_current_input_channel_diagonal,897338.9306800002,4002561.0719672805,149050.69838379964,7800,1536,475206451200,143769600,2.5271805934607983,16,46120.62704504645,0.22670930558654587,0.10734420848201597,0.3094291242237848,149376,298752,383385600,0.0008067769261799112,527155200,0.001109318273497378,9.10667609423399
p07_seed2026082208,selection,24,6,0,3,True,causal_current_input_channel_diagonal,897338.9306800002,4002561.0719672805,149050.69838379964,7800,1536,475206451200,143769600,2.5271805934607983,32,39242.548804498074,0.20912230087740266,0.0990169671489434,0.2632832267658677,298752,597504,766771200,0.0016135538523598225,910540800,0.0019160951996772893,9.10667609423399
p07_seed2026082208,selection,24,6,0,3,True,causal_current_input_channel_diagonal,897338.9306800002,4002561.0719672805,149050.69838379964,7800,1536,475206451200,143769600,2.5271805934607983,64,31291.67401082524,0.18673947938227115,0.08841896257752568,0.20993980145171878,597504,1195008,1533542400,0.003227107704719645,1677312000,0.0035296490520371118,9.10667609423399
p07_seed2026082208,selection,24,6,0,3,True,causal_current_input_channel_diagonal,897338.9306800002,4002561.0719672805,149050.69838379964,7800,1536,475206451200,143769600,2.5271805934607983,96,26572.088931572653,0.17208166271593445,0.08147865757305484,0.17827550780830395,896256,1792512,2300313600,0.004840661557079467,2444083200,0.0051432029043969344,9.10667609423399
p07_seed2026082208,selection,24,4,1,1,True,causal_current_input_channel_diagonal,942965.6083665688,4252108.483661123,76355.29485896585,7800,1536,475206451200,47923200,2.418327145278454,0,76355.29485896585,0.284558558742435,0.1340038917145228,1.0,0,0,0,0.0,47923200,0.0001008471157724889,0.0
p07_seed2026082208,selection,24,4,1,1,True,causal_current_input_channel_diagonal,942965.6083665688,4252108.483661123,76355.29485896585,7800,1536,475206451200,47923200,2.418327145278454,8,22053.56641231489,0.15292957765334014,0.07201736842628251,0.28882825285052105,74688,149376,191692800,0.0004033884630899556,239616000,0.0005042355788624445,9.660337585955858
p07_seed2026082208,selection,24,4,1,1,True,causal_current_input_channel_diagonal,942965.6083665688,4252108.483661123,76355.29485896585,7800,1536,475206451200,47923200,2.418327145278454,16,18943.977726978497,0.14173844389128865,0.06674725642037345,0.24810300006020902,149376,298752,383385600,0.0008067769261799112,431308800,0.0009076240419524002,9.660337585955858
p07_seed2026082208,selection,24,4,1,1,True,causal_current_input_channel_diagonal,942965.6083665688,4252108.483661123,76355.29485896585,7800,1536,475206451200,47923200,2.418327145278454,32,15644.172694549576,0.1288037104571549,0.060656051059607065,0.2048865467916077,298752,597504,766771200,0.0016135538523598225,814694400,0.0017144009681323113,9.660337585955858
p07_seed2026082208,selection,24,4,1,1,True,causal_current_input_channel_diagonal,942965.6083665688,4252108.483661123,76355.29485896585,7800,1536,475206451200,47923200,2.418327145278454,64,12248.93106168267,0.11397278703492501,0.053671894740141904,0.16042019198567026,597504,1195008,1533542400,0.003227107704719645,1581465600,0.003327954820492134,9.660337585955858
p07_seed2026082208,selection,24,4,1,1,True,causal_current_input_channel_diagonal,942965.6083665688,4252108.483661123,76355.29485896585,7800,1536,475206451200,47923200,2.418327145278454,96,10265.89974901409,0.10433994000484641,0.04913560879595561,0.13444908787136656,896256,1792512,2300313600,0.004840661557079467,2348236800,0.004941508672851956,9.660337585955858
p07_seed2026082208,selection,24,4,1,2,True,causal_current_input_channel_diagonal,942965.6083665688,4252108.483661123,168285.72342113717,7800,1536,475206451200,95846400,2.144203055649996,0,168285.72342113717,0.42245038499757714,0.1989397046996351,1.0,0,0,0,0.0,95846400,0.0002016942315449778,0.0
p07_seed2026082208,selection,24,4,1,2,True,causal_current_input_channel_diagonal,942965.6083665688,4252108.483661123,168285.72342113717,7800,1536,475206451200,95846400,2.144203055649996,8,34672.34807653449,0.19175367682410657,0.09030035525396861,0.20603261742279336,74688,149376,191692800,0.0004033884630899556,287539200,0.0006050826946349334,9.54836094751954
p07_seed2026082208,selection,24,4,1,2,True,causal_current_input_channel_diagonal,942965.6083665688,4252108.483661123,168285.72342113717,7800,1536,475206451200,95846400,2.144203055649996,16,28948.21709803419,0.17521165171327158,0.08251040948151456,0.17201825862113276,149376,298752,383385600,0.0008067769261799112,479232000,0.001008471157724889,9.54836094751954
p07_seed2026082208,selection,24,4,1,2,True,causal_current_input_channel_diagonal,942965.6083665688,4252108.483661123,168285.72342113717,7800,1536,475206451200,95846400,2.144203055649996,32,23576.424192206294,0.1581215422629604,0.0744623606500551,0.14009758944124673,298752,597504,766771200,0.0016135538523598225,862617600,0.0018152480839048004,9.54836094751954
p07_seed2026082208,selection,24,4,1,2,True,causal_current_input_channel_diagonal,942965.6083665688,4252108.483661123,168285.72342113717,7800,1536,475206451200,95846400,2.144203055649996,64,18120.244874671364,0.138622620500261,0.06527995752014683,0.10767547302044875,597504,1195008,1533542400,0.003227107704719645,1629388800,0.0034288019362646227,9.54836094751954
p07_seed2026082208,selection,24,4,1,2,True,causal_current_input_channel_diagonal,942965.6083665688,4252108.483661123,168285.72342113717,7800,1536,475206451200,95846400,2.144203055649996,96,15075.779636140913,0.12644217669490376,0.059543961105414794,0.0895844242007222,896256,1792512,2300313600,0.004840661557079467,2396160000,0.005042355788624445,9.54836094751954
p07_seed2026082208,selection,24,4,1,3,True,causal_current_input_channel_diagonal,942965.6083665688,4252108.483661123,236204.4765949128,7800,1536,475206451200,143769600,2.1553300321102142,0,236204.4765949128,0.5004908422048119,0.23569040031450791,1.0,0,0,0,0.0,143769600,0.0003025413473174667,0.0
p07_seed2026082208,selection,24,4,1,3,True,causal_current_input_channel_diagonal,942965.6083665688,4252108.483661123,236204.4765949128,7800,1536,475206451200,143769600,2.1553300321102142,8,45273.19419375429,0.21911526861757538,0.10318543521794085,0.1916695011652971,74688,149376,191692800,0.0004033884630899556,335462400,0.0007059298104074224,9.259798098355532
p07_seed2026082208,selection,24,4,1,3,True,causal_current_input_channel_diagonal,942965.6083665688,4252108.483661123,236204.4765949128,7800,1536,475206451200,143769600,2.1553300321102142,16,37343.30274823526,0.19900245586159593,0.09371393945784928,0.1580973540101209,149376,298752,383385600,0.0008067769261799112,527155200,0.001109318273497378,9.259798098355532
p07_seed2026082208,selection,24,4,1,3,True,causal_current_input_channel_diagonal,942965.6083665688,4252108.483661123,236204.4765949128,7800,1536,475206451200,143769600,2.1553300321102142,32,30184.828241991578,0.17891486608684368,0.08425432166642617,0.1277910930503959,298752,597504,766771200,0.0016135538523598225,910540800,0.0019160951996772893,9.259798098355532
p07_seed2026082208,selection,24,4,1,3,True,causal_current_input_channel_diagonal,942965.6083665688,4252108.483661123,236204.4765949128,7800,1536,475206451200,143769600,2.1553300321102142,64,22974.1921590211,0.15608896390827826,0.07350518188535435,0.09726399979533004,597504,1195008,1533542400,0.003227107704719645,1677312000,0.0035296490520371118,9.259798098355532
p07_seed2026082208,selection,24,4,1,3,True,causal_current_input_channel_diagonal,942965.6083665688,4252108.483661123,236204.4765949128,7800,1536,475206451200,143769600,2.1553300321102142,96,19048.69074602329,0.142129634364726,0.06693147525418368,0.08064491843709981,896256,1792512,2300313600,0.004840661557079467,2444083200,0.0051432029043969344,9.259798098355532
p07_seed2026082208,selection,24,6,1,1,True,causal_current_input_channel_diagonal,894513.5251080701,3856197.0500164116,52211.107396598985,7800,1536,475206451200,47923200,2.936993259936571,0,52211.107396598985,0.24159503037985325,0.11635949917200393,1.0,0,0,0,0.0,47923200,0.0001008471157724889,0.0
p07_seed2026082208,selection,24,6,1,1,True,causal_current_input_channel_diagonal,894513.5251080701,3856197.0500164116,52211.107396598985,7800,1536,475206451200,47923200,2.936993259936571,8,22032.567381624754,0.15694196927206572,0.07558801567587399,0.42199004169646837,74688,149376,191692800,0.0004033884630899556,239616000,0.0005042355788624445,9.445023257285357
p07_seed2026082208,selection,24,6,1,1,True,causal_current_input_channel_diagonal,894513.5251080701,3856197.0500164116,52211.107396598985,7800,1536,475206451200,47923200,2.936993259936571,16,19905.013707842307,0.14917216220601223,0.07184584077497638,0.38124097927627565,149376,298752,383385600,0.0008067769261799112,431308800,0.0009076240419524002,9.445023257285357
p07_seed2026082208,selection,24,6,1,1,True,causal_current_input_channel_diagonal,894513.5251080701,3856197.0500164116,52211.107396598985,7800,1536,475206451200,47923200,2.936993259936571,32,17138.70120256347,0.13841893323495144,0.06666675933614369,0.3282577608783299,298752,597504,766771200,0.0016135538523598225,814694400,0.0017144009681323113,9.445023257285357
p07_seed2026082208,selection,24,6,1,1,True,causal_current_input_channel_diagonal,894513.5251080701,3856197.0500164116,52211.107396598985,7800,1536,475206451200,47923200,2.936993259936571,64,13837.248700055869,0.124374519972601,0.059902543653385903,0.2650249993457811,597504,1195008,1533542400,0.003227107704719645,1581465600,0.003327954820492134,9.445023257285357
p07_seed2026082208,selection,24,6,1,1,True,causal_current_input_channel_diagonal,894513.5251080701,3856197.0500164116,52211.107396598985,7800,1536,475206451200,47923200,2.936993259936571,96,11831.578543819742,0.11500795728909992,0.05539132278472083,0.22661037347856042,896256,1792512,2300313600,0.004840661557079467,2348236800,0.004941508672851956,9.445023257285357
p07_seed2026082208,selection,24,6,1,2,True,causal_current_input_channel_diagonal,894513.5251080701,3856197.0500164116,109488.89659008145,7800,1536,475206451200,95846400,2.6259631849825382,0,109488.89659008145,0.34985781845777825,0.16850214374505496,1.0,0,0,0,0.0,95846400,0.0002016942315449778,0.0
p07_seed2026082208,selection,24,6,1,2,True,causal_current_input_channel_diagonal,894513.5251080701,3856197.0500164116,109488.89659008145,7800,1536,475206451200,95846400,2.6259631849825382,8,41389.13306737077,0.2151046055944541,0.1036009065965015,0.3780212821792223,74688,149376,191692800,0.0004033884630899556,287539200,0.0006050826946349334,9.166221134364605
p07_seed2026082208,selection,24,6,1,2,True,causal_current_input_channel_diagonal,894513.5251080701,3856197.0500164116,109488.89659008145,7800,1536,475206451200,95846400,2.6259631849825382,16,36938.605617828915,0.2032108034419821,0.09787249049648244,0.3373730741070422,149376,298752,383385600,0.0008067769261799112,479232000,0.001008471157724889,9.166221134364605
p07_seed2026082208,selection,24,6,1,2,True,causal_current_input_channel_diagonal,894513.5251080701,3856197.0500164116,109488.89659008145,7800,1536,475206451200,95846400,2.6259631849825382,32,31510.258285616816,0.18768627966170057,0.09039540866612678,0.2877940985025809,298752,597504,766771200,0.0016135538523598225,862617600,0.0018152480839048004,9.166221134364605
p07_seed2026082208,selection,24,6,1,2,True,causal_current_input_channel_diagonal,894513.5251080701,3856197.0500164116,109488.89659008145,7800,1536,475206451200,95846400,2.6259631849825382,64,25179.796441660408,0.1677770877377428,0.08080653758070475,0.2299757987294549,597504,1195008,1533542400,0.003227107704719645,1629388800,0.0034288019362646227,9.166221134364605
p07_seed2026082208,selection,24,6,1,2,True,causal_current_input_channel_diagonal,894513.5251080701,3856197.0500164116,109488.89659008145,7800,1536,475206451200,95846400,2.6259631849825382,96,21428.738923393,0.15477643921723508,0.07454503067644815,0.19571609171226867,896256,1792512,2300313600,0.004840661557079467,2396160000,0.005042355788624445,9.166221134364605
p07_seed2026082208,selection,24,6,1,3,True,causal_current_input_channel_diagonal,894513.5251080701,3856197.0500164116,177667.52345903573,7800,1536,475206451200,143769600,2.5348220951855183,0,177667.52345903573,0.44566709359764073,0.21464679851621862,1.0,0,0,0,0.0,143769600,0.0003025413473174667,0.0
p07_seed2026082208,selection,24,6,1,3,True,causal_current_input_channel_diagonal,894513.5251080701,3856197.0500164116,177667.52345903573,7800,1536,475206451200,143769600,2.5348220951855183,8,54647.9370617275,0.24716867548930294,0.11904393581988681,0.30758540429303716,74688,149376,191692800,0.0004033884630899556,335462400,0.0007059298104074224,9.151670150458813
p07_seed2026082208,selection,24,6,1,3,True,causal_current_input_channel_diagonal,894513.5251080701,3856197.0500164116,177667.52345903573,7800,1536,475206451200,143769600,2.5348220951855183,16,47835.82077861861,0.23125075498218609,0.11137738218608184,0.26924347129994947,149376,298752,383385600,0.0008067769261799112,527155200,0.001109318273497378,9.151670150458813
p07_seed2026082208,selection,24,6,1,3,True,causal_current_input_channel_diagonal,894513.5251080701,3856197.0500164116,177667.52345903573,7800,1536,475206451200,143769600,2.5348220951855183,32,40238.75362325617,0.21209420587020644,0.10215100672202872,0.2264834496401375,298752,597504,766771200,0.0016135538523598225,910540800,0.0019160951996772893,9.151670150458813
p07_seed2026082208,selection,24,6,1,3,True,causal_current_input_channel_diagonal,894513.5251080701,3856197.0500164116,177667.52345903573,7800,1536,475206451200,143769600,2.5348220951855183,64,31739.128126018884,0.18836666142688638,0.09072310117419828,0.17864338676724095,597504,1195008,1533542400,0.003227107704719645,1677312000,0.0035296490520371118,9.151670150458813
p07_seed2026082208,selection,24,6,1,3,True,causal_current_input_channel_diagonal,894513.5251080701,3856197.0500164116,177667.52345903573,7800,1536,475206451200,143769600,2.5348220951855183,96,26809.12654057701,0.17312025237608572,0.08337996783849447,0.15089491880383712,896256,1792512,2300313600,0.004840661557079467,2444083200,0.0051432029043969344,9.151670150458813
p07_seed2026082208,selection,25,4,0,1,True,causal_current_input_channel_diagonal,1221124.3143222297,5507965.331703182,36138.437246122056,7800,1536,475206451200,47923200,2.254508901387453,0,36138.437246122056,0.17203021999621906,0.08100075838724914,1.0,0,0,0,0.0,47923200,0.0001008471157724889,0.0
p07_seed2026082208,selection,25,4,0,1,True,causal_current_input_channel_diagonal,1221124.3143222297,5507965.331703182,36138.437246122056,7800,1536,475206451200,47923200,2.254508901387453,8,20241.958962484117,0.12874973109538296,0.06062205734033022,0.5601226977367124,74688,149376,191692800,0.0004033884630899556,239616000,0.0005042355788624445,9.05334111303091
p07_seed2026082208,selection,25,4,0,1,True,causal_current_input_channel_diagonal,1221124.3143222297,5507965.331703182,36138.437246122056,7800,1536,475206451200,47923200,2.254508901387453,16,16903.533265216927,0.11765457162561448,0.055397880265520526,0.4677438913567303,149376,298752,383385600,0.0008067769261799112,431308800,0.0009076240419524002,9.05334111303091
p07_seed2026082208,selection,25,4,0,1,True,causal_current_input_channel_diagonal,1221124.3143222297,5507965.331703182,36138.437246122056,7800,1536,475206451200,47923200,2.254508901387453,32,13543.486109830435,0.10531380252608025,0.04958720551217677,0.3747667896500345,298752,597504,766771200,0.0016135538523598225,814694400,0.0017144009681323113,9.05334111303091
p07_seed2026082208,selection,25,4,0,1,True,causal_current_input_channel_diagonal,1221124.3143222297,5507965.331703182,36138.437246122056,7800,1536,475206451200,47923200,2.254508901387453,64,10041.271367526359,0.09068060577635184,0.042697136811550324,0.27785571631230327,597504,1195008,1533542400,0.003227107704719645,1581465600,0.003327954820492134,9.05334111303091
p07_seed2026082208,selection,25,4,0,1,True,causal_current_input_channel_diagonal,1221124.3143222297,5507965.331703182,36138.437246122056,7800,1536,475206451200,47923200,2.254508901387453,96,8199.299064737017,0.08194235179260423,0.038582713196446454,0.2268858226717297,896256,1792512,2300313600,0.004840661557079467,2348236800,0.004941508672851956,9.05334111303091
p07_seed2026082208,selection,25,4,0,2,True,causal_current_input_channel_diagonal,1221124.3143222297,5507965.331703182,88843.53079676165,7800,1536,475206451200,95846400,2.107329200953245,0,88843.53079676165,0.2697323061654564,0.12700397268238012,1.0,0,0,0,0.0,95846400,0.0002016942315449778,0.0
p07_seed2026082208,selection,25,4,0,2,True,causal_current_input_channel_diagonal,1221124.3143222297,5507965.331703182,88843.53079676165,7800,1536,475206451200,95846400,2.107329200953245,8,35311.24976703987,0.17004998776071897,0.08006836224858287,0.39745437232576736,74688,149376,191692800,0.0004033884630899556,287539200,0.0006050826946349334,9.006985928863287
p07_seed2026082208,selection,25,4,0,2,True,causal_current_input_channel_diagonal,1221124.3143222297,5507965.331703182,88843.53079676165,7800,1536,475206451200,95846400,2.107329200953245,16,28421.121253822945,0.15255999449224053,0.07183316543859349,0.31990085265338575,149376,298752,383385600,0.0008067769261799112,479232000,0.001008471157724889,9.006985928863287
p07_seed2026082208,selection,25,4,0,2,True,causal_current_input_channel_diagonal,1221124.3143222297,5507965.331703182,88843.53079676165,7800,1536,475206451200,95846400,2.107329200953245,32,22332.89568289851,0.13523608175282958,0.0636761679636286,0.2513733468632018,298752,597504,766771200,0.0016135538523598225,862617600,0.0018152480839048004,9.006985928863287
p07_seed2026082208,selection,25,4,0,2,True,causal_current_input_channel_diagonal,1221124.3143222297,5507965.331703182,88843.53079676165,7800,1536,475206451200,95846400,2.107329200953245,64,16363.96951888752,0.11576156556215024,0.05450655473692657,0.1841886446046526,597504,1195008,1533542400,0.003227107704719645,1629388800,0.0034288019362646227,9.006985928863287
p07_seed2026082208,selection,25,4,0,2,True,causal_current_input_channel_diagonal,1221124.3143222297,5507965.331703182,88843.53079676165,7800,1536,475206451200,95846400,2.107329200953245,96,13245.396260654583,0.10414838465234136,0.04903846627547184,0.14908678372234938,896256,1792512,2300313600,0.004840661557079467,2396160000,0.005042355788624445,9.006985928863287
p07_seed2026082208,selection,25,4,0,3,True,causal_current_input_channel_diagonal,1221124.3143222297,5507965.331703182,205094.07460290828,7800,1536,475206451200,143769600,2.005293034017086,0,205094.07460290828,0.409823272848885,0.19296607250885228,1.0,0,0,0,0.0,143769600,0.0003025413473174667,0.0
p07_seed2026082208,selection,25,4,0,3,True,causal_current_input_channel_diagonal,1221124.3143222297,5507965.331703182,205094.07460290828,7800,1536,475206451200,143769600,2.005293034017086,8,49252.635202367645,0.2008328709095749,0.09456254170413554,0.2401465537127415,74688,149376,191692800,0.0004033884630899556,335462400,0.0007059298104074224,9.02994628995657
p07_seed2026082208,selection,25,4,0,3,True,causal_current_input_channel_diagonal,1221124.3143222297,5507965.331703182,205094.07460290828,7800,1536,475206451200,143769600,2.005293034017086,16,38421.62711197944,0.1773813423017724,0.0835203445679927,0.1873366024186732,149376,298752,383385600,0.0008067769261799112,527155200,0.001109318273497378,9.02994628995657
p07_seed2026082208,selection,25,4,0,3,True,causal_current_input_channel_diagonal,1221124.3143222297,5507965.331703182,205094.07460290828,7800,1536,475206451200,143769600,2.005293034017086,32,29693.15489086701,0.1559366616668963,0.07342307564143144,0.1447782192080062,298752,597504,766771200,0.0016135538523598225,910540800,0.0019160951996772893,9.02994628995657
p07_seed2026082208,selection,25,4,0,3,True,causal_current_input_channel_diagonal,1221124.3143222297,5507965.331703182,205094.07460290828,7800,1536,475206451200,143769600,2.005293034017086,64,21600.609173678182,0.13300043463397215,0.06262350923821569,0.105320493610975,597504,1195008,1533542400,0.003227107704719645,1677312000,0.0035296490520371118,9.02994628995657
p07_seed2026082208,selection,25,4,0,3,True,causal_current_input_channel_diagonal,1221124.3143222297,5507965.331703182,205094.07460290828,7800,1536,475206451200,143769600,2.005293034017086,96,17378.0302403979,0.11929447629130846,0.05617003251648503,0.08473199566683784,896256,1792512,2300313600,0.004840661557079467,2444083200,0.0051432029043969344,9.02994628995657
p07_seed2026082208,selection,25,6,0,1,True,causal_current_input_channel_diagonal,1438165.2537861802,5318176.461386164,21163.31755251118,7800,1536,475206451200,47923200,2.8564860112965107,0,21163.31755251118,0.12130745132687457,0.06308273329858893,1.0,0,0,0,0.0,47923200,0.0001008471157724889,0.0
p07_seed2026082208,selection,25,6,0,1,True,causal_current_input_channel_diagonal,1438165.2537861802,5318176.461386164,21163.31755251118,7800,1536,475206451200,47923200,2.8564860112965107,8,14868.576355702447,0.10167877323147279,0.052875358139419584,0.7025635899968539,74688,149376,191692800,0.0004033884630899556,239616000,0.0005042355788624445,9.124407079070807
p07_seed2026082208,selection,25,6,0,1,True,causal_current_input_channel_diagonal,1438165.2537861802,5318176.461386164,21163.31755251118,7800,1536,475206451200,47923200,2.8564860112965107,16,13040.599831753618,0.09522355436125922,0.04951849220975441,0.6161888276543306,149376,298752,383385600,0.0008067769261799112,431308800,0.0009076240419524002,9.124407079070807
p07_seed2026082208,selection,25,6,0,1,True,causal_current_input_channel_diagonal,1438165.2537861802,5318176.461386164,21163.31755251118,7800,1536,475206451200,47923200,2.8564860112965107,32,10774.909705703967,0.08655704544945222,0.04501170334943775,0.5091314100040268,298752,597504,766771200,0.0016135538523598225,814694400,0.0017144009681323113,9.124407079070807
p07_seed2026082208,selection,25,6,0,1,True,causal_current_input_channel_diagonal,1438165.2537861802,5318176.461386164,21163.31755251118,7800,1536,475206451200,47923200,2.8564860112965107,64,8288.481483999098,0.07591596026916361,0.0394780882986449,0.391643770574412,597504,1195008,1533542400,0.003227107704719645,1581465600,0.003327954820492134,9.124407079070807
p07_seed2026082208,selection,25,6,0,1,True,causal_current_input_channel_diagonal,1438165.2537861802,5318176.461386164,21163.31755251118,7800,1536,475206451200,47923200,2.8564860112965107,96,6912.57088919813,0.06932907456187769,0.03605275251097469,0.3266298335388507,896256,1792512,2300313600,0.004840661557079467,2348236800,0.004941508672851956,9.124407079070807
p07_seed2026082208,selection,25,6,0,2,True,causal_current_input_channel_diagonal,1438165.2537861802,5318176.461386164,55336.7002079198,7800,1536,475206451200,95846400,2.6084277778863907,0,55336.7002079198,0.19615628737120824,0.1020058918535529,1.0,0,0,0,0.0,95846400,0.0002016942315449778,0.0
p07_seed2026082208,selection,25,6,0,2,True,causal_current_input_channel_diagonal,1438165.2537861802,5318176.461386164,55336.7002079198,7800,1536,475206451200,95846400,2.6084277778863907,8,35466.999306159996,0.1570391107081139,0.08166403819295186,0.6409308681047019,74688,149376,191692800,0.0004033884630899556,287539200,0.0006050826946349334,9.0754977427423
p07_seed2026082208,selection,25,6,0,2,True,causal_current_input_channel_diagonal,1438165.2537861802,5318176.461386164,55336.7002079198,7800,1536,475206451200,95846400,2.6084277778863907,16,30306.19787328273,0.14516480373479046,0.07548911874892435,0.5476690470541817,149376,298752,383385600,0.0008067769261799112,479232000,0.001008471157724889,9.0754977427423
p07_seed2026082208,selection,25,6,0,2,True,causal_current_input_channel_diagonal,1438165.2537861802,5318176.461386164,55336.7002079198,7800,1536,475206451200,95846400,2.6084277778863907,32,24567.840863744197,0.13070105681703312,0.06796762951367044,0.44397010968793416,298752,597504,766771200,0.0016135538523598225,862617600,0.0018152480839048004,9.0754977427423
p07_seed2026082208,selection,25,6,0,2,True,causal_current_input_channel_diagonal,1438165.2537861802,5318176.461386164,55336.7002079198,7800,1536,475206451200,95846400,2.6084277778863907,64,18630.579416675173,0.11381743259992298,0.05918774705837397,0.33667673252383895,597504,1195008,1533542400,0.003227107704719645,1629388800,0.0034288019362646227,9.0754977427423
p07_seed2026082208,selection,25,6,0,2,True,causal_current_input_channel_diagonal,1438165.2537861802,5318176.461386164,55336.7002079198,7800,1536,475206451200,95846400,2.6084277778863907,96,15371.527293061736,0.10338418638701101,0.05376221316833971,0.27778178376443713,896256,1792512,2300313600,0.004840661557079467,2396160000,0.005042355788624445,9.0754977427423
p07_seed2026082208,selection,25,6,0,3,True,causal_current_input_channel_diagonal,1438165.2537861802,5318176.461386164,99419.37184881774,7800,1536,475206451200,143769600,2.533248160034418,0,99419.37184881774,0.2629245331480922,0.1367269530504317,1.0,0,0,0,0.0,143769600,0.0003025413473174667,0.0
p07_seed2026082208,selection,25,6,0,3,True,causal_current_input_channel_diagonal,1438165.2537861802,5318176.461386164,99419.37184881774,7800,1536,475206451200,143769600,2.533248160034418,8,55429.72322242794,0.19632109108237236,0.10209159366695568,0.557534434115011,74688,149376,191692800,0.0004033884630899556,335462400,0.0007059298104074224,9.082641452550888
p07_seed2026082208,selection,25,6,0,3,True,causal_current_input_channel_diagonal,1438165.2537861802,5318176.461386164,99419.37184881774,7800,1536,475206451200,143769600,2.533248160034418,16,45427.03136618456,0.17772674312442113,0.09242209455323772,0.4569233392098684,149376,298752,383385600,0.0008067769261799112,527155200,0.001109318273497378,9.082641452550888
p07_seed2026082208,selection,25,6,0,3,True,causal_current_input_channel_diagonal,1438165.2537861802,5318176.461386164,99419.37184881774,7800,1536,475206451200,143769600,2.533248160034418,32,36222.18331130837,0.15870218863407762,0.08252887790486407,0.3643372779229244,298752,597504,766771200,0.0016135538523598225,910540800,0.0019160951996772893,9.082641452550888
p07_seed2026082208,selection,25,6,0,3,True,causal_current_input_channel_diagonal,1438165.2537861802,5318176.461386164,99419.37184881774,7800,1536,475206451200,143769600,2.533248160034418,64,27037.851575682187,0.13711396629463835,0.07130249356215895,0.27195757802077886,597504,1195008,1533542400,0.003227107704719645,1677312000,0.0035296490520371118,9.082641452550888
p07_seed2026082208,selection,25,6,0,3,True,causal_current_input_channel_diagonal,1438165.2537861802,5318176.461386164,99419.37184881774,7800,1536,475206451200,143769600,2.533248160034418,96,22082.64023412837,0.12391420718311617,0.0644383077720046,0.2221160707820119,896256,1792512,2300313600,0.004840661557079467,2444083200,0.0051432029043969344,9.082641452550888
p07_seed2026082208,selection,25,4,1,1,True,causal_current_input_channel_diagonal,1221647.663036286,5426391.311656738,40388.620088570504,7800,1536,475206451200,47923200,2.2477000020444393,0,40388.620088570504,0.18182622551904304,0.0862728119126508,1.0,0,0,0,0.0,47923200,0.0001008471157724889,0.0
p07_seed2026082208,selection,25,4,1,1,True,causal_current_input_channel_diagonal,1221647.663036286,5426391.311656738,40388.620088570504,7800,1536,475206451200,47923200,2.2477000020444393,8,20628.01019334809,0.12994383636380813,0.06165568317673172,0.5107381769502086,74688,149376,191692800,0.0004033884630899556,239616000,0.0005042355788624445,9.3517005443573
p07_seed2026082208,selection,25,4,1,1,True,causal_current_input_channel_diagonal,1221647.663036286,5426391.311656738,40388.620088570504,7800,1536,475206451200,47923200,2.2477000020444393,16,16470.827131421112,0.11611403582534312,0.05509372668647004,0.4078086128092354,149376,298752,383385600,0.0008067769261799112,431308800,0.0009076240419524002,9.3517005443573
p07_seed2026082208,selection,25,4,1,1,True,causal_current_input_channel_diagonal,1221647.663036286,5426391.311656738,40388.620088570504,7800,1536,475206451200,47923200,2.2477000020444393,32,12877.954400327882,0.10267163007984265,0.04871558107395146,0.3188510618145975,298752,597504,766771200,0.0016135538523598225,814694400,0.0017144009681323113,9.3517005443573
p07_seed2026082208,selection,25,4,1,1,True,causal_current_input_channel_diagonal,1221647.663036286,5426391.311656738,40388.620088570504,7800,1536,475206451200,47923200,2.2477000020444393,64,9581.513335567059,0.0885613177319706,0.042020527487805145,0.23723299569677758,597504,1195008,1533542400,0.003227107704719645,1581465600,0.003327954820492134,9.3517005443573
p07_seed2026082208,selection,25,4,1,1,True,causal_current_input_channel_diagonal,1221647.663036286,5426391.311656738,40388.620088570504,7800,1536,475206451200,47923200,2.2477000020444393,96,7818.810555524982,0.08000135835932218,0.03795900246396261,0.1935894452066742,896256,1792512,2300313600,0.004840661557079467,2348236800,0.004941508672851956,9.3517005443573
p07_seed2026082208,selection,25,4,1,2,True,causal_current_input_channel_diagonal,1221647.663036286,5426391.311656738,92740.90158612031,7800,1536,475206451200,95846400,2.1155299618840218,0,92740.90158612031,0.2755260540700506,0.130731457312965,1.0,0,0,0,0.0,95846400,0.0002016942315449778,0.0
p07_seed2026082208,selection,25,4,1,2,True,causal_current_input_channel_diagonal,1221647.663036286,5426391.311656738,92740.90158612031,7800,1536,475206451200,95846400,2.1155299618840218,8,33922.76388588351,0.16663745743558253,0.0790660532159411,0.36577996661704376,74688,149376,191692800,0.0004033884630899556,287539200,0.0006050826946349334,9.008265100419521
p07_seed2026082208,selection,25,4,1,2,True,causal_current_input_channel_diagonal,1221647.663036286,5426391.311656738,92740.90158612031,7800,1536,475206451200,95846400,2.1155299618840218,16,26285.14741171732,0.1466838242896729,0.06959846384891218,0.28342561871213007,149376,298752,383385600,0.0008067769261799112,479232000,0.001008471157724889,9.008265100419521
p07_seed2026082208,selection,25,4,1,2,True,causal_current_input_channel_diagonal,1221647.663036286,5426391.311656738,92740.90158612031,7800,1536,475206451200,95846400,2.1155299618840218,32,20513.716225792436,0.1295833453113575,0.06148463757164651,0.2211938408528188,298752,597504,766771200,0.0016135538523598225,862617600,0.0018152480839048004,9.008265100419521
p07_seed2026082208,selection,25,4,1,2,True,causal_current_input_channel_diagonal,1221647.663036286,5426391.311656738,92740.90158612031,7800,1536,475206451200,95846400,2.1155299618840218,64,15123.99835139449,0.11126544940662698,0.05279317195103492,0.16307797415031355,597504,1195008,1533542400,0.003227107704719645,1629388800,0.0034288019362646227,9.008265100419521
p07_seed2026082208,selection,25,4,1,2,True,causal_current_input_channel_diagonal,1221647.663036286,5426391.311656738,92740.90158612031,7800,1536,475206451200,95846400,2.1155299618840218,96,12263.236464952817,0.1001911974168127,0.04753866668776373,0.13223115427319276,896256,1792512,2300313600,0.004840661557079467,2396160000,0.005042355788624445,9.008265100419521
p07_seed2026082208,selection,25,4,1,3,True,causal_current_input_channel_diagonal,1221647.663036286,5426391.311656738,268244.56705594424,7800,1536,475206451200,143769600,2.0014410838484764,0,268244.56705594424,0.46858942470770815,0.22233606393502015,1.0,0,0,0,0.0,143769600,0.0003025413473174667,0.0
p07_seed2026082208,selection,25,4,1,3,True,causal_current_input_channel_diagonal,1221647.663036286,5426391.311656738,268244.56705594424,7800,1536,475206451200,143769600,2.0014410838484764,8,54423.34316268141,0.21106665329872676,0.10014679471618153,0.20288702865002012,74688,149376,191692800,0.0004033884630899556,335462400,0.0007059298104074224,9.046877268701792
p07_seed2026082208,selection,25,4,1,3,True,causal_current_input_channel_diagonal,1221647.663036286,5426391.311656738,268244.56705594424,7800,1536,475206451200,143769600,2.0014410838484764,16,40804.28543617873,0.18275947599427464,0.08671562010760293,0.1521159808868623,149376,298752,383385600,0.0008067769261799112,527155200,0.001109318273497378,9.046877268701792
p07_seed2026082208,selection,25,4,1,3,True,causal_current_input_channel_diagonal,1221647.663036286,5426391.311656738,268244.56705594424,7800,1536,475206451200,143769600,2.0014410838484764,32,31269.922801936278,0.15998910918420636,0.07591154843213747,0.11657243665528216,298752,597504,766771200,0.0016135538523598225,910540800,0.0019160951996772893,9.046877268701792
p07_seed2026082208,selection,25,4,1,3,True,causal_current_input_channel_diagonal,1221647.663036286,5426391.311656738,268244.56705594424,7800,1536,475206451200,143769600,2.0014410838484764,64,22524.280902624392,0.13578521464645257,0.06442729727393162,0.08396919702546807,597504,1195008,1533542400,0.003227107704719645,1677312000,0.0035296490520371118,9.046877268701792
p07_seed2026082208,selection,25,4,1,3,True,causal_current_input_channel_diagonal,1221647.663036286,5426391.311656738,268244.56705594424,7800,1536,475206451200,143769600,2.0014410838484764,96,17978.841149325483,0.12131314543452822,0.057560597481076656,0.0670240644433362,896256,1792512,2300313600,0.004840661557079467,2444083200,0.0051432029043969344,9.046877268701792
p07_seed2026082208,selection,25,6,1,1,True,causal_current_input_channel_diagonal,1468336.8353657885,5286530.880789038,31820.790488564824,7800,1536,475206451200,47923200,2.8417431749403477,0,31820.790488564824,0.1472118041280326,0.07758362995419821,1.0,0,0,0,0.0,47923200,0.0001008471157724889,0.0
p07_seed2026082208,selection,25,6,1,1,True,causal_current_input_channel_diagonal,1468336.8353657885,5286530.880789038,31820.790488564824,7800,1536,475206451200,47923200,2.8417431749403477,8,21554.51999060381,0.12115918155532068,0.06385336531278568,0.6773722355881733,74688,149376,191692800,0.0004033884630899556,239616000,0.0005042355788624445,9.096052031964064
p07_seed2026082208,selection,25,6,1,1,True,causal_current_input_channel_diagonal,1468336.8353657885,5286530.880789038,31820.790488564824,7800,1536,475206451200,47923200,2.8417431749403477,16,18504.696420170083,0.11226080067567218,0.05916373669606323,0.5815284955765764,149376,298752,383385600,0.0008067769261799112,431308800,0.0009076240419524002,9.096052031964064
p07_seed2026082208,selection,25,6,1,1,True,causal_current_input_channel_diagonal,1468336.8353657885,5286530.880789038,31820.790488564824,7800,1536,475206451200,47923200,2.8417431749403477,32,15031.17951555657,0.10117743934870346,0.05332257872008765,0.4723697710001515,298752,597504,766771200,0.0016135538523598225,814694400,0.0017144009681323113,9.096052031964064
p07_seed2026082208,selection,25,6,1,1,True,causal_current_input_channel_diagonal,1468336.8353657885,5286530.880789038,31820.790488564824,7800,1536,475206451200,47923200,2.8417431749403477,64,11324.441061677811,0.08782042631148193,0.04628315981675079,0.35588182720279266,597504,1195008,1533542400,0.003227107704719645,1581465600,0.003327954820492134,9.096052031964064
p07_seed2026082208,selection,25,6,1,1,True,causal_current_input_channel_diagonal,1468336.8353657885,5286530.880789038,31820.790488564824,7800,1536,475206451200,47923200,2.8417431749403477,96,9341.178224979129,0.07976052101348638,0.04203542497096546,0.2935558193845181,896256,1792512,2300313600,0.004840661557079467,2348236800,0.004941508672851956,9.096052031964064
p07_seed2026082208,selection,25,6,1,2,True,causal_current_input_channel_diagonal,1468336.8353657885,5286530.880789038,72480.58205930066,7800,1536,475206451200,95846400,2.621346153318882,0,72480.58205930066,0.2221764326222018,0.1170915215339201,1.0,0,0,0,0.0,95846400,0.0002016942315449778,0.0
p07_seed2026082208,selection,25,6,1,2,True,causal_current_input_channel_diagonal,1468336.8353657885,5286530.880789038,72480.58205930066,7800,1536,475206451200,95846400,2.621346153318882,8,42910.50569415162,0.17094994657681412,0.09009411625966159,0.5920276089286629,74688,149376,191692800,0.0004033884630899556,287539200,0.0006050826946349334,9.030404035001993
p07_seed2026082208,selection,25,6,1,2,True,causal_current_input_channel_diagonal,1468336.8353657885,5286530.880789038,72480.58205930066,7800,1536,475206451200,95846400,2.621346153318882,16,35561.63163801955,0.15562450841756284,0.0820172970801398,0.49063667294715735,149376,298752,383385600,0.0008067769261799112,479232000,0.001008471157724889,9.030404035001993
p07_seed2026082208,selection,25,6,1,2,True,causal_current_input_channel_diagonal,1468336.8353657885,5286530.880789038,72480.58205930066,7800,1536,475206451200,95846400,2.621346153318882,32,28562.316791999285,0.13947098527771748,0.07350406018883475,0.3940685350192691,298752,597504,766771200,0.0016135538523598225,862617600,0.0018152480839048004,9.030404035001993
p07_seed2026082208,selection,25,6,1,2,True,causal_current_input_channel_diagonal,1468336.8353657885,5286530.880789038,72480.58205930066,7800,1536,475206451200,95846400,2.621346153318882,64,21332.00208906592,0.1205321662264952,0.0635229154175796,0.2943133385671611,597504,1195008,1533542400,0.003227107704719645,1629388800,0.0034288019362646227,9.030404035001993
p07_seed2026082208,selection,25,6,1,2,True,causal_current_input_channel_diagonal,1468336.8353657885,5286530.880789038,72480.58205930066,7800,1536,475206451200,95846400,2.621346153318882,96,17489.32083128737,0.10913740556326186,0.057517643626031706,0.24129663880760344,896256,1792512,2300313600,0.004840661557079467,2396160000,0.005042355788624445,9.030404035001993
p07_seed2026082208,selection,25,6,1,3,True,causal_current_input_channel_diagonal,1468336.8353657885,5286530.880789038,115541.07403891005,7800,1536,475206451200,143769600,2.5230320170521736,0,115541.07403891005,0.2805145245859649,0.14783688849657323,1.0,0,0,0,0.0,143769600,0.0003025413473174667,0.0
p07_seed2026082208,selection,25,6,1,3,True,causal_current_input_channel_diagonal,1468336.8353657885,5286530.880789038,115541.07403891005,7800,1536,475206451200,143769600,2.5230320170521736,8,61077.05571848404,0.2039511693705767,0.10748643525495455,0.5286176905148543,74688,149376,191692800,0.0004033884630899556,335462400,0.0007059298104074224,8.987091016024351
p07_seed2026082208,selection,25,6,1,3,True,causal_current_input_channel_diagonal,1468336.8353657885,5286530.880789038,115541.07403891005,7800,1536,475206451200,143769600,2.5230320170521736,16,48249.23831365346,0.18127269185148323,0.09553441402820767,0.4175938186022528,149376,298752,383385600,0.0008067769261799112,527155200,0.001109318273497378,8.987091016024351
p07_seed2026082208,selection,25,6,1,3,True,causal_current_input_channel_diagonal,1468336.8353657885,5286530.880789038,115541.07403891005,7800,1536,475206451200,143769600,2.5230320170521736,32,38054.93231507887,0.16098767562926244,0.0848437958300166,0.32936280566334064,298752,597504,766771200,0.0016135538523598225,910540800,0.0019160951996772893,8.987091016024351
p07_seed2026082208,selection,25,6,1,3,True,causal_current_input_channel_diagonal,1468336.8353657885,5286530.880789038,115541.07403891005,7800,1536,475206451200,143769600,2.5230320170521736,64,28167.81273695905,0.1385044463177841,0.072994674399781,0.24379046993517658,597504,1195008,1533542400,0.003227107704719645,1677312000,0.0035296490520371118,8.987091016024351
p07_seed2026082208,selection,25,6,1,3,True,causal_current_input_channel_diagonal,1468336.8353657885,5286530.880789038,115541.07403891005,7800,1536,475206451200,143769600,2.5230320170521736,96,22915.545382357057,0.1249258324203309,0.06583846731332536,0.19833245945488387,896256,1792512,2300313600,0.004840661557079467,2444083200,0.0051432029043969344,8.987091016024351
p07_seed2026082208,selection,26,4,0,1,True,causal_current_input_channel_diagonal,567633.2616615371,7253556.697955014,37789.588789972986,7800,1536,475206451200,47923200,3.039113711565733,0,37789.588789972986,0.2580192836241341,0.07217895299352656,1.0,0,0,0,0.0,47923200,0.0001008471157724889,0.0
p07_seed2026082208,selection,26,4,0,1,True,causal_current_input_channel_diagonal,567633.2616615371,7253556.697955014,37789.588789972986,7800,1536,475206451200,47923200,3.039113711565733,8,18616.9043677689,0.18110056947338196,0.05066152152473248,0.49264638656851156,74688,149376,191692800,0.0004033884630899556,239616000,0.0005042355788624445,10.336448904126883
p07_seed2026082208,selection,26,4,0,1,True,causal_current_input_channel_diagonal,567633.2616615371,7253556.697955014,37789.588789972986,7800,1536,475206451200,47923200,3.039113711565733,16,14464.538309613159,0.159631417478457,0.04465568780995497,0.3827651681957217,149376,298752,383385600,0.0008067769261799112,431308800,0.0009076240419524002,10.336448904126883
p07_seed2026082208,selection,26,4,0,1,True,causal_current_input_channel_diagonal,567633.2616615371,7253556.697955014,37789.588789972986,7800,1536,475206451200,47923200,3.039113711565733,32,10930.8523802282,0.13876920385300046,0.038819640536812756,0.28925565823694427,298752,597504,766771200,0.0016135538523598225,814694400,0.0017144009681323113,10.336448904126883
p07_seed2026082208,selection,26,4,0,1,True,causal_current_input_channel_diagonal,567633.2616615371,7253556.697955014,37789.588789972986,7800,1536,475206451200,47923200,3.039113711565733,64,7747.295515193757,0.11682644007397806,0.03268131748937223,0.2050113738482957,597504,1195008,1533542400,0.003227107704719645,1581465600,0.003327954820492134,10.336448904126883
p07_seed2026082208,selection,26,4,0,1,True,causal_current_input_channel_diagonal,567633.2616615371,7253556.697955014,37789.588789972986,7800,1536,475206451200,47923200,3.039113711565733,96,6155.0332951207965,0.104131298813526,0.02912994725295538,0.16287642951530792,896256,1792512,2300313600,0.004840661557079467,2348236800,0.004941508672851956,10.336448904126883
p07_seed2026082208,selection,26,4,0,2,True,causal_current_input_channel_diagonal,567633.2616615371,7253556.697955014,90605.64546749683,7800,1536,475206451200,95846400,2.114242874085903,0,90605.64546749683,0.3995247710787596,0.1117640482773045,1.0,0,0,0,0.0,95846400,0.0002016942315449778,0.0
p07_seed2026082208,selection,26,4,0,2,True,causal_current_input_channel_diagonal,567633.2616615371,7253556.697955014,90605.64546749683,7800,1536,475206451200,95846400,2.114242874085903,8,35408.36873056179,0.24975778930266201,0.06986786212500651,0.39079649556847434,74688,149376,191692800,0.0004033884630899556,287539200,0.0006050826946349334,8.957059122622013
p07_seed2026082208,selection,26,4,0,2,True,causal_current_input_channel_diagonal,567633.2616615371,7253556.697955014,90605.64546749683,7800,1536,475206451200,95846400,2.114242874085903,16,26542.00803216255,0.2162384751418282,0.06049108622202987,0.2929398923528113,149376,298752,383385600,0.0008067769261799112,479232000,0.001008471157724889,8.957059122622013
p07_seed2026082208,selection,26,4,0,2,True,causal_current_input_channel_diagonal,567633.2616615371,7253556.697955014,90605.64546749683,7800,1536,475206451200,95846400,2.114242874085903,32,19822.025859563117,0.18687022186793179,0.052275538365356894,0.2187725252165842,298752,597504,766771200,0.0016135538523598225,862617600,0.0018152480839048004,8.957059122622013
p07_seed2026082208,selection,26,4,0,2,True,causal_current_input_channel_diagonal,567633.2616615371,7253556.697955014,90605.64546749683,7800,1536,475206451200,95846400,2.114242874085903,64,13679.97712787117,0.15524183503430322,0.043427735152899584,0.1509837169204184,597504,1195008,1533542400,0.003227107704719645,1629388800,0.0034288019362646227,8.957059122622013
p07_seed2026082208,selection,26,4,0,2,True,causal_current_input_channel_diagonal,567633.2616615371,7253556.697955014,90605.64546749683,7800,1536,475206451200,95846400,2.114242874085903,96,10759.643739218023,0.13767815196852087,0.03851442698231708,0.1187524649567488,896256,1792512,2300313600,0.004840661557079467,2396160000,0.005042355788624445,8.957059122622013
p07_seed2026082208,selection,26,4,0,3,True,causal_current_input_channel_diagonal,567633.2616615371,7253556.697955014,448654.91077334806,7800,1536,475206451200,143769600,2.0228330977261066,0,448654.91077334806,0.8890420338858612,0.24870281892029328,1.0,0,0,0,0.0,143769600,0.0003025413473174667,0.0
p07_seed2026082208,selection,26,4,0,3,True,causal_current_input_channel_diagonal,567633.2616615371,7253556.697955014,448654.91077334806,7800,1536,475206451200,143769600,2.0228330977261066,8,60628.4208135939,0.32681667725001357,0.0914245061585886,0.13513375059087493,74688,149376,191692800,0.0004033884630899556,335462400,0.0007059298104074224,8.929281029850245
p07_seed2026082208,selection,26,4,0,3,True,causal_current_input_channel_diagonal,567633.2616615371,7253556.697955014,448654.91077334806,7800,1536,475206451200,143769600,2.0228330977261066,16,45112.622092807665,0.2819130091389957,0.07886304290554158,0.10055082650318656,149376,298752,383385600,0.0008067769261799112,527155200,0.001109318273497378,8.929281029850245
p07_seed2026082208,selection,26,4,0,3,True,causal_current_input_channel_diagonal,567633.2616615371,7253556.697955014,448654.91077334806,7800,1536,475206451200,143769600,2.0228330977261066,32,32281.53832218761,0.238475184299491,0.06671163827720014,0.07195182209565594,298752,597504,766771200,0.0016135538523598225,910540800,0.0019160951996772893,8.929281029850245
p07_seed2026082208,selection,26,4,0,3,True,causal_current_input_channel_diagonal,567633.2616615371,7253556.697955014,448654.91077334806,7800,1536,475206451200,143769600,2.0228330977261066,64,21819.216653965414,0.19605849265624278,0.05484588797646348,0.04863251494658956,597504,1195008,1533542400,0.003227107704719645,1677312000,0.0035296490520371118,8.929281029850245
p07_seed2026082208,selection,26,4,0,3,True,causal_current_input_channel_diagonal,567633.2616615371,7253556.697955014,448654.91077334806,7800,1536,475206451200,143769600,2.0228330977261066,96,16909.317243281985,0.17259536081133275,0.04828225340339133,0.037688915996032496,896256,1792512,2300313600,0.004840661557079467,2444083200,0.0051432029043969344,8.929281029850245
p07_seed2026082208,selection,26,6,0,1,True,causal_current_input_channel_diagonal,586113.5139321749,6806111.887694817,20129.595418001416,7800,1536,475206451200,47923200,2.9114503413438797,0,20129.595418001416,0.18532186222124547,0.05438360350275345,1.0,0,0,0,0.0,47923200,0.0001008471157724889,0.0
p07_seed2026082208,selection,26,6,0,1,True,causal_current_input_channel_diagonal,586113.5139321749,6806111.887694817,20129.595418001416,7800,1536,475206451200,47923200,2.9114503413438797,8,13323.953995380642,0.1507737354744278,0.0442452873632429,0.6619086830184914,74688,149376,191692800,0.0004033884630899556,239616000,0.0005042355788624445,9.037640877068043
p07_seed2026082208,selection,26,6,0,1,True,causal_current_input_channel_diagonal,586113.5139321749,6806111.887694817,20129.595418001416,7800,1536,475206451200,47923200,2.9114503413438797,16,11173.940949351032,0.13807413097013796,0.040518526538993516,0.5551001257191025,149376,298752,383385600,0.0008067769261799112,431308800,0.0009076240419524002,9.037640877068043
p07_seed2026082208,selection,26,6,0,1,True,causal_current_input_channel_diagonal,586113.5139321749,6806111.887694817,20129.595418001416,7800,1536,475206451200,47923200,2.9114503413438797,32,8781.869979701622,0.12240597962600229,0.03592063117949543,0.43626659133761625,298752,597504,766771200,0.0016135538523598225,814694400,0.0017144009681323113,9.037640877068043
p07_seed2026082208,selection,26,6,0,1,True,causal_current_input_channel_diagonal,586113.5139321749,6806111.887694817,20129.595418001416,7800,1536,475206451200,47923200,2.9114503413438797,64,6449.180725461178,0.10489659867221993,0.030782418019127133,0.3203830275921255,597504,1195008,1533542400,0.003227107704719645,1581465600,0.003327954820492134,9.037640877068043
p07_seed2026082208,selection,26,6,0,1,True,causal_current_input_channel_diagonal,586113.5139321749,6806111.887694817,20129.595418001416,7800,1536,475206451200,47923200,2.9114503413438797,96,5244.698940408547,0.09459526851484713,0.0277594424882602,0.2605466642768248,896256,1792512,2300313600,0.004840661557079467,2348236800,0.004941508672851956,9.037640877068043
p07_seed2026082208,selection,26,6,0,2,True,causal_current_input_channel_diagonal,586113.5139321749,6806111.887694817,62626.870455933444,7800,1536,475206451200,95846400,2.6469388976693153,0,62626.870455933444,0.3268808567119098,0.09592478022284248,1.0,0,0,0,0.0,95846400,0.0002016942315449778,0.0
p07_seed2026082208,selection,26,6,0,2,True,causal_current_input_channel_diagonal,586113.5139321749,6806111.887694817,62626.870455933444,7800,1536,475206451200,95846400,2.6469388976693153,8,34463.12315062513,0.24248587657926515,0.07115866206417046,0.5502929158204607,74688,149376,191692800,0.0004033884630899556,287539200,0.0006050826946349334,8.974787779152393
p07_seed2026082208,selection,26,6,0,2,True,causal_current_input_channel_diagonal,586113.5139321749,6806111.887694817,62626.870455933444,7800,1536,475206451200,95846400,2.6469388976693153,16,27589.172338012337,0.21695939869810615,0.0636677927448592,0.44053250846137015,149376,298752,383385600,0.0008067769261799112,479232000,0.001008471157724889,8.974787779152393
p07_seed2026082208,selection,26,6,0,2,True,causal_current_input_channel_diagonal,586113.5139321749,6806111.887694817,62626.870455933444,7800,1536,475206451200,95846400,2.6469388976693153,32,21099.886704190714,0.18973576129684558,0.05567888369447757,0.3369142757951078,298752,597504,766771200,0.0016135538523598225,862617600,0.0018152480839048004,8.974787779152393
p07_seed2026082208,selection,26,6,0,2,True,causal_current_input_channel_diagonal,586113.5139321749,6806111.887694817,62626.870455933444,7800,1536,475206451200,95846400,2.6469388976693153,64,15155.782359871155,0.1608045424173526,0.04718887653862811,0.24200127277792924,597504,1195008,1533542400,0.003227107704719645,1629388800,0.0034288019362646227,8.974787779152393
p07_seed2026082208,selection,26,6,0,2,True,causal_current_input_channel_diagonal,586113.5139321749,6806111.887694817,62626.870455933444,7800,1536,475206451200,95846400,2.6469388976693153,96,12137.021288694108,0.1439014564000873,0.04222858358172674,0.19379894286247637,896256,1792512,2300313600,0.004840661557079467,2396160000,0.005042355788624445,8.974787779152393
p07_seed2026082208,selection,26,6,0,3,True,causal_current_input_channel_diagonal,586113.5139321749,6806111.887694817,125306.48601162633,7800,1536,475206451200,143769600,2.52709724009037,0,125306.48601162633,0.4623766648955113,0.13568668537650957,1.0,0,0,0,0.0,143769600,0.0003025413473174667,0.0
p07_seed2026082208,selection,26,6,0,3,True,causal_current_input_channel_diagonal,586113.5139321749,6806111.887694817,125306.48601162633,7800,1536,475206451200,143769600,2.52709724009037,8,57380.15988161463,0.3128887941454377,0.09181874128237309,0.45791851406940837,74688,149376,191692800,0.0004033884630899556,335462400,0.0007059298104074224,9.022565092891455
p07_seed2026082208,selection,26,6,0,3,True,causal_current_input_channel_diagonal,586113.5139321749,6806111.887694817,125306.48601162633,7800,1536,475206451200,143769600,2.52709724009037,16,43842.491683371554,0.2734996322123028,0.08025979977810525,0.3498820617818217,149376,298752,383385600,0.0008067769261799112,527155200,0.001109318273497378,9.022565092891455
p07_seed2026082208,selection,26,6,0,3,True,causal_current_input_channel_diagonal,586113.5139321749,6806111.887694817,125306.48601162633,7800,1536,475206451200,143769600,2.52709724009037,32,33009.59190279317,0.23731719697506973,0.06964188784844542,0.26343083228333586,298752,597504,766771200,0.0016135538523598225,910540800,0.0019160951996772893,9.022565092891455
p07_seed2026082208,selection,26,6,0,3,True,causal_current_input_channel_diagonal,586113.5139321749,6806111.887694817,125306.48601162633,7800,1536,475206451200,143769600,2.52709724009037,64,23112.19356292166,0.19857735217966346,0.05827349162222806,0.18444530923324817,597504,1195008,1533542400,0.003227107704719645,1677312000,0.0035296490520371118,9.022565092891455
p07_seed2026082208,selection,26,6,0,3,True,causal_current_input_channel_diagonal,586113.5139321749,6806111.887694817,125306.48601162633,7800,1536,475206451200,143769600,2.52709724009037,96,18283.310769100193,0.17661864684814774,0.0518296025426047,0.14590873425464537,896256,1792512,2300313600,0.004840661557079467,2444083200,0.0051432029043969344,9.022565092891455
p07_seed2026082208,selection,26,4,1,1,True,causal_current_input_channel_diagonal,553524.7916093138,7143203.366087817,48536.0014337882,7800,1536,475206451200,47923200,2.4866401217877865,0,48536.0014337882,0.2961170804529366,0.08243003610690915,1.0,0,0,0,0.0,47923200,0.0001008471157724889,0.0
p07_seed2026082208,selection,26,4,1,1,True,causal_current_input_channel_diagonal,553524.7916093138,7143203.366087817,48536.0014337882,7800,1536,475206451200,47923200,2.4866401217877865,8,20667.79854677609,0.1932317874835813,0.053789883362725284,0.42582408796460847,74688,149376,191692800,0.0004033884630899556,239616000,0.0005042355788624445,9.398633148521185
p07_seed2026082208,selection,26,4,1,1,True,causal_current_input_channel_diagonal,553524.7916093138,7143203.366087817,48536.0014337882,7800,1536,475206451200,47923200,2.4866401217877865,16,15419.318378750875,0.16690296402899865,0.04646073549765096,0.3176882709983505,149376,298752,383385600,0.0008067769261799112,431308800,0.0009076240419524002,9.398633148521185
p07_seed2026082208,selection,26,4,1,1,True,causal_current_input_channel_diagonal,553524.7916093138,7143203.366087817,48536.0014337882,7800,1536,475206451200,47923200,2.4866401217877865,32,11504.904374026017,0.14416935918836848,0.04013238772052507,0.237038569981313,298752,597504,766771200,0.0016135538523598225,814694400,0.0017144009681323113,9.398633148521185
p07_seed2026082208,selection,26,4,1,1,True,causal_current_input_channel_diagonal,553524.7916093138,7143203.366087817,48536.0014337882,7800,1536,475206451200,47923200,2.4866401217877865,64,8054.4566001701605,0.12062840469159987,0.03357929822568199,0.16594808721671916,597504,1195008,1533542400,0.003227107704719645,1581465600,0.003327954820492134,9.398633148521185
p07_seed2026082208,selection,26,4,1,1,True,causal_current_input_channel_diagonal,553524.7916093138,7143203.366087817,48536.0014337882,7800,1536,475206451200,47923200,2.4866401217877865,96,6379.526004484433,0.10735583829059041,0.02988461730422652,0.13143905173828174,896256,1792512,2300313600,0.004840661557079467,2348236800,0.004941508672851956,9.398633148521185
p07_seed2026082208,selection,26,4,1,2,True,causal_current_input_channel_diagonal,553524.7916093138,7143203.366087817,102170.3741780055,7800,1536,475206451200,95846400,2.112980931997299,0,102170.3741780055,0.429629360879395,0.11959581553251675,1.0,0,0,0,0.0,95846400,0.0002016942315449778,0.0
p07_seed2026082208,selection,26,4,1,2,True,causal_current_input_channel_diagonal,553524.7916093138,7143203.366087817,102170.3741780055,7800,1536,475206451200,95846400,2.112980931997299,8,34441.94309212465,0.2494452761081109,0.06943801784361267,0.3371030337111288,74688,149376,191692800,0.0004033884630899556,287539200,0.0006050826946349334,8.948598057031631
p07_seed2026082208,selection,26,4,1,2,True,causal_current_input_channel_diagonal,553524.7916093138,7143203.366087817,102170.3741780055,7800,1536,475206451200,95846400,2.112980931997299,16,25855.450052457745,0.2161262471175295,0.060163008247611706,0.2530621059136185,149376,298752,383385600,0.0008067769261799112,479232000,0.001008471157724889,8.948598057031631
p07_seed2026082208,selection,26,4,1,2,True,causal_current_input_channel_diagonal,553524.7916093138,7143203.366087817,102170.3741780055,7800,1536,475206451200,95846400,2.112980931997299,32,19064.459384188318,0.185585357846094,0.05166134869615716,0.18659478872264842,298752,597504,766771200,0.0016135538523598225,862617600,0.0018152480839048004,8.948598057031631
p07_seed2026082208,selection,26,4,1,2,True,causal_current_input_channel_diagonal,553524.7916093138,7143203.366087817,102170.3741780055,7800,1536,475206451200,95846400,2.112980931997299,64,13222.23112300811,0.15455527549850767,0.043023512592952604,0.12941355289025247,597504,1195008,1533542400,0.003227107704719645,1629388800,0.0034288019362646227,8.948598057031631
p07_seed2026082208,selection,26,4,1,2,True,causal_current_input_channel_diagonal,553524.7916093138,7143203.366087817,102170.3741780055,7800,1536,475206451200,95846400,2.112980931997299,96,10442.515833409678,0.13735169798264002,0.03823455711077681,0.10220688645826762,896256,1792512,2300313600,0.004840661557079467,2396160000,0.005042355788624445,8.948598057031631
p07_seed2026082208,selection,26,4,1,3,True,causal_current_input_channel_diagonal,553524.7916093138,7143203.366087817,770054.2154126716,7800,1536,475206451200,143769600,1.985785085707903,0,770054.2154126716,1.1794841597145074,0.3283327044967495,1.0,0,0,0,0.0,143769600,0.0003025413473174667,0.0
p07_seed2026082208,selection,26,4,1,3,True,causal_current_input_channel_diagonal,553524.7916093138,7143203.366087817,770054.2154126716,7800,1536,475206451200,143769600,1.985785085707903,8,73631.21416032559,0.3647224045435999,0.10152768266370199,0.09561822101147463,74688,149376,191692800,0.0004033884630899556,335462400,0.0007059298104074224,8.948860689997673
p07_seed2026082208,selection,26,4,1,3,True,causal_current_input_channel_diagonal,553524.7916093138,7143203.366087817,770054.2154126716,7800,1536,475206451200,143769600,1.985785085707903,16,51989.52377653553,0.3064709969543659,0.0853122532007535,0.06751410840410496,149376,298752,383385600,0.0008067769261799112,527155200,0.001109318273497378,8.948860689997673
p07_seed2026082208,selection,26,4,1,3,True,causal_current_input_channel_diagonal,553524.7916093138,7143203.366087817,770054.2154126716,7800,1536,475206451200,143769600,1.985785085707903,32,35644.71852546546,0.2537634419270017,0.07064006456047998,0.04628858307888984,298752,597504,766771200,0.0016135538523598225,910540800,0.0019160951996772893,8.948860689997673
p07_seed2026082208,selection,26,4,1,3,True,causal_current_input_channel_diagonal,553524.7916093138,7143203.366087817,770054.2154126716,7800,1536,475206451200,143769600,1.985785085707903,64,23732.657294980716,0.20706402198313661,0.05764035894992734,0.030819462863669524,597504,1195008,1533542400,0.003227107704719645,1677312000,0.0035296490520371118,8.948860689997673
p07_seed2026082208,selection,26,4,1,3,True,causal_current_input_channel_diagonal,553524.7916093138,7143203.366087817,770054.2154126716,7800,1536,475206451200,143769600,1.985785085707903,96,18113.486235630233,0.18089746634237447,0.050356381534770164,0.02352235189814418,896256,1792512,2300313600,0.004840661557079467,2444083200,0.0051432029043969344,8.948860689997673
p07_seed2026082208,selection,26,6,1,1,True,causal_current_input_channel_diagonal,578731.7360376383,6765588.051032621,33676.66915310138,7800,1536,475206451200,47923200,2.8521190397441387,0,33676.66915310138,0.24122700005968545,0.07055239968053362,1.0,0,0,0,0.0,47923200,0.0001008471157724889,0.0
p07_seed2026082208,selection,26,6,1,1,True,causal_current_input_channel_diagonal,578731.7360376383,6765588.051032621,33676.66915310138,7800,1536,475206451200,47923200,2.8521190397441387,8,20845.109602776916,0.18978568085332964,0.0555071994672791,0.6189777707814489,74688,149376,191692800,0.0004033884630899556,239616000,0.0005042355788624445,9.106962010264397
p07_seed2026082208,selection,26,6,1,1,True,causal_current_input_channel_diagonal,578731.7360376383,6765588.051032621,33676.66915310138,7800,1536,475206451200,47923200,2.8521190397441387,16,16936.302631992476,0.17106873875366704,0.05003299807404339,0.5029090778699552,149376,298752,383385600,0.0008067769261799112,431308800,0.0009076240419524002,9.106962010264397
p07_seed2026082208,selection,26,6,1,1,True,causal_current_input_channel_diagonal,578731.7360376383,6765588.051032621,33676.66915310138,7800,1536,475206451200,47923200,2.8521190397441387,32,12999.149291928792,0.14987141804579274,0.043833352750889794,0.38599866367224317,298752,597504,766771200,0.0016135538523598225,814694400,0.0017144009681323113,9.106962010264397
p07_seed2026082208,selection,26,6,1,1,True,causal_current_input_channel_diagonal,578731.7360376383,6765588.051032621,33676.66915310138,7800,1536,475206451200,47923200,2.8521190397441387,64,9283.21866162389,0.12665158838899454,0.0370421780397049,0.2756572693713841,597504,1195008,1533542400,0.003227107704719645,1581465600,0.003327954820492134,9.106962010264397
p07_seed2026082208,selection,26,6,1,1,True,causal_current_input_channel_diagonal,578731.7360376383,6765588.051032621,33676.66915310138,7800,1536,475206451200,47923200,2.8521190397441387,96,7431.5752037851635,0.1133187536507216,0.03314268302009104,0.22067429438801503,896256,1792512,2300313600,0.004840661557079467,2348236800,0.004941508672851956,9.106962010264397
p07_seed2026082208,selection,26,6,1,2,True,causal_current_input_channel_diagonal,578731.7360376383,6765588.051032621,89787.51339145543,7800,1536,475206451200,95846400,2.599561121314764,0,89787.51339145543,0.39388489171510077,0.1152007209040932,1.0,0,0,0,0.0,95846400,0.0002016942315449778,0.0
p07_seed2026082208,selection,26,6,1,2,True,causal_current_input_channel_diagonal,578731.7360376383,6765588.051032621,89787.51339145543,7800,1536,475206451200,95846400,2.599561121314764,8,43470.118259982206,0.2740670098759479,0.08015721795334856,0.4841443606515911,74688,149376,191692800,0.0004033884630899556,287539200,0.0006050826946349334,9.04586398974061
p07_seed2026082208,selection,26,6,1,2,True,causal_current_input_channel_diagonal,578731.7360376383,6765588.051032621,89787.51339145543,7800,1536,475206451200,95846400,2.599561121314764,16,33948.84873241224,0.24219985361143656,0.07083693313904692,0.37810211525332144,149376,298752,383385600,0.0008067769261799112,479232000,0.001008471157724889,9.04586398974061
p07_seed2026082208,selection,26,6,1,2,True,causal_current_input_channel_diagonal,578731.7360376383,6765588.051032621,89787.51339145543,7800,1536,475206451200,95846400,2.599561121314764,32,25751.481815271312,0.21094171037651938,0.061694768231156875,0.28680471087567516,298752,597504,766771200,0.0016135538523598225,862617600,0.0018152480839048004,9.04586398974061
p07_seed2026082208,selection,26,6,1,2,True,causal_current_input_channel_diagonal,578731.7360376383,6765588.051032621,89787.51339145543,7800,1536,475206451200,95846400,2.599561121314764,64,18006.646382059596,0.17639154682428818,0.05158977605631036,0.2005473334114895,597504,1195008,1533542400,0.003227107704719645,1629388800,0.0034288019362646227,9.04586398974061
p07_seed2026082208,selection,26,6,1,2,True,causal_current_input_channel_diagonal,578731.7360376383,6765588.051032621,89787.51339145543,7800,1536,475206451200,95846400,2.599561121314764,96,14258.757691290535,0.1569647725824895,0.04590796788196937,0.15880557501245315,896256,1792512,2300313600,0.004840661557079467,2396160000,0.005042355788624445,9.04586398974061
p07_seed2026082208,selection,26,6,1,3,True,causal_current_input_channel_diagonal,578731.7360376383,6765588.051032621,153583.04456278108,7800,1536,475206451200,143769600,2.5101969949901104,0,153583.04456278108,0.5151491493699291,0.1506672498204658,1.0,0,0,0,0.0,143769600,0.0003025413473174667,0.0
p07_seed2026082208,selection,26,6,1,3,True,causal_current_input_channel_diagonal,578731.7360376383,6765588.051032621,153583.04456278108,7800,1536,475206451200,143769600,2.5101969949901104,8,64318.46926628443,0.333372061566789,0.09750234809604266,0.41878626286955173,74688,149376,191692800,0.0004033884630899556,335462400,0.0007059298104074224,8.928865194320679
p07_seed2026082208,selection,26,6,1,3,True,causal_current_input_channel_diagonal,578731.7360376383,6765588.051032621,153583.04456278108,7800,1536,475206451200,143769600,2.5101969949901104,16,48471.80249877821,0.28940493711369303,0.08464314851866914,0.31560646972136785,149376,298752,383385600,0.0008067769261799112,527155200,0.001109318273497378,8.928865194320679
p07_seed2026082208,selection,26,6,1,3,True,causal_current_input_channel_diagonal,578731.7360376383,6765588.051032621,153583.04456278108,7800,1536,475206451200,143769600,2.5101969949901104,32,36272.391331214356,0.25035106594442236,0.07322094318044119,0.23617445166568882,298752,597504,766771200,0.0016135538523598225,910540800,0.0019160951996772893,8.928865194320679
p07_seed2026082208,selection,26,6,1,3,True,causal_current_input_channel_diagonal,578731.7360376383,6765588.051032621,153583.04456278108,7800,1536,475206451200,143769600,2.5101969949901104,64,24900.146663165287,0.2074255753047915,0.06066639343542544,0.16212822669641758,597504,1195008,1533542400,0.003227107704719645,1677312000,0.0035296490520371118,8.928865194320679
p07_seed2026082208,selection,26,6,1,3,True,causal_current_input_channel_diagonal,578731.7360376383,6765588.051032621,153583.04456278108,7800,1536,475206451200,143769600,2.5101969949901104,96,19635.117569638882,0.18419511312759748,0.05387210899842878,0.1278469093216398,896256,1792512,2300313600,0.004840661557079467,2444083200,0.0051432029043969344,8.928865194320679
p07_seed2026082208,selection,27,4,0,1,True,causal_current_input_channel_diagonal,1496946.530442922,12855671.13054449,59996.18562117387,7800,1536,475206451200,47923200,2.3118387907743454,0,59996.18562117387,0.20019751207481573,0.06831474366631929,1.0,0,0,0,0.0,47923200,0.0001008471157724889,0.0
p07_seed2026082208,selection,27,4,0,1,True,causal_current_input_channel_diagonal,1496946.530442922,12855671.13054449,59996.18562117387,7800,1536,475206451200,47923200,2.3118387907743454,8,25002.325863313978,0.12923705757150583,0.04410043046332845,0.41673192393030933,74688,149376,191692800,0.0004033884630899556,239616000,0.0005042355788624445,9.029826149344444
p07_seed2026082208,selection,27,4,0,1,True,causal_current_input_channel_diagonal,1496946.530442922,12855671.13054449,59996.18562117387,7800,1536,475206451200,47923200,2.3118387907743454,16,18305.430690213456,0.11058260889059437,0.037734847461494095,0.30510990823853124,149376,298752,383385600,0.0008067769261799112,431308800,0.0009076240419524002,9.029826149344444
p07_seed2026082208,selection,27,4,0,1,True,causal_current_input_channel_diagonal,1496946.530442922,12855671.13054449,59996.18562117387,7800,1536,475206451200,47923200,2.3118387907743454,32,13088.237919743413,0.09350556236637411,0.03190753200792372,0.2181511671742268,298752,597504,766771200,0.0016135538523598225,814694400,0.0017144009681323113,9.029826149344444
p07_seed2026082208,selection,27,4,0,1,True,causal_current_input_channel_diagonal,1496946.530442922,12855671.13054449,59996.18562117387,7800,1536,475206451200,47923200,2.3118387907743454,64,8919.782177480978,0.07719229986379894,0.026340847713623772,0.14867248783902678,597504,1195008,1533542400,0.003227107704719645,1581465600,0.003327954820492134,9.029826149344444
p07_seed2026082208,selection,27,4,0,1,True,causal_current_input_channel_diagonal,1496946.530442922,12855671.13054449,59996.18562117387,7800,1536,475206451200,47923200,2.3118387907743454,96,6928.160505053129,0.06803083887819955,0.02321462075728519,0.11547668294353183,896256,1792512,2300313600,0.004840661557079467,2348236800,0.004941508672851956,9.029826149344444
p07_seed2026082208,selection,27,4,0,2,True,causal_current_input_channel_diagonal,1496946.530442922,12855671.13054449,164969.57694388175,7800,1536,475206451200,95846400,2.1114950068295,0,164969.57694388175,0.3319699601562362,0.11328034248755474,1.0,0,0,0,0.0,95846400,0.0002016942315449778,0.0
p07_seed2026082208,selection,27,4,0,2,True,causal_current_input_channel_diagonal,1496946.530442922,12855671.13054449,164969.57694388175,7800,1536,475206451200,95846400,2.1114950068295,8,50624.417251639476,0.18389794429000306,0.06275273251267842,0.30687123159741186,74688,149376,191692800,0.0004033884630899556,287539200,0.0006050826946349334,8.928623981773853
p07_seed2026082208,selection,27,4,0,2,True,causal_current_input_channel_diagonal,1496946.530442922,12855671.13054449,164969.57694388175,7800,1536,475206451200,95846400,2.1114950068295,16,36138.18643272345,0.15537460336814496,0.05301952102873365,0.2190597024195391,149376,298752,383385600,0.0008067769261799112,479232000,0.001008471157724889,8.928623981773853
p07_seed2026082208,selection,27,4,0,2,True,causal_current_input_channel_diagonal,1496946.530442922,12855671.13054449,164969.57694388175,7800,1536,475206451200,95846400,2.1114950068295,32,25441.080046323506,0.13036608640753167,0.04448569656741551,0.15421679874706704,298752,597504,766771200,0.0016135538523598225,862617600,0.0018152480839048004,8.928623981773853
p07_seed2026082208,selection,27,4,0,2,True,causal_current_input_channel_diagonal,1496946.530442922,12855671.13054449,164969.57694388175,7800,1536,475206451200,95846400,2.1114950068295,64,16813.7591743393,0.10598130608150276,0.036164713953457606,0.10192036305256802,597504,1195008,1533542400,0.003227107704719645,1629388800,0.0034288019362646227,8.928623981773853
p07_seed2026082208,selection,27,4,0,2,True,causal_current_input_channel_diagonal,1496946.530442922,12855671.13054449,164969.57694388175,7800,1536,475206451200,95846400,2.1114950068295,96,12907.730056426808,0.09285852761830712,0.03168673998858594,0.07824309364103045,896256,1792512,2300313600,0.004840661557079467,2396160000,0.005042355788624445,8.928623981773853
p07_seed2026082208,selection,27,4,0,3,True,causal_current_input_channel_diagonal,1496946.530442922,12855671.13054449,816253.8541125739,7800,1536,475206451200,143769600,1.9835797138512135,0,816253.8541125739,0.7384302484084618,0.2519795206876922,1.0,0,0,0,0.0,143769600,0.0003025413473174667,0.0
p07_seed2026082208,selection,27,4,0,3,True,causal_current_input_channel_diagonal,1496946.530442922,12855671.13054449,816253.8541125739,7800,1536,475206451200,143769600,1.9835797138512135,8,87616.68466097221,0.24193029996082793,0.0825555035906902,0.10733999505133089,74688,149376,191692800,0.0004033884630899556,335462400,0.0007059298104074224,8.920505177229643
p07_seed2026082208,selection,27,4,0,3,True,causal_current_input_channel_diagonal,1496946.530442922,12855671.13054449,816253.8541125739,7800,1536,475206451200,143769600,1.9835797138512135,16,62565.225596977165,0.2044388189843508,0.06976203335205122,0.07664922533820068,149376,298752,383385600,0.0008067769261799112,527155200,0.001109318273497378,8.920505177229643
p07_seed2026082208,selection,27,4,0,3,True,causal_current_input_channel_diagonal,1496946.530442922,12855671.13054449,816253.8541125739,7800,1536,475206451200,143769600,1.9835797138512135,32,42388.21427027462,0.1682749291958406,0.057421585984474374,0.051930185758703465,298752,597504,766771200,0.0016135538523598225,910540800,0.0019160951996772893,8.920505177229643
p07_seed2026082208,selection,27,4,0,3,True,causal_current_input_channel_diagonal,1496946.530442922,12855671.13054449,816253.8541125739,7800,1536,475206451200,143769600,1.9835797138512135,64,27005.235398683,0.13431386287897173,0.045832822887334854,0.033084358821281315,597504,1195008,1533542400,0.003227107704719645,1677312000,0.0035296490520371118,8.920505177229643
p07_seed2026082208,selection,27,4,0,3,True,causal_current_input_channel_diagonal,1496946.530442922,12855671.13054449,816253.8541125739,7800,1536,475206451200,143769600,1.9835797138512135,96,20315.452841834165,0.11649575750709532,0.039752630938474316,0.02488864553533346,896256,1792512,2300313600,0.004840661557079467,2444083200,0.0051432029043969344,8.920505177229643
p07_seed2026082208,selection,27,6,0,1,True,causal_current_input_channel_diagonal,1449508.827769297,11963519.736428844,28636.74642045085,7800,1536,475206451200,47923200,2.862976398319006,0,28636.74642045085,0.14055665222732136,0.04892517094054519,1.0,0,0,0,0.0,47923200,0.0001008471157724889,0.0
p07_seed2026082208,selection,27,6,0,1,True,causal_current_input_channel_diagonal,1449508.827769297,11963519.736428844,28636.74642045085,7800,1536,475206451200,47923200,2.862976398319006,8,18292.80620331837,0.1123387880890082,0.03910305434437531,0.6387878683826307,74688,149376,191692800,0.0004033884630899556,239616000,0.0005042355788624445,9.064381010830402
p07_seed2026082208,selection,27,6,0,1,True,causal_current_input_channel_diagonal,1449508.827769297,11963519.736428844,28636.74642045085,7800,1536,475206451200,47923200,2.862976398319006,16,14769.77090670733,0.10094305566588747,0.03513641066043076,0.5157628834598311,149376,298752,383385600,0.0008067769261799112,431308800,0.0009076240419524002,9.064381010830402
p07_seed2026082208,selection,27,6,0,1,True,causal_current_input_channel_diagonal,1449508.827769297,11963519.736428844,28636.74642045085,7800,1536,475206451200,47923200,2.862976398319006,32,11165.207953295627,0.08776532710820001,0.030549487081386932,0.3898909390534463,298752,597504,766771200,0.0016135538523598225,814694400,0.0017144009681323113,9.064381010830402
p07_seed2026082208,selection,27,6,0,1,True,causal_current_input_channel_diagonal,1449508.827769297,11963519.736428844,28636.74642045085,7800,1536,475206451200,47923200,2.862976398319006,64,7878.120439626273,0.07372263945656088,0.025661487239800062,0.27510529038336384,597504,1195008,1533542400,0.003227107704719645,1581465600,0.003327954820492134,9.064381010830402
p07_seed2026082208,selection,27,6,0,1,True,causal_current_input_channel_diagonal,1449508.827769297,11963519.736428844,28636.74642045085,7800,1536,475206451200,47923200,2.862976398319006,96,6276.858018513347,0.06580527679578797,0.022905599735093905,0.2191889374009338,896256,1792512,2300313600,0.004840661557079467,2348236800,0.004941508672851956,9.064381010830402
p07_seed2026082208,selection,27,6,0,2,True,causal_current_input_channel_diagonal,1449508.827769297,11963519.736428844,96013.26836153987,7800,1536,475206451200,95846400,2.5996812619268894,0,96013.26836153987,0.25736838332449835,0.08958517401565753,1.0,0,0,0,0.0,95846400,0.0002016942315449778,0.0
p07_seed2026082208,selection,27,6,0,2,True,causal_current_input_channel_diagonal,1449508.827769297,11963519.736428844,96013.26836153987,7800,1536,475206451200,95846400,2.5996812619268894,8,50965.74669624686,0.18751186933697894,0.06526941354476583,0.5308198290527716,74688,149376,191692800,0.0004033884630899556,287539200,0.0006050826946349334,9.000230114907026
p07_seed2026082208,selection,27,6,0,2,True,causal_current_input_channel_diagonal,1449508.827769297,11963519.736428844,96013.26836153987,7800,1536,475206451200,95846400,2.5996812619268894,16,38724.55312069657,0.16344919088249804,0.05689364023188939,0.4033250172941518,149376,298752,383385600,0.0008067769261799112,479232000,0.001008471157724889,9.000230114907026
p07_seed2026082208,selection,27,6,0,2,True,causal_current_input_channel_diagonal,1449508.827769297,11963519.736428844,96013.26836153987,7800,1536,475206451200,95846400,2.5996812619268894,32,28170.72922581213,0.13940829391349527,0.048525448651243135,0.2934045440570127,298752,597504,766771200,0.0016135538523598225,862617600,0.0018152480839048004,9.000230114907026
p07_seed2026082208,selection,27,6,0,2,True,causal_current_input_channel_diagonal,1449508.827769297,11963519.736428844,96013.26836153987,7800,1536,475206451200,95846400,2.5996812619268894,64,19430.455450522422,0.11577933691825569,0.040300645756327746,0.20237260727553197,597504,1195008,1533542400,0.003227107704719645,1629388800,0.0034288019362646227,9.000230114907026
p07_seed2026082208,selection,27,6,0,2,True,causal_current_input_channel_diagonal,1449508.827769297,11963519.736428844,96013.26836153987,7800,1536,475206451200,95846400,2.5996812619268894,96,15185.280911837224,0.10235309576657882,0.0356272195397414,0.1581581501352425,896256,1792512,2300313600,0.004840661557079467,2396160000,0.005042355788624445,9.000230114907026
p07_seed2026082208,selection,27,6,0,3,True,causal_current_input_channel_diagonal,1449508.827769297,11963519.736428844,212438.95317993543,7800,1536,475206451200,143769600,2.514971885830164,0,212438.95317993543,0.38283059999365016,0.13325625112121212,1.0,0,0,0,0.0,143769600,0.0003025413473174667,0.0
p07_seed2026082208,selection,27,6,0,3,True,causal_current_input_channel_diagonal,1449508.827769297,11963519.736428844,212438.95317993543,7800,1536,475206451200,143769600,2.514971885830164,8,90968.05425189511,0.2505151646093935,0.08719969533630495,0.4282079764027398,74688,149376,191692800,0.0004033884630899556,335462400,0.0007059298104074224,8.960206061601639
p07_seed2026082208,selection,27,6,0,3,True,causal_current_input_channel_diagonal,1449508.827769297,11963519.736428844,212438.95317993543,7800,1536,475206451200,143769600,2.514971885830164,16,65292.242702941934,0.21223663965432885,0.07387564878922569,0.3073459067861822,149376,298752,383385600,0.0008067769261799112,527155200,0.001109318273497378,8.960206061601639
p07_seed2026082208,selection,27,6,0,3,True,causal_current_input_channel_diagonal,1449508.827769297,11963519.736428844,212438.95317993543,7800,1536,475206451200,143769600,2.514971885830164,32,45982.54743549184,0.17810908865121863,0.06199647949947231,0.21645064027281594,298752,597504,766771200,0.0016135538523598225,910540800,0.0019160951996772893,8.960206061601639
p07_seed2026082208,selection,27,6,0,3,True,causal_current_input_channel_diagonal,1449508.827769297,11963519.736428844,212438.95317993543,7800,1536,475206451200,143769600,2.514971885830164,64,30926.984985698044,0.14606910203637913,0.05084395276222053,0.1455805751356695,597504,1195008,1533542400,0.003227107704719645,1677312000,0.0035296490520371118,8.960206061601639
p07_seed2026082208,selection,27,6,0,3,True,causal_current_input_channel_diagonal,1449508.827769297,11963519.736428844,212438.95317993543,7800,1536,475206451200,143769600,2.514971885830164,96,23866.85896528323,0.12831788746203607,0.044665083290803105,0.11234690534672627,896256,1792512,2300313600,0.004840661557079467,2444083200,0.0051432029043969344,8.960206061601639
p07_seed2026082208,selection,27,4,1,1,True,causal_current_input_channel_diagonal,1448131.4077807865,12694141.368805561,87756.4094718622,7800,1536,475206451200,47923200,2.3428499698638916,0,87756.4094718622,0.2461701762150988,0.08314531015261294,1.0,0,0,0,0.0,47923200,0.0001008471157724889,0.0
p07_seed2026082208,selection,27,4,1,1,True,causal_current_input_channel_diagonal,1448131.4077807865,12694141.368805561,87756.4094718622,7800,1536,475206451200,47923200,2.3428499698638916,8,30596.069899449314,0.14535461856585083,0.04909430958936428,0.3486476951842137,74688,149376,191692800,0.0004033884630899556,239616000,0.0005042355788624445,9.179031010717154
p07_seed2026082208,selection,27,4,1,1,True,causal_current_input_channel_diagonal,1448131.4077807865,12694141.368805561,87756.4094718622,7800,1536,475206451200,47923200,2.3428499698638916,16,21099.77399121225,0.12070768345175606,0.04076967377896409,0.24043570285726049,149376,298752,383385600,0.0008067769261799112,431308800,0.0009076240419524002,9.179031010717154
p07_seed2026082208,selection,27,4,1,1,True,causal_current_input_channel_diagonal,1448131.4077807865,12694141.368805561,87756.4094718622,7800,1536,475206451200,47923200,2.3428499698638916,32,14748.408405795286,0.10091798982645961,0.034085597585823926,0.1680607547052492,298752,597504,766771200,0.0016135538523598225,814694400,0.0017144009681323113,9.179031010717154
p07_seed2026082208,selection,27,4,1,1,True,causal_current_input_channel_diagonal,1448131.4077807865,12694141.368805561,87756.4094718622,7800,1536,475206451200,47923200,2.3428499698638916,64,9956.12775498518,0.08291655388131272,0.028005515108473725,0.1134518585603584,597504,1195008,1533542400,0.003227107704719645,1581465600,0.003327954820492134,9.179031010717154
p07_seed2026082208,selection,27,4,1,1,True,causal_current_input_channel_diagonal,1448131.4077807865,12694141.368805561,87756.4094718622,7800,1536,475206451200,47923200,2.3428499698638916,96,7706.488242829408,0.07294982823778229,0.02463919954751297,0.08781681348803146,896256,1792512,2300313600,0.004840661557079467,2348236800,0.004941508672851956,9.179031010717154
p07_seed2026082208,selection,27,4,1,2,True,causal_current_input_channel_diagonal,1448131.4077807865,12694141.368805561,198216.26075538198,7800,1536,475206451200,95846400,2.118745818734169,0,198216.26075538198,0.3699692704297725,0.12495912465830472,1.0,0,0,0,0.0,95846400,0.0002016942315449778,0.0
p07_seed2026082208,selection,27,4,1,2,True,causal_current_input_channel_diagonal,1448131.4077807865,12694141.368805561,198216.26075538198,7800,1536,475206451200,95846400,2.118745818734169,8,52942.089351998584,0.19120381439265657,0.06458012377644383,0.26709256419604593,74688,149376,191692800,0.0004033884630899556,287539200,0.0006050826946349334,8.970266673713923
p07_seed2026082208,selection,27,4,1,2,True,causal_current_input_channel_diagonal,1448131.4077807865,12694141.368805561,198216.26075538198,7800,1536,475206451200,95846400,2.118745818734169,16,37198.17330171104,0.16027169143248773,0.05413263173356226,0.18766458997311625,149376,298752,383385600,0.0008067769261799112,479232000,0.001008471157724889,8.970266673713923
p07_seed2026082208,selection,27,4,1,2,True,causal_current_input_channel_diagonal,1448131.4077807865,12694141.368805561,198216.26075538198,7800,1536,475206451200,95846400,2.118745818734169,32,25612.1012775517,0.13298988755738886,0.04491805472998646,0.12921291714022362,298752,597504,766771200,0.0016135538523598225,862617600,0.0018152480839048004,8.970266673713923
p07_seed2026082208,selection,27,4,1,2,True,causal_current_input_channel_diagonal,1448131.4077807865,12694141.368805561,198216.26075538198,7800,1536,475206451200,95846400,2.118745818734169,64,17061.45474978711,0.10854355537378584,0.036661173645726144,0.08607495007870176,597504,1195008,1533542400,0.003227107704719645,1629388800,0.0034288019362646227,8.970266673713923
p07_seed2026082208,selection,27,4,1,2,True,causal_current_input_channel_diagonal,1448131.4077807865,12694141.368805561,198216.26075538198,7800,1536,475206451200,95846400,2.118745818734169,96,13154.534132146393,0.09530896418248824,0.03219111879886291,0.06636455597358763,896256,1792512,2300313600,0.004840661557079467,2396160000,0.005042355788624445,8.970266673713923
p07_seed2026082208,selection,27,4,1,3,True,causal_current_input_channel_diagonal,1448131.4077807865,12694141.368805561,2043481.6293587824,7800,1536,475206451200,143769600,1.986473798751831,0,2043481.6293587824,1.1879041033027906,0.40122104399181946,1.0,0,0,0,0.0,143769600,0.0003025413473174667,0.0
p07_seed2026082208,selection,27,4,1,3,True,causal_current_input_channel_diagonal,1448131.4077807865,12694141.368805561,2043481.6293587824,7800,1536,475206451200,143769600,1.986473798751831,8,123241.54466670612,0.29172562574812655,0.0985319099381843,0.06030959265564253,74688,149376,191692800,0.0004033884630899556,335462400,0.0007059298104074224,8.893012069165707
p07_seed2026082208,selection,27,4,1,3,True,causal_current_input_channel_diagonal,1448131.4077807865,12694141.368805561,2043481.6293587824,7800,1536,475206451200,143769600,1.986473798751831,16,82297.37055572495,0.238390526791049,0.08051769142890525,0.04027311494893239,149376,298752,383385600,0.0008067769261799112,527155200,0.001109318273497378,8.893012069165707
p07_seed2026082208,selection,27,4,1,3,True,causal_current_input_channel_diagonal,1448131.4077807865,12694141.368805561,2043481.6293587824,7800,1536,475206451200,143769600,1.986473798751831,32,52872.92178228311,0.19107887197238366,0.06453792379737028,0.02587394034882287,298752,597504,766771200,0.0016135538523598225,910540800,0.0019160951996772893,8.893012069165707
p07_seed2026082208,selection,27,4,1,3,True,causal_current_input_channel_diagonal,1448131.4077807865,12694141.368805561,2043481.6293587824,7800,1536,475206451200,143769600,1.986473798751831,64,33061.72118652612,0.1510980094893335,0.051034170977136147,0.01617911348519865,597504,1195008,1533542400,0.003227107704719645,1677312000,0.0035296490520371118,8.893012069165707
p07_seed2026082208,selection,27,4,1,3,True,causal_current_input_channel_diagonal,1448131.4077807865,12694141.368805561,2043481.6293587824,7800,1536,475206451200,143769600,1.986473798751831,96,24664.34164461121,0.1305060897173201,0.04407913855848217,0.012069764313072195,896256,1792512,2300313600,0.004840661557079467,2444083200,0.0051432029043969344,8.893012069165707
p07_seed2026082208,selection,27,6,1,1,True,causal_current_input_channel_diagonal,1430942.1121665998,11928450.094370494,52619.38430567712,7800,1536,475206451200,47923200,2.860636916011572,0,52619.38430567712,0.1917616900329071,0.06641724730810465,1.0,0,0,0,0.0,47923200,0.0001008471157724889,0.0
p07_seed2026082208,selection,27,6,1,1,True,causal_current_input_channel_diagonal,1430942.1121665998,11928450.094370494,52619.38430567712,7800,1536,475206451200,47923200,2.860636916011572,8,30691.26614856715,0.14645235854028082,0.05072422189414296,0.5832691992536815,74688,149376,191692800,0.0004033884630899556,239616000,0.0005042355788624445,8.964471984654665
p07_seed2026082208,selection,27,6,1,1,True,causal_current_input_channel_diagonal,1430942.1121665998,11928450.094370494,52619.38430567712,7800,1536,475206451200,47923200,2.860636916011572,16,23821.63030113069,0.12902524953382274,0.04468828943782909,0.45271586917916745,149376,298752,383385600,0.0008067769261799112,431308800,0.0009076240419524002,8.964471984654665
p07_seed2026082208,selection,27,6,1,1,True,causal_current_input_channel_diagonal,1430942.1121665998,11928450.094370494,52619.38430567712,7800,1536,475206451200,47923200,2.860636916011572,32,17525.28284542582,0.1106678532284535,0.038330149132863235,0.3330575429004587,298752,597504,766771200,0.0016135538523598225,814694400,0.0017144009681323113,8.964471984654665
p07_seed2026082208,selection,27,6,1,1,True,causal_current_input_channel_diagonal,1430942.1121665998,11928450.094370494,52619.38430567712,7800,1536,475206451200,47923200,2.860636916011572,64,12015.436197628092,0.09163444173156333,0.03173786890061797,0.2283461951601962,597504,1195008,1533542400,0.003227107704719645,1581465600,0.003327954820492134,8.964471984654665
p07_seed2026082208,selection,27,6,1,1,True,causal_current_input_channel_diagonal,1430942.1121665998,11928450.094370494,52619.38430567712,7800,1536,475206451200,47923200,2.860636916011572,96,9327.432228758502,0.08073651862404646,0.027963339931602074,0.1772622837006985,896256,1792512,2300313600,0.004840661557079467,2348236800,0.004941508672851956,8.964471984654665
p07_seed2026082208,selection,27,6,1,2,True,causal_current_input_channel_diagonal,1430942.1121665998,11928450.094370494,152144.18179188448,7800,1536,475206451200,95846400,2.604333683848381,0,152144.18179188448,0.3260743535717513,0.11293684874329661,1.0,0,0,0,0.0,95846400,0.0002016942315449778,0.0
p07_seed2026082208,selection,27,6,1,2,True,causal_current_input_channel_diagonal,1430942.1121665998,11928450.094370494,152144.18179188448,7800,1536,475206451200,95846400,2.604333683848381,8,69573.99461838015,0.22050195133935518,0.0763715246330612,0.45728987986724784,74688,149376,191692800,0.0004033884630899556,287539200,0.0006050826946349334,8.97138100117445
p07_seed2026082208,selection,27,6,1,2,True,causal_current_input_channel_diagonal,1430942.1121665998,11928450.094370494,152144.18179188448,7800,1536,475206451200,95846400,2.604333683848381,16,50772.70063277938,0.18836668710681356,0.06524137767055921,0.3337143756119143,149376,298752,383385600,0.0008067769261799112,479232000,0.001008471157724889,8.97138100117445
p07_seed2026082208,selection,27,6,1,2,True,causal_current_input_channel_diagonal,1430942.1121665998,11928450.094370494,152144.18179188448,7800,1536,475206451200,95846400,2.604333683848381,32,35900.78732764673,0.1583948124505064,0.05486052729844442,0.23596556176267192,298752,597504,766771200,0.0016135538523598225,862617600,0.0018152480839048004,8.97138100117445
p07_seed2026082208,selection,27,6,1,2,True,causal_current_input_channel_diagonal,1430942.1121665998,11928450.094370494,152144.18179188448,7800,1536,475206451200,95846400,2.604333683848381,64,24293.956893691502,0.13029810386177526,0.045129146423769854,0.1596771996541563,597504,1195008,1533542400,0.003227107704719645,1629388800,0.0034288019362646227,8.97138100117445
p07_seed2026082208,selection,27,6,1,2,True,causal_current_input_channel_diagonal,1430942.1121665998,11928450.094370494,152144.18179188448,7800,1536,475206451200,95846400,2.604333683848381,96,18726.708718773734,0.11439833278243776,0.03962221212559282,0.12308527672284404,896256,1792512,2300313600,0.004840661557079467,2396160000,0.005042355788624445,8.97138100117445
p07_seed2026082208,selection,27,6,1,3,True,causal_current_input_channel_diagonal,1430942.1121665998,11928450.094370494,279556.1653960018,7800,1536,475206451200,143769600,2.5190808810293674,0,279556.1653960018,0.44200125743220575,0.15308848613260728,1.0,0,0,0,0.0,143769600,0.0003025413473174667,0.0
p07_seed2026082208,selection,27,6,1,3,True,causal_current_input_channel_diagonal,1430942.1121665998,11928450.094370494,279556.1653960018,7800,1536,475206451200,143769600,2.5190808810293674,8,107583.89347936108,0.2741969351950331,0.09496894636696049,0.3848382071324456,74688,149376,191692800,0.0004033884630899556,335462400,0.0007059298104074224,8.878344669938087
p07_seed2026082208,selection,27,6,1,3,True,causal_current_input_channel_diagonal,1430942.1121665998,11928450.094370494,279556.1653960018,7800,1536,475206451200,143769600,2.5190808810293674,16,75212.24872456476,0.22926262162987335,0.07940580955811717,0.2690416382737979,149376,298752,383385600,0.0008067769261799112,527155200,0.001109318273497378,8.878344669938087
p07_seed2026082208,selection,27,6,1,3,True,causal_current_input_channel_diagonal,1430942.1121665998,11928450.094370494,279556.1653960018,7800,1536,475206451200,143769600,2.5190808810293674,32,51739.31651882568,0.19015130537886737,0.06585948566233389,0.1850766426405899,298752,597504,766771200,0.0016135538523598225,910540800,0.0019160951996772893,8.878344669938087
p07_seed2026082208,selection,27,6,1,3,True,causal_current_input_channel_diagonal,1430942.1121665998,11928450.094370494,279556.1653960018,7800,1536,475206451200,143769600,2.5190808810293674,64,34551.16935102994,0.15538902533212046,0.05381946374522325,0.12359294349140365,597504,1195008,1533542400,0.003227107704719645,1677312000,0.0035296490520371118,8.878344669938087
p07_seed2026082208,selection,27,6,1,3,True,causal_current_input_channel_diagonal,1430942.1121665998,11928450.094370494,279556.1653960018,7800,1536,475206451200,143769600,2.5190808810293674,96,26409.471664469602,0.13585287197898344,0.04705305733484119,0.09446928715792711,896256,1792512,2300313600,0.004840661557079467,2444083200,0.0051432029043969344,8.878344669938087
p07_seed2026082208,selection,28,4,0,1,True,causal_current_input_channel_diagonal,1760623.1655638157,14865952.648234721,101079.60440760471,7800,1536,475206451200,47923200,2.238011918962002,0,101079.60440760471,0.23960648098381476,0.08245849314886575,1.0,0,0,0,0.0,47923200,0.0001008471157724889,0.0
p07_seed2026082208,selection,28,4,0,1,True,causal_current_input_channel_diagonal,1760623.1655638157,14865952.648234721,101079.60440760471,7800,1536,475206451200,47923200,2.238011918962002,8,30622.3939101195,0.13188225472428464,0.045386134602819775,0.3029532425364553,74688,149376,191692800,0.0004033884630899556,239616000,0.0005042355788624445,9.120904374867678
p07_seed2026082208,selection,28,4,0,1,True,causal_current_input_channel_diagonal,1760623.1655638157,14865952.648234721,101079.60440760471,7800,1536,475206451200,47923200,2.238011918962002,16,21468.1980887267,0.1104242837706941,0.03800155993021429,0.212389019665945,149376,298752,383385600,0.0008067769261799112,431308800,0.0009076240419524002,9.120904374867678
p07_seed2026082208,selection,28,4,0,1,True,causal_current_input_channel_diagonal,1760623.1655638157,14865952.648234721,101079.60440760471,7800,1536,475206451200,47923200,2.238011918962002,32,14922.238750924254,0.09206271665374413,0.031682585793543376,0.14762858281963775,298752,597504,766771200,0.0016135538523598225,814694400,0.0017144009681323113,9.120904374867678
p07_seed2026082208,selection,28,4,0,1,True,causal_current_input_channel_diagonal,1760623.1655638157,14865952.648234721,101079.60440760471,7800,1536,475206451200,47923200,2.238011918962002,64,9847.631520813302,0.07478813253125034,0.02573768743075502,0.09742451583932851,597504,1195008,1533542400,0.003227107704719645,1581465600,0.003327954820492134,9.120904374867678
p07_seed2026082208,selection,28,4,0,1,True,causal_current_input_channel_diagonal,1760623.1655638157,14865952.648234721,101079.60440760471,7800,1536,475206451200,47923200,2.238011918962002,96,7506.24074939097,0.06529471624064488,0.022470610518043718,0.07426068585499404,896256,1792512,2300313600,0.004840661557079467,2348236800,0.004941508672851956,9.120904374867678
p07_seed2026082208,selection,28,4,0,2,True,causal_current_input_channel_diagonal,1760623.1655638157,14865952.648234721,475180.5239247773,7800,1536,475206451200,95846400,2.140477765351534,0,475180.5239247773,0.5195126298168952,0.17878576760784434,1.0,0,0,0,0.0,95846400,0.0002016942315449778,0.0
p07_seed2026082208,selection,28,4,0,2,True,causal_current_input_channel_diagonal,1760623.1655638157,14865952.648234721,475180.5239247773,7800,1536,475206451200,95846400,2.140477765351534,8,67331.32651074999,0.1955579065247556,0.06729955813034685,0.14169630934065608,74688,149376,191692800,0.0004033884630899556,287539200,0.0006050826946349334,8.952671661973
p07_seed2026082208,selection,28,4,0,2,True,causal_current_input_channel_diagonal,1760623.1655638157,14865952.648234721,475180.5239247773,7800,1536,475206451200,95846400,2.140477765351534,16,46244.34978386643,0.16206757460636484,0.05577415074692801,0.09731953953389075,149376,298752,383385600,0.0008067769261799112,479232000,0.001008471157724889,8.952671661973
p07_seed2026082208,selection,28,4,0,2,True,causal_current_input_channel_diagonal,1760623.1655638157,14865952.648234721,475180.5239247773,7800,1536,475206451200,95846400,2.140477765351534,32,31278.634773212194,0.13328788866263994,0.04586987133648313,0.06582474070031669,298752,597504,766771200,0.0016135538523598225,862617600,0.0018152480839048004,8.952671661973
p07_seed2026082208,selection,28,4,0,2,True,causal_current_input_channel_diagonal,1760623.1655638157,14865952.648234721,475180.5239247773,7800,1536,475206451200,95846400,2.140477765351534,64,20089.643765802437,0.10682008322283174,0.036761205558484576,0.04227791913661819,597504,1195008,1533542400,0.003227107704719645,1629388800,0.0034288019362646227,8.952671661973
p07_seed2026082208,selection,28,4,0,2,True,causal_current_input_channel_diagonal,1760623.1655638157,14865952.648234721,475180.5239247773,7800,1536,475206451200,95846400,2.140477765351534,96,15167.643062731076,0.09281664028360039,0.03194204207457556,0.03191974901968197,896256,1792512,2300313600,0.004840661557079467,2396160000,0.005042355788624445,8.952671661973
p07_seed2026082208,selection,28,4,0,3,True,causal_current_input_channel_diagonal,1760623.1655638157,14865952.648234721,2541599.8692534016,7800,1536,475206451200,143769600,1.9958079792559147,0,2541599.8692534016,1.2014906177736981,0.4134825797170791,1.0,0,0,0,0.0,143769600,0.0003025413473174667,0.0
p07_seed2026082208,selection,28,4,0,3,True,causal_current_input_channel_diagonal,1760623.1655638157,14865952.648234721,2541599.8692534016,7800,1536,475206451200,143769600,1.9958079792559147,8,140230.3804392428,0.2822200407383559,0.09712358029776456,0.05517405872304272,74688,149376,191692800,0.0004033884630899556,335462400,0.0007059298104074224,8.927810937166214
p07_seed2026082208,selection,28,4,0,3,True,causal_current_input_channel_diagonal,1760623.1655638157,14865952.648234721,2541599.8692534016,7800,1536,475206451200,143769600,1.9958079792559147,16,96040.64134202246,0.23355776993552693,0.08037688168123436,0.03778747492950925,149376,298752,383385600,0.0008067769261799112,527155200,0.001109318273497378,8.927810937166214
p07_seed2026082208,selection,28,4,0,3,True,causal_current_input_channel_diagonal,1760623.1655638157,14865952.648234721,2541599.8692534016,7800,1536,475206451200,143769600,1.9958079792559147,32,62186.51307817316,0.18793812813075395,0.0646772774561438,0.024467467845478496,298752,597504,766771200,0.0016135538523598225,910540800,0.0019160951996772893,8.927810937166214
p07_seed2026082208,selection,28,4,0,3,True,causal_current_input_channel_diagonal,1760623.1655638157,14865952.648234721,2541599.8692534016,7800,1536,475206451200,143769600,1.9958079792559147,64,37819.94415418198,0.1465639752017959,0.050438721421162985,0.014880369097829856,597504,1195008,1533542400,0.003227107704719645,1677312000,0.0035296490520371118,8.927810937166214
p07_seed2026082208,selection,28,4,0,3,True,causal_current_input_channel_diagonal,1760623.1655638157,14865952.648234721,2541599.8692534016,7800,1536,475206451200,143769600,1.9958079792559147,96,27420.69046998024,0.12479752926262276,0.04294798775661029,0.010788751920077418,896256,1792512,2300313600,0.004840661557079467,2444083200,0.0051432029043969344,8.927810937166214
p07_seed2026082208,selection,28,6,0,1,True,causal_current_input_channel_diagonal,1744775.69040646,13759794.68145059,38208.93733670795,7800,1536,475206451200,47923200,2.8459522873163223,0,38208.93733670795,0.14798329012895217,0.052695860757837956,1.0,0,0,0,0.0,47923200,0.0001008471157724889,0.0
p07_seed2026082208,selection,28,6,0,1,True,causal_current_input_channel_diagonal,1744775.69040646,13759794.68145059,38208.93733670795,7800,1536,475206451200,47923200,2.8459522873163223,8,21884.92713197925,0.11199606182609904,0.03988104923381267,0.5727698454063507,74688,149376,191692800,0.0004033884630899556,239616000,0.0005042355788624445,9.104798082262278
p07_seed2026082208,selection,28,6,0,1,True,causal_current_input_channel_diagonal,1744775.69040646,13759794.68145059,38208.93733670795,7800,1536,475206451200,47923200,2.8459522873163223,16,17203.28810821389,0.09929695492772615,0.03535898212554371,0.45024251672394927,149376,298752,383385600,0.0008067769261799112,431308800,0.0009076240419524002,9.104798082262278
p07_seed2026082208,selection,28,6,0,1,True,causal_current_input_channel_diagonal,1744775.69040646,13759794.68145059,38208.93733670795,7800,1536,475206451200,47923200,2.8459522873163223,32,12657.961330082187,0.08517498807745247,0.030330244096267847,0.3312827367652765,298752,597504,766771200,0.0016135538523598225,814694400,0.0017144009681323113,9.104798082262278
p07_seed2026082208,selection,28,6,0,1,True,causal_current_input_channel_diagonal,1744775.69040646,13759794.68145059,38208.93733670795,7800,1536,475206451200,47923200,2.8459522873163223,64,8684.60866386247,0.07055134959903715,0.025122864152491545,0.22729259877436434,597504,1195008,1533542400,0.003227107704719645,1581465600,0.003327954820492134,9.104798082262278
p07_seed2026082208,selection,28,6,0,1,True,causal_current_input_channel_diagonal,1744775.69040646,13759794.68145059,38208.93733670795,7800,1536,475206451200,47923200,2.8459522873163223,96,6795.995298693531,0.062410366657079594,0.022223914526709448,0.17786402271940954,896256,1792512,2300313600,0.004840661557079467,2348236800,0.004941508672851956,9.104798082262278
p07_seed2026082208,selection,28,6,0,2,True,causal_current_input_channel_diagonal,1744775.69040646,13759794.68145059,139057.84917911387,7800,1536,475206451200,95846400,2.5997068732976913,0,139057.84917911387,0.2823110992586727,0.10052909598079446,1.0,0,0,0,0.0,95846400,0.0002016942315449778,0.0
p07_seed2026082208,selection,28,6,0,2,True,causal_current_input_channel_diagonal,1744775.69040646,13759794.68145059,139057.84917911387,7800,1536,475206451200,95846400,2.5997068732976913,8,63871.787538160905,0.19133073263177355,0.0681315953758924,0.4593181033421667,74688,149376,191692800,0.0004033884630899556,287539200,0.0006050826946349334,9.01865866035223
p07_seed2026082208,selection,28,6,0,2,True,causal_current_input_channel_diagonal,1744775.69040646,13759794.68145059,139057.84917911387,7800,1536,475206451200,95846400,2.5997068732976913,16,47178.97746800553,0.16443886145906556,0.058555579748723365,0.3392759038609972,149376,298752,383385600,0.0008067769261799112,479232000,0.001008471157724889,9.01865866035223
p07_seed2026082208,selection,28,6,0,2,True,causal_current_input_channel_diagonal,1744775.69040646,13759794.68145059,139057.84917911387,7800,1536,475206451200,95846400,2.5997068732976913,32,33051.53507804172,0.13763409029693927,0.049010579853300915,0.23768190917661508,298752,597504,766771200,0.0016135538523598225,862617600,0.0018152480839048004,9.01865866035223
p07_seed2026082208,selection,28,6,0,2,True,causal_current_input_channel_diagonal,1744775.69040646,13759794.68145059,139057.84917911387,7800,1536,475206451200,95846400,2.5997068732976913,64,22149.840793834694,0.11267187035137345,0.04012170013376082,0.15928508117416693,597504,1195008,1533542400,0.003227107704719645,1629388800,0.0034288019362646227,9.01865866035223
p07_seed2026082208,selection,28,6,0,2,True,causal_current_input_channel_diagonal,1744775.69040646,13759794.68145059,139057.84917911387,7800,1536,475206451200,95846400,2.5997068732976913,96,16995.292139401165,0.0986948556738094,0.035144578604584364,0.1222174241882905,896256,1792512,2300313600,0.004840661557079467,2396160000,0.005042355788624445,9.01865866035223
p07_seed2026082208,selection,28,6,0,3,True,causal_current_input_channel_diagonal,1744775.69040646,13759794.68145059,398330.91372841975,7800,1536,475206451200,143769600,2.5184396654367447,0,398330.91372841975,0.4778066671109042,0.17014376134834164,1.0,0,0,0,0.0,143769600,0.0003025413473174667,0.0
p07_seed2026082208,selection,28,6,0,3,True,causal_current_input_channel_diagonal,1744775.69040646,13759794.68145059,398330.91372841975,7800,1536,475206451200,143769600,2.5184396654367447,8,114124.56475552358,0.255752428519167,0.09107173080136975,0.28650692381894305,74688,149376,191692800,0.0004033884630899556,335462400,0.0007059298104074224,9.013811126351357
p07_seed2026082208,selection,28,6,0,3,True,causal_current_input_channel_diagonal,1744775.69040646,13759794.68145059,398330.91372841975,7800,1536,475206451200,143769600,2.5184396654367447,16,80261.73603289592,0.2144788506726105,0.0763744855293888,0.20149512193464952,149376,298752,383385600,0.0008067769261799112,527155200,0.001109318273497378,9.013811126351357
p07_seed2026082208,selection,28,6,0,3,True,causal_current_input_channel_diagonal,1744775.69040646,13759794.68145059,398330.91372841975,7800,1536,475206451200,143769600,2.5184396654367447,32,55025.81891605153,0.17758793467197742,0.0632378768548252,0.13814097028127417,298752,597504,766771200,0.0016135538523598225,910540800,0.0019160951996772893,9.013811126351357
p07_seed2026082208,selection,28,6,0,3,True,causal_current_input_channel_diagonal,1744775.69040646,13759794.68145059,398330.91372841975,7800,1536,475206451200,143769600,2.5184396654367447,64,36119.28316610935,0.14387977846579095,0.051234627675158975,0.09067657548254934,597504,1195008,1533542400,0.003227107704719645,1677312000,0.0035296490520371118,9.013811126351357
p07_seed2026082208,selection,28,6,0,3,True,causal_current_input_channel_diagonal,1744775.69040646,13759794.68145059,398330.91372841975,7800,1536,475206451200,143769600,2.5184396654367447,96,27334.847791127744,0.12516662127820555,0.04457099744611591,0.06862346568831924,896256,1792512,2300313600,0.004840661557079467,2444083200,0.0051432029043969344,9.013811126351357
p07_seed2026082208,selection,28,4,1,1,True,causal_current_input_channel_diagonal,1808801.745335466,14518688.647578046,95050.1307327575,7800,1536,475206451200,47923200,2.415476832538843,0,95050.1307327575,0.22923497248544386,0.08091194914117265,1.0,0,0,0,0.0,47923200,0.0001008471157724889,0.0
p07_seed2026082208,selection,28,4,1,1,True,causal_current_input_channel_diagonal,1808801.745335466,14518688.647578046,95050.1307327575,7800,1536,475206451200,47923200,2.415476832538843,8,30137.621707073456,0.1290800141737773,0.04556074245012375,0.3170708075428983,74688,149376,191692800,0.0004033884630899556,239616000,0.0005042355788624445,9.178782347589731
p07_seed2026082208,selection,28,4,1,1,True,causal_current_input_channel_diagonal,1808801.745335466,14518688.647578046,95050.1307327575,7800,1536,475206451200,47923200,2.415476832538843,16,20108.32838575865,0.10543686886735956,0.03721553687425247,0.21155497874319176,149376,298752,383385600,0.0008067769261799112,431308800,0.0009076240419524002,9.178782347589731
p07_seed2026082208,selection,28,4,1,1,True,causal_current_input_channel_diagonal,1808801.745335466,14518688.647578046,95050.1307327575,7800,1536,475206451200,47923200,2.415476832538843,32,13705.621486429227,0.08704701492424713,0.030724559904963072,0.14419361006046028,298752,597504,766771200,0.0016135538523598225,814694400,0.0017144009681323113,9.178782347589731
p07_seed2026082208,selection,28,4,1,1,True,causal_current_input_channel_diagonal,1808801.745335466,14518688.647578046,95050.1307327575,7800,1536,475206451200,47923200,2.415476832538843,64,8990.048531834138,0.07049941835428582,0.024883835527000315,0.09458217956095302,597504,1195008,1533542400,0.003227107704719645,1581465600,0.003327954820492134,9.178782347589731
p07_seed2026082208,selection,28,4,1,1,True,causal_current_input_channel_diagonal,1808801.745335466,14518688.647578046,95050.1307327575,7800,1536,475206451200,47923200,2.415476832538843,96,6906.969834282179,0.061794282709090396,0.02181122629572001,0.0726666000494752,896256,1792512,2300313600,0.004840661557079467,2348236800,0.004941508672851956,9.178782347589731
p07_seed2026082208,selection,28,4,1,2,True,causal_current_input_channel_diagonal,1808801.745335466,14518688.647578046,277171.78290450794,7800,1536,475206451200,95846400,2.1175341680645943,0,277171.78290450794,0.39145245718640526,0.13816906279021057,1.0,0,0,0,0.0,95846400,0.0002016942315449778,0.0
p07_seed2026082208,selection,28,4,1,2,True,causal_current_input_channel_diagonal,1808801.745335466,14518688.647578046,277171.78290450794,7800,1536,475206451200,95846400,2.1175341680645943,8,54003.44111987803,0.17278865849938083,0.060988369257492354,0.1948374417881838,74688,149376,191692800,0.0004033884630899556,287539200,0.0006050826946349334,8.890609722584486
p07_seed2026082208,selection,28,4,1,2,True,causal_current_input_channel_diagonal,1808801.745335466,14518688.647578046,277171.78290450794,7800,1536,475206451200,95846400,2.1175341680645943,16,36983.6578400883,0.14299124485314277,0.050470921630097754,0.13343226157638205,149376,298752,383385600,0.0008067769261799112,479232000,0.001008471157724889,8.890609722584486
p07_seed2026082208,selection,28,4,1,2,True,causal_current_input_channel_diagonal,1808801.745335466,14518688.647578046,277171.78290450794,7800,1536,475206451200,95846400,2.1175341680645943,32,25041.35796487736,0.11766124895579107,0.041530316636142164,0.0903459858039114,298752,597504,766771200,0.0016135538523598225,862617600,0.0018152480839048004,8.890609722584486
p07_seed2026082208,selection,28,4,1,2,True,causal_current_input_channel_diagonal,1808801.745335466,14518688.647578046,277171.78290450794,7800,1536,475206451200,95846400,2.1175341680645943,64,16341.052987603121,0.09504833967634672,0.03354874844122578,0.05895640896590593,597504,1195008,1533542400,0.003227107704719645,1629388800,0.0034288019362646227,8.890609722584486
p07_seed2026082208,selection,28,4,1,2,True,causal_current_input_channel_diagonal,1808801.745335466,14518688.647578046,277171.78290450794,7800,1536,475206451200,95846400,2.1175341680645943,96,12406.092647417914,0.08281748273794493,0.02923168257722126,0.044759580202387704,896256,1792512,2300313600,0.004840661557079467,2396160000,0.005042355788624445,8.890609722584486
p07_seed2026082208,selection,28,4,1,3,True,causal_current_input_channel_diagonal,1808801.745335466,14518688.647578046,5621301.660461554,7800,1536,475206451200,143769600,1.9861161708831787,0,5621301.660461554,1.7628808565574776,0.6222354497710111,1.0,0,0,0,0.0,143769600,0.0003025413473174667,0.0
p07_seed2026082208,selection,28,4,1,3,True,causal_current_input_channel_diagonal,1808801.745335466,14518688.647578046,5621301.660461554,7800,1536,475206451200,143769600,1.9861161708831787,8,113421.50194209069,0.2504103139927963,0.08838610605760328,0.02017708865163365,74688,149376,191692800,0.0004033884630899556,335462400,0.0007059298104074224,8.874306920915842
p07_seed2026082208,selection,28,4,1,3,True,causal_current_input_channel_diagonal,1808801.745335466,14518688.647578046,5621301.660461554,7800,1536,475206451200,143769600,1.9861161708831787,16,74479.97293312103,0.20291972770669617,0.07162358565941489,0.013249595455102793,149376,298752,383385600,0.0008067769261799112,527155200,0.001109318273497378,8.874306920915842
p07_seed2026082208,selection,28,4,1,3,True,causal_current_input_channel_diagonal,1808801.745335466,14518688.647578046,5621301.660461554,7800,1536,475206451200,143769600,1.9861161708831787,32,48382.63912581373,0.16354952715694138,0.05772727817185732,0.008607017030509513,298752,597504,766771200,0.0016135538523598225,910540800,0.0019160951996772893,8.874306920915842
p07_seed2026082208,selection,28,4,1,3,True,causal_current_input_channel_diagonal,1808801.745335466,14518688.647578046,5621301.660461554,7800,1536,475206451200,143769600,1.9861161708831787,64,30113.223707633093,0.12902775504426844,0.04554229680030368,0.0053569841161652774,597504,1195008,1533542400,0.003227107704719645,1677312000,0.0035296490520371118,8.874306920915842
p07_seed2026082208,selection,28,4,1,3,True,causal_current_input_channel_diagonal,1808801.745335466,14518688.647578046,5621301.660461554,7800,1536,475206451200,143769600,1.9861161708831787,96,22008.911860945635,0.11030718492731723,0.03893458855765019,0.003915269663516023,896256,1792512,2300313600,0.004840661557079467,2444083200,0.0051432029043969344,8.874306920915842
p07_seed2026082208,selection,28,6,1,1,True,causal_current_input_channel_diagonal,1764167.292194114,13604330.606715407,57335.07874112998,7800,1536,475206451200,47923200,2.836591098457575,0,57335.07874112998,0.1802770005484723,0.06491896958207406,1.0,0,0,0,0.0,47923200,0.0001008471157724889,0.0
p07_seed2026082208,selection,28,6,1,1,True,causal_current_input_channel_diagonal,1764167.292194114,13604330.606715407,57335.07874112998,7800,1536,475206451200,47923200,2.836591098457575,8,31697.76804239329,0.13404309856868746,0.04826982816550593,0.5528512167055336,74688,149376,191692800,0.0004033884630899556,239616000,0.0005042355788624445,9.005884174257517
p07_seed2026082208,selection,28,6,1,1,True,causal_current_input_channel_diagonal,1764167.292194114,13604330.606715407,57335.07874112998,7800,1536,475206451200,47923200,2.836591098457575,16,24064.83143466816,0.11679426797082913,0.04205840737693101,0.41972265431043726,149376,298752,383385600,0.0008067769261799112,431308800,0.0009076240419524002,9.005884174257517
p07_seed2026082208,selection,28,6,1,1,True,causal_current_input_channel_diagonal,1764167.292194114,13604330.606715407,57335.07874112998,7800,1536,475206451200,47923200,2.836591098457575,32,17176.540820135495,0.09867291763405693,0.035532786317561814,0.29958170804026074,298752,597504,766771200,0.0016135538523598225,814694400,0.0017144009681323113,9.005884174257517
p07_seed2026082208,selection,28,6,1,1,True,causal_current_input_channel_diagonal,1764167.292194114,13604330.606715407,57335.07874112998,7800,1536,475206451200,47923200,2.836591098457575,64,11516.79402703364,0.08079712673308086,0.029095592875107375,0.2008681993595608,597504,1195008,1533542400,0.003227107704719645,1581465600,0.003327954820492134,9.005884174257517
p07_seed2026082208,selection,28,6,1,1,True,causal_current_input_channel_diagonal,1764167.292194114,13604330.606715407,57335.07874112998,7800,1536,475206451200,47923200,2.836591098457575,96,8823.443767067045,0.07072112785100958,0.025467157395572544,0.15389259002816413,896256,1792512,2300313600,0.004840661557079467,2348236800,0.004941508672851956,9.005884174257517
p07_seed2026082208,selection,28,6,1,2,True,causal_current_input_channel_diagonal,1764167.292194114,13604330.606715407,171105.9121195695,7800,1536,475206451200,95846400,2.6028319261968136,0,171105.9121195695,0.31143156263447525,0.11214861618539737,1.0,0,0,0,0.0,95846400,0.0002016942315449778,0.0
p07_seed2026082208,selection,28,6,1,2,True,causal_current_input_channel_diagonal,1764167.292194114,13604330.606715407,171105.9121195695,7800,1536,475206451200,95846400,2.6028319261968136,8,73763.63234955451,0.20448020143610762,0.07363470623973357,0.43109926145880445,74688,149376,191692800,0.0004033884630899556,287539200,0.0006050826946349334,8.986501954495907
p07_seed2026082208,selection,28,6,1,2,True,causal_current_input_channel_diagonal,1764167.292194114,13604330.606715407,171105.9121195695,7800,1536,475206451200,95846400,2.6028319261968136,16,52809.153911981775,0.17301538430110852,0.06230401236154636,0.30863430290193905,149376,298752,383385600,0.0008067769261799112,479232000,0.001008471157724889,8.986501954495907
p07_seed2026082208,selection,28,6,1,2,True,causal_current_input_channel_diagonal,1764167.292194114,13604330.606715407,171105.9121195695,7800,1536,475206451200,95846400,2.6028319261968136,32,36296.21452140386,0.14343686466047936,0.05165258699396884,0.21212717941786713,298752,597504,766771200,0.0016135538523598225,862617600,0.0018152480839048004,8.986501954495907
p07_seed2026082208,selection,28,6,1,2,True,causal_current_input_channel_diagonal,1764167.292194114,13604330.606715407,171105.9121195695,7800,1536,475206451200,95846400,2.6028319261968136,64,23777.62332616333,0.11609521989439892,0.04180667542736389,0.138964358568719,597504,1195008,1533542400,0.003227107704719645,1629388800,0.0034288019362646227,8.986501954495907
p07_seed2026082208,selection,28,6,1,2,True,causal_current_input_channel_diagonal,1764167.292194114,13604330.606715407,171105.9121195695,7800,1536,475206451200,95846400,2.6028319261968136,96,18157.245367932133,0.10145071174452862,0.0365330888010419,0.10611699585438208,896256,1792512,2300313600,0.004840661557079467,2396160000,0.005042355788624445,8.986501954495907
p07_seed2026082208,selection,28,6,1,3,True,causal_current_input_channel_diagonal,1764167.292194114,13604330.606715407,319638.01601221284,7800,1536,475206451200,143769600,2.5252881459891796,0,319638.01601221284,0.4256565593025139,0.15328181155499246,1.0,0,0,0,0.0,143769600,0.0003025413473174667,0.0
p07_seed2026082208,selection,28,6,1,3,True,causal_current_input_channel_diagonal,1764167.292194114,13604330.606715407,319638.01601221284,7800,1536,475206451200,143769600,2.5252881459891796,8,113920.87874164607,0.25411586519120505,0.0915088451243376,0.35640591242324693,74688,149376,191692800,0.0004033884630899556,335462400,0.0007059298104074224,8.948544971644878
p07_seed2026082208,selection,28,6,1,3,True,causal_current_input_channel_diagonal,1764167.292194114,13604330.606715407,319638.01601221284,7800,1536,475206451200,143769600,2.5252881459891796,16,79149.50611665298,0.2118137853650116,0.07627557951008786,0.24762231697079223,149376,298752,383385600,0.0008067769261799112,527155200,0.001109318273497378,8.948544971644878
p07_seed2026082208,selection,28,6,1,3,True,causal_current_input_channel_diagonal,1764167.292194114,13604330.606715407,319638.01601221284,7800,1536,475206451200,143769600,2.5252881459891796,32,53286.80624186277,0.17379607444459946,0.0625851441727265,0.16670985168418526,298752,597504,766771200,0.0016135538523598225,910540800,0.0019160951996772893,8.948544971644878
p07_seed2026082208,selection,28,6,1,3,True,causal_current_input_channel_diagonal,1764167.292194114,13604330.606715407,319638.01601221284,7800,1536,475206451200,143769600,2.5252881459891796,64,34498.525314226456,0.13983966744994317,0.05035721190130009,0.10792998199880022,597504,1195008,1533542400,0.003227107704719645,1677312000,0.0035296490520371118,8.948544971644878
p07_seed2026082208,selection,28,6,1,3,True,causal_current_input_channel_diagonal,1764167.292194114,13604330.606715407,319638.01601221284,7800,1536,475206451200,143769600,2.5252881459891796,96,26070.08743546839,0.12156298644770752,0.04377565521666697,0.08156128535896934,896256,1792512,2300313600,0.004840661557079467,2444083200,0.0051432029043969344,8.948544971644878
p07_seed2026082208,selection,29,4,0,1,True,causal_current_input_channel_diagonal,11025165.833472235,34670300.335775435,82531.4046111213,7800,1536,475206451200,47923200,2.2885072976350784,0,82531.4046111213,0.0865201080145811,0.04878999980065487,1.0,0,0,0,0.0,47923200,0.0001008471157724889,0.0
p07_seed2026082208,selection,29,4,0,1,True,causal_current_input_channel_diagonal,11025165.833472235,34670300.335775435,82531.4046111213,7800,1536,475206451200,47923200,2.2885072976350784,8,23142.890700659103,0.04581590154607944,0.025836281051837308,0.28041314467553113,74688,149376,191692800,0.0004033884630899556,239616000,0.0005042355788624445,9.391785133630037
p07_seed2026082208,selection,29,4,0,1,True,causal_current_input_channel_diagonal,11025165.833472235,34670300.335775435,82531.4046111213,7800,1536,475206451200,47923200,2.2885072976350784,16,15733.89743111968,0.03777683698272929,0.021302930742367006,0.1906413383586899,149376,298752,383385600,0.0008067769261799112,431308800,0.0009076240419524002,9.391785133630037
p07_seed2026082208,selection,29,4,0,1,True,causal_current_input_channel_diagonal,11025165.833472235,34670300.335775435,82531.4046111213,7800,1536,475206451200,47923200,2.2885072976350784,32,10565.258918240666,0.03095619024529323,0.01745666470553127,0.12801501402288912,298752,597504,766771200,0.0016135538523598225,814694400,0.0017144009681323113,9.391785133630037
p07_seed2026082208,selection,29,4,0,1,True,causal_current_input_channel_diagonal,11025165.833472235,34670300.335775435,82531.4046111213,7800,1536,475206451200,47923200,2.2885072976350784,64,6615.107154434678,0.024494911599387072,0.013813051780399354,0.0801526059788116,597504,1195008,1533542400,0.003227107704719645,1581465600,0.003327954820492134,9.391785133630037
p07_seed2026082208,selection,29,4,0,1,True,causal_current_input_channel_diagonal,11025165.833472235,34670300.335775435,82531.4046111213,7800,1536,475206451200,47923200,2.2885072976350784,96,4936.819223899642,0.021160749545065603,0.011932867281111856,0.05981746278691484,896256,1792512,2300313600,0.004840661557079467,2348236800,0.004941508672851956,9.391785133630037
p07_seed2026082208,selection,29,4,0,2,True,causal_current_input_channel_diagonal,11025165.833472235,34670300.335775435,232903.10347925936,7800,1536,475206451200,95846400,2.1202219650149345,0,232903.10347925936,0.14534331872960532,0.08196129957037127,1.0,0,0,0,0.0,95846400,0.0002016942315449778,0.0
p07_seed2026082208,selection,29,4,0,2,True,causal_current_input_channel_diagonal,11025165.833472235,34670300.335775435,232903.10347925936,7800,1536,475206451200,95846400,2.1202219650149345,8,49801.47359297244,0.06720916989532279,0.03790026920958479,0.2138291540477837,74688,149376,191692800,0.0004033884630899556,287539200,0.0006050826946349334,8.922520093619823
p07_seed2026082208,selection,29,4,0,2,True,causal_current_input_channel_diagonal,11025165.833472235,34670300.335775435,232903.10347925936,7800,1536,475206451200,95846400,2.1202219650149345,16,32655.316539462918,0.05442323879983465,0.030690088941491264,0.14020988149598224,149376,298752,383385600,0.0008067769261799112,479232000,0.001008471157724889,8.922520093619823
p07_seed2026082208,selection,29,4,0,2,True,causal_current_input_channel_diagonal,11025165.833472235,34670300.335775435,232903.10347925936,7800,1536,475206451200,95846400,2.1202219650149345,32,21633.52697242127,0.0442966720440212,0.024979564517340166,0.0928863834309416,298752,597504,766771200,0.0016135538523598225,862617600,0.0018152480839048004,8.922520093619823
p07_seed2026082208,selection,29,4,0,2,True,causal_current_input_channel_diagonal,11025165.833472235,34670300.335775435,232903.10347925936,7800,1536,475206451200,95846400,2.1202219650149345,64,13277.940054853883,0.03470346076777485,0.019569807329140407,0.05701057588438977,597504,1195008,1533542400,0.003227107704719645,1629388800,0.0034288019362646227,8.922520093619823
p07_seed2026082208,selection,29,4,0,2,True,causal_current_input_channel_diagonal,11025165.833472235,34670300.335775435,232903.10347925936,7800,1536,475206451200,95846400,2.1202219650149345,96,9867.59937915401,0.029916665748854657,0.016870461091852626,0.04236783122065448,896256,1792512,2300313600,0.004840661557079467,2396160000,0.005042355788624445,8.922520093619823
p07_seed2026082208,selection,29,4,0,3,True,causal_current_input_channel_diagonal,11025165.833472235,34670300.335775435,3978776.084217758,7800,1536,475206451200,143769600,2.0007570274174213,0,3978776.084217758,0.6007339606101837,0.33876298228243007,1.0,0,0,0,0.0,143769600,0.0003025413473174667,0.0
p07_seed2026082208,selection,29,4,0,3,True,causal_current_input_channel_diagonal,11025165.833472235,34670300.335775435,3978776.084217758,7800,1536,475206451200,143769600,2.0007570274174213,8,105493.8989272127,0.09781852425582689,0.055161347904672454,0.0265141582977267,74688,149376,191692800,0.0004033884630899556,335462400,0.0007059298104074224,8.936717174947262
p07_seed2026082208,selection,29,4,0,3,True,causal_current_input_channel_diagonal,11025165.833472235,34670300.335775435,3978776.084217758,7800,1536,475206451200,143769600,2.0007570274174213,16,67708.61537790671,0.07836631058542108,0.044191949889803475,0.01701744806577265,149376,298752,383385600,0.0008067769261799112,527155200,0.001109318273497378,8.936717174947262
p07_seed2026082208,selection,29,4,0,3,True,causal_current_input_channel_diagonal,11025165.833472235,34670300.335775435,3978776.084217758,7800,1536,475206451200,143769600,2.0007570274174213,32,41548.648114108946,0.06138833910704561,0.034617814534980966,0.010442570085632298,298752,597504,766771200,0.0016135538523598225,910540800,0.0019160951996772893,8.936717174947262
p07_seed2026082208,selection,29,4,0,3,True,causal_current_input_channel_diagonal,11025165.833472235,34670300.335775435,3978776.084217758,7800,1536,475206451200,143769600,2.0007570274174213,64,23708.148515386973,0.046372045602819954,0.026149899111733075,0.0059586536195491155,597504,1195008,1533542400,0.003227107704719645,1677312000,0.0035296490520371118,8.936717174947262
p07_seed2026082208,selection,29,4,0,3,True,causal_current_input_channel_diagonal,11025165.833472235,34670300.335775435,3978776.084217758,7800,1536,475206451200,143769600,2.0007570274174213,96,16790.713239091914,0.039024918702333225,0.02200674293409953,0.004220069911912024,896256,1792512,2300313600,0.004840661557079467,2444083200,0.0051432029043969344,8.936717174947262
p07_seed2026082208,selection,29,6,0,1,True,causal_current_input_channel_diagonal,10269721.656256374,32364590.838394556,32724.32499710785,7800,1536,475206451200,47923200,2.864002250134945,0,32724.32499710785,0.05644896872109982,0.03179803537172073,1.0,0,0,0,0.0,47923200,0.0001008471157724889,0.0
p07_seed2026082208,selection,29,6,0,1,True,causal_current_input_channel_diagonal,10269721.656256374,32364590.838394556,32724.32499710785,7800,1536,475206451200,47923200,2.864002250134945,8,16844.363043898105,0.04049934133688928,0.022813516660056113,0.5147352327076253,74688,149376,191692800,0.0004033884630899556,239616000,0.0005042355788624445,9.036808740347624
p07_seed2026082208,selection,29,6,0,1,True,causal_current_input_channel_diagonal,10269721.656256374,32364590.838394556,32724.32499710785,7800,1536,475206451200,47923200,2.864002250134945,16,12876.77711190109,0.03540986351062985,0.019946583931088578,0.3934925200760073,149376,298752,383385600,0.0008067769261799112,431308800,0.0009076240419524002,9.036808740347624
p07_seed2026082208,selection,29,6,0,1,True,causal_current_input_channel_diagonal,10269721.656256374,32364590.838394556,32724.32499710785,7800,1536,475206451200,47923200,2.864002250134945,32,9113.633959762185,0.029789722271867596,0.016780725387468637,0.2784972328644784,298752,597504,766771200,0.0016135538523598225,814694400,0.0017144009681323113,9.036808740347624
p07_seed2026082208,selection,29,6,0,1,True,causal_current_input_channel_diagonal,10269721.656256374,32364590.838394556,32724.32499710785,7800,1536,475206451200,47923200,2.864002250134945,64,5966.153444598796,0.024102820860732985,0.013577260446945207,0.18231555409199235,597504,1195008,1533542400,0.003227107704719645,1581465600,0.003327954820492134,9.036808740347624
p07_seed2026082208,selection,29,6,0,1,True,causal_current_input_channel_diagonal,10269721.656256374,32364590.838394556,32724.32499710785,7800,1536,475206451200,47923200,2.864002250134945,96,4499.2709494968185,0.020931084804114028,0.011790602911775154,0.1374901071158552,896256,1792512,2300313600,0.004840661557079467,2348236800,0.004941508672851956,9.036808740347624
p07_seed2026082208,selection,29,6,0,2,True,causal_current_input_channel_diagonal,10269721.656256374,32364590.838394556,116717.8262884429,7800,1536,475206451200,95846400,2.613932825624943,0,116717.8262884429,0.10660786818536185,0.060052837815525464,1.0,0,0,0,0.0,95846400,0.0002016942315449778,0.0
p07_seed2026082208,selection,29,6,0,2,True,causal_current_input_channel_diagonal,10269721.656256374,32364590.838394556,116717.8262884429,7800,1536,475206451200,95846400,2.613932825624943,8,47365.98690001939,0.06791316314940932,0.03825588337494581,0.40581621854231875,74688,149376,191692800,0.0004033884630899556,287539200,0.0006050826946349334,8.982734754681587
p07_seed2026082208,selection,29,6,0,2,True,causal_current_input_channel_diagonal,10269721.656256374,32364590.838394556,116717.8262884429,7800,1536,475206451200,95846400,2.613932825624943,16,34391.13629470492,0.057868726647382206,0.03259779334395688,0.29465196010694605,149376,298752,383385600,0.0008067769261799112,479232000,0.001008471157724889,8.982734754681587
p07_seed2026082208,selection,29,6,0,2,True,causal_current_input_channel_diagonal,10269721.656256374,32364590.838394556,116717.8262884429,7800,1536,475206451200,95846400,2.613932825624943,32,23389.550116058017,0.047723424269914445,0.026882884973364468,0.20039398316644874,298752,597504,766771200,0.0016135538523598225,862617600,0.0018152480839048004,8.982734754681587
p07_seed2026082208,selection,29,6,0,2,True,causal_current_input_channel_diagonal,10269721.656256374,32364590.838394556,116717.8262884429,7800,1536,475206451200,95846400,2.613932825624943,64,14956.079720117283,0.03816186134258284,0.021496800460919185,0.12813877876221286,597504,1195008,1533542400,0.003227107704719645,1629388800,0.0034288019362646227,8.982734754681587
p07_seed2026082208,selection,29,6,0,2,True,causal_current_input_channel_diagonal,10269721.656256374,32364590.838394556,116717.8262884429,7800,1536,475206451200,95846400,2.613932825624943,96,11092.929446067734,0.03286576827924888,0.018513480156311556,0.09504057605433539,896256,1792512,2300313600,0.004840661557079467,2396160000,0.005042355788624445,8.982734754681587
p07_seed2026082208,selection,29,6,0,3,True,causal_current_input_channel_diagonal,10269721.656256374,32364590.838394556,292480.1242666589,7800,1536,475206451200,143769600,2.511470578610897,0,292480.1242666589,0.16875973813858122,0.09506335092083117,1.0,0,0,0,0.0,143769600,0.0003025413473174667,0.0
p07_seed2026082208,selection,29,6,0,3,True,causal_current_input_channel_diagonal,10269721.656256374,32364590.838394556,292480.1242666589,7800,1536,475206451200,143769600,2.511470578610897,8,83593.64104309597,0.09022092688770564,0.05082197760988253,0.2858096469091044,74688,149376,191692800,0.0004033884630899556,335462400,0.0007059298104074224,8.96740285679698
p07_seed2026082208,selection,29,6,0,3,True,causal_current_input_channel_diagonal,10269721.656256374,32364590.838394556,292480.1242666589,7800,1536,475206451200,143769600,2.511470578610897,16,58268.71091397194,0.07532486615716256,0.042430939177464544,0.19922280551920565,149376,298752,383385600,0.0008067769261799112,527155200,0.001109318273497378,8.96740285679698
p07_seed2026082208,selection,29,6,0,3,True,causal_current_input_channel_diagonal,10269721.656256374,32364590.838394556,292480.1242666589,7800,1536,475206451200,143769600,2.511470578610897,32,38823.68327133803,0.06148497930323644,0.034634849688282086,0.1327395609167387,298752,597504,766771200,0.0016135538523598225,910540800,0.0019160951996772893,8.96740285679698
p07_seed2026082208,selection,29,6,0,3,True,causal_current_input_channel_diagonal,10269721.656256374,32364590.838394556,292480.1242666589,7800,1536,475206451200,143769600,2.511470578610897,64,24192.01978048013,0.048535189319070325,0.02734015698968984,0.08271338041026925,597504,1195008,1533542400,0.003227107704719645,1677312000,0.0035296490520371118,8.96740285679698
p07_seed2026082208,selection,29,6,0,3,True,causal_current_input_channel_diagonal,10269721.656256374,32364590.838394556,292480.1242666589,7800,1536,475206451200,143769600,2.511470578610897,96,17826.412664128933,0.04166320172218768,0.02346912604562899,0.06094914213108644,896256,1792512,2300313600,0.004840661557079467,2444083200,0.0051432029043969344,8.96740285679698
p07_seed2026082208,selection,29,4,1,1,True,causal_current_input_channel_diagonal,10823863.177644216,34685870.95949807,96755.23651790302,7800,1536,475206451200,47923200,2.3620366118848324,0,96755.23651790302,0.09454663849014619,0.052815444282153304,1.0,0,0,0,0.0,47923200,0.0001008471157724889,0.0
p07_seed2026082208,selection,29,4,1,1,True,causal_current_input_channel_diagonal,10823863.177644216,34685870.95949807,96755.23651790302,7800,1536,475206451200,47923200,2.3620366118848324,8,22027.38720560698,0.04511181973187543,0.025200269830468164,0.22766093078266914,74688,149376,191692800,0.0004033884630899556,239616000,0.0005042355788624445,9.100390132516623
p07_seed2026082208,selection,29,4,1,1,True,causal_current_input_channel_diagonal,10823863.177644216,34685870.95949807,96755.23651790302,7800,1536,475206451200,47923200,2.3620366118848324,16,14265.249095186213,0.03630350298822434,0.020279786462438658,0.14743645519746656,149376,298752,383385600,0.0008067769261799112,431308800,0.0009076240419524002,9.100390132516623
p07_seed2026082208,selection,29,4,1,1,True,causal_current_input_channel_diagonal,10823863.177644216,34685870.95949807,96755.23651790302,7800,1536,475206451200,47923200,2.3620366118848324,32,9312.150810279025,0.029331471654725952,0.01638508498697384,0.09624441161669273,298752,597504,766771200,0.0016135538523598225,814694400,0.0017144009681323113,9.100390132516623
p07_seed2026082208,selection,29,4,1,1,True,causal_current_input_channel_diagonal,10823863.177644216,34685870.95949807,96755.23651790302,7800,1536,475206451200,47923200,2.3620366118848324,64,5723.458910263667,0.022995250118885875,0.012845558243033397,0.059153996370269114,597504,1195008,1533542400,0.003227107704719645,1581465600,0.003327954820492134,9.100390132516623
p07_seed2026082208,selection,29,4,1,1,True,causal_current_input_channel_diagonal,10823863.177644216,34685870.95949807,96755.23651790302,7800,1536,475206451200,47923200,2.3620366118848324,96,4281.246606206652,0.019888131158017578,0.011109865986001279,0.04424821601315706,896256,1792512,2300313600,0.004840661557079467,2348236800,0.004941508672851956,9.100390132516623
p07_seed2026082208,selection,29,4,1,2,True,causal_current_input_channel_diagonal,10823863.177644216,34685870.95949807,233387.4402613075,7800,1536,475206451200,95846400,2.1172636188566685,0,233387.4402613075,0.14684108793501707,0.08202805961177516,1.0,0,0,0,0.0,95846400,0.0002016942315449778,0.0
p07_seed2026082208,selection,29,4,1,2,True,causal_current_input_channel_diagonal,10823863.177644216,34685870.95949807,233387.4402613075,7800,1536,475206451200,95846400,2.1172636188566685,8,38432.30193412915,0.05958775890722811,0.0332867885175113,0.16467168023580023,74688,149376,191692800,0.0004033884630899556,287539200,0.0006050826946349334,8.861870970577002
p07_seed2026082208,selection,29,4,1,2,True,causal_current_input_channel_diagonal,10823863.177644216,34685870.95949807,233387.4402613075,7800,1536,475206451200,95846400,2.1172636188566685,16,24925.683143004804,0.047987971038071134,0.026806939422166585,0.10679959090711619,149376,298752,383385600,0.0008067769261799112,479232000,0.001008471157724889,8.861870970577002
p07_seed2026082208,selection,29,4,1,2,True,causal_current_input_channel_diagonal,10823863.177644216,34685870.95949807,233387.4402613075,7800,1536,475206451200,95846400,2.1172636188566685,32,16134.973298424477,0.03860939342052118,0.02156789812449862,0.06913385433339997,298752,597504,766771200,0.0016135538523598225,862617600,0.0018152480839048004,8.861870970577002
p07_seed2026082208,selection,29,4,1,2,True,causal_current_input_channel_diagonal,10823863.177644216,34685870.95949807,233387.4402613075,7800,1536,475206451200,95846400,2.1172636188566685,64,10089.184028379852,0.030530707954696718,0.017054999845859523,0.04322933580739095,597504,1195008,1533542400,0.003227107704719645,1629388800,0.0034288019362646227,8.861870970577002
p07_seed2026082208,selection,29,4,1,2,True,causal_current_input_channel_diagonal,10823863.177644216,34685870.95949807,233387.4402613075,7800,1536,475206451200,95846400,2.1172636188566685,96,7634.119160777773,0.02655756911486838,0.014835533386011951,0.03271006851164505,896256,1792512,2300313600,0.004840661557079467,2396160000,0.005042355788624445,8.861870970577002
p07_seed2026082208,selection,29,4,1,3,True,causal_current_input_channel_diagonal,10823863.177644216,34685870.95949807,13060895.655194644,7800,1536,475206451200,143769600,1.967920921742916,0,13060895.655194644,1.0984880405306476,0.6136350781556853,1.0,0,0,0,0.0,143769600,0.0003025413473174667,0.0
p07_seed2026082208,selection,29,4,1,3,True,causal_current_input_channel_diagonal,10823863.177644216,34685870.95949807,13060895.655194644,7800,1536,475206451200,143769600,1.967920921742916,8,97950.03837317228,0.09512861161425,0.053140544884360534,0.007499488623073482,74688,149376,191692800,0.0004033884630899556,335462400,0.0007059298104074224,8.845951408147812
p07_seed2026082208,selection,29,4,1,3,True,causal_current_input_channel_diagonal,10823863.177644216,34685870.95949807,13060895.655194644,7800,1536,475206451200,143769600,1.967920921742916,16,57235.63600454666,0.07271803078983632,0.040621593372553236,0.004382213709964584,149376,298752,383385600,0.0008067769261799112,527155200,0.001109318273497378,8.845951408147812
p07_seed2026082208,selection,29,4,1,3,True,causal_current_input_channel_diagonal,10823863.177644216,34685870.95949807,13060895.655194644,7800,1536,475206451200,143769600,1.967920921742916,32,32497.905638225377,0.05479444592583322,0.030609158104218836,0.002488183543931506,298752,597504,766771200,0.0016135538523598225,910540800,0.0019160951996772893,8.845951408147812
p07_seed2026082208,selection,29,4,1,3,True,causal_current_input_channel_diagonal,10823863.177644216,34685870.95949807,13060895.655194644,7800,1536,475206451200,143769600,1.967920921742916,64,18406.530068183318,0.04123773613474611,0.02303613740190051,0.00140928543907961,597504,1195008,1533542400,0.003227107704719645,1677312000,0.0035296490520371118,8.845951408147812
p07_seed2026082208,selection,29,4,1,3,True,causal_current_input_channel_diagonal,10823863.177644216,34685870.95949807,13060895.655194644,7800,1536,475206451200,143769600,1.967920921742916,96,13017.63800557889,0.0346796693721033,0.019372683944090887,0.0009966880028182484,896256,1792512,2300313600,0.004840661557079467,2444083200,0.0051432029043969344,8.845951408147812
p07_seed2026082208,selection,29,6,1,1,True,causal_current_input_channel_diagonal,10196822.773586687,32388994.38365739,50886.31969871173,7800,1536,475206451200,47923200,2.9119630344212055,0,50886.31969871173,0.07064282942331937,0.03963709238807017,1.0,0,0,0,0.0,47923200,0.0001008471157724889,0.0
p07_seed2026082208,selection,29,6,1,1,True,causal_current_input_channel_diagonal,10196822.773586687,32388994.38365739,50886.31969871173,7800,1536,475206451200,47923200,2.9119630344212055,8,23207.66888029143,0.047707133673631635,0.026768068046373245,0.45606892024002366,74688,149376,191692800,0.0004033884630899556,239616000,0.0005042355788624445,9.062329772859812
p07_seed2026082208,selection,29,6,1,1,True,causal_current_input_channel_diagonal,10196822.773586687,32388994.38365739,50886.31969871173,7800,1536,475206451200,47923200,2.9119630344212055,16,17212.563034379098,0.041085666474182346,0.023052818964878916,0.33825521546970827,149376,298752,383385600,0.0008067769261799112,431308800,0.0009076240419524002,9.062329772859812
p07_seed2026082208,selection,29,6,1,1,True,causal_current_input_channel_diagonal,10196822.773586687,32388994.38365739,50886.31969871173,7800,1536,475206451200,47923200,2.9119630344212055,32,12019.140381542653,0.03433240826416203,0.019263623065221093,0.2361959059437679,298752,597504,766771200,0.0016135538523598225,814694400,0.0017144009681323113,9.062329772859812
p07_seed2026082208,selection,29,6,1,1,True,causal_current_input_channel_diagonal,10196822.773586687,32388994.38365739,50886.31969871173,7800,1536,475206451200,47923200,2.9119630344212055,64,7800.629336512953,0.027658739592077375,0.015519084180210512,0.1532952153465678,597504,1195008,1533542400,0.003227107704719645,1581465600,0.003327954820492134,9.062329772859812
p07_seed2026082208,selection,29,6,1,1,True,causal_current_input_channel_diagonal,10196822.773586687,32388994.38365739,50886.31969871173,7800,1536,475206451200,47923200,2.9119630344212055,96,5838.000117132033,0.023927626126028688,0.013425588062183769,0.11472631842152098,896256,1792512,2300313600,0.004840661557079467,2348236800,0.004941508672851956,9.062329772859812
p07_seed2026082208,selection,29,6,1,2,True,causal_current_input_channel_diagonal,10196822.773586687,32388994.38365739,154026.73645315575,7800,1536,475206451200,95846400,2.603521104902029,0,154026.73645315575,0.122903887851474,0.06896032898724437,1.0,0,0,0,0.0,95846400,0.0002016942315449778,0.0
p07_seed2026082208,selection,29,6,1,2,True,causal_current_input_channel_diagonal,10196822.773586687,32388994.38365739,154026.73645315575,7800,1536,475206451200,95846400,2.603521104902029,8,52127.975656448674,0.0714994982871682,0.04011776202120282,0.33843459166445167,74688,149376,191692800,0.0004033884630899556,287539200,0.0006050826946349334,8.982401806861162
p07_seed2026082208,selection,29,6,1,2,True,causal_current_input_channel_diagonal,10196822.773586687,32388994.38365739,154026.73645315575,7800,1536,475206451200,95846400,2.603521104902029,16,36930.6201633234,0.060181202988031965,0.03376716253206017,0.23976759499087008,149376,298752,383385600,0.0008067769261799112,479232000,0.001008471157724889,8.982401806861162
p07_seed2026082208,selection,29,6,1,2,True,causal_current_input_channel_diagonal,10196822.773586687,32388994.38365739,154026.73645315575,7800,1536,475206451200,95846400,2.603521104902029,32,24611.589646265842,0.04912894036248545,0.027565831719546158,0.15978777589681076,298752,597504,766771200,0.0016135538523598225,862617600,0.0018152480839048004,8.982401806861162
p07_seed2026082208,selection,29,6,1,2,True,causal_current_input_channel_diagonal,10196822.773586687,32388994.38365739,154026.73645315575,7800,1536,475206451200,95846400,2.603521104902029,64,15501.055553562182,0.03898954802759156,0.021876704684036834,0.10063873266846901,597504,1195008,1533542400,0.003227107704719645,1629388800,0.0034288019362646227,8.982401806861162
p07_seed2026082208,selection,29,6,1,2,True,causal_current_input_channel_diagonal,10196822.773586687,32388994.38365739,154026.73645315575,7800,1536,475206451200,95846400,2.603521104902029,96,11463.218211355968,0.03352901879485374,0.01881284804844262,0.07442356097019912,896256,1792512,2300313600,0.004840661557079467,2396160000,0.005042355788624445,8.982401806861162
p07_seed2026082208,selection,29,6,1,3,True,causal_current_input_channel_diagonal,10196822.773586687,32388994.38365739,325081.17457501777,7800,1536,475206451200,143769600,2.5180098600685596,0,325081.17457501777,0.1785514883085338,0.1001837255937623,1.0,0,0,0,0.0,143769600,0.0003025413473174667,0.0
p07_seed2026082208,selection,29,6,1,3,True,causal_current_input_channel_diagonal,10196822.773586687,32388994.38365739,325081.17457501777,7800,1536,475206451200,143769600,2.5180098600685596,8,79144.37581600132,0.0881003418566759,0.0494323545376128,0.24346034777288553,74688,149376,191692800,0.0004033884630899556,335462400,0.0007059298104074224,8.924429304897785
p07_seed2026082208,selection,29,6,1,3,True,causal_current_input_channel_diagonal,10196822.773586687,32388994.38365739,325081.17457501777,7800,1536,475206451200,143769600,2.5180098600685596,16,54335.89933140407,0.07299800550980627,0.040958561713298515,0.16714563494101856,149376,298752,383385600,0.0008067769261799112,527155200,0.001109318273497378,8.924429304897785
p07_seed2026082208,selection,29,6,1,3,True,causal_current_input_channel_diagonal,10196822.773586687,32388994.38365739,325081.17457501777,7800,1536,475206451200,143769600,2.5180098600685596,32,35366.065908033284,0.05889262879986496,0.03304415448492782,0.10879149170809135,298752,597504,766771200,0.0016135538523598225,910540800,0.0019160951996772893,8.924429304897785
p07_seed2026082208,selection,29,6,1,3,True,causal_current_input_channel_diagonal,10196822.773586687,32388994.38365739,325081.17457501777,7800,1536,475206451200,143769600,2.5180098600685596,64,21792.601898533176,0.046229809850557246,0.025939154180092475,0.06703741589203671,597504,1195008,1533542400,0.003227107704719645,1677312000,0.0035296490520371118,8.924429304897785
p07_seed2026082208,selection,29,6,1,3,True,causal_current_input_channel_diagonal,10196822.773586687,32388994.38365739,325081.17457501777,7800,1536,475206451200,143769600,2.5180098600685596,96,16050.009175569692,0.03967392856012599,0.022260704795840244,0.049372311997590845,896256,1792512,2300313600,0.004840661557079467,2444083200,0.0051432029043969344,8.924429304897785
