{
  "generator_entropy": 6.862481464132984,
  "delta_entropy": 1.7650970015484166,
  "generator_summary": {
    "mean": 0.00015344476560130715,
    "median": 1.2958610568603035e-05,
    "std": 0.03093276172876358,
    "max_abs": 0.14211209118366241
  },
  "delta_summary": {
    "mean": -0.00022112215810921043,
    "median": -0.026926839724183083,
    "std": 0.029852239415049553,
    "max_abs": 0.029998257756233215
  },
  "threshold_sparsity": {
    "0.001": 5.425347262644209e-05,
    "0.01": 0.00048828125,
    "0.05": 1.0
  },
  "quantization_mse": {
    "int8": 2.1923038939775097e-09,
    "int4": 7.453716222016737e-08,
    "int2": 4.416133947415801e-07
  },
  "estimated_compressed_bits": {
    "fp16_base_int4_delta": 1474560,
    "entropy_delta": 1309785.0717301616
  }
}