method,params,budget_ratio,holdout_activation_rel_l2,holdout_activation_cosine,holdout_weight_rel_fro
ternary_main,0.0,0.0,0.5109309885236952,0.8880471918318007,0.510910709698995
fro_lowrank_r16,88746.66666666667,1.0,0.48304979337586296,0.8904013964864943,0.4829358955224355
fro_bcm_plus_lr_b128_r10,49152.0,1.0,0.4861920773983001,0.8904849092165629,0.4860386749108632
activation_lowrank_r16,88746.66666666667,1.0,0.5008308953709073,0.8887309167120192,0.5008983479605781
activation_bcm_plus_lr_b128_r10,49152.0,1.0,0.506991426150004,0.8834224045276642,0.5070389360189438
activation_lr_r8_row_sparse_b16,85333.33333333333,0.9796747967479674,0.5009284615516663,0.8890291452407837,0.500991016626358
