block_size,bcm_params,fro_bcm_capture,activation_bcm_params,activation_bcm_fit_capture,activation_bcm_holdout_capture
64,96256.0,0.015678529213699978,96256.0,0.06181710296206998,-0.030964215596516877
128,48128.0,0.007864347089909789,48128.0,0.031120816866556742,-0.015064636866251578
