{
  "generator_entropy": 6.882232578461375,
  "delta_entropy": 2.6059006855003837,
  "generator_summary": {
    "mean": 2.762346775853075e-05,
    "median": 1.0886412383115385e-05,
    "std": 0.031214572489261627,
    "max_abs": 0.14171305298805237
  },
  "delta_summary": {
    "mean": 0.00047160012763924897,
    "median": 0.02541321888566017,
    "std": 0.029614446684718132,
    "max_abs": 0.029994560405611992
  },
  "threshold_sparsity": {
    "0.001": 8.392333984375e-05,
    "0.01": 0.0014553070068359375,
    "0.05": 1.0
  },
  "quantization_mse": {
    "int8": 3.635881373753591e-09,
    "int4": 2.0225164121256967e-07,
    "int2": 1.6178320265680668e-06
  },
  "estimated_compressed_bits": {
    "fp16_base_int4_delta": 10485760,
    "entropy_delta": 9754850.458599625
  }
}