sample_id,split,block,target_step,branch,horizon,target_visible,base_renderer,residual_target_sq,output_target_sq,defect_total_energy,tokens,channels,estimated_exact_block_macs,base_renderer_macs,base_fit_and_rollout_ms,rank,error_sq,residual_relative_l2,output_relative_l2,defect_remaining_energy,state_factor_values,state_factor_bytes_fp16,render_macs,render_to_exact_macs,base_plus_render_macs,base_plus_render_to_exact_macs,svd_ms
p06_seed2026082207,selection,20,4,0,1,True,causal_current_input_channel_diagonal,537431.8406567881,6084327.304173906,108241.19270065009,7800,1536,475206451200,47923200,2.1974709816277027,0,108241.19270065009,0.44878113026551536,0.13337978105245404,1.0,0,0,0,0.0,47923200,0.0001008471157724889,0.0
p06_seed2026082207,selection,20,4,0,1,True,causal_current_input_channel_diagonal,537431.8406567881,6084327.304173906,108241.19270065009,7800,1536,475206451200,47923200,2.1974709816277027,8,45395.901794861114,0.29063413936088356,0.08637778030325927,0.4193958010058231,74688,149376,191692800,0.0004033884630899556,239616000,0.0005042355788624445,9.137002751231194
p06_seed2026082207,selection,20,4,0,1,True,causal_current_input_channel_diagonal,537431.8406567881,6084327.304173906,108241.19270065009,7800,1536,475206451200,47923200,2.1974709816277027,16,39818.45369861282,0.27219522282999026,0.0808976509397988,0.3678678388019915,149376,298752,383385600,0.0008067769261799112,431308800,0.0009076240419524002,9.137002751231194
p06_seed2026082207,selection,20,4,0,1,True,causal_current_input_channel_diagonal,537431.8406567881,6084327.304173906,108241.19270065009,7800,1536,475206451200,47923200,2.1974709816277027,32,33346.42811129696,0.24909382651456619,0.07403181150324709,0.3080752088948181,298752,597504,766771200,0.0016135538523598225,814694400,0.0017144009681323113,9.137002751231194
p06_seed2026082207,selection,20,4,0,1,True,causal_current_input_channel_diagonal,537431.8406567881,6084327.304173906,108241.19270065009,7800,1536,475206451200,47923200,2.1974709816277027,64,26239.404080112174,0.22096082729988845,0.06567055693493995,0.24241606526120063,597504,1195008,1533542400,0.003227107704719645,1581465600,0.003327954820492134,9.137002751231194
p06_seed2026082207,selection,20,4,0,1,True,causal_current_input_channel_diagonal,537431.8406567881,6084327.304173906,108241.19270065009,7800,1536,475206451200,47923200,2.1974709816277027,96,22067.34353739969,0.20263447311005697,0.060223881608187084,0.20387195436188232,896256,1792512,2300313600,0.004840661557079467,2348236800,0.004941508672851956,9.137002751231194
p06_seed2026082207,selection,20,4,0,2,True,causal_current_input_channel_diagonal,537431.8406567881,6084327.304173906,160065.61428967747,7800,1536,475206451200,95846400,2.085655927658081,0,160065.61428967747,0.5457419348853884,0.16219697058806803,1.0,0,0,0,0.0,95846400,0.0002016942315449778,0.0
p06_seed2026082207,selection,20,4,0,2,True,causal_current_input_channel_diagonal,537431.8406567881,6084327.304173906,160065.61428967747,7800,1536,475206451200,95846400,2.085655927658081,8,64439.33791578784,0.3462691798220473,0.10291276587888752,0.402580767628505,74688,149376,191692800,0.0004033884630899556,287539200,0.0006050826946349334,8.934712037444115
p06_seed2026082207,selection,20,4,0,2,True,causal_current_input_channel_diagonal,537431.8406567881,6084327.304173906,160065.61428967747,7800,1536,475206451200,95846400,2.085655927658081,16,55357.17148969653,0.32094103527586937,0.09538512680004431,0.3458404960831347,149376,298752,383385600,0.0008067769261799112,479232000,0.001008471157724889,8.934712037444115
p06_seed2026082207,selection,20,4,0,2,True,causal_current_input_channel_diagonal,537431.8406567881,6084327.304173906,160065.61428967747,7800,1536,475206451200,95846400,2.085655927658081,32,45890.24713040823,0.2922123061336714,0.08684681860372026,0.2866964732096545,298752,597504,766771200,0.0016135538523598225,862617600,0.0018152480839048004,8.934712037444115
p06_seed2026082207,selection,20,4,0,2,True,causal_current_input_channel_diagonal,537431.8406567881,6084327.304173906,160065.61428967747,7800,1536,475206451200,95846400,2.085655927658081,64,35830.52242396331,0.25820513424171243,0.07673973335599812,0.22384896692793949,597504,1195008,1533542400,0.003227107704719645,1629388800,0.0034288019362646227,8.934712037444115
p06_seed2026082207,selection,20,4,0,2,True,causal_current_input_channel_diagonal,537431.8406567881,6084327.304173906,160065.61428967747,7800,1536,475206451200,95846400,2.085655927658081,96,29999.630243838896,0.23626329389180953,0.07021851919526353,0.18742082961682643,896256,1792512,2300313600,0.004840661557079467,2396160000,0.005042355788624445,8.934712037444115
p06_seed2026082207,selection,20,4,0,3,True,causal_current_input_channel_diagonal,537431.8406567881,6084327.304173906,418271.08617415646,7800,1536,475206451200,143769600,1.9639725796878338,0,418271.08617415646,0.8822003496063077,0.26219393272010166,1.0,0,0,0,0.0,143769600,0.0003025413473174667,0.0
p06_seed2026082207,selection,20,4,0,3,True,causal_current_input_channel_diagonal,537431.8406567881,6084327.304173906,418271.08617415646,7800,1536,475206451200,143769600,1.9639725796878338,8,86666.03235967516,0.4015713871644062,0.11934883194672158,0.20720062927913643,74688,149376,191692800,0.0004033884630899556,335462400,0.0007059298104074224,8.932765107601881
p06_seed2026082207,selection,20,4,0,3,True,causal_current_input_channel_diagonal,537431.8406567881,6084327.304173906,418271.08617415646,7800,1536,475206451200,143769600,1.9639725796878338,16,73766.89987471909,0.3704836695394401,0.11010942170729084,0.17636146086139043,149376,298752,383385600,0.0008067769261799112,527155200,0.001109318273497378,8.932765107601881
p06_seed2026082207,selection,20,4,0,3,True,causal_current_input_channel_diagonal,537431.8406567881,6084327.304173906,418271.08617415646,7800,1536,475206451200,143769600,1.9639725796878338,32,60360.48147692712,0.33513103759838647,0.09960245964955912,0.14430947633216235,298752,597504,766771200,0.0016135538523598225,910540800,0.0019160951996772893,8.932765107601881
p06_seed2026082207,selection,20,4,0,3,True,causal_current_input_channel_diagonal,537431.8406567881,6084327.304173906,418271.08617415646,7800,1536,475206451200,143769600,1.9639725796878338,64,46715.42634209315,0.29482782042508315,0.0876241612770222,0.11168696052628581,597504,1195008,1533542400,0.003227107704719645,1677312000,0.0035296490520371118,8.932765107601881
p06_seed2026082207,selection,20,4,0,3,True,causal_current_input_channel_diagonal,537431.8406567881,6084327.304173906,418271.08617415646,7800,1536,475206451200,143769600,1.9639725796878338,96,38882.98029164452,0.2689788150837168,0.07994172001480748,0.09296119558399964,896256,1792512,2300313600,0.004840661557079467,2444083200,0.0051432029043969344,8.932765107601881
p06_seed2026082207,selection,20,6,0,1,True,causal_current_input_channel_diagonal,564417.5938550668,5603987.876165673,27182.3351929696,7800,1536,475206451200,47923200,2.871195785701275,0,27182.3351929696,0.21945380248932553,0.0696457770525228,1.0,0,0,0,0.0,47923200,0.0001008471157724889,0.0
p06_seed2026082207,selection,20,6,0,1,True,causal_current_input_channel_diagonal,564417.5938550668,5603987.876165673,27182.3351929696,7800,1536,475206451200,47923200,2.871195785701275,8,17871.176903241332,0.17794111411551305,0.056471325725920556,0.6574555421411193,74688,149376,191692800,0.0004033884630899556,239616000,0.0005042355788624445,9.000979829579592
p06_seed2026082207,selection,20,6,0,1,True,causal_current_input_channel_diagonal,564417.5938550668,5603987.876165673,27182.3351929696,7800,1536,475206451200,47923200,2.871195785701275,16,16071.326002854763,0.16874292925484208,0.05355219320314124,0.5912415509812975,149376,298752,383385600,0.0008067769261799112,431308800,0.0009076240419524002,9.000979829579592
p06_seed2026082207,selection,20,6,0,1,True,causal_current_input_channel_diagonal,564417.5938550668,5603987.876165673,27182.3351929696,7800,1536,475206451200,47923200,2.871195785701275,32,13794.477891222004,0.1563336120380498,0.04961397691136936,0.5074795011895461,298752,597504,766771200,0.0016135538523598225,814694400,0.0017144009681323113,9.000979829579592
p06_seed2026082207,selection,20,6,0,1,True,causal_current_input_channel_diagonal,564417.5938550668,5603987.876165673,27182.3351929696,7800,1536,475206451200,47923200,2.871195785701275,64,11167.44673272259,0.14066196281331572,0.044640428148165504,0.4108347080746848,597504,1195008,1533542400,0.003227107704719645,1581465600,0.003327954820492134,9.000979829579592
p06_seed2026082207,selection,20,6,0,1,True,causal_current_input_channel_diagonal,564417.5938550668,5603987.876165673,27182.3351929696,7800,1536,475206451200,47923200,2.871195785701275,96,9562.885305719636,0.1301649937967303,0.04130911396921931,0.35180514283672776,896256,1792512,2300313600,0.004840661557079467,2348236800,0.004941508672851956,9.000979829579592
p06_seed2026082207,selection,20,6,0,2,True,causal_current_input_channel_diagonal,564417.5938550668,5603987.876165673,75826.35309371943,7800,1536,475206451200,95846400,2.593612764030695,0,75826.35309371943,0.3665302414408448,0.11632190095971612,1.0,0,0,0,0.0,95846400,0.0002016942315449778,0.0
p06_seed2026082207,selection,20,6,0,2,True,causal_current_input_channel_diagonal,564417.5938550668,5603987.876165673,75826.35309371943,7800,1536,475206451200,95846400,2.593612764030695,8,38303.147092355866,0.26050553643127167,0.08267394005224722,0.505142942664638,74688,149376,191692800,0.0004033884630899556,287539200,0.0006050826946349334,8.965524844825268
p06_seed2026082207,selection,20,6,0,2,True,causal_current_input_channel_diagonal,564417.5938550668,5603987.876165673,75826.35309371943,7800,1536,475206451200,95846400,2.593612764030695,16,33842.08542353102,0.2448658874037903,0.07771054685972939,0.446310340388771,149376,298752,383385600,0.0008067769261799112,479232000,0.001008471157724889,8.965524844825268
p06_seed2026082207,selection,20,6,0,2,True,causal_current_input_channel_diagonal,564417.5938550668,5603987.876165673,75826.35309371943,7800,1536,475206451200,95846400,2.593612764030695,32,28717.91923656925,0.2255673375295861,0.0715859662567517,0.3787326977438125,298752,597504,766771200,0.0016135538523598225,862617600,0.0018152480839048004,8.965524844825268
p06_seed2026082207,selection,20,6,0,2,True,causal_current_input_channel_diagonal,564417.5938550668,5603987.876165673,75826.35309371943,7800,1536,475206451200,95846400,2.593612764030695,64,23063.623518488326,0.20214523037661342,0.06415273505103779,0.3041636924649362,597504,1195008,1533542400,0.003227107704719645,1629388800,0.0034288019362646227,8.965524844825268
p06_seed2026082207,selection,20,6,0,2,True,causal_current_input_channel_diagonal,564417.5938550668,5603987.876165673,75826.35309371943,7800,1536,475206451200,95846400,2.593612764030695,96,19659.736663204618,0.18663305996329452,0.0592297984240486,0.2592731403014394,896256,1792512,2300313600,0.004840661557079467,2396160000,0.005042355788624445,8.965524844825268
p06_seed2026082207,selection,20,6,0,3,True,causal_current_input_channel_diagonal,564417.5938550668,5603987.876165673,154585.16894074006,7800,1536,475206451200,143769600,2.4894443340599537,0,154585.16894074006,0.5233396516232337,0.16608687699302713,1.0,0,0,0,0.0,143769600,0.0003025413473174667,0.0
p06_seed2026082207,selection,20,6,0,3,True,causal_current_input_channel_diagonal,564417.5938550668,5603987.876165673,154585.16894074006,7800,1536,475206451200,143769600,2.4894443340599537,8,67666.85790836584,0.34624836698495115,0.10988525283359794,0.43773188827667997,74688,149376,191692800,0.0004033884630899556,335462400,0.0007059298104074224,9.076955262571573
p06_seed2026082207,selection,20,6,0,3,True,causal_current_input_channel_diagonal,564417.5938550668,5603987.876165673,154585.16894074006,7800,1536,475206451200,143769600,2.4894443340599537,16,58719.507374462904,0.3225454576758644,0.10236290636016593,0.3798521408590822,149376,298752,383385600,0.0008067769261799112,527155200,0.001109318273497378,9.076955262571573
p06_seed2026082207,selection,20,6,0,3,True,causal_current_input_channel_diagonal,564417.5938550668,5603987.876165673,154585.16894074006,7800,1536,475206451200,143769600,2.4894443340599537,32,49412.28275293621,0.2958810746934007,0.09390070770434598,0.31964439464285954,298752,597504,766771200,0.0016135538523598225,910540800,0.0019160951996772893,9.076955262571573
p06_seed2026082207,selection,20,6,0,3,True,causal_current_input_channel_diagonal,564417.5938550668,5603987.876165673,154585.16894074006,7800,1536,475206451200,143769600,2.4894443340599537,64,39346.61018476848,0.26403006938779894,0.0837924845191015,0.25453030487670675,597504,1195008,1533542400,0.003227107704719645,1677312000,0.0035296490520371118,9.076955262571573
p06_seed2026082207,selection,20,6,0,3,True,causal_current_input_channel_diagonal,564417.5938550668,5603987.876165673,154585.16894074006,7800,1536,475206451200,143769600,2.4894443340599537,96,33336.329272337345,0.24302928940945498,0.07712768480403631,0.2156502431419871,896256,1792512,2300313600,0.004840661557079467,2444083200,0.0051432029043969344,9.076955262571573
p06_seed2026082207,selection,20,4,1,1,True,causal_current_input_channel_diagonal,547585.5498409496,5810116.175386454,147606.01501829113,7800,1536,475206451200,47923200,2.228036057204008,0,147606.01501829113,0.5191896643302419,0.1593894674617801,1.0,0,0,0,0.0,47923200,0.0001008471157724889,0.0
p06_seed2026082207,selection,20,4,1,1,True,causal_current_input_channel_diagonal,547585.5498409496,5810116.175386454,147606.01501829113,7800,1536,475206451200,47923200,2.228036057204008,8,59833.73207542123,0.3305575314948341,0.10148004193883421,0.40536106720070125,74688,149376,191692800,0.0004033884630899556,239616000,0.0005042355788624445,9.109684266149998
p06_seed2026082207,selection,20,4,1,1,True,causal_current_input_channel_diagonal,547585.5498409496,5810116.175386454,147606.01501829113,7800,1536,475206451200,47923200,2.228036057204008,16,51724.60905290014,0.307342499487598,0.09435310578629184,0.35042344842861023,149376,298752,383385600,0.0008067769261799112,431308800,0.0009076240419524002,9.109684266149998
p06_seed2026082207,selection,20,4,1,1,True,causal_current_input_channel_diagonal,547585.5498409496,5810116.175386454,147606.01501829113,7800,1536,475206451200,47923200,2.228036057204008,32,42802.69114596996,0.2795822194309239,0.08583079388601345,0.289979313677472,298752,597504,766771200,0.0016135538523598225,814694400,0.0017144009681323113,9.109684266149998
p06_seed2026082207,selection,20,4,1,1,True,causal_current_input_channel_diagonal,547585.5498409496,5810116.175386454,147606.01501829113,7800,1536,475206451200,47923200,2.228036057204008,64,33329.83917826021,0.24671219630645144,0.07573980818038586,0.22580271546319364,597504,1195008,1533542400,0.003227107704719645,1581465600,0.003327954820492134,9.109684266149998
p06_seed2026082207,selection,20,4,1,1,True,causal_current_input_channel_diagonal,547585.5498409496,5810116.175386454,147606.01501829113,7800,1536,475206451200,47923200,2.228036057204008,96,27927.694538423457,0.22583515775419485,0.06933062809527028,0.18920431117819136,896256,1792512,2300313600,0.004840661557079467,2348236800,0.004941508672851956,9.109684266149998
p06_seed2026082207,selection,20,4,1,2,True,causal_current_input_channel_diagonal,547585.5498409496,5810116.175386454,193841.08591159387,7800,1536,475206451200,95846400,2.1022087894380093,0,193841.08591159387,0.5949725475020178,0.18265455577406312,1.0,0,0,0,0.0,95846400,0.0002016942315449778,0.0
p06_seed2026082207,selection,20,4,1,2,True,causal_current_input_channel_diagonal,547585.5498409496,5810116.175386454,193841.08591159387,7800,1536,475206451200,95846400,2.1022087894380093,8,72448.29431241138,0.3637375129713328,0.11166618380811257,0.3737509716966602,74688,149376,191692800,0.0004033884630899556,287539200,0.0006050826946349334,8.939492981880903
p06_seed2026082207,selection,20,4,1,2,True,causal_current_input_channel_diagonal,547585.5498409496,5810116.175386454,193841.08591159387,7800,1536,475206451200,95846400,2.1022087894380093,16,62021.49196653513,0.33654652846238076,0.10331864371169289,0.3199605057451016,149376,298752,383385600,0.0008067769261799112,479232000,0.001008471157724889,8.939492981880903
p06_seed2026082207,selection,20,4,1,2,True,causal_current_input_channel_diagonal,547585.5498409496,5810116.175386454,193841.08591159387,7800,1536,475206451200,95846400,2.1022087894380093,32,51243.21125816088,0.3059089472069737,0.09391301009432139,0.2643568103619775,298752,597504,766771200,0.0016135538523598225,862617600,0.0018152480839048004,8.939492981880903
p06_seed2026082207,selection,20,4,1,2,True,causal_current_input_channel_diagonal,547585.5498409496,5810116.175386454,193841.08591159387,7800,1536,475206451200,95846400,2.1022087894380093,64,39949.46062859372,0.27010303896964066,0.08292071760849916,0.20609387523063416,597504,1195008,1533542400,0.003227107704719645,1629388800,0.0034288019362646227,8.939492981880903
p06_seed2026082207,selection,20,4,1,2,True,causal_current_input_channel_diagonal,547585.5498409496,5810116.175386454,193841.08591159387,7800,1536,475206451200,95846400,2.1022087894380093,96,33466.189517186256,0.2472163235169736,0.07589457352557387,0.17264755464215467,896256,1792512,2300313600,0.004840661557079467,2396160000,0.005042355788624445,8.939492981880903
p06_seed2026082207,selection,20,4,1,3,True,causal_current_input_channel_diagonal,547585.5498409496,5810116.175386454,528100.5577725626,7800,1536,475206451200,143769600,1.9583338871598244,0,528100.5577725626,0.9820471136867515,0.30148513583149167,1.0,0,0,0,0.0,143769600,0.0003025413473174667,0.0
p06_seed2026082207,selection,20,4,1,3,True,causal_current_input_channel_diagonal,547585.5498409496,5810116.175386454,528100.5577725626,7800,1536,475206451200,143769600,1.9583338871598244,8,91944.94434119284,0.40976790332308616,0.12579735765320116,0.17410499387837983,74688,149376,191692800,0.0004033884630899556,335462400,0.0007059298104074224,9.107464924454689
p06_seed2026082207,selection,20,4,1,3,True,causal_current_input_channel_diagonal,547585.5498409496,5810116.175386454,528100.5577725626,7800,1536,475206451200,143769600,1.9583338871598244,16,78468.49934623495,0.37854863457334614,0.11621314794635662,0.14858628384857478,149376,298752,383385600,0.0008067769261799112,527155200,0.001109318273497378,9.107464924454689
p06_seed2026082207,selection,20,4,1,3,True,causal_current_input_channel_diagonal,547585.5498409496,5810116.175386454,528100.5577725626,7800,1536,475206451200,143769600,1.9583338871598244,32,64165.015211053134,0.3423128176204507,0.10508887494177914,0.12150151006749331,298752,597504,766771200,0.0016135538523598225,910540800,0.0019160951996772893,9.107464924454689
p06_seed2026082207,selection,20,4,1,3,True,causal_current_input_channel_diagonal,547585.5498409496,5810116.175386454,528100.5577725626,7800,1536,475206451200,143769600,1.9583338871598244,64,49675.117356554896,0.30119202013306623,0.0924649294678782,0.09406374722656759,597504,1195008,1533542400,0.003227107704719645,1677312000,0.0035296490520371118,9.107464924454689
p06_seed2026082207,selection,20,4,1,3,True,causal_current_input_channel_diagonal,547585.5498409496,5810116.175386454,528100.5577725626,7800,1536,475206451200,143769600,1.9583338871598244,96,41405.73468747921,0.2749819946880143,0.08441854047969281,0.0784050198294988,896256,1792512,2300313600,0.004840661557079467,2444083200,0.0051432029043969344,9.107464924454689
p06_seed2026082207,selection,20,6,1,1,True,causal_current_input_channel_diagonal,561715.8803499658,5513575.661675245,33911.84020596867,7800,1536,475206451200,47923200,2.8457418084144592,0,33911.84020596867,0.24570688582031036,0.07842580934000622,1.0,0,0,0,0.0,47923200,0.0001008471157724889,0.0
p06_seed2026082207,selection,20,6,1,1,True,causal_current_input_channel_diagonal,561715.8803499658,5513575.661675245,33911.84020596867,7800,1536,475206451200,47923200,2.8457418084144592,8,19166.313311548078,0.18471873281007473,0.058959341218808387,0.5651805753074628,74688,149376,191692800,0.0004033884630899556,239616000,0.0005042355788624445,9.027773048728704
p06_seed2026082207,selection,20,6,1,1,True,causal_current_input_channel_diagonal,561715.8803499658,5513575.661675245,33911.84020596867,7800,1536,475206451200,47923200,2.8457418084144592,16,17012.646701344755,0.17403139065160067,0.05554810813238662,0.5016727679378632,149376,298752,383385600,0.0008067769261799112,431308800,0.0009076240419524002,9.027773048728704
p06_seed2026082207,selection,20,6,1,1,True,causal_current_input_channel_diagonal,561715.8803499658,5513575.661675245,33911.84020596867,7800,1536,475206451200,47923200,2.8457418084144592,32,14532.542104394968,0.16084680694686312,0.05133979445650824,0.42853888349477587,298752,597504,766771200,0.0016135538523598225,814694400,0.0017144009681323113,9.027773048728704
p06_seed2026082207,selection,20,6,1,1,True,causal_current_input_channel_diagonal,561715.8803499658,5513575.661675245,33911.84020596867,7800,1536,475206451200,47923200,2.8457418084144592,64,11693.872720370233,0.14428488254121302,0.04605348625474704,0.34483155963483864,597504,1195008,1533542400,0.003227107704719645,1581465600,0.003327954820492134,9.027773048728704
p06_seed2026082207,selection,20,6,1,1,True,causal_current_input_channel_diagonal,561715.8803499658,5513575.661675245,33911.84020596867,7800,1536,475206451200,47923200,2.8457418084144592,96,9972.36448153718,0.13324187041764657,0.042528728857530416,0.2940673359156129,896256,1792512,2300313600,0.004840661557079467,2348236800,0.004941508672851956,9.027773048728704
p06_seed2026082207,selection,20,6,1,2,True,causal_current_input_channel_diagonal,561715.8803499658,5513575.661675245,86790.37525783712,7800,1536,475206451200,95846400,2.5881477631628513,0,86790.37525783712,0.3930768182831702,0.12546399545838025,1.0,0,0,0,0.0,95846400,0.0002016942315449778,0.0
p06_seed2026082207,selection,20,6,1,2,True,causal_current_input_channel_diagonal,561715.8803499658,5513575.661675245,86790.37525783712,7800,1536,475206451200,95846400,2.5881477631628513,8,41081.64858787457,0.2704366706132502,0.08631917130548585,0.4733433683700359,74688,149376,191692800,0.0004033884630899556,287539200,0.0006050826946349334,9.109805338084698
p06_seed2026082207,selection,20,6,1,2,True,causal_current_input_channel_diagonal,561715.8803499658,5513575.661675245,86790.37525783712,7800,1536,475206451200,95846400,2.5881477631628513,16,35855.25912872597,0.2526492897823056,0.08064171650787824,0.41312483099280845,149376,298752,383385600,0.0008067769261799112,479232000,0.001008471157724889,9.109805338084698
p06_seed2026082207,selection,20,6,1,2,True,causal_current_input_channel_diagonal,561715.8803499658,5513575.661675245,86790.37525783712,7800,1536,475206451200,95846400,2.5881477631628513,32,30321.809194147005,0.23233744238030424,0.07415849131712136,0.3493683382333227,298752,597504,766771200,0.0016135538523598225,862617600,0.0018152480839048004,9.109805338084698
p06_seed2026082207,selection,20,6,1,2,True,causal_current_input_channel_diagonal,561715.8803499658,5513575.661675245,86790.37525783712,7800,1536,475206451200,95846400,2.5881477631628513,64,24231.921643386115,0.20769956022043995,0.06629446324008921,0.2792005629526899,597504,1195008,1533542400,0.003227107704719645,1629388800,0.0034288019362646227,9.109805338084698
p06_seed2026082207,selection,20,6,1,2,True,causal_current_input_channel_diagonal,561715.8803499658,5513575.661675245,86790.37525783712,7800,1536,475206451200,95846400,2.5881477631628513,96,20564.523051954908,0.1913378852813169,0.0610720715477488,0.23694474162871454,896256,1792512,2300313600,0.004840661557079467,2396160000,0.005042355788624445,9.109805338084698
p06_seed2026082207,selection,20,6,1,3,True,causal_current_input_channel_diagonal,561715.8803499658,5513575.661675245,183152.08186650625,7800,1536,475206451200,143769600,2.501517068594694,0,183152.08186650625,0.5710150813752095,0.18225911639672315,1.0,0,0,0,0.0,143769600,0.0003025413473174667,0.0
p06_seed2026082207,selection,20,6,1,3,True,causal_current_input_channel_diagonal,561715.8803499658,5513575.661675245,183152.08186650625,7800,1536,475206451200,143769600,2.501517068594694,8,72718.80135923167,0.35980318615553136,0.11484357055421175,0.3970405384235725,74688,149376,191692800,0.0004033884630899556,335462400,0.0007059298104074224,8.99299792945385
p06_seed2026082207,selection,20,6,1,3,True,causal_current_input_channel_diagonal,561715.8803499658,5513575.661675245,183152.08186650625,7800,1536,475206451200,143769600,2.501517068594694,16,61998.50637135195,0.33222496352475167,0.106041031615358,0.3385083347226249,149376,298752,383385600,0.0008067769261799112,527155200,0.001109318273497378,8.99299792945385
p06_seed2026082207,selection,20,6,1,3,True,causal_current_input_channel_diagonal,561715.8803499658,5513575.661675245,183152.08186650625,7800,1536,475206451200,143769600,2.501517068594694,32,51630.10998026276,0.3031748518761327,0.0967686886370394,0.2818974774373038,298752,597504,766771200,0.0016135538523598225,910540800,0.0019160951996772893,8.99299792945385
p06_seed2026082207,selection,20,6,1,3,True,causal_current_input_channel_diagonal,561715.8803499658,5513575.661675245,183152.08186650625,7800,1536,475206451200,143769600,2.501517068594694,64,40646.41690045048,0.26900031132168595,0.08586070780102245,0.22192713506677042,597504,1195008,1533542400,0.003227107704719645,1677312000,0.0035296490520371118,8.99299792945385
p06_seed2026082207,selection,20,6,1,3,True,causal_current_input_channel_diagonal,561715.8803499658,5513575.661675245,183152.08186650625,7800,1536,475206451200,143769600,2.501517068594694,96,34165.491717221536,0.24662408486911716,0.07871856498455564,0.18654165048595997,896256,1792512,2300313600,0.004840661557079467,2444083200,0.0051432029043969344,8.99299792945385
p06_seed2026082207,selection,21,4,0,1,True,causal_current_input_channel_diagonal,4083661.7813070407,10139072.992120882,1271756.9735284252,7800,1536,475206451200,47923200,2.3451028391718864,0,1271756.9735284252,0.558055227990812,0.35416279719241567,1.0,0,0,0,0.0,47923200,0.0001008471157724889,0.0
p06_seed2026082207,selection,21,4,0,1,True,causal_current_input_channel_diagonal,4083661.7813070407,10139072.992120882,1271756.9735284252,7800,1536,475206451200,47923200,2.3451028391718864,8,48235.332826395286,0.10868203381523951,0.06897369860532811,0.03792810568622649,74688,149376,191692800,0.0004033884630899556,239616000,0.0005042355788624445,9.351244196295738
p06_seed2026082207,selection,21,4,0,1,True,causal_current_input_channel_diagonal,4083661.7813070407,10139072.992120882,1271756.9735284252,7800,1536,475206451200,47923200,2.3451028391718864,16,42430.186246172525,0.10193247896736009,0.06469017771916959,0.03336343907946391,149376,298752,383385600,0.0008067769261799112,431308800,0.0009076240419524002,9.351244196295738
p06_seed2026082207,selection,21,4,0,1,True,causal_current_input_channel_diagonal,4083661.7813070407,10139072.992120882,1271756.9735284252,7800,1536,475206451200,47923200,2.3451028391718864,32,35596.79744395171,0.09336424312501929,0.05925245360026266,0.02799025146990562,298752,597504,766771200,0.0016135538523598225,814694400,0.0017144009681323113,9.351244196295738
p06_seed2026082207,selection,21,4,0,1,True,causal_current_input_channel_diagonal,4083661.7813070407,10139072.992120882,1271756.9735284252,7800,1536,475206451200,47923200,2.3451028391718864,64,28103.07552994485,0.08295680981911359,0.05264750572712178,0.022097834851560826,597504,1195008,1533542400,0.003227107704719645,1581465600,0.003327954820492134,9.351244196295738
p06_seed2026082207,selection,21,4,0,1,True,causal_current_input_channel_diagonal,4083661.7813070407,10139072.992120882,1271756.9735284252,7800,1536,475206451200,47923200,2.3451028391718864,96,23707.70170281036,0.07619383696407167,0.04835546926990313,0.01864169195220459,896256,1792512,2300313600,0.004840661557079467,2348236800,0.004941508672851956,9.351244196295738
p06_seed2026082207,selection,21,4,0,2,True,causal_current_input_channel_diagonal,4083661.7813070407,10139072.992120882,1698791.5111134278,7800,1536,475206451200,95846400,2.1366672590374947,0,1698791.5111134278,0.6449783817363611,0.4093274936726302,1.0,0,0,0,0.0,95846400,0.0002016942315449778,0.0
p06_seed2026082207,selection,21,4,0,2,True,causal_current_input_channel_diagonal,4083661.7813070407,10139072.992120882,1698791.5111134278,7800,1536,475206451200,95846400,2.1366672590374947,8,66422.00558132376,0.12753550600431904,0.08093881981978927,0.03909956297690366,74688,149376,191692800,0.0004033884630899556,287539200,0.0006050826946349334,9.032956324517727
p06_seed2026082207,selection,21,4,0,2,True,causal_current_input_channel_diagonal,4083661.7813070407,10139072.992120882,1698791.5111134278,7800,1536,475206451200,95846400,2.1366672590374947,16,57310.1477510531,0.11846522435644363,0.07518247858578603,0.03373583365326766,149376,298752,383385600,0.0008067769261799112,479232000,0.001008471157724889,9.032956324517727
p06_seed2026082207,selection,21,4,0,2,True,causal_current_input_channel_diagonal,4083661.7813070407,10139072.992120882,1698791.5111134278,7800,1536,475206451200,95846400,2.1366672590374947,32,47440.64364232868,0.10778303376652117,0.06840315942576244,0.027926113003122408,298752,597504,766771200,0.0016135538523598225,862617600,0.0018152480839048004,9.032956324517727
p06_seed2026082207,selection,21,4,0,2,True,causal_current_input_channel_diagonal,4083661.7813070407,10139072.992120882,1698791.5111134278,7800,1536,475206451200,95846400,2.1366672590374947,64,37099.976373779355,0.09531514957374465,0.06049057207005806,0.02183904038989294,597504,1195008,1533542400,0.003227107704719645,1629388800,0.0034288019362646227,9.032956324517727
p06_seed2026082207,selection,21,4,0,2,True,causal_current_input_channel_diagonal,4083661.7813070407,10139072.992120882,1698791.5111134278,7800,1536,475206451200,95846400,2.1366672590374947,96,31064.21844255156,0.08721784121167937,0.05535171620884965,0.018286068821510442,896256,1792512,2300313600,0.004840661557079467,2396160000,0.005042355788624445,9.032956324517727
p06_seed2026082207,selection,21,4,0,3,True,causal_current_input_channel_diagonal,4083661.7813070407,10139072.992120882,3539944.682865831,7800,1536,475206451200,143769600,2.074875868856907,0,3539944.682865831,0.9310507514959006,0.5908797587383552,1.0,0,0,0,0.0,143769600,0.0003025413473174667,0.0
p06_seed2026082207,selection,21,4,0,3,True,causal_current_input_channel_diagonal,4083661.7813070407,10139072.992120882,3539944.682865831,7800,1536,475206451200,143769600,2.074875868856907,8,84483.1620733072,0.14383354930267,0.09128216992886147,0.023865672969015317,74688,149376,191692800,0.0004033884630899556,335462400,0.0007059298104074224,9.0398620814085
p06_seed2026082207,selection,21,4,0,3,True,causal_current_input_channel_diagonal,4083661.7813070407,10139072.992120882,3539944.682865831,7800,1536,475206451200,143769600,2.074875868856907,16,71886.90677863685,0.1326783358333593,0.08420265269220074,0.02030735315570175,149376,298752,383385600,0.0008067769261799112,527155200,0.001109318273497378,9.0398620814085
p06_seed2026082207,selection,21,4,0,3,True,causal_current_input_channel_diagonal,4083661.7813070407,10139072.992120882,3539944.682865831,7800,1536,475206451200,143769600,2.074875868856907,32,58960.246578852646,0.12015857320667145,0.076257141334809,0.016655697164867228,298752,597504,766771200,0.0016135538523598225,910540800,0.0019160951996772893,9.0398620814085
p06_seed2026082207,selection,21,4,0,3,True,causal_current_input_channel_diagonal,4083661.7813070407,10139072.992120882,3539944.682865831,7800,1536,475206451200,143769600,2.074875868856907,64,45568.08586497512,0.10563443412883769,0.06703957743681077,0.012872541798729735,597504,1195008,1533542400,0.003227107704719645,1677312000,0.0035296490520371118,9.0398620814085
p06_seed2026082207,selection,21,4,0,3,True,causal_current_input_channel_diagonal,4083661.7813070407,10139072.992120882,3539944.682865831,7800,1536,475206451200,143769600,2.074875868856907,96,37952.693964190315,0.09640430353394513,0.061181790060267714,0.010721267530878419,896256,1792512,2300313600,0.004840661557079467,2444083200,0.0051432029043969344,9.0398620814085
p06_seed2026082207,selection,21,6,0,1,True,causal_current_input_channel_diagonal,3732240.70900759,8726733.305997126,279930.6148418997,7800,1536,475206451200,47923200,2.901623025536537,0,279930.6148418997,0.273867423614215,0.1791015511114065,1.0,0,0,0,0.0,47923200,0.0001008471157724889,0.0
p06_seed2026082207,selection,21,6,0,1,True,causal_current_input_channel_diagonal,3732240.70900759,8726733.305997126,279930.6148418997,7800,1536,475206451200,47923200,2.901623025536537,8,20641.032492626313,0.07436710681094283,0.04863398503456097,0.073736245350222,74688,149376,191692800,0.0004033884630899556,239616000,0.0005042355788624445,9.081015828996897
p06_seed2026082207,selection,21,6,0,1,True,causal_current_input_channel_diagonal,3732240.70900759,8726733.305997126,279930.6148418997,7800,1536,475206451200,47923200,2.901623025536537,16,18526.042331028526,0.07045413759740639,0.04607501381284031,0.06618083679570365,149376,298752,383385600,0.0008067769261799112,431308800,0.0009076240419524002,9.081015828996897
p06_seed2026082207,selection,21,6,0,1,True,causal_current_input_channel_diagonal,3732240.70900759,8726733.305997126,279930.6148418997,7800,1536,475206451200,47923200,2.901623025536537,32,15950.160525714396,0.06537289326353904,0.04275202369681378,0.05697897865911735,298752,597504,766771200,0.0016135538523598225,814694400,0.0017144009681323113,9.081015828996897
p06_seed2026082207,selection,21,6,0,1,True,causal_current_input_channel_diagonal,3732240.70900759,8726733.305997126,279930.6148418997,7800,1536,475206451200,47923200,2.901623025536537,64,12969.01744704356,0.05894795108360392,0.03855029318413898,0.04632940008054985,597504,1195008,1533542400,0.003227107704719645,1581465600,0.003327954820492134,9.081015828996897
p06_seed2026082207,selection,21,6,0,1,True,causal_current_input_channel_diagonal,3732240.70900759,8726733.305997126,279930.6148418997,7800,1536,475206451200,47923200,2.901623025536537,96,11124.760911722551,0.05459596167818211,0.035704215170751646,0.0397411369970166,896256,1792512,2300313600,0.004840661557079467,2348236800,0.004941508672851956,9.081015828996897
p06_seed2026082207,selection,21,6,0,2,True,causal_current_input_channel_diagonal,3732240.70900759,8726733.305997126,1010294.3968997046,7800,1536,475206451200,95846400,2.5957729667425156,0,1010294.3968997046,0.520282417347516,0.34024998933131817,1.0,0,0,0,0.0,95846400,0.0002016942315449778,0.0
p06_seed2026082207,selection,21,6,0,2,True,causal_current_input_channel_diagonal,3732240.70900759,8726733.305997126,1010294.3968997046,7800,1536,475206451200,95846400,2.5957729667425156,8,43235.96753209189,0.1076310973725427,0.0703876942823245,0.042795414649922425,74688,149376,191692800,0.0004033884630899556,287539200,0.0006050826946349334,8.952297735959291
p06_seed2026082207,selection,21,6,0,2,True,causal_current_input_channel_diagonal,3732240.70900759,8726733.305997126,1010294.3968997046,7800,1536,475206451200,95846400,2.5957729667425156,16,38214.99908069568,0.1011887203881959,0.06617456190055462,0.03782560735551669,149376,298752,383385600,0.0008067769261799112,479232000,0.001008471157724889,8.952297735959291
p06_seed2026082207,selection,21,6,0,2,True,causal_current_input_channel_diagonal,3732240.70900759,8726733.305997126,1010294.3968997046,7800,1536,475206451200,95846400,2.5957729667425156,32,32540.685195659287,0.09337455045204564,0.061064315717408404,0.03220911189063087,298752,597504,766771200,0.0016135538523598225,862617600,0.0018152480839048004,8.952297735959291
p06_seed2026082207,selection,21,6,0,2,True,causal_current_input_channel_diagonal,3732240.70900759,8726733.305997126,1010294.3968997046,7800,1536,475206451200,95846400,2.5957729667425156,64,26180.123217268963,0.08375312498088791,0.054772175516701084,0.025913360857195523,597504,1195008,1533542400,0.003227107704719645,1629388800,0.0034288019362646227,8.952297735959291
p06_seed2026082207,selection,21,6,0,2,True,causal_current_input_channel_diagonal,3732240.70900759,8726733.305997126,1010294.3968997046,7800,1536,475206451200,95846400,2.5957729667425156,96,22293.243346717092,0.07728617349760035,0.0505429721074976,0.022066086348275653,896256,1792512,2300313600,0.004840661557079467,2396160000,0.005042355788624445,8.952297735959291
p06_seed2026082207,selection,21,6,0,3,True,causal_current_input_channel_diagonal,3732240.70900759,8726733.305997126,1841719.0014721937,7800,1536,475206451200,143769600,2.5153420865535736,0,1841719.0014721937,0.7024685116356719,0.45939454346383835,1.0,0,0,0,0.0,143769600,0.0003025413473174667,0.0
p06_seed2026082207,selection,21,6,0,3,True,causal_current_input_channel_diagonal,3732240.70900759,8726733.305997126,1841719.0014721937,7800,1536,475206451200,143769600,2.5153420865535736,8,70897.22920691944,0.13782557355581848,0.09013402792089172,0.0384951392071615,74688,149376,191692800,0.0004033884630899556,335462400,0.0007059298104074224,9.013203904032707
p06_seed2026082207,selection,21,6,0,3,True,causal_current_input_channel_diagonal,3732240.70900759,8726733.305997126,1841719.0014721937,7800,1536,475206451200,143769600,2.5153420865535736,16,61565.8581580068,0.1284355192674126,0.08399319793140436,0.03342847536797002,149376,298752,383385600,0.0008067769261799112,527155200,0.001109318273497378,9.013203904032707
p06_seed2026082207,selection,21,6,0,3,True,causal_current_input_channel_diagonal,3732240.70900759,8726733.305997126,1841719.0014721937,7800,1536,475206451200,143769600,2.5153420865535736,32,51773.476329811616,0.11777926520497013,0.07702430909302554,0.028111496046452876,298752,597504,766771200,0.0016135538523598225,910540800,0.0019160951996772893,9.013203904032707
p06_seed2026082207,selection,21,6,0,3,True,causal_current_input_channel_diagonal,3732240.70900759,8726733.305997126,1841719.0014721937,7800,1536,475206451200,143769600,2.5153420865535736,64,41261.59771985584,0.10514489641760487,0.068761789158131,0.022403850840206404,597504,1195008,1533542400,0.003227107704719645,1677312000,0.0035296490520371118,9.013203904032707
p06_seed2026082207,selection,21,6,0,3,True,causal_current_input_channel_diagonal,3732240.70900759,8726733.305997126,1841719.0014721937,7800,1536,475206451200,143769600,2.5153420865535736,96,34938.47941459529,0.09675360978328192,0.06327412497305174,0.01897058099162113,896256,1792512,2300313600,0.004840661557079467,2444083200,0.0051432029043969344,9.013203904032707
p06_seed2026082207,selection,21,4,1,1,True,causal_current_input_channel_diagonal,4109664.323763679,9508012.656443678,1534590.8395362562,7800,1536,475206451200,47923200,2.228017430752516,0,1534590.8395362562,0.6110730429872934,0.40174587395929245,1.0,0,0,0,0.0,47923200,0.0001008471157724889,0.0
p06_seed2026082207,selection,21,4,1,1,True,causal_current_input_channel_diagonal,4109664.323763679,9508012.656443678,1534590.8395362562,7800,1536,475206451200,47923200,2.228017430752516,8,63570.790897784755,0.12437286314027247,0.08176810476672791,0.04142523815796237,74688,149376,191692800,0.0004033884630899556,239616000,0.0005042355788624445,9.153442922979593
p06_seed2026082207,selection,21,4,1,1,True,causal_current_input_channel_diagonal,4109664.323763679,9508012.656443678,1534590.8395362562,7800,1536,475206451200,47923200,2.228017430752516,16,54956.367977971444,0.11563940176506005,0.07602634915642946,0.03581173994585956,149376,298752,383385600,0.0008067769261799112,431308800,0.0009076240419524002,9.153442922979593
p06_seed2026082207,selection,21,4,1,1,True,causal_current_input_channel_diagonal,4109664.323763679,9508012.656443678,1534590.8395362562,7800,1536,475206451200,47923200,2.228017430752516,32,45638.45509290509,0.10538099436350006,0.06928202800813772,0.029739819887169987,298752,597504,766771200,0.0016135538523598225,814694400,0.0017144009681323113,9.153442922979593
p06_seed2026082207,selection,21,4,1,1,True,causal_current_input_channel_diagonal,4109664.323763679,9508012.656443678,1534590.8395362562,7800,1536,475206451200,47923200,2.228017430752516,64,35696.25420232536,0.09319833371318537,0.06127261946642934,0.0232610891070418,597504,1195008,1533542400,0.003227107704719645,1581465600,0.003327954820492134,9.153442922979593
p06_seed2026082207,selection,21,4,1,1,True,causal_current_input_channel_diagonal,4109664.323763679,9508012.656443678,1534590.8395362562,7800,1536,475206451200,47923200,2.228017430752516,96,29997.078561996575,0.08543509469247539,0.05616873003631605,0.019547281163637645,896256,1792512,2300313600,0.004840661557079467,2348236800,0.004941508672851956,9.153442922979593
p06_seed2026082207,selection,21,4,1,2,True,causal_current_input_channel_diagonal,4109664.323763679,9508012.656443678,1915641.3723639704,7800,1536,475206451200,95846400,2.0951488986611366,0,1915641.3723639704,0.682737769321939,0.44886136766953355,1.0,0,0,0,0.0,95846400,0.0002016942315449778,0.0
p06_seed2026082207,selection,21,4,1,2,True,causal_current_input_channel_diagonal,4109664.323763679,9508012.656443678,1915641.3723639704,7800,1536,475206451200,95846400,2.0951488986611366,8,75542.78067776235,0.13557927533547934,0.08913568530882209,0.039434720000895866,74688,149376,191692800,0.0004033884630899556,287539200,0.0006050826946349334,8.96857911720872
p06_seed2026082207,selection,21,4,1,2,True,causal_current_input_channel_diagonal,4109664.323763679,9508012.656443678,1915641.3723639704,7800,1536,475206451200,95846400,2.0951488986611366,16,64808.299953506794,0.12557758865771104,0.08256014347869331,0.0338311237615448,149376,298752,383385600,0.0008067769261799112,479232000,0.001008471157724889,8.96857911720872
p06_seed2026082207,selection,21,4,1,2,True,causal_current_input_channel_diagonal,4109664.323763679,9508012.656443678,1915641.3723639704,7800,1536,475206451200,95846400,2.0951488986611366,32,53643.6201262963,0.11424990932847812,0.07511283667261,0.028002955683330263,298752,597504,766771200,0.0016135538523598225,862617600,0.0018152480839048004,8.96857911720872
p06_seed2026082207,selection,21,4,1,2,True,causal_current_input_channel_diagonal,4109664.323763679,9508012.656443678,1915641.3723639704,7800,1536,475206451200,95846400,2.0951488986611366,64,41846.48112441809,0.10090816225685696,0.06634139453661035,0.021844632291249173,597504,1195008,1533542400,0.003227107704719645,1629388800,0.0034288019362646227,8.96857911720872
p06_seed2026082207,selection,21,4,1,2,True,causal_current_input_channel_diagonal,4109664.323763679,9508012.656443678,1915641.3723639704,7800,1536,475206451200,95846400,2.0951488986611366,96,35107.638114313595,0.09242673918252405,0.06076533981693384,0.01832683237907712,896256,1792512,2300313600,0.004840661557079467,2396160000,0.005042355788624445,8.96857911720872
p06_seed2026082207,selection,21,4,1,3,True,causal_current_input_channel_diagonal,4109664.323763679,9508012.656443678,5554792.287829112,7800,1536,475206451200,143769600,1.9650249741971493,0,5554792.287829112,1.162601119450524,0.764344309014814,1.0,0,0,0,0.0,143769600,0.0003025413473174667,0.0
p06_seed2026082207,selection,21,4,1,3,True,causal_current_input_channel_diagonal,4109664.323763679,9508012.656443678,5554792.287829112,7800,1536,475206451200,143769600,1.9650249741971493,8,89975.1433893852,0.1479646934065494,0.09727839535701632,0.0161977511961768,74688,149376,191692800,0.0004033884630899556,335462400,0.0007059298104074224,8.993338793516159
p06_seed2026082207,selection,21,4,1,3,True,causal_current_input_channel_diagonal,4109664.323763679,9508012.656443678,5554792.287829112,7800,1536,475206451200,143769600,1.9650249741971493,16,76626.93886396475,0.13654869788167168,0.08977302566039767,0.013794744235879484,149376,298752,383385600,0.0008067769261799112,527155200,0.001109318273497378,8.993338793516159
p06_seed2026082207,selection,21,4,1,3,True,causal_current_input_channel_diagonal,4109664.323763679,9508012.656443678,5554792.287829112,7800,1536,475206451200,143769600,1.9650249741971493,32,63060.71635054983,0.12387289138279343,0.08143940168782682,0.011352488645429476,298752,597504,766771200,0.0016135538523598225,910540800,0.0019160951996772893,8.993338793516159
p06_seed2026082207,selection,21,4,1,3,True,causal_current_input_channel_diagonal,4109664.323763679,9508012.656443678,5554792.287829112,7800,1536,475206451200,143769600,1.9650249741971493,64,48854.04611612763,0.10903027158499011,0.07168122084358038,0.008794936624784967,597504,1195008,1533542400,0.003227107704719645,1677312000,0.0035296490520371118,8.993338793516159
p06_seed2026082207,selection,21,4,1,3,True,causal_current_input_channel_diagonal,4109664.323763679,9508012.656443678,5554792.287829112,7800,1536,475206451200,143769600,1.9650249741971493,96,40777.038644372486,0.09961039591130151,0.06548818675617653,0.007340875508472421,896256,1792512,2300313600,0.004840661557079467,2444083200,0.0051432029043969344,8.993338793516159
p06_seed2026082207,selection,21,6,1,1,True,causal_current_input_channel_diagonal,3837891.465254513,8496576.338417996,493411.33486605034,7800,1536,475206451200,47923200,2.848830074071884,0,493411.33486605034,0.35855700917087713,0.24098087622379497,1.0,0,0,0,0.0,47923200,0.0001008471157724889,0.0
p06_seed2026082207,selection,21,6,1,1,True,causal_current_input_channel_diagonal,3837891.465254513,8496576.338417996,493411.33486605034,7800,1536,475206451200,47923200,2.848830074071884,8,22533.489320719265,0.07662453983542243,0.051498222813949536,0.04566877154973547,74688,149376,191692800,0.0004033884630899556,239616000,0.0005042355788624445,8.972122799605131
p06_seed2026082207,selection,21,6,1,1,True,causal_current_input_channel_diagonal,3837891.465254513,8496576.338417996,493411.33486605034,7800,1536,475206451200,47923200,2.848830074071884,16,20003.458736214903,0.07219484742860102,0.048521091896703984,0.0405411418634031,149376,298752,383385600,0.0008067769261799112,431308800,0.0009076240419524002,8.972122799605131
p06_seed2026082207,selection,21,6,1,1,True,causal_current_input_channel_diagonal,3837891.465254513,8496576.338417996,493411.33486605034,7800,1536,475206451200,47923200,2.848830074071884,32,17091.40367077483,0.0667332876928291,0.04485045817037321,0.03463926063981693,298752,597504,766771200,0.0016135538523598225,814694400,0.0017144009681323113,8.972122799605131
p06_seed2026082207,selection,21,6,1,1,True,causal_current_input_channel_diagonal,3837891.465254513,8496576.338417996,493411.33486605034,7800,1536,475206451200,47923200,2.848830074071884,64,13801.701116878889,0.05996805521421263,0.04030364522610937,0.027971998758528335,597504,1195008,1533542400,0.003227107704719645,1581465600,0.003327954820492134,8.972122799605131
p06_seed2026082207,selection,21,6,1,1,True,causal_current_input_channel_diagonal,3837891.465254513,8496576.338417996,493411.33486605034,7800,1536,475206451200,47923200,2.848830074071884,96,11795.759822190448,0.055439156786480495,0.037259839405754204,0.023906544295376295,896256,1792512,2300313600,0.004840661557079467,2348236800,0.004941508672851956,8.972122799605131
p06_seed2026082207,selection,21,6,1,2,True,causal_current_input_channel_diagonal,3837891.465254513,8496576.338417996,1277305.0558023755,7800,1536,475206451200,95846400,2.5890693068504333,0,1277305.0558023755,0.576900574157673,0.38772636512112607,1.0,0,0,0,0.0,95846400,0.0002016942315449778,0.0
p06_seed2026082207,selection,21,6,1,2,True,causal_current_input_channel_diagonal,3837891.465254513,8496576.338417996,1277305.0558023755,7800,1536,475206451200,95846400,2.5890693068504333,8,47105.286007970106,0.11078691730616906,0.07445825272892803,0.03687864970112354,74688,149376,191692800,0.0004033884630899556,287539200,0.0006050826946349334,9.128194767981768
p06_seed2026082207,selection,21,6,1,2,True,causal_current_input_channel_diagonal,3837891.465254513,8496576.338417996,1277305.0558023755,7800,1536,475206451200,95846400,2.5890693068504333,16,41078.16258376255,0.1034568283754695,0.06953180809630756,0.03216002484383727,149376,298752,383385600,0.0008067769261799112,479232000,0.001008471157724889,9.128194767981768
p06_seed2026082207,selection,21,6,1,2,True,causal_current_input_channel_diagonal,3837891.465254513,8496576.338417996,1277305.0558023755,7800,1536,475206451200,95846400,2.5890693068504333,32,34714.65944135445,0.0951064804159412,0.06391966242186134,0.027178048867273617,298752,597504,766771200,0.0016135538523598225,862617600,0.0018152480839048004,9.128194767981768
p06_seed2026082207,selection,21,6,1,2,True,causal_current_input_channel_diagonal,3837891.465254513,8496576.338417996,1277305.0558023755,7800,1536,475206451200,95846400,2.5890693068504333,64,27747.123211424565,0.08502813177317067,0.05714615298067148,0.021723176395848746,597504,1195008,1533542400,0.003227107704719645,1629388800,0.0034288019362646227,9.128194767981768
p06_seed2026082207,selection,21,6,1,2,True,causal_current_input_channel_diagonal,3837891.465254513,8496576.338417996,1277305.0558023755,7800,1536,475206451200,95846400,2.5890693068504333,96,23605.972123308107,0.0784268190387368,0.05270950807823409,0.018481076128965036,896256,1792512,2300313600,0.004840661557079467,2396160000,0.005042355788624445,9.128194767981768
p06_seed2026082207,selection,21,6,1,3,True,causal_current_input_channel_diagonal,3837891.465254513,8496576.338417996,2146146.5336271687,7800,1536,475206451200,143769600,2.499154768884182,0,2146146.5336271687,0.7477963502840209,0.5025828951025173,1.0,0,0,0,0.0,143769600,0.0003025413473174667,0.0
p06_seed2026082207,selection,21,6,1,3,True,causal_current_input_channel_diagonal,3837891.465254513,8496576.338417996,2146146.5336271687,7800,1536,475206451200,143769600,2.499154768884182,8,75665.9606541479,0.1404119047262752,0.09436876972906799,0.035256660868727405,74688,149376,191692800,0.0004033884630899556,335462400,0.0007059298104074224,8.916574064642191
p06_seed2026082207,selection,21,6,1,3,True,causal_current_input_channel_diagonal,3837891.465254513,8496576.338417996,2146146.5336271687,7800,1536,475206451200,143769600,2.499154768884182,16,65042.395612082444,0.13018229391929687,0.08749359921882079,0.03030659578441611,149376,298752,383385600,0.0008067769261799112,527155200,0.001109318273497378,8.916574064642191
p06_seed2026082207,selection,21,6,1,3,True,causal_current_input_channel_diagonal,3837891.465254513,8496576.338417996,2146146.5336271687,7800,1536,475206451200,143769600,2.499154768884182,32,54156.31174187735,0.11878953857084532,0.07983669642162909,0.025234209682630657,298752,597504,766771200,0.0016135538523598225,910540800,0.0019160951996772893,8.916574064642191
p06_seed2026082207,selection,21,6,1,3,True,causal_current_input_channel_diagonal,3837891.465254513,8496576.338417996,2146146.5336271687,7800,1536,475206451200,143769600,2.499154768884182,64,42746.73459595209,0.10553709312921022,0.07092992334803036,0.01991790115219217,597504,1195008,1533542400,0.003227107704719645,1677312000,0.0035296490520371118,8.916574064642191
p06_seed2026082207,selection,21,6,1,3,True,causal_current_input_channel_diagonal,3837891.465254513,8496576.338417996,2146146.5336271687,7800,1536,475206451200,143769600,2.499154768884182,96,36113.89091236703,0.0970042576619366,0.06519513051178955,0.016827318301915233,896256,1792512,2300313600,0.004840661557079467,2444083200,0.0051432029043969344,8.916574064642191
p06_seed2026082207,selection,22,4,0,1,True,causal_current_input_channel_diagonal,305947.73727625597,9177534.628898816,99934.59907397565,7800,1536,475206451200,47923200,2.2272421047091484,0,99934.59907397565,0.5715237920729003,0.1043505929750319,1.0,0,0,0,0.0,47923200,0.0001008471157724889,0.0
p06_seed2026082207,selection,22,4,0,1,True,causal_current_input_channel_diagonal,305947.73727625597,9177534.628898816,99934.59907397565,7800,1536,475206451200,47923200,2.2272421047091484,8,38732.670732564555,0.3558075007381887,0.0649644410293564,0.38758018805894034,74688,149376,191692800,0.0004033884630899556,239616000,0.0005042355788624445,9.13191121071577
p06_seed2026082207,selection,22,4,0,1,True,causal_current_input_channel_diagonal,305947.73727625597,9177534.628898816,99934.59907397565,7800,1536,475206451200,47923200,2.2272421047091484,16,33610.16673573607,0.33144518225350145,0.060516293086288066,0.33632162455497194,149376,298752,383385600,0.0008067769261799112,431308800,0.0009076240419524002,9.13191121071577
p06_seed2026082207,selection,22,4,0,1,True,causal_current_input_channel_diagonal,305947.73727625597,9177534.628898816,99934.59907397565,7800,1536,475206451200,47923200,2.2272421047091484,32,27944.76631179222,0.30222237789073103,0.05518070250205658,0.27963054386749336,298752,597504,766771200,0.0016135538523598225,814694400,0.0017144009681323113,9.13191121071577
p06_seed2026082207,selection,22,4,0,1,True,causal_current_input_channel_diagonal,305947.73727625597,9177534.628898816,99934.59907397565,7800,1536,475206451200,47923200,2.2272421047091484,64,21806.745034819833,0.2669757407104059,0.04874526177122941,0.21821016164637771,597504,1195008,1533542400,0.003227107704719645,1581465600,0.003327954820492134,9.13191121071577
p06_seed2026082207,selection,22,4,0,1,True,causal_current_input_channel_diagonal,305947.73727625597,9177534.628898816,99934.59907397565,7800,1536,475206451200,47923200,2.2272421047091484,96,18292.755839139936,0.24452087772856274,0.044645382991328086,0.18304727286180353,896256,1792512,2300313600,0.004840661557079467,2348236800,0.004941508672851956,9.13191121071577
p06_seed2026082207,selection,22,4,0,2,True,causal_current_input_channel_diagonal,305947.73727625597,9177534.628898816,156645.76910374075,7800,1536,475206451200,95846400,2.101830206811428,0,156645.76910374075,0.7155429578560201,0.130646060561307,1.0,0,0,0,0.0,95846400,0.0002016942315449778,0.0
p06_seed2026082207,selection,22,4,0,2,True,causal_current_input_channel_diagonal,305947.73727625597,9177534.628898816,156645.76910374075,7800,1536,475206451200,95846400,2.101830206811428,8,50257.64970943595,0.40530080349214953,0.07400108230711763,0.32083630474806063,74688,149376,191692800,0.0004033884630899556,287539200,0.0006050826946349334,8.939597755670547
p06_seed2026082207,selection,22,4,0,2,True,causal_current_input_channel_diagonal,305947.73727625597,9177534.628898816,156645.76910374075,7800,1536,475206451200,95846400,2.101830206811428,16,43395.67529025726,0.376616725143246,0.0687638539954246,0.2770306248435413,149376,298752,383385600,0.0008067769261799112,479232000,0.001008471157724889,8.939597755670547
p06_seed2026082207,selection,22,4,0,2,True,causal_current_input_channel_diagonal,305947.73727625597,9177534.628898816,156645.76910374075,7800,1536,475206451200,95846400,2.101830206811428,32,35425.70096257786,0.34027935690678157,0.06212926419317978,0.22615166160086747,298752,597504,766771200,0.0016135538523598225,862617600,0.0018152480839048004,8.939597755670547
p06_seed2026082207,selection,22,4,0,2,True,causal_current_input_channel_diagonal,305947.73727625597,9177534.628898816,156645.76910374075,7800,1536,475206451200,95846400,2.101830206811428,64,27361.124091180012,0.2990496821020578,0.054601421829109174,0.1746687717774269,597504,1195008,1533542400,0.003227107704719645,1629388800,0.0034288019362646227,8.939597755670547
p06_seed2026082207,selection,22,4,0,2,True,causal_current_input_channel_diagonal,305947.73727625597,9177534.628898816,156645.76910374075,7800,1536,475206451200,95846400,2.101830206811428,96,22831.94852982546,0.2731793488893787,0.04987793586291098,0.14575528379974712,896256,1792512,2300313600,0.004840661557079467,2396160000,0.005042355788624445,8.939597755670547
p06_seed2026082207,selection,22,4,0,3,True,causal_current_input_channel_diagonal,305947.73727625597,9177534.628898816,244468.66544766206,7800,1536,475206451200,143769600,1.9686170853674412,0,244468.66544766206,0.893898025667467,0.16321068401945435,1.0,0,0,0,0.0,143769600,0.0003025413473174667,0.0
p06_seed2026082207,selection,22,4,0,3,True,causal_current_input_channel_diagonal,305947.73727625597,9177534.628898816,244468.66544766206,7800,1536,475206451200,143769600,1.9686170853674412,8,62950.70996157857,0.4536038097106766,0.08282039553832783,0.25750011720541954,74688,149376,191692800,0.0004033884630899556,335462400,0.0007059298104074224,8.887099102139473
p06_seed2026082207,selection,22,4,0,3,True,causal_current_input_channel_diagonal,305947.73727625597,9177534.628898816,244468.66544766206,7800,1536,475206451200,143769600,1.9686170853674412,16,53525.07365098639,0.4182683604414843,0.07636873921986428,0.21894451622499364,149376,298752,383385600,0.0008067769261799112,527155200,0.001109318273497378,8.887099102139473
p06_seed2026082207,selection,22,4,0,3,True,causal_current_input_channel_diagonal,305947.73727625597,9177534.628898816,244468.66544766206,7800,1536,475206451200,143769600,1.9686170853674412,32,43230.35516062172,0.3758986612203437,0.06863274764921798,0.17683393130095307,298752,597504,766771200,0.0016135538523598225,910540800,0.0019160951996772893,8.887099102139473
p06_seed2026082207,selection,22,4,0,3,True,causal_current_input_channel_diagonal,305947.73727625597,9177534.628898816,244468.66544766206,7800,1536,475206451200,143769600,1.9686170853674412,64,33038.009013686096,0.32861191846715776,0.05999898696489752,0.13514210083492673,597504,1195008,1533542400,0.003227107704719645,1677312000,0.0035296490520371118,8.887099102139473
p06_seed2026082207,selection,22,4,0,3,True,causal_current_input_channel_diagonal,305947.73727625597,9177534.628898816,244468.66544766206,7800,1536,475206451200,143769600,1.9686170853674412,96,27410.75232115877,0.29932077079290625,0.054650918046119254,0.11212378604935615,896256,1792512,2300313600,0.004840661557079467,2444083200,0.0051432029043969344,8.887099102139473
p06_seed2026082207,selection,22,6,0,1,True,causal_current_input_channel_diagonal,322728.4194153027,8323840.324777845,45729.5005977587,7800,1536,475206451200,47923200,2.8561558574438095,0,45729.5005977587,0.3764260095174414,0.07412016185052743,1.0,0,0,0,0.0,47923200,0.0001008471157724889,0.0
p06_seed2026082207,selection,22,6,0,1,True,causal_current_input_channel_diagonal,322728.4194153027,8323840.324777845,45729.5005977587,7800,1536,475206451200,47923200,2.8561558574438095,8,16963.91751389348,0.2292685427292305,0.045144121459911375,0.3709622298791437,74688,149376,191692800,0.0004033884630899556,239616000,0.0005042355788624445,9.032439906150103
p06_seed2026082207,selection,22,6,0,1,True,causal_current_input_channel_diagonal,322728.4194153027,8323840.324777845,45729.5005977587,7800,1536,475206451200,47923200,2.8561558574438095,16,15089.256727579996,0.2162296863389116,0.04257670549618679,0.3299676692189494,149376,298752,383385600,0.0008067769261799112,431308800,0.0009076240419524002,9.032439906150103
p06_seed2026082207,selection,22,6,0,1,True,causal_current_input_channel_diagonal,322728.4194153027,8323840.324777845,45729.5005977587,7800,1536,475206451200,47923200,2.8561558574438095,32,12858.210283980829,0.1996051105582692,0.03930324347070877,0.2811797661297221,298752,597504,766771200,0.0016135538523598225,814694400,0.0017144009681323113,9.032439906150103
p06_seed2026082207,selection,22,6,0,1,True,causal_current_input_channel_diagonal,322728.4194153027,8323840.324777845,45729.5005977587,7800,1536,475206451200,47923200,2.8561558574438095,64,10321.009132489344,0.17883086435995585,0.03521269060876488,0.2256969570416466,597504,1195008,1533542400,0.003227107704719645,1581465600,0.003327954820492134,9.032439906150103
p06_seed2026082207,selection,22,6,0,1,True,causal_current_input_channel_diagonal,322728.4194153027,8323840.324777845,45729.5005977587,7800,1536,475206451200,47923200,2.8561558574438095,96,8786.468199157585,0.16500175567058065,0.03248967001935597,0.192140042726109,896256,1792512,2300313600,0.004840661557079467,2348236800,0.004941508672851956,9.032439906150103
p06_seed2026082207,selection,22,6,0,2,True,causal_current_input_channel_diagonal,322728.4194153027,8323840.324777845,104871.97738681504,7800,1536,475206451200,95846400,2.5839852169156075,0,104871.97738681504,0.5700476017736721,0.1122452206746672,1.0,0,0,0,0.0,95846400,0.0002016942315449778,0.0
p06_seed2026082207,selection,22,6,0,2,True,causal_current_input_channel_diagonal,322728.4194153027,8323840.324777845,104871.97738681504,7800,1536,475206451200,95846400,2.5839852169156075,8,33952.98300393294,0.3243548248444411,0.0638670854473873,0.3237564879964863,74688,149376,191692800,0.0004033884630899556,287539200,0.0006050826946349334,9.02465870603919
p06_seed2026082207,selection,22,6,0,2,True,causal_current_input_channel_diagonal,322728.4194153027,8323840.324777845,104871.97738681504,7800,1536,475206451200,95846400,2.5839852169156075,16,29775.646864609633,0.3037469998714128,0.059809301756121334,0.2839237676286926,149376,298752,383385600,0.0008067769261799112,479232000,0.001008471157724889,9.02465870603919
p06_seed2026082207,selection,22,6,0,2,True,causal_current_input_channel_diagonal,322728.4194153027,8323840.324777845,104871.97738681504,7800,1536,475206451200,95846400,2.5839852169156075,32,24960.476624303657,0.27810438171495006,0.054760142133849735,0.23800902117103728,298752,597504,766771200,0.0016135538523598225,862617600,0.0018152480839048004,9.02465870603919
p06_seed2026082207,selection,22,6,0,2,True,causal_current_input_channel_diagonal,322728.4194153027,8323840.324777845,104871.97738681504,7800,1536,475206451200,95846400,2.5839852169156075,64,19860.605934799503,0.2480719392750888,0.048846604179172276,0.18937953187170747,597504,1195008,1533542400,0.003227107704719645,1629388800,0.0034288019362646227,9.02465870603919
p06_seed2026082207,selection,22,6,0,2,True,causal_current_input_channel_diagonal,322728.4194153027,8323840.324777845,104871.97738681504,7800,1536,475206451200,95846400,2.5839852169156075,96,16832.808787859947,0.22838085238941558,0.04496933079721361,0.16050816670931858,896256,1792512,2300313600,0.004840661557079467,2396160000,0.005042355788624445,9.02465870603919
p06_seed2026082207,selection,22,6,0,3,True,causal_current_input_channel_diagonal,322728.4194153027,8323840.324777845,180082.0625241492,7800,1536,475206451200,143769600,2.5090635754168034,0,180082.0625241492,0.7469931555788728,0.14708668421642868,1.0,0,0,0,0.0,143769600,0.0003025413473174667,0.0
p06_seed2026082207,selection,22,6,0,3,True,causal_current_input_channel_diagonal,322728.4194153027,8323840.324777845,180082.0625241492,7800,1536,475206451200,143769600,2.5090635754168034,8,53761.12779064973,0.4081460331340161,0.08036599296984104,0.2985368281579924,74688,149376,191692800,0.0004033884630899556,335462400,0.0007059298104074224,8.981266990303993
p06_seed2026082207,selection,22,6,0,3,True,causal_current_input_channel_diagonal,322728.4194153027,8323840.324777845,180082.0625241492,7800,1536,475206451200,143769600,2.5090635754168034,16,46405.86409687335,0.3791995614677413,0.07466628808585483,0.25769287298732835,149376,298752,383385600,0.0008067769261799112,527155200,0.001109318273497378,8.981266990303993
p06_seed2026082207,selection,22,6,0,3,True,causal_current_input_channel_diagonal,322728.4194153027,8323840.324777845,180082.0625241492,7800,1536,475206451200,143769600,2.5090635754168034,32,38584.89668357844,0.3457721937765779,0.06808427238858054,0.21426285392626682,298752,597504,766771200,0.0016135538523598225,910540800,0.0019160951996772893,8.981266990303993
p06_seed2026082207,selection,22,6,0,3,True,causal_current_input_channel_diagonal,322728.4194153027,8323840.324777845,180082.0625241492,7800,1536,475206451200,143769600,2.5090635754168034,64,30312.706266129244,0.30647408004769616,0.06034627746697779,0.1683271827334885,597504,1195008,1533542400,0.003227107704719645,1677312000,0.0035296490520371118,8.981266990303993
p06_seed2026082207,selection,22,6,0,3,True,causal_current_input_channel_diagonal,322728.4194153027,8323840.324777845,180082.0625241492,7800,1536,475206451200,143769600,2.5090635754168034,96,25539.722467900254,0.2813127921508549,0.05539189417749052,0.14182268957029648,896256,1792512,2300313600,0.004840661557079467,2444083200,0.0051432029043969344,8.981266990303993
p06_seed2026082207,selection,22,4,1,1,True,causal_current_input_channel_diagonal,312607.63495876355,8861864.099922204,130606.97095961386,7800,1536,475206451200,47923200,2.240253146737814,0,130606.97095961386,0.6463732698572968,0.12140054484749677,1.0,0,0,0,0.0,47923200,0.0001008471157724889,0.0
p06_seed2026082207,selection,22,4,1,1,True,causal_current_input_channel_diagonal,312607.63495876355,8861864.099922204,130606.97095961386,7800,1536,475206451200,47923200,2.240253146737814,8,49409.74809193167,0.3975635221082362,0.07466959177641316,0.3783086594905925,74688,149376,191692800,0.0004033884630899556,239616000,0.0005042355788624445,9.09170275554061
p06_seed2026082207,selection,22,4,1,1,True,causal_current_input_channel_diagonal,312607.63495876355,8861864.099922204,130606.97095961386,7800,1536,475206451200,47923200,2.240253146737814,16,42284.12378058836,0.3677806511296623,0.06907583205191246,0.32375089537808827,149376,298752,383385600,0.0008067769261799112,431308800,0.0009076240419524002,9.09170275554061
p06_seed2026082207,selection,22,4,1,1,True,causal_current_input_channel_diagonal,312607.63495876355,8861864.099922204,130606.97095961386,7800,1536,475206451200,47923200,2.240253146737814,32,34602.413686812404,0.33270046404013554,0.06248714092772519,0.2649354275727327,298752,597504,766771200,0.0016135538523598225,814694400,0.0017144009681323113,9.09170275554061
p06_seed2026082207,selection,22,4,1,1,True,causal_current_input_channel_diagonal,312607.63495876355,8861864.099922204,130606.97095961386,7800,1536,475206451200,47923200,2.240253146737814,64,26914.59025794224,0.29342296137669754,0.05511011832181963,0.20607315265554563,597504,1195008,1533542400,0.003227107704719645,1581465600,0.003327954820492134,9.09170275554061
p06_seed2026082207,selection,22,4,1,1,True,causal_current_input_channel_diagonal,312607.63495876355,8861864.099922204,130606.97095961386,7800,1536,475206451200,47923200,2.240253146737814,96,22531.58394594054,0.2684701906579165,0.05042353844300832,0.1725144055162755,896256,1792512,2300313600,0.004840661557079467,2348236800,0.004941508672851956,9.09170275554061
p06_seed2026082207,selection,22,4,1,2,True,causal_current_input_channel_diagonal,312607.63495876355,8861864.099922204,166772.1060131702,7800,1536,475206451200,95846400,2.0958231762051582,0,166772.1060131702,0.7304019368278234,0.1371826423269964,1.0,0,0,0,0.0,95846400,0.0002016942315449778,0.0
p06_seed2026082207,selection,22,4,1,2,True,causal_current_input_channel_diagonal,312607.63495876355,8861864.099922204,166772.1060131702,7800,1536,475206451200,95846400,2.0958231762051582,8,57742.29487859932,0.4297810175050927,0.080720617827759,0.3462347285690724,74688,149376,191692800,0.0004033884630899556,287539200,0.0006050826946349334,9.004426654428244
p06_seed2026082207,selection,22,4,1,2,True,causal_current_input_channel_diagonal,312607.63495876355,8861864.099922204,166772.1060131702,7800,1536,475206451200,95846400,2.0958231762051582,16,49240.96016488409,0.3968838856838492,0.07454194381189105,0.29525896940905777,149376,298752,383385600,0.0008067769261799112,479232000,0.001008471157724889,9.004426654428244
p06_seed2026082207,selection,22,4,1,2,True,causal_current_input_channel_diagonal,312607.63495876355,8861864.099922204,166772.1060131702,7800,1536,475206451200,95846400,2.0958231762051582,32,40110.16757532582,0.3582015393027515,0.06727670227787522,0.24050885079127665,298752,597504,766771200,0.0016135538523598225,862617600,0.0018152480839048004,9.004426654428244
p06_seed2026082207,selection,22,4,1,2,True,causal_current_input_channel_diagonal,312607.63495876355,8861864.099922204,166772.1060131702,7800,1536,475206451200,95846400,2.0958231762051582,64,31088.51488148293,0.3153553459478559,0.05922941526819753,0.18641315753446402,597504,1195008,1533542400,0.003227107704719645,1629388800,0.0034288019362646227,9.004426654428244
p06_seed2026082207,selection,22,4,1,2,True,causal_current_input_channel_diagonal,312607.63495876355,8861864.099922204,166772.1060131702,7800,1536,475206451200,95846400,2.0958231762051582,96,25989.646953569463,0.2883370159967436,0.0541548861533741,0.155839292108049,896256,1792512,2300313600,0.004840661557079467,2396160000,0.005042355788624445,9.004426654428244
p06_seed2026082207,selection,22,4,1,3,True,causal_current_input_channel_diagonal,312607.63495876355,8861864.099922204,255619.76245008386,7800,1536,475206451200,143769600,1.9691400229930878,0,255619.76245008386,0.904268542719247,0.16983792321548954,1.0,0,0,0,0.0,143769600,0.0003025413473174667,0.0
p06_seed2026082207,selection,22,4,1,3,True,causal_current_input_channel_diagonal,312607.63495876355,8861864.099922204,255619.76245008386,7800,1536,475206451200,143769600,1.9691400229930878,8,67500.24388256262,0.4646788229389897,0.08727505439131364,0.26406504430251815,74688,149376,191692800,0.0004033884630899556,335462400,0.0007059298104074224,8.914737030863762
p06_seed2026082207,selection,22,4,1,3,True,causal_current_input_channel_diagonal,312607.63495876355,8861864.099922204,255619.76245008386,7800,1536,475206451200,143769600,1.9691400229930878,16,57045.185816027806,0.42717881745702135,0.08023187777867284,0.22316422361321517,149376,298752,383385600,0.0008067769261799112,527155200,0.001109318273497378,8.914737030863762
p06_seed2026082207,selection,22,4,1,3,True,causal_current_input_channel_diagonal,312607.63495876355,8861864.099922204,255619.76245008386,7800,1536,475206451200,143769600,1.9691400229930878,32,46190.30324635579,0.3843931292278573,0.07219595472164049,0.18069926523993807,298752,597504,766771200,0.0016135538523598225,910540800,0.0019160951996772893,8.914737030863762
p06_seed2026082207,selection,22,4,1,3,True,causal_current_input_channel_diagonal,312607.63495876355,8861864.099922204,255619.76245008386,7800,1536,475206451200,143769600,1.9691400229930878,64,35516.1046641985,0.337064390277541,0.06330676489363003,0.13894115357451647,597504,1195008,1533542400,0.003227107704719645,1677312000,0.0035296490520371118,8.914737030863762
p06_seed2026082207,selection,22,4,1,3,True,causal_current_input_channel_diagonal,312607.63495876355,8861864.099922204,255619.76245008386,7800,1536,475206451200,143769600,1.9691400229930878,96,29545.398798747046,0.3074292161819803,0.05774074530459941,0.11558339042893706,896256,1792512,2300313600,0.004840661557079467,2444083200,0.0051432029043969344,8.914737030863762
p06_seed2026082207,selection,22,6,1,1,True,causal_current_input_channel_diagonal,333580.6902729671,8225422.956942791,45581.59562421506,7800,1536,475206451200,47923200,3.5818377509713173,0,45581.59562421506,0.3696530641046568,0.07444159031913308,1.0,0,0,0,0.0,47923200,0.0001008471157724889,0.0
p06_seed2026082207,selection,22,6,1,1,True,causal_current_input_channel_diagonal,333580.6902729671,8225422.956942791,45581.59562421506,7800,1536,475206451200,47923200,3.5818377509713173,8,19379.72108409992,0.24103122591796172,0.048539426603598605,0.425165482386449,74688,149376,191692800,0.0004033884630899556,239616000,0.0005042355788624445,9.045780636370182
p06_seed2026082207,selection,22,6,1,1,True,causal_current_input_channel_diagonal,333580.6902729671,8225422.956942791,45581.59562421506,7800,1536,475206451200,47923200,3.5818377509713173,16,17020.744926972337,0.22588574785515514,0.045489395148104815,0.3734126614128719,149376,298752,383385600,0.0008067769261799112,431308800,0.0009076240419524002,9.045780636370182
p06_seed2026082207,selection,22,6,1,1,True,causal_current_input_channel_diagonal,333580.6902729671,8225422.956942791,45581.59562421506,7800,1536,475206451200,47923200,3.5818377509713173,32,14351.374574541842,0.2074179312542,0.04177030346188533,0.31485020178643564,298752,597504,766771200,0.0016135538523598225,814694400,0.0017144009681323113,9.045780636370182
p06_seed2026082207,selection,22,6,1,1,True,causal_current_input_channel_diagonal,333580.6902729671,8225422.956942791,45581.59562421506,7800,1536,475206451200,47923200,3.5818377509713173,64,11425.117945342987,0.18506738760927666,0.037269299209546095,0.2506519965624899,597504,1195008,1533542400,0.003227107704719645,1581465600,0.003327954820492134,9.045780636370182
p06_seed2026082207,selection,22,6,1,1,True,causal_current_input_channel_diagonal,333580.6902729671,8225422.956942791,45581.59562421506,7800,1536,475206451200,47923200,3.5818377509713173,96,9686.368997860358,0.17040410519803897,0.034316373431330274,0.21250614132559978,896256,1792512,2300313600,0.004840661557079467,2348236800,0.004941508672851956,9.045780636370182
p06_seed2026082207,selection,22,6,1,2,True,causal_current_input_channel_diagonal,333580.6902729671,8225422.956942791,105378.50050559966,7800,1536,475206451200,95846400,2.6019266806542873,0,105378.50050559966,0.5620507811072487,0.11318708824198669,1.0,0,0,0,0.0,95846400,0.0002016942315449778,0.0
p06_seed2026082207,selection,22,6,1,2,True,causal_current_input_channel_diagonal,333580.6902729671,8225422.956942791,105378.50050559966,7800,1536,475206451200,95846400,2.6019266806542873,8,37856.22228911142,0.33687453653562527,0.06784057450862323,0.3592404722486454,74688,149376,191692800,0.0004033884630899556,287539200,0.0006050826946349334,8.963799569755793
p06_seed2026082207,selection,22,6,1,2,True,causal_current_input_channel_diagonal,333580.6902729671,8225422.956942791,105378.50050559966,7800,1536,475206451200,95846400,2.6019266806542873,16,32720.035965086645,0.3131889528020856,0.06307071679073215,0.3105001096602102,149376,298752,383385600,0.0008067769261799112,479232000,0.001008471157724889,8.963799569755793
p06_seed2026082207,selection,22,6,1,2,True,causal_current_input_channel_diagonal,333580.6902729671,8225422.956942791,105378.50050559966,7800,1536,475206451200,95846400,2.6019266806542873,32,27230.910709871037,0.2857134146120705,0.05753762926529039,0.25841049718234804,298752,597504,766771200,0.0016135538523598225,862617600,0.0018152480839048004,8.963799569755793
p06_seed2026082207,selection,22,6,1,2,True,causal_current_input_channel_diagonal,333580.6902729671,8225422.956942791,105378.50050559966,7800,1536,475206451200,95846400,2.6019266806542873,64,21528.614034370446,0.25404320572183686,0.05115980923764236,0.20429797282732484,597504,1195008,1533542400,0.003227107704719645,1629388800,0.0034288019362646227,8.963799569755793
p06_seed2026082207,selection,22,6,1,2,True,causal_current_input_channel_diagonal,333580.6902729671,8225422.956942791,105378.50050559966,7800,1536,475206451200,95846400,2.6019266806542873,96,18211.383873917614,0.23365281781983527,0.047053545689346,0.17281877978218868,896256,1792512,2300313600,0.004840661557079467,2396160000,0.005042355788624445,8.963799569755793
p06_seed2026082207,selection,22,6,1,3,True,causal_current_input_channel_diagonal,333580.6902729671,8225422.956942791,192895.92673207354,7800,1536,475206451200,143769600,2.511297818273306,0,192895.92673207354,0.7604332129190995,0.15313780189620932,1.0,0,0,0,0.0,143769600,0.0003025413473174667,0.0
p06_seed2026082207,selection,22,6,1,3,True,causal_current_input_channel_diagonal,333580.6902729671,8225422.956942791,192895.92673207354,7800,1536,475206451200,143769600,2.511297818273306,8,57737.82175173637,0.4160348830444111,0.08378206845674119,0.2993211038788056,74688,149376,191692800,0.0004033884630899556,335462400,0.0007059298104074224,9.028969332575798
p06_seed2026082207,selection,22,6,1,3,True,causal_current_input_channel_diagonal,333580.6902729671,8225422.956942791,192895.92673207354,7800,1536,475206451200,143769600,2.511297818273306,16,49339.10230111904,0.3845875050327672,0.07744912262759225,0.25578094422511083,149376,298752,383385600,0.0008067769261799112,527155200,0.001109318273497378,9.028969332575798
p06_seed2026082207,selection,22,6,1,3,True,causal_current_input_channel_diagonal,333580.6902729671,8225422.956942791,192895.92673207354,7800,1536,475206451200,143769600,2.511297818273306,32,40491.03935806439,0.34840069354104414,0.07016173870573231,0.20991132381074826,298752,597504,766771200,0.0016135538523598225,910540800,0.0019160951996772893,9.028969332575798
p06_seed2026082207,selection,22,6,1,3,True,causal_current_input_channel_diagonal,333580.6902729671,8225422.956942791,192895.92673207354,7800,1536,475206451200,143769600,2.511297818273306,64,31553.14575089363,0.3075536462699421,0.06193586570758303,0.16357600841985864,597504,1195008,1533542400,0.003227107704719645,1677312000,0.0035296490520371118,9.028969332575798
p06_seed2026082207,selection,22,6,1,3,True,causal_current_input_channel_diagonal,333580.6902729671,8225422.956942791,192895.92673207354,7800,1536,475206451200,143769600,2.511297818273306,96,26465.99699986895,0.28167200030710565,0.05672375989096566,0.13720350364647582,896256,1792512,2300313600,0.004840661557079467,2444083200,0.0051432029043969344,9.028969332575798
p06_seed2026082207,selection,23,4,0,1,True,causal_current_input_channel_diagonal,365534.919384538,8893831.48571406,100954.8890986541,7800,1536,475206451200,47923200,2.2586691193282604,0,100954.8890986541,0.5255320928737877,0.10654160373403973,1.0,0,0,0,0.0,47923200,0.0001008471157724889,0.0
p06_seed2026082207,selection,23,4,0,1,True,causal_current_input_channel_diagonal,365534.919384538,8893831.48571406,100954.8890986541,7800,1536,475206451200,47923200,2.2586691193282604,8,34779.32264531481,0.30845806093459516,0.06253398592073516,0.3445035997647231,74688,149376,191692800,0.0004033884630899556,239616000,0.0005042355788624445,9.126141667366028
p06_seed2026082207,selection,23,4,0,1,True,causal_current_input_channel_diagonal,365534.919384538,8893831.48571406,100954.8890986541,7800,1536,475206451200,47923200,2.2586691193282604,16,30363.831874881405,0.28821319073831503,0.058429724796919914,0.30076633435978184,149376,298752,383385600,0.0008067769261799112,431308800,0.0009076240419524002,9.126141667366028
p06_seed2026082207,selection,23,4,0,1,True,causal_current_input_channel_diagonal,365534.919384538,8893831.48571406,100954.8890986541,7800,1536,475206451200,47923200,2.2586691193282604,32,25267.406071375284,0.2629153207842075,0.05330106439251509,0.2502841253430344,298752,597504,766771200,0.0016135538523598225,814694400,0.0017144009681323113,9.126141667366028
p06_seed2026082207,selection,23,4,0,1,True,causal_current_input_channel_diagonal,365534.919384538,8893831.48571406,100954.8890986541,7800,1536,475206451200,47923200,2.2586691193282604,64,19778.806954592976,0.23261387187853683,0.047158023832953026,0.1959172771821285,597504,1195008,1533542400,0.003227107704719645,1581465600,0.003327954820492134,9.126141667366028
p06_seed2026082207,selection,23,4,0,1,True,causal_current_input_channel_diagonal,365534.919384538,8893831.48571406,100954.8890986541,7800,1536,475206451200,47923200,2.2586691193282604,96,16619.343544323157,0.2132271475030164,0.04322773539933343,0.16462148314775252,896256,1792512,2300313600,0.004840661557079467,2348236800,0.004941508672851956,9.126141667366028
p06_seed2026082207,selection,23,4,0,2,True,causal_current_input_channel_diagonal,365534.919384538,8893831.48571406,154272.45902161556,7800,1536,475206451200,95846400,2.096707932651043,0,154272.45902161556,0.6496504825706125,0.13170423884329477,1.0,0,0,0,0.0,95846400,0.0002016942315449778,0.0
p06_seed2026082207,selection,23,4,0,2,True,causal_current_input_channel_diagonal,365534.919384538,8893831.48571406,154272.45902161556,7800,1536,475206451200,95846400,2.096707932651043,8,46531.42931451167,0.35678678558004634,0.07233171264374191,0.3016185107071515,74688,149376,191692800,0.0004033884630899556,287539200,0.0006050826946349334,8.935202844440937
p06_seed2026082207,selection,23,4,0,2,True,causal_current_input_channel_diagonal,365534.919384538,8893831.48571406,154272.45902161556,7800,1536,475206451200,95846400,2.096707932651043,16,39956.53616068413,0.33062027322019627,0.06702695156682988,0.25899980093763153,149376,298752,383385600,0.0008067769261799112,479232000,0.001008471157724889,8.935202844440937
p06_seed2026082207,selection,23,4,0,2,True,causal_current_input_channel_diagonal,365534.919384538,8893831.48571406,154272.45902161556,7800,1536,475206451200,95846400,2.096707932651043,32,32771.70722080565,0.29942295873949853,0.060702291356655086,0.21242746399340728,298752,597504,766771200,0.0016135538523598225,862617600,0.0018152480839048004,8.935202844440937
p06_seed2026082207,selection,23,4,0,2,True,causal_current_input_channel_diagonal,365534.919384538,8893831.48571406,154272.45902161556,7800,1536,475206451200,95846400,2.096707932651043,64,25227.059131266957,0.26270532560909665,0.053258491877846426,0.16352276551111658,597504,1195008,1533542400,0.003227107704719645,1629388800,0.0034288019362646227,8.935202844440937
p06_seed2026082207,selection,23,4,0,2,True,causal_current_input_channel_diagonal,365534.919384538,8893831.48571406,154272.45902161556,7800,1536,475206451200,95846400,2.096707932651043,96,21001.06978132896,0.23969350903339798,0.04859328517391008,0.13612974035005487,896256,1792512,2300313600,0.004840661557079467,2396160000,0.005042355788624445,8.935202844440937
p06_seed2026082207,selection,23,4,0,3,True,causal_current_input_channel_diagonal,365534.919384538,8893831.48571406,286011.1399993492,7800,1536,475206451200,143769600,1.9652782939374447,0,286011.1399993492,0.8845594751490651,0.179327554603131,1.0,0,0,0,0.0,143769600,0.0003025413473174667,0.0
p06_seed2026082207,selection,23,4,0,3,True,causal_current_input_channel_diagonal,365534.919384538,8893831.48571406,286011.1399993492,7800,1536,475206451200,143769600,1.9652782939374447,8,58989.58011618216,0.40171978060555447,0.08144101998292466,0.20624923971232484,74688,149376,191692800,0.0004033884630899556,335462400,0.0007059298104074224,8.928667288273573
p06_seed2026082207,selection,23,4,0,3,True,causal_current_input_channel_diagonal,365534.919384538,8893831.48571406,286011.1399993492,7800,1536,475206451200,143769600,1.9652782939374447,16,50059.75817102939,0.37006664089148106,0.07502394990464704,0.1750273021544246,149376,298752,383385600,0.0008067769261799112,527155200,0.001109318273497378,8.928667288273573
p06_seed2026082207,selection,23,4,0,3,True,causal_current_input_channel_diagonal,365534.919384538,8893831.48571406,286011.1399993492,7800,1536,475206451200,143769600,1.9652782939374447,32,40672.49083580467,0.33356920460062556,0.06762479113330526,0.14220596748729888,298752,597504,766771200,0.0016135538523598225,910540800,0.0019160951996772893,8.928667288273573
p06_seed2026082207,selection,23,4,0,3,True,causal_current_input_channel_diagonal,365534.919384538,8893831.48571406,286011.1399993492,7800,1536,475206451200,143769600,1.9652782939374447,64,30985.717153981503,0.291149695667592,0.05902504513754318,0.10833744861995878,597504,1195008,1533542400,0.003227107704719645,1677312000,0.0035296490520371118,8.928667288273573
p06_seed2026082207,selection,23,4,0,3,True,causal_current_input_channel_diagonal,365534.919384538,8893831.48571406,286011.1399993492,7800,1536,475206451200,143769600,1.9652782939374447,96,25714.55477102648,0.2652314801987052,0.05377062151732334,0.08990752876388501,896256,1792512,2300313600,0.004840661557079467,2444083200,0.0051432029043969344,8.928667288273573
p06_seed2026082207,selection,23,6,0,1,True,causal_current_input_channel_diagonal,321539.30704526516,7795047.802034548,46182.8525774396,7800,1536,475206451200,47923200,2.8590369038283825,0,46182.8525774396,0.37898615216881637,0.07697168357788885,1.0,0,0,0,0.0,47923200,0.0001008471157724889,0.0
p06_seed2026082207,selection,23,6,0,1,True,causal_current_input_channel_diagonal,321539.30704526516,7795047.802034548,46182.8525774396,7800,1536,475206451200,47923200,2.8590369038283825,8,15282.95504425609,0.21801512893520722,0.04427864032382495,0.33092271669430634,74688,149376,191692800,0.0004033884630899556,239616000,0.0005042355788624445,9.104438126087189
p06_seed2026082207,selection,23,6,0,1,True,causal_current_input_channel_diagonal,321539.30704526516,7795047.802034548,46182.8525774396,7800,1536,475206451200,47923200,2.8590369038283825,16,13655.697884079142,0.20608193061278182,0.041855020463074,0.29568762252261965,149376,298752,383385600,0.0008067769261799112,431308800,0.0009076240419524002,9.104438126087189
p06_seed2026082207,selection,23,6,0,1,True,causal_current_input_channel_diagonal,321539.30704526516,7795047.802034548,46182.8525774396,7800,1536,475206451200,47923200,2.8590369038283825,32,11753.64940410087,0.19119183010870153,0.038830856920727734,0.25450245588069786,298752,597504,766771200,0.0016135538523598225,814694400,0.0017144009681323113,9.104438126087189
p06_seed2026082207,selection,23,6,0,1,True,causal_current_input_channel_diagonal,321539.30704526516,7795047.802034548,46182.8525774396,7800,1536,475206451200,47923200,2.8590369038283825,64,9491.029800868833,0.17180651669474795,0.03489372042743342,0.20550982168272264,597504,1195008,1533542400,0.003227107704719645,1581465600,0.003327954820492134,9.104438126087189
p06_seed2026082207,selection,23,6,0,1,True,causal_current_input_channel_diagonal,321539.30704526516,7795047.802034548,46182.8525774396,7800,1536,475206451200,47923200,2.8590369038283825,96,8101.095862593553,0.1587284772612925,0.03223758455721649,0.17541350107275377,896256,1792512,2300313600,0.004840661557079467,2348236800,0.004941508672851956,9.104438126087189
p06_seed2026082207,selection,23,6,0,2,True,causal_current_input_channel_diagonal,321539.30704526516,7795047.802034548,105195.60047947512,7800,1536,475206451200,95846400,2.5918669998645782,0,105195.60047947512,0.571981197661186,0.11616877162115287,1.0,0,0,0,0.0,95846400,0.0002016942315449778,0.0
p06_seed2026082207,selection,23,6,0,2,True,causal_current_input_channel_diagonal,321539.30704526516,7795047.802034548,105195.60047947512,7800,1536,475206451200,95846400,2.5918669998645782,8,30908.37333218835,0.3100423634960557,0.0629692735794973,0.2938181185662291,74688,149376,191692800,0.0004033884630899556,287539200,0.0006050826946349334,9.170053992420435
p06_seed2026082207,selection,23,6,0,2,True,causal_current_input_channel_diagonal,321539.30704526516,7795047.802034548,105195.60047947512,7800,1536,475206451200,95846400,2.5918669998645782,16,27293.7787292343,0.29134984908230493,0.059172843824751416,0.25945741720529425,149376,298752,383385600,0.0008067769261799112,479232000,0.001008471157724889,9.170053992420435
p06_seed2026082207,selection,23,6,0,2,True,causal_current_input_channel_diagonal,321539.30704526516,7795047.802034548,105195.60047947512,7800,1536,475206451200,95846400,2.5918669998645782,32,23058.237993748175,0.2677910283298526,0.054388072439177905,0.21919393919446217,298752,597504,766771200,0.0016135538523598225,862617600,0.0018152480839048004,9.170053992420435
p06_seed2026082207,selection,23,6,0,2,True,causal_current_input_channel_diagonal,321539.30704526516,7795047.802034548,105195.60047947512,7800,1536,475206451200,95846400,2.5918669998645782,64,18357.26984217255,0.23893898263079003,0.04852825270852505,0.17450606115924755,597504,1195008,1533542400,0.003227107704719645,1629388800,0.0034288019362646227,9.170053992420435
p06_seed2026082207,selection,23,6,0,2,True,causal_current_input_channel_diagonal,321539.30704526516,7795047.802034548,105195.60047947512,7800,1536,475206451200,95846400,2.5918669998645782,96,15569.645565098515,0.22005048361031498,0.044692018689035995,0.14800662323811747,896256,1792512,2300313600,0.004840661557079467,2396160000,0.005042355788624445,9.170053992420435
p06_seed2026082207,selection,23,6,0,3,True,causal_current_input_channel_diagonal,321539.30704526516,7795047.802034548,169902.07340991922,7800,1536,475206451200,143769600,2.5138207711279392,0,169902.07340991922,0.7269127788957249,0.14763521064210913,1.0,0,0,0,0.0,143769600,0.0003025413473174667,0.0
p06_seed2026082207,selection,23,6,0,3,True,causal_current_input_channel_diagonal,321539.30704526516,7795047.802034548,169902.07340991922,7800,1536,475206451200,143769600,2.5138207711279392,8,49438.65671397267,0.3921175634351198,0.07963865921047292,0.29098324607044185,74688,149376,191692800,0.0004033884630899556,335462400,0.0007059298104074224,9.009486064314842
p06_seed2026082207,selection,23,6,0,3,True,causal_current_input_channel_diagonal,321539.30704526516,7795047.802034548,169902.07340991922,7800,1536,475206451200,143769600,2.5138207711279392,16,43076.26281833548,0.3660176036068752,0.07433778518697991,0.25353582836970906,149376,298752,383385600,0.0008067769261799112,527155200,0.001109318273497378,9.009486064314842
p06_seed2026082207,selection,23,6,0,3,True,causal_current_input_channel_diagonal,321539.30704526516,7795047.802034548,169902.07340991922,7800,1536,475206451200,143769600,2.5138207711279392,32,35981.56589379604,0.33452069782967264,0.0679407971933777,0.21177826297038452,298752,597504,766771200,0.0016135538523598225,910540800,0.0019160951996772893,9.009486064314842
p06_seed2026082207,selection,23,6,0,3,True,causal_current_input_channel_diagonal,321539.30704526516,7795047.802034548,169902.07340991922,7800,1536,475206451200,143769600,2.5138207711279392,64,28320.573281125893,0.2967795585083427,0.06027561202213583,0.166687626478103,597504,1195008,1533542400,0.003227107704719645,1677312000,0.0035296490520371118,9.009486064314842
p06_seed2026082207,selection,23,6,0,3,True,causal_current_input_channel_diagonal,321539.30704526516,7795047.802034548,169902.07340991922,7800,1536,475206451200,143769600,2.5138207711279392,96,23907.140271316166,0.2726759149836293,0.05538018771219418,0.14071129239324273,896256,1792512,2300313600,0.004840661557079467,2444083200,0.0051432029043969344,9.009486064314842
p06_seed2026082207,selection,23,4,1,1,True,causal_current_input_channel_diagonal,332192.4673103957,8164309.276998305,141992.16672950226,7800,1536,475206451200,47923200,2.2231037728488445,0,141992.16672950226,0.6537885389306388,0.13187803549883928,1.0,0,0,0,0.0,47923200,0.0001008471157724889,0.0
p06_seed2026082207,selection,23,4,1,1,True,causal_current_input_channel_diagonal,332192.4673103957,8164309.276998305,141992.16672950226,7800,1536,475206451200,47923200,2.2231037728488445,8,45034.56443373118,0.3681951751516172,0.07426997184528156,0.31716231614679685,74688,149376,191692800,0.0004033884630899556,239616000,0.0005042355788624445,9.09067690372467
p06_seed2026082207,selection,23,4,1,1,True,causal_current_input_channel_diagonal,332192.4673103957,8164309.276998305,141992.16672950226,7800,1536,475206451200,47923200,2.2231037728488445,16,38372.68595438078,0.3398726435744842,0.06855693222721876,0.2702450907896287,149376,298752,383385600,0.0008067769261799112,431308800,0.0009076240419524002,9.09067690372467
p06_seed2026082207,selection,23,4,1,1,True,causal_current_input_channel_diagonal,332192.4673103957,8164309.276998305,141992.16672950226,7800,1536,475206451200,47923200,2.2231037728488445,32,31480.624315513327,0.30784122470329317,0.06209575962562734,0.22170676783934756,298752,597504,766771200,0.0016135538523598225,814694400,0.0017144009681323113,9.09067690372467
p06_seed2026082207,selection,23,4,1,1,True,causal_current_input_channel_diagonal,332192.4673103957,8164309.276998305,141992.16672950226,7800,1536,475206451200,47923200,2.2231037728488445,64,24347.23844313668,0.2707259986136788,0.05460911400195284,0.17146888470003085,597504,1195008,1533542400,0.003227107704719645,1581465600,0.003327954820492134,9.09067690372467
p06_seed2026082207,selection,23,4,1,1,True,causal_current_input_channel_diagonal,332192.4673103957,8164309.276998305,141992.16672950226,7800,1536,475206451200,47923200,2.2231037728488445,96,20343.227617695637,0.2474657153941976,0.049917198690697696,0.1432700697843802,896256,1792512,2300313600,0.004840661557079467,2348236800,0.004941508672851956,9.09067690372467
p06_seed2026082207,selection,23,4,1,2,True,causal_current_input_channel_diagonal,332192.4673103957,8164309.276998305,199199.58727854825,7800,1536,475206451200,95846400,2.098673954606056,0,199199.58727854825,0.774371439700347,0.1562012457133696,1.0,0,0,0,0.0,95846400,0.0002016942315449778,0.0
p06_seed2026082207,selection,23,4,1,2,True,causal_current_input_channel_diagonal,332192.4673103957,8164309.276998305,199199.58727854825,7800,1536,475206451200,95846400,2.098673954606056,8,53201.58352500631,0.40019106629895196,0.08072397802202928,0.2670767760328186,74688,149376,191692800,0.0004033884630899556,287539200,0.0006050826946349334,8.986024651676416
p06_seed2026082207,selection,23,4,1,2,True,causal_current_input_channel_diagonal,332192.4673103957,8164309.276998305,199199.58727854825,7800,1536,475206451200,95846400,2.098673954606056,16,45274.205780120945,0.3691735094540967,0.07446731517296233,0.22728062053862838,149376,298752,383385600,0.0008067769261799112,479232000,0.001008471157724889,8.986024651676416
p06_seed2026082207,selection,23,4,1,2,True,causal_current_input_channel_diagonal,332192.4673103957,8164309.276998305,199199.58727854825,7800,1536,475206451200,95846400,2.098673954606056,32,36899.39973012198,0.3332842267869143,0.06722795900230806,0.18523833435963624,298752,597504,766771200,0.0016135538523598225,862617600,0.0018152480839048004,8.986024651676416
p06_seed2026082207,selection,23,4,1,2,True,causal_current_input_channel_diagonal,332192.4673103957,8164309.276998305,199199.58727854825,7800,1536,475206451200,95846400,2.098673954606056,64,28501.859990683442,0.29291506665315453,0.05908495064996509,0.1430819229971334,597504,1195008,1533542400,0.003227107704719645,1629388800,0.0034288019362646227,8.986024651676416
p06_seed2026082207,selection,23,4,1,2,True,causal_current_input_channel_diagonal,332192.4673103957,8164309.276998305,199199.58727854825,7800,1536,475206451200,95846400,2.098673954606056,96,23773.505992839026,0.26751721024280894,0.05396185776926638,0.11934515694593859,896256,1792512,2300313600,0.004840661557079467,2396160000,0.005042355788624445,8.986024651676416
p06_seed2026082207,selection,23,4,1,3,True,causal_current_input_channel_diagonal,332192.4673103957,8164309.276998305,246991.44792011165,7800,1536,475206451200,143769600,1.9678883254528046,0,246991.44792011165,0.8622755422909768,0.17393269811983428,1.0,0,0,0,0.0,143769600,0.0003025413473174667,0.0
p06_seed2026082207,selection,23,4,1,3,True,causal_current_input_channel_diagonal,332192.4673103957,8164309.276998305,246991.44792011165,7800,1536,475206451200,143769600,1.9678883254528046,8,64241.86916682523,0.4397584509341124,0.08870525735746515,0.2600975433584116,74688,149376,191692800,0.0004033884630899556,335462400,0.0007059298104074224,8.968020789325237
p06_seed2026082207,selection,23,4,1,3,True,causal_current_input_channel_diagonal,332192.4673103957,8164309.276998305,246991.44792011165,7800,1536,475206451200,143769600,1.9678883254528046,16,54099.24462457246,0.40355312103619384,0.08140215016422106,0.21903286449926984,149376,298752,383385600,0.0008067769261799112,527155200,0.001109318273497378,8.968020789325237
p06_seed2026082207,selection,23,4,1,3,True,causal_current_input_channel_diagonal,332192.4673103957,8164309.276998305,246991.44792011165,7800,1536,475206451200,143769600,1.9678883254528046,32,43695.37234175086,0.36267935281175634,0.0731573555006585,0.17691046586311732,298752,597504,766771200,0.0016135538523598225,910540800,0.0019160951996772893,8.968020789325237
p06_seed2026082207,selection,23,4,1,3,True,causal_current_input_channel_diagonal,332192.4673103957,8164309.276998305,246991.44792011165,7800,1536,475206451200,143769600,1.9678883254528046,64,33520.522116558655,0.317658511949793,0.06407603991336967,0.13571531413520163,597504,1195008,1533542400,0.003227107704719645,1677312000,0.0035296490520371118,8.968020789325237
p06_seed2026082207,selection,23,4,1,3,True,causal_current_input_channel_diagonal,332192.4673103957,8164309.276998305,246991.44792011165,7800,1536,475206451200,143769600,1.9678883254528046,96,27846.03436191901,0.2895254779410801,0.058401224530769784,0.1127408841576671,896256,1792512,2300313600,0.004840661557079467,2444083200,0.0051432029043969344,8.968020789325237
p06_seed2026082207,selection,23,6,1,1,True,causal_current_input_channel_diagonal,317066.6398772034,7404934.534478982,55872.65539576193,7800,1536,475206451200,47923200,2.852099947631359,0,55872.65539576193,0.41978254957697525,0.0868638439989132,1.0,0,0,0,0.0,47923200,0.0001008471157724889,0.0
p06_seed2026082207,selection,23,6,1,1,True,causal_current_input_channel_diagonal,317066.6398772034,7404934.534478982,55872.65539576193,7800,1536,475206451200,47923200,2.852099947631359,8,17502.8391619482,0.23495190783060854,0.04861761378506912,0.3132630634458884,74688,149376,191692800,0.0004033884630899556,239616000,0.0005042355788624445,9.052706882357597
p06_seed2026082207,selection,23,6,1,1,True,causal_current_input_channel_diagonal,317066.6398772034,7404934.534478982,55872.65539576193,7800,1536,475206451200,47923200,2.852099947631359,16,15376.934892135869,0.2202214473780286,0.04556950132762064,0.27521396306896545,149376,298752,383385600,0.0008067769261799112,431308800,0.0009076240419524002,9.052706882357597
p06_seed2026082207,selection,23,6,1,1,True,causal_current_input_channel_diagonal,317066.6398772034,7404934.534478982,55872.65539576193,7800,1536,475206451200,47923200,2.852099947631359,32,13050.06262538379,0.20287616315824283,0.04198031434473486,0.23356796907990227,298752,597504,766771200,0.0016135538523598225,814694400,0.0017144009681323113,9.052706882357597
p06_seed2026082207,selection,23,6,1,1,True,causal_current_input_channel_diagonal,317066.6398772034,7404934.534478982,55872.65539576193,7800,1536,475206451200,47923200,2.852099947631359,64,10399.84833132977,0.18110824734448303,0.037475970737947596,0.1861348503234687,597504,1195008,1533542400,0.003227107704719645,1581465600,0.003327954820492134,9.052706882357597
p06_seed2026082207,selection,23,6,1,1,True,causal_current_input_channel_diagonal,317066.6398772034,7404934.534478982,55872.65539576193,7800,1536,475206451200,47923200,2.852099947631359,96,8797.010018402492,0.16656826733807076,0.034467273601067876,0.15744750220410508,896256,1792512,2300313600,0.004840661557079467,2348236800,0.004941508672851956,9.052706882357597
p06_seed2026082207,selection,23,6,1,2,True,causal_current_input_channel_diagonal,317066.6398772034,7404934.534478982,128548.43046612485,7800,1536,475206451200,95846400,2.591031137853861,0,128548.43046612485,0.6367341076012462,0.13175672082414625,1.0,0,0,0,0.0,95846400,0.0002016942315449778,0.0
p06_seed2026082207,selection,23,6,1,2,True,causal_current_input_channel_diagonal,317066.6398772034,7404934.534478982,128548.43046612485,7800,1536,475206451200,95846400,2.591031137853861,8,34283.764231790585,0.3288281391648909,0.06804302897215687,0.2666992052679277,74688,149376,191692800,0.0004033884630899556,287539200,0.0006050826946349334,9.03340382501483
p06_seed2026082207,selection,23,6,1,2,True,causal_current_input_channel_diagonal,317066.6398772034,7404934.534478982,128548.43046612485,7800,1536,475206451200,95846400,2.591031137853861,16,29726.842492118085,0.3061957200508499,0.06335979731990929,0.23125013969210473,149376,298752,383385600,0.0008067769261799112,479232000,0.001008471157724889,9.03340382501483
p06_seed2026082207,selection,23,6,1,2,True,causal_current_input_channel_diagonal,317066.6398772034,7404934.534478982,128548.43046612485,7800,1536,475206451200,95846400,2.591031137853861,32,24930.67622446394,0.28040887445308277,0.05802383341315387,0.19393995043552098,298752,597504,766771200,0.0016135538523598225,862617600,0.0018152480839048004,9.03340382501483
p06_seed2026082207,selection,23,6,1,2,True,causal_current_input_channel_diagonal,317066.6398772034,7404934.534478982,128548.43046612485,7800,1536,475206451200,95846400,2.591031137853861,64,19700.452493786303,0.24926587433711794,0.05157954289546227,0.15325315469995457,597504,1195008,1533542400,0.003227107704719645,1629388800,0.0034288019362646227,9.03340382501483
p06_seed2026082207,selection,23,6,1,2,True,causal_current_input_channel_diagonal,317066.6398772034,7404934.534478982,128548.43046612485,7800,1536,475206451200,95846400,2.591031137853861,96,16650.13977262276,0.22915728421915943,0.04741855660195237,0.1295242557070426,896256,1792512,2300313600,0.004840661557079467,2396160000,0.005042355788624445,9.03340382501483
p06_seed2026082207,selection,23,6,1,3,True,causal_current_input_channel_diagonal,317066.6398772034,7404934.534478982,211901.8023384067,7800,1536,475206451200,143769600,2.513737417757511,0,211901.8023384067,0.8175080732819583,0.1691635200581265,1.0,0,0,0,0.0,143769600,0.0003025413473174667,0.0
p06_seed2026082207,selection,23,6,1,3,True,causal_current_input_channel_diagonal,317066.6398772034,7404934.534478982,211901.8023384067,7800,1536,475206451200,143769600,2.513737417757511,8,53627.38982219086,0.41126149938772516,0.08510061878840405,0.253076610483978,74688,149376,191692800,0.0004033884630899556,335462400,0.0007059298104074224,8.981744293123484
p06_seed2026082207,selection,23,6,1,3,True,causal_current_input_channel_diagonal,317066.6398772034,7404934.534478982,211901.8023384067,7800,1536,475206451200,143769600,2.513737417757511,16,45978.46822802746,0.3808044144149509,0.0787982618171513,0.2169800718061331,149376,298752,383385600,0.0008067769261799112,527155200,0.001109318273497378,8.981744293123484
p06_seed2026082207,selection,23,6,1,3,True,causal_current_input_channel_diagonal,317066.6398772034,7404934.534478982,211901.8023384067,7800,1536,475206451200,143769600,2.513737417757511,32,37896.02975021963,0.34571767307865103,0.07153790945391494,0.1788376945397595,298752,597504,766771200,0.0016135538523598225,910540800,0.0019160951996772893,8.981744293123484
p06_seed2026082207,selection,23,6,1,3,True,causal_current_input_channel_diagonal,317066.6398772034,7404934.534478982,211901.8023384067,7800,1536,475206451200,143769600,2.513737417757511,64,29478.784511882666,0.3049155065853461,0.0630948881118803,0.13911530824436594,597504,1195008,1533542400,0.003227107704719645,1677312000,0.0035296490520371118,8.981744293123484
p06_seed2026082207,selection,23,6,1,3,True,causal_current_input_channel_diagonal,317066.6398772034,7404934.534478982,211901.8023384067,7800,1536,475206451200,143769600,2.513737417757511,96,24705.033246581705,0.27913702544784325,0.05776065502783836,0.11658717861654559,896256,1792512,2300313600,0.004840661557079467,2444083200,0.0051432029043969344,8.981744293123484
p06_seed2026082207,selection,24,4,0,1,True,causal_current_input_channel_diagonal,1125166.1751429243,5258381.052365253,71239.35545442862,7800,1536,475206451200,47923200,2.22878810018301,0,71239.35545442862,0.25162376527072355,0.11639490322283093,1.0,0,0,0,0.0,47923200,0.0001008471157724889,0.0
p06_seed2026082207,selection,24,4,0,1,True,causal_current_input_channel_diagonal,1125166.1751429243,5258381.052365253,71239.35545442862,7800,1536,475206451200,47923200,2.22878810018301,8,26120.79341004131,0.15236487097356605,0.07048020441331004,0.36666240501393327,74688,149376,191692800,0.0004033884630899556,239616000,0.0005042355788624445,9.145071264356375
p06_seed2026082207,selection,24,4,0,1,True,causal_current_input_channel_diagonal,1125166.1751429243,5258381.052365253,71239.35545442862,7800,1536,475206451200,47923200,2.22878810018301,16,22504.14460906727,0.14142393632052244,0.06541919982680687,0.3158948373279484,149376,298752,383385600,0.0008067769261799112,431308800,0.0009076240419524002,9.145071264356375
p06_seed2026082207,selection,24,4,0,1,True,causal_current_input_channel_diagonal,1125166.1751429243,5258381.052365253,71239.35545442862,7800,1536,475206451200,47923200,2.22878810018301,32,18556.328243638338,0.1284214854652232,0.05940458905530891,0.2604786093298706,298752,597504,766771200,0.0016135538523598225,814694400,0.0017144009681323113,9.145071264356375
p06_seed2026082207,selection,24,4,0,1,True,causal_current_input_channel_diagonal,1125166.1751429243,5258381.052365253,71239.35545442862,7800,1536,475206451200,47923200,2.22878810018301,64,14296.11797867994,0.11271993452118535,0.052141441631164256,0.20067725042420245,597504,1195008,1533542400,0.003227107704719645,1581465600,0.003327954820492134,9.145071264356375
p06_seed2026082207,selection,24,4,0,1,True,causal_current_input_channel_diagonal,1125166.1751429243,5258381.052365253,71239.35545442862,7800,1536,475206451200,47923200,2.22878810018301,96,11902.357270717519,0.10285091440610157,0.04757627808246903,0.16707558892673996,896256,1792512,2300313600,0.004840661557079467,2348236800,0.004941508672851956,9.145071264356375
p06_seed2026082207,selection,24,4,0,2,True,causal_current_input_channel_diagonal,1125166.1751429243,5258381.052365253,112679.75704289426,7800,1536,475206451200,95846400,2.1061808802187443,0,112679.75704289426,0.31645693466479624,0.1463851168623631,1.0,0,0,0,0.0,95846400,0.0002016942315449778,0.0
p06_seed2026082207,selection,24,4,0,2,True,causal_current_input_channel_diagonal,1125166.1751429243,5258381.052365253,112679.75704289426,7800,1536,475206451200,95846400,2.1061808802187443,8,36400.2128035699,0.17986374318640289,0.08320049959888783,0.32304127864919413,74688,149376,191692800,0.0004033884630899556,287539200,0.0006050826946349334,8.957821875810623
p06_seed2026082207,selection,24,4,0,2,True,causal_current_input_channel_diagonal,1125166.1751429243,5258381.052365253,112679.75704289426,7800,1536,475206451200,95846400,2.1061808802187443,16,30606.505061245494,0.16492957366822447,0.07629232375980712,0.2716238111937111,149376,298752,383385600,0.0008067769261799112,479232000,0.001008471157724889,8.957821875810623
p06_seed2026082207,selection,24,4,0,2,True,causal_current_input_channel_diagonal,1125166.1751429243,5258381.052365253,112679.75704289426,7800,1536,475206451200,95846400,2.1061808802187443,32,24704.141916563647,0.14817555166792012,0.0685423293694899,0.2192420587133271,298752,597504,766771200,0.0016135538523598225,862617600,0.0018152480839048004,8.957821875810623
p06_seed2026082207,selection,24,4,0,2,True,causal_current_input_channel_diagonal,1125166.1751429243,5258381.052365253,112679.75704289426,7800,1536,475206451200,95846400,2.1061808802187443,64,18716.731545784845,0.1289753371170258,0.0596607870711919,0.16610553689101135,597504,1195008,1533542400,0.003227107704719645,1629388800,0.0034288019362646227,8.957821875810623
p06_seed2026082207,selection,24,4,0,2,True,causal_current_input_channel_diagonal,1125166.1751429243,5258381.052365253,112679.75704289426,7800,1536,475206451200,95846400,2.1061808802187443,96,15451.787165385671,0.11718742860092304,0.054207993415333666,0.1371301071853034,896256,1792512,2300313600,0.004840661557079467,2396160000,0.005042355788624445,8.957821875810623
p06_seed2026082207,selection,24,4,0,3,True,causal_current_input_channel_diagonal,1125166.1751429243,5258381.052365253,216437.75952179698,7800,1536,475206451200,143769600,1.9652959890663624,0,216437.75952179698,0.43858945009759853,0.20288058460511493,1.0,0,0,0,0.0,143769600,0.0003025413473174667,0.0
p06_seed2026082207,selection,24,4,0,3,True,causal_current_input_channel_diagonal,1125166.1751429243,5258381.052365253,216437.75952179698,7800,1536,475206451200,143769600,1.9652959890663624,8,46727.74576416722,0.20378822247152795,0.09426736940767831,0.21589461038728383,74688,149376,191692800,0.0004033884630899556,335462400,0.0007059298104074224,8.99233901873231
p06_seed2026082207,selection,24,4,0,3,True,causal_current_input_channel_diagonal,1125166.1751429243,5258381.052365253,216437.75952179698,7800,1536,475206451200,143769600,1.9652959890663624,16,38883.66721671095,0.185898238615395,0.08599190728130786,0.17965288174928554,149376,298752,383385600,0.0008067769261799112,527155200,0.001109318273497378,8.99233901873231
p06_seed2026082207,selection,24,4,0,3,True,causal_current_input_channel_diagonal,1125166.1751429243,5258381.052365253,216437.75952179698,7800,1536,475206451200,143769600,1.9652959890663624,32,30848.33394131821,0.16557986449964282,0.0765931321445326,0.14252750541338707,298752,597504,766771200,0.0016135538523598225,910540800,0.0019160951996772893,8.99233901873231
p06_seed2026082207,selection,24,4,0,3,True,causal_current_input_channel_diagonal,1125166.1751429243,5258381.052365253,216437.75952179698,7800,1536,475206451200,143769600,1.9652959890663624,64,23078.58691717562,0.1432175608537058,0.0662488859803916,0.10662920817792836,597504,1195008,1533542400,0.003227107704719645,1677312000,0.0035296490520371118,8.99233901873231
p06_seed2026082207,selection,24,4,0,3,True,causal_current_input_channel_diagonal,1125166.1751429243,5258381.052365253,216437.75952179698,7800,1536,475206451200,143769600,1.9652959890663624,96,19019.016268201725,0.1300126741195043,0.060140633400027496,0.08787291233555622,896256,1792512,2300313600,0.004840661557079467,2444083200,0.0051432029043969344,8.99233901873231
p06_seed2026082207,selection,24,6,0,1,True,causal_current_input_channel_diagonal,927612.3365719889,4900809.2500812,27949.49434162227,7800,1536,475206451200,47923200,2.8383289463818073,0,27949.49434162227,0.17358161297275368,0.07551845180500329,1.0,0,0,0,0.0,47923200,0.0001008471157724889,0.0
p06_seed2026082207,selection,24,6,0,1,True,causal_current_input_channel_diagonal,927612.3365719889,4900809.2500812,27949.49434162227,7800,1536,475206451200,47923200,2.8383289463818073,8,11521.264914698502,0.1114465999585774,0.04848598041962182,0.41221729381979827,74688,149376,191692800,0.0004033884630899556,239616000,0.0005042355788624445,8.9994752779603
p06_seed2026082207,selection,24,6,0,1,True,causal_current_input_channel_diagonal,927612.3365719889,4900809.2500812,27949.49434162227,7800,1536,475206451200,47923200,2.8383289463818073,16,10300.762953425543,0.10537836078981547,0.04584593105402852,0.3685491706317064,149376,298752,383385600,0.0008067769261799112,431308800,0.0009076240419524002,8.9994752779603
p06_seed2026082207,selection,24,6,0,1,True,causal_current_input_channel_diagonal,927612.3365719889,4900809.2500812,27949.49434162227,7800,1536,475206451200,47923200,2.8383289463818073,32,8734.824388038018,0.09703844557372258,0.0422175658457666,0.3125217324561825,298752,597504,766771200,0.0016135538523598225,814694400,0.0017144009681323113,8.9994752779603
p06_seed2026082207,selection,24,6,0,1,True,causal_current_input_channel_diagonal,927612.3365719889,4900809.2500812,27949.49434162227,7800,1536,475206451200,47923200,2.8383289463818073,64,6903.521326907336,0.08626846637891956,0.03753197650923195,0.24699986505600413,597504,1195008,1533542400,0.003227107704719645,1581465600,0.003327954820492134,8.9994752779603
p06_seed2026082207,selection,24,6,0,1,True,causal_current_input_channel_diagonal,927612.3365719889,4900809.2500812,27949.49434162227,7800,1536,475206451200,47923200,2.8383289463818073,96,5837.426415688398,0.07932817289475042,0.03451253101600984,0.2088562443241282,896256,1792512,2300313600,0.004840661557079467,2348236800,0.004941508672851956,8.9994752779603
p06_seed2026082207,selection,24,6,0,2,True,causal_current_input_channel_diagonal,927612.3365719889,4900809.2500812,62162.99841702939,7800,1536,475206451200,95846400,2.601135987788439,0,62162.99841702939,0.2588705934369298,0.11262429297317327,1.0,0,0,0,0.0,95846400,0.0002016942315449778,0.0
p06_seed2026082207,selection,24,6,0,2,True,causal_current_input_channel_diagonal,927612.3365719889,4900809.2500812,62162.99841702939,7800,1536,475206451200,95846400,2.601135987788439,8,23589.250823501534,0.15946809868168152,0.06937822341020863,0.37947414742141033,74688,149376,191692800,0.0004033884630899556,287539200,0.0006050826946349334,9.023700840771198
p06_seed2026082207,selection,24,6,0,2,True,causal_current_input_channel_diagonal,927612.3365719889,4900809.2500812,62162.99841702939,7800,1536,475206451200,95846400,2.601135987788439,16,20628.199517876936,0.14912395170801881,0.06487789672631593,0.3318404846111661,149376,298752,383385600,0.0008067769261799112,479232000,0.001008471157724889,9.023700840771198
p06_seed2026082207,selection,24,6,0,2,True,causal_current_input_channel_diagonal,927612.3365719889,4900809.2500812,62162.99841702939,7800,1536,475206451200,95846400,2.601135987788439,32,17253.79071598062,0.13638261238532098,0.05933464705203516,0.27755724718528024,298752,597504,766771200,0.0016135538523598225,862617600,0.0018152480839048004,9.023700840771198
p06_seed2026082207,selection,24,6,0,2,True,causal_current_input_channel_diagonal,927612.3365719889,4900809.2500812,62162.99841702939,7800,1536,475206451200,95846400,2.601135987788439,64,13517.238321582707,0.1207148579140188,0.05251823060866808,0.21744829990379536,597504,1195008,1533542400,0.003227107704719645,1629388800,0.0034288019362646227,9.023700840771198
p06_seed2026082207,selection,24,6,0,2,True,causal_current_input_channel_diagonal,927612.3365719889,4900809.2500812,62162.99841702939,7800,1536,475206451200,95846400,2.601135987788439,96,11377.157605569657,0.11074742297877102,0.04818179634074152,0.18302137760777365,896256,1792512,2300313600,0.004840661557079467,2396160000,0.005042355788624445,9.023700840771198
p06_seed2026082207,selection,24,6,0,3,True,causal_current_input_channel_diagonal,927612.3365719889,4900809.2500812,107174.90759079516,7800,1536,475206451200,143769600,2.518335822969675,0,107174.90759079516,0.33990949865033365,0.14788109553929119,1.0,0,0,0,0.0,143769600,0.0003025413473174667,0.0
p06_seed2026082207,selection,24,6,0,3,True,causal_current_input_channel_diagonal,927612.3365719889,4900809.2500812,107174.90759079516,7800,1536,475206451200,143769600,2.518335822969675,8,39350.8172591067,0.2059650920619034,0.0896072147966005,0.36716446189200835,74688,149376,191692800,0.0004033884630899556,335462400,0.0007059298104074224,9.002487175166607
p06_seed2026082207,selection,24,6,0,3,True,causal_current_input_channel_diagonal,927612.3365719889,4900809.2500812,107174.90759079516,7800,1536,475206451200,143769600,2.518335822969675,16,33571.38737824808,0.19023980266331686,0.08276576719608023,0.3132392473716678,149376,298752,383385600,0.0008067769261799112,527155200,0.001109318273497378,9.002487175166607
p06_seed2026082207,selection,24,6,0,3,True,causal_current_input_channel_diagonal,927612.3365719889,4900809.2500812,107174.90759079516,7800,1536,475206451200,143769600,2.518335822969675,32,27659.71451386386,0.17267942297043123,0.07512594483930272,0.2580801341100264,298752,597504,766771200,0.0016135538523598225,910540800,0.0019160951996772893,9.002487175166607
p06_seed2026082207,selection,24,6,0,3,True,causal_current_input_channel_diagonal,927612.3365719889,4900809.2500812,107174.90759079516,7800,1536,475206451200,143769600,2.518335822969675,64,21455.80364078452,0.15208596405886543,0.06616655042144173,0.2001942817694881,597504,1195008,1533542400,0.003227107704719645,1677312000,0.0035296490520371118,9.002487175166607
p06_seed2026082207,selection,24,6,0,3,True,causal_current_input_channel_diagonal,927612.3365719889,4900809.2500812,107174.90759079516,7800,1536,475206451200,143769600,2.518335822969675,96,17957.96736837014,0.13913786374548712,0.06053334726854965,0.16755757274535313,896256,1792512,2300313600,0.004840661557079467,2444083200,0.0051432029043969344,9.002487175166607
p06_seed2026082207,selection,24,4,1,1,True,causal_current_input_channel_diagonal,1034894.2169221165,4983311.161647321,98227.90197383687,7800,1536,475206451200,47923200,2.2261361591517925,0,98227.90197383687,0.30808421972399347,0.14039719504401302,1.0,0,0,0,0.0,47923200,0.0001008471157724889,0.0
p06_seed2026082207,selection,24,4,1,1,True,causal_current_input_channel_diagonal,1034894.2169221165,4983311.161647321,98227.90197383687,7800,1536,475206451200,47923200,2.2261361591517925,8,34950.130962396855,0.18377076519731378,0.08374625609811921,0.35580655032409514,74688,149376,191692800,0.0004033884630899556,239616000,0.0005042355788624445,9.112858213484287
p06_seed2026082207,selection,24,4,1,1,True,causal_current_input_channel_diagonal,1034894.2169221165,4983311.161647321,98227.90197383687,7800,1536,475206451200,47923200,2.2261361591517925,16,29197.15425073888,0.1679663489313229,0.0765440186221428,0.29723890718501195,149376,298752,383385600,0.0008067769261799112,431308800,0.0009076240419524002,9.112858213484287
p06_seed2026082207,selection,24,4,1,1,True,causal_current_input_channel_diagonal,1034894.2169221165,4983311.161647321,98227.90197383687,7800,1536,475206451200,47923200,2.2261361591517925,32,23593.264102786517,0.15098925232700428,0.06880737847428668,0.2401890259103647,298752,597504,766771200,0.0016135538523598225,814694400,0.0017144009681323113,9.112858213484287
p06_seed2026082207,selection,24,4,1,1,True,causal_current_input_channel_diagonal,1034894.2169221165,4983311.161647321,98227.90197383687,7800,1536,475206451200,47923200,2.2261361591517925,64,18064.11078428522,0.13211748991431757,0.06020731933898946,0.18389999596121764,597504,1195008,1533542400,0.003227107704719645,1581465600,0.003327954820492134,9.112858213484287
p06_seed2026082207,selection,24,4,1,1,True,causal_current_input_channel_diagonal,1034894.2169221165,4983311.161647321,98227.90197383687,7800,1536,475206451200,47923200,2.2261361591517925,96,14981.579649537947,0.12031806082161492,0.05483019632626165,0.15251857508754235,896256,1792512,2300313600,0.004840661557079467,2348236800,0.004941508672851956,9.112858213484287
p06_seed2026082207,selection,24,4,1,2,True,causal_current_input_channel_diagonal,1034894.2169221165,4983311.161647321,159936.46808558388,7800,1536,475206451200,95846400,2.095334231853485,0,159936.46808558388,0.3931205715435451,0.17914914826945477,1.0,0,0,0,0.0,95846400,0.0002016942315449778,0.0
p06_seed2026082207,selection,24,4,1,2,True,causal_current_input_channel_diagonal,1034894.2169221165,4983311.161647321,159936.46808558388,7800,1536,475206451200,95846400,2.095334231853485,8,43692.41564600506,0.20547313545836704,0.09363625277885859,0.2731860729756449,74688,149376,191692800,0.0004033884630899556,287539200,0.0006050826946349334,8.965695276856422
p06_seed2026082207,selection,24,4,1,2,True,causal_current_input_channel_diagonal,1034894.2169221165,4983311.161647321,159936.46808558388,7800,1536,475206451200,95846400,2.095334231853485,16,36358.701021285844,0.18743737755892942,0.0854171696273669,0.2273321491531867,149376,298752,383385600,0.0008067769261799112,479232000,0.001008471157724889,8.965695276856422
p06_seed2026082207,selection,24,4,1,2,True,causal_current_input_channel_diagonal,1034894.2169221165,4983311.161647321,159936.46808558388,7800,1536,475206451200,95846400,2.095334231853485,32,29159.56665641621,0.1678581965378054,0.07649473244740539,0.18231968607728508,298752,597504,766771200,0.0016135538523598225,862617600,0.0018152480839048004,8.965695276856422
p06_seed2026082207,selection,24,4,1,2,True,causal_current_input_channel_diagonal,1034894.2169221165,4983311.161647321,159936.46808558388,7800,1536,475206451200,95846400,2.095334231853485,64,22145.349619570217,0.1462828087340154,0.06666260299802089,0.1384634153958991,597504,1195008,1533542400,0.003227107704719645,1629388800,0.0034288019362646227,8.965695276856422
p06_seed2026082207,selection,24,4,1,2,True,causal_current_input_channel_diagonal,1034894.2169221165,4983311.161647321,159936.46808558388,7800,1536,475206451200,95846400,2.095334231853485,96,18351.03304483404,0.133162603808404,0.060683588650552095,0.11473951665162466,896256,1792512,2300313600,0.004840661557079467,2396160000,0.005042355788624445,8.965695276856422
p06_seed2026082207,selection,24,4,1,3,True,causal_current_input_channel_diagonal,1034894.2169221165,4983311.161647321,279702.6485959767,7800,1536,475206451200,143769600,1.9647283479571342,0,279702.6485959767,0.519876647178357,0.23691321515304137,1.0,0,0,0,0.0,143769600,0.0003025413473174667,0.0
p06_seed2026082207,selection,24,4,1,3,True,causal_current_input_channel_diagonal,1034894.2169221165,4983311.161647321,279702.6485959767,7800,1536,475206451200,143769600,1.9647283479571342,8,51837.58632858927,0.22380738133055836,0.10199136001547397,0.18533105271720932,74688,149376,191692800,0.0004033884630899556,335462400,0.0007059298104074224,8.85927677154541
p06_seed2026082207,selection,24,4,1,3,True,causal_current_input_channel_diagonal,1034894.2169221165,4983311.161647321,279702.6485959767,7800,1536,475206451200,143769600,1.9647283479571342,16,42697.08268216433,0.20311926726699256,0.09256357047183109,0.1526516923700794,149376,298752,383385600,0.0008067769261799112,527155200,0.001109318273497378,8.85927677154541
p06_seed2026082207,selection,24,4,1,3,True,causal_current_input_channel_diagonal,1034894.2169221165,4983311.161647321,279702.6485959767,7800,1536,475206451200,143769600,1.9647283479571342,32,33625.89423345303,0.18025567281832908,0.08214439180668563,0.1202201494749454,298752,597504,766771200,0.0016135538523598225,910540800,0.0019160951996772893,8.85927677154541
p06_seed2026082207,selection,24,4,1,3,True,causal_current_input_channel_diagonal,1034894.2169221165,4983311.161647321,279702.6485959767,7800,1536,475206451200,143769600,1.9647283479571342,64,25264.56442821471,0.15624564729474522,0.07120277253301334,0.09032651119676888,597504,1195008,1533542400,0.003227107704719645,1677312000,0.0035296490520371118,8.85927677154541
p06_seed2026082207,selection,24,4,1,3,True,causal_current_input_channel_diagonal,1034894.2169221165,4983311.161647321,279702.6485959767,7800,1536,475206451200,143769600,1.9647283479571342,96,20823.638373693248,0.14185032218070093,0.06464267260459415,0.07444919978981733,896256,1792512,2300313600,0.004840661557079467,2444083200,0.0051432029043969344,8.85927677154541
p06_seed2026082207,selection,24,6,1,1,True,causal_current_input_channel_diagonal,890562.5775899404,4718628.9808839895,32992.658796250325,7800,1536,475206451200,47923200,2.8337351977825165,0,32992.658796250325,0.19247593456021764,0.0836181861293191,1.0,0,0,0,0.0,47923200,0.0001008471157724889,0.0
p06_seed2026082207,selection,24,6,1,1,True,causal_current_input_channel_diagonal,890562.5775899404,4718628.9808839895,32992.658796250325,7800,1536,475206451200,47923200,2.8337351977825165,8,13442.374713744488,0.12285866103662813,0.0533740408099987,0.40743532679360406,74688,149376,191692800,0.0004033884630899556,239616000,0.0005042355788624445,9.01058642193675
p06_seed2026082207,selection,24,6,1,1,True,causal_current_input_channel_diagonal,890562.5775899404,4718628.9808839895,32992.658796250325,7800,1536,475206451200,47923200,2.8337351977825165,16,11728.46627491025,0.1147594322160784,0.049855456398040475,0.3554871509882724,149376,298752,383385600,0.0008067769261799112,431308800,0.0009076240419524002,9.01058642193675
p06_seed2026082207,selection,24,6,1,1,True,causal_current_input_channel_diagonal,890562.5775899404,4718628.9808839895,32992.658796250325,7800,1536,475206451200,47923200,2.8337351977825165,32,9805.50318305632,0.1049307366270391,0.04558553195761345,0.29720257609538137,298752,597504,766771200,0.0016135538523598225,814694400,0.0017144009681323113,9.01058642193675
p06_seed2026082207,selection,24,6,1,1,True,causal_current_input_channel_diagonal,890562.5775899404,4718628.9808839895,32992.658796250325,7800,1536,475206451200,47923200,2.8337351977825165,64,7712.485718294676,0.09306041085706565,0.04042865293314113,0.23376369175391556,597504,1195008,1533542400,0.003227107704719645,1581465600,0.003327954820492134,9.01058642193675
p06_seed2026082207,selection,24,6,1,1,True,causal_current_input_channel_diagonal,890562.5775899404,4718628.9808839895,32992.658796250325,7800,1536,475206451200,47923200,2.8337351977825165,96,6485.5486038923445,0.0853377402170869,0.037073658385564895,0.19657550627277562,896256,1792512,2300313600,0.004840661557079467,2348236800,0.004941508672851956,9.01058642193675
p06_seed2026082207,selection,24,6,1,2,True,causal_current_input_channel_diagonal,890562.5775899404,4718628.9808839895,66895.61393659856,7800,1536,475206451200,95846400,2.589506097137928,0,66895.61393659856,0.2740732192941271,0.11906686161239592,1.0,0,0,0,0.0,95846400,0.0002016942315449778,0.0
p06_seed2026082207,selection,24,6,1,2,True,causal_current_input_channel_diagonal,890562.5775899404,4718628.9808839895,66895.61393659856,7800,1536,475206451200,95846400,2.589506097137928,8,26696.95770148425,0.17314049941074489,0.07521820605433387,0.39908382808246473,74688,149376,191692800,0.0004033884630899556,287539200,0.0006050826946349334,8.941960986703634
p06_seed2026082207,selection,24,6,1,2,True,causal_current_input_channel_diagonal,890562.5775899404,4718628.9808839895,66895.61393659856,7800,1536,475206451200,95846400,2.589506097137928,16,22967.853864628327,0.16059350887935028,0.06976736051349186,0.3433387109357746,149376,298752,383385600,0.0008067769261799112,479232000,0.001008471157724889,8.941960986703634
p06_seed2026082207,selection,24,6,1,2,True,causal_current_input_channel_diagonal,890562.5775899404,4718628.9808839895,66895.61393659856,7800,1536,475206451200,95846400,2.589506097137928,32,18970.29432123043,0.14595024005865,0.06340581936504301,0.2835805398585464,298752,597504,766771200,0.0016135538523598225,862617600,0.0018152480839048004,8.941960986703634
p06_seed2026082207,selection,24,6,1,2,True,causal_current_input_channel_diagonal,890562.5775899404,4718628.9808839895,66895.61393659856,7800,1536,475206451200,95846400,2.589506097137928,64,14819.199567758958,0.1289971610441922,0.056040816983134935,0.2215272226426927,597504,1195008,1533542400,0.003227107704719645,1629388800,0.0034288019362646227,8.941960986703634
p06_seed2026082207,selection,24,6,1,2,True,causal_current_input_channel_diagonal,890562.5775899404,4718628.9808839895,66895.61393659856,7800,1536,475206451200,95846400,2.589506097137928,96,12455.94540148734,0.11826497031858249,0.05137838308603585,0.18619973214908206,896256,1792512,2300313600,0.004840661557079467,2396160000,0.005042355788624445,8.941960986703634
p06_seed2026082207,selection,24,6,1,3,True,causal_current_input_channel_diagonal,890562.5775899404,4718628.9808839895,124658.90457874301,7800,1536,475206451200,143769600,2.509759273380041,0,124658.90457874301,0.37413594275669315,0.16253756071156944,1.0,0,0,0,0.0,143769600,0.0003025413473174667,0.0
p06_seed2026082207,selection,24,6,1,3,True,causal_current_input_channel_diagonal,890562.5775899404,4718628.9808839895,124658.90457874301,7800,1536,475206451200,143769600,2.509759273380041,8,43461.586718357605,0.2209126411929531,0.09597207251804576,0.34864406092163935,74688,149376,191692800,0.0004033884630899556,335462400,0.0007059298104074224,8.924761787056923
p06_seed2026082207,selection,24,6,1,3,True,causal_current_input_channel_diagonal,890562.5775899404,4718628.9808839895,124658.90457874301,7800,1536,475206451200,143769600,2.509759273380041,16,36613.810346983286,0.20276371654331796,0.08808755353717862,0.2937119532222495,149376,298752,383385600,0.0008067769261799112,527155200,0.001109318273497378,8.924761787056923
p06_seed2026082207,selection,24,6,1,3,True,causal_current_input_channel_diagonal,890562.5775899404,4718628.9808839895,124658.90457874301,7800,1536,475206451200,143769600,2.509759273380041,32,29658.533818331358,0.1824914903843591,0.07928059912966469,0.23791749110340749,298752,597504,766771200,0.0016135538523598225,910540800,0.0019160951996772893,8.924761787056923
p06_seed2026082207,selection,24,6,1,3,True,causal_current_input_channel_diagonal,890562.5775899404,4718628.9808839895,124658.90457874301,7800,1536,475206451200,143769600,2.509759273380041,64,22790.741250269886,0.1599731160817784,0.06949784047952405,0.1828248156791797,597504,1195008,1533542400,0.003227107704719645,1677312000,0.0035296490520371118,8.924761787056923
p06_seed2026082207,selection,24,6,1,3,True,causal_current_input_channel_diagonal,890562.5775899404,4718628.9808839895,124658.90457874301,7800,1536,475206451200,143769600,2.509759273380041,96,18985.46838167595,0.14600860011981073,0.06343117298895348,0.15229933591658393,896256,1792512,2300313600,0.004840661557079467,2444083200,0.0051432029043969344,8.924761787056923
p06_seed2026082207,selection,25,4,0,1,True,causal_current_input_channel_diagonal,1067447.5237706432,5725321.514656385,49765.58208204497,7800,1536,475206451200,47923200,2.220348920673132,0,49765.58208204497,0.2159192072463379,0.0932319148231253,1.0,0,0,0,0.0,47923200,0.0001008471157724889,0.0
p06_seed2026082207,selection,25,4,0,1,True,causal_current_input_channel_diagonal,1067447.5237706432,5725321.514656385,49765.58208204497,7800,1536,475206451200,47923200,2.220348920673132,8,26981.169250909545,0.15898535321476095,0.06864840371580459,0.5421652500304981,74688,149376,191692800,0.0004033884630899556,239616000,0.0005042355788624445,9.070378728210926
p06_seed2026082207,selection,25,4,0,1,True,causal_current_input_channel_diagonal,1067447.5237706432,5725321.514656385,49765.58208204497,7800,1536,475206451200,47923200,2.220348920673132,16,21652.780718630434,0.14242412887849565,0.06149742036246263,0.435095498012047,149376,298752,383385600,0.0008067769261799112,431308800,0.0009076240419524002,9.070378728210926
p06_seed2026082207,selection,25,4,0,1,True,causal_current_input_channel_diagonal,1067447.5237706432,5725321.514656385,49765.58208204497,7800,1536,475206451200,47923200,2.220348920673132,32,16635.974559069567,0.1248391654433157,0.053904395943444545,0.33428674726596247,298752,597504,766771200,0.0016135538523598225,814694400,0.0017144009681323113,9.070378728210926
p06_seed2026082207,selection,25,4,0,1,True,causal_current_input_channel_diagonal,1067447.5237706432,5725321.514656385,49765.58208204497,7800,1536,475206451200,47923200,2.220348920673132,64,11915.554259032979,0.1056534923833528,0.04562019992696843,0.23943363588228503,597504,1195008,1533542400,0.003227107704719645,1581465600,0.003327954820492134,9.070378728210926
p06_seed2026082207,selection,25,4,0,1,True,causal_current_input_channel_diagonal,1067447.5237706432,5725321.514656385,49765.58208204497,7800,1536,475206451200,47923200,2.220348920673132,96,9589.313268990263,0.09478082536250203,0.040925482960766923,0.19268966358556233,896256,1792512,2300313600,0.004840661557079467,2348236800,0.004941508672851956,9.070378728210926
p06_seed2026082207,selection,25,4,0,2,True,causal_current_input_channel_diagonal,1067447.5237706432,5725321.514656385,84568.61116349981,7800,1536,475206451200,95846400,2.110987901687622,0,84568.61116349981,0.281469493851215,0.12153592174922062,1.0,0,0,0,0.0,95846400,0.0002016942315449778,0.0
p06_seed2026082207,selection,25,4,0,2,True,causal_current_input_channel_diagonal,1067447.5237706432,5725321.514656385,84568.61116349981,7800,1536,475206451200,95846400,2.110987901687622,8,41799.50266024204,0.19788473342444007,0.08544479598045192,0.4942673420698718,74688,149376,191692800,0.0004033884630899556,287539200,0.0006050826946349334,8.920385036617517
p06_seed2026082207,selection,25,4,0,2,True,causal_current_input_channel_diagonal,1067447.5237706432,5725321.514656385,84568.61116349981,7800,1536,475206451200,95846400,2.110987901687622,16,31866.436758710886,0.17278000612911298,0.07460480714061968,0.3768116363965008,149376,298752,383385600,0.0008067769261799112,479232000,0.001008471157724889,8.920385036617517
p06_seed2026082207,selection,25,4,0,2,True,causal_current_input_channel_diagonal,1067447.5237706432,5725321.514656385,84568.61116349981,7800,1536,475206451200,95846400,2.110987901687622,32,23823.841274163686,0.1493938179721718,0.06450686759141591,0.28171021076946007,298752,597504,766771200,0.0016135538523598225,862617600,0.0018152480839048004,8.920385036617517
p06_seed2026082207,selection,25,4,0,2,True,causal_current_input_channel_diagonal,1067447.5237706432,5725321.514656385,84568.61116349981,7800,1536,475206451200,95846400,2.110987901687622,64,16623.887848041268,0.12479380684168008,0.05388481051916423,0.19657279007135967,597504,1195008,1533542400,0.003227107704719645,1629388800,0.0034288019362646227,8.920385036617517
p06_seed2026082207,selection,25,4,0,2,True,causal_current_input_channel_diagonal,1067447.5237706432,5725321.514656385,84568.61116349981,7800,1536,475206451200,95846400,2.110987901687622,96,13233.489090646792,0.11134325538698032,0.04807698691911764,0.15648228000009318,896256,1792512,2300313600,0.004840661557079467,2396160000,0.005042355788624445,8.920385036617517
p06_seed2026082207,selection,25,4,0,3,True,causal_current_input_channel_diagonal,1067447.5237706432,5725321.514656385,196344.70912646863,7800,1536,475206451200,143769600,1.9688052125275135,0,196344.70912646863,0.4288805334451069,0.185186643992409,1.0,0,0,0,0.0,143769600,0.0003025413473174667,0.0
p06_seed2026082207,selection,25,4,0,3,True,causal_current_input_channel_diagonal,1067447.5237706432,5725321.514656385,196344.70912646863,7800,1536,475206451200,143769600,1.9688052125275135,8,60416.07077385372,0.23790467233965096,0.10272503512060789,0.3077040937053021,74688,149376,191692800,0.0004033884630899556,335462400,0.0007059298104074224,8.87301005423069
p06_seed2026082207,selection,25,4,0,3,True,causal_current_input_channel_diagonal,1067447.5237706432,5725321.514656385,196344.70912646863,7800,1536,475206451200,143769600,1.9688052125275135,16,45329.070762644,0.2060701755402644,0.08897919410957018,0.23086474275581548,149376,298752,383385600,0.0008067769261799112,527155200,0.001109318273497378,8.87301005423069
p06_seed2026082207,selection,25,4,0,3,True,causal_current_input_channel_diagonal,1067447.5237706432,5725321.514656385,196344.70912646863,7800,1536,475206451200,143769600,1.9688052125275135,32,33032.89651901179,0.17591386127112038,0.07595797677936475,0.1682393004982109,298752,597504,766771200,0.0016135538523598225,910540800,0.0019160951996772893,8.87301005423069
p06_seed2026082207,selection,25,4,0,3,True,causal_current_input_channel_diagonal,1067447.5237706432,5725321.514656385,196344.70912646863,7800,1536,475206451200,143769600,1.9688052125275135,64,22656.995345139323,0.14568937850996305,0.06290732492537582,0.11539396934397243,597504,1195008,1533542400,0.003227107704719645,1677312000,0.0035296490520371118,8.87301005423069
p06_seed2026082207,selection,25,4,0,3,True,causal_current_input_channel_diagonal,1067447.5237706432,5725321.514656385,196344.70912646863,7800,1536,475206451200,143769600,1.9688052125275135,96,17935.62490820329,0.12962387177172968,0.05597038784177265,0.09134763543420199,896256,1792512,2300313600,0.004840661557079467,2444083200,0.0051432029043969344,8.87301005423069
p06_seed2026082207,selection,25,6,0,1,True,causal_current_input_channel_diagonal,1065776.5745809614,5602727.752270571,17553.270709037817,7800,1536,475206451200,47923200,2.8502889908850193,0,17553.270709037817,0.12833524384765913,0.05597308775820893,1.0,0,0,0,0.0,47923200,0.0001008471157724889,0.0
p06_seed2026082207,selection,25,6,0,1,True,causal_current_input_channel_diagonal,1065776.5745809614,5602727.752270571,17553.270709037817,7800,1536,475206451200,47923200,2.8502889908850193,8,11714.939060432778,0.10484239461102486,0.0457267417616763,0.6673935162759844,74688,149376,191692800,0.0004033884630899556,239616000,0.0005042355788624445,9.02300514280796
p06_seed2026082207,selection,25,6,0,1,True,causal_current_input_channel_diagonal,1065776.5745809614,5602727.752270571,17553.270709037817,7800,1536,475206451200,47923200,2.8502889908850193,16,9829.161622645926,0.09603402974960136,0.041884995997901256,0.5599618319431775,149376,298752,383385600,0.0008067769261799112,431308800,0.0009076240419524002,9.02300514280796
p06_seed2026082207,selection,25,6,0,1,True,causal_current_input_channel_diagonal,1065776.5745809614,5602727.752270571,17553.270709037817,7800,1536,475206451200,47923200,2.8502889908850193,32,7799.227665274244,0.0855446224265396,0.037310067871982204,0.4443176314373438,298752,597504,766771200,0.0016135538523598225,814694400,0.0017144009681323113,9.02300514280796
p06_seed2026082207,selection,25,6,0,1,True,causal_current_input_channel_diagonal,1065776.5745809614,5602727.752270571,17553.270709037817,7800,1536,475206451200,47923200,2.8502889908850193,64,5774.235206548687,0.07360615807275799,0.03210313723517525,0.32895494534145264,597504,1195008,1533542400,0.003227107704719645,1581465600,0.003327954820492134,9.02300514280796
p06_seed2026082207,selection,25,6,0,1,True,causal_current_input_channel_diagonal,1065776.5745809614,5602727.752270571,17553.270709037817,7800,1536,475206451200,47923200,2.8502889908850193,96,4691.451595341001,0.06634688458059253,0.02893702370271378,0.2672693695205222,896256,1792512,2300313600,0.004840661557079467,2348236800,0.004941508672851956,9.02300514280796
p06_seed2026082207,selection,25,6,0,2,True,causal_current_input_channel_diagonal,1065776.5745809614,5602727.752270571,40713.088206383654,7800,1536,475206451200,95846400,2.5883647613227367,0,40713.088206383654,0.1954492183344343,0.08524467575791478,1.0,0,0,0,0.0,95846400,0.0002016942315449778,0.0
p06_seed2026082207,selection,25,6,0,2,True,causal_current_input_channel_diagonal,1065776.5745809614,5602727.752270571,40713.088206383654,7800,1536,475206451200,95846400,2.5883647613227367,8,25133.728191214683,0.1535661059752299,0.0669774636236431,0.6173377972064781,74688,149376,191692800,0.0004033884630899556,287539200,0.0006050826946349334,8.940537925809622
p06_seed2026082207,selection,25,6,0,2,True,causal_current_input_channel_diagonal,1065776.5745809614,5602727.752270571,40713.088206383654,7800,1536,475206451200,95846400,2.5883647613227367,16,20418.869229590357,0.13841487303719607,0.060369292201205724,0.5015308375956955,149376,298752,383385600,0.0008067769261799112,479232000,0.001008471157724889,8.940537925809622
p06_seed2026082207,selection,25,6,0,2,True,causal_current_input_channel_diagonal,1065776.5745809614,5602727.752270571,40713.088206383654,7800,1536,475206451200,95846400,2.5883647613227367,32,15852.966032027813,0.121961337754019,0.0531931249479508,0.38938254822147794,298752,597504,766771200,0.0016135538523598225,862617600,0.0018152480839048004,8.940537925809622
p06_seed2026082207,selection,25,6,0,2,True,causal_current_input_channel_diagonal,1065776.5745809614,5602727.752270571,40713.088206383654,7800,1536,475206451200,95846400,2.5883647613227367,64,11554.864371861,0.10412363975113406,0.04541325867127081,0.28381203393604226,597504,1195008,1533542400,0.003227107704719645,1629388800,0.0034288019362646227,8.940537925809622
p06_seed2026082207,selection,25,6,0,2,True,causal_current_input_channel_diagonal,1065776.5745809614,5602727.752270571,40713.088206383654,7800,1536,475206451200,95846400,2.5883647613227367,96,9345.606575829275,0.09364199596808752,0.04084171659343611,0.22954796571315958,896256,1792512,2300313600,0.004840661557079467,2396160000,0.005042355788624445,8.940537925809622
p06_seed2026082207,selection,25,6,0,3,True,causal_current_input_channel_diagonal,1065776.5745809614,5602727.752270571,83736.23410317139,7800,1536,475206451200,143769600,2.5093420408666134,0,83736.23410317139,0.28030034189162917,0.12225227587505226,1.0,0,0,0,0.0,143769600,0.0003025413473174667,0.0
p06_seed2026082207,selection,25,6,0,3,True,causal_current_input_channel_diagonal,1065776.5745809614,5602727.752270571,83736.23410317139,7800,1536,475206451200,143769600,2.5093420408666134,8,46572.29185703963,0.2090406369515,0.09117253816112669,0.556178485441943,74688,149376,191692800,0.0004033884630899556,335462400,0.0007059298104074224,8.861910086125135
p06_seed2026082207,selection,25,6,0,3,True,causal_current_input_channel_diagonal,1065776.5745809614,5602727.752270571,83736.23410317139,7800,1536,475206451200,143769600,2.5093420408666134,16,36080.90841498574,0.18399484117140188,0.08024887850892913,0.430887641458919,149376,298752,383385600,0.0008067769261799112,527155200,0.001109318273497378,8.861910086125135
p06_seed2026082207,selection,25,6,0,3,True,causal_current_input_channel_diagonal,1065776.5745809614,5602727.752270571,83736.23410317139,7800,1536,475206451200,143769600,2.5093420408666134,32,27392.211910026374,0.16031732811866786,0.06992199186218674,0.32712495618186727,298752,597504,766771200,0.0016135538523598225,910540800,0.0019160951996772893,8.861910086125135
p06_seed2026082207,selection,25,6,0,3,True,causal_current_input_channel_diagonal,1065776.5745809614,5602727.752270571,83736.23410317139,7800,1536,475206451200,143769600,2.5093420408666134,64,19713.74276350103,0.13600392983119533,0.05931776549970409,0.23542667013795998,597504,1195008,1533542400,0.003227107704719645,1677312000,0.0035296490520371118,8.861910086125135
p06_seed2026082207,selection,25,6,0,3,True,causal_current_input_channel_diagonal,1065776.5745809614,5602727.752270571,83736.23410317139,7800,1536,475206451200,143769600,2.5093420408666134,96,15812.755655148052,0.12180656466411963,0.05312562106138141,0.1888400621970765,896256,1792512,2300313600,0.004840661557079467,2444083200,0.0051432029043969344,8.861910086125135
p06_seed2026082207,selection,25,4,1,1,True,causal_current_input_channel_diagonal,1109013.9312665695,5576949.660348962,89767.68893030337,7800,1536,475206451200,47923200,2.260129898786545,0,89767.68893030337,0.2845060600064662,0.12687079463370626,1.0,0,0,0,0.0,47923200,0.0001008471157724889,0.0
p06_seed2026082207,selection,25,4,1,1,True,causal_current_input_channel_diagonal,1109013.9312665695,5576949.660348962,89767.68893030337,7800,1536,475206451200,47923200,2.260129898786545,8,41604.28972021314,0.19368703687576652,0.08637154610386144,0.4634662005614853,74688,149376,191692800,0.0004033884630899556,239616000,0.0005042355788624445,9.059298783540726
p06_seed2026082207,selection,25,4,1,1,True,causal_current_input_channel_diagonal,1109013.9312665695,5576949.660348962,89767.68893030337,7800,1536,475206451200,47923200,2.260129898786545,16,32156.43516658008,0.17028070820635094,0.07593387909009391,0.35821836955951886,149376,298752,383385600,0.0008067769261799112,431308800,0.0009076240419524002,9.059298783540726
p06_seed2026082207,selection,25,4,1,1,True,causal_current_input_channel_diagonal,1109013.9312665695,5576949.660348962,89767.68893030337,7800,1536,475206451200,47923200,2.260129898786545,32,23914.02590525837,0.14684455476786296,0.0654829122114592,0.26639903723808245,298752,597504,766771200,0.0016135538523598225,814694400,0.0017144009681323113,9.059298783540726
p06_seed2026082207,selection,25,4,1,1,True,causal_current_input_channel_diagonal,1109013.9312665695,5576949.660348962,89767.68893030337,7800,1536,475206451200,47923200,2.260129898786545,64,16624.324330922507,0.12243441224125379,0.054597610930345736,0.18519274061326382,597504,1195008,1533542400,0.003227107704719645,1581465600,0.003327954820492134,9.059298783540726
p06_seed2026082207,selection,25,4,1,1,True,causal_current_input_channel_diagonal,1109013.9312665695,5576949.660348962,89767.68893030337,7800,1536,475206451200,47923200,2.260129898786545,96,13238.627092844283,0.10925793139936223,0.0487217761771296,0.14747652803672112,896256,1792512,2300313600,0.004840661557079467,2348236800,0.004941508672851956,9.059298783540726
p06_seed2026082207,selection,25,4,1,2,True,causal_current_input_channel_diagonal,1109013.9312665695,5576949.660348962,141685.97401118046,7800,1536,475206451200,95846400,2.107256092131138,0,141685.97401118046,0.35743323283683814,0.15939146701294707,1.0,0,0,0,0.0,95846400,0.0002016942315449778,0.0
p06_seed2026082207,selection,25,4,1,2,True,causal_current_input_channel_diagonal,1109013.9312665695,5576949.660348962,141685.97401118046,7800,1536,475206451200,95846400,2.107256092131138,8,56183.10257158709,0.22507867937617793,0.10037013238632551,0.39653256409824406,74688,149376,191692800,0.0004033884630899556,287539200,0.0006050826946349334,8.868549950420856
p06_seed2026082207,selection,25,4,1,2,True,causal_current_input_channel_diagonal,1109013.9312665695,5576949.660348962,141685.97401118046,7800,1536,475206451200,95846400,2.107256092131138,16,42300.80270270369,0.19530160099933153,0.08709153439985452,0.2985532124671198,149376,298752,383385600,0.0008067769261799112,479232000,0.001008471157724889,8.868549950420856
p06_seed2026082207,selection,25,4,1,2,True,causal_current_input_channel_diagonal,1109013.9312665695,5576949.660348962,141685.97401118046,7800,1536,475206451200,95846400,2.107256092131138,32,31051.37490636822,0.16732927006375525,0.0746177338295858,0.21915630762308472,298752,597504,766771200,0.0016135538523598225,862617600,0.0018152480839048004,8.868549950420856
p06_seed2026082207,selection,25,4,1,2,True,causal_current_input_channel_diagonal,1109013.9312665695,5576949.660348962,141685.97401118046,7800,1536,475206451200,95846400,2.107256092131138,64,21620.19435906694,0.13962439234341487,0.06226319961850657,0.15259234027845942,597504,1195008,1533542400,0.003227107704719645,1629388800,0.0034288019362646227,8.868549950420856
p06_seed2026082207,selection,25,4,1,2,True,causal_current_input_channel_diagonal,1109013.9312665695,5576949.660348962,141685.97401118046,7800,1536,475206451200,95846400,2.107256092131138,96,17253.99779011008,0.12473156406066607,0.055621987974252905,0.12177632902953647,896256,1792512,2300313600,0.004840661557079467,2396160000,0.005042355788624445,8.868549950420856
p06_seed2026082207,selection,25,4,1,3,True,causal_current_input_channel_diagonal,1109013.9312665695,5576949.660348962,332664.9886390183,7800,1536,475206451200,143769600,1.9853119738399982,0,332664.9886390183,0.5476902971874921,0.24423347332485143,1.0,0,0,0,0.0,143769600,0.0003025413473174667,0.0
p06_seed2026082207,selection,25,4,1,3,True,causal_current_input_channel_diagonal,1109013.9312665695,5576949.660348962,332664.9886390183,7800,1536,475206451200,143769600,1.9853119738399982,8,74614.51763642498,0.25938399027199976,0.11566802113221142,0.22429326856536563,74688,149376,191692800,0.0004033884630899556,335462400,0.0007059298104074224,8.85775126516819
p06_seed2026082207,selection,25,4,1,3,True,causal_current_input_channel_diagonal,1109013.9312665695,5576949.660348962,332664.9886390183,7800,1536,475206451200,143769600,1.9853119738399982,16,54575.94609361794,0.22183605616523347,0.09892413793734656,0.16405677771759797,149376,298752,383385600,0.0008067769261799112,527155200,0.001109318273497378,8.85775126516819
p06_seed2026082207,selection,25,4,1,3,True,causal_current_input_channel_diagonal,1109013.9312665695,5576949.660348962,332664.9886390183,7800,1536,475206451200,143769600,1.9853119738399982,32,38927.6897387731,0.18735307013756125,0.08354701789085499,0.11701769368466032,298752,597504,766771200,0.0016135538523598225,910540800,0.0019160951996772893,8.85775126516819
p06_seed2026082207,selection,25,4,1,3,True,causal_current_input_channel_diagonal,1109013.9312665695,5576949.660348962,332664.9886390183,7800,1536,475206451200,143769600,1.9853119738399982,64,26557.63044345856,0.15474839764576556,0.0690075008495946,0.07983295913725062,597504,1195008,1533542400,0.003227107704719645,1677312000,0.0035296490520371118,8.85775126516819
p06_seed2026082207,selection,25,4,1,3,True,causal_current_input_channel_diagonal,1109013.9312665695,5576949.660348962,332664.9886390183,7800,1536,475206451200,143769600,1.9853119738399982,96,20954.287999199238,0.13745734570661852,0.061296840839321326,0.06298915941133196,896256,1792512,2300313600,0.004840661557079467,2444083200,0.0051432029043969344,8.85775126516819
p06_seed2026082207,selection,25,6,1,1,True,causal_current_input_channel_diagonal,1085628.2822633432,5538877.808698272,23890.66627251629,7800,1536,475206451200,47923200,2.8539132326841354,0,23890.66627251629,0.14834521981298818,0.06567547743711555,1.0,0,0,0,0.0,47923200,0.0001008471157724889,0.0
p06_seed2026082207,selection,25,6,1,1,True,causal_current_input_channel_diagonal,1085628.2822633432,5538877.808698272,23890.66627251629,7800,1536,475206451200,47923200,2.8539132326841354,8,14964.396682473285,0.11740565928918106,0.05197789815780224,0.6263700020646814,74688,149376,191692800,0.0004033884630899556,239616000,0.0005042355788624445,8.972404059022665
p06_seed2026082207,selection,25,6,1,1,True,causal_current_input_channel_diagonal,1085628.2822633432,5538877.808698272,23890.66627251629,7800,1536,475206451200,47923200,2.8539132326841354,16,12068.343976011005,0.10543462692080711,0.04667807611298507,0.5051489078757783,149376,298752,383385600,0.0008067769261799112,431308800,0.0009076240419524002,8.972404059022665
p06_seed2026082207,selection,25,6,1,1,True,causal_current_input_channel_diagonal,1085628.2822633432,5538877.808698272,23890.66627251629,7800,1536,475206451200,47923200,2.8539132326841354,32,9302.851890855574,0.09256940642039344,0.040982378605754315,0.3893927354189566,298752,597504,766771200,0.0016135538523598225,814694400,0.0017144009681323113,8.972404059022665
p06_seed2026082207,selection,25,6,1,1,True,causal_current_input_channel_diagonal,1085628.2822633432,5538877.808698272,23890.66627251629,7800,1536,475206451200,47923200,2.8539132326841354,64,6833.836240373181,0.07933991107322091,0.03512540913769207,0.2860462811043826,597504,1195008,1533542400,0.003227107704719645,1581465600,0.003327954820492134,8.972404059022665
p06_seed2026082207,selection,25,6,1,1,True,causal_current_input_channel_diagonal,1085628.2822633432,5538877.808698272,23890.66627251629,7800,1536,475206451200,47923200,2.8539132326841354,96,5537.92623755692,0.07142216472251794,0.03162006011152231,0.23180292145792453,896256,1792512,2300313600,0.004840661557079467,2348236800,0.004941508672851956,8.972404059022665
p06_seed2026082207,selection,25,6,1,2,True,causal_current_input_channel_diagonal,1085628.2822633432,5538877.808698272,54729.369936356445,7800,1536,475206451200,95846400,2.5866003707051277,0,54729.369936356445,0.2245275563827783,0.0994029634511808,1.0,0,0,0,0.0,95846400,0.0002016942315449778,0.0
p06_seed2026082207,selection,25,6,1,2,True,causal_current_input_channel_diagonal,1085628.2822633432,5538877.808698272,54729.369936356445,7800,1536,475206451200,95846400,2.5866003707051277,8,29990.114326350253,0.16620668450293322,0.0735831149243035,0.5479711234311001,74688,149376,191692800,0.0004033884630899556,287539200,0.0006050826946349334,8.941241074353456
p06_seed2026082207,selection,25,6,1,2,True,causal_current_input_channel_diagonal,1085628.2822633432,5538877.808698272,54729.369936356445,7800,1536,475206451200,95846400,2.5866003707051277,16,23832.483222423398,0.1481644705878954,0.06559545604061,0.4354605808911404,149376,298752,383385600,0.0008067769261799112,479232000,0.001008471157724889,8.941241074353456
p06_seed2026082207,selection,25,6,1,2,True,causal_current_input_channel_diagonal,1085628.2822633432,5538877.808698272,54729.369936356445,7800,1536,475206451200,95846400,2.5866003707051277,32,18060.04629154822,0.12897895537052959,0.057101634174519605,0.3299882003751509,298752,597504,766771200,0.0016135538523598225,862617600,0.0018152480839048004,8.941241074353456
p06_seed2026082207,selection,25,6,1,2,True,causal_current_input_channel_diagonal,1085628.2822633432,5538877.808698272,54729.369936356445,7800,1536,475206451200,95846400,2.5866003707051277,64,13220.19282827052,0.11035152022525278,0.04885488582538372,0.24155572857280222,597504,1195008,1533542400,0.003227107704719645,1629388800,0.0034288019362646227,8.941241074353456
p06_seed2026082207,selection,25,6,1,2,True,causal_current_input_channel_diagonal,1085628.2822633432,5538877.808698272,54729.369936356445,7800,1536,475206451200,95846400,2.5866003707051277,96,10743.1941941092,0.099477792343302,0.04404086302728701,0.19629669056019647,896256,1792512,2300313600,0.004840661557079467,2396160000,0.005042355788624445,8.941241074353456
p06_seed2026082207,selection,25,6,1,3,True,causal_current_input_channel_diagonal,1085628.2822633432,5538877.808698272,116606.16940868151,7800,1536,475206451200,143769600,2.5097932666540146,0,116606.16940868151,0.32773301245263703,0.1450941398170119,1.0,0,0,0,0.0,143769600,0.0003025413473174667,0.0
p06_seed2026082207,selection,25,6,1,3,True,causal_current_input_channel_diagonal,1085628.2822633432,5538877.808698272,116606.16940868151,7800,1536,475206451200,143769600,2.5097932666540146,8,55355.26496877021,0.225807775576556,0.09996974279790666,0.47471986474744626,74688,149376,191692800,0.0004033884630899556,335462400,0.0007059298104074224,8.954057935625315
p06_seed2026082207,selection,25,6,1,3,True,causal_current_input_channel_diagonal,1085628.2822633432,5538877.808698272,116606.16940868151,7800,1536,475206451200,143769600,2.5097932666540146,16,41453.82634862313,0.1954077290125019,0.08651101743606662,0.35550285683908794,149376,298752,383385600,0.0008067769261799112,527155200,0.001109318273497378,8.954057935625315
p06_seed2026082207,selection,25,6,1,3,True,causal_current_input_channel_diagonal,1085628.2822633432,5538877.808698272,116606.16940868151,7800,1536,475206451200,143769600,2.5097932666540146,32,30456.266939015375,0.16749342398212252,0.07415278093537873,0.26118915572273715,298752,597504,766771200,0.0016135538523598225,910540800,0.0019160951996772893,8.954057935625315
p06_seed2026082207,selection,25,6,1,3,True,causal_current_input_channel_diagonal,1085628.2822633432,5538877.808698272,116606.16940868151,7800,1536,475206451200,143769600,2.5097932666540146,64,21721.968314623082,0.14145197432141918,0.06262369599568618,0.18628489749229493,597504,1195008,1533542400,0.003227107704719645,1677312000,0.0035296490520371118,8.954057935625315
p06_seed2026082207,selection,25,6,1,3,True,causal_current_input_channel_diagonal,1085628.2822633432,5538877.808698272,116606.16940868151,7800,1536,475206451200,143769600,2.5097932666540146,96,17469.396813640153,0.12685231009055553,0.05616012460462746,0.14981537342959925,896256,1792512,2300313600,0.004840661557079467,2444083200,0.0051432029043969344,8.954057935625315
p06_seed2026082207,selection,26,4,0,1,True,causal_current_input_channel_diagonal,675266.3977378384,7171609.879759632,68558.38295008932,7800,1536,475206451200,47923200,2.232222817838192,0,68558.38295008932,0.3186344385045821,0.09777367840579301,1.0,0,0,0,0.0,47923200,0.0001008471157724889,0.0
p06_seed2026082207,selection,26,4,0,1,True,causal_current_input_channel_diagonal,675266.3977378384,7171609.879759632,68558.38295008932,7800,1536,475206451200,47923200,2.232222817838192,8,28313.59845298958,0.2047669986530031,0.06283320399508624,0.4129852138926472,74688,149376,191692800,0.0004033884630899556,239616000,0.0005042355788624445,8.973768912255764
p06_seed2026082207,selection,26,4,0,1,True,causal_current_input_channel_diagonal,675266.3977378384,7171609.879759632,68558.38295008932,7800,1536,475206451200,47923200,2.232222817838192,16,20720.529456488497,0.17517126032575492,0.0537516865829351,0.3022318870476618,149376,298752,383385600,0.0008067769261799112,431308800,0.0009076240419524002,8.973768912255764
p06_seed2026082207,selection,26,4,0,1,True,causal_current_input_channel_diagonal,675266.3977378384,7171609.879759632,68558.38295008932,7800,1536,475206451200,47923200,2.232222817838192,32,14654.979986298662,0.1473177391699986,0.045204772342487404,0.2137591254705022,298752,597504,766771200,0.0016135538523598225,814694400,0.0017144009681323113,8.973768912255764
p06_seed2026082207,selection,26,4,0,1,True,causal_current_input_channel_diagonal,675266.3977378384,7171609.879759632,68558.38295008932,7800,1536,475206451200,47923200,2.232222817838192,64,9893.539500584004,0.12104260911171479,0.03714219088253613,0.14430823879868288,597504,1195008,1533542400,0.003227107704719645,1581465600,0.003327954820492134,8.973768912255764
p06_seed2026082207,selection,26,4,0,1,True,causal_current_input_channel_diagonal,675266.3977378384,7171609.879759632,68558.38295008932,7800,1536,475206451200,47923200,2.232222817838192,96,7664.388764627962,0.10653717907726842,0.03269116776657344,0.11179360470806086,896256,1792512,2300313600,0.004840661557079467,2348236800,0.004941508672851956,8.973768912255764
p06_seed2026082207,selection,26,4,0,2,True,causal_current_input_channel_diagonal,675266.3977378384,7171609.879759632,138886.13386973506,7800,1536,475206451200,95846400,2.1017775870859623,0,138886.13386973506,0.4535152285930838,0.13916214556309553,1.0,0,0,0,0.0,95846400,0.0002016942315449778,0.0
p06_seed2026082207,selection,26,4,0,2,True,causal_current_input_channel_diagonal,675266.3977378384,7171609.879759632,138886.13386973506,7800,1536,475206451200,95846400,2.1017775870859623,8,47995.52198665323,0.2666016236999186,0.08180729471815468,0.3455746131703208,74688,149376,191692800,0.0004033884630899556,287539200,0.0006050826946349334,8.787699043750763
p06_seed2026082207,selection,26,4,0,2,True,causal_current_input_channel_diagonal,675266.3977378384,7171609.879759632,138886.13386973506,7800,1536,475206451200,95846400,2.1017775870859623,16,33745.82820011924,0.2235488685121957,0.0685964620788346,0.2429747827226723,149376,298752,383385600,0.0008067769261799112,479232000,0.001008471157724889,8.787699043750763
p06_seed2026082207,selection,26,4,0,2,True,causal_current_input_channel_diagonal,675266.3977378384,7171609.879759632,138886.13386973506,7800,1536,475206451200,95846400,2.1017775870859623,32,23312.999079900386,0.18580675713971112,0.05701521217688509,0.16785692300871252,298752,597504,766771200,0.0016135538523598225,862617600,0.0018152480839048004,8.787699043750763
p06_seed2026082207,selection,26,4,0,2,True,causal_current_input_channel_diagonal,675266.3977378384,7171609.879759632,138886.13386973506,7800,1536,475206451200,95846400,2.1017775870859623,64,15222.266062080133,0.15014196127843424,0.04607139110934975,0.10960248973731099,597504,1195008,1533542400,0.003227107704719645,1629388800,0.0034288019362646227,8.787699043750763
p06_seed2026082207,selection,26,4,0,2,True,causal_current_input_channel_diagonal,675266.3977378384,7171609.879759632,138886.13386973506,7800,1536,475206451200,95846400,2.1017775870859623,96,11605.625685328108,0.1310981943406904,0.040227769330911434,0.08356216248511862,896256,1792512,2300313600,0.004840661557079467,2396160000,0.005042355788624445,8.787699043750763
p06_seed2026082207,selection,26,4,0,3,True,causal_current_input_channel_diagonal,675266.3977378384,7171609.879759632,700695.4467118115,7800,1536,475206451200,143769600,1.9638161174952984,0,700695.4467118115,1.0186548988706872,0.31257649661505715,1.0,0,0,0,0.0,143769600,0.0003025413473174667,0.0
p06_seed2026082207,selection,26,4,0,3,True,causal_current_input_channel_diagonal,675266.3977378384,7171609.879759632,700695.4467118115,7800,1536,475206451200,143769600,1.9638161174952984,8,88515.3005452978,0.36205254495866407,0.11109661988491641,0.12632492613850835,74688,149376,191692800,0.0004033884630899556,335462400,0.0007059298104074224,8.868015836924314
p06_seed2026082207,selection,26,4,0,3,True,causal_current_input_channel_diagonal,675266.3977378384,7171609.879759632,700695.4467118115,7800,1536,475206451200,143769600,1.9638161174952984,16,60997.11601220991,0.30055024152695403,0.09222450278053428,0.08705225116375406,149376,298752,383385600,0.0008067769261799112,527155200,0.001109318273497378,8.868015836924314
p06_seed2026082207,selection,26,4,0,3,True,causal_current_input_channel_diagonal,675266.3977378384,7171609.879759632,700695.4467118115,7800,1536,475206451200,143769600,1.9638161174952984,32,40199.309149406035,0.24398983043689904,0.07486881621265265,0.057370587094363636,298752,597504,766771200,0.0016135538523598225,910540800,0.0019160951996772893,8.868015836924314
p06_seed2026082207,selection,26,4,0,3,True,causal_current_input_channel_diagonal,675266.3977378384,7171609.879759632,700695.4467118115,7800,1536,475206451200,143769600,1.9638161174952984,64,25248.875618637423,0.1933674864273042,0.059335238591317244,0.03603402268258124,597504,1195008,1533542400,0.003227107704719645,1677312000,0.0035296490520371118,8.868015836924314
p06_seed2026082207,selection,26,4,0,3,True,causal_current_input_channel_diagonal,675266.3977378384,7171609.879759632,700695.4467118115,7800,1536,475206451200,143769600,1.9638161174952984,96,18968.377063041087,0.16760135195156836,0.051428843545589055,0.027070786820972203,896256,1792512,2300313600,0.004840661557079467,2444083200,0.0051432029043969344,8.868015836924314
p06_seed2026082207,selection,26,6,0,1,True,causal_current_input_channel_diagonal,667763.3550901441,6838621.273061651,21368.18732931873,7800,1536,475206451200,47923200,2.844706177711487,0,21368.18732931873,0.1788844334786373,0.0558984241507346,1.0,0,0,0,0.0,47923200,0.0001008471157724889,0.0
p06_seed2026082207,selection,26,6,0,1,True,causal_current_input_channel_diagonal,667763.3550901441,6838621.273061651,21368.18732931873,7800,1536,475206451200,47923200,2.844706177711487,8,11969.609997378513,0.13388400914478427,0.041836536498128116,0.5601602893068264,74688,149376,191692800,0.0004033884630899556,239616000,0.0005042355788624445,8.902767207473516
p06_seed2026082207,selection,26,6,0,1,True,causal_current_input_channel_diagonal,667763.3550901441,6838621.273061651,21368.18732931873,7800,1536,475206451200,47923200,2.844706177711487,16,9582.56495538073,0.11979249066031346,0.037433170247330595,0.4484500630248715,149376,298752,383385600,0.0008067769261799112,431308800,0.0009076240419524002,8.902767207473516
p06_seed2026082207,selection,26,6,0,1,True,causal_current_input_channel_diagonal,667763.3550901441,6838621.273061651,21368.18732931873,7800,1536,475206451200,47923200,2.844706177711487,32,7099.608266066629,0.10311121442184307,0.03222054757010394,0.3322513115428165,298752,597504,766771200,0.0016135538523598225,814694400,0.0017144009681323113,8.902767207473516
p06_seed2026082207,selection,26,6,0,1,True,causal_current_input_channel_diagonal,667763.3550901441,6838621.273061651,21368.18732931873,7800,1536,475206451200,47923200,2.844706177711487,64,4919.44069661665,0.08583147453222767,0.02682091490905722,0.23022264922984825,597504,1195008,1533542400,0.003227107704719645,1581465600,0.003327954820492134,8.902767207473516
p06_seed2026082207,selection,26,6,0,1,True,causal_current_input_channel_diagonal,667763.3550901441,6838621.273061651,21368.18732931873,7800,1536,475206451200,47923200,2.844706177711487,96,3856.022309034608,0.07599035574594332,0.023745728201438082,0.18045621976618006,896256,1792512,2300313600,0.004840661557079467,2348236800,0.004941508672851956,8.902767207473516
p06_seed2026082207,selection,26,6,0,2,True,causal_current_input_channel_diagonal,667763.3550901441,6838621.273061651,52107.43198821353,7800,1536,475206451200,95846400,2.5938921608030796,0,52107.43198821353,0.27934348302782985,0.08729021410293882,1.0,0,0,0,0.0,95846400,0.0002016942315449778,0.0
p06_seed2026082207,selection,26,6,0,2,True,causal_current_input_channel_diagonal,667763.3550901441,6838621.273061651,52107.43198821353,7800,1536,475206451200,95846400,2.5938921608030796,8,27200.172125466343,0.20182480189888177,0.06306690951970932,0.5220017777640144,74688,149376,191692800,0.0004033884630899556,287539200,0.0006050826946349334,8.870044723153114
p06_seed2026082207,selection,26,6,0,2,True,causal_current_input_channel_diagonal,667763.3550901441,6838621.273061651,52107.43198821353,7800,1536,475206451200,95846400,2.5938921608030796,16,20665.013801429173,0.17591649301474788,0.054970991888025005,0.39658476762962674,149376,298752,383385600,0.0008067769261799112,479232000,0.001008471157724889,8.870044723153114
p06_seed2026082207,selection,26,6,0,2,True,causal_current_input_channel_diagonal,667763.3550901441,6838621.273061651,52107.43198821353,7800,1536,475206451200,95846400,2.5938921608030796,32,14922.355920255322,0.1494883698151241,0.04671264088792604,0.28637672889972904,298752,597504,766771200,0.0016135538523598225,862617600,0.0018152480839048004,8.870044723153114
p06_seed2026082207,selection,26,6,0,2,True,causal_current_input_channel_diagonal,667763.3550901441,6838621.273061651,52107.43198821353,7800,1536,475206451200,95846400,2.5938921608030796,64,10132.74158468561,0.12318340149712337,0.038492773749588156,0.19445866358606947,597504,1195008,1533542400,0.003227107704719645,1629388800,0.0034288019362646227,8.870044723153114
p06_seed2026082207,selection,26,6,0,2,True,causal_current_input_channel_diagonal,667763.3550901441,6838621.273061651,52107.43198821353,7800,1536,475206451200,95846400,2.5938921608030796,96,7899.668511549862,0.10876599635097801,0.03398757331185157,0.1516034894100779,896256,1792512,2300313600,0.004840661557079467,2396160000,0.005042355788624445,8.870044723153114
p06_seed2026082207,selection,26,6,0,3,True,causal_current_input_channel_diagonal,667763.3550901441,6838621.273061651,128914.58958750669,7800,1536,475206451200,143769600,2.5003193877637386,0,128914.58958750669,0.4393794530371446,0.13729880544313072,1.0,0,0,0,0.0,143769600,0.0003025413473174667,0.0
p06_seed2026082207,selection,26,6,0,3,True,causal_current_input_channel_diagonal,667763.3550901441,6838621.273061651,128914.58958750669,7800,1536,475206451200,143769600,2.5003193877637386,8,57272.18515532969,0.29286035564728136,0.09151401303379314,0.44426457350993376,74688,149376,191692800,0.0004033884630899556,335462400,0.0007059298104074224,8.825461845844984
p06_seed2026082207,selection,26,6,0,3,True,causal_current_input_channel_diagonal,667763.3550901441,6838621.273061651,128914.58958750669,7800,1536,475206451200,143769600,2.5003193877637386,16,39690.275533074804,0.2437983520204665,0.07618294908884632,0.30788040100740477,149376,298752,383385600,0.0008067769261799112,527155200,0.001109318273497378,8.825461845844984
p06_seed2026082207,selection,26,6,0,3,True,causal_current_input_channel_diagonal,667763.3550901441,6838621.273061651,128914.58958750669,7800,1536,475206451200,143769600,2.5003193877637386,32,27788.14289062802,0.20399450567451533,0.06374490603160984,0.21555467835662137,298752,597504,766771200,0.0016135538523598225,910540800,0.0019160951996772893,8.825461845844984
p06_seed2026082207,selection,26,6,0,3,True,causal_current_input_channel_diagonal,667763.3550901441,6838621.273061651,128914.58958750669,7800,1536,475206451200,143769600,2.5003193877637386,64,18572.89159933853,0.1667740481820497,0.05211412922482471,0.14407129294696572,597504,1195008,1533542400,0.003227107704719645,1677312000,0.0035296490520371118,8.825461845844984
p06_seed2026082207,selection,26,6,0,3,True,causal_current_input_channel_diagonal,667763.3550901441,6838621.273061651,128914.58958750669,7800,1536,475206451200,143769600,2.5003193877637386,96,14187.325712251855,0.14576020767776338,0.045547651937214544,0.11005213420276744,896256,1792512,2300313600,0.004840661557079467,2444083200,0.0051432029043969344,8.825461845844984
p06_seed2026082207,selection,26,4,1,1,True,causal_current_input_channel_diagonal,678947.2931311439,6986354.460164129,142194.1574260626,7800,1536,475206451200,47923200,2.2200439125299454,0,142194.1574260626,0.4576388077383265,0.1426643847972726,1.0,0,0,0,0.0,47923200,0.0001008471157724889,0.0
p06_seed2026082207,selection,26,4,1,1,True,causal_current_input_channel_diagonal,678947.2931311439,6986354.460164129,142194.1574260626,7800,1536,475206451200,47923200,2.2200439125299454,8,50787.31019132964,0.27350141371764586,0.08526136828746157,0.357168755148682,74688,149376,191692800,0.0004033884630899556,239616000,0.0005042355788624445,8.993104100227356
p06_seed2026082207,selection,26,4,1,1,True,causal_current_input_channel_diagonal,678947.2931311439,6986354.460164129,142194.1574260626,7800,1536,475206451200,47923200,2.2200439125299454,16,35266.34867726063,0.22790938957911652,0.07104850441883438,0.2480154552041413,149376,298752,383385600,0.0008067769261799112,431308800,0.0009076240419524002,8.993104100227356
p06_seed2026082207,selection,26,4,1,1,True,causal_current_input_channel_diagonal,678947.2931311439,6986354.460164129,142194.1574260626,7800,1536,475206451200,47923200,2.2200439125299454,32,24246.347553914442,0.1889753387401528,0.05891119806132262,0.1705157792391286,298752,597504,766771200,0.0016135538523598225,814694400,0.0017144009681323113,8.993104100227356
p06_seed2026082207,selection,26,4,1,1,True,causal_current_input_channel_diagonal,678947.2931311439,6986354.460164129,142194.1574260626,7800,1536,475206451200,47923200,2.2200439125299454,64,15879.798663854803,0.15293414706615355,0.04767571201733372,0.11167687163217796,597504,1195008,1533542400,0.003227107704719645,1581465600,0.003327954820492134,8.993104100227356
p06_seed2026082207,selection,26,4,1,1,True,causal_current_input_channel_diagonal,678947.2931311439,6986354.460164129,142194.1574260626,7800,1536,475206451200,47923200,2.2200439125299454,96,12067.28290203039,0.1333173635485867,0.04156037322850624,0.08486482934236943,896256,1792512,2300313600,0.004840661557079467,2348236800,0.004941508672851956,8.993104100227356
p06_seed2026082207,selection,26,4,1,2,True,causal_current_input_channel_diagonal,678947.2931311439,6986354.460164129,273778.24329008,7800,1536,475206451200,95846400,2.096202690154314,0,273778.24329008,0.6350112737416311,0.19795850171754392,1.0,0,0,0,0.0,95846400,0.0002016942315449778,0.0
p06_seed2026082207,selection,26,4,1,2,True,causal_current_input_channel_diagonal,678947.2931311439,6986354.460164129,273778.24329008,7800,1536,475206451200,95846400,2.096202690154314,8,73346.61921083636,0.3286790474668081,0.10246245141303105,0.26790521530081873,74688,149376,191692800,0.0004033884630899556,287539200,0.0006050826946349334,8.87510972097516
p06_seed2026082207,selection,26,4,1,2,True,causal_current_input_channel_diagonal,678947.2931311439,6986354.460164129,273778.24329008,7800,1536,475206451200,95846400,2.096202690154314,16,51504.18711303908,0.2754249238107611,0.08586100358815167,0.1881237402060627,149376,298752,383385600,0.0008067769261799112,479232000,0.001008471157724889,8.87510972097516
p06_seed2026082207,selection,26,4,1,2,True,causal_current_input_channel_diagonal,678947.2931311439,6986354.460164129,273778.24329008,7800,1536,475206451200,95846400,2.096202690154314,32,35109.15270784119,0.22740088145265366,0.07088998202562921,0.12823938194323575,298752,597504,766771200,0.0016135538523598225,862617600,0.0018152480839048004,8.87510972097516
p06_seed2026082207,selection,26,4,1,2,True,causal_current_input_channel_diagonal,678947.2931311439,6986354.460164129,273778.24329008,7800,1536,475206451200,95846400,2.096202690154314,64,22795.981295273523,0.18323613194353292,0.05712205694606066,0.08326440049470483,597504,1195008,1533542400,0.003227107704719645,1629388800,0.0034288019362646227,8.87510972097516
p06_seed2026082207,selection,26,4,1,2,True,causal_current_input_channel_diagonal,678947.2931311439,6986354.460164129,273778.24329008,7800,1536,475206451200,95846400,2.096202690154314,96,17430.00772719606,0.1602251767083798,0.04994861859968293,0.06366469270283015,896256,1792512,2300313600,0.004840661557079467,2396160000,0.005042355788624445,8.87510972097516
p06_seed2026082207,selection,26,4,1,3,True,causal_current_input_channel_diagonal,678947.2931311439,6986354.460164129,5379617.010730313,7800,1536,475206451200,143769600,1.9615748897194862,0,5379617.010730313,2.814865501880904,0.8775065582779976,1.0,0,0,0,0.0,143769600,0.0003025413473174667,0.0
p06_seed2026082207,selection,26,4,1,3,True,causal_current_input_channel_diagonal,678947.2931311439,6986354.460164129,5379617.010730313,7800,1536,475206451200,143769600,1.9615748897194862,8,133660.38890531752,0.4436937688636582,0.13831715646263765,0.02484570716443488,74688,149376,191692800,0.0004033884630899556,335462400,0.0007059298104074224,8.745330851525068
p06_seed2026082207,selection,26,4,1,3,True,causal_current_input_channel_diagonal,678947.2931311439,6986354.460164129,5379617.010730313,7800,1536,475206451200,143769600,1.9615748897194862,16,83363.8927922016,0.3504055389963673,0.10923547086736025,0.01549625049998626,149376,298752,383385600,0.0008067769261799112,527155200,0.001109318273497378,8.745330851525068
p06_seed2026082207,selection,26,4,1,3,True,causal_current_input_channel_diagonal,678947.2931311439,6986354.460164129,5379617.010730313,7800,1536,475206451200,143769600,1.9615748897194862,32,51887.528143322095,0.27644800512677087,0.08617993909816107,0.009645208578949942,298752,597504,766771200,0.0016135538523598225,910540800,0.0019160951996772893,8.745330851525068
p06_seed2026082207,selection,26,4,1,3,True,causal_current_input_channel_diagonal,678947.2931311439,6986354.460164129,5379617.010730313,7800,1536,475206451200,143769600,1.9615748897194862,64,31582.393845380284,0.21567732674457696,0.06723527947028721,0.005870751353192802,597504,1195008,1533542400,0.003227107704719645,1677312000,0.0035296490520371118,8.745330851525068
p06_seed2026082207,selection,26,4,1,3,True,causal_current_input_channel_diagonal,678947.2931311439,6986354.460164129,5379617.010730313,7800,1536,475206451200,143769600,1.9615748897194862,96,23365.4350077603,0.18551067467087096,0.05783112320837016,0.004343326850437976,896256,1792512,2300313600,0.004840661557079467,2444083200,0.0051432029043969344,8.745330851525068
p06_seed2026082207,selection,26,6,1,1,True,causal_current_input_channel_diagonal,660287.3705528283,6783553.383197137,33779.24903077639,7800,1536,475206451200,47923200,2.827074844390154,0,33779.24903077639,0.22618223951493416,0.07056614156485826,1.0,0,0,0,0.0,47923200,0.0001008471157724889,0.0
p06_seed2026082207,selection,26,6,1,1,True,causal_current_input_channel_diagonal,660287.3705528283,6783553.383197137,33779.24903077639,7800,1536,475206451200,47923200,2.827074844390154,8,16672.775237837457,0.1589049597097794,0.049576438478486314,0.49358039960247957,74688,149376,191692800,0.0004033884630899556,239616000,0.0005042355788624445,8.885765913873911
p06_seed2026082207,selection,26,6,1,1,True,causal_current_input_channel_diagonal,660287.3705528283,6783553.383197137,33779.24903077639,7800,1536,475206451200,47923200,2.827074844390154,16,12369.899793449993,0.13687262470805925,0.042702614635951104,0.36619818812393445,149376,298752,383385600,0.0008067769261799112,431308800,0.0009076240419524002,8.885765913873911
p06_seed2026082207,selection,26,6,1,1,True,causal_current_input_channel_diagonal,660287.3705528283,6783553.383197137,33779.24903077639,7800,1536,475206451200,47923200,2.827074844390154,32,8849.594499919222,0.11576977529616661,0.036118779131381444,0.26198316280766853,298752,597504,766771200,0.0016135538523598225,814694400,0.0017144009681323113,8.885765913873911
p06_seed2026082207,selection,26,6,1,1,True,causal_current_input_channel_diagonal,660287.3705528283,6783553.383197137,33779.24903077639,7800,1536,475206451200,47923200,2.827074844390154,64,6058.181011337583,0.09578657120403915,0.029884259516098327,0.17934623131331806,597504,1195008,1533542400,0.003227107704719645,1581465600,0.003327954820492134,8.885765913873911
p06_seed2026082207,selection,26,6,1,1,True,causal_current_input_channel_diagonal,660287.3705528283,6783553.383197137,33779.24903077639,7800,1536,475206451200,47923200,2.827074844390154,96,4708.1302221198275,0.08444184970326386,0.026344842693829473,0.1393793632592524,896256,1792512,2300313600,0.004840661557079467,2348236800,0.004941508672851956,8.885765913873911
p06_seed2026082207,selection,26,6,1,2,True,causal_current_input_channel_diagonal,660287.3705528283,6783553.383197137,75674.15829003329,7800,1536,475206451200,95846400,2.599869854748249,0,75674.15829003329,0.3385379065440726,0.10561975993116135,1.0,0,0,0,0.0,95846400,0.0002016942315449778,0.0
p06_seed2026082207,selection,26,6,1,2,True,causal_current_input_channel_diagonal,660287.3705528283,6783553.383197137,75674.15829003329,7800,1536,475206451200,95846400,2.599869854748249,8,33138.18038607368,0.2240256951340089,0.0698933256249258,0.4379061641959807,74688,149376,191692800,0.0004033884630899556,287539200,0.0006050826946349334,8.849669247865677
p06_seed2026082207,selection,26,6,1,2,True,causal_current_input_channel_diagonal,660287.3705528283,6783553.383197137,75674.15829003329,7800,1536,475206451200,95846400,2.599869854748249,16,24378.445776365683,0.19214828466865744,0.0599479565082204,0.3221502072417461,149376,298752,383385600,0.0008067769261799112,479232000,0.001008471157724889,8.849669247865677
p06_seed2026082207,selection,26,6,1,2,True,causal_current_input_channel_diagonal,660287.3705528283,6783553.383197137,75674.15829003329,7800,1536,475206451200,95846400,2.599869854748249,32,17263.440080402812,0.16169521777846665,0.050446965476095576,0.2281286038751041,298752,597504,766771200,0.0016135538523598225,862617600,0.0018152480839048004,8.849669247865677
p06_seed2026082207,selection,26,6,1,2,True,causal_current_input_channel_diagonal,660287.3705528283,6783553.383197137,75674.15829003329,7800,1536,475206451200,95846400,2.599869854748249,64,11774.154688428207,0.13353600317932005,0.04166162880235819,0.15559016385904267,597504,1195008,1533542400,0.003227107704719645,1629388800,0.0034288019362646227,8.849669247865677
p06_seed2026082207,selection,26,6,1,2,True,causal_current_input_channel_diagonal,660287.3705528283,6783553.383197137,75674.15829003329,7800,1536,475206451200,95846400,2.599869854748249,96,9177.150146578817,0.11789283823926902,0.03678114926493111,0.12127191572135272,896256,1792512,2300313600,0.004840661557079467,2396160000,0.005042355788624445,8.849669247865677
p06_seed2026082207,selection,26,6,1,3,True,causal_current_input_channel_diagonal,660287.3705528283,6783553.383197137,199144.95561190796,7800,1536,475206451200,143769600,2.5030658580362797,0,199144.95561190796,0.5491843589261829,0.17133892254450042,1.0,0,0,0,0.0,143769600,0.0003025413473174667,0.0
p06_seed2026082207,selection,26,6,1,3,True,causal_current_input_channel_diagonal,660287.3705528283,6783553.383197137,199144.95561190796,7800,1536,475206451200,143769600,2.5030658580362797,8,68867.96103022178,0.3229550777624003,0.10075810455032039,0.34581825495032764,74688,149376,191692800,0.0004033884630899556,335462400,0.0007059298104074224,8.822105824947357
p06_seed2026082207,selection,26,6,1,3,True,causal_current_input_channel_diagonal,660287.3705528283,6783553.383197137,199144.95561190796,7800,1536,475206451200,143769600,2.5030658580362797,16,47045.09234580587,0.26692587031461557,0.08327766491453666,0.23623542058787175,149376,298752,383385600,0.0008067769261799112,527155200,0.001109318273497378,8.822105824947357
p06_seed2026082207,selection,26,6,1,3,True,causal_current_input_channel_diagonal,660287.3705528283,6783553.383197137,199144.95561190796,7800,1536,475206451200,143769600,2.5030658580362797,32,32271.123169917555,0.22107546400404926,0.06897288895398179,0.1620484087660238,298752,597504,766771200,0.0016135538523598225,910540800,0.0019160951996772893,8.822105824947357
p06_seed2026082207,selection,26,6,1,3,True,causal_current_input_channel_diagonal,660287.3705528283,6783553.383197137,199144.95561190796,7800,1536,475206451200,143769600,2.5030658580362797,64,21302.301757580542,0.17961672393226802,0.05603826010213151,0.10696882425485217,597504,1195008,1533542400,0.003227107704719645,1677312000,0.0035296490520371118,8.822105824947357
p06_seed2026082207,selection,26,6,1,3,True,causal_current_input_channel_diagonal,660287.3705528283,6783553.383197137,199144.95561190796,7800,1536,475206451200,143769600,2.5030658580362797,96,16216.462636762153,0.15671536107016654,0.048893310006929466,0.08143044641689486,896256,1792512,2300313600,0.004840661557079467,2444083200,0.0051432029043969344,8.822105824947357
p06_seed2026082207,selection,27,4,0,1,True,causal_current_input_channel_diagonal,1786745.247373419,13036364.512680352,126044.89498020936,7800,1536,475206451200,47923200,2.2274143993854523,0,126044.89498020936,0.2656019826378824,0.09832962495362614,1.0,0,0,0,0.0,47923200,0.0001008471157724889,0.0
p06_seed2026082207,selection,27,4,0,1,True,causal_current_input_channel_diagonal,1786745.247373419,13036364.512680352,126044.89498020936,7800,1536,475206451200,47923200,2.2274143993854523,8,49088.61436449045,0.16575211124613606,0.06136378490941156,0.3894534116173789,74688,149376,191692800,0.0004033884630899556,239616000,0.0005042355788624445,8.962634950876236
p06_seed2026082207,selection,27,4,0,1,True,causal_current_input_channel_diagonal,1786745.247373419,13036364.512680352,126044.89498020936,7800,1536,475206451200,47923200,2.2274143993854523,16,33160.776501005894,0.13623259459524065,0.05043524073113904,0.2630870255229745,149376,298752,383385600,0.0008067769261799112,431308800,0.0009076240419524002,8.962634950876236
p06_seed2026082207,selection,27,4,0,1,True,causal_current_input_channel_diagonal,1786745.247373419,13036364.512680352,126044.89498020936,7800,1536,475206451200,47923200,2.2274143993854523,32,21531.354454576387,0.10977523044011579,0.040640348882828393,0.170822899722011,298752,597504,766771200,0.0016135538523598225,814694400,0.0017144009681323113,8.962634950876236
p06_seed2026082207,selection,27,4,0,1,True,causal_current_input_channel_diagonal,1786745.247373419,13036364.512680352,126044.89498020936,7800,1536,475206451200,47923200,2.2274143993854523,64,13632.759601512967,0.08734952958274386,0.03233803602835694,0.10815796708267741,597504,1195008,1533542400,0.003227107704719645,1581465600,0.003327954820492134,8.962634950876236
p06_seed2026082207,selection,27,4,0,1,True,causal_current_input_channel_diagonal,1786745.247373419,13036364.512680352,126044.89498020936,7800,1536,475206451200,47923200,2.2274143993854523,96,10118.282763401308,0.07525270026631006,0.027859618066264094,0.08027522864378296,896256,1792512,2300313600,0.004840661557079467,2348236800,0.004941508672851956,8.962634950876236
p06_seed2026082207,selection,27,4,0,2,True,causal_current_input_channel_diagonal,1786745.247373419,13036364.512680352,271914.04778218444,7800,1536,475206451200,95846400,2.098331693559885,0,271914.04778218444,0.39010768393916867,0.1444234032904959,1.0,0,0,0,0.0,95846400,0.0002016942315449778,0.0
p06_seed2026082207,selection,27,4,0,2,True,causal_current_input_channel_diagonal,1786745.247373419,13036364.512680352,271914.04778218444,7800,1536,475206451200,95846400,2.098331693559885,8,92042.61389731825,0.22696722823939372,0.08402649034428002,0.3384989287911323,74688,149376,191692800,0.0004033884630899556,287539200,0.0006050826946349334,8.874552324414253
p06_seed2026082207,selection,27,4,0,2,True,causal_current_input_channel_diagonal,1786745.247373419,13036364.512680352,271914.04778218444,7800,1536,475206451200,95846400,2.098331693559885,16,58324.17663465778,0.18067288958509375,0.06688766889368962,0.21449490054119016,149376,298752,383385600,0.0008067769261799112,479232000,0.001008471157724889,8.874552324414253
p06_seed2026082207,selection,27,4,0,2,True,causal_current_input_channel_diagonal,1786745.247373419,13036364.512680352,271914.04778218444,7800,1536,475206451200,95846400,2.098331693559885,32,36831.86907183114,0.14357557402036406,0.053153715968949994,0.13545408695257982,298752,597504,766771200,0.0016135538523598225,862617600,0.0018152480839048004,8.874552324414253
p06_seed2026082207,selection,27,4,0,2,True,causal_current_input_channel_diagonal,1786745.247373419,13036364.512680352,271914.04778218444,7800,1536,475206451200,95846400,2.098331693559885,64,22188.899771028606,0.11143883581302384,0.04125623921152338,0.0816026238881708,597504,1195008,1533542400,0.003227107704719645,1629388800,0.0034288019362646227,8.874552324414253
p06_seed2026082207,selection,27,4,0,2,True,causal_current_input_channel_diagonal,1786745.247373419,13036364.512680352,271914.04778218444,7800,1536,475206451200,95846400,2.098331693559885,96,16327.659239667846,0.0955940025920581,0.03539025699031951,0.06004713391190677,896256,1792512,2300313600,0.004840661557079467,2396160000,0.005042355788624445,8.874552324414253
p06_seed2026082207,selection,27,4,0,3,True,causal_current_input_channel_diagonal,1786745.247373419,13036364.512680352,1469836.5687825265,7800,1536,475206451200,143769600,1.9607972353696823,0,1469836.5687825265,0.9069914776225595,0.3357811223583889,1.0,0,0,0,0.0,143769600,0.0003025413473174667,0.0
p06_seed2026082207,selection,27,4,0,3,True,causal_current_input_channel_diagonal,1786745.247373419,13036364.512680352,1469836.5687825265,7800,1536,475206451200,143769600,1.9607972353696823,8,173807.13423241116,0.3118907406179001,0.1154663803593636,0.11824929242482776,74688,149376,191692800,0.0004033884630899556,335462400,0.0007059298104074224,8.861660957336426
p06_seed2026082207,selection,27,4,0,3,True,causal_current_input_channel_diagonal,1786745.247373419,13036364.512680352,1469836.5687825265,7800,1536,475206451200,143769600,1.9607972353696823,16,112140.0928163263,0.2505238849513869,0.09274749911329074,0.07629425964905133,149376,298752,383385600,0.0008067769261799112,527155200,0.001109318273497378,8.861660957336426
p06_seed2026082207,selection,27,4,0,3,True,causal_current_input_channel_diagonal,1786745.247373419,13036364.512680352,1469836.5687825265,7800,1536,475206451200,143769600,1.9607972353696823,32,68840.18342366931,0.19628616576047855,0.07266792540900377,0.04683526378934028,298752,597504,766771200,0.0016135538523598225,910540800,0.0019160951996772893,8.861660957336426
p06_seed2026082207,selection,27,4,0,3,True,causal_current_input_channel_diagonal,1786745.247373419,13036364.512680352,1469836.5687825265,7800,1536,475206451200,143769600,1.9607972353696823,64,41094.96028670971,0.1516571760012698,0.056145639763774874,0.027958863700219973,597504,1195008,1533542400,0.003227107704719645,1677312000,0.0035296490520371118,8.861660957336426
p06_seed2026082207,selection,27,4,0,3,True,causal_current_input_channel_diagonal,1786745.247373419,13036364.512680352,1469836.5687825265,7800,1536,475206451200,143769600,1.9607972353696823,96,29945.30589493923,0.1294592417842105,0.04792764935334715,0.02037322143972884,896256,1792512,2300313600,0.004840661557079467,2444083200,0.0051432029043969344,8.861660957336426
p06_seed2026082207,selection,27,6,0,1,True,causal_current_input_channel_diagonal,1740046.6928545206,12486430.894080631,31775.655427770347,7800,1536,475206451200,47923200,2.8570229187607765,0,31775.655427770347,0.13513467686652925,0.050446158458885934,1.0,0,0,0,0.0,47923200,0.0001008471157724889,0.0
p06_seed2026082207,selection,27,6,0,1,True,causal_current_input_channel_diagonal,1740046.6928545206,12486430.894080631,31775.655427770347,7800,1536,475206451200,47923200,2.8570229187607765,8,19586.6308696972,0.10609609956612916,0.03960597512560695,0.616403677755484,74688,149376,191692800,0.0004033884630899556,239616000,0.0005042355788624445,9.004362858831882
p06_seed2026082207,selection,27,6,0,1,True,causal_current_input_channel_diagonal,1740046.6928545206,12486430.894080631,31775.655427770347,7800,1536,475206451200,47923200,2.8570229187607765,16,15009.522941421139,0.09287589102332018,0.03467083375054186,0.472359192553177,149376,298752,383385600,0.0008067769261799112,431308800,0.0009076240419524002,9.004362858831882
p06_seed2026082207,selection,27,6,0,1,True,causal_current_input_channel_diagonal,1740046.6928545206,12486430.894080631,31775.655427770347,7800,1536,475206451200,47923200,2.8570229187607765,32,10505.124190425297,0.0776998435376793,0.02900557214639888,0.33060291120687063,298752,597504,766771200,0.0016135538523598225,814694400,0.0017144009681323113,9.004362858831882
p06_seed2026082207,selection,27,6,0,1,True,causal_current_input_channel_diagonal,1740046.6928545206,12486430.894080631,31775.655427770347,7800,1536,475206451200,47923200,2.8570229187607765,64,6809.488324589445,0.06255712606325595,0.023352752730051825,0.21429891004908966,597504,1195008,1533542400,0.003227107704719645,1581465600,0.003327954820492134,9.004362858831882
p06_seed2026082207,selection,27,6,0,1,True,causal_current_input_channel_diagonal,1740046.6928545206,12486430.894080631,31775.655427770347,7800,1536,475206451200,47923200,2.8570229187607765,96,5160.202557580029,0.05445690106144108,0.02032891574409614,0.16239484246249838,896256,1792512,2300313600,0.004840661557079467,2348236800,0.004941508672851956,9.004362858831882
p06_seed2026082207,selection,27,6,0,2,True,causal_current_input_channel_diagonal,1740046.6928545206,12486430.894080631,86347.14976965498,7800,1536,475206451200,95846400,2.589527051895857,0,86347.14976965498,0.22276325341884964,0.08315815482271388,1.0,0,0,0,0.0,95846400,0.0002016942315449778,0.0
p06_seed2026082207,selection,27,6,0,2,True,causal_current_input_channel_diagonal,1740046.6928545206,12486430.894080631,86347.14976965498,7800,1536,475206451200,95846400,2.589527051895857,8,47433.979889630034,0.16510656091271267,0.061634747849590395,0.5493404242831577,74688,149376,191692800,0.0004033884630899556,287539200,0.0006050826946349334,8.900638669729233
p06_seed2026082207,selection,27,6,0,2,True,causal_current_input_channel_diagonal,1740046.6928545206,12486430.894080631,86347.14976965498,7800,1536,475206451200,95846400,2.589527051895857,16,34220.14940849561,0.14023631766054728,0.05235061544848261,0.3963089632967048,149376,298752,383385600,0.0008067769261799112,479232000,0.001008471157724889,8.900638669729233
p06_seed2026082207,selection,27,6,0,2,True,causal_current_input_channel_diagonal,1740046.6928545206,12486430.894080631,86347.14976965498,7800,1536,475206451200,95846400,2.589527051895857,32,22944.83473372522,0.11483175855869486,0.042867021424012025,0.2657277605012252,298752,597504,766771200,0.0016135538523598225,862617600,0.0018152480839048004,8.900638669729233
p06_seed2026082207,selection,27,6,0,2,True,causal_current_input_channel_diagonal,1740046.6928545206,12486430.894080631,86347.14976965498,7800,1536,475206451200,95846400,2.589527051895857,64,14555.198697057815,0.0914594568778547,0.03414207486344065,0.16856605847479028,597504,1195008,1533542400,0.003227107704719645,1629388800,0.0034288019362646227,8.900638669729233
p06_seed2026082207,selection,27,6,0,2,True,causal_current_input_channel_diagonal,1740046.6928545206,12486430.894080631,86347.14976965498,7800,1536,475206451200,95846400,2.589527051895857,96,10972.969528603673,0.0794111774362595,0.02964441794842131,0.12707969583229328,896256,1792512,2300313600,0.004840661557079467,2396160000,0.005042355788624445,8.900638669729233
p06_seed2026082207,selection,27,6,0,3,True,causal_current_input_channel_diagonal,1740046.6928545206,12486430.894080631,228645.46639221255,7800,1536,475206451200,143769600,2.513633109629154,0,228645.46639221255,0.36249401965875133,0.1353200464908437,1.0,0,0,0,0.0,143769600,0.0003025413473174667,0.0
p06_seed2026082207,selection,27,6,0,3,True,causal_current_input_channel_diagonal,1740046.6928545206,12486430.894080631,228645.46639221255,7800,1536,475206451200,143769600,2.513633109629154,8,106560.14365515142,0.2474668028278699,0.09238005993900915,0.46604966778592827,74688,149376,191692800,0.0004033884630899556,335462400,0.0007059298104074224,8.861633948981762
p06_seed2026082207,selection,27,6,0,3,True,causal_current_input_channel_diagonal,1740046.6928545206,12486430.894080631,228645.46639221255,7800,1536,475206451200,143769600,2.513633109629154,16,70642.5525422568,0.20148964906255995,0.07521665793062457,0.30896109009024575,149376,298752,383385600,0.0008067769261799112,527155200,0.001109318273497378,8.861633948981762
p06_seed2026082207,selection,27,6,0,3,True,causal_current_input_channel_diagonal,1740046.6928545206,12486430.894080631,228645.46639221255,7800,1536,475206451200,143769600,2.513633109629154,32,45240.15287100102,0.16124326393354127,0.06019256812115913,0.19786157838100255,298752,597504,766771200,0.0016135538523598225,910540800,0.0019160951996772893,8.861633948981762
p06_seed2026082207,selection,27,6,0,3,True,causal_current_input_channel_diagonal,1740046.6928545206,12486430.894080631,228645.46639221255,7800,1536,475206451200,143769600,2.513633109629154,64,27942.925492327515,0.1267230115110187,0.047306059904861066,0.12221071308622082,597504,1195008,1533542400,0.003227107704719645,1677312000,0.0035296490520371118,8.861633948981762
p06_seed2026082207,selection,27,6,0,3,True,causal_current_input_channel_diagonal,1740046.6928545206,12486430.894080631,228645.46639221255,7800,1536,475206451200,143769600,2.513633109629154,96,20562.533608680533,0.10870708779045887,0.04058066444113263,0.08993195418519193,896256,1792512,2300313600,0.004840661557079467,2444083200,0.0051432029043969344,8.861633948981762
p06_seed2026082207,selection,27,4,1,1,True,causal_current_input_channel_diagonal,1800256.3588196058,12833903.290252931,265790.33865985763,7800,1536,475206451200,47923200,2.232267986983061,0,265790.33865985763,0.38423986271163185,0.1439097484608322,1.0,0,0,0,0.0,47923200,0.0001008471157724889,0.0
p06_seed2026082207,selection,27,4,1,1,True,causal_current_input_channel_diagonal,1800256.3588196058,12833903.290252931,265790.33865985763,7800,1536,475206451200,47923200,2.232267986983061,8,93018.91162071674,0.22730995188671388,0.08513462858280005,0.34997100379313906,74688,149376,191692800,0.0004033884630899556,239616000,0.0005042355788624445,8.994500152766705
p06_seed2026082207,selection,27,4,1,1,True,causal_current_input_channel_diagonal,1800256.3588196058,12833903.290252931,265790.33865985763,7800,1536,475206451200,47923200,2.232267986983061,16,59036.55027555628,0.1810895165302838,0.06782364169311875,0.22211699105517177,149376,298752,383385600,0.0008067769261799112,431308800,0.0009076240419524002,8.994500152766705
p06_seed2026082207,selection,27,4,1,1,True,causal_current_input_channel_diagonal,1800256.3588196058,12833903.290252931,265790.33865985763,7800,1536,475206451200,47923200,2.232267986983061,32,36525.14728172406,0.14243896559150537,0.05334781135053257,0.1374208989887848,298752,597504,766771200,0.0016135538523598225,814694400,0.0017144009681323113,8.994500152766705
p06_seed2026082207,selection,27,4,1,1,True,causal_current_input_channel_diagonal,1800256.3588196058,12833903.290252931,265790.33865985763,7800,1536,475206451200,47923200,2.232267986983061,64,22272.011082116747,0.111227593296881,0.04165818418811685,0.0837954125574218,597504,1195008,1533542400,0.003227107704719645,1581465600,0.003327954820492134,8.994500152766705
p06_seed2026082207,selection,27,4,1,1,True,causal_current_input_channel_diagonal,1800256.3588196058,12833903.290252931,265790.33865985763,7800,1536,475206451200,47923200,2.232267986983061,96,16272.77008360438,0.09507439432192885,0.035608310068034395,0.06122408423649654,896256,1792512,2300313600,0.004840661557079467,2348236800,0.004941508672851956,8.994500152766705
p06_seed2026082207,selection,27,4,1,2,True,causal_current_input_channel_diagonal,1800256.3588196058,12833903.290252931,603355.093373284,7800,1536,475206451200,95846400,2.107630018144846,0,603355.093373284,0.5789210149697139,0.2168238793732505,1.0,0,0,0,0.0,95846400,0.0002016942315449778,0.0
p06_seed2026082207,selection,27,4,1,2,True,causal_current_input_channel_diagonal,1800256.3588196058,12833903.290252931,603355.093373284,7800,1536,475206451200,95846400,2.107630018144846,8,145225.93053645466,0.2840239134858464,0.10637576658017052,0.2406972811504127,74688,149376,191692800,0.0004033884630899556,287539200,0.0006050826946349334,8.801612071692944
p06_seed2026082207,selection,27,4,1,2,True,causal_current_input_channel_diagonal,1800256.3588196058,12833903.290252931,603355.093373284,7800,1536,475206451200,95846400,2.107630018144846,16,89812.47032169887,0.22335781073634234,0.08365442911880401,0.14885507939237194,149376,298752,383385600,0.0008067769261799112,479232000,0.001008471157724889,8.801612071692944
p06_seed2026082207,selection,27,4,1,2,True,causal_current_input_channel_diagonal,1800256.3588196058,12833903.290252931,603355.093373284,7800,1536,475206451200,95846400,2.107630018144846,32,55601.799614267424,0.17574268097061355,0.06582108590668007,0.09215435525038539,298752,597504,766771200,0.0016135538523598225,862617600,0.0018152480839048004,8.801612071692944
p06_seed2026082207,selection,27,4,1,2,True,causal_current_input_channel_diagonal,1800256.3588196058,12833903.290252931,603355.093373284,7800,1536,475206451200,95846400,2.107630018144846,64,33322.05343558034,0.13605004865926246,0.05095496376265424,0.05522793095327863,597504,1195008,1533542400,0.003227107704719645,1629388800,0.0034288019362646227,8.801612071692944
p06_seed2026082207,selection,27,4,1,2,True,causal_current_input_channel_diagonal,1800256.3588196058,12833903.290252931,603355.093373284,7800,1536,475206451200,95846400,2.107630018144846,96,24670.16292993736,0.11706277961234753,0.043843642482200955,0.04088829812168463,896256,1792512,2300313600,0.004840661557079467,2396160000,0.005042355788624445,8.801612071692944
p06_seed2026082207,selection,27,4,1,3,True,causal_current_input_channel_diagonal,1800256.3588196058,12833903.290252931,17827758.679406192,7800,1536,475206451200,143769600,1.9597038626670837,0,17827758.679406192,3.1468873495755774,1.1786069350432518,1.0,0,0,0,0.0,143769600,0.0003025413473174667,0.0
p06_seed2026082207,selection,27,4,1,3,True,causal_current_input_channel_diagonal,1800256.3588196058,12833903.290252931,17827758.679406192,7800,1536,475206451200,143769600,1.9597038626670837,8,299602.06384455785,0.40794839006746636,0.15278932744068283,0.01680536904440648,74688,149376,191692800,0.0004033884630899556,335462400,0.0007059298104074224,8.773543871939182
p06_seed2026082207,selection,27,4,1,3,True,causal_current_input_channel_diagonal,1800256.3588196058,12833903.290252931,17827758.679406192,7800,1536,475206451200,143769600,1.9597038626670837,16,177635.38113129511,0.31412142523471853,0.11764821841405988,0.00996397720679266,149376,298752,383385600,0.0008067769261799112,527155200,0.001109318273497378,8.773543871939182
p06_seed2026082207,selection,27,4,1,3,True,causal_current_input_channel_diagonal,1800256.3588196058,12833903.290252931,17827758.679406192,7800,1536,475206451200,143769600,1.9597038626670837,32,101105.02818469703,0.23698409545640134,0.08875789546058502,0.0056712136394711146,298752,597504,766771200,0.0016135538523598225,910540800,0.0019160951996772893,8.773543871939182
p06_seed2026082207,selection,27,4,1,3,True,causal_current_input_channel_diagonal,1800256.3588196058,12833903.290252931,17827758.679406192,7800,1536,475206451200,143769600,1.9597038626670837,64,57218.888175245374,0.1782799610662619,0.06677137601391307,0.0032095390791250433,597504,1195008,1533542400,0.003227107704719645,1677312000,0.0035296490520371118,8.773543871939182
p06_seed2026082207,selection,27,4,1,3,True,causal_current_input_channel_diagonal,1800256.3588196058,12833903.290252931,17827758.679406192,7800,1536,475206451200,143769600,1.9597038626670837,96,40847.30259528756,0.15063105384218217,0.05641600253508077,0.002291219178444986,896256,1792512,2300313600,0.004840661557079467,2444083200,0.0051432029043969344,8.773543871939182
p06_seed2026082207,selection,27,6,1,1,True,causal_current_input_channel_diagonal,1731160.3354878074,12456090.383856656,53113.84964179789,7800,1536,475206451200,47923200,2.8583859093487263,0,53113.84964179789,0.17516012378550008,0.06529997491764383,1.0,0,0,0,0.0,47923200,0.0001008471157724889,0.0
p06_seed2026082207,selection,27,6,1,1,True,causal_current_input_channel_diagonal,1731160.3354878074,12456090.383856656,53113.84964179789,7800,1536,475206451200,47923200,2.8583859093487263,8,29425.365280333244,0.13037438864165965,0.048603781067368,0.5540055085211646,74688,149376,191692800,0.0004033884630899556,239616000,0.0005042355788624445,8.933082222938538
p06_seed2026082207,selection,27,6,1,1,True,causal_current_input_channel_diagonal,1731160.3354878074,12456090.383856656,53113.84964179789,7800,1536,475206451200,47923200,2.8583859093487263,16,20599.751774128577,0.10908432462310694,0.04066681107464864,0.3878414370836527,149376,298752,383385600,0.0008067769261799112,431308800,0.0009076240419524002,8.933082222938538
p06_seed2026082207,selection,27,6,1,1,True,causal_current_input_channel_diagonal,1731160.3354878074,12456090.383856656,53113.84964179789,7800,1536,475206451200,47923200,2.8583859093487263,32,13628.366138926613,0.08872647950990564,0.033077373784131205,0.25658780583277613,298752,597504,766771200,0.0016135538523598225,814694400,0.0017144009681323113,8.933082222938538
p06_seed2026082207,selection,27,6,1,1,True,causal_current_input_channel_diagonal,1731160.3354878074,12456090.383856656,53113.84964179789,7800,1536,475206451200,47923200,2.8583859093487263,64,8701.338021799129,0.07089643110839788,0.026430303159628635,0.16382427710432748,597504,1195008,1533542400,0.003227107704719645,1581465600,0.003327954820492134,8.933082222938538
p06_seed2026082207,selection,27,6,1,1,True,causal_current_input_channel_diagonal,1731160.3354878074,12456090.383856656,53113.84964179789,7800,1536,475206451200,47923200,2.8583859093487263,96,6497.6753379094735,0.061264706509325535,0.022839580790059596,0.1223348595842206,896256,1792512,2300313600,0.004840661557079467,2348236800,0.004941508672851956,8.933082222938538
p06_seed2026082207,selection,27,6,1,2,True,causal_current_input_channel_diagonal,1731160.3354878074,12456090.383856656,125265.71919546199,7800,1536,475206451200,95846400,2.5987736880779266,0,125265.71919546199,0.26899702172796996,0.10028252088510695,1.0,0,0,0,0.0,95846400,0.0002016942315449778,0.0
p06_seed2026082207,selection,27,6,1,2,True,causal_current_input_channel_diagonal,1731160.3354878074,12456090.383856656,125265.71919546199,7800,1536,475206451200,95846400,2.5987736880779266,8,59909.707339184664,0.18602870060007548,0.06935179777574693,0.4782609937154764,74688,149376,191692800,0.0004033884630899556,287539200,0.0006050826946349334,8.877193089574575
p06_seed2026082207,selection,27,6,1,2,True,causal_current_input_channel_diagonal,1731160.3354878074,12456090.383856656,125265.71919546199,7800,1536,475206451200,95846400,2.5987736880779266,16,41073.71089918492,0.1540328405881945,0.05742368987601258,0.32789266819499235,149376,298752,383385600,0.0008067769261799112,479232000,0.001008471157724889,8.877193089574575
p06_seed2026082207,selection,27,6,1,2,True,causal_current_input_channel_diagonal,1731160.3354878074,12456090.383856656,125265.71919546199,7800,1536,475206451200,95846400,2.5987736880779266,32,26176.30672321214,0.12296613959301422,0.045841973947086376,0.20896624305584402,298752,597504,766771200,0.0016135538523598225,862617600,0.0018152480839048004,8.877193089574575
p06_seed2026082207,selection,27,6,1,2,True,causal_current_input_channel_diagonal,1731160.3354878074,12456090.383856656,125265.71919546199,7800,1536,475206451200,95846400,2.5987736880779266,64,16696.411388720764,0.09820710796603015,0.0366117672694119,0.13328795377087657,597504,1195008,1533542400,0.003227107704719645,1629388800,0.0034288019362646227,8.877193089574575
p06_seed2026082207,selection,27,6,1,2,True,causal_current_input_channel_diagonal,1731160.3354878074,12456090.383856656,125265.71919546199,7800,1536,475206451200,95846400,2.5987736880779266,96,12548.711767224173,0.08513946671131753,0.031740129663066816,0.10017674307209198,896256,1792512,2300313600,0.004840661557079467,2396160000,0.005042355788624445,8.877193089574575
p06_seed2026082207,selection,27,6,1,3,True,causal_current_input_channel_diagonal,1731160.3354878074,12456090.383856656,361646.40598476736,7800,1536,475206451200,143769600,2.505742944777012,0,361646.40598476736,0.45706022623447734,0.1703927849783506,1.0,0,0,0,0.0,143769600,0.0003025413473174667,0.0
p06_seed2026082207,selection,27,6,1,3,True,causal_current_input_channel_diagonal,1731160.3354878074,12456090.383856656,361646.40598476736,7800,1536,475206451200,143769600,2.505742944777012,8,136686.2035478414,0.28099183089811586,0.10475420497064476,0.37795537651235345,74688,149376,191692800,0.0004033884630899556,335462400,0.0007059298104074224,8.86970805004239
p06_seed2026082207,selection,27,6,1,3,True,causal_current_input_channel_diagonal,1731160.3354878074,12456090.383856656,361646.40598476736,7800,1536,475206451200,143769600,2.505742944777012,16,83996.03429242736,0.2202727352062862,0.08211802876792666,0.23226011069527794,149376,298752,383385600,0.0008067769261799112,527155200,0.001109318273497378,8.86970805004239
p06_seed2026082207,selection,27,6,1,3,True,causal_current_input_channel_diagonal,1731160.3354878074,12456090.383856656,361646.40598476736,7800,1536,475206451200,143769600,2.505742944777012,32,52107.512257560156,0.1734928267857319,0.06467840392356043,0.14408414238775047,298752,597504,766771200,0.0016135538523598225,910540800,0.0019160951996772893,8.86970805004239
p06_seed2026082207,selection,27,6,1,3,True,causal_current_input_channel_diagonal,1731160.3354878074,12456090.383856656,361646.40598476736,7800,1536,475206451200,143769600,2.505742944777012,64,31744.483487077,0.13541459839589212,0.050482779342877836,0.08777768272969091,597504,1195008,1533542400,0.003227107704719645,1677312000,0.0035296490520371118,8.86970805004239
p06_seed2026082207,selection,27,6,1,3,True,causal_current_input_channel_diagonal,1731160.3354878074,12456090.383856656,361646.40598476736,7800,1536,475206451200,143769600,2.505742944777012,96,23214.728273675835,0.11580122560459899,0.04317088252730901,0.06419178481490345,896256,1792512,2300313600,0.004840661557079467,2444083200,0.0051432029043969344,8.86970805004239
p06_seed2026082207,selection,28,4,0,1,True,causal_current_input_channel_diagonal,2092143.863448162,14961264.817548294,167837.41336786532,7800,1536,475206451200,47923200,2.230506855994463,0,167837.41336786532,0.28323610695385754,0.10591567390440197,1.0,0,0,0,0.0,47923200,0.0001008471157724889,0.0
p06_seed2026082207,selection,28,4,0,1,True,causal_current_input_channel_diagonal,2092143.863448162,14961264.817548294,167837.41336786532,7800,1536,475206451200,47923200,2.230506855994463,8,60579.36600250214,0.17016357042533614,0.0636323858190679,0.3609407746818328,74688,149376,191692800,0.0004033884630899556,239616000,0.0005042355788624445,8.964510168880224
p06_seed2026082207,selection,28,4,0,1,True,causal_current_input_channel_diagonal,2092143.863448162,14961264.817548294,167837.41336786532,7800,1536,475206451200,47923200,2.230506855994463,16,39518.70836861954,0.13743761129009963,0.05139456750820834,0.23545827819336726,149376,298752,383385600,0.0008067769261799112,431308800,0.0009076240419524002,8.964510168880224
p06_seed2026082207,selection,28,4,0,1,True,causal_current_input_channel_diagonal,2092143.863448162,14961264.817548294,167837.41336786532,7800,1536,475206451200,47923200,2.230506855994463,32,25025.243186075386,0.10936878331748595,0.040898275695701425,0.14910408045224882,298752,597504,766771200,0.0016135538523598225,814694400,0.0017144009681323113,8.964510168880224
p06_seed2026082207,selection,28,4,0,1,True,causal_current_input_channel_diagonal,2092143.863448162,14961264.817548294,167837.41336786532,7800,1536,475206451200,47923200,2.230506855994463,64,14793.905007945199,0.08409024937916636,0.03144540972396077,0.0881442624195941,597504,1195008,1533542400,0.003227107704719645,1581465600,0.003327954820492134,8.964510168880224
p06_seed2026082207,selection,28,4,0,1,True,causal_current_input_channel_diagonal,2092143.863448162,14961264.817548294,167837.41336786532,7800,1536,475206451200,47923200,2.230506855994463,96,10624.799064567109,0.07126308026123562,0.02664871104022728,0.06330411587743043,896256,1792512,2300313600,0.004840661557079467,2348236800,0.004941508672851956,8.964510168880224
p06_seed2026082207,selection,28,4,0,2,True,causal_current_input_channel_diagonal,2092143.863448162,14961264.817548294,364451.7790824142,7800,1536,475206451200,95846400,2.1039070561528206,0,364451.7790824142,0.4173729172221551,0.15607591232791682,1.0,0,0,0,0.0,95846400,0.0002016942315449778,0.0
p06_seed2026082207,selection,28,4,0,2,True,causal_current_input_channel_diagonal,2092143.863448162,14961264.817548294,364451.7790824142,7800,1536,475206451200,95846400,2.1039070561528206,8,115142.97298354324,0.23459726620310753,0.08772725982312866,0.3159347260747452,74688,149376,191692800,0.0004033884630899556,287539200,0.0006050826946349334,8.892989251762629
p06_seed2026082207,selection,28,4,0,2,True,causal_current_input_channel_diagonal,2092143.863448162,14961264.817548294,364451.7790824142,7800,1536,475206451200,95846400,2.1039070561528206,16,72480.8654507338,0.18612980087391723,0.0696029312974025,0.19887642101364633,149376,298752,383385600,0.0008067769261799112,479232000,0.001008471157724889,8.892989251762629
p06_seed2026082207,selection,28,4,0,2,True,causal_current_input_channel_diagonal,2092143.863448162,14961264.817548294,364451.7790824142,7800,1536,475206451200,95846400,2.1039070561528206,32,44401.81439496798,0.1456815609172121,0.054477378841057966,0.12183179489469013,298752,597504,766771200,0.0016135538523598225,862617600,0.0018152480839048004,8.892989251762629
p06_seed2026082207,selection,28,4,0,2,True,causal_current_input_channel_diagonal,2092143.863448162,14961264.817548294,364451.7790824142,7800,1536,475206451200,95846400,2.1039070561528206,64,25634.243563922704,0.11069155303748054,0.04139292324548006,0.07033644788430754,597504,1195008,1533542400,0.003227107704719645,1629388800,0.0034288019362646227,8.892989251762629
p06_seed2026082207,selection,28,4,0,2,True,causal_current_input_channel_diagonal,2092143.863448162,14961264.817548294,364451.7790824142,7800,1536,475206451200,95846400,2.1039070561528206,96,18280.261272018193,0.09347498989267647,0.03495481792264181,0.050158244032619204,896256,1792512,2300313600,0.004840661557079467,2396160000,0.005042355788624445,8.892989251762629
p06_seed2026082207,selection,28,4,0,3,True,causal_current_input_channel_diagonal,2092143.863448162,14961264.817548294,5506054.406277862,7800,1536,475206451200,143769600,1.9658347591757774,0,5506054.406277862,1.6222750044894891,0.6066470557257135,1.0,0,0,0,0.0,143769600,0.0003025413473174667,0.0
p06_seed2026082207,selection,28,4,0,3,True,causal_current_input_channel_diagonal,2092143.863448162,14961264.817548294,5506054.406277862,7800,1536,475206451200,143769600,1.9658347591757774,8,275615.95210174844,0.36295802457277937,0.13572755318904034,0.05005688861101895,74688,149376,191692800,0.0004033884630899556,335462400,0.0007059298104074224,8.873339276760817
p06_seed2026082207,selection,28,4,0,3,True,causal_current_input_channel_diagonal,2092143.863448162,14961264.817548294,5506054.406277862,7800,1536,475206451200,143769600,1.9658347591757774,16,165741.48037278093,0.28146204212741194,0.10525226529571885,0.030101678650961684,149376,298752,383385600,0.0008067769261799112,527155200,0.001109318273497378,8.873339276760817
p06_seed2026082207,selection,28,4,0,3,True,causal_current_input_channel_diagonal,2092143.863448162,14961264.817548294,5506054.406277862,7800,1536,475206451200,143769600,1.9658347591757774,32,97058.84473083355,0.2153881402515037,0.08054403893310948,0.01762765813210961,298752,597504,766771200,0.0016135538523598225,910540800,0.0019160951996772893,8.873339276760817
p06_seed2026082207,selection,28,4,0,3,True,causal_current_input_channel_diagonal,2092143.863448162,14961264.817548294,5506054.406277862,7800,1536,475206451200,143769600,1.9658347591757774,64,55242.696239703335,0.16249562069445309,0.0607649686950786,0.010033082160724627,597504,1195008,1533542400,0.003227107704719645,1677312000,0.0035296490520371118,8.873339276760817
p06_seed2026082207,selection,28,4,0,3,True,causal_current_input_channel_diagonal,2092143.863448162,14961264.817548294,5506054.406277862,7800,1536,475206451200,143769600,1.9658347591757774,96,38926.18174731359,0.1364033795430131,0.05100781825634179,0.007069705250798487,896256,1792512,2300313600,0.004840661557079467,2444083200,0.0051432029043969344,8.873339276760817
p06_seed2026082207,selection,28,6,0,1,True,causal_current_input_channel_diagonal,2009686.7508950126,14102714.776800597,37210.84620179306,7800,1536,475206451200,47923200,2.842215821146965,0,37210.84620179306,0.13607257034054185,0.05136690651874078,1.0,0,0,0,0.0,47923200,0.0001008471157724889,0.0
p06_seed2026082207,selection,28,6,0,1,True,causal_current_input_channel_diagonal,2009686.7508950126,14102714.776800597,37210.84620179306,7800,1536,475206451200,47923200,2.842215821146965,8,22510.779509250016,0.10583543090922444,0.03995249499792121,0.6049520988563015,74688,149376,191692800,0.0004033884630899556,239616000,0.0005042355788624445,8.91974801197648
p06_seed2026082207,selection,28,6,0,1,True,causal_current_input_channel_diagonal,2009686.7508950126,14102714.776800597,37210.84620179306,7800,1536,475206451200,47923200,2.842215821146965,16,16990.467589947995,0.09194719414565722,0.03470973550746022,0.4565998714022964,149376,298752,383385600,0.0008067769261799112,431308800,0.0009076240419524002,8.91974801197648
p06_seed2026082207,selection,28,6,0,1,True,causal_current_input_channel_diagonal,2009686.7508950126,14102714.776800597,37210.84620179306,7800,1536,475206451200,47923200,2.842215821146965,32,11751.228460714625,0.07646759831548776,0.02886624368566064,0.31580116177354284,298752,597504,766771200,0.0016135538523598225,814694400,0.0017144009681323113,8.91974801197648
p06_seed2026082207,selection,28,6,0,1,True,causal_current_input_channel_diagonal,2009686.7508950126,14102714.776800597,37210.84620179306,7800,1536,475206451200,47923200,2.842215821146965,64,7452.613416636035,0.06089618869299092,0.02298809248706081,0.20028067559837287,597504,1195008,1533542400,0.003227107704719645,1581465600,0.003327954820492134,8.91974801197648
p06_seed2026082207,selection,28,6,0,1,True,causal_current_input_channel_diagonal,2009686.7508950126,14102714.776800597,37210.84620179306,7800,1536,475206451200,47923200,2.842215821146965,96,5512.901469814318,0.05237522848669461,0.0197714606172333,0.1481530798869823,896256,1792512,2300313600,0.004840661557079467,2348236800,0.004941508672851956,8.91974801197648
p06_seed2026082207,selection,28,6,0,2,True,causal_current_input_channel_diagonal,2009686.7508950126,14102714.776800597,109856.94942326086,7800,1536,475206451200,95846400,2.608661074191332,0,109856.94942326086,0.2338027326678501,0.08825969174183657,1.0,0,0,0,0.0,95846400,0.0002016942315449778,0.0
p06_seed2026082207,selection,28,6,0,2,True,causal_current_input_channel_diagonal,2009686.7508950126,14102714.776800597,109856.94942326086,7800,1536,475206451200,95846400,2.608661074191332,8,56042.53451480031,0.16699162823955155,0.0630387398116022,0.5101410043219943,74688,149376,191692800,0.0004033884630899556,287539200,0.0006050826946349334,8.880187291651964
p06_seed2026082207,selection,28,6,0,2,True,causal_current_input_channel_diagonal,2009686.7508950126,14102714.776800597,109856.94942326086,7800,1536,475206451200,95846400,2.608661074191332,16,40168.261881501196,0.14137653561480504,0.05336913435745862,0.3656415191694496,149376,298752,383385600,0.0008067769261799112,479232000,0.001008471157724889,8.880187291651964
p06_seed2026082207,selection,28,6,0,2,True,causal_current_input_channel_diagonal,2009686.7508950126,14102714.776800597,109856.94942326086,7800,1536,475206451200,95846400,2.608661074191332,32,26346.566646607083,0.11449798120245641,0.04322257661696271,0.23982612645734272,298752,597504,766771200,0.0016135538523598225,862617600,0.0018152480839048004,8.880187291651964
p06_seed2026082207,selection,28,6,0,2,True,causal_current_input_channel_diagonal,2009686.7508950126,14102714.776800597,109856.94942326086,7800,1536,475206451200,95846400,2.608661074191332,64,16301.767820770896,0.0900644014221187,0.03399898801748388,0.14839086562217849,597504,1195008,1533542400,0.003227107704719645,1629388800,0.0034288019362646227,8.880187291651964
p06_seed2026082207,selection,28,6,0,2,True,causal_current_input_channel_diagonal,2009686.7508950126,14102714.776800597,109856.94942326086,7800,1536,475206451200,95846400,2.608661074191332,96,12061.749770075578,0.07747132298967116,0.029245146144696286,0.1097950546822956,896256,1792512,2300313600,0.004840661557079467,2396160000,0.005042355788624445,8.880187291651964
p06_seed2026082207,selection,28,6,0,3,True,causal_current_input_channel_diagonal,2009686.7508950126,14102714.776800597,297289.0430207781,7800,1536,475206451200,143769600,2.5084842927753925,0,297289.0430207781,0.3846141578556007,0.14519046302211697,1.0,0,0,0,0.0,143769600,0.0003025413473174667,0.0
p06_seed2026082207,selection,28,6,0,3,True,causal_current_input_channel_diagonal,2009686.7508950126,14102714.776800597,297289.0430207781,7800,1536,475206451200,143769600,2.5084842927753925,8,131801.62102556945,0.2560921057233853,0.0966738500048843,0.4433450344794716,74688,149376,191692800,0.0004033884630899556,335462400,0.0007059298104074224,8.842058945447206
p06_seed2026082207,selection,28,6,0,3,True,causal_current_input_channel_diagonal,2009686.7508950126,14102714.776800597,297289.0430207781,7800,1536,475206451200,143769600,2.5084842927753925,16,86249.45838956069,0.2071638643594471,0.07820361464460625,0.29011986958898883,149376,298752,383385600,0.0008067769261799112,527155200,0.001109318273497378,8.842058945447206
p06_seed2026082207,selection,28,6,0,3,True,causal_current_input_channel_diagonal,2009686.7508950126,14102714.776800597,297289.0430207781,7800,1536,475206451200,143769600,2.5084842927753925,32,54787.00407893822,0.1651104616052363,0.06232860616446659,0.18428867584027406,298752,597504,766771200,0.0016135538523598225,910540800,0.0019160951996772893,8.842058945447206
p06_seed2026082207,selection,28,6,0,3,True,causal_current_input_channel_diagonal,2009686.7508950126,14102714.776800597,297289.0430207781,7800,1536,475206451200,143769600,2.5084842927753925,64,32725.460565174813,0.12760823416988673,0.048171650018969225,0.11007960546865612,597504,1195008,1533542400,0.003227107704719645,1677312000,0.0035296490520371118,8.842058945447206
p06_seed2026082207,selection,28,6,0,3,True,causal_current_input_channel_diagonal,2009686.7508950126,14102714.776800597,297289.0430207781,7800,1536,475206451200,143769600,2.5084842927753925,96,23587.69096386619,0.10833743023611644,0.04089699075641812,0.07934261796095535,896256,1792512,2300313600,0.004840661557079467,2444083200,0.0051432029043969344,8.842058945447206
p06_seed2026082207,selection,28,4,1,1,True,causal_current_input_channel_diagonal,2173931.0842716973,14529195.814788446,310194.6266754131,7800,1536,475206451200,47923200,2.231401391327381,0,310194.6266754131,0.37774110728600424,0.14611551959692576,1.0,0,0,0,0.0,47923200,0.0001008471157724889,0.0
p06_seed2026082207,selection,28,4,1,1,True,causal_current_input_channel_diagonal,2173931.0842716973,14529195.814788446,310194.6266754131,7800,1536,475206451200,47923200,2.231401391327381,8,106895.6573167906,0.2217466894955116,0.08577470688145918,0.3446083462288691,74688,149376,191692800,0.0004033884630899556,239616000,0.0005042355788624445,8.944620378315449
p06_seed2026082207,selection,28,4,1,1,True,causal_current_input_channel_diagonal,2173931.0842716973,14529195.814788446,310194.6266754131,7800,1536,475206451200,47923200,2.231401391327381,16,67646.90820432309,0.1764010190975861,0.06823437022266073,0.2180789168516224,149376,298752,383385600,0.0008067769261799112,431308800,0.0009076240419524002,8.944620378315449
p06_seed2026082207,selection,28,4,1,1,True,causal_current_input_channel_diagonal,2173931.0842716973,14529195.814788446,310194.6266754131,7800,1536,475206451200,47923200,2.231401391327381,32,40148.842641476134,0.13589817640748028,0.05256730674805585,0.12943113511786195,298752,597504,766771200,0.0016135538523598225,814694400,0.0017144009681323113,8.944620378315449
p06_seed2026082207,selection,28,4,1,1,True,causal_current_input_channel_diagonal,2173931.0842716973,14529195.814788446,310194.6266754131,7800,1536,475206451200,47923200,2.231401391327381,64,23112.30187983031,0.1031095079797002,0.039884193282755984,0.0745090336527605,597504,1195008,1533542400,0.003227107704719645,1581465600,0.003327954820492134,8.944620378315449
p06_seed2026082207,selection,28,4,1,1,True,causal_current_input_channel_diagonal,2173931.0842716973,14529195.814788446,310194.6266754131,7800,1536,475206451200,47923200,2.231401391327381,96,16332.727688450716,0.08667751950840077,0.033528071359078954,0.052653161217236684,896256,1792512,2300313600,0.004840661557079467,2348236800,0.004941508672851956,8.944620378315449
p06_seed2026082207,selection,28,4,1,2,True,causal_current_input_channel_diagonal,2173931.0842716973,14529195.814788446,548510.9132165143,7800,1536,475206451200,95846400,2.1028039045631886,0,548510.9132165143,0.5023076011707572,0.19429957377389703,1.0,0,0,0,0.0,95846400,0.0002016942315449778,0.0
p06_seed2026082207,selection,28,4,1,2,True,causal_current_input_channel_diagonal,2173931.0842716973,14529195.814788446,548510.9132165143,7800,1536,475206451200,95846400,2.1028039045631886,8,161600.76839689567,0.2726458079042562,0.10546319455163528,0.29461723461629896,74688,149376,191692800,0.0004033884630899556,287539200,0.0006050826946349334,8.86576622724533
p06_seed2026082207,selection,28,4,1,2,True,causal_current_input_channel_diagonal,2173931.0842716973,14529195.814788446,548510.9132165143,7800,1536,475206451200,95846400,2.1028039045631886,16,102307.26658654644,0.21693536383455386,0.08391361912759557,0.1865181970475074,149376,298752,383385600,0.0008067769261799112,479232000,0.001008471157724889,8.86576622724533
p06_seed2026082207,selection,28,4,1,2,True,causal_current_input_channel_diagonal,2173931.0842716973,14529195.814788446,548510.9132165143,7800,1536,475206451200,95846400,2.1028039045631886,32,60078.20245085994,0.16624001860217905,0.06430395375917822,0.10952963926086459,298752,597504,766771200,0.0016135538523598225,862617600,0.0018152480839048004,8.86576622724533
p06_seed2026082207,selection,28,4,1,2,True,causal_current_input_channel_diagonal,2173931.0842716973,14529195.814788446,548510.9132165143,7800,1536,475206451200,95846400,2.1028039045631886,64,34821.44366797444,0.12656117556297358,0.04895562482210895,0.06348359318199218,597504,1195008,1533542400,0.003227107704719645,1629388800,0.0034288019362646227,8.86576622724533
p06_seed2026082207,selection,28,4,1,2,True,causal_current_input_channel_diagonal,2173931.0842716973,14529195.814788446,548510.9132165143,7800,1536,475206451200,95846400,2.1028039045631886,96,25106.057578426786,0.10746483446321783,0.04156889420589803,0.04577130003309913,896256,1792512,2300313600,0.004840661557079467,2396160000,0.005042355788624445,8.86576622724533
p06_seed2026082207,selection,28,4,1,3,True,causal_current_input_channel_diagonal,2173931.0842716973,14529195.814788446,8715807.486535238,7800,1536,475206451200,143769600,1.9733300432562828,0,8715807.486535238,2.0023082110606416,0.7745206942245774,1.0,0,0,0,0.0,143769600,0.0003025413473174667,0.0
p06_seed2026082207,selection,28,4,1,3,True,causal_current_input_channel_diagonal,2173931.0842716973,14529195.814788446,8715807.486535238,7800,1536,475206451200,143769600,1.9733300432562828,8,324279.1934702415,0.3862216864610911,0.14939592569716115,0.03720586921767717,74688,149376,191692800,0.0004033884630899556,335462400,0.0007059298104074224,8.88483040034771
p06_seed2026082207,selection,28,4,1,3,True,causal_current_input_channel_diagonal,2173931.0842716973,14529195.814788446,8715807.486535238,7800,1536,475206451200,143769600,1.9733300432562828,16,192374.80814108253,0.2974755071821287,0.11506766793682825,0.02207194324087796,149376,298752,383385600,0.0008067769261799112,527155200,0.001109318273497378,8.88483040034771
p06_seed2026082207,selection,28,4,1,3,True,causal_current_input_channel_diagonal,2173931.0842716973,14529195.814788446,8715807.486535238,7800,1536,475206451200,143769600,1.9733300432562828,32,109476.46085193753,0.22440756243145296,0.08680396958048042,0.012560679090393535,298752,597504,766771200,0.0016135538523598225,910540800,0.0019160951996772893,8.88483040034771
p06_seed2026082207,selection,28,4,1,3,True,causal_current_input_channel_diagonal,2173931.0842716973,14529195.814788446,8715807.486535238,7800,1536,475206451200,143769600,1.9733300432562828,64,61628.66107894108,0.168371460868667,0.0651284253039787,0.007070906645677384,597504,1195008,1533542400,0.003227107704719645,1677312000,0.0035296490520371118,8.88483040034771
p06_seed2026082207,selection,28,4,1,3,True,causal_current_input_channel_diagonal,2173931.0842716973,14529195.814788446,8715807.486535238,7800,1536,475206451200,143769600,1.9733300432562828,96,43197.57745382562,0.1409635439619708,0.054526661443369456,0.004956233546988287,896256,1792512,2300313600,0.004840661557079467,2444083200,0.0051432029043969344,8.88483040034771
p06_seed2026082207,selection,28,6,1,1,True,causal_current_input_channel_diagonal,2040425.3249138081,13913647.48785657,58521.16807309819,7800,1536,475206451200,47923200,2.831017132848501,0,58521.16807309819,0.1693542658037136,0.06485388468113376,1.0,0,0,0,0.0,47923200,0.0001008471157724889,0.0
p06_seed2026082207,selection,28,6,1,1,True,causal_current_input_channel_diagonal,2040425.3249138081,13913647.48785657,58521.16807309819,7800,1536,475206451200,47923200,2.831017132848501,8,32293.75511047236,0.1258052952235886,0.04817689161820744,0.5518303235390857,74688,149376,191692800,0.0004033884630899556,239616000,0.0005042355788624445,8.977719116955996
p06_seed2026082207,selection,28,6,1,1,True,causal_current_input_channel_diagonal,2040425.3249138081,13913647.48785657,58521.16807309819,7800,1536,475206451200,47923200,2.831017132848501,16,22909.017028045135,0.10596022575790644,0.04057726110102788,0.39146547793226444,149376,298752,383385600,0.0008067769261799112,431308800,0.0009076240419524002,8.977719116955996
p06_seed2026082207,selection,28,6,1,1,True,causal_current_input_channel_diagonal,2040425.3249138081,13913647.48785657,58521.16807309819,7800,1536,475206451200,47923200,2.831017132848501,32,15070.043203231915,0.08594030607715498,0.03291067203615093,0.2575143952178755,298752,597504,766771200,0.0016135538523598225,814694400,0.0017144009681323113,8.977719116955996
p06_seed2026082207,selection,28,6,1,1,True,causal_current_input_channel_diagonal,2040425.3249138081,13913647.48785657,58521.16807309819,7800,1536,475206451200,47923200,2.831017132848501,64,9339.355147319635,0.06765471871260653,0.025908242137858885,0.15958934954952148,597504,1195008,1533542400,0.003227107704719645,1581465600,0.003327954820492134,8.977719116955996
p06_seed2026082207,selection,28,6,1,1,True,causal_current_input_channel_diagonal,2040425.3249138081,13913647.48785657,58521.16807309819,7800,1536,475206451200,47923200,2.831017132848501,96,6825.016670887366,0.05783510197611919,0.022147839124573136,0.11662475127998019,896256,1792512,2300313600,0.004840661557079467,2348236800,0.004941508672851956,8.977719116955996
p06_seed2026082207,selection,28,6,1,2,True,causal_current_input_channel_diagonal,2040425.3249138081,13913647.48785657,152436.67252923505,7800,1536,475206451200,95846400,2.59963097050786,0,152436.67252923505,0.2733281598343713,0.10467048393425299,1.0,0,0,0,0.0,95846400,0.0002016942315449778,0.0
p06_seed2026082207,selection,28,6,1,2,True,causal_current_input_channel_diagonal,2040425.3249138081,13913647.48785657,152436.67252923505,7800,1536,475206451200,95846400,2.59963097050786,8,67541.84027515972,0.18193912098088044,0.06967323034399837,0.44308130817906793,74688,149376,191692800,0.0004033884630899556,287539200,0.0006050826946349334,8.820528630167246
p06_seed2026082207,selection,28,6,1,2,True,causal_current_input_channel_diagonal,2040425.3249138081,13913647.48785657,152436.67252923505,7800,1536,475206451200,95846400,2.59963097050786,16,47001.11065046233,0.15177271660112007,0.05812106481923408,0.3083320428942329,149376,298752,383385600,0.0008067769261799112,479232000,0.001008471157724889,8.820528630167246
p06_seed2026082207,selection,28,6,1,2,True,causal_current_input_channel_diagonal,2040425.3249138081,13913647.48785657,152436.67252923505,7800,1536,475206451200,95846400,2.59963097050786,32,29743.40888935943,0.12073550922106777,0.04623542698957744,0.19511977267295638,298752,597504,766771200,0.0016135538523598225,862617600,0.0018152480839048004,8.820528630167246
p06_seed2026082207,selection,28,6,1,2,True,causal_current_input_channel_diagonal,2040425.3249138081,13913647.48785657,152436.67252923505,7800,1536,475206451200,95846400,2.59963097050786,64,18308.508551693114,0.0947253308946987,0.03627488009866426,0.12010566912070496,597504,1195008,1533542400,0.003227107704719645,1629388800,0.0034288019362646227,8.820528630167246
p06_seed2026082207,selection,28,6,1,2,True,causal_current_input_channel_diagonal,2040425.3249138081,13913647.48785657,152436.67252923505,7800,1536,475206451200,95846400,2.59963097050786,96,13460.763467459852,0.08122215234034398,0.03110386429556734,0.088303970723235,896256,1792512,2300313600,0.004840661557079467,2396160000,0.005042355788624445,8.820528630167246
p06_seed2026082207,selection,28,6,1,3,True,causal_current_input_channel_diagonal,2040425.3249138081,13913647.48785657,420455.84960369044,7800,1536,475206451200,143769600,2.511130180209875,0,420455.84960369044,0.453941456632607,0.17383599250200535,1.0,0,0,0,0.0,143769600,0.0003025413473174667,0.0
p06_seed2026082207,selection,28,6,1,3,True,causal_current_input_channel_diagonal,2040425.3249138081,13913647.48785657,420455.84960369044,7800,1536,475206451200,143769600,2.511130180209875,8,162585.0165969673,0.2822798690228319,0.10809852345042525,0.38668748868767916,74688,149376,191692800,0.0004033884630899556,335462400,0.0007059298104074224,8.893425110727549
p06_seed2026082207,selection,28,6,1,3,True,causal_current_input_channel_diagonal,2040425.3249138081,13913647.48785657,420455.84960369044,7800,1536,475206451200,143769600,2.511130180209875,16,102456.78633152257,0.22408356864414553,0.0858123641044161,0.2436802494768488,149376,298752,383385600,0.0008067769261799112,527155200,0.001109318273497378,8.893425110727549
p06_seed2026082207,selection,28,6,1,3,True,causal_current_input_channel_diagonal,2040425.3249138081,13913647.48785657,420455.84960369044,7800,1536,475206451200,143769600,2.511130180209875,32,62184.41390471242,0.17457434454395368,0.06685290361956635,0.14789760675140204,298752,597504,766771200,0.0016135538523598225,910540800,0.0019160951996772893,8.893425110727549
p06_seed2026082207,selection,28,6,1,3,True,causal_current_input_channel_diagonal,2040425.3249138081,13913647.48785657,420455.84960369044,7800,1536,475206451200,143769600,2.511130180209875,64,36794.90200819005,0.1342868457166157,0.051424884782014305,0.08751192792461573,597504,1195008,1533542400,0.003227107704719645,1677312000,0.0035296490520371118,8.893425110727549
p06_seed2026082207,selection,28,6,1,3,True,causal_current_input_channel_diagonal,2040425.3249138081,13913647.48785657,420455.84960369044,7800,1536,475206451200,143769600,2.511130180209875,96,26374.236466391943,0.1136919185466703,0.04353809772437941,0.06272771918783532,896256,1792512,2300313600,0.004840661557079467,2444083200,0.0051432029043969344,8.893425110727549
p06_seed2026082207,selection,29,4,0,1,True,causal_current_input_channel_diagonal,12015898.300827425,34311622.964823045,139568.37155991097,7800,1536,475206451200,47923200,3.255033865571022,0,139568.37155991097,0.1077743429127808,0.06377829062325248,1.0,0,0,0,0.0,47923200,0.0001008471157724889,0.0
p06_seed2026082207,selection,29,4,0,1,True,causal_current_input_channel_diagonal,12015898.300827425,34311622.964823045,139568.37155991097,7800,1536,475206451200,47923200,3.255033865571022,8,46012.533854474066,0.061881374701263515,0.03661992449406561,0.32967737130641744,74688,149376,191692800,0.0004033884630899556,239616000,0.0005042355788624445,9.169209748506546
p06_seed2026082207,selection,29,4,0,1,True,causal_current_input_channel_diagonal,12015898.300827425,34311622.964823045,139568.37155991097,7800,1536,475206451200,47923200,3.255033865571022,16,27872.124764355904,0.04816226652636866,0.028501282852442387,0.19970229968423858,149376,298752,383385600,0.0008067769261799112,431308800,0.0009076240419524002,9.169209748506546
p06_seed2026082207,selection,29,4,0,1,True,causal_current_input_channel_diagonal,12015898.300827425,34311622.964823045,139568.37155991097,7800,1536,475206451200,47923200,3.255033865571022,32,16487.07104676425,0.037041932221917484,0.02192053372487889,0.11812899199227353,298752,597504,766771200,0.0016135538523598225,814694400,0.0017144009681323113,9.169209748506546
p06_seed2026082207,selection,29,4,0,1,True,causal_current_input_channel_diagonal,12015898.300827425,34311622.964823045,139568.37155991097,7800,1536,475206451200,47923200,3.255033865571022,64,9233.96540314352,0.027721453624951094,0.016404896360370007,0.0661608736973904,597504,1195008,1533542400,0.003227107704719645,1581465600,0.003327954820492134,9.169209748506546
p06_seed2026082207,selection,29,4,0,1,True,causal_current_input_channel_diagonal,12015898.300827425,34311622.964823045,139568.37155991097,7800,1536,475206451200,47923200,3.255033865571022,96,6377.816368735774,0.023038695429249245,0.013633751530792276,0.04569671693738728,896256,1792512,2300313600,0.004840661557079467,2348236800,0.004941508672851956,9.169209748506546
p06_seed2026082207,selection,29,4,0,2,True,causal_current_input_channel_diagonal,12015898.300827425,34311622.964823045,446892.7281936887,7800,1536,475206451200,95846400,2.1016960963606834,0,446892.7281936887,0.19285172239709872,0.11412505857902441,1.0,0,0,0,0.0,95846400,0.0002016942315449778,0.0
p06_seed2026082207,selection,29,4,0,2,True,causal_current_input_channel_diagonal,12015898.300827425,34311622.964823045,446892.7281936887,7800,1536,475206451200,95846400,2.1016960963606834,8,93091.8668943228,0.08801926708376985,0.05208770700701374,0.20830920045636894,74688,149376,191692800,0.0004033884630899556,287539200,0.0006050826946349334,8.841605857014656
p06_seed2026082207,selection,29,4,0,2,True,causal_current_input_channel_diagonal,12015898.300827425,34311622.964823045,446892.7281936887,7800,1536,475206451200,95846400,2.1016960963606834,16,55446.5097472301,0.06792958864798937,0.040199113533130916,0.12407118364758185,149376,298752,383385600,0.0008067769261799112,479232000,0.001008471157724889,8.841605857014656
p06_seed2026082207,selection,29,4,0,2,True,causal_current_input_channel_diagonal,12015898.300827425,34311622.964823045,446892.7281936887,7800,1536,475206451200,95846400,2.1016960963606834,32,30937.56208788784,0.05074168932783469,0.03002772386452334,0.0692281617889673,298752,597504,766771200,0.0016135538523598225,862617600,0.0018152480839048004,8.841605857014656
p06_seed2026082207,selection,29,4,0,2,True,causal_current_input_channel_diagonal,12015898.300827425,34311622.964823045,446892.7281936887,7800,1536,475206451200,95846400,2.1016960963606834,64,16441.81103507505,0.03699105385639164,0.021890425119293892,0.03679140428732835,597504,1195008,1533542400,0.003227107704719645,1629388800,0.0034288019362646227,8.841605857014656
p06_seed2026082207,selection,29,4,0,2,True,causal_current_input_channel_diagonal,12015898.300827425,34311622.964823045,446892.7281936887,7800,1536,475206451200,95846400,2.1016960963606834,96,11186.999069398269,0.030512562289547334,0.01805660802717885,0.025032850982545,896256,1792512,2300313600,0.004840661557079467,2396160000,0.005042355788624445,8.841605857014656
p06_seed2026082207,selection,29,4,0,3,True,causal_current_input_channel_diagonal,12015898.300827425,34311622.964823045,11054022.447434586,7800,1536,475206451200,143769600,1.9671469926834106,0,11054022.447434586,0.9591401014196231,0.5675962801857385,1.0,0,0,0,0.0,143769600,0.0003025413473174667,0.0
p06_seed2026082207,selection,29,4,0,3,True,causal_current_input_channel_diagonal,12015898.300827425,34311622.964823045,11054022.447434586,7800,1536,475206451200,143769600,1.9671469926834106,8,230819.05386306532,0.13859823709472657,0.08201913745325794,0.020881001007631853,74688,149376,191692800,0.0004033884630899556,335462400,0.0007059298104074224,8.650561794638634
p06_seed2026082207,selection,29,4,0,3,True,causal_current_input_channel_diagonal,12015898.300827425,34311622.964823045,11054022.447434586,7800,1536,475206451200,143769600,1.9671469926834106,16,129686.54442913085,0.10388894529423331,0.06147900480247827,0.011732068126869203,149376,298752,383385600,0.0008067769261799112,527155200,0.001109318273497378,8.650561794638634
p06_seed2026082207,selection,29,4,0,3,True,causal_current_input_channel_diagonal,12015898.300827425,34311622.964823045,11054022.447434586,7800,1536,475206451200,143769600,1.9671469926834106,32,66937.28642372228,0.07463730151739446,0.0441685783356068,0.006055468653342157,298752,597504,766771200,0.0016135538523598225,910540800,0.0019160951996772893,8.650561794638634
p06_seed2026082207,selection,29,4,0,3,True,causal_current_input_channel_diagonal,12015898.300827425,34311622.964823045,11054022.447434586,7800,1536,475206451200,143769600,1.9671469926834106,64,34523.45813222043,0.05360175677761093,0.03172024369887347,0.0031231579541674214,597504,1195008,1533542400,0.003227107704719645,1677312000,0.0035296490520371118,8.650561794638634
p06_seed2026082207,selection,29,4,0,3,True,causal_current_input_channel_diagonal,12015898.300827425,34311622.964823045,11054022.447434586,7800,1536,475206451200,143769600,1.9671469926834106,96,23188.077639300376,0.04392929676084048,0.02599631210886032,0.0020977049530691056,896256,1792512,2300313600,0.004840661557079467,2444083200,0.0051432029043969344,8.650561794638634
p06_seed2026082207,selection,29,6,0,1,True,causal_current_input_channel_diagonal,11159750.176018097,32168749.221055396,35038.277163639024,7800,1536,475206451200,47923200,2.860055770725012,0,35038.277163639024,0.056033033600715994,0.033003065726889325,1.0,0,0,0,0.0,47923200,0.0001008471157724889,0.0
p06_seed2026082207,selection,29,6,0,1,True,causal_current_input_channel_diagonal,11159750.176018097,32168749.221055396,35038.277163639024,7800,1536,475206451200,47923200,2.860055770725012,8,16854.528636544317,0.038862529917769964,0.02288975889345702,0.4810318885483059,74688,149376,191692800,0.0004033884630899556,239616000,0.0005042355788624445,8.8377152569592
p06_seed2026082207,selection,29,6,0,1,True,causal_current_input_channel_diagonal,11159750.176018097,32168749.221055396,35038.277163639024,7800,1536,475206451200,47923200,2.860055770725012,16,11768.267434223806,0.032473494679231524,0.019126661728105582,0.33586889499550315,149376,298752,383385600,0.0008067769261799112,431308800,0.0009076240419524002,8.8377152569592
p06_seed2026082207,selection,29,6,0,1,True,causal_current_input_channel_diagonal,11159750.176018097,32168749.221055396,35038.277163639024,7800,1536,475206451200,47923200,2.860055770725012,32,7721.627469527106,0.02630432648894845,0.015493064719687578,0.22037691616480903,298752,597504,766771200,0.0016135538523598225,814694400,0.0017144009681323113,8.8377152569592
p06_seed2026082207,selection,29,6,0,1,True,causal_current_input_channel_diagonal,11159750.176018097,32168749.221055396,35038.277163639024,7800,1536,475206451200,47923200,2.860055770725012,64,4648.976455773587,0.02041039629083134,0.01202158096772325,0.13268279241512435,597504,1195008,1533542400,0.003227107704719645,1581465600,0.003327954820492134,8.8377152569592
p06_seed2026082207,selection,29,6,0,1,True,causal_current_input_channel_diagonal,11159750.176018097,32168749.221055396,35038.277163639024,7800,1536,475206451200,47923200,2.860055770725012,96,3339.311925752543,0.017298213698080708,0.01018852714103703,0.09530468378770211,896256,1792512,2300313600,0.004840661557079467,2348236800,0.004941508672851956,8.8377152569592
p06_seed2026082207,selection,29,6,0,2,True,causal_current_input_channel_diagonal,11159750.176018097,32168749.221055396,107058.19089323614,7800,1536,475206451200,95846400,2.5912392884492874,0,107058.19089323614,0.09794509997390484,0.05768898030936205,1.0,0,0,0,0.0,95846400,0.0002016942315449778,0.0
p06_seed2026082207,selection,29,6,0,2,True,causal_current_input_channel_diagonal,11159750.176018097,32168749.221055396,107058.19089323614,7800,1536,475206451200,95846400,2.5912392884492874,8,44254.10712791297,0.06297229991220041,0.037090245154051064,0.4133649817931317,74688,149376,191692800,0.0004033884630899556,287539200,0.0006050826946349334,8.741112891584635
p06_seed2026082207,selection,29,6,0,2,True,causal_current_input_channel_diagonal,11159750.176018097,32168749.221055396,107058.19089323614,7800,1536,475206451200,95846400,2.5912392884492874,16,29699.1421394513,0.051587527830987454,0.030384693854449026,0.27741120873281716,149376,298752,383385600,0.0008067769261799112,479232000,0.001008471157724889,8.741112891584635
p06_seed2026082207,selection,29,6,0,2,True,causal_current_input_channel_diagonal,11159750.176018097,32168749.221055396,107058.19089323614,7800,1536,475206451200,95846400,2.5912392884492874,32,17868.67219930922,0.040014639133820605,0.023568343180947537,0.16690616617764836,298752,597504,766771200,0.0016135538523598225,862617600,0.0018152480839048004,8.741112891584635
p06_seed2026082207,selection,29,6,0,2,True,causal_current_input_channel_diagonal,11159750.176018097,32168749.221055396,107058.19089323614,7800,1536,475206451200,95846400,2.5912392884492874,64,10391.384622940328,0.030514725932906512,0.017972960607095512,0.09706295741210066,597504,1195008,1533542400,0.003227107704719645,1629388800,0.0034288019362646227,8.741112891584635
p06_seed2026082207,selection,29,6,0,2,True,causal_current_input_channel_diagonal,11159750.176018097,32168749.221055396,107058.19089323614,7800,1536,475206451200,95846400,2.5912392884492874,96,7325.5106239690795,0.025620742699135078,0.015090438638333337,0.06842550357981152,896256,1792512,2300313600,0.004840661557079467,2396160000,0.005042355788624445,8.741112891584635
p06_seed2026082207,selection,29,6,0,3,True,causal_current_input_channel_diagonal,11159750.176018097,32168749.221055396,317912.4399073285,7800,1536,475206451200,143769600,2.5008670054376125,0,317912.4399073285,0.16878215391181822,0.09941151069512161,1.0,0,0,0,0.0,143769600,0.0003025413473174667,0.0
p06_seed2026082207,selection,29,6,0,3,True,causal_current_input_channel_diagonal,11159750.176018097,32168749.221055396,317912.4399073285,7800,1536,475206451200,143769600,2.5008670054376125,8,100777.80886229913,0.09502879439622959,0.05597129667749672,0.3169986329945775,74688,149376,191692800,0.0004033884630899556,335462400,0.0007059298104074224,8.820687886327505
p06_seed2026082207,selection,29,6,0,3,True,causal_current_input_channel_diagonal,11159750.176018097,32168749.221055396,317912.4399073285,7800,1536,475206451200,143769600,2.5008670054376125,16,61897.19689008978,0.07447461291413314,0.04386502723561926,0.19469888283803508,149376,298752,383385600,0.0008067769261799112,527155200,0.001109318273497378,8.820687886327505
p06_seed2026082207,selection,29,6,0,3,True,causal_current_input_channel_diagonal,11159750.176018097,32168749.221055396,317912.4399073285,7800,1536,475206451200,143769600,2.5008670054376125,32,35851.834577436384,0.056679819127053346,0.03338401788787744,0.112772669694813,298752,597504,766771200,0.0016135538523598225,910540800,0.0019160951996772893,8.820687886327505
p06_seed2026082207,selection,29,6,0,3,True,causal_current_input_channel_diagonal,11159750.176018097,32168749.221055396,317912.4399073285,7800,1536,475206451200,143769600,2.5008670054376125,64,19959.28110843629,0.042290732862351764,0.024908946501812797,0.06278232180632126,597504,1195008,1533542400,0.003227107704719645,1677312000,0.0035296490520371118,8.820687886327505
p06_seed2026082207,selection,29,6,0,3,True,causal_current_input_channel_diagonal,11159750.176018097,32168749.221055396,317912.4399073285,7800,1536,475206451200,143769600,2.5008670054376125,96,13802.014622634626,0.03516770318604194,0.020713531735284212,0.04341451572860214,896256,1792512,2300313600,0.004840661557079467,2444083200,0.0051432029043969344,8.820687886327505
p06_seed2026082207,selection,29,4,1,1,True,causal_current_input_channel_diagonal,11974227.464238524,34201905.08780749,249660.7476001196,7800,1536,475206451200,47923200,2.229083329439163,0,249660.7476001196,0.1443947427748008,0.08543778578319951,1.0,0,0,0,0.0,47923200,0.0001008471157724889,0.0
p06_seed2026082207,selection,29,4,1,1,True,causal_current_input_channel_diagonal,11974227.464238524,34201905.08780749,249660.7476001196,7800,1536,475206451200,47923200,2.229083329439163,8,82498.68567356654,0.08300414165966225,0.0491132151902291,0.3304431572122401,74688,149376,191692800,0.0004033884630899556,239616000,0.0005042355788624445,8.963733911514282
p06_seed2026082207,selection,29,4,1,1,True,causal_current_input_channel_diagonal,11974227.464238524,34201905.08780749,249660.7476001196,7800,1536,475206451200,47923200,2.229083329439163,16,49567.36424091621,0.06433897843944086,0.038069113541010106,0.19853887611333806,149376,298752,383385600,0.0008067769261799112,431308800,0.0009076240419524002,8.963733911514282
p06_seed2026082207,selection,29,4,1,1,True,causal_current_input_channel_diagonal,11974227.464238524,34201905.08780749,249660.7476001196,7800,1536,475206451200,47923200,2.229083329439163,32,27788.662759304367,0.04817370759410256,0.028504188107641472,0.11130569392613887,298752,597504,766771200,0.0016135538523598225,814694400,0.0017144009681323113,8.963733911514282
p06_seed2026082207,selection,29,4,1,1,True,causal_current_input_channel_diagonal,11974227.464238524,34201905.08780749,249660.7476001196,7800,1536,475206451200,47923200,2.229083329439163,64,14873.747981692286,0.03524410264353065,0.0208537931084882,0.05957583690602211,597504,1195008,1533542400,0.003227107704719645,1581465600,0.003327954820492134,8.963733911514282
p06_seed2026082207,selection,29,4,1,1,True,causal_current_input_channel_diagonal,11974227.464238524,34201905.08780749,249660.7476001196,7800,1536,475206451200,47923200,2.229083329439163,96,10066.577081913769,0.028994602539492646,0.01715598915191601,0.040321024342497964,896256,1792512,2300313600,0.004840661557079467,2348236800,0.004941508672851956,8.963733911514282
p06_seed2026082207,selection,29,4,1,2,True,causal_current_input_channel_diagonal,11974227.464238524,34201905.08780749,810297.4584974509,7800,1536,475206451200,95846400,2.106635831296444,0,810297.4584974509,0.2601348190827822,0.15392072121496092,1.0,0,0,0,0.0,95846400,0.0002016942315449778,0.0
p06_seed2026082207,selection,29,4,1,2,True,causal_current_input_channel_diagonal,11974227.464238524,34201905.08780749,810297.4584974509,7800,1536,475206451200,95846400,2.106635831296444,8,133742.64170889987,0.10568447557519152,0.06253307711407051,0.16505375934624758,74688,149376,191692800,0.0004033884630899556,287539200,0.0006050826946349334,8.847284130752087
p06_seed2026082207,selection,29,4,1,2,True,causal_current_input_channel_diagonal,11974227.464238524,34201905.08780749,810297.4584974509,7800,1536,475206451200,95846400,2.106635831296444,16,80392.93288173864,0.08193796704261978,0.048482363977865865,0.09921409976245842,149376,298752,383385600,0.0008067769261799112,479232000,0.001008471157724889,8.847284130752087
p06_seed2026082207,selection,29,4,1,2,True,causal_current_input_channel_diagonal,11974227.464238524,34201905.08780749,810297.4584974509,7800,1536,475206451200,95846400,2.106635831296444,32,44346.360619646264,0.06085625741257436,0.036008401583510825,0.0547284952657693,298752,597504,766771200,0.0016135538523598225,862617600,0.0018152480839048004,8.847284130752087
p06_seed2026082207,selection,29,4,1,2,True,causal_current_input_channel_diagonal,11974227.464238524,34201905.08780749,810297.4584974509,7800,1536,475206451200,95846400,2.106635831296444,64,23298.01724971307,0.044109865074008395,0.026099628910981745,0.028752425428747706,597504,1195008,1533542400,0.003227107704719645,1629388800,0.0034288019362646227,8.847284130752087
p06_seed2026082207,selection,29,4,1,2,True,causal_current_input_channel_diagonal,11974227.464238524,34201905.08780749,810297.4584974509,7800,1536,475206451200,95846400,2.106635831296444,96,16093.814496906125,0.036661121277080884,0.02169223730761589,0.019861612953011743,896256,1792512,2300313600,0.004840661557079467,2396160000,0.005042355788624445,8.847284130752087
p06_seed2026082207,selection,29,4,1,3,True,causal_current_input_channel_diagonal,11974227.464238524,34201905.08780749,525625088.96909326,7800,1536,475206451200,143769600,1.9746450707316399,0,525625088.96909326,6.62543337997332,3.920242156751201,1.0,0,0,0,0.0,143769600,0.0003025413473174667,0.0
p06_seed2026082207,selection,29,4,1,3,True,causal_current_input_channel_diagonal,11974227.464238524,34201905.08780749,525625088.96909326,7800,1536,475206451200,143769600,1.9746450707316399,8,479005.3210362196,0.20000756244650722,0.11834366644480597,0.0009113060451213387,74688,149376,191692800,0.0004033884630899556,335462400,0.0007059298104074224,8.531706873327494
p06_seed2026082207,selection,29,4,1,3,True,causal_current_input_channel_diagonal,11974227.464238524,34201905.08780749,525625088.96909326,7800,1536,475206451200,143769600,1.9746450707316399,16,213716.54425817728,0.13359657356587756,0.07904855269898968,0.0004065950213321166,149376,298752,383385600,0.0008067769261799112,527155200,0.001109318273497378,8.531706873327494
p06_seed2026082207,selection,29,4,1,3,True,causal_current_input_channel_diagonal,11974227.464238524,34201905.08780749,525625088.96909326,7800,1536,475206451200,143769600,1.9746450707316399,32,93826.47184705734,0.08851949773149403,0.05237662908970985,0.00017850455356458367,298752,597504,766771200,0.0016135538523598225,910540800,0.0019160951996772893,8.531706873327494
p06_seed2026082207,selection,29,4,1,3,True,causal_current_input_channel_diagonal,11974227.464238524,34201905.08780749,525625088.96909326,7800,1536,475206451200,143769600,1.9746450707316399,64,42456.75387716293,0.05954559526673882,0.035232888088364465,8.077383437158482e-05,597504,1195008,1533542400,0.003227107704719645,1677312000,0.0035296490520371118,8.531706873327494
p06_seed2026082207,selection,29,4,1,3,True,causal_current_input_channel_diagonal,11974227.464238524,34201905.08780749,525625088.96909326,7800,1536,475206451200,143769600,1.9746450707316399,96,27048.414501070976,0.04752773902389985,0.02812197111508978,5.145951947350041e-05,896256,1792512,2300313600,0.004840661557079467,2444083200,0.0051432029043969344,8.531706873327494
p06_seed2026082207,selection,29,6,1,1,True,causal_current_input_channel_diagonal,11083026.40627514,32107255.28016178,53719.32508791465,7800,1536,475206451200,47923200,2.848410978913307,0,53719.32508791465,0.06962033198000754,0.040903802550750906,1.0,0,0,0,0.0,47923200,0.0001008471157724889,0.0
p06_seed2026082207,selection,29,6,1,1,True,causal_current_input_channel_diagonal,11083026.40627514,32107255.28016178,53719.32508791465,7800,1536,475206451200,47923200,2.848410978913307,8,25029.022022521414,0.04752178621432754,0.027920317310868987,0.4659221235716025,74688,149376,191692800,0.0004033884630899556,239616000,0.0005042355788624445,8.890050929039717
p06_seed2026082207,selection,29,6,1,1,True,causal_current_input_channel_diagonal,11083026.40627514,32107255.28016178,53719.32508791465,7800,1536,475206451200,47923200,2.848410978913307,16,16217.806917846989,0.03825312140542248,0.02247472944206341,0.3018989328483671,149376,298752,383385600,0.0008067769261799112,431308800,0.0009076240419524002,8.890050929039717
p06_seed2026082207,selection,29,6,1,1,True,causal_current_input_channel_diagonal,11083026.40627514,32107255.28016178,53719.32508791465,7800,1536,475206451200,47923200,2.848410978913307,32,10023.793483093672,0.030073700562714113,0.017669101465085133,0.1865956704853987,298752,597504,766771200,0.0016135538523598225,814694400,0.0017144009681323113,8.890050929039717
p06_seed2026082207,selection,29,6,1,1,True,causal_current_input_channel_diagonal,11083026.40627514,32107255.28016178,53719.32508791465,7800,1536,475206451200,47923200,2.848410978913307,64,5855.03883771949,0.022984534160450848,0.013504027060515159,0.10899315708020042,597504,1195008,1533542400,0.003227107704719645,1581465600,0.003327954820492134,8.890050929039717
p06_seed2026082207,selection,29,6,1,1,True,causal_current_input_channel_diagonal,11083026.40627514,32107255.28016178,53719.32508791465,7800,1536,475206451200,47923200,2.848410978913307,96,4155.152020267837,0.01936262679632362,0.011376059849414899,0.07734929680049062,896256,1792512,2300313600,0.004840661557079467,2348236800,0.004941508672851956,8.890050929039717
p06_seed2026082207,selection,29,6,1,2,True,causal_current_input_channel_diagonal,11083026.40627514,32107255.28016178,145729.82993653376,7800,1536,475206451200,95846400,2.5843242183327675,0,145729.82993653376,0.11466874122081791,0.06737094489848738,1.0,0,0,0,0.0,95846400,0.0002016942315449778,0.0
p06_seed2026082207,selection,29,6,1,2,True,causal_current_input_channel_diagonal,11083026.40627514,32107255.28016178,145729.82993653376,7800,1536,475206451200,95846400,2.5843242183327675,8,53801.41464410587,0.0696735057724129,0.04093504357249794,0.36918601132713313,74688,149376,191692800,0.0004033884630899556,287539200,0.0006050826946349334,8.824728894978762
p06_seed2026082207,selection,29,6,1,2,True,causal_current_input_channel_diagonal,11083026.40627514,32107255.28016178,145729.82993653376,7800,1536,475206451200,95846400,2.5843242183327675,16,33528.53302300972,0.05500195065020963,0.032315113492253654,0.23007323235451588,149376,298752,383385600,0.0008067769261799112,479232000,0.001008471157724889,8.824728894978762
p06_seed2026082207,selection,29,6,1,2,True,causal_current_input_channel_diagonal,11083026.40627514,32107255.28016178,145729.82993653376,7800,1536,475206451200,95846400,2.5843242183327675,32,19638.79688626858,0.04209478107989795,0.024731806998617593,0.13476168122466872,298752,597504,766771200,0.0016135538523598225,862617600,0.0018152480839048004,8.824728894978762
p06_seed2026082207,selection,29,6,1,2,True,causal_current_input_channel_diagonal,11083026.40627514,32107255.28016178,145729.82993653376,7800,1536,475206451200,95846400,2.5843242183327675,64,11102.180018208339,0.031650089941355035,0.018595272284057177,0.07618330456682833,597504,1195008,1533542400,0.003227107704719645,1629388800,0.0034288019362646227,8.824728894978762
p06_seed2026082207,selection,29,6,1,2,True,causal_current_input_channel_diagonal,11083026.40627514,32107255.28016178,145729.82993653376,7800,1536,475206451200,95846400,2.5843242183327675,96,7803.888768496428,0.026535443543641006,0.015590281063545887,0.053550386850235776,896256,1792512,2300313600,0.004840661557079467,2396160000,0.005042355788624445,8.824728894978762
p06_seed2026082207,selection,29,6,1,3,True,causal_current_input_channel_diagonal,11083026.40627514,32107255.28016178,445459.8598648247,7800,1536,475206451200,143769600,2.504143863916397,0,445459.8598648247,0.2004818697695203,0.11778844746693676,1.0,0,0,0,0.0,143769600,0.0003025413473174667,0.0
p06_seed2026082207,selection,29,6,1,3,True,causal_current_input_channel_diagonal,11083026.40627514,32107255.28016178,445459.8598648247,7800,1536,475206451200,143769600,2.504143863916397,8,119312.81940960884,0.10375627467556457,0.06095957965195428,0.2678419093484368,74688,149376,191692800,0.0004033884630899556,335462400,0.0007059298104074224,8.628415875136852
p06_seed2026082207,selection,29,6,1,3,True,causal_current_input_channel_diagonal,11083026.40627514,32107255.28016178,445459.8598648247,7800,1536,475206451200,143769600,2.504143863916397,16,70041.15499702387,0.07949640064322602,0.04670625638986722,0.15723337006200905,149376,298752,383385600,0.0008067769261799112,527155200,0.001109318273497378,8.628415875136852
p06_seed2026082207,selection,29,6,1,3,True,causal_current_input_channel_diagonal,11083026.40627514,32107255.28016178,445459.8598648247,7800,1536,475206451200,143769600,2.504143863916397,32,39836.436228687875,0.059953018776595965,0.03522399811399287,0.08942766748725164,298752,597504,766771200,0.0016135538523598225,910540800,0.0019160951996772893,8.628415875136852
p06_seed2026082207,selection,29,6,1,3,True,causal_current_input_channel_diagonal,11083026.40627514,32107255.28016178,445459.8598648247,7800,1536,475206451200,143769600,2.504143863916397,64,21515.033757083176,0.04405973004833336,0.02588626694359838,0.048298479155116994,597504,1195008,1533542400,0.003227107704719645,1677312000,0.0035296490520371118,8.628415875136852
p06_seed2026082207,selection,29,6,1,3,True,causal_current_input_channel_diagonal,11083026.40627514,32107255.28016178,445459.8598648247,7800,1536,475206451200,143769600,2.504143863916397,96,14677.2394848002,0.03639091758286319,0.021380635011587375,0.03294851187848601,896256,1792512,2300313600,0.004840661557079467,2444083200,0.0051432029043969344,8.628415875136852
