layer,flow_point,timestep,method,velocity_relative_l2,velocity_mean_relative_l2,velocity_p95_relative_l2,activation_relative_l2,rank8_energy,feature_coefficient_r2,noise_coefficient_r2,noisy_delta_coefficient_r2,state_coefficient_r2,state_noise_coefficient_r2,state_noisy_condition_coefficient_r2
0,0,98,raw_reuse,0.5826975104694421,0.5587356090545654,0.8577009469270706,0.548070030475505,0.9404564235309296,0.861940798862995,0.8739605061843472,0.8737780333561374,0.9999882504850676,0.9999877716805204,0.9999854031409847
0,0,98,shift_reuse,0.5588622288103821,0.5371039509773254,0.8691528797149657,0.5410521583170906,0.9404564235309296,0.861940798862995,0.8739605061843472,0.8737780333561374,0.9999882504850676,0.9999877716805204,0.9999854031409847
0,0,98,shift_local_r2,0.3024609392443571,0.2769216001033783,0.5592860668897628,0.40610885636656124,0.9404564235309296,0.861940798862995,0.8739605061843472,0.8737780333561374,0.9999882504850676,0.9999877716805204,0.9999854031409847
0,0,98,shift_rank8_feature,0.1255711154838937,0.1113644614815712,0.267538970708847,0.23064958515400563,0.9404564235309296,0.861940798862995,0.8739605061843472,0.8737780333561374,0.9999882504850676,0.9999877716805204,0.9999854031409847
0,0,98,shift_rank8_noise,0.0848838891817586,0.07290039211511612,0.16596825420856473,0.2237970924326451,0.9404564235309296,0.861940798862995,0.8739605061843472,0.8737780333561374,0.9999882504850676,0.9999877716805204,0.9999854031409847
0,0,98,shift_rank8_noisy_delta,0.08512897400163633,0.072530098259449,0.16996719166636465,0.22390268738547367,0.9404564235309296,0.861940798862995,0.8739605061843472,0.8737780333561374,0.9999882504850676,0.9999877716805204,0.9999854031409847
0,0,98,shift_rank8_state,0.026770153891344142,0.023725608363747597,0.0524334667250514,0.13203665809593698,0.9404564235309296,0.861940798862995,0.8739605061843472,0.8737780333561374,0.9999882504850676,0.9999877716805204,0.9999854031409847
0,0,98,shift_rank8_state_noise,0.026785743541874994,0.023740708827972412,0.052384684979915615,0.1320371198460184,0.9404564235309296,0.861940798862995,0.8739605061843472,0.8737780333561374,0.9999882504850676,0.9999877716805204,0.9999854031409847
0,0,98,shift_rank8_state_noisy_condition,0.02676925497636352,0.023723924532532692,0.052519420720636846,0.1320394407477434,0.9404564235309296,0.861940798862995,0.8739605061843472,0.8737780333561374,0.9999882504850676,0.9999877716805204,0.9999854031409847
0,0,98,shift_rank8_oracle,0.026768582602456643,0.023674214258790016,0.05235658697783947,0.13202512649521958,0.9404564235309296,0.861940798862995,0.8739605061843472,0.8737780333561374,0.9999882504850676,0.9999877716805204,0.9999854031409847
1,0,98,raw_reuse,0.04229694018039645,0.041685495525598526,0.0658368870615959,0.43169057563039187,0.7874877478677187,0.5162324927209698,0.6275416397821728,0.6268168901927138,0.9999333935246869,0.9999366470843811,0.9999290521477224
1,0,98,shift_reuse,0.03454985889934425,0.03322077915072441,0.06089816447347402,0.4345182522999313,0.7874877478677187,0.5162324927209698,0.6275416397821728,0.6268168901927138,0.9999333935246869,0.9999366470843811,0.9999290521477224
1,0,98,shift_local_r2,0.012851857252590658,0.011836923658847809,0.023487418331205843,0.2893324474658579,0.7874877478677187,0.5162324927209698,0.6275416397821728,0.6268168901927138,0.9999333935246869,0.9999366470843811,0.9999290521477224
1,0,98,shift_rank8_feature,0.022202852054252032,0.020476816222071648,0.040702359192073344,0.3144062631081077,0.7874877478677187,0.5162324927209698,0.6275416397821728,0.6268168901927138,0.9999333935246869,0.9999366470843811,0.9999290521477224
1,0,98,shift_rank8_noise,0.013573823719002244,0.012613829225301743,0.024383434839546678,0.2921279895035969,0.7874877478677187,0.5162324927209698,0.6275416397821728,0.6268168901927138,0.9999333935246869,0.9999366470843811,0.9999290521477224
1,0,98,shift_rank8_noisy_delta,0.013557610627436444,0.012587367556989193,0.02435611756518483,0.2922785351257149,0.7874877478677187,0.5162324927209698,0.6275416397821728,0.6268168901927138,0.9999333935246869,0.9999366470843811,0.9999290521477224
1,0,98,shift_rank8_state,0.006312128436392294,0.00581083819270134,0.011226378753781317,0.20032898256627743,0.7874877478677187,0.5162324927209698,0.6275416397821728,0.6268168901927138,0.9999333935246869,0.9999366470843811,0.9999290521477224
1,0,98,shift_rank8_state_noise,0.006297874472032243,0.005797764286398888,0.011201488738879559,0.20032799972514523,0.7874877478677187,0.5162324927209698,0.6275416397821728,0.6268168901927138,0.9999333935246869,0.9999366470843811,0.9999290521477224
1,0,98,shift_rank8_state_noisy_condition,0.006298139525088525,0.005798327270895243,0.011188530642539262,0.2003303072651947,0.7874877478677187,0.5162324927209698,0.6275416397821728,0.6268168901927138,0.9999333935246869,0.9999366470843811,0.9999290521477224
1,0,98,shift_rank8_oracle,0.006294743674393084,0.005787152796983719,0.011147170281037686,0.2003088129569559,0.7874877478677187,0.5162324927209698,0.6275416397821728,0.6268168901927138,0.9999333935246869,0.9999366470843811,0.9999290521477224
2,0,98,raw_reuse,0.016818994696981046,0.013652708381414413,0.02836444117128849,0.35451401878111444,0.75353365872774,0.34985506224258134,0.32094932886880667,0.3193437024660982,0.9998375800816824,0.9998349736537201,0.9998153390563957
2,0,98,shift_reuse,0.016739203306150793,0.012631830759346485,0.036281518638134,0.3650276645369985,0.75353365872774,0.34985506224258134,0.32094932886880667,0.3193437024660982,0.9998375800816824,0.9998349736537201,0.9998153390563957
2,0,98,shift_local_r2,0.01421008879105171,0.012403950095176697,0.028365327045321465,0.3044192518682563,0.75353365872774,0.34985506224258134,0.32094932886880667,0.3193437024660982,0.9998375800816824,0.9998349736537201,0.9998153390563957
2,0,98,shift_rank8_feature,0.018907716083212275,0.016849977895617485,0.030482240486890078,0.3017414080359739,0.75353365872774,0.34985506224258134,0.32094932886880667,0.3193437024660982,0.9998375800816824,0.9998349736537201,0.9998153390563957
2,0,98,shift_rank8_noise,0.013345132317385015,0.012090840376913548,0.02223598463460803,0.30599965563122605,0.75353365872774,0.34985506224258134,0.32094932886880667,0.3193437024660982,0.9998375800816824,0.9998349736537201,0.9998153390563957
2,0,98,shift_rank8_noisy_delta,0.01338608460036809,0.012138884514570236,0.022453094646334645,0.3062344543822302,0.75353365872774,0.34985506224258134,0.32094932886880667,0.3193437024660982,0.9998375800816824,0.9998349736537201,0.9998153390563957
2,0,98,shift_rank8_state,0.01179014532555475,0.00983794778585434,0.021603499352931967,0.1812594980812853,0.75353365872774,0.34985506224258134,0.32094932886880667,0.3193437024660982,0.9998375800816824,0.9998349736537201,0.9998153390563957
2,0,98,shift_rank8_state_noise,0.011787105144345089,0.009830092079937458,0.02161827450618147,0.18126013261718288,0.75353365872774,0.34985506224258134,0.32094932886880667,0.3193437024660982,0.9998375800816824,0.9998349736537201,0.9998153390563957
2,0,98,shift_rank8_state_noisy_condition,0.011788423613394286,0.009832615964114666,0.021628451719880096,0.18126498374646435,0.75353365872774,0.34985506224258134,0.32094932886880667,0.3193437024660982,0.9998375800816824,0.9998349736537201,0.9998153390563957
2,0,98,shift_rank8_oracle,0.011742430338438232,0.009778316132724285,0.021454191952943794,0.18121935856853844,0.75353365872774,0.34985506224258134,0.32094932886880667,0.3193437024660982,0.9998375800816824,0.9998349736537201,0.9998153390563957
3,0,98,raw_reuse,0.00632101020572955,0.005389202386140823,0.011113013280555603,0.24712619461527685,0.8442554567716565,0.34962427600908996,0.08989269568414371,0.08790000407221654,0.9995708747956066,0.9995896984751719,0.9995385115929444
3,0,98,shift_reuse,0.006989275110609826,0.0056330240331590176,0.012484246073290704,0.3045314487538086,0.8442554567716565,0.34962427600908996,0.08989269568414371,0.08790000407221654,0.9995708747956066,0.9995896984751719,0.9995385115929444
3,0,98,shift_local_r2,0.006682881933026571,0.005633579101413488,0.012469865987077352,0.22630477328263804,0.8442554567716565,0.34962427600908996,0.08989269568414371,0.08790000407221654,0.9995708747956066,0.9995896984751719,0.9995385115929444
3,0,98,shift_rank8_feature,0.008392747807662096,0.007410502526909113,0.013899572892114518,0.22976249690157297,0.8442554567716565,0.34962427600908996,0.08989269568414371,0.08790000407221654,0.9995708747956066,0.9995896984751719,0.9995385115929444
3,0,98,shift_rank8_noise,0.008000479252172087,0.006967304274439812,0.015038022352382538,0.2609693137516657,0.8442554567716565,0.34962427600908996,0.08989269568414371,0.08790000407221654,0.9995708747956066,0.9995896984751719,0.9995385115929444
3,0,98,shift_rank8_noisy_delta,0.008015129210329043,0.006982756778597832,0.015039514331147072,0.26119432584439073,0.8442554567716565,0.34962427600908996,0.08989269568414371,0.08790000407221654,0.9995708747956066,0.9995896984751719,0.9995385115929444
3,0,98,shift_rank8_state,0.006492186000297894,0.00572315463796258,0.01086961608380079,0.12028698102089416,0.8442554567716565,0.34962427600908996,0.08989269568414371,0.08790000407221654,0.9995708747956066,0.9995896984751719,0.9995385115929444
3,0,98,shift_rank8_state_noise,0.006487703205530623,0.005717910826206207,0.010838180733844635,0.12028236327386985,0.8442554567716565,0.34962427600908996,0.08989269568414371,0.08790000407221654,0.9995708747956066,0.9995896984751719,0.9995385115929444
3,0,98,shift_rank8_state_noisy_condition,0.006490204672066918,0.005721404682844877,0.010847247531637547,0.1202949177735922,0.8442554567716565,0.34962427600908996,0.08989269568414371,0.08790000407221654,0.9995708747956066,0.9995896984751719,0.9995385115929444
3,0,98,shift_rank8_oracle,0.006473128459010149,0.005702073220163584,0.01080477852374315,0.12018176235655441,0.8442554567716565,0.34962427600908996,0.08989269568414371,0.08790000407221654,0.9995708747956066,0.9995896984751719,0.9995385115929444
4,0,98,raw_reuse,0.005975890737753841,0.004633788485080004,0.012962682824581859,0.1978675345893673,0.856416671320619,0.10574780684589535,0.2215213673411074,0.21973880041697103,0.9988726581092946,0.9989342817407528,0.9988707267656318
4,0,98,shift_reuse,0.008764943917853983,0.007828832603991032,0.01682745907455683,0.2844728233708393,0.856416671320619,0.10574780684589535,0.2215213673411074,0.21973880041697103,0.9988726581092946,0.9989342817407528,0.9988707267656318
4,0,98,shift_local_r2,0.005008511873071892,0.0044514453038573265,0.008697561174631118,0.19595201273555,0.856416671320619,0.10574780684589535,0.2215213673411074,0.21973880041697103,0.9988726581092946,0.9989342817407528,0.9988707267656318
4,0,98,shift_rank8_feature,0.00657481504461788,0.0055957152508199215,0.012667353358119726,0.21150789691472777,0.856416671320619,0.10574780684589535,0.2215213673411074,0.21973880041697103,0.9988726581092946,0.9989342817407528,0.9988707267656318
4,0,98,shift_rank8_noise,0.006268594491332819,0.005380630027502775,0.010944913793355226,0.20111750095988665,0.856416671320619,0.10574780684589535,0.2215213673411074,0.21973880041697103,0.9988726581092946,0.9989342817407528,0.9988707267656318
4,0,98,shift_rank8_noisy_delta,0.006274047788060014,0.00538431853055954,0.010963956313207745,0.2012815281948663,0.856416671320619,0.10574780684589535,0.2215213673411074,0.21973880041697103,0.9988726581092946,0.9989342817407528,0.9988707267656318
4,0,98,shift_rank8_state,0.0028949853719709307,0.002776721492409706,0.004578404198400676,0.10798703505572632,0.856416671320619,0.10574780684589535,0.2215213673411074,0.21973880041697103,0.9988726581092946,0.9989342817407528,0.9988707267656318
4,0,98,shift_rank8_state_noise,0.00290055261885822,0.002781220944598317,0.00459746306296438,0.10797646738118485,0.856416671320619,0.10574780684589535,0.2215213673411074,0.21973880041697103,0.9988726581092946,0.9989342817407528,0.9988707267656318
4,0,98,shift_rank8_state_noisy_condition,0.0029049767394873907,0.002784273587167263,0.0045798424864187835,0.10798736912341467,0.856416671320619,0.10574780684589535,0.2215213673411074,0.21973880041697103,0.9988726581092946,0.9989342817407528,0.9988707267656318
4,0,98,shift_rank8_oracle,0.002867642543993102,0.0027556049171835184,0.004461675533093512,0.10779356532181346,0.856416671320619,0.10574780684589535,0.2215213673411074,0.21973880041697103,0.9988726581092946,0.9989342817407528,0.9988707267656318
5,0,98,raw_reuse,0.007526782773135087,0.006125197280198336,0.01450467831455171,0.16822879558065612,0.917459812940785,0.36551922184738805,0.48838871557177366,0.48760939739403086,0.9981294237714489,0.9981298307480511,0.9981112633753471
5,0,98,shift_reuse,0.01214958173630901,0.010931666009128094,0.02036837693303823,0.28840575575566973,0.917459812940785,0.36551922184738805,0.48838871557177366,0.48760939739403086,0.9981294237714489,0.9981298307480511,0.9981112633753471
5,0,98,shift_local_r2,0.006222108716082443,0.005494919139891863,0.011662975093349811,0.16492735078243503,0.917459812940785,0.36551922184738805,0.48838871557177366,0.48760939739403086,0.9981294237714489,0.9981298307480511,0.9981112633753471
5,0,98,shift_rank8_feature,0.006136574509032749,0.005598621908575296,0.009880567668005824,0.1541637030981193,0.917459812940785,0.36551922184738805,0.48838871557177366,0.48760939739403086,0.9981294237714489,0.9981298307480511,0.9981112633753471
5,0,98,shift_rank8_noise,0.006655494929539362,0.005783788859844208,0.012591442046687005,0.14315559460563132,0.917459812940785,0.36551922184738805,0.48838871557177366,0.48760939739403086,0.9981294237714489,0.9981298307480511,0.9981112633753471
5,0,98,shift_rank8_noisy_delta,0.00665116210496291,0.0057800388894975185,0.012588567379862067,0.1432280679673033,0.917459812940785,0.36551922184738805,0.48838871557177366,0.48760939739403086,0.9981294237714489,0.9981298307480511,0.9981112633753471
5,0,98,shift_rank8_state,0.0031881746030709445,0.0030245352536439896,0.005715286685153842,0.08315855574240096,0.917459812940785,0.36551922184738805,0.48838871557177366,0.48760939739403086,0.9981294237714489,0.9981298307480511,0.9981112633753471
5,0,98,shift_rank8_state_noise,0.003200364778249176,0.003033626824617386,0.005764464731328189,0.0831584885485557,0.917459812940785,0.36551922184738805,0.48838871557177366,0.48760939739403086,0.9981294237714489,0.9981298307480511,0.9981112633753471
5,0,98,shift_rank8_state_noisy_condition,0.003197127053223209,0.0030347302090376616,0.005765393492765725,0.08316146427598858,0.917459812940785,0.36551922184738805,0.48838871557177366,0.48760939739403086,0.9981294237714489,0.9981298307480511,0.9981112633753471
5,0,98,shift_rank8_oracle,0.003191030379846577,0.003031468717381358,0.005754865473136306,0.08285842003387142,0.917459812940785,0.36551922184738805,0.48838871557177366,0.48760939739403086,0.9981294237714489,0.9981298307480511,0.9981112633753471
6,0,98,raw_reuse,0.007757233945813169,0.007150494959205389,0.011487045837566255,0.08486746631203092,0.9652876814051506,0.26559138044672703,0.5055460296192765,0.5047104384085919,0.9982322765482501,0.9982251402952769,0.9981273935276309
6,0,98,shift_reuse,0.015591062334823897,0.014762169681489468,0.02409790325909853,0.1698276043167237,0.9652876814051506,0.26559138044672703,0.5055460296192765,0.5047104384085919,0.9982322765482501,0.9982251402952769,0.9981273935276309
6,0,98,shift_local_r2,0.005769734735988494,0.005303382873535156,0.009597168676555157,0.08209604843543589,0.9652876814051506,0.26559138044672703,0.5055460296192765,0.5047104384085919,0.9982322765482501,0.9982251402952769,0.9981273935276309
6,0,98,shift_rank8_feature,0.006307734898808079,0.0060340301133692265,0.010146076232194899,0.08015612554288523,0.9652876814051506,0.26559138044672703,0.5055460296192765,0.5047104384085919,0.9982322765482501,0.9982251402952769,0.9981273935276309
6,0,98,shift_rank8_noise,0.004486689461410603,0.0042290459387004375,0.007567470869980751,0.06821186737683368,0.9652876814051506,0.26559138044672703,0.5055460296192765,0.5047104384085919,0.9982322765482501,0.9982251402952769,0.9981273935276309
6,0,98,shift_rank8_noisy_delta,0.004485534101934503,0.004229291807860136,0.007554468954913317,0.06825708323210518,0.9652876814051506,0.26559138044672703,0.5055460296192765,0.5047104384085919,0.9982322765482501,0.9982251402952769,0.9981273935276309
6,0,98,shift_rank8_state,0.0029371503293217634,0.0028286240994930267,0.004856423684395849,0.03184662793999917,0.9652876814051506,0.26559138044672703,0.5055460296192765,0.5047104384085919,0.9982322765482501,0.9982251402952769,0.9981273935276309
6,0,98,shift_rank8_state_noise,0.002956841732533847,0.0028498824685811996,0.004872756684198975,0.031847452798279434,0.9652876814051506,0.26559138044672703,0.5055460296192765,0.5047104384085919,0.9982322765482501,0.9982251402952769,0.9981273935276309
6,0,98,shift_rank8_state_noisy_condition,0.0029621649946847124,0.002859612926840782,0.004897475172765553,0.03185878514024915,0.9652876814051506,0.26559138044672703,0.5055460296192765,0.5047104384085919,0.9982322765482501,0.9982251402952769,0.9981273935276309
6,0,98,shift_rank8_oracle,0.0029101414228866348,0.0028068877290934324,0.004856065474450588,0.031640992284230174,0.9652876814051506,0.26559138044672703,0.5055460296192765,0.5047104384085919,0.9982322765482501,0.9982251402952769,0.9981273935276309
7,0,98,raw_reuse,0.03144869283263093,0.030463391914963722,0.04539026543498039,0.1508665676656874,0.9850766776922456,0.5186549968652236,0.6991577006807105,0.6987074979391832,0.9995858741193819,0.9995672113823574,0.9995540961384971
7,0,98,shift_reuse,0.031072623776242297,0.030182821676135063,0.046140347979962824,0.168692494248798,0.9850766776922456,0.5186549968652236,0.6991577006807105,0.6987074979391832,0.9995858741193819,0.9995672113823574,0.9995540961384971
7,0,98,shift_local_r2,0.01384516736781993,0.013059449382126331,0.02266926374286413,0.13303089469906987,0.9850766776922456,0.5186549968652236,0.6991577006807105,0.6987074979391832,0.9995858741193819,0.9995672113823574,0.9995540961384971
7,0,98,shift_rank8_feature,0.020341222689657393,0.018441075459122658,0.04030355382710695,0.1102686824526889,0.9850766776922456,0.5186549968652236,0.6991577006807105,0.6987074979391832,0.9995858741193819,0.9995672113823574,0.9995540961384971
7,0,98,shift_rank8_noise,0.01038690007574052,0.009188427589833736,0.018711360450834033,0.0880839434290939,0.9850766776922456,0.5186549968652236,0.6991577006807105,0.6987074979391832,0.9995858741193819,0.9995672113823574,0.9995540961384971
7,0,98,shift_rank8_noisy_delta,0.010345393220208917,0.009152435697615147,0.018549216631799936,0.08814622978140572,0.9850766776922456,0.5186549968652236,0.6991577006807105,0.6987074979391832,0.9995858741193819,0.9995672113823574,0.9995540961384971
7,0,98,shift_rank8_state,0.0036246565003005913,0.003414411097764969,0.006479644682258367,0.020851165734299733,0.9850766776922456,0.5186549968652236,0.6991577006807105,0.6987074979391832,0.9995858741193819,0.9995672113823574,0.9995540961384971
7,0,98,shift_rank8_state_noise,0.0036327544375226884,0.003424557624384761,0.0064630014123395075,0.02086207298169937,0.9850766776922456,0.5186549968652236,0.6991577006807105,0.6987074979391832,0.9995858741193819,0.9995672113823574,0.9995540961384971
7,0,98,shift_rank8_state_noisy_condition,0.00357885148097682,0.003390581114217639,0.006234610988758504,0.020869734335306075,0.9850766776922456,0.5186549968652236,0.6991577006807105,0.6987074979391832,0.9995858741193819,0.9995672113823574,0.9995540961384971
7,0,98,shift_rank8_oracle,0.003487677307355164,0.0033068975899368525,0.0061896829400211574,0.020607652342378942,0.9850766776922456,0.5186549968652236,0.6991577006807105,0.6987074979391832,0.9995858741193819,0.9995672113823574,0.9995540961384971
0,1,88,raw_reuse,0.5797078712030127,0.5555872321128845,0.8505595982074737,0.5472767240233013,0.9389687454551137,0.8617917706482701,0.8710662600389759,0.8714102890699966,0.9999887333493923,0.9999882372769922,0.9999858493798667
0,1,88,shift_reuse,0.5569308960653965,0.5356171727180481,0.8632024109363555,0.5417470831502063,0.9389687454551137,0.8617917706482701,0.8710662600389759,0.8714102890699966,0.9999887333493923,0.9999882372769922,0.9999858493798667
0,1,88,shift_local_r2,0.2998731274334067,0.2756119668483734,0.5702276647090911,0.4065411039162977,0.9389687454551137,0.8617917706482701,0.8710662600389759,0.8714102890699966,0.9999887333493923,0.9999882372769922,0.9999858493798667
0,1,88,shift_rank8_feature,0.12383140941356367,0.11151545494794846,0.2408265672624111,0.2317799919861567,0.9389687454551137,0.8617917706482701,0.8710662600389759,0.8714102890699966,0.9999887333493923,0.9999882372769922,0.9999858493798667
0,1,88,shift_rank8_noise,0.08822020843639951,0.07639080286026001,0.17357467710971833,0.22653683560918608,0.9389687454551137,0.8617917706482701,0.8710662600389759,0.8714102890699966,0.9999887333493923,0.9999882372769922,0.9999858493798667
0,1,88,shift_rank8_noisy_delta,0.08781961736973617,0.07640131562948227,0.16966370046138762,0.2263400043742473,0.9389687454551137,0.8617917706482701,0.8710662600389759,0.8714102890699966,0.9999887333493923,0.9999882372769922,0.9999858493798667
0,1,88,shift_rank8_state,0.026438921588983116,0.023273088037967682,0.050895833969116205,0.1338468362893826,0.9389687454551137,0.8617917706482701,0.8710662600389759,0.8714102890699966,0.9999887333493923,0.9999882372769922,0.9999858493798667
0,1,88,shift_rank8_state_noise,0.026445910454936668,0.02328130044043064,0.05081527065485715,0.13384733133776022,0.9389687454551137,0.8617917706482701,0.8710662600389759,0.8714102890699966,0.9999887333493923,0.9999882372769922,0.9999858493798667
0,1,88,shift_rank8_state_noisy_condition,0.026438151291257428,0.0232667475938797,0.05097294952720403,0.13384963331271613,0.9389687454551137,0.8617917706482701,0.8710662600389759,0.8714102890699966,0.9999887333493923,0.9999882372769922,0.9999858493798667
0,1,88,shift_rank8_oracle,0.0263703433418139,0.0231992956250906,0.05050830822438001,0.1338359328488657,0.9389687454551137,0.8617917706482701,0.8710662600389759,0.8714102890699966,0.9999887333493923,0.9999882372769922,0.9999858493798667
1,1,88,raw_reuse,0.04190229318901536,0.041265349835157394,0.0668348629027605,0.4346028458113359,0.7898908704783225,0.5224726636022968,0.6193173390114337,0.6201173689099265,0.9999535633294783,0.9999519574064788,0.999945230603386
1,1,88,shift_reuse,0.033533361830119075,0.03224005550146103,0.05898627378046512,0.43529362634742247,0.7898908704783225,0.5224726636022968,0.6193173390114337,0.6201173689099265,0.9999535633294783,0.9999519574064788,0.999945230603386
1,1,88,shift_local_r2,0.013102457101122402,0.012156054377555847,0.023151229321956634,0.2920548931833036,0.7898908704783225,0.5224726636022968,0.6193173390114337,0.6201173689099265,0.9999535633294783,0.9999519574064788,0.999945230603386
1,1,88,shift_rank8_feature,0.02249979664139973,0.02075430378317833,0.04139183610677719,0.3132801713322854,0.7898908704783225,0.5224726636022968,0.6193173390114337,0.6201173689099265,0.9999535633294783,0.9999519574064788,0.999945230603386
1,1,88,shift_rank8_noise,0.013686227685652572,0.012770045548677444,0.024419883172959088,0.2937929561005617,0.7898908704783225,0.5224726636022968,0.6193173390114337,0.6201173689099265,0.9999535633294783,0.9999519574064788,0.999945230603386
1,1,88,shift_rank8_noisy_delta,0.013698553355496225,0.01279499102383852,0.024373767990618946,0.29362658568485617,0.7898908704783225,0.5224726636022968,0.6193173390114337,0.6201173689099265,0.9999535633294783,0.9999519574064788,0.999945230603386
1,1,88,shift_rank8_state,0.006059273830002756,0.005581818521022797,0.010718270763754843,0.1995426535537628,0.7898908704783225,0.5224726636022968,0.6193173390114337,0.6201173689099265,0.9999535633294783,0.9999519574064788,0.999945230603386
1,1,88,shift_rank8_state_noise,0.006047476946891974,0.005570691078901291,0.010669229412451384,0.19954313007363592,0.7898908704783225,0.5224726636022968,0.6193173390114337,0.6201173689099265,0.9999535633294783,0.9999519574064788,0.999945230603386
1,1,88,shift_rank8_state_noisy_condition,0.006049149852305648,0.005572592839598656,0.010657260939478871,0.19954518777308808,0.7898908704783225,0.5224726636022968,0.6193173390114337,0.6201173689099265,0.9999535633294783,0.9999519574064788,0.999945230603386
1,1,88,shift_rank8_oracle,0.006062438847422722,0.00558647932484746,0.010695571405813096,0.19952842293755155,0.7898908704783225,0.5224726636022968,0.6193173390114337,0.6201173689099265,0.9999535633294783,0.9999519574064788,0.999945230603386
2,1,88,raw_reuse,0.016187092594063552,0.013030623085796833,0.028422511648386717,0.3516774887900727,0.7576326454566922,0.35449673501658885,0.3290386125561975,0.3304939411686779,0.9998483966884254,0.9998425079805826,0.9998307681236782
2,1,88,shift_reuse,0.016103982000624736,0.012215130031108856,0.03615364972501993,0.3582581640941128,0.7576326454566922,0.35449673501658885,0.3290386125561975,0.3304939411686779,0.9998483966884254,0.9998425079805826,0.9998307681236782
2,1,88,shift_local_r2,0.01405217891670795,0.012428187765181065,0.02742704562842846,0.29877621746173233,0.7576326454566922,0.35449673501658885,0.3290386125561975,0.3304939411686779,0.9998483966884254,0.9998425079805826,0.9998307681236782
2,1,88,shift_rank8_feature,0.018352593434757362,0.016415083780884743,0.0327009798027575,0.29454680898525015,0.7576326454566922,0.35449673501658885,0.3290386125561975,0.3304939411686779,0.9998483966884254,0.9998425079805826,0.9998307681236782
2,1,88,shift_rank8_noise,0.01381347090137769,0.012607754208147526,0.025533428136259313,0.29824925584242873,0.7576326454566922,0.35449673501658885,0.3290386125561975,0.3304939411686779,0.9998483966884254,0.9998425079805826,0.9998307681236782
2,1,88,shift_rank8_noisy_delta,0.013765876470488877,0.012555551715195179,0.02531603183597326,0.2980388372101052,0.7576326454566922,0.35449673501658885,0.3290386125561975,0.3304939411686779,0.9998483966884254,0.9998425079805826,0.9998307681236782
2,1,88,shift_rank8_state,0.01114949952759872,0.009680122137069702,0.020850794389843934,0.17641049262374306,0.7576326454566922,0.35449673501658885,0.3290386125561975,0.3304939411686779,0.9998483966884254,0.9998425079805826,0.9998307681236782
2,1,88,shift_rank8_state_noise,0.011146209903193717,0.009672042913734913,0.020812988933175795,0.1764119204860096,0.7576326454566922,0.35449673501658885,0.3290386125561975,0.3304939411686779,0.9998483966884254,0.9998425079805826,0.9998307681236782
2,1,88,shift_rank8_state_noisy_condition,0.011148764572945152,0.009675364010035992,0.020838256739079943,0.17641477621054272,0.7576326454566922,0.35449673501658885,0.3290386125561975,0.3304939411686779,0.9998483966884254,0.9998425079805826,0.9998307681236782
2,1,88,shift_rank8_oracle,0.011191239695772294,0.00972337368875742,0.020847603399306528,0.17637342853702104,0.7576326454566922,0.35449673501658885,0.3290386125561975,0.3304939411686779,0.9998483966884254,0.9998425079805826,0.9998307681236782
3,1,88,raw_reuse,0.0065436388523816115,0.0052289701998233795,0.010544431768357752,0.25373834102368875,0.84691652984936,0.36537715450577435,0.06585959211577275,0.06789108689542078,0.9996321835777613,0.9996278907949778,0.9995972826164189
3,1,88,shift_reuse,0.007435658571568371,0.00610374053940177,0.015012539410963652,0.3128800372278644,0.84691652984936,0.36537715450577435,0.06585959211577275,0.06789108689542078,0.9996321835777613,0.9996278907949778,0.9995972826164189
3,1,88,shift_local_r2,0.006822632079416509,0.00594079727306962,0.011613873392343519,0.23214028002751702,0.84691652984936,0.36537715450577435,0.06585959211577275,0.06789108689542078,0.9996321835777613,0.9996278907949778,0.9995972826164189
3,1,88,shift_rank8_feature,0.00853564825501621,0.00768699636682868,0.014470763085409998,0.2332338941593926,0.84691652984936,0.36537715450577435,0.06585959211577275,0.06789108689542078,0.9996321835777613,0.9996278907949778,0.9995972826164189
3,1,88,shift_rank8_noise,0.008461543801339632,0.0074510592967271805,0.016475936863571405,0.2701833755739585,0.84691652984936,0.36537715450577435,0.06585959211577275,0.06789108689542078,0.9996321835777613,0.9996278907949778,0.9995972826164189
3,1,88,shift_rank8_noisy_delta,0.00844353424051301,0.0074333567172288895,0.016444893926382063,0.2699497693887113,0.84691652984936,0.36537715450577435,0.06585959211577275,0.06789108689542078,0.9996321835777613,0.9996278907949778,0.9995972826164189
3,1,88,shift_rank8_state,0.006171449115980767,0.005673559848219156,0.010558619163930414,0.12251033053400746,0.84691652984936,0.36537715450577435,0.06585959211577275,0.06789108689542078,0.9996321835777613,0.9996278907949778,0.9995972826164189
3,1,88,shift_rank8_state_noise,0.006168705043612076,0.005670372396707535,0.010556916659697888,0.12251142824903699,0.84691652984936,0.36537715450577435,0.06585959211577275,0.06789108689542078,0.9996321835777613,0.9996278907949778,0.9995972826164189
3,1,88,shift_rank8_state_noisy_condition,0.006171615409666255,0.005673570092767477,0.01058102501556277,0.12251918474485889,0.84691652984936,0.36537715450577435,0.06585959211577275,0.06789108689542078,0.9996321835777613,0.9996278907949778,0.9995972826164189
3,1,88,shift_rank8_oracle,0.006162066889681868,0.0056588719598948956,0.010642126761376856,0.12241707653550797,0.84691652984936,0.36537715450577435,0.06585959211577275,0.06789108689542078,0.9996321835777613,0.9996278907949778,0.9995972826164189
4,1,88,raw_reuse,0.007026816710030287,0.005495931953191757,0.014118323661386966,0.1980690648404246,0.8095558728968193,0.010652827649979879,0.20651550759215087,0.2086050330820669,0.9987440745126938,0.9986823433181388,0.9986712971154053
4,1,88,shift_reuse,0.010292378373432484,0.00914094876497984,0.019184932392090553,0.2888072204509677,0.8095558728968193,0.010652827649979879,0.20651550759215087,0.2086050330820669,0.9987440745126938,0.9986823433181388,0.9986712971154053
4,1,88,shift_local_r2,0.005884334685335556,0.005172570701688528,0.011069992650300262,0.20030340139120484,0.8095558728968193,0.010652827649979879,0.20651550759215087,0.2086050330820669,0.9987440745126938,0.9986823433181388,0.9986712971154053
4,1,88,shift_rank8_feature,0.007699428449962095,0.006335759069770575,0.013886336795985698,0.21814448202697748,0.8095558728968193,0.010652827649979879,0.20651550759215087,0.2086050330820669,0.9987440745126938,0.9986823433181388,0.9986712971154053
4,1,88,shift_rank8_noise,0.006974174110340351,0.006049329414963722,0.012285549752414226,0.2032508044759813,0.8095558728968193,0.010652827649979879,0.20651550759215087,0.2086050330820669,0.9987440745126938,0.9986823433181388,0.9986712971154053
4,1,88,shift_rank8_noisy_delta,0.006970754894670908,0.006047556176781654,0.012282627820968627,0.20308602325326006,0.8095558728968193,0.010652827649979879,0.20651550759215087,0.2086050330820669,0.9987440745126938,0.9986823433181388,0.9986712971154053
4,1,88,shift_rank8_state,0.0034068761795522724,0.0031979018822312355,0.005661011161282658,0.1261947495543916,0.8095558728968193,0.010652827649979879,0.20651550759215087,0.2086050330820669,0.9987440745126938,0.9986823433181388,0.9986712971154053
4,1,88,shift_rank8_state_noise,0.0034134465925942502,0.003203415311872959,0.005654643196612595,0.12620259015859286,0.8095558728968193,0.010652827649979879,0.20651550759215087,0.2086050330820669,0.9987440745126938,0.9986823433181388,0.9986712971154053
4,1,88,shift_rank8_state_noisy_condition,0.0034230827905844725,0.003208043286576867,0.005631155939772724,0.12620398261562316,0.8095558728968193,0.010652827649979879,0.20651550759215087,0.2086050330820669,0.9987440745126938,0.9986823433181388,0.9986712971154053
4,1,88,shift_rank8_oracle,0.0034184168253901847,0.003203257219865918,0.005787931918166577,0.1260351954011379,0.8095558728968193,0.010652827649979879,0.20651550759215087,0.2086050330820669,0.9987440745126938,0.9986823433181388,0.9986712971154053
5,1,88,raw_reuse,0.0073865607007655345,0.005991222802549601,0.012220148229971528,0.17391923277524288,0.8843002331485379,0.16178386898965258,0.4270782494815736,0.4279771393977967,0.9974605221437286,0.9976390055529758,0.9976154891663144
5,1,88,shift_reuse,0.013194499523248741,0.011971916072070599,0.0199152247980237,0.314158438344324,0.8843002331485379,0.16178386898965258,0.4270782494815736,0.4279771393977967,0.9974605221437286,0.9976390055529758,0.9976154891663144
5,1,88,shift_local_r2,0.007053963361232517,0.006389729678630829,0.011259729415178298,0.1855699617657559,0.8843002331485379,0.16178386898965258,0.4270782494815736,0.4279771393977967,0.9974605221437286,0.9976390055529758,0.9976154891663144
5,1,88,shift_rank8_feature,0.007297229726633621,0.006775288376957178,0.010630551539361478,0.18556723336503528,0.8843002331485379,0.16178386898965258,0.4270782494815736,0.4279771393977967,0.9974605221437286,0.9976390055529758,0.9976154891663144
5,1,88,shift_rank8_noise,0.007172129751051156,0.006537121254950762,0.011858039116486908,0.1647744349081425,0.8843002331485379,0.16178386898965258,0.4270782494815736,0.4279771393977967,0.9974605221437286,0.9976390055529758,0.9976154891663144
5,1,88,shift_rank8_noisy_delta,0.0071766341802812035,0.006539749447256327,0.011856153514236212,0.16469952790653966,0.8843002331485379,0.16178386898965258,0.4270782494815736,0.4279771393977967,0.9974605221437286,0.9976390055529758,0.9976154891663144
5,1,88,shift_rank8_state,0.0040934500188785135,0.003943738993257284,0.006427396554499864,0.10718571838294848,0.8843002331485379,0.16178386898965258,0.4270782494815736,0.4279771393977967,0.9974605221437286,0.9976390055529758,0.9976154891663144
5,1,88,shift_rank8_state_noise,0.004098670371877142,0.003947456367313862,0.006444891192950308,0.10716286087201618,0.8843002331485379,0.16178386898965258,0.4270782494815736,0.4279771393977967,0.9974605221437286,0.9976390055529758,0.9976154891663144
5,1,88,shift_rank8_state_noisy_condition,0.004097970760295693,0.003947563003748655,0.006435289024375379,0.1071658754686166,0.8843002331485379,0.16178386898965258,0.4270782494815736,0.4279771393977967,0.9974605221437286,0.9976390055529758,0.9976154891663144
5,1,88,shift_rank8_oracle,0.004120717199018997,0.003970036748796701,0.006605711975134909,0.1068599511528499,0.8843002331485379,0.16178386898965258,0.4270782494815736,0.4279771393977967,0.9974605221437286,0.9976390055529758,0.9976154891663144
6,1,88,raw_reuse,0.007905730493088901,0.007532203104346991,0.011402120580896735,0.0855443820957237,0.9527321202415359,0.2289719094156698,0.4189206149851751,0.41998814501791304,0.9969776492194043,0.9970955957296261,0.9971173556407054
6,1,88,shift_reuse,0.017820189021274028,0.017223885282874107,0.027414396032691003,0.18572911610712892,0.9527321202415359,0.2289719094156698,0.4189206149851751,0.41998814501791304,0.9969776492194043,0.9970955957296261,0.9971173556407054
6,1,88,shift_local_r2,0.00743717560497167,0.006944265216588974,0.012178147910162805,0.09071552582348887,0.9527321202415359,0.2289719094156698,0.4189206149851751,0.41998814501791304,0.9969776492194043,0.9970955957296261,0.9971173556407054
6,1,88,shift_rank8_feature,0.00786010439944738,0.0075832451693713665,0.012694264762103556,0.08824474517333099,0.9527321202415359,0.2289719094156698,0.4189206149851751,0.41998814501791304,0.9969776492194043,0.9970955957296261,0.9971173556407054
6,1,88,shift_rank8_noise,0.006399518866602944,0.005994906183332205,0.011386671289801597,0.07918589616696861,0.9527321202415359,0.2289719094156698,0.4189206149851751,0.41998814501791304,0.9969776492194043,0.9970955957296261,0.9971173556407054
6,1,88,shift_rank8_noisy_delta,0.006401289192023102,0.0059979199431836605,0.011372506618499756,0.07913205016590162,0.9527321202415359,0.2289719094156698,0.4189206149851751,0.41998814501791304,0.9969776492194043,0.9970955957296261,0.9971173556407054
6,1,88,shift_rank8_state,0.0033919131462307518,0.0031822584569454193,0.005565626523457467,0.040677432346651096,0.9527321202415359,0.2289719094156698,0.4189206149851751,0.41998814501791304,0.9969776492194043,0.9970955957296261,0.9971173556407054
6,1,88,shift_rank8_state_noise,0.0034195684204900907,0.0032054353505373,0.005544230458326638,0.04066585534391438,0.9527321202415359,0.2289719094156698,0.4189206149851751,0.41998814501791304,0.9969776492194043,0.9970955957296261,0.9971173556407054
6,1,88,shift_rank8_state_noisy_condition,0.0034128831424637238,0.0032085038255900145,0.005572285247035324,0.04066371770492509,0.9527321202415359,0.2289719094156698,0.4189206149851751,0.41998814501791304,0.9969776492194043,0.9970955957296261,0.9971173556407054
6,1,88,shift_rank8_oracle,0.0034177598067418025,0.003219192149117589,0.005712046287953854,0.04037969673788182,0.9527321202415359,0.2289719094156698,0.4189206149851751,0.41998814501791304,0.9969776492194043,0.9970955957296261,0.9971173556407054
7,1,88,raw_reuse,0.029947332297665618,0.02906261384487152,0.040818998217582704,0.13129361329611697,0.9799337898332136,0.34805076437908056,0.7135299414181379,0.7140956612780596,0.9993467140187541,0.9993154677259527,0.9992791735162943
7,1,88,shift_reuse,0.02975607371600522,0.02914721705019474,0.041779974848031996,0.15100158845337602,0.9799337898332136,0.34805076437908056,0.7135299414181379,0.7140956612780596,0.9993467140187541,0.9993154677259527,0.9992791735162943
7,1,88,shift_local_r2,0.01245909809699812,0.011936350725591183,0.019366576056927442,0.12335909572888987,0.9799337898332136,0.34805076437908056,0.7135299414181379,0.7140956612780596,0.9993467140187541,0.9993154677259527,0.9992791735162943
7,1,88,shift_rank8_feature,0.022981261719399522,0.021431060507893562,0.04581017270684242,0.11470117448397349,0.9799337898332136,0.34805076437908056,0.7135299414181379,0.7140956612780596,0.9993467140187541,0.9993154677259527,0.9992791735162943
7,1,88,shift_rank8_noise,0.010581616107102744,0.009535476565361023,0.017535255011171102,0.07770115087196934,0.9799337898332136,0.34805076437908056,0.7135299414181379,0.7140956612780596,0.9993467140187541,0.9993154677259527,0.9992791735162943
7,1,88,shift_rank8_noisy_delta,0.010601224262268326,0.009569619782269001,0.017394318990409375,0.07763021084167523,0.9799337898332136,0.34805076437908056,0.7135299414181379,0.7140956612780596,0.9993467140187541,0.9993154677259527,0.9992791735162943
7,1,88,shift_rank8_state,0.003960318103598652,0.003705349052324891,0.007448381488211452,0.021685574776512864,0.9799337898332136,0.34805076437908056,0.7135299414181379,0.7140956612780596,0.9993467140187541,0.9993154677259527,0.9992791735162943
7,1,88,shift_rank8_state_noise,0.003963092534760062,0.0037127628456801176,0.007403253158554434,0.021699602530395476,0.9799337898332136,0.34805076437908056,0.7135299414181379,0.7140956612780596,0.9993467140187541,0.9993154677259527,0.9992791735162943
7,1,88,shift_rank8_state_noisy_condition,0.003925758922693743,0.0036826685536652803,0.007166381529532372,0.02171588616683968,0.9799337898332136,0.34805076437908056,0.7135299414181379,0.7140956612780596,0.9993467140187541,0.9993154677259527,0.9992791735162943
7,1,88,shift_rank8_oracle,0.003898618162003534,0.0036629687529057264,0.0071754124714061614,0.021390167930238246,0.9799337898332136,0.34805076437908056,0.7135299414181379,0.7140956612780596,0.9993467140187541,0.9993154677259527,0.9992791735162943
0,2,77,raw_reuse,0.5802706145106147,0.5559038519859314,0.8546928495168686,0.5451782098289379,0.9346624333343209,0.8337984798420288,0.8733699297586197,0.8730161041265527,0.9999848090668279,0.9999854136899693,0.9999813256552109
0,2,77,shift_reuse,0.5555884072783795,0.5350558757781982,0.8594383835792541,0.5414794533802526,0.9346624333343209,0.8337984798420288,0.8733699297586197,0.8730161041265527,0.9999848090668279,0.9999854136899693,0.9999813256552109
0,2,77,shift_local_r2,0.3048344862304918,0.2816570997238159,0.5877175122499465,0.40538748896604937,0.9346624333343209,0.8337984798420288,0.8733699297586197,0.8730161041265527,0.9999848090668279,0.9999854136899693,0.9999813256552109
0,2,77,shift_rank8_feature,0.13075074895381722,0.11865722388029099,0.2538658708333969,0.24854219120211307,0.9346624333343209,0.8337984798420288,0.8733699297586197,0.8730161041265527,0.9999848090668279,0.9999854136899693,0.9999813256552109
0,2,77,shift_rank8_noise,0.08962690582669282,0.08024949580430984,0.16209340840578076,0.22721484131406183,0.9346624333343209,0.8337984798420288,0.8733699297586197,0.8730161041265527,0.9999848090668279,0.9999854136899693,0.9999813256552109
0,2,77,shift_rank8_noisy_delta,0.08986894261143238,0.07915454357862473,0.16687048748135566,0.2274144056549583,0.9346624333343209,0.8337984798420288,0.8733699297586197,0.8730161041265527,0.9999848090668279,0.9999854136899693,0.9999813256552109
0,2,77,shift_rank8_state,0.030266711122382075,0.02498815953731537,0.06218695752322673,0.13842279032972898,0.9346624333343209,0.8337984798420288,0.8733699297586197,0.8730161041265527,0.9999848090668279,0.9999854136899693,0.9999813256552109
0,2,77,shift_rank8_state_noise,0.030340766480044343,0.025097211822867393,0.06230649165809154,0.13842223940095016,0.9346624333343209,0.8337984798420288,0.8733699297586197,0.8730161041265527,0.9999848090668279,0.9999854136899693,0.9999813256552109
0,2,77,shift_rank8_state_noisy_condition,0.030254478965642276,0.02498042769730091,0.06226580645889043,0.13842601902861867,0.9346624333343209,0.8337984798420288,0.8733699297586197,0.8730161041265527,0.9999848090668279,0.9999854136899693,0.9999813256552109
0,2,77,shift_rank8_oracle,0.030160274933686608,0.024905508384108543,0.06129624769091605,0.13840872242742386,0.9346624333343209,0.8337984798420288,0.8733699297586197,0.8730161041265527,0.9999848090668279,0.9999854136899693,0.9999813256552109
1,2,77,raw_reuse,0.04276024109301037,0.042107343673706055,0.06868864819407464,0.4416179283503168,0.787134277530788,0.5752073967524586,0.6112069319681392,0.6073832706517568,0.9999517505160289,0.999948520667694,0.9999401633743196
1,2,77,shift_reuse,0.033461917601332145,0.031965821981430054,0.056129625625908376,0.44011988459871926,0.787134277530788,0.5752073967524586,0.6112069319681392,0.6073832706517568,0.9999517505160289,0.999948520667694,0.9999401633743196
1,2,77,shift_local_r2,0.013305589410831061,0.012358106672763824,0.02385076433420181,0.29735471580009365,0.787134277530788,0.5752073967524586,0.6112069319681392,0.6073832706517568,0.9999517505160289,0.999948520667694,0.9999401633743196
1,2,77,shift_rank8_feature,0.02235613546932485,0.02049916982650757,0.041293569095432754,0.3055386966938933,0.787134277530788,0.5752073967524586,0.6112069319681392,0.6073832706517568,0.9999517505160289,0.999948520667694,0.9999401633743196
1,2,77,shift_rank8_noise,0.0136906857539472,0.012845735065639019,0.023337890952825544,0.2982228565899389,0.787134277530788,0.5752073967524586,0.6112069319681392,0.6073832706517568,0.9999517505160289,0.999948520667694,0.9999401633743196
1,2,77,shift_rank8_noisy_delta,0.0136345553702532,0.012707815505564213,0.023914788383990523,0.2990083981403047,0.787134277530788,0.5752073967524586,0.6112069319681392,0.6073832706517568,0.9999517505160289,0.999948520667694,0.9999401633743196
1,2,77,shift_rank8_state,0.006006715452245016,0.005540467798709869,0.009997179266065359,0.20307434011963324,0.787134277530788,0.5752073967524586,0.6112069319681392,0.6073832706517568,0.9999517505160289,0.999948520667694,0.9999401633743196
1,2,77,shift_rank8_state_noise,0.006011717875500785,0.005546016152948141,0.010024585295468569,0.20307530057590628,0.787134277530788,0.5752073967524586,0.6112069319681392,0.6073832706517568,0.9999517505160289,0.999948520667694,0.9999401633743196
1,2,77,shift_rank8_state_noisy_condition,0.006008328627704097,0.005542990285903215,0.010019455151632429,0.2030778469018394,0.787134277530788,0.5752073967524586,0.6112069319681392,0.6073832706517568,0.9999517505160289,0.999948520667694,0.9999401633743196
1,2,77,shift_rank8_oracle,0.006013550803812615,0.005552005022764206,0.010031223064288497,0.20305975458599884,0.787134277530788,0.5752073967524586,0.6112069319681392,0.6073832706517568,0.9999517505160289,0.999948520667694,0.9999401633743196
2,2,77,raw_reuse,0.015256683389085177,0.012194216251373291,0.030428870953619472,0.359116844335772,0.7487388813027605,0.37696596626233914,0.3267551325388024,0.32018957949977067,0.9998585812889534,0.9998515996581759,0.999827970764476
2,2,77,shift_reuse,0.015356047777558344,0.012029044330120087,0.032826091628521674,0.36365687345850944,0.7487388813027605,0.37696596626233914,0.3267551325388024,0.32018957949977067,0.9998585812889534,0.9998515996581759,0.999827970764476
2,2,77,shift_local_r2,0.013584945374079121,0.011732089333236217,0.028787186555564396,0.3048627060253969,0.7487388813027605,0.37696596626233914,0.3267551325388024,0.32018957949977067,0.9998585812889534,0.9998515996581759,0.999827970764476
2,2,77,shift_rank8_feature,0.016877390911037383,0.014952345751225948,0.028780994750559327,0.2961044012868294,0.7487388813027605,0.37696596626233914,0.3267551325388024,0.32018957949977067,0.9998585812889534,0.9998515996581759,0.999827970764476
2,2,77,shift_rank8_noise,0.012916788404632668,0.01168121863156557,0.024008939787745473,0.3034236644536209,0.7487388813027605,0.37696596626233914,0.3267551325388024,0.32018957949977067,0.9998585812889534,0.9998515996581759,0.999827970764476
2,2,77,shift_rank8_noisy_delta,0.013049270946852357,0.011839635670185089,0.023609297722578047,0.3043677534230514,0.7487388813027605,0.37696596626233914,0.3267551325388024,0.32018957949977067,0.9998585812889534,0.9998515996581759,0.999827970764476
2,2,77,shift_rank8_state,0.011456850625789355,0.009880508296191692,0.020772632397711273,0.1823203737373593,0.7487388813027605,0.37696596626233914,0.3267551325388024,0.32018957949977067,0.9998585812889534,0.9998515996581759,0.999827970764476
2,2,77,shift_rank8_state_noise,0.011459357703509818,0.009874911047518253,0.020779283996671432,0.18232203751349224,0.7487388813027605,0.37696596626233914,0.3267551325388024,0.32018957949977067,0.9998585812889534,0.9998515996581759,0.999827970764476
2,2,77,shift_rank8_state_noisy_condition,0.011462998290811599,0.00987664982676506,0.020777212642133232,0.18232771514954588,0.7487388813027605,0.37696596626233914,0.3267551325388024,0.32018957949977067,0.9998585812889534,0.9998515996581759,0.999827970764476
2,2,77,shift_rank8_oracle,0.011439553774964877,0.009874927811324596,0.020673971157521003,0.18228647429865083,0.7487388813027605,0.37696596626233914,0.3267551325388024,0.32018957949977067,0.9998585812889534,0.9998515996581759,0.999827970764476
3,2,77,raw_reuse,0.006815572457137825,0.005462177563458681,0.0110810455866158,0.28506244111393014,0.7448553947952854,-0.22692037809438048,0.032561280776178037,0.021078822527323737,0.9995633800759045,0.9995857079033865,0.9995563779680315
3,2,77,shift_reuse,0.00877094191440587,0.0077104768715798855,0.016983116418123244,0.3418248565385853,0.7448553947952854,-0.22692037809438048,0.032561280776178037,0.021078822527323737,0.9995633800759045,0.9995857079033865,0.9995563779680315
3,2,77,shift_local_r2,0.0072901212972210664,0.006501868832856417,0.014036556892096992,0.269588406432252,0.7448553947952854,-0.22692037809438048,0.032561280776178037,0.021078822527323737,0.9995633800759045,0.9995857079033865,0.9995563779680315
3,2,77,shift_rank8_feature,0.010704311268315168,0.009784395806491375,0.017281570006161928,0.33438867297515484,0.7448553947952854,-0.22692037809438048,0.032561280776178037,0.021078822527323737,0.9995633800759045,0.9995857079033865,0.9995563779680315
3,2,77,shift_rank8_noise,0.008709072687218553,0.007602926343679428,0.01767985951155424,0.3073642829133061,0.7448553947952854,-0.22692037809438048,0.032561280776178037,0.021078822527323737,0.9995633800759045,0.9995857079033865,0.9995563779680315
3,2,77,shift_rank8_noisy_delta,0.008778107572109426,0.007656620815396309,0.0178468176163733,0.30861020392984434,0.7448553947952854,-0.22692037809438048,0.032561280776178037,0.021078822527323737,0.9995633800759045,0.9995857079033865,0.9995563779680315
3,2,77,shift_rank8_state,0.007151367450797092,0.006654254626482725,0.012490106560289855,0.17274651019933482,0.7448553947952854,-0.22692037809438048,0.032561280776178037,0.021078822527323737,0.9995633800759045,0.9995857079033865,0.9995563779680315
3,2,77,shift_rank8_state_noise,0.007142651339701256,0.006650158669799566,0.012458251370117064,0.1727421894070068,0.7448553947952854,-0.22692037809438048,0.032561280776178037,0.021078822527323737,0.9995633800759045,0.9995857079033865,0.9995563779680315
3,2,77,shift_rank8_state_noisy_condition,0.007139363620429964,0.0066495924256742,0.012465308001264925,0.17274785419900496,0.7448553947952854,-0.22692037809438048,0.032561280776178037,0.021078822527323737,0.9995633800759045,0.9995857079033865,0.9995563779680315
3,2,77,shift_rank8_oracle,0.007145078999552964,0.006649971008300781,0.012503770831972356,0.1726620159390798,0.7448553947952854,-0.22692037809438048,0.032561280776178037,0.021078822527323737,0.9995633800759045,0.9995857079033865,0.9995563779680315
4,2,77,raw_reuse,0.007804393060056306,0.0063797589391469955,0.0139783204998821,0.23767629049456518,0.7013149326968772,-0.5096386902552366,0.06471209907875697,0.05266930022911631,0.99904896579725,0.9990634208585066,0.9989720813389789
4,2,77,shift_reuse,0.012001338631496335,0.010776035487651825,0.01955401888117194,0.33416541660585375,0.7013149326968772,-0.5096386902552366,0.06471209907875697,0.05266930022911631,0.99904896579725,0.9990634208585066,0.9989720813389789
4,2,77,shift_local_r2,0.006702295953257963,0.006055248435586691,0.009958578459918498,0.2472286821258639,0.7013149326968772,-0.5096386902552366,0.06471209907875697,0.05266930022911631,0.99904896579725,0.9990634208585066,0.9989720813389789
4,2,77,shift_rank8_feature,0.009367540676676923,0.008273893035948277,0.017409578338265418,0.29147442862363926,0.7013149326968772,-0.5096386902552366,0.06471209907875697,0.05266930022911631,0.99904896579725,0.9990634208585066,0.9989720813389789
4,2,77,shift_rank8_noise,0.0077430310242580834,0.007107342127710581,0.012523695779964327,0.2555860383798062,0.7013149326968772,-0.5096386902552366,0.06471209907875697,0.05266930022911631,0.99904896579725,0.9990634208585066,0.9989720813389789
4,2,77,shift_rank8_noisy_delta,0.007759114947632488,0.007128801196813583,0.012513606948778032,0.25639009540421404,0.7013149326968772,-0.5096386902552366,0.06471209907875697,0.05266930022911631,0.99904896579725,0.9990634208585066,0.9989720813389789
4,2,77,shift_rank8_state,0.005526688132931367,0.0049290731549263,0.01027398072183132,0.1827173647234395,0.7013149326968772,-0.5096386902552366,0.06471209907875697,0.05266930022911631,0.99904896579725,0.9990634208585066,0.9989720813389789
4,2,77,shift_rank8_state_noise,0.005522145521086172,0.004927685018628836,0.0102453067433089,0.182716001464073,0.7013149326968772,-0.5096386902552366,0.06471209907875697,0.05266930022911631,0.99904896579725,0.9990634208585066,0.9989720813389789
4,2,77,shift_rank8_state_noisy_condition,0.005527460652200163,0.004934336990118027,0.010257760249078271,0.18272454677278496,0.7013149326968772,-0.5096386902552366,0.06471209907875697,0.05266930022911631,0.99904896579725,0.9990634208585066,0.9989720813389789
4,2,77,shift_rank8_oracle,0.005534053237782591,0.004933558404445648,0.010182103374972938,0.18262836494528503,0.7013149326968772,-0.5096386902552366,0.06471209907875697,0.05266930022911631,0.99904896579725,0.9990634208585066,0.9989720813389789
5,2,77,raw_reuse,0.008431662461754986,0.007295442279428244,0.01371915810741484,0.20824272426090798,0.8085669215984831,-0.20696345890791723,0.23342423247118915,0.22763631453172595,0.9989522902394059,0.999016605360523,0.99900116425149
5,2,77,shift_reuse,0.01575681922251996,0.014668691903352737,0.023085768334567547,0.3583362883267935,0.8085669215984831,-0.20696345890791723,0.23342423247118915,0.22763631453172595,0.9989522902394059,0.999016605360523,0.99900116425149
5,2,77,shift_local_r2,0.00921503129439431,0.008718792349100113,0.015003847004845737,0.24113076033477138,0.8085669215984831,-0.20696345890791723,0.23342423247118915,0.22763631453172595,0.9989522902394059,0.999016605360523,0.99900116425149
5,2,77,shift_rank8_feature,0.010118135198842398,0.009746128693223,0.014867012016475199,0.26395243418390824,0.8085669215984831,-0.20696345890791723,0.23342423247118915,0.22763631453172595,0.9989522902394059,0.999016605360523,0.99900116425149
5,2,77,shift_rank8_noise,0.00931457978792686,0.008877589367330074,0.015422821417450903,0.23069204243166053,0.8085669215984831,-0.20696345890791723,0.23342423247118915,0.22763631453172595,0.9989522902394059,0.999016605360523,0.99900116425149
5,2,77,shift_rank8_noisy_delta,0.009319081337124007,0.008889205753803253,0.015397560829296707,0.2311602224335823,0.8085669215984831,-0.20696345890791723,0.23342423247118915,0.22763631453172595,0.9989522902394059,0.999016605360523,0.99900116425149
5,2,77,shift_rank8_state,0.0054321190495221616,0.005130191799253225,0.009868706250563264,0.15690789067682637,0.8085669215984831,-0.20696345890791723,0.23342423247118915,0.22763631453172595,0.9989522902394059,0.999016605360523,0.99900116425149
5,2,77,shift_rank8_state_noise,0.005438315899474487,0.0051342397928237915,0.009886121237650513,0.15690024290386922,0.8085669215984831,-0.20696345890791723,0.23342423247118915,0.22763631453172595,0.9989522902394059,0.999016605360523,0.99900116425149
5,2,77,shift_rank8_state_noisy_condition,0.005443914407983808,0.005140975117683411,0.009892503218725323,0.15690206966151865,0.8085669215984831,-0.20696345890791723,0.23342423247118915,0.22763631453172595,0.9989522902394059,0.999016605360523,0.99900116425149
5,2,77,shift_rank8_oracle,0.005434419460288706,0.005126922857016325,0.009886319236829876,0.1567831127177989,0.8085669215984831,-0.20696345890791723,0.23342423247118915,0.22763631453172595,0.9989522902394059,0.999016605360523,0.99900116425149
6,2,77,raw_reuse,0.010360185520718681,0.009873523376882076,0.014292968390509486,0.09283556232424259,0.9155708816067896,0.09540076469603764,0.23629482179481354,0.2285401331696234,0.9986063904386879,0.9987957811255209,0.9988715873609758
6,2,77,shift_reuse,0.022511086951071672,0.021858280524611473,0.03358642421662807,0.22068172696087815,0.9155708816067896,0.09540076469603764,0.23629482179481354,0.2285401331696234,0.9986063904386879,0.9987957811255209,0.9988715873609758
6,2,77,shift_local_r2,0.010274343829352578,0.009814943186938763,0.01843332005664706,0.11228153226871888,0.9155708816067896,0.09540076469603764,0.23629482179481354,0.2285401331696234,0.9986063904386879,0.9987957811255209,0.9988715873609758
6,2,77,shift_rank8_feature,0.012798578516894305,0.012179217301309109,0.019191306736320256,0.11333798985680185,0.9155708816067896,0.09540076469603764,0.23629482179481354,0.2285401331696234,0.9986063904386879,0.9987957811255209,0.9988715873609758
6,2,77,shift_rank8_noise,0.010216949077088968,0.009678359143435955,0.018915037438273427,0.1071689801789948,0.9155708816067896,0.09540076469603764,0.23629482179481354,0.2285401331696234,0.9986063904386879,0.9987957811255209,0.9988715873609758
6,2,77,shift_rank8_noisy_delta,0.010225175143835558,0.009667234495282173,0.01875698938965797,0.10751772517714171,0.9155708816067896,0.09540076469603764,0.23629482179481354,0.2285401331696234,0.9986063904386879,0.9987957811255209,0.9988715873609758
6,2,77,shift_rank8_state,0.005940998970801999,0.005564735736697912,0.011197333736345171,0.0642276300936837,0.9155708816067896,0.09540076469603764,0.23629482179481354,0.2285401331696234,0.9986063904386879,0.9987957811255209,0.9988715873609758
6,2,77,shift_rank8_state_noise,0.005997876604442921,0.005624251905828714,0.01127022448927164,0.06421339456324328,0.9155708816067896,0.09540076469603764,0.23629482179481354,0.2285401331696234,0.9986063904386879,0.9987957811255209,0.9988715873609758
6,2,77,shift_rank8_state_noisy_condition,0.0060132926957391615,0.005642750766128302,0.011309806164354085,0.064207694859267,0.9155708816067896,0.09540076469603764,0.23629482179481354,0.2285401331696234,0.9986063904386879,0.9987957811255209,0.9988715873609758
6,2,77,shift_rank8_oracle,0.005964176353817456,0.005585657898336649,0.011081073386594652,0.06412280339763538,0.9155708816067896,0.09540076469603764,0.23629482179481354,0.2285401331696234,0.9986063904386879,0.9987957811255209,0.9988715873609758
7,2,77,raw_reuse,0.029986699961716788,0.02884697914123535,0.04307839348912239,0.12347274855563081,0.9727023190006465,0.28740906084826745,0.6519783888304415,0.6517001440292912,0.9995687468218976,0.9996225089998866,0.9995873102851286
7,2,77,shift_reuse,0.030885522521058372,0.030143296346068382,0.04385404344648122,0.1459037832216898,0.9727023190006465,0.28740906084826745,0.6519783888304415,0.6517001440292912,0.9995687468218976,0.9996225089998866,0.9995873102851286
7,2,77,shift_local_r2,0.015859961374613662,0.015188202261924744,0.024820565711706877,0.12236615290151552,0.9727023190006465,0.28740906084826745,0.6519783888304415,0.6517001440292912,0.9995687468218976,0.9996225089998866,0.9995873102851286
7,2,77,shift_rank8_feature,0.02491245768327085,0.023761555552482605,0.038801195472478865,0.11635479824168292,0.9727023190006465,0.28740906084826745,0.6519783888304415,0.6517001440292912,0.9995687468218976,0.9996225089998866,0.9995873102851286
7,2,77,shift_rank8_noise,0.013011598900313372,0.012013203464448452,0.022487928252667187,0.08312237022744409,0.9727023190006465,0.28740906084826745,0.6519783888304415,0.6517001440292912,0.9995687468218976,0.9996225089998866,0.9995873102851286
7,2,77,shift_rank8_noisy_delta,0.012870549155501761,0.01183431874960661,0.023146472312510012,0.08315279765876009,0.9727023190006465,0.28740906084826745,0.6519783888304415,0.6517001440292912,0.9995687468218976,0.9996225089998866,0.9995873102851286
7,2,77,shift_rank8_state,0.004756643001489331,0.004517908673733473,0.009772817604243754,0.024268340005720868,0.9727023190006465,0.28740906084826745,0.6519783888304415,0.6517001440292912,0.9995687468218976,0.9996225089998866,0.9995873102851286
7,2,77,shift_rank8_state_noise,0.004697820983777588,0.004473633132874966,0.009688513493165372,0.02424819139197809,0.9727023190006465,0.28740906084826745,0.6519783888304415,0.6517001440292912,0.9995687468218976,0.9996225089998866,0.9995873102851286
7,2,77,shift_rank8_state_noisy_condition,0.004702960132114226,0.004489412065595388,0.00955026582814753,0.024261385074726822,0.9727023190006465,0.28740906084826745,0.6519783888304415,0.6517001440292912,0.9995687468218976,0.9996225089998866,0.9995873102851286
7,2,77,shift_rank8_oracle,0.004645460241422094,0.004418042954057455,0.009321378776803613,0.02410623745793062,0.9727023190006465,0.28740906084826745,0.6519783888304415,0.6517001440292912,0.9995687468218976,0.9996225089998866,0.9995873102851286
0,3,66,raw_reuse,0.5810491043554576,0.5567005276679993,0.8571984112262726,0.5407003798729513,0.9330759928349748,0.8282004388163986,0.8678491402857638,0.8701189221780133,0.9999837354138195,0.999984188468375,0.9999806333034638
0,3,66,shift_reuse,0.5548157878988516,0.5353230237960815,0.8575172662734984,0.5390521765940423,0.9330759928349748,0.8282004388163986,0.8678491402857638,0.8701189221780133,0.9999837354138195,0.999984188468375,0.9999806333034638
0,3,66,shift_local_r2,0.2988416343112712,0.2774408757686615,0.5713397771120071,0.40360622465202073,0.9330759928349748,0.8282004388163986,0.8678491402857638,0.8701189221780133,0.9999837354138195,0.999984188468375,0.9999806333034638
0,3,66,shift_rank8_feature,0.1326035926787637,0.12004051357507706,0.24716572910547255,0.25028309061960247,0.9330759928349748,0.8282004388163986,0.8678491402857638,0.8701189221780133,0.9999837354138195,0.999984188468375,0.9999806333034638
0,3,66,shift_rank8_noise,0.09282147136996266,0.08132833242416382,0.17994750291109085,0.22950573691751472,0.9330759928349748,0.8282004388163986,0.8678491402857638,0.8701189221780133,0.9999837354138195,0.999984188468375,0.9999806333034638
0,3,66,shift_rank8_noisy_delta,0.08996597856052052,0.07983715087175369,0.16064899265766142,0.22825904054259946,0.9330759928349748,0.8282004388163986,0.8678491402857638,0.8701189221780133,0.9999837354138195,0.999984188468375,0.9999806333034638
0,3,66,shift_rank8_state,0.03089812328189086,0.025667548179626465,0.060684309341013425,0.13946571167267693,0.9330759928349748,0.8282004388163986,0.8678491402857638,0.8701189221780133,0.9999837354138195,0.999984188468375,0.9999806333034638
0,3,66,shift_rank8_state_noise,0.030984684486121194,0.025809453800320625,0.0609537199139595,0.13946530613745642,0.9330759928349748,0.8282004388163986,0.8678491402857638,0.8701189221780133,0.9999837354138195,0.999984188468375,0.9999806333034638
0,3,66,shift_rank8_state_noisy_condition,0.03089881510852418,0.025663405656814575,0.06081842593848705,0.13946850986569853,0.9330759928349748,0.8282004388163986,0.8678491402857638,0.8701189221780133,0.9999837354138195,0.999984188468375,0.9999806333034638
0,3,66,shift_rank8_oracle,0.030955108897546803,0.02574443258345127,0.06068753972649574,0.13945105833337557,0.9330759928349748,0.8282004388163986,0.8678491402857638,0.8701189221780133,0.9999837354138195,0.999984188468375,0.9999806333034638
1,3,66,raw_reuse,0.04440344755083436,0.04372110962867737,0.07098623290657997,0.44727178645547944,0.7841751075093812,0.5633777926454979,0.602135374324906,0.6064430066669604,0.9999499648967697,0.999949773029465,0.9999404146669404
1,3,66,shift_reuse,0.03320948363443642,0.031675297766923904,0.05636017452925444,0.44504468091170035,0.7841751075093812,0.5633777926454979,0.602135374324906,0.6064430066669604,0.9999499648967697,0.999949773029465,0.9999404146669404
1,3,66,shift_local_r2,0.013499290603852397,0.012865331955254078,0.023895996436476708,0.29881199446425105,0.7841751075093812,0.5633777926454979,0.602135374324906,0.6064430066669604,0.9999499648967697,0.999949773029465,0.9999404146669404
1,3,66,shift_rank8_feature,0.022565619179647438,0.020503131672739983,0.04066150616854429,0.30927371356616895,0.7841751075093812,0.5633777926454979,0.602135374324906,0.6064430066669604,0.9999499648967697,0.999949773029465,0.9999404146669404
1,3,66,shift_rank8_noise,0.013684367740504178,0.012827900238335133,0.023963513784110543,0.3015861603360516,0.7841751075093812,0.5633777926454979,0.602135374324906,0.6064430066669604,0.9999499648967697,0.999949773029465,0.9999404146669404
1,3,66,shift_rank8_noisy_delta,0.013694389317712089,0.012944772839546204,0.023409479297697544,0.3007196036366539,0.7841751075093812,0.5633777926454979,0.602135374324906,0.6064430066669604,0.9999499648967697,0.999949773029465,0.9999404146669404
1,3,66,shift_rank8_state,0.006066542620469606,0.005578192416578531,0.010140126850455998,0.20676888607338997,0.7841751075093812,0.5633777926454979,0.602135374324906,0.6064430066669604,0.9999499648967697,0.999949773029465,0.9999404146669404
1,3,66,shift_rank8_state_noise,0.006073066779833946,0.005583826452493668,0.010147075681015848,0.20676893234033247,0.7841751075093812,0.5633777926454979,0.602135374324906,0.6064430066669604,0.9999499648967697,0.999949773029465,0.9999404146669404
1,3,66,shift_rank8_state_noisy_condition,0.006067214629152491,0.005578804761171341,0.010129180643707512,0.20677166208993947,0.7841751075093812,0.5633777926454979,0.602135374324906,0.6064430066669604,0.9999499648967697,0.999949773029465,0.9999404146669404
1,3,66,shift_rank8_oracle,0.006085275538116984,0.005598238203674555,0.010139204887673257,0.2067542194526201,0.7841751075093812,0.5633777926454979,0.602135374324906,0.6064430066669604,0.9999499648967697,0.999949773029465,0.9999404146669404
2,3,66,raw_reuse,0.014652660187267802,0.011605526320636272,0.029030683636665344,0.38324789198344617,0.7339916045123753,0.3028811565312436,0.26875048265811785,0.27806681225810415,0.999824061212788,0.9998227618934028,0.9997967547190177
2,3,66,shift_reuse,0.014623564733583462,0.011958166025578976,0.029766289237886667,0.3872285301345004,0.7339916045123753,0.3028811565312436,0.26875048265811785,0.27806681225810415,0.999824061212788,0.9998227618934028,0.9997967547190177
2,3,66,shift_local_r2,0.013032188718659427,0.011683440767228603,0.026927567273378368,0.3273018609540159,0.7339916045123753,0.3028811565312436,0.26875048265811785,0.27806681225810415,0.999824061212788,0.9998227618934028,0.9997967547190177
2,3,66,shift_rank8_feature,0.016984817677161586,0.015400179661810398,0.028029723092913628,0.32752442202538,0.7339916045123753,0.3028811565312436,0.26875048265811785,0.27806681225810415,0.999824061212788,0.9998227618934028,0.9997967547190177
2,3,66,shift_rank8_noise,0.013174809499770894,0.01212920993566513,0.025589642487466334,0.3325228167571615,0.7339916045123753,0.3028811565312436,0.26875048265811785,0.27806681225810415,0.999824061212788,0.9998227618934028,0.9997967547190177
2,3,66,shift_rank8_noisy_delta,0.012981016068192035,0.011926263570785522,0.025466598011553286,0.33116593808182737,0.7339916045123753,0.3028811565312436,0.26875048265811785,0.27806681225810415,0.999824061212788,0.9998227618934028,0.9997967547190177
2,3,66,shift_rank8_state,0.010824059169106661,0.009565363638103008,0.019313291553407906,0.19975955873858126,0.7339916045123753,0.3028811565312436,0.26875048265811785,0.27806681225810415,0.999824061212788,0.9998227618934028,0.9997967547190177
2,3,66,shift_rank8_state_noise,0.010821035130033676,0.009555450640618801,0.019315853808075188,0.1997598801595632,0.7339916045123753,0.3028811565312436,0.26875048265811785,0.27806681225810415,0.999824061212788,0.9998227618934028,0.9997967547190177
2,3,66,shift_rank8_state_noisy_condition,0.010829870332663355,0.009563936851918697,0.019315921422094106,0.19976617082735293,0.7339916045123753,0.3028811565312436,0.26875048265811785,0.27806681225810415,0.999824061212788,0.9998227618934028,0.9997967547190177
2,3,66,shift_rank8_oracle,0.010807130135356707,0.009545739740133286,0.01923941634595394,0.19971699341711344,0.7339916045123753,0.3028811565312436,0.26875048265811785,0.27806681225810415,0.999824061212788,0.9998227618934028,0.9997967547190177
3,3,66,raw_reuse,0.007738052067564016,0.006751226726919413,0.01330827036872506,0.30560787789418875,0.6777246718066551,-0.39831925766028853,0.001559699677285642,0.014068800590637087,0.9997388052898447,0.9997624843204143,0.9996966397290225
3,3,66,shift_reuse,0.010137261791118091,0.009245559573173523,0.01758872978389263,0.35914217911882423,0.6777246718066551,-0.39831925766028853,0.001559699677285642,0.014068800590637087,0.9997388052898447,0.9997624843204143,0.9996966397290225
3,3,66,shift_local_r2,0.008058484904861487,0.007521068211644888,0.014984394423663614,0.29478809783773935,0.6777246718066551,-0.39831925766028853,0.001559699677285642,0.014068800590637087,0.9997388052898447,0.9997624843204143,0.9996966397290225
3,3,66,shift_rank8_feature,0.011334037190062766,0.010675221681594849,0.01702089412137866,0.36877910453067,0.6777246718066551,-0.39831925766028853,0.001559699677285642,0.014068800590637087,0.9997388052898447,0.9997624843204143,0.9996966397290225
3,3,66,shift_rank8_noise,0.009266603377981622,0.00845304410904646,0.016198797058314084,0.33014205412511194,0.6777246718066551,-0.39831925766028853,0.001559699677285642,0.014068800590637087,0.9997388052898447,0.9997624843204143,0.9996966397290225
3,3,66,shift_rank8_noisy_delta,0.00921229138400236,0.008412688039243221,0.016125981742516157,0.32886020672938715,0.6777246718066551,-0.39831925766028853,0.001559699677285642,0.014068800590637087,0.9997388052898447,0.9997624843204143,0.9996966397290225
3,3,66,shift_rank8_state,0.007669110822901028,0.007335158530622721,0.012999656423926352,0.2039257291520497,0.6777246718066551,-0.39831925766028853,0.001559699677285642,0.014068800590637087,0.9997388052898447,0.9997624843204143,0.9996966397290225
3,3,66,shift_rank8_state_noise,0.0076624213638137526,0.007331949193030596,0.012953136255964635,0.20392185264508128,0.6777246718066551,-0.39831925766028853,0.001559699677285642,0.014068800590637087,0.9997388052898447,0.9997624843204143,0.9996966397290225
3,3,66,shift_rank8_state_noisy_condition,0.007661025099124112,0.007331948261708021,0.012970725167542694,0.203932725774383,0.6777246718066551,-0.39831925766028853,0.001559699677285642,0.014068800590637087,0.9997388052898447,0.9997624843204143,0.9996966397290225
3,3,66,shift_rank8_oracle,0.007652181789151074,0.007320776116102934,0.01300585577264428,0.20388249664445648,0.6777246718066551,-0.39831925766028853,0.001559699677285642,0.014068800590637087,0.9997388052898447,0.9997624843204143,0.9996966397290225
4,3,66,raw_reuse,0.008557020761889963,0.007391201797872782,0.01403648960404098,0.2750295218237639,0.6353632333543988,-0.5275477414329137,0.03288531419631846,0.04309480591735437,0.9992821006855128,0.9992333202032065,0.9992020006865806
4,3,66,shift_reuse,0.013469505125166596,0.012252897024154663,0.019588689040392637,0.3718980734762573,0.6353632333543988,-0.5275477414329137,0.03288531419631846,0.04309480591735437,0.9992821006855128,0.9992333202032065,0.9992020006865806
4,3,66,shift_local_r2,0.00810355632904311,0.007440061774104834,0.012911295704543588,0.29138963737239776,0.6353632333543988,-0.5275477414329137,0.03288531419631846,0.04309480591735437,0.9992821006855128,0.9992333202032065,0.9992020006865806
4,3,66,shift_rank8_feature,0.010684412882192093,0.009629140608012676,0.01735150245949626,0.3359332060646652,0.6353632333543988,-0.5275477414329137,0.03288531419631846,0.04309480591735437,0.9992821006855128,0.9992333202032065,0.9992020006865806
4,3,66,shift_rank8_noise,0.008813290282210806,0.008305111899971962,0.014347591437399387,0.2999177047698943,0.6353632333543988,-0.5275477414329137,0.03288531419631846,0.04309480591735437,0.9992821006855128,0.9992333202032065,0.9992020006865806
4,3,66,shift_rank8_noisy_delta,0.008816027861818431,0.008297367952764034,0.014303553290665148,0.2992214383097246,0.6353632333543988,-0.5275477414329137,0.03288531419631846,0.04309480591735437,0.9992821006855128,0.9992333202032065,0.9992020006865806
4,3,66,shift_rank8_state,0.007236197604653837,0.006580224726349115,0.012782767694443463,0.2246365597402498,0.6353632333543988,-0.5275477414329137,0.03288531419631846,0.04309480591735437,0.9992821006855128,0.9992333202032065,0.9992020006865806
4,3,66,shift_rank8_state_noise,0.007234226168993657,0.006581673864275217,0.012758958712220192,0.2246409871148553,0.6353632333543988,-0.5275477414329137,0.03288531419631846,0.04309480591735437,0.9992821006855128,0.9992333202032065,0.9992020006865806
4,3,66,shift_rank8_state_noisy_condition,0.0072384829746652045,0.00658787926658988,0.012777539109811185,0.22464384131066698,0.6353632333543988,-0.5275477414329137,0.03288531419631846,0.04309480591735437,0.9992821006855128,0.9992333202032065,0.9992020006865806
4,3,66,shift_rank8_oracle,0.007245145409274616,0.006593364756554365,0.012733641592785715,0.22457125034632275,0.6353632333543988,-0.5275477414329137,0.03288531419631846,0.04309480591735437,0.9992821006855128,0.9992333202032065,0.9992020006865806
5,3,66,raw_reuse,0.00976135220484542,0.00894856359809637,0.014152973191812634,0.2367651579922069,0.7614444503179655,-0.17331315891495236,0.16893729597296825,0.1735221526694467,0.9994027775033525,0.9993559017940663,0.9992833466335274
5,3,66,shift_reuse,0.018132325651328284,0.017216218635439873,0.025891866721212863,0.3914116608803937,0.7614444503179655,-0.17331315891495236,0.16893729597296825,0.1735221526694467,0.9994027775033525,0.9993559017940663,0.9992833466335274
5,3,66,shift_local_r2,0.011716506517928967,0.011325125582516193,0.020170754007995124,0.28409403400695926,0.7614444503179655,-0.17331315891495236,0.16893729597296825,0.1735221526694467,0.9994027775033525,0.9993559017940663,0.9992833466335274
5,3,66,shift_rank8_feature,0.013142470207926943,0.01279538869857788,0.02080821907147765,0.30327859444955496,0.7614444503179655,-0.17331315891495236,0.16893729597296825,0.1735221526694467,0.9994027775033525,0.9993559017940663,0.9992833466335274
5,3,66,shift_rank8_noise,0.011695726496083388,0.01131700724363327,0.0209843473508954,0.2753344787023028,0.7614444503179655,-0.17331315891495236,0.16893729597296825,0.1735221526694467,0.9994027775033525,0.9993559017940663,0.9992833466335274
5,3,66,shift_rank8_noisy_delta,0.011687599334773747,0.011308054439723492,0.020904527511447665,0.2749408505734202,0.7614444503179655,-0.17331315891495236,0.16893729597296825,0.1735221526694467,0.9994027775033525,0.9993559017940663,0.9992833466335274
5,3,66,shift_rank8_state,0.00702289340087308,0.006678555626422167,0.012870757561177015,0.19124764469668923,0.7614444503179655,-0.17331315891495236,0.16893729597296825,0.1735221526694467,0.9994027775033525,0.9993559017940663,0.9992833466335274
5,3,66,shift_rank8_state_noise,0.007030682305801457,0.006682959850877523,0.012859419640153646,0.19125342153092592,0.7614444503179655,-0.17331315891495236,0.16893729597296825,0.1735221526694467,0.9994027775033525,0.9993559017940663,0.9992833466335274
5,3,66,shift_rank8_state_noisy_condition,0.007038468508282047,0.0066913277842104435,0.012899506604298948,0.19126239283972396,0.7614444503179655,-0.17331315891495236,0.16893729597296825,0.1735221526694467,0.9994027775033525,0.9993559017940663,0.9992833466335274
5,3,66,shift_rank8_oracle,0.007008955976822673,0.006663639564067125,0.012811731779947875,0.19117386572433526,0.7614444503179655,-0.17331315891495236,0.16893729597296825,0.1735221526694467,0.9994027775033525,0.9993559017940663,0.9992833466335274
6,3,66,raw_reuse,0.012819610572517282,0.012011800892651081,0.018491762410849332,0.10553187527719202,0.9004893105766192,0.054934598203395524,0.12224724519062247,0.13089632929101713,0.9992945192001548,0.999341584053248,0.9993972146300423
6,3,66,shift_reuse,0.02731222549616282,0.02629622258245945,0.039959223940968513,0.26191636610928687,0.9004893105766192,0.054934598203395524,0.12224724519062247,0.13089632929101713,0.9992945192001548,0.999341584053248,0.9993972146300423
6,3,66,shift_local_r2,0.014561494912825367,0.013540215790271759,0.024730566889047623,0.13909317351135853,0.9004893105766192,0.054934598203395524,0.12224724519062247,0.13089632929101713,0.9992945192001548,0.999341584053248,0.9993972146300423
6,3,66,shift_rank8_feature,0.016127403059810346,0.015444818884134293,0.023515390418469905,0.13953574809744976,0.9004893105766192,0.054934598203395524,0.12224724519062247,0.13089632929101713,0.9992945192001548,0.999341584053248,0.9993972146300423
6,3,66,shift_rank8_noise,0.014518723271709973,0.013443824835121632,0.025899089872837063,0.13627057092240322,0.9004893105766192,0.054934598203395524,0.12224724519062247,0.13089632929101713,0.9992945192001548,0.999341584053248,0.9993972146300423
6,3,66,shift_rank8_noisy_delta,0.014513462506685776,0.0134672736749053,0.025687838252633807,0.1358453335752627,0.9004893105766192,0.054934598203395524,0.12224724519062247,0.13089632929101713,0.9992945192001548,0.999341584053248,0.9993972146300423
6,3,66,shift_rank8_state,0.007406848624613837,0.007042666431516409,0.012310608522966504,0.08267944347666517,0.9004893105766192,0.054934598203395524,0.12224724519062247,0.13089632929101713,0.9992945192001548,0.999341584053248,0.9993972146300423
6,3,66,shift_rank8_state_noise,0.007484409326491556,0.007122338283807039,0.012404417525976895,0.08267563505186631,0.9004893105766192,0.054934598203395524,0.12224724519062247,0.13089632929101713,0.9992945192001548,0.999341584053248,0.9993972146300423
6,3,66,shift_rank8_state_noisy_condition,0.007505355999283963,0.0071447561495006084,0.012410327838733791,0.08267113110182579,0.9004893105766192,0.054934598203395524,0.12224724519062247,0.13089632929101713,0.9992945192001548,0.999341584053248,0.9993972146300423
6,3,66,shift_rank8_oracle,0.007424453270310392,0.00705603277310729,0.01253796094097197,0.08262234255072769,0.9004893105766192,0.054934598203395524,0.12224724519062247,0.13089632929101713,0.9992945192001548,0.999341584053248,0.9993972146300423
7,3,66,raw_reuse,0.03025650452517944,0.02854144759476185,0.043857764825224875,0.11736209638586462,0.961939886304387,0.1406234305534374,0.5668482792022336,0.5699638456292435,0.9996761298769477,0.9997317105752618,0.9996823463819654
7,3,66,shift_reuse,0.03200663133123605,0.031213978305459023,0.04955286271870136,0.14175021906779994,0.961939886304387,0.1406234305534374,0.5668482792022336,0.5699638456292435,0.9996761298769477,0.9997317105752618,0.9996823463819654
7,3,66,shift_local_r2,0.017066528888431253,0.016204746440052986,0.029174248222261664,0.12226909113270058,0.961939886304387,0.1406234305534374,0.5668482792022336,0.5699638456292435,0.9996761298769477,0.9997317105752618,0.9996823463819654
7,3,66,shift_rank8_feature,0.028343771435814985,0.027078479528427124,0.04808723386377095,0.12369263510668718,0.961939886304387,0.1406234305534374,0.5668482792022336,0.5699638456292435,0.9996761298769477,0.9997317105752618,0.9996823463819654
7,3,66,shift_rank8_noise,0.015498552468073749,0.014467728324234486,0.028822904638946056,0.08994935653327857,0.961939886304387,0.1406234305534374,0.5668482792022336,0.5699638456292435,0.9996761298769477,0.9997317105752618,0.9996823463819654
7,3,66,shift_rank8_noisy_delta,0.01550595897664035,0.014484734274446964,0.027909433748573065,0.08965595817305126,0.961939886304387,0.1406234305534374,0.5668482792022336,0.5699638456292435,0.9996761298769477,0.9997317105752618,0.9996823463819654
7,3,66,shift_rank8_state,0.0057249595259798195,0.005288213491439819,0.012924454314634203,0.027752917928548393,0.961939886304387,0.1406234305534374,0.5668482792022336,0.5699638456292435,0.9996761298769477,0.9997317105752618,0.9996823463819654
7,3,66,shift_rank8_state_noise,0.005630423398331813,0.005214671138674021,0.01259826556779444,0.027735973337948548,0.961939886304387,0.1406234305534374,0.5668482792022336,0.5699638456292435,0.9996761298769477,0.9997317105752618,0.9996823463819654
7,3,66,shift_rank8_state_noisy_condition,0.005638005115596565,0.005234827753156424,0.012607007334008812,0.02775102107662831,0.961939886304387,0.1406234305534374,0.5668482792022336,0.5699638456292435,0.9996761298769477,0.9997317105752618,0.9996823463819654
7,3,66,shift_rank8_oracle,0.005583299465056417,0.0051812282763421535,0.012610307475551962,0.027654052270792054,0.961939886304387,0.1406234305534374,0.5668482792022336,0.5699638456292435,0.9996761298769477,0.9997317105752618,0.9996823463819654
0,4,55,raw_reuse,0.5828941440920948,0.55840003490448,0.859587612748146,0.5335612988252124,0.924599640128343,0.8426090694189081,0.8702781548188975,0.8707834056724724,0.9999794294479281,0.9999819175692729,0.9999744410499785
0,4,55,shift_reuse,0.5547936755825014,0.5360784530639648,0.8550158202648163,0.5340698217835267,0.924599640128343,0.8426090694189081,0.8702781548188975,0.8707834056724724,0.9999794294479281,0.9999819175692729,0.9999744410499785
0,4,55,shift_local_r2,0.3168548232461982,0.29561886191368103,0.6119661808013915,0.4010855073911048,0.924599640128343,0.8426090694189081,0.8702781548188975,0.8707834056724724,0.9999794294479281,0.9999819175692729,0.9999744410499785
0,4,55,shift_rank8_feature,0.13023756705369907,0.12247127294540405,0.22552911564707756,0.24360178603411387,0.924599640128343,0.8426090694189081,0.8702781548188975,0.8707834056724724,0.9999794294479281,0.9999819175692729,0.9999744410499785
0,4,55,shift_rank8_noise,0.0901777876089812,0.08204963803291321,0.1553421914577484,0.22954398483200938,0.924599640128343,0.8426090694189081,0.8702781548188975,0.8707834056724724,0.9999794294479281,0.9999819175692729,0.9999744410499785
0,4,55,shift_rank8_noisy_delta,0.09028224497645627,0.08066774159669876,0.17235519587993622,0.22927925342179917,0.924599640128343,0.8426090694189081,0.8702781548188975,0.8707834056724724,0.9999794294479281,0.9999819175692729,0.9999744410499785
0,4,55,shift_rank8_state,0.038378296662676545,0.03120410442352295,0.07284159027040003,0.1466677612547558,0.924599640128343,0.8426090694189081,0.8702781548188975,0.8707834056724724,0.9999794294479281,0.9999819175692729,0.9999744410499785
0,4,55,shift_rank8_state_noise,0.038363175648357895,0.03121371567249298,0.07278621904551982,0.1466657338822144,0.924599640128343,0.8426090694189081,0.8702781548188975,0.8707834056724724,0.9999794294479281,0.9999819175692729,0.9999744410499785
0,4,55,shift_rank8_state_noisy_condition,0.03836871653090245,0.031206971034407616,0.07299378924071788,0.14667185944353592,0.924599640128343,0.8426090694189081,0.8702781548188975,0.8707834056724724,0.9999794294479281,0.9999819175692729,0.9999744410499785
0,4,55,shift_rank8_oracle,0.038162205853134484,0.03099941648542881,0.07203845009207724,0.14665090510019727,0.924599640128343,0.8426090694189081,0.8702781548188975,0.8707834056724724,0.9999794294479281,0.9999819175692729,0.9999744410499785
1,4,55,raw_reuse,0.045956318064416364,0.04518446326255798,0.07360764518380165,0.45497389610064903,0.7570509783820958,0.5733725869846119,0.606918853639293,0.6001770055955142,0.999934733324701,0.9999291139588812,0.9999169979570072
1,4,55,shift_reuse,0.03337370657391862,0.03181399032473564,0.05728749241679907,0.45653577842037707,0.7570509783820958,0.5733725869846119,0.606918853639293,0.6001770055955142,0.999934733324701,0.9999291139588812,0.9999169979570072
1,4,55,shift_local_r2,0.014002606127934114,0.01340261846780777,0.02453960236161947,0.304527253168766,0.7570509783820958,0.5733725869846119,0.606918853639293,0.6001770055955142,0.999934733324701,0.9999291139588812,0.9999169979570072
1,4,55,shift_rank8_feature,0.022921041015958203,0.020897885784506798,0.04032655358314514,0.31666265701097757,0.7570509783820958,0.5733725869846119,0.606918853639293,0.6001770055955142,0.999934733324701,0.9999291139588812,0.9999169979570072
1,4,55,shift_rank8_noise,0.0145886672600039,0.014086944051086903,0.025713474210351705,0.31043854630205464,0.7570509783820958,0.5733725869846119,0.606918853639293,0.6001770055955142,0.999934733324701,0.9999291139588812,0.9999169979570072
1,4,55,shift_rank8_noisy_delta,0.014394671396426138,0.013708752579987049,0.02564169019460678,0.3116994070665874,0.7570509783820958,0.5733725869846119,0.606918853639293,0.6001770055955142,0.999934733324701,0.9999291139588812,0.9999169979570072
1,4,55,shift_rank8_state,0.0072308165261097184,0.006588302552700043,0.010917218076065181,0.22504269366389007,0.7570509783820958,0.5733725869846119,0.606918853639293,0.6001770055955142,0.999934733324701,0.9999291139588812,0.9999169979570072
1,4,55,shift_rank8_state_noise,0.00726125934405747,0.006623752880841494,0.010954458406195043,0.2250441557756672,0.7570509783820958,0.5733725869846119,0.606918853639293,0.6001770055955142,0.999934733324701,0.9999291139588812,0.9999169979570072
1,4,55,shift_rank8_state_noisy_condition,0.007257068487618236,0.00662006763741374,0.010975965065881608,0.2250473030332213,0.7570509783820958,0.5733725869846119,0.606918853639293,0.6001770055955142,0.999934733324701,0.9999291139588812,0.9999169979570072
1,4,55,shift_rank8_oracle,0.007253152870458494,0.006616722326725721,0.011049156496301293,0.22502584220612,0.7570509783820958,0.5733725869846119,0.606918853639293,0.6001770055955142,0.999934733324701,0.9999291139588812,0.9999169979570072
2,4,55,raw_reuse,0.014634462563992237,0.011970403604209423,0.028064796607941388,0.41452134385778105,0.681530877133285,0.29985221161270625,0.2100106691139748,0.1953670444645368,0.9998295361297678,0.9998528739089725,0.9998226772707105
2,4,55,shift_reuse,0.014085670635213567,0.012061911635100842,0.026422300003468985,0.4219475413132112,0.681530877133285,0.29985221161270625,0.2100106691139748,0.1953670444645368,0.9998295361297678,0.9998528739089725,0.9998226772707105
2,4,55,shift_local_r2,0.012102553577987537,0.010859183967113495,0.023233417142182588,0.35785465727003146,0.681530877133285,0.29985221161270625,0.2100106691139748,0.1953670444645368,0.9998295361297678,0.9998528739089725,0.9998226772707105
2,4,55,shift_rank8_feature,0.015876413484551176,0.014820282347500324,0.027746815886348485,0.35971513526717713,0.681530877133285,0.29985221161270625,0.2100106691139748,0.1953670444645368,0.9998295361297678,0.9998528739089725,0.9998226772707105
2,4,55,shift_rank8_noise,0.012313442816359113,0.011300347745418549,0.022822511103004216,0.3724554062102742,0.681530877133285,0.29985221161270625,0.2100106691139748,0.1953670444645368,0.9998295361297678,0.9998528739089725,0.9998226772707105
2,4,55,shift_rank8_noisy_delta,0.012558467139931051,0.011556337587535381,0.023606325220316648,0.3744909318339277,0.681530877133285,0.29985221161270625,0.2100106691139748,0.1953670444645368,0.9998295361297678,0.9998528739089725,0.9998226772707105
2,4,55,shift_rank8_state,0.01025924363596219,0.009318127296864986,0.018335075117647644,0.2381551106062997,0.681530877133285,0.29985221161270625,0.2100106691139748,0.1953670444645368,0.9998295361297678,0.9998528739089725,0.9998226772707105
2,4,55,shift_rank8_state_noise,0.010258239238198005,0.009313304908573627,0.0183079345151782,0.23815001472203468,0.681530877133285,0.29985221161270625,0.2100106691139748,0.1953670444645368,0.9998295361297678,0.9998528739089725,0.9998226772707105
2,4,55,shift_rank8_state_noisy_condition,0.01025531448244444,0.009309644810855389,0.01829971084371209,0.2381566046875502,0.681530877133285,0.29985221161270625,0.2100106691139748,0.1953670444645368,0.9998295361297678,0.9998528739089725,0.9998226772707105
2,4,55,shift_rank8_oracle,0.010256382049879328,0.009313728660345078,0.018290988355875015,0.23811794533519387,0.681530877133285,0.29985221161270625,0.2100106691139748,0.1953670444645368,0.9998295361297678,0.9998528739089725,0.9998226772707105
3,4,55,raw_reuse,0.009233037896604181,0.008382152765989304,0.016293828561902046,0.32488644930191674,0.5875023935262025,-0.32759363828208965,-0.029221580789197565,-0.04996516572618637,0.9997592950127807,0.9997624873181659,0.9997334573171919
3,4,55,shift_reuse,0.011675234218699832,0.010823755525052547,0.018843806814402342,0.37401209486219766,0.5875023935262025,-0.32759363828208965,-0.029221580789197565,-0.04996516572618637,0.9997592950127807,0.9997624873181659,0.9997334573171919
3,4,55,shift_local_r2,0.009248944922111155,0.00870242714881897,0.015258746594190598,0.3184563132701294,0.5875023935262025,-0.32759363828208965,-0.029221580789197565,-0.04996516572618637,0.9997592950127807,0.9997624873181659,0.9997334573171919
3,4,55,shift_rank8_feature,0.012748219806485283,0.011834214441478252,0.02145261950790882,0.37530409445553287,0.5875023935262025,-0.32759363828208965,-0.029221580789197565,-0.04996516572618637,0.9997592950127807,0.9997624873181659,0.9997334573171919
3,4,55,shift_rank8_noise,0.010111649505211515,0.00940352026373148,0.01791196512058377,0.3495214907479716,0.5875023935262025,-0.32759363828208965,-0.029221580789197565,-0.04996516572618637,0.9997592950127807,0.9997624873181659,0.9997334573171919
3,4,55,shift_rank8_noisy_delta,0.010179931407122516,0.00946004968136549,0.018161808792501687,0.3513751659610286,0.5875023935262025,-0.32759363828208965,-0.029221580789197565,-0.04996516572618637,0.9997592950127807,0.9997624873181659,0.9997334573171919
3,4,55,shift_rank8_state,0.008973102823474646,0.00855934713035822,0.017119775712490078,0.2402442892126118,0.5875023935262025,-0.32759363828208965,-0.029221580789197565,-0.04996516572618637,0.9997592950127807,0.9997624873181659,0.9997334573171919
3,4,55,shift_rank8_state_noise,0.008969902828441586,0.008555330336093903,0.017130792280659075,0.24024388736992194,0.5875023935262025,-0.32759363828208965,-0.029221580789197565,-0.04996516572618637,0.9997592950127807,0.9997624873181659,0.9997334573171919
3,4,55,shift_rank8_state_noisy_condition,0.008972624538825035,0.00856091734021902,0.0171069492585957,0.2402476546451392,0.5875023935262025,-0.32759363828208965,-0.029221580789197565,-0.04996516572618637,0.9997592950127807,0.9997624873181659,0.9997334573171919
3,4,55,shift_rank8_oracle,0.008966322010536574,0.0085590286180377,0.017132235923781988,0.24021292036763628,0.5875023935262025,-0.32759363828208965,-0.029221580789197565,-0.04996516572618637,0.9997592950127807,0.9997624873181659,0.9997334573171919
4,4,55,raw_reuse,0.010035253007886736,0.009018659591674805,0.015758314076811074,0.3007675441650552,0.5995071682561081,-0.7336884024877575,-0.016400902209527946,-0.029709809096713835,0.9995532640682706,0.9995524725222664,0.9994916523959188
4,4,55,shift_reuse,0.01572440740351381,0.014367648400366306,0.024893009010702367,0.3887264917923354,0.5995071682561081,-0.7336884024877575,-0.016400902209527946,-0.029709809096713835,0.9995532640682706,0.9995524725222664,0.9994916523959188
4,4,55,shift_local_r2,0.010880208718367186,0.010106044821441174,0.01749757183715701,0.31823598896761773,0.5995071682561081,-0.7336884024877575,-0.016400902209527946,-0.029709809096713835,0.9995532640682706,0.9995524725222664,0.9994916523959188
4,4,55,shift_rank8_feature,0.013288312369184234,0.012361195869743824,0.021865990851074452,0.3739912314552742,0.5995071682561081,-0.7336884024877575,-0.016400902209527946,-0.029709809096713835,0.9995532640682706,0.9995524725222664,0.9994916523959188
4,4,55,shift_rank8_noise,0.011392452480524626,0.010775948874652386,0.018888261262327427,0.3271679690430603,0.5995071682561081,-0.7336884024877575,-0.016400902209527946,-0.029709809096713835,0.9995532640682706,0.9995524725222664,0.9994916523959188
4,4,55,shift_rank8_noisy_delta,0.011374550195847292,0.010771840810775757,0.018968492373824114,0.32809761430209183,0.5995071682561081,-0.7336884024877575,-0.016400902209527946,-0.029709809096713835,0.9995532640682706,0.9995524725222664,0.9994916523959188
4,4,55,shift_rank8_state,0.008991021351781588,0.008549923077225685,0.014931384194642303,0.2460451834505654,0.5995071682561081,-0.7336884024877575,-0.016400902209527946,-0.029709809096713835,0.9995532640682706,0.9995524725222664,0.9994916523959188
4,4,55,shift_rank8_state_noise,0.008997132566210205,0.008554425090551376,0.014937707129865882,0.24604527329957682,0.5995071682561081,-0.7336884024877575,-0.016400902209527946,-0.029709809096713835,0.9995532640682706,0.9995524725222664,0.9994916523959188
4,4,55,shift_rank8_state_noisy_condition,0.008989964613433108,0.008549406193196774,0.014924161834642288,0.24605091132504417,0.5995071682561081,-0.7336884024877575,-0.016400902209527946,-0.029709809096713835,0.9995532640682706,0.9995524725222664,0.9994916523959188
4,4,55,shift_rank8_oracle,0.008969258497800413,0.008532722480595112,0.014961843378841875,0.2460036282827782,0.5995071682561081,-0.7336884024877575,-0.016400902209527946,-0.029709809096713835,0.9995532640682706,0.9995524725222664,0.9994916523959188
5,4,55,raw_reuse,0.012053163017312312,0.011205102317035198,0.018986004032194612,0.26239606332503274,0.7227432079661986,-0.5702430770276488,0.0004663096443485726,-0.009748087345526013,0.9996324269941606,0.9996265954245648,0.9996259226036727
5,4,55,shift_reuse,0.021267410644153842,0.020381957292556763,0.031330051366239786,0.42213971155480173,0.7227432079661986,-0.5702430770276488,0.0004663096443485726,-0.009748087345526013,0.9996324269941606,0.9996265954245648,0.9996259226036727
5,4,55,shift_local_r2,0.01503134406866346,0.014519117772579193,0.024821575358510015,0.32636080823586733,0.7227432079661986,-0.5702430770276488,0.0004663096443485726,-0.009748087345526013,0.9996324269941606,0.9996265954245648,0.9996259226036727
5,4,55,shift_rank8_feature,0.01667159329936511,0.015779463574290276,0.031148611661046738,0.37644928424020396,0.7227432079661986,-0.5702430770276488,0.0004663096443485726,-0.009748087345526013,0.9996324269941606,0.9996265954245648,0.9996259226036727
5,4,55,shift_rank8_noise,0.015177695561749012,0.014734598807990551,0.024849959742277862,0.3288845359270463,0.7227432079661986,-0.5702430770276488,0.0004663096443485726,-0.009748087345526013,0.9996324269941606,0.9996265954245648,0.9996259226036727
5,4,55,shift_rank8_noisy_delta,0.015161728073842936,0.014710061252117157,0.024900500569492577,0.3297961399865482,0.7227432079661986,-0.5702430770276488,0.0004663096443485726,-0.009748087345526013,0.9996324269941606,0.9996265954245648,0.9996259226036727
5,4,55,shift_rank8_state,0.009794476393457664,0.009191649965941906,0.01916814027354121,0.22232701879876973,0.7227432079661986,-0.5702430770276488,0.0004663096443485726,-0.009748087345526013,0.9996324269941606,0.9996265954245648,0.9996259226036727
5,4,55,shift_rank8_state_noise,0.009815263727238406,0.009210574440658092,0.01923546381294727,0.22232777963934328,0.7227432079661986,-0.5702430770276488,0.0004663096443485726,-0.009748087345526013,0.9996324269941606,0.9996265954245648,0.9996259226036727
5,4,55,shift_rank8_state_noisy_condition,0.00983004001563979,0.009221351705491543,0.019280250091105698,0.22232787718300653,0.7227432079661986,-0.5702430770276488,0.0004663096443485726,-0.009748087345526013,0.9996324269941606,0.9996265954245648,0.9996259226036727
5,4,55,shift_rank8_oracle,0.009820894852169677,0.009210114367306232,0.01922457497566938,0.22227842254572616,0.7227432079661986,-0.5702430770276488,0.0004663096443485726,-0.009748087345526013,0.9996324269941606,0.9996265954245648,0.9996259226036727
6,4,55,raw_reuse,0.015012793843649484,0.013877672143280506,0.022683984506875275,0.12406685239970269,0.8958766447728654,0.09297445836238016,0.010231106424897884,-0.003006011568718936,0.9995272139969175,0.999585106892372,0.9995135091855293
6,4,55,shift_reuse,0.03295498189954204,0.031557273119688034,0.05184588916599751,0.31608303278142036,0.8958766447728654,0.09297445836238016,0.010231106424897884,-0.003006011568718936,0.9995272139969175,0.999585106892372,0.9995135091855293
6,4,55,shift_local_r2,0.019808512513802876,0.01790902018547058,0.03491410054266452,0.1762366303245956,0.8958766447728654,0.09297445836238016,0.010231106424897884,-0.003006011568718936,0.9995272139969175,0.999585106892372,0.9995135091855293
6,4,55,shift_rank8_feature,0.02089864235021722,0.018905045464634895,0.04140058793127536,0.17335644652244728,0.8958766447728654,0.09297445836238016,0.010231106424897884,-0.003006011568718936,0.9995272139969175,0.999585106892372,0.9995135091855293
6,4,55,shift_rank8_noise,0.020863855714984742,0.01924777776002884,0.03775077685713768,0.17845167301484363,0.8958766447728654,0.09297445836238016,0.010231106424897884,-0.003006011568718936,0.9995272139969175,0.999585106892372,0.9995135091855293
6,4,55,shift_rank8_noisy_delta,0.020856084040640495,0.01920529454946518,0.03733573984354734,0.17925335549257138,0.8958766447728654,0.09297445836238016,0.010231106424897884,-0.003006011568718936,0.9995272139969175,0.999585106892372,0.9995135091855293
6,4,55,shift_rank8_state,0.011219863915924366,0.010371780954301357,0.02109545348212123,0.10204434682732855,0.8958766447728654,0.09297445836238016,0.010231106424897884,-0.003006011568718936,0.9995272139969175,0.999585106892372,0.9995135091855293
6,4,55,shift_rank8_state_noise,0.01128740583026427,0.010438338853418827,0.02116907127201557,0.10203819786851392,0.8958766447728654,0.09297445836238016,0.010231106424897884,-0.003006011568718936,0.9995272139969175,0.999585106892372,0.9995135091855293
6,4,55,shift_rank8_state_noisy_condition,0.011282915369101127,0.010437979362905025,0.021154958195984362,0.10204580265558372,0.8958766447728654,0.09297445836238016,0.010231106424897884,-0.003006011568718936,0.9995272139969175,0.999585106892372,0.9995135091855293
6,4,55,shift_rank8_oracle,0.011297350541280712,0.010433846153318882,0.021321935579180717,0.10199414948597743,0.8958766447728654,0.09297445836238016,0.010231106424897884,-0.003006011568718936,0.9995272139969175,0.999585106892372,0.9995135091855293
7,4,55,raw_reuse,0.030267791033862068,0.02777586318552494,0.044970500841736795,0.11314053030895088,0.9390397875641145,-0.01428897166442411,0.43583389898687175,0.4343899967048931,0.9996452964636395,0.9997479352933935,0.9997202733544424
7,4,55,shift_reuse,0.03335479537935777,0.032483454793691635,0.05003134198486805,0.1415882015409987,0.9390397875641145,-0.01428897166442411,0.43583389898687175,0.4343899967048931,0.9996452964636395,0.9997479352933935,0.9997202733544424
7,4,55,shift_local_r2,0.02167943030919719,0.020643504336476326,0.03605618961155414,0.12631679725139258,0.9390397875641145,-0.01428897166442411,0.43583389898687175,0.4343899967048931,0.9996452964636395,0.9997479352933935,0.9997202733544424
7,4,55,shift_rank8_feature,0.02943478882992643,0.028503293171525,0.04771064519882202,0.13352445394171894,0.9390397875641145,-0.01428897166442411,0.43583389898687175,0.4343899967048931,0.9996452964636395,0.9997479352933935,0.9997202733544424
7,4,55,shift_rank8_noise,0.019733909132702204,0.018614480271935463,0.03481707237660884,0.10226940228179963,0.9390397875641145,-0.01428897166442411,0.43583389898687175,0.4343899967048931,0.9996452964636395,0.9997479352933935,0.9997202733544424
7,4,55,shift_rank8_noisy_delta,0.019655250258742374,0.018540145829319954,0.03585383258759974,0.10238491921629987,0.9390397875641145,-0.01428897166442411,0.43583389898687175,0.4343899967048931,0.9996452964636395,0.9997479352933935,0.9997202733544424
7,4,55,shift_rank8_state,0.007442954719113487,0.006855296436697245,0.01620998652651906,0.03504126604240792,0.9390397875641145,-0.01428897166442411,0.43583389898687175,0.4343899967048931,0.9996452964636395,0.9997479352933935,0.9997202733544424
7,4,55,shift_rank8_state_noise,0.007255268603215123,0.006707025691866875,0.015896144369617105,0.03501728089977148,0.9390397875641145,-0.01428897166442411,0.43583389898687175,0.4343899967048931,0.9996452964636395,0.9997479352933935,0.9997202733544424
7,4,55,shift_rank8_state_noisy_condition,0.007262254717582982,0.006715203169733286,0.015863183233886958,0.03502374437731021,0.9390397875641145,-0.01428897166442411,0.43583389898687175,0.4343899967048931,0.9996452964636395,0.9997479352933935,0.9997202733544424
7,4,55,shift_rank8_oracle,0.007249099182447072,0.006697151809930801,0.016047365218400955,0.03495830284899747,0.9390397875641145,-0.01428897166442411,0.43583389898687175,0.4343899967048931,0.9996452964636395,0.9997479352933935,0.9997202733544424
0,5,44,raw_reuse,0.5862518506780059,0.561212956905365,0.8623294919729232,0.524757753989404,0.9193061507873935,0.8394836568887255,0.8608102751443067,0.8659063854208742,0.9999714295796582,0.9999725793614488,0.9999677921757114
0,5,44,shift_reuse,0.5561844754217985,0.5382675528526306,0.8456583082675934,0.5276079245237703,0.9193061507873935,0.8394836568887255,0.8608102751443067,0.8659063854208742,0.9999714295796582,0.9999725793614488,0.9999677921757114
0,5,44,shift_local_r2,0.29874065662505295,0.2789570987224579,0.5686489075422286,0.398812642230464,0.9193061507873935,0.8394836568887255,0.8608102751443067,0.8659063854208742,0.9999714295796582,0.9999725793614488,0.9999677921757114
0,5,44,shift_rank8_feature,0.13224405542176237,0.1269141286611557,0.20537206381559373,0.24263518727182273,0.9193061507873935,0.8394836568887255,0.8608102751443067,0.8659063854208742,0.9999714295796582,0.9999725793614488,0.9999677921757114
0,5,44,shift_rank8_noise,0.09699675376846188,0.08749374002218246,0.18116048201918597,0.23245306592162787,0.9193061507873935,0.8394836568887255,0.8608102751443067,0.8659063854208742,0.9999714295796582,0.9999725793614488,0.9999677921757114
0,5,44,shift_rank8_noisy_delta,0.08891070485107883,0.08189824968576431,0.14762244373559952,0.22995326972868044,0.9193061507873935,0.8394836568887255,0.8608102751443067,0.8659063854208742,0.9999714295796582,0.9999725793614488,0.9999677921757114
0,5,44,shift_rank8_state,0.039710033710415246,0.034017208963632584,0.06975895874202251,0.14989743291588156,0.9193061507873935,0.8394836568887255,0.8608102751443067,0.8659063854208742,0.9999714295796582,0.9999725793614488,0.9999677921757114
0,5,44,shift_rank8_state_noise,0.0398658747067739,0.03418115898966789,0.07084285952150822,0.1498965639710839,0.9193061507873935,0.8394836568887255,0.8608102751443067,0.8659063854208742,0.9999714295796582,0.9999725793614488,0.9999677921757114
0,5,44,shift_rank8_state_noisy_condition,0.039730933999173025,0.034052807837724686,0.06958482302725315,0.14990016614224516,0.9193061507873935,0.8394836568887255,0.8608102751443067,0.8659063854208742,0.9999714295796582,0.9999725793614488,0.9999677921757114
0,5,44,shift_rank8_oracle,0.03977087571822663,0.03394382819533348,0.07001198418438434,0.14987580408991763,0.9193061507873935,0.8394836568887255,0.8608102751443067,0.8659063854208742,0.9999714295796582,0.9999725793614488,0.9999677921757114
1,5,44,raw_reuse,0.04806115803566033,0.04730407893657684,0.0754744227975607,0.46250938244299533,0.7447565078550435,0.5443750807539232,0.5743174088409206,0.5850333931585767,0.9998867797593596,0.9998956416612876,0.9998810271741582
1,5,44,shift_reuse,0.034077995685168484,0.03259969502687454,0.057796976715326305,0.4760724145886259,0.7447565078550435,0.5443750807539232,0.5743174088409206,0.5850333931585767,0.9998867797593596,0.9998956416612876,0.9998810271741582
1,5,44,shift_local_r2,0.014624215620160311,0.014349083416163921,0.026007358264178035,0.3139240869650902,0.7447565078550435,0.5443750807539232,0.5743174088409206,0.5850333931585767,0.9998867797593596,0.9998956416612876,0.9998810271741582
1,5,44,shift_rank8_feature,0.023935559943385958,0.022242149338126183,0.038711087219417094,0.33221397493899146,0.7447565078550435,0.5443750807539232,0.5743174088409206,0.5850333931585767,0.9998867797593596,0.9998956416612876,0.9998810271741582
1,5,44,shift_rank8_noise,0.01549135939772763,0.01474563404917717,0.026678203791379928,0.3269784363569779,0.7447565078550435,0.5443750807539232,0.5743174088409206,0.5850333931585767,0.9998867797593596,0.9998956416612876,0.9998810271741582
1,5,44,shift_rank8_noisy_delta,0.015556006770013169,0.015044652856886387,0.026335783302783966,0.32508421182604585,0.7447565078550435,0.5443750807539232,0.5743174088409206,0.5850333931585767,0.9998867797593596,0.9998956416612876,0.9998810271741582
1,5,44,shift_rank8_state,0.008269854960249245,0.007594756316393614,0.012505802093073724,0.2405466674320629,0.7447565078550435,0.5443750807539232,0.5743174088409206,0.5850333931585767,0.9998867797593596,0.9998956416612876,0.9998810271741582
1,5,44,shift_rank8_state_noise,0.008315126745953553,0.0076453797519207,0.012559654051437974,0.2405445553669723,0.7447565078550435,0.5443750807539232,0.5743174088409206,0.5850333931585767,0.9998867797593596,0.9998956416612876,0.9998810271741582
1,5,44,shift_rank8_state_noisy_condition,0.008295776723241152,0.0076237334869802,0.012515441048890352,0.24054804839769908,0.7447565078550435,0.5443750807539232,0.5743174088409206,0.5850333931585767,0.9998867797593596,0.9998956416612876,0.9998810271741582
1,5,44,shift_rank8_oracle,0.008346151239762655,0.00767587311565876,0.012635340588167308,0.240519535518976,0.7447565078550435,0.5443750807539232,0.5743174088409206,0.5850333931585767,0.9998867797593596,0.9998956416612876,0.9998810271741582
2,5,44,raw_reuse,0.015129503747458195,0.012738518416881561,0.031939408835023636,0.4355279300376192,0.6439626761493019,0.1781160810341169,0.13104419162574066,0.1554086921353135,0.9997972111478813,0.9998156851877577,0.9997849519637725
2,5,44,shift_reuse,0.014173753774541317,0.01266366709023714,0.025389960128813983,0.4514454439838801,0.6439626761493019,0.1781160810341169,0.13104419162574066,0.1554086921353135,0.9997972111478813,0.9998156851877577,0.9997849519637725
2,5,44,shift_local_r2,0.011573764061442214,0.010771043598651886,0.020248970296233886,0.3857164029046085,0.6439626761493019,0.1781160810341169,0.13104419162574066,0.1554086921353135,0.9997972111478813,0.9998156851877577,0.9997849519637725
2,5,44,shift_rank8_feature,0.01679379286476434,0.015887750312685966,0.030335021205246445,0.40221824190834005,0.6439626761493019,0.1781160810341169,0.13104419162574066,0.1554086921353135,0.9997972111478813,0.9998156851877577,0.9997849519637725
2,5,44,shift_rank8_noise,0.012758455826627612,0.012034495361149311,0.02296690931543708,0.40852087941323545,0.6439626761493019,0.1781160810341169,0.13104419162574066,0.1554086921353135,0.9997972111478813,0.9998156851877577,0.9997849519637725
2,5,44,shift_rank8_noisy_delta,0.012420684992775708,0.011716288514435291,0.021690844278782605,0.4052708771982402,0.6439626761493019,0.1781160810341169,0.13104419162574066,0.1554086921353135,0.9997972111478813,0.9998156851877577,0.9997849519637725
2,5,44,shift_rank8_state,0.010361508054692688,0.00972986500710249,0.01826585745438933,0.2694132567252657,0.6439626761493019,0.1781160810341169,0.13104419162574066,0.1554086921353135,0.9997972111478813,0.9998156851877577,0.9997849519637725
2,5,44,shift_rank8_state_noise,0.010358658596313648,0.009725796058773994,0.018313542660325765,0.2694095082716577,0.6439626761493019,0.1781160810341169,0.13104419162574066,0.1554086921353135,0.9997972111478813,0.9998156851877577,0.9997849519637725
2,5,44,shift_rank8_state_noisy_condition,0.010353716552671945,0.009720291011035442,0.018258918914943932,0.26941573504170074,0.6439626761493019,0.1781160810341169,0.13104419162574066,0.1554086921353135,0.9997972111478813,0.9998156851877577,0.9997849519637725
2,5,44,shift_rank8_oracle,0.01033881281714504,0.009703745134174824,0.01837068162858486,0.26937236450408764,0.6439626761493019,0.1781160810341169,0.13104419162574066,0.1554086921353135,0.9997972111478813,0.9998156851877577,0.9997849519637725
3,5,44,raw_reuse,0.01136022450014275,0.01031462848186493,0.01996371783316135,0.32811248902888823,0.5295634063544645,-0.4950078405513796,-0.06805406266527414,-0.044331985832167575,0.9997421610679019,0.9997493938936972,0.9997174642470342
3,5,44,shift_reuse,0.01334341557711956,0.012478006072342396,0.02003925312310457,0.3731367222205066,0.5295634063544645,-0.4950078405513796,-0.06805406266527414,-0.044331985832167575,0.9997421610679019,0.9997493938936972,0.9997174642470342
3,5,44,shift_local_r2,0.01090502329584205,0.010303656570613384,0.01907416861504316,0.32788934167961803,0.5295634063544645,-0.4950078405513796,-0.06805406266527414,-0.044331985832167575,0.9997421610679019,0.9997493938936972,0.9997174642470342
3,5,44,shift_rank8_feature,0.015403773931140573,0.013994256965816021,0.027237021271139375,0.3848547519261631,0.5295634063544645,-0.4950078405513796,-0.06805406266527414,-0.044331985832167575,0.9997421610679019,0.9997493938936972,0.9997174642470342
3,5,44,shift_rank8_noise,0.011513295468714789,0.010846893303096294,0.019633449800312515,0.3528736442750807,0.5295634063544645,-0.4950078405513796,-0.06805406266527414,-0.044331985832167575,0.9997421610679019,0.9997493938936972,0.9997174642470342
3,5,44,shift_rank8_noisy_delta,0.011456129180042792,0.010790719650685787,0.01949037462472915,0.351011297785246,0.5295634063544645,-0.4950078405513796,-0.06805406266527414,-0.044331985832167575,0.9997421610679019,0.9997493938936972,0.9997174642470342
3,5,44,shift_rank8_state,0.010274862973280388,0.009794929064810276,0.016685205698013305,0.2559562699489988,0.5295634063544645,-0.4950078405513796,-0.06805406266527414,-0.044331985832167575,0.9997421610679019,0.9997493938936972,0.9997174642470342
3,5,44,shift_rank8_state_noise,0.010271320551457035,0.009788521565496922,0.016714638471603392,0.25595549387428534,0.5295634063544645,-0.4950078405513796,-0.06805406266527414,-0.044331985832167575,0.9997421610679019,0.9997493938936972,0.9997174642470342
3,5,44,shift_rank8_state_noisy_condition,0.010277446750022677,0.009798291139304638,0.01670745303854346,0.2559589344721816,0.5295634063544645,-0.4950078405513796,-0.06805406266527414,-0.044331985832167575,0.9997421610679019,0.9997493938936972,0.9997174642470342
3,5,44,shift_rank8_oracle,0.010249656085620357,0.009774013422429562,0.016617956943809985,0.2559284347359435,0.5295634063544645,-0.4950078405513796,-0.06805406266527414,-0.044331985832167575,0.9997421610679019,0.9997493938936972,0.9997174642470342
4,5,44,raw_reuse,0.01250284544119927,0.011454008519649506,0.020194554887712,0.3137083638524776,0.5637293960567529,-0.7316526402553714,-0.024407954829588352,-0.012921487100772344,0.9996572887700524,0.9996395210252508,0.9995774633818733
4,5,44,shift_reuse,0.01866649416167924,0.01700046844780445,0.03291438007727265,0.38986967195674843,0.5637293960567529,-0.7316526402553714,-0.024407954829588352,-0.012921487100772344,0.9996572887700524,0.9996395210252508,0.9995774633818733
4,5,44,shift_local_r2,0.014137171878248004,0.01308522094041109,0.022248718887567517,0.3322164695451847,0.5637293960567529,-0.7316526402553714,-0.024407954829588352,-0.012921487100772344,0.9996572887700524,0.9996395210252508,0.9995774633818733
4,5,44,shift_rank8_feature,0.016684505499532678,0.015433832071721554,0.0261064862832427,0.3851200118685957,0.5637293960567529,-0.7316526402553714,-0.024407954829588352,-0.012921487100772344,0.9996572887700524,0.9996395210252508,0.9995774633818733
4,5,44,shift_rank8_noise,0.014562888811836507,0.01364726573228836,0.02196336863562464,0.33885806498323673,0.5637293960567529,-0.7316526402553714,-0.024407954829588352,-0.012921487100772344,0.9996572887700524,0.9996395210252508,0.9995774633818733
4,5,44,shift_rank8_noisy_delta,0.01457020464329798,0.013651632703840733,0.022237200755625956,0.3380544694021574,0.5637293960567529,-0.7316526402553714,-0.024407954829588352,-0.012921487100772344,0.9996572887700524,0.9996395210252508,0.9995774633818733
4,5,44,shift_rank8_state,0.011050941859114054,0.010437533259391785,0.018003671523183582,0.2575434889502539,0.5637293960567529,-0.7316526402553714,-0.024407954829588352,-0.012921487100772344,0.9996572887700524,0.9996395210252508,0.9995774633818733
4,5,44,shift_rank8_state_noise,0.011052749589838342,0.010438293218612671,0.01804732084274292,0.25754511022205057,0.5637293960567529,-0.7316526402553714,-0.024407954829588352,-0.012921487100772344,0.9996572887700524,0.9996395210252508,0.9995774633818733
4,5,44,shift_rank8_state_noisy_condition,0.011040550146435344,0.010430107824504375,0.01807170957326889,0.2575508179871429,0.5637293960567529,-0.7316526402553714,-0.024407954829588352,-0.012921487100772344,0.9996572887700524,0.9996395210252508,0.9995774633818733
4,5,44,shift_rank8_oracle,0.011024537121600354,0.010417020879685879,0.01791817219927907,0.257511974091631,0.5637293960567529,-0.7316526402553714,-0.024407954829588352,-0.012921487100772344,0.9996572887700524,0.9996395210252508,0.9995774633818733
5,5,44,raw_reuse,0.015237725647156907,0.013825434260070324,0.025949720386415718,0.28290151896403537,0.7112562187721885,-0.45737758738716683,-0.01929336773462098,-0.01026038873339763,0.9997435055657864,0.9997418598660435,0.9996967854635335
5,5,44,shift_reuse,0.02539818756844465,0.02412099950015545,0.039157298021018506,0.44495218777072865,0.7112562187721885,-0.45737758738716683,-0.01929336773462098,-0.01026038873339763,0.9997435055657864,0.9997418598660435,0.9996967854635335
5,5,44,shift_local_r2,0.01927225377144428,0.018108749762177467,0.03021667608991265,0.36081903039948593,0.7112562187721885,-0.45737758738716683,-0.01929336773462098,-0.01026038873339763,0.9997435055657864,0.9997418598660435,0.9996967854635335
5,5,44,shift_rank8_feature,0.021927547262772174,0.020064665004611015,0.04011110235005616,0.4050787403090125,0.7112562187721885,-0.45737758738716683,-0.01929336773462098,-0.01026038873339763,0.9997435055657864,0.9997418598660435,0.9996967854635335
5,5,44,shift_rank8_noise,0.01899479814710683,0.018235372379422188,0.030720112472772596,0.36324660801477304,0.7112562187721885,-0.45737758738716683,-0.01929336773462098,-0.01026038873339763,0.9997435055657864,0.9997418598660435,0.9996967854635335
5,5,44,shift_rank8_noisy_delta,0.019041832013769664,0.018269099295139313,0.030368212144821882,0.36233323935430767,0.7112562187721885,-0.45737758738716683,-0.01929336773462098,-0.01026038873339763,0.9997435055657864,0.9997418598660435,0.9996967854635335
5,5,44,shift_rank8_state,0.011530942755164161,0.01065735798329115,0.02281401799991727,0.23913389589240977,0.7112562187721885,-0.45737758738716683,-0.01929336773462098,-0.01026038873339763,0.9997435055657864,0.9997418598660435,0.9996967854635335
5,5,44,shift_rank8_state_noise,0.011553973061992524,0.010675754398107529,0.022829478420317174,0.2391341364530508,0.7112562187721885,-0.45737758738716683,-0.01929336773462098,-0.01026038873339763,0.9997435055657864,0.9997418598660435,0.9996967854635335
5,5,44,shift_rank8_state_noisy_condition,0.01157098672969308,0.010688607580959797,0.022957996185868978,0.23914105257147975,0.7112562187721885,-0.45737758738716683,-0.01929336773462098,-0.01026038873339763,0.9997435055657864,0.9997418598660435,0.9996967854635335
5,5,44,shift_rank8_oracle,0.011575103425569755,0.01069707702845335,0.022879922669380902,0.23909454418088497,0.7112562187721885,-0.45737758738716683,-0.01929336773462098,-0.01026038873339763,0.9997435055657864,0.9997418598660435,0.9996967854635335
6,5,44,raw_reuse,0.017362347915431033,0.015912706032395363,0.02802773620933294,0.14937400870959894,0.8923148274381991,0.12002727175161143,-0.026478869668449256,-0.014184122365064278,0.9993912364226992,0.999432069269338,0.999365170794751
6,5,44,shift_reuse,0.03953113775635472,0.03770469129085541,0.06548305302858352,0.38394930452905485,0.8923148274381991,0.12002727175161143,-0.026478869668449256,-0.014184122365064278,0.9993912364226992,0.999432069269338,0.999365170794751
6,5,44,shift_local_r2,0.026283995709242586,0.02323269285261631,0.04370496720075607,0.2263357386920087,0.8923148274381991,0.12002727175161143,-0.026478869668449256,-0.014184122365064278,0.9993912364226992,0.999432069269338,0.999365170794751
6,5,44,shift_rank8_feature,0.02625017653677336,0.02341778762638569,0.048533694632351375,0.21853786296101302,0.8923148274381991,0.12002727175161143,-0.026478869668449256,-0.014184122365064278,0.9993912364226992,0.999432069269338,0.999365170794751
6,5,44,shift_rank8_noise,0.02746701669300099,0.024689212441444397,0.04769047293812036,0.23036313787828858,0.8923148274381991,0.12002727175161143,-0.026478869668449256,-0.014184122365064278,0.9993912364226992,0.999432069269338,0.999365170794751
6,5,44,shift_rank8_noisy_delta,0.027432949185806004,0.024666570127010345,0.047022856771945946,0.22939420119903417,0.8923148274381991,0.12002727175161143,-0.026478869668449256,-0.014184122365064278,0.9993912364226992,0.999432069269338,0.999365170794751
6,5,44,shift_rank8_state,0.012615409546617534,0.011649840511381626,0.02308461796492338,0.1260820675008241,0.8923148274381991,0.12002727175161143,-0.026478869668449256,-0.014184122365064278,0.9993912364226992,0.999432069269338,0.999365170794751
6,5,44,shift_rank8_state_noise,0.012694449377053411,0.01172544527798891,0.023172639589756724,0.1260762055109579,0.8923148274381991,0.12002727175161143,-0.026478869668449256,-0.014184122365064278,0.9993912364226992,0.999432069269338,0.999365170794751
6,5,44,shift_rank8_state_noisy_condition,0.012679889840760373,0.011718395166099072,0.023159326519817114,0.12608581917433845,0.8923148274381991,0.12002727175161143,-0.026478869668449256,-0.014184122365064278,0.9993912364226992,0.999432069269338,0.999365170794751
6,5,44,shift_rank8_oracle,0.01271463661646994,0.011715228669345379,0.02309474106878042,0.12599457311493553,0.8923148274381991,0.12002727175161143,-0.026478869668449256,-0.014184122365064278,0.9993912364226992,0.999432069269338,0.999365170794751
7,5,44,raw_reuse,0.03006264776646487,0.026636401191353798,0.045735339261591436,0.11020819349585906,0.9191066361274873,-0.2260506158726343,0.32510909714360037,0.3320715334776607,0.9994903162166393,0.9996380331944583,0.9995829129854154
7,5,44,shift_reuse,0.03583311596740757,0.03475407883524895,0.05836543943732976,0.1475053931440545,0.9191066361274873,-0.2260506158726343,0.32510909714360037,0.3320715334776607,0.9994903162166393,0.9996380331944583,0.9995829129854154
7,5,44,shift_local_r2,0.025247379002263922,0.02376755326986313,0.04681899398565292,0.13387961111032726,0.9191066361274873,-0.2260506158726343,0.32510909714360037,0.3320715334776607,0.9994903162166393,0.9996380331944583,0.9995829129854154
7,5,44,shift_rank8_feature,0.034930974340418974,0.03393945470452309,0.0536714106798172,0.15038811759466755,0.9191066361274873,-0.2260506158726343,0.32510909714360037,0.3320715334776607,0.9994903162166393,0.9996380331944583,0.9995829129854154
7,5,44,shift_rank8_noise,0.02489604379701265,0.02338504232466221,0.04592276345938443,0.11506836653886708,0.9191066361274873,-0.2260506158726343,0.32510909714360037,0.3320715334776607,0.9994903162166393,0.9996380331944583,0.9995829129854154
7,5,44,shift_rank8_noisy_delta,0.02473850828134881,0.02317795716226101,0.044910573400557034,0.11455256975187753,0.9191066361274873,-0.2260506158726343,0.32510909714360037,0.3320715334776607,0.9994903162166393,0.9996380331944583,0.9995829129854154
7,5,44,shift_rank8_state,0.009241665433757509,0.00837587472051382,0.020170285552740093,0.042056339066682956,0.9191066361274873,-0.2260506158726343,0.32510909714360037,0.3320715334776607,0.9994903162166393,0.9996380331944583,0.9995829129854154
7,5,44,shift_rank8_state_noise,0.008995102831903759,0.008192645385861397,0.01966918241232633,0.04202644822661241,0.9191066361274873,-0.2260506158726343,0.32510909714360037,0.3320715334776607,0.9994903162166393,0.9996380331944583,0.9995829129854154
7,5,44,shift_rank8_state_noisy_condition,0.009040120804910417,0.008230563253164291,0.01970429373905062,0.04203760053583044,0.9191066361274873,-0.2260506158726343,0.32510909714360037,0.3320715334776607,0.9994903162166393,0.9996380331944583,0.9995829129854154
7,5,44,shift_rank8_oracle,0.00892997796306832,0.008123870007693768,0.019697864260524507,0.041953128007643496,0.9191066361274873,-0.2260506158726343,0.32510909714360037,0.3320715334776607,0.9994903162166393,0.9996380331944583,0.9995829129854154
0,6,33,raw_reuse,0.591969236084904,0.5654778480529785,0.8699076354503631,0.5161038364973634,0.9046921911027038,0.8216008321098696,0.8545862472073316,0.865067939114189,0.999917474328757,0.9999496683639093,0.9999100912446454
0,6,33,shift_reuse,0.5618550487703999,0.5442413687705994,0.8584998190402984,0.5231946330076946,0.9046921911027038,0.8216008321098696,0.8545862472073316,0.865067939114189,0.999917474328757,0.9999496683639093,0.9999100912446454
0,6,33,shift_local_r2,0.35386225270671107,0.33273813128471375,0.6537081897258759,0.4014182383357738,0.9046921911027038,0.8216008321098696,0.8545862472073316,0.865067939114189,0.999917474328757,0.9999496683639093,0.9999100912446454
0,6,33,shift_rank8_feature,0.15038553852290817,0.14042232930660248,0.2650582507252693,0.25176358330785065,0.9046921911027038,0.8216008321098696,0.8545862472073316,0.865067939114189,0.999917474328757,0.9999496683639093,0.9999100912446454
0,6,33,shift_rank8_noise,0.12124934082349025,0.11320966482162476,0.2126896008849144,0.23767413640585705,0.9046921911027038,0.8216008321098696,0.8545862472073316,0.865067939114189,0.999917474328757,0.9999496683639093,0.9999100912446454
0,6,33,shift_rank8_noisy_delta,0.09832173482737228,0.0927349105477333,0.1645221836864948,0.23301867379713542,0.9046921911027038,0.8216008321098696,0.8545862472073316,0.865067939114189,0.999917474328757,0.9999496683639093,0.9999100912446454
0,6,33,shift_rank8_state,0.05180150420412271,0.04414963722229004,0.08984582051634787,0.1615738363076829,0.9046921911027038,0.8216008321098696,0.8545862472073316,0.865067939114189,0.999917474328757,0.9999496683639093,0.9999100912446454
0,6,33,shift_rank8_state_noise,0.05138174304927052,0.043722014874219894,0.09200318716466425,0.16155301811050216,0.9046921911027038,0.8216008321098696,0.8545862472073316,0.865067939114189,0.999917474328757,0.9999496683639093,0.9999100912446454
0,6,33,shift_rank8_state_noisy_condition,0.05183802866313299,0.044100601226091385,0.09001408293843269,0.16157863221678323,0.9046921911027038,0.8216008321098696,0.8545862472073316,0.865067939114189,0.999917474328757,0.9999496683639093,0.9999100912446454
0,6,33,shift_rank8_oracle,0.05088976756568864,0.043271154165267944,0.09233258180320263,0.16152045263035655,0.9046921911027038,0.8216008321098696,0.8545862472073316,0.865067939114189,0.999917474328757,0.9999496683639093,0.9999100912446454
1,6,33,raw_reuse,0.05219478205237028,0.051267046481370926,0.08100967295467854,0.4588888043796564,0.6971283577702365,0.5720366736514656,0.571819241124977,0.5571331887759208,0.9997983601105443,0.9998008583127791,0.9997804509813751
1,6,33,shift_reuse,0.03793493354105745,0.03643881902098656,0.06220912020653486,0.48794145411886664,0.6971283577702365,0.5720366736514656,0.571819241124977,0.5571331887759208,0.9997983601105443,0.9998008583127791,0.9997804509813751
1,6,33,shift_local_r2,0.015040808920006412,0.014690774492919445,0.027407855819910756,0.3186181284045053,0.6971283577702365,0.5720366736514656,0.571819241124977,0.5571331887759208,0.9997983601105443,0.9998008583127791,0.9997804509813751
1,6,33,shift_rank8_feature,0.02442720646630168,0.022889144718647003,0.043753651157021504,0.34042381867885074,0.6971283577702365,0.5720366736514656,0.571819241124977,0.5571331887759208,0.9997983601105443,0.9998008583127791,0.9997804509813751
1,6,33,shift_rank8_noise,0.01763981777517755,0.017260173335671425,0.02880525393411517,0.34045648548944074,0.6971283577702365,0.5720366736514656,0.571819241124977,0.5571331887759208,0.9997983601105443,0.9998008583127791,0.9997804509813751
1,6,33,shift_rank8_noisy_delta,0.01717097792642422,0.016475284472107887,0.029735505580902096,0.3426556835844584,0.6971283577702365,0.5720366736514656,0.571819241124977,0.5571331887759208,0.9997983601105443,0.9998008583127791,0.9997804509813751
1,6,33,shift_rank8_state,0.010229305717687454,0.010112367570400238,0.01619762908667326,0.268571038341964,0.6971283577702365,0.5720366736514656,0.571819241124977,0.5571331887759208,0.9997983601105443,0.9998008583127791,0.9997804509813751
1,6,33,shift_rank8_state_noise,0.0102586309126028,0.010146810673177242,0.01626388793811202,0.2685705745718048,0.6971283577702365,0.5720366736514656,0.571819241124977,0.5571331887759208,0.9997983601105443,0.9998008583127791,0.9997804509813751
1,6,33,shift_rank8_state_noisy_condition,0.010234335608502905,0.010126534849405289,0.01612480320036411,0.2685744586468882,0.6971283577702365,0.5720366736514656,0.571819241124977,0.5571331887759208,0.9997983601105443,0.9998008583127791,0.9997804509813751
1,6,33,shift_rank8_oracle,0.010231291593098294,0.010127897374331951,0.01624536085873842,0.2685326033900187,0.6971283577702365,0.5720366736514656,0.571819241124977,0.5571331887759208,0.9997983601105443,0.9998008583127791,0.9997804509813751
2,6,33,raw_reuse,0.01627652175732501,0.014111824333667755,0.0343043603003025,0.4514125940878975,0.5722408532764504,0.03700772582889911,0.09768816383997958,0.06724299314520377,0.9995288890254073,0.9995422347658164,0.9994902365772932
2,6,33,shift_reuse,0.015630132351553798,0.014201298356056213,0.03239984717220068,0.4782398469284069,0.5722408532764504,0.03700772582889911,0.09768816383997958,0.06724299314520377,0.9995288890254073,0.9995422347658164,0.9994902365772932
2,6,33,shift_local_r2,0.012081832202782406,0.011076976545155048,0.02311751060187816,0.4139839071475991,0.5722408532764504,0.03700772582889911,0.09768816383997958,0.06724299314520377,0.9995288890254073,0.9995422347658164,0.9994902365772932
2,6,33,shift_rank8_feature,0.017179774646583688,0.015625787898898125,0.03435806725174188,0.4419054821675034,0.5722408532764504,0.03700772582889911,0.09768816383997958,0.06724299314520377,0.9995288890254073,0.9995422347658164,0.9994902365772932
2,6,33,shift_rank8_noise,0.013466829405119833,0.012559477239847183,0.025901250820606944,0.4349024657938996,0.5722408532764504,0.03700772582889911,0.09768816383997958,0.06724299314520377,0.9995288890254073,0.9995422347658164,0.9994902365772932
2,6,33,shift_rank8_noisy_delta,0.013867862599835822,0.012954567559063435,0.02663039723411202,0.4384300537242676,0.5722408532764504,0.03700772582889911,0.09768816383997958,0.06724299314520377,0.9995288890254073,0.9995422347658164,0.9994902365772932
2,6,33,shift_rank8_state,0.011311517464853602,0.010883417911827564,0.02104642195627093,0.3128608202215039,0.5722408532764504,0.03700772582889911,0.09768816383997958,0.06724299314520377,0.9995288890254073,0.9995422347658164,0.9994902365772932
2,6,33,shift_rank8_state_noise,0.011315655947241205,0.010886028409004211,0.021123897563666102,0.31285869276000344,0.5722408532764504,0.03700772582889911,0.09768816383997958,0.06724299314520377,0.9995288890254073,0.9995422347658164,0.9994902365772932
2,6,33,shift_rank8_state_noisy_condition,0.011305372614907392,0.010877768509089947,0.02110887626186013,0.3128670558845225,0.5722408532764504,0.03700772582889911,0.09768816383997958,0.06724299314520377,0.9995288890254073,0.9995422347658164,0.9994902365772932
2,6,33,shift_rank8_oracle,0.011322866388871282,0.010902002453804016,0.02115359818562865,0.3127846350915648,0.5722408532764504,0.03700772582889911,0.09768816383997958,0.06724299314520377,0.9995288890254073,0.9995422347658164,0.9994902365772932
3,6,33,raw_reuse,0.014873367580605064,0.013255331665277481,0.027567032445222128,0.325935171449427,0.4500702733819808,-0.501020630975888,-0.07298288654434004,-0.10120077631809199,0.9995984927058003,0.9995899536746606,0.9995534272909108
3,6,33,shift_reuse,0.015375157871505915,0.014406923204660416,0.0284617300145328,0.3646494763188843,0.4500702733819808,-0.501020630975888,-0.07298288654434004,-0.10120077631809199,0.9995984927058003,0.9995899536746606,0.9995534272909108
3,6,33,shift_local_r2,0.013947614313098598,0.013075140304863453,0.023282922338694334,0.3314049041496464,0.4500702733819808,-0.501020630975888,-0.07298288654434004,-0.10120077631809199,0.9995984927058003,0.9995899536746606,0.9995534272909108
3,6,33,shift_rank8_feature,0.020410534993791807,0.01809021644294262,0.029632923845201727,0.3714328813422216,0.4500702733819808,-0.501020630975888,-0.07298288654434004,-0.10120077631809199,0.9995984927058003,0.9995899536746606,0.9995534272909108
3,6,33,shift_rank8_noise,0.01393453939136221,0.01308346539735794,0.025986903719604007,0.3456482642221806,0.4500702733819808,-0.501020630975888,-0.07298288654434004,-0.10120077631809199,0.9995984927058003,0.9995899536746606,0.9995534272909108
3,6,33,shift_rank8_noisy_delta,0.013993125510365818,0.013144698925316334,0.02606052560731768,0.34740702824536257,0.4500702733819808,-0.501020630975888,-0.07298288654434004,-0.10120077631809199,0.9995984927058003,0.9995899536746606,0.9995534272909108
3,6,33,shift_rank8_state,0.011939852356981128,0.011155758984386921,0.0224554649554193,0.27044609734658115,0.4500702733819808,-0.501020630975888,-0.07298288654434004,-0.10120077631809199,0.9995984927058003,0.9995899536746606,0.9995534272909108
3,6,33,shift_rank8_state_noise,0.011935071166322662,0.011147853918373585,0.022450389061123132,0.27044676245671273,0.4500702733819808,-0.501020630975888,-0.07298288654434004,-0.10120077631809199,0.9995984927058003,0.9995899536746606,0.9995534272909108
3,6,33,shift_rank8_state_noisy_condition,0.011947591868608089,0.011160213500261307,0.022466079518198966,0.2704496889412918,0.4500702733819808,-0.501020630975888,-0.07298288654434004,-0.10120077631809199,0.9995984927058003,0.9995899536746606,0.9995534272909108
3,6,33,shift_rank8_oracle,0.011966901992033114,0.011178690940141678,0.022469986230134964,0.27041401243383295,0.4500702733819808,-0.501020630975888,-0.07298288654434004,-0.10120077631809199,0.9995984927058003,0.9995899536746606,0.9995534272909108
4,6,33,raw_reuse,0.017350431390261878,0.01552098523825407,0.031749529950320717,0.3240393265260252,0.516019893219205,-0.3815001479082878,-0.005367578862973232,-0.013032400767282626,0.9995976429491364,0.9995851002230217,0.9994821630628569
4,6,33,shift_reuse,0.02248492716837256,0.02019987441599369,0.03638551011681556,0.3856798521709841,0.516019893219205,-0.3815001479082878,-0.005367578862973232,-0.013032400767282626,0.9995976429491364,0.9995851002230217,0.9994821630628569
4,6,33,shift_local_r2,0.01943172382987242,0.01774969883263111,0.03230804037302732,0.34486755125176255,0.516019893219205,-0.3815001479082878,-0.005367578862973232,-0.013032400767282626,0.9995976429491364,0.9995851002230217,0.9994821630628569
4,6,33,shift_rank8_feature,0.02134398213132339,0.019287051633000374,0.035904020257294174,0.3716511804667952,0.516019893219205,-0.3815001479082878,-0.005367578862973232,-0.013032400767282626,0.9995976429491364,0.9995851002230217,0.9994821630628569
4,6,33,shift_rank8_noise,0.0194544309925204,0.017775485292077065,0.031814928911626336,0.3465818302887635,0.516019893219205,-0.3815001479082878,-0.005367578862973232,-0.013032400767282626,0.9995976429491364,0.9995851002230217,0.9994821630628569
4,6,33,shift_rank8_noisy_delta,0.019505003750285983,0.017808599397540092,0.031783724948763845,0.34711078695366615,0.516019893219205,-0.3815001479082878,-0.005367578862973232,-0.013032400767282626,0.9995976429491364,0.9995851002230217,0.9994821630628569
4,6,33,shift_rank8_state,0.012691506199984605,0.011990436352789402,0.021381659712642425,0.26834827422161484,0.516019893219205,-0.3815001479082878,-0.005367578862973232,-0.013032400767282626,0.9995976429491364,0.9995851002230217,0.9994821630628569
4,6,33,shift_rank8_state_noise,0.012690576601645008,0.01199236512184143,0.02139486111700534,0.2683494029103689,0.516019893219205,-0.3815001479082878,-0.005367578862973232,-0.013032400767282626,0.9995976429491364,0.9995851002230217,0.9994821630628569
4,6,33,shift_rank8_state_noisy_condition,0.012684768940675686,0.011986791156232357,0.021412031166255466,0.2683585873384654,0.516019893219205,-0.3815001479082878,-0.005367578862973232,-0.013032400767282626,0.9995976429491364,0.9995851002230217,0.9994821630628569
4,6,33,shift_rank8_oracle,0.012675634100078067,0.011980723589658737,0.02151263235136866,0.26831237749300635,0.516019893219205,-0.3815001479082878,-0.005367578862973232,-0.013032400767282626,0.9995976429491364,0.9995851002230217,0.9994821630628569
5,6,33,raw_reuse,0.02102293910395328,0.017547063529491425,0.038089450076222414,0.3064194062691211,0.6887470045945662,-0.1515845459261531,-0.03421179568559718,-0.04392492532734393,0.9996544742528983,0.9996718194792156,0.9996230444091055
5,6,33,shift_reuse,0.032576724985778176,0.02924978733062744,0.048416175693273535,0.45973425996795614,0.6887470045945662,-0.1515845459261531,-0.03421179568559718,-0.04392492532734393,0.9996544742528983,0.9996718194792156,0.9996230444091055
5,6,33,shift_local_r2,0.027466031768759728,0.024008482694625854,0.03946483153849839,0.39182105749817336,0.6887470045945662,-0.1515845459261531,-0.03421179568559718,-0.04392492532734393,0.9996544742528983,0.9996718194792156,0.9996230444091055
5,6,33,shift_rank8_feature,0.03348374097853582,0.02536897361278534,0.05561088472604751,0.4072886425385347,0.6887470045945662,-0.1515845459261531,-0.03421179568559718,-0.04392492532734393,0.9996544742528983,0.9996718194792156,0.9996230444091055
5,6,33,shift_rank8_noise,0.026518348177297892,0.02418794482946396,0.04177014511078596,0.3945651724036877,0.6887470045945662,-0.1515845459261531,-0.03421179568559718,-0.04392492532734393,0.9996544742528983,0.9996718194792156,0.9996230444091055
5,6,33,shift_rank8_noisy_delta,0.026347868411259506,0.024130648002028465,0.042010737210512156,0.3956336364607902,0.6887470045945662,-0.1515845459261531,-0.03421179568559718,-0.04392492532734393,0.9996544742528983,0.9996718194792156,0.9996230444091055
5,6,33,shift_rank8_state,0.013304746762359465,0.012263379991054535,0.024348803795874115,0.256544541737049,0.6887470045945662,-0.1515845459261531,-0.03421179568559718,-0.04392492532734393,0.9996544742528983,0.9996718194792156,0.9996230444091055
5,6,33,shift_rank8_state_noise,0.013319192795073695,0.01227688416838646,0.024402218591421842,0.25654158240979097,0.6887470045945662,-0.1515845459261531,-0.03421179568559718,-0.04392492532734393,0.9996544742528983,0.9996718194792156,0.9996230444091055
5,6,33,shift_rank8_state_noisy_condition,0.013362718116930074,0.012310978956520557,0.024292783718556164,0.25654985173560413,0.6887470045945662,-0.1515845459261531,-0.03421179568559718,-0.04392492532734393,0.9996544742528983,0.9996718194792156,0.9996230444091055
5,6,33,shift_rank8_oracle,0.01335676514800386,0.012307007797062397,0.02445261506363749,0.25648598483598595,0.6887470045945662,-0.1515845459261531,-0.03421179568559718,-0.04392492532734393,0.9996544742528983,0.9996718194792156,0.9996230444091055
6,6,33,raw_reuse,0.02122235937140576,0.018974242731928825,0.0371686216443777,0.18652078016439128,0.8922354336122085,0.049653366051566006,-0.046029066307276656,-0.060789532588313655,0.9996128088126767,0.9996179498076861,0.9995583025478518
6,6,33,shift_reuse,0.04916164238945622,0.04658423736691475,0.084457254037261,0.46005362339054234,0.8922354336122085,0.049653366051566006,-0.046029066307276656,-0.060789532588313655,0.9996128088126767,0.9996179498076861,0.9995583025478518
6,6,33,shift_local_r2,0.03687566089039355,0.03238097205758095,0.06413352824747562,0.3011824912146081,0.8922354336122085,0.049653366051566006,-0.046029066307276656,-0.060789532588313655,0.9996128088126767,0.9996179498076861,0.9995583025478518
6,6,33,shift_rank8_feature,0.038881775091538326,0.03466801345348358,0.06823191735893486,0.2934097462890578,0.8922354336122085,0.049653366051566006,-0.046029066307276656,-0.060789532588313655,0.9996128088126767,0.9996179498076861,0.9995583025478518
6,6,33,shift_rank8_noise,0.038300424036933435,0.03458631411194801,0.06576021648943424,0.304073222738713,0.8922354336122085,0.049653366051566006,-0.046029066307276656,-0.060789532588313655,0.9996128088126767,0.9996179498076861,0.9995583025478518
6,6,33,shift_rank8_noisy_delta,0.0384317787041177,0.0347876213490963,0.06671721301972866,0.30568510801502186,0.8922354336122085,0.049653366051566006,-0.046029066307276656,-0.060789532588313655,0.9996128088126767,0.9996179498076861,0.9995583025478518
6,6,33,shift_rank8_state,0.014348146381655566,0.013440817594528198,0.026826332695782183,0.15110948676181216,0.8922354336122085,0.049653366051566006,-0.046029066307276656,-0.060789532588313655,0.9996128088126767,0.9996179498076861,0.9995583025478518
6,6,33,shift_rank8_state_noise,0.014407755245124982,0.013502220623195171,0.026949543878436087,0.15110837278424438,0.8922354336122085,0.049653366051566006,-0.046029066307276656,-0.060789532588313655,0.9996128088126767,0.9996179498076861,0.9995583025478518
6,6,33,shift_rank8_state_noisy_condition,0.014424344570203354,0.013515801168978214,0.027103377785533664,0.15112149892956098,0.8922354336122085,0.049653366051566006,-0.046029066307276656,-0.060789532588313655,0.9996128088126767,0.9996179498076861,0.9995583025478518
6,6,33,shift_rank8_oracle,0.014486700312934763,0.013553638942539692,0.026815288979560137,0.15102416681725442,0.8922354336122085,0.049653366051566006,-0.046029066307276656,-0.060789532588313655,0.9996128088126767,0.9996179498076861,0.9995583025478518
7,6,33,raw_reuse,0.0300783037008422,0.025839125737547874,0.048823216930031776,0.11142967739653593,0.8748970143612901,-0.29577208502601393,0.174746295202595,0.1751806836995663,0.9991174880679656,0.9992219238758272,0.9989262693451696
7,6,33,shift_reuse,0.04084156958704037,0.03925241902470589,0.06971883028745651,0.164018765744587,0.8748970143612901,-0.29577208502601393,0.174746295202595,0.1751806836995663,0.9991174880679656,0.9992219238758272,0.9989262693451696
7,6,33,shift_local_r2,0.0342449087668706,0.032089125365018845,0.06470569632947444,0.15085770319089883,0.8748970143612901,-0.29577208502601393,0.174746295202595,0.1751806836995663,0.9991174880679656,0.9992219238758272,0.9989262693451696
7,6,33,shift_rank8_feature,0.03883814917186564,0.037092629820108414,0.0652081400156021,0.16722855750777413,0.8748970143612901,-0.29577208502601393,0.174746295202595,0.1751806836995663,0.9991174880679656,0.9992219238758272,0.9989262693451696
7,6,33,shift_rank8_noise,0.03385319577354339,0.03184531256556511,0.05938075073063374,0.1379591939051453,0.8748970143612901,-0.29577208502601393,0.174746295202595,0.1751806836995663,0.9991174880679656,0.9992219238758272,0.9989262693451696
7,6,33,shift_rank8_noisy_delta,0.03375386847039589,0.03177883103489876,0.05851020999252796,0.13792929662571896,0.8748970143612901,-0.29577208502601393,0.174746295202595,0.1751806836995663,0.9991174880679656,0.9992219238758272,0.9989262693451696
7,6,33,shift_rank8_state,0.012429772105557511,0.011370032094419003,0.026433007232844828,0.058157496766891456,0.8748970143612901,-0.29577208502601393,0.174746295202595,0.1751806836995663,0.9991174880679656,0.9992219238758272,0.9989262693451696
7,6,33,shift_rank8_state_noise,0.012140353119497667,0.011121369898319244,0.025312256440520285,0.05814044700065929,0.8748970143612901,-0.29577208502601393,0.174746295202595,0.1751806836995663,0.9991174880679656,0.9992219238758272,0.9989262693451696
7,6,33,shift_rank8_state_noisy_condition,0.012165997179505112,0.011149446479976177,0.02557679349556565,0.058188699954813995,0.8748970143612901,-0.29577208502601393,0.174746295202595,0.1751806836995663,0.9991174880679656,0.9992219238758272,0.9989262693451696
7,6,33,shift_rank8_oracle,0.01210863034329362,0.011098957620561123,0.02588513288646936,0.05801327412942438,0.8748970143612901,-0.29577208502601393,0.174746295202595,0.1751806836995663,0.9991174880679656,0.9992219238758272,0.9989262693451696
0,7,22,raw_reuse,0.6027261728980179,0.5719026327133179,0.8864143699407576,0.5011900572257157,0.8941778244020431,0.7776249721629629,0.8282220502207056,0.8510965160200025,0.9998249526523489,0.9999120322851399,0.9998341595484819
0,7,22,shift_reuse,0.5708267789698237,0.552395761013031,0.8836947619915008,0.514536700204669,0.8941778244020431,0.7776249721629629,0.8282220502207056,0.8510965160200025,0.9998249526523489,0.9999120322851399,0.9998341595484819
0,7,22,shift_local_r2,0.3379259401001807,0.31997787952423096,0.6329851835966109,0.3964976842415577,0.8941778244020431,0.7776249721629629,0.8282220502207056,0.8510965160200025,0.9998249526523489,0.9999120322851399,0.9998341595484819
0,7,22,shift_rank8_feature,0.16518588018810057,0.15506549179553986,0.3278076648712158,0.2621449708158716,0.8941778244020431,0.7776249721629629,0.8282220502207056,0.8510965160200025,0.9998249526523489,0.9999120322851399,0.9998341595484819
0,7,22,shift_rank8_noise,0.1361662155784648,0.12867192924022675,0.22907395288348195,0.24384143842910647,0.8941778244020431,0.7776249721629629,0.8282220502207056,0.8510965160200025,0.9998249526523489,0.9999120322851399,0.9998341595484819
0,7,22,shift_rank8_noisy_delta,0.12658574310375345,0.11850031465291977,0.23053393736481664,0.23509929162546672,0.8941778244020431,0.7776249721629629,0.8282220502207056,0.8510965160200025,0.9998249526523489,0.9999120322851399,0.9998341595484819
0,7,22,shift_rank8_state,0.05631909752142411,0.04891147091984749,0.09611880034208298,0.1674761124597464,0.8941778244020431,0.7776249721629629,0.8282220502207056,0.8510965160200025,0.9998249526523489,0.9999120322851399,0.9998341595484819
0,7,22,shift_rank8_state_noise,0.0567102278515718,0.0493570975959301,0.09735750071704388,0.16742853970395505,0.8941778244020431,0.7776249721629629,0.8282220502207056,0.8510965160200025,0.9998249526523489,0.9999120322851399,0.9998341595484819
0,7,22,shift_rank8_state_noisy_condition,0.05649154582444724,0.04901104047894478,0.0967012744396925,0.16747109842132038,0.8941778244020431,0.7776249721629629,0.8282220502207056,0.8510965160200025,0.9998249526523489,0.9999120322851399,0.9998341595484819
0,7,22,shift_rank8_oracle,0.05682477742550226,0.049277763813734055,0.09947880394756793,0.16738043799465943,0.8941778244020431,0.7776249721629629,0.8282220502207056,0.8510965160200025,0.9998249526523489,0.9999120322851399,0.9998341595484819
1,7,22,raw_reuse,0.06048563965802629,0.05895059183239937,0.09434289038181304,0.43427777193829686,0.6713719831385021,0.5465566396861159,0.5099230559832076,0.5241715232188899,0.9996102935252836,0.9995927394852745,0.9996044063363748
1,7,22,shift_reuse,0.048228118295333355,0.04677877947688103,0.07789924964308738,0.48465848690007013,0.6713719831385021,0.5465566396861159,0.5099230559832076,0.5241715232188899,0.9996102935252836,0.9995927394852745,0.9996044063363748
1,7,22,shift_local_r2,0.018967292302609053,0.018556414172053337,0.03068815805017948,0.3212066964471862,0.6713719831385021,0.5465566396861159,0.5099230559832076,0.5241715232188899,0.9996102935252836,0.9995927394852745,0.9996044063363748
1,7,22,shift_rank8_feature,0.029707675129935565,0.02842249907553196,0.052472157031297685,0.3430229063054867,0.6713719831385021,0.5465566396861159,0.5099230559832076,0.5241715232188899,0.9996102935252836,0.9995927394852745,0.9996044063363748
1,7,22,shift_rank8_noise,0.021886527621459973,0.021352499723434448,0.03928296137601137,0.3477562668228747,0.6713719831385021,0.5465566396861159,0.5099230559832076,0.5241715232188899,0.9996102935252836,0.9995927394852745,0.9996044063363748
1,7,22,shift_rank8_noisy_delta,0.02424678248934011,0.024145612493157387,0.04049600958824157,0.3459229283274975,0.6713719831385021,0.5465566396861159,0.5099230559832076,0.5241715232188899,0.9996102935252836,0.9995927394852745,0.9996044063363748
1,7,22,shift_rank8_state,0.014306798242445247,0.014223114587366581,0.024778563436120744,0.27789832708319345,0.6713719831385021,0.5465566396861159,0.5099230559832076,0.5241715232188899,0.9996102935252836,0.9995927394852745,0.9996044063363748
1,7,22,shift_rank8_state_noise,0.01437192365527791,0.0142960324883461,0.024916546232998365,0.2779011316582113,0.6713719831385021,0.5465566396861159,0.5099230559832076,0.5241715232188899,0.9996102935252836,0.9995927394852745,0.9996044063363748
1,7,22,shift_rank8_state_noisy_condition,0.014296742504338609,0.014212523587048054,0.02473034374415874,0.2778992721030364,0.6713719831385021,0.5465566396861159,0.5099230559832076,0.5241715232188899,0.9996102935252836,0.9995927394852745,0.9996044063363748
1,7,22,shift_rank8_oracle,0.01436260521524422,0.014279867522418499,0.02474937373772263,0.27783574238197944,0.6713719831385021,0.5465566396861159,0.5099230559832076,0.5241715232188899,0.9996102935252836,0.9995927394852745,0.9996044063363748
2,7,22,raw_reuse,0.018850632564154434,0.01673646830022335,0.03781140744686126,0.4381511106340321,0.48795590417762047,-0.33878912927658855,-0.013873329904604548,0.048690897366163166,0.9989631875037449,0.9990353829572262,0.9990448152323577
2,7,22,shift_reuse,0.019467255966699803,0.017856692895293236,0.03786064777523279,0.487228368459853,0.48795590417762047,-0.33878912927658855,-0.013873329904604548,0.048690897366163166,0.9989631875037449,0.9990353829572262,0.9990448152323577
2,7,22,shift_local_r2,0.014782324496162765,0.013686495833098888,0.025872793700546026,0.4303352754544813,0.48795590417762047,-0.33878912927658855,-0.013873329904604548,0.048690897366163166,0.9989631875037449,0.9990353829572262,0.9990448152323577
2,7,22,shift_rank8_feature,0.01932911672985187,0.01801108755171299,0.03409673124551772,0.47830511069386145,0.48795590417762047,-0.33878912927658855,-0.013873329904604548,0.048690897366163166,0.9989631875037449,0.9990353829572262,0.9990448152323577
2,7,22,shift_rank8_noise,0.016390725225063532,0.01538895908743143,0.03056998429819941,0.4502820797530739,0.48795590417762047,-0.33878912927658855,-0.013873329904604548,0.048690897366163166,0.9989631875037449,0.9990353829572262,0.9990448152323577
2,7,22,shift_rank8_noisy_delta,0.016050620572064345,0.01507111918181181,0.028525430429726835,0.4446833773551321,0.48795590417762047,-0.33878912927658855,-0.013873329904604548,0.048690897366163166,0.9989631875037449,0.9990353829572262,0.9990448152323577
2,7,22,shift_rank8_state,0.01343523247417053,0.012799647636711597,0.02389884879812598,0.34876631900879274,0.48795590417762047,-0.33878912927658855,-0.013873329904604548,0.048690897366163166,0.9989631875037449,0.9990353829572262,0.9990448152323577
2,7,22,shift_rank8_state_noise,0.013468048535969354,0.01283970009535551,0.024010768905282018,0.3487580264271559,0.48795590417762047,-0.33878912927658855,-0.013873329904604548,0.048690897366163166,0.9989631875037449,0.9990353829572262,0.9990448152323577
2,7,22,shift_rank8_state_noisy_condition,0.013446583570389567,0.012816590256989002,0.023932624142616984,0.34875694861150547,0.48795590417762047,-0.33878912927658855,-0.013873329904604548,0.048690897366163166,0.9989631875037449,0.9990353829572262,0.9990448152323577
2,7,22,shift_rank8_oracle,0.0134243115492319,0.012800168246030807,0.024014256615191694,0.34864725337377894,0.48795590417762047,-0.33878912927658855,-0.013873329904604548,0.048690897366163166,0.9989631875037449,0.9990353829572262,0.9990448152323577
3,7,22,raw_reuse,0.021551834988218343,0.018743500113487244,0.044485940411686895,0.31634214719216525,0.40276531490994805,-0.682347872430042,-0.12087658986959449,-0.08629993183087814,0.9990206162321831,0.9990314987834288,0.999035279451907
3,7,22,shift_reuse,0.020378910985516627,0.01864475943148136,0.03713336959481239,0.35478966167469944,0.40276531490994805,-0.682347872430042,-0.12087658986959449,-0.08629993183087814,0.9990206162321831,0.9990314987834288,0.999035279451907
3,7,22,shift_local_r2,0.019782782725461658,0.01810898445546627,0.03767738118767738,0.3325164130238064,0.40276531490994805,-0.682347872430042,-0.12087658986959449,-0.08629993183087814,0.9990206162321831,0.9990314987834288,0.999035279451907
3,7,22,shift_rank8_feature,0.026733124047382893,0.024075692519545555,0.05231338143348693,0.3689995151970944,0.40276531490994805,-0.682347872430042,-0.12087658986959449,-0.08629993183087814,0.9990206162321831,0.9990314987834288,0.999035279451907
3,7,22,shift_rank8_noise,0.019697508051100546,0.01827555149793625,0.03724792320281267,0.3403055815045736,0.40276531490994805,-0.682347872430042,-0.12087658986959449,-0.08629993183087814,0.9990206162321831,0.9990314987834288,0.999035279451907
3,7,22,shift_rank8_noisy_delta,0.01959203664135346,0.018176166340708733,0.03689534794539213,0.3384590576716695,0.40276531490994805,-0.682347872430042,-0.12087658986959449,-0.08629993183087814,0.9990206162321831,0.9990314987834288,0.999035279451907
3,7,22,shift_rank8_state,0.016064626328887697,0.014900806359946728,0.02752845538780093,0.2742495850579552,0.40276531490994805,-0.682347872430042,-0.12087658986959449,-0.08629993183087814,0.9990206162321831,0.9990314987834288,0.999035279451907
3,7,22,shift_rank8_state_noise,0.01605713030367033,0.014885206706821918,0.02757244752719998,0.2742488398018416,0.40276531490994805,-0.682347872430042,-0.12087658986959449,-0.08629993183087814,0.9990206162321831,0.9990314987834288,0.999035279451907
3,7,22,shift_rank8_state_noisy_condition,0.01608722485392261,0.014911741949617863,0.02761751776561141,0.27424861898521535,0.40276531490994805,-0.682347872430042,-0.12087658986959449,-0.08629993183087814,0.9990206162321831,0.9990314987834288,0.999035279451907
3,7,22,shift_rank8_oracle,0.016068349635713387,0.014911898411810398,0.027613312937319275,0.2741848581843841,0.40276531490994805,-0.682347872430042,-0.12087658986959449,-0.08629993183087814,0.9990206162321831,0.9990314987834288,0.999035279451907
4,7,22,raw_reuse,0.029831054841365195,0.024244586005806923,0.057122048921883085,0.328847034453537,0.5026939259174729,-0.3440670606402074,-0.01152127668278502,-0.006471762223450028,0.9993730935729772,0.9993702929973093,0.9993076653023465
4,7,22,shift_reuse,0.03103730549204766,0.026819244027137756,0.059305808134377004,0.37532184654998973,0.5026939259174729,-0.3440670606402074,-0.01152127668278502,-0.006471762223450028,0.9993730935729772,0.9993702929973093,0.9993076653023465
4,7,22,shift_local_r2,0.028330838314069937,0.02452409826219082,0.0551739664748311,0.3484521021253597,0.5026939259174729,-0.3440670606402074,-0.01152127668278502,-0.006471762223450028,0.9993730935729772,0.9993702929973093,0.9993076653023465
4,7,22,shift_rank8_feature,0.030668040264278877,0.026648350059986115,0.05302085187286138,0.37238791933485677,0.5026939259174729,-0.3440670606402074,-0.01152127668278502,-0.006471762223450028,0.9993730935729772,0.9993702929973093,0.9993076653023465
4,7,22,shift_rank8_noise,0.028457578011987075,0.02451406978070736,0.05397175420075655,0.34884841239250697,0.5026939259174729,-0.3440670606402074,-0.01152127668278502,-0.006471762223450028,0.9993730935729772,0.9993702929973093,0.9993076653023465
4,7,22,shift_rank8_noisy_delta,0.0283368568365787,0.024419164285063744,0.054130304232239725,0.34847871346256654,0.5026939259174729,-0.3440670606402074,-0.01152127668278502,-0.006471762223450028,0.9993730935729772,0.9993702929973093,0.9993076653023465
4,7,22,shift_rank8_state,0.016779350098159115,0.015541660599410534,0.02592496359720826,0.26473717953531695,0.5026939259174729,-0.3440670606402074,-0.01152127668278502,-0.006471762223450028,0.9993730935729772,0.9993702929973093,0.9993076653023465
4,7,22,shift_rank8_state_noise,0.016762951271374938,0.01553132850676775,0.025870627537369725,0.2647374415009006,0.5026939259174729,-0.3440670606402074,-0.01152127668278502,-0.006471762223450028,0.9993730935729772,0.9993702929973093,0.9993076653023465
4,7,22,shift_rank8_state_noisy_condition,0.016767394436897343,0.015535354614257812,0.025880111847072836,0.2647434667093248,0.5026939259174729,-0.3440670606402074,-0.01152127668278502,-0.006471762223450028,0.9993730935729772,0.9993702929973093,0.9993076653023465
4,7,22,shift_rank8_oracle,0.01678992223557309,0.01558051910251379,0.0258458805270493,0.26467670914642205,0.5026939259174729,-0.3440670606402074,-0.01152127668278502,-0.006471762223450028,0.9993730935729772,0.9993702929973093,0.9993076653023465
5,7,22,raw_reuse,0.03595502163195613,0.026822015643119812,0.06929049417376518,0.3373675894868846,0.6660256344529472,-0.2031631593015839,-0.051966551423774154,-0.03741585623553001,0.9993260928394458,0.999346368812257,0.9993378954255845
5,7,22,shift_reuse,0.046879876243363997,0.038885146379470825,0.08875022456049916,0.4577014328358756,0.6660256344529472,-0.2031631593015839,-0.051966551423774154,-0.03741585623553001,0.9993260928394458,0.999346368812257,0.9993378954255845
5,7,22,shift_local_r2,0.04205351724470492,0.03399479016661644,0.08122151605784889,0.40986994207922234,0.6660256344529472,-0.2031631593015839,-0.051966551423774154,-0.03741585623553001,0.9993260928394458,0.999346368812257,0.9993378954255845
5,7,22,shift_rank8_feature,0.05342940450591144,0.03457549214363098,0.07898475863039493,0.4307736011426142,0.6660256344529472,-0.2031631593015839,-0.051966551423774154,-0.03741585623553001,0.9993260928394458,0.999346368812257,0.9993378954255845
5,7,22,shift_rank8_noise,0.04135125294089756,0.034612227231264114,0.08205230869352814,0.4135683193600541,0.6660256344529472,-0.2031631593015839,-0.051966551423774154,-0.03741585623553001,0.9993260928394458,0.999346368812257,0.9993378954255845
5,7,22,shift_rank8_noisy_delta,0.04168521312033741,0.034615129232406616,0.0819648243486881,0.4118746099925163,0.6660256344529472,-0.2031631593015839,-0.051966551423774154,-0.03741585623553001,0.9993260928394458,0.999346368812257,0.9993378954255845
5,7,22,shift_rank8_state,0.016579704119046815,0.015082991681993008,0.030112266913056372,0.2646303704504786,0.6660256344529472,-0.2031631593015839,-0.051966551423774154,-0.03741585623553001,0.9993260928394458,0.999346368812257,0.9993378954255845
5,7,22,shift_rank8_state_noise,0.016590361515633482,0.015080742537975311,0.030183019768446683,0.2646266825912342,0.6660256344529472,-0.2031631593015839,-0.051966551423774154,-0.03741585623553001,0.9993260928394458,0.999346368812257,0.9993378954255845
5,7,22,shift_rank8_state_noisy_condition,0.01665128113223135,0.01511869952082634,0.030120359547436235,0.2646282537502022,0.6660256344529472,-0.2031631593015839,-0.051966551423774154,-0.03741585623553001,0.9993260928394458,0.999346368812257,0.9993378954255845
5,7,22,shift_rank8_oracle,0.016602109842088934,0.015089812688529491,0.030699992552399635,0.26450801644584315,0.6660256344529472,-0.2031631593015839,-0.051966551423774154,-0.03741585623553001,0.9993260928394458,0.999346368812257,0.9993378954255845
6,7,22,raw_reuse,0.03254127923606683,0.026630321517586708,0.05730203036218881,0.24787989298035334,0.8669422175323444,0.042968743580308,-0.0688204465804585,-0.05057780929477618,0.9993663952218924,0.9993728033371432,0.999330852965505
6,7,22,shift_reuse,0.06609025988669802,0.06179787591099739,0.11857255920767784,0.5251494515210101,0.8669422175323444,0.042968743580308,-0.0688204465804585,-0.05057780929477618,0.9993663952218924,0.9993728033371432,0.999330852965505
6,7,22,shift_local_r2,0.05370981029864905,0.046631019562482834,0.1060030736029148,0.3956890496488938,0.8669422175323444,0.042968743580308,-0.0688204465804585,-0.05057780929477618,0.9993663952218924,0.9993728033371432,0.999330852965505
6,7,22,shift_rank8_feature,0.055468916303827664,0.048256684094667435,0.1090177871286869,0.3884379334292326,0.8669422175323444,0.042968743580308,-0.0688204465804585,-0.05057780929477618,0.9993663952218924,0.9993728033371432,0.999330852965505
6,7,22,shift_rank8_noise,0.05706764592975315,0.05091241002082825,0.10907668881118296,0.4052434406194911,0.8669422175323444,0.042968743580308,-0.0688204465804585,-0.05057780929477618,0.9993663952218924,0.9993728033371432,0.999330852965505
6,7,22,shift_rank8_noisy_delta,0.05665007750523664,0.05035768076777458,0.10818650424480436,0.4025489190658957,0.8669422175323444,0.042968743580308,-0.0688204465804585,-0.05057780929477618,0.9993663952218924,0.9993728033371432,0.999330852965505
6,7,22,shift_rank8_state,0.017890350751275347,0.016109315678477287,0.030304454453289508,0.19175642788563432,0.8669422175323444,0.042968743580308,-0.0688204465804585,-0.05057780929477618,0.9993663952218924,0.9993728033371432,0.999330852965505
6,7,22,shift_rank8_state_noise,0.01791693223607097,0.016142232343554497,0.030345064401626588,0.1917544455508801,0.8669422175323444,0.042968743580308,-0.0688204465804585,-0.05057780929477618,0.9993663952218924,0.9993728033371432,0.999330852965505
6,7,22,shift_rank8_state_noisy_condition,0.01795856971568085,0.016183916479349136,0.03028519209474325,0.19176749592134543,0.8669422175323444,0.042968743580308,-0.0688204465804585,-0.05057780929477618,0.9993663952218924,0.9993728033371432,0.999330852965505
6,7,22,shift_rank8_oracle,0.018156830233236883,0.016271479427814484,0.03029037294909358,0.19155921861650133,0.8669422175323444,0.042968743580308,-0.0688204465804585,-0.05057780929477618,0.9993663952218924,0.9993728033371432,0.999330852965505
7,7,22,raw_reuse,0.0327196297990905,0.027197672054171562,0.053186608292162416,0.12764933754392851,0.8490226854869254,-0.2735573241762308,0.07142535564706531,0.08570523143299846,0.9988626018976916,0.9989219195535232,0.9986693754946957
7,7,22,shift_reuse,0.05192880043692212,0.04764460027217865,0.09992914088070393,0.20120535312329088,0.8490226854869254,-0.2735573241762308,0.07142535564706531,0.08570523143299846,0.9988626018976916,0.9989219195535232,0.9986693754946957
7,7,22,shift_local_r2,0.047074708954636064,0.04178532958030701,0.0975483052432537,0.1816206579991411,0.8490226854869254,-0.2735573241762308,0.07142535564706531,0.08570523143299846,0.9988626018976916,0.9989219195535232,0.9986693754946957
7,7,22,shift_rank8_feature,0.048779295594294225,0.046193163841962814,0.08041840419173239,0.19869658177179672,0.8490226854869254,-0.2735573241762308,0.07142535564706531,0.08570523143299846,0.9988626018976916,0.9989219195535232,0.9986693754946957
7,7,22,shift_rank8_noise,0.048632363036408055,0.044080544263124466,0.09640788063406944,0.17447493312672518,0.8490226854869254,-0.2735573241762308,0.07142535564706531,0.08570523143299846,0.9988626018976916,0.9989219195535232,0.9986693754946957
7,7,22,shift_rank8_noisy_delta,0.04812657849607252,0.04337514564394951,0.09836096465587614,0.17339944668282722,0.8490226854869254,-0.2735573241762308,0.07142535564706531,0.08570523143299846,0.9988626018976916,0.9989219195535232,0.9986693754946957
7,7,22,shift_rank8_state,0.017211180057017057,0.015714555978775024,0.029733402002602816,0.07837030443549885,0.8490226854869254,-0.2735573241762308,0.07142535564706531,0.08570523143299846,0.9988626018976916,0.9989219195535232,0.9986693754946957
7,7,22,shift_rank8_state_noise,0.01685702314219123,0.01537933200597763,0.029126316122710702,0.0783603938995237,0.8490226854869254,-0.2735573241762308,0.07142535564706531,0.08570523143299846,0.9988626018976916,0.9989219195535232,0.9986693754946957
7,7,22,shift_rank8_state_noisy_condition,0.016961438500822,0.015481407754123211,0.029681427776813506,0.07840260153677954,0.8490226854869254,-0.2735573241762308,0.07142535564706531,0.08570523143299846,0.9988626018976916,0.9989219195535232,0.9986693754946957
7,7,22,shift_rank8_oracle,0.016722059809526124,0.015260712243616581,0.029353096708655355,0.07817994834291252,0.8490226854869254,-0.2735573241762308,0.07142535564706531,0.08570523143299846,0.9988626018976916,0.9989219195535232,0.9986693754946957
0,8,11,raw_reuse,0.6275611803177553,0.5892593264579773,0.9229739308357239,0.44228947464181456,0.8854975638323244,0.8927255776786643,0.6534415844666807,0.7966444680404925,0.9993985753034209,0.999638811715465,0.9986677966242075
0,8,11,shift_reuse,0.5669185000719915,0.5522834658622742,0.9185740917921066,0.47456271160136276,0.8854975638323244,0.8927255776786643,0.6534415844666807,0.7966444680404925,0.9993985753034209,0.999638811715465,0.9986677966242075
0,8,11,shift_local_r2,0.3992441552058692,0.3820009231567383,0.7263652712106704,0.3370721010447489,0.8854975638323244,0.8927255776786643,0.6534415844666807,0.7966444680404925,0.9993985753034209,0.999638811715465,0.9986677966242075
0,8,11,shift_rank8_feature,0.1526284384505957,0.13880527019500732,0.2540905997157097,0.19638063014160095,0.8854975638323244,0.8927255776786643,0.6534415844666807,0.7966444680404925,0.9993985753034209,0.999638811715465,0.9986677966242075
0,8,11,shift_rank8_noise,0.3020770592736104,0.2858556807041168,0.5449082344770432,0.25897548852216556,0.8854975638323244,0.8927255776786643,0.6534415844666807,0.7966444680404925,0.9993985753034209,0.999638811715465,0.9986677966242075
0,8,11,shift_rank8_noisy_delta,0.180853595216076,0.16904139518737793,0.35328468829393384,0.22362985217636228,0.8854975638323244,0.8927255776786643,0.6534415844666807,0.7966444680404925,0.9993985753034209,0.999638811715465,0.9986677966242075
0,8,11,shift_rank8_state,0.0831198278589951,0.07155264168977737,0.16109479740262025,0.1608064179330714,0.8854975638323244,0.8927255776786643,0.6534415844666807,0.7966444680404925,0.9993985753034209,0.999638811715465,0.9986677966242075
0,8,11,shift_rank8_state_noise,0.08134233934955765,0.07019764184951782,0.15940215140581124,0.1607174185410808,0.8854975638323244,0.8927255776786643,0.6534415844666807,0.7966444680404925,0.9993985753034209,0.999638811715465,0.9986677966242075
0,8,11,shift_rank8_state_noisy_condition,0.08387418267194374,0.07173226028680801,0.16329731717705723,0.16107685016918438,0.8854975638323244,0.8927255776786643,0.6534415844666807,0.7966444680404925,0.9993985753034209,0.999638811715465,0.9986677966242075
0,8,11,shift_rank8_oracle,0.08100082417973076,0.06949654221534729,0.16126422956585879,0.1605835203189118,0.8854975638323244,0.8927255776786643,0.6534415844666807,0.7966444680404925,0.9993985753034209,0.999638811715465,0.9986677966242075
1,8,11,raw_reuse,0.08307690714877372,0.07912997156381607,0.12762270905077455,0.37134573006707644,0.720802506777392,0.8004966737422528,0.30567219706916704,0.32547546208557687,0.9984390187792701,0.9977520686707312,0.9973571102309845
1,8,11,shift_reuse,0.07187408331859596,0.06981909275054932,0.1219694934785366,0.45380347878933225,0.720802506777392,0.8004966737422528,0.30567219706916704,0.32547546208557687,0.9984390187792701,0.9977520686707312,0.9973571102309845
1,8,11,shift_local_r2,0.02666345828840701,0.025920161977410316,0.042471724562346935,0.30718350941521033,0.720802506777392,0.8004966737422528,0.30567219706916704,0.32547546208557687,0.9984390187792701,0.9977520686707312,0.9973571102309845
1,8,11,shift_rank8_feature,0.03407037362920821,0.03293963149189949,0.05800338983535766,0.2707426753360068,0.720802506777392,0.8004966737422528,0.30567219706916704,0.32547546208557687,0.9984390187792701,0.9977520686707312,0.9973571102309845
1,8,11,shift_rank8_noise,0.040905020145373575,0.04026075080037117,0.06765158250927925,0.33541140518512996,0.720802506777392,0.8004966737422528,0.30567219706916704,0.32547546208557687,0.9984390187792701,0.9977520686707312,0.9973571102309845
1,8,11,shift_rank8_noisy_delta,0.03217505855753507,0.03167812153697014,0.055808313377201546,0.33306462904208667,0.720802506777392,0.8004966737422528,0.30567219706916704,0.32547546208557687,0.9984390187792701,0.9977520686707312,0.9973571102309845
1,8,11,shift_rank8_state,0.022059633832181694,0.020756687968969345,0.04346227496862411,0.240043570623386,0.720802506777392,0.8004966737422528,0.30567219706916704,0.32547546208557687,0.9984390187792701,0.9977520686707312,0.9973571102309845
1,8,11,shift_rank8_state_noise,0.02307165448657501,0.02183062583208084,0.04549724701792001,0.24015689085031655,0.720802506777392,0.8004966737422528,0.30567219706916704,0.32547546208557687,0.9984390187792701,0.9977520686707312,0.9973571102309845
1,8,11,shift_rank8_state_noisy_condition,0.021064616750361215,0.019716786220669746,0.04103619921952486,0.24022204103160089,0.720802506777392,0.8004966737422528,0.30567219706916704,0.32547546208557687,0.9984390187792701,0.9977520686707312,0.9973571102309845
1,8,11,shift_rank8_oracle,0.02164253282696448,0.020317919552326202,0.04243512544780969,0.23978586477013558,0.720802506777392,0.8004966737422528,0.30567219706916704,0.32547546208557687,0.9984390187792701,0.9977520686707312,0.9973571102309845
2,8,11,raw_reuse,0.03223214924391484,0.030153751373291016,0.05663113612681627,0.3868665093239768,0.4817750850180006,0.472456202296888,0.018714843854166108,-0.007296918633438176,0.9976953847155242,0.9968943475237871,0.9966691049756812
2,8,11,shift_reuse,0.0327145525822639,0.031296342611312866,0.06590827815234661,0.45805669095009355,0.4817750850180006,0.472456202296888,0.018714843854166108,-0.007296918633438176,0.9976953847155242,0.9968943475237871,0.9966691049756812
2,8,11,shift_local_r2,0.02630202618614697,0.02395080216228962,0.05426931362599133,0.40521219849921225,0.4817750850180006,0.472456202296888,0.018714843854166108,-0.007296918633438176,0.9976953847155242,0.9968943475237871,0.9966691049756812
2,8,11,shift_rank8_feature,0.025241613049145756,0.024639422073960304,0.04021258186548948,0.37929462259167673,0.4817750850180006,0.472456202296888,0.018714843854166108,-0.007296918633438176,0.9976953847155242,0.9968943475237871,0.9966691049756812
2,8,11,shift_rank8_noise,0.028058313571672804,0.027076229453086853,0.05755561031401156,0.41723140318903923,0.4817750850180006,0.472456202296888,0.018714843854166108,-0.007296918633438176,0.9976953847155242,0.9968943475237871,0.9966691049756812
2,8,11,shift_rank8_noisy_delta,0.028098350833326066,0.02676544524729252,0.06145910918712615,0.41930218836393224,0.4817750850180006,0.472456202296888,0.018714843854166108,-0.007296918633438176,0.9976953847155242,0.9968943475237871,0.9966691049756812
2,8,11,shift_rank8_state,0.022368216669295986,0.02152121067047119,0.03642200157046318,0.32997773093448773,0.4817750850180006,0.472456202296888,0.018714843854166108,-0.007296918633438176,0.9976953847155242,0.9968943475237871,0.9966691049756812
2,8,11,shift_rank8_state_noise,0.022562801589576246,0.021700963377952576,0.036866748705506325,0.33005857525563814,0.4817750850180006,0.472456202296888,0.018714843854166108,-0.007296918633438176,0.9976953847155242,0.9968943475237871,0.9966691049756812
2,8,11,shift_rank8_state_noisy_condition,0.022381367667433413,0.02151988446712494,0.036303228326141836,0.3300812963641427,0.4817750850180006,0.472456202296888,0.018714843854166108,-0.007296918633438176,0.9976953847155242,0.9968943475237871,0.9966691049756812
2,8,11,shift_rank8_oracle,0.022425492805687394,0.02155359275639057,0.036464891768991946,0.3297451191252213,0.4817750850180006,0.472456202296888,0.018714843854166108,-0.007296918633438176,0.9976953847155242,0.9968943475237871,0.9966691049756812
3,8,11,raw_reuse,0.04498214064541495,0.03629795089364052,0.10758586041629309,0.3033363102531825,0.4311319985112546,-0.2047402674199108,-0.08769453333502786,-0.09973783848008355,0.9978917036468142,0.9976762616273739,0.9969292891235505
3,8,11,shift_reuse,0.03845530525502511,0.03514088690280914,0.06987294405698775,0.3467114329388342,0.4311319985112546,-0.2047402674199108,-0.08769453333502786,-0.09973783848008355,0.9978917036468142,0.9976762616273739,0.9969292891235505
3,8,11,shift_local_r2,0.03940994209237509,0.03522888943552971,0.07231907360255717,0.32993772022204404,0.4311319985112546,-0.2047402674199108,-0.08769453333502786,-0.09973783848008355,0.9978917036468142,0.9976762616273739,0.9969292891235505
3,8,11,shift_rank8_feature,0.05644557159410376,0.04250207915902138,0.11294095143675803,0.3437473946930098,0.4311319985112546,-0.2047402674199108,-0.08769453333502786,-0.09973783848008355,0.9978917036468142,0.9976762616273739,0.9969292891235505
3,8,11,shift_rank8_noise,0.03958457219258541,0.0367552749812603,0.06112196277827024,0.3366392681948043,0.4311319985112546,-0.2047402674199108,-0.08769453333502786,-0.09973783848008355,0.9978917036468142,0.9976762616273739,0.9969292891235505
3,8,11,shift_rank8_noisy_delta,0.0394095751805241,0.036631304770708084,0.06000765487551689,0.33737757316687755,0.4311319985112546,-0.2047402674199108,-0.08769453333502786,-0.09973783848008355,0.9978917036468142,0.9976762616273739,0.9969292891235505
3,8,11,shift_rank8_state,0.025725870887611232,0.023490825667977333,0.044639338180422775,0.2616678587857588,0.4311319985112546,-0.2047402674199108,-0.08769453333502786,-0.09973783848008355,0.9978917036468142,0.9976762616273739,0.9969292891235505
3,8,11,shift_rank8_state_noise,0.026065477716995744,0.02373453974723816,0.045151891745626914,0.2616848668870927,0.4311319985112546,-0.2047402674199108,-0.08769453333502786,-0.09973783848008355,0.9978917036468142,0.9976762616273739,0.9969292891235505
3,8,11,shift_rank8_state_noisy_condition,0.025935198086773976,0.02354736067354679,0.045244082435965526,0.26174383378269955,0.4311319985112546,-0.2047402674199108,-0.08769453333502786,-0.09973783848008355,0.9978917036468142,0.9976762616273739,0.9969292891235505
3,8,11,shift_rank8_oracle,0.025119608876432758,0.02319640852510929,0.04444311670958995,0.2615013382445189,0.4311319985112546,-0.2047402674199108,-0.08769453333502786,-0.09973783848008355,0.9978917036468142,0.9976762616273739,0.9969292891235505
4,8,11,raw_reuse,0.056839291939251024,0.043857306241989136,0.09772604331374168,0.32642391359342343,0.4938791200521776,-0.1157134539574931,-0.048735395839971885,-0.0485669165175473,0.9977984134905421,0.9974086021922871,0.9973615565416108
4,8,11,shift_reuse,0.0541674238876443,0.0456727035343647,0.1103546444326639,0.361757227530537,0.4938791200521776,-0.1157134539574931,-0.048735395839971885,-0.0485669165175473,0.9977984134905421,0.9974086021922871,0.9973615565416108
4,8,11,shift_local_r2,0.051540171519483625,0.04540221765637398,0.11034526638686656,0.35206388858765775,0.4938791200521776,-0.1157134539574931,-0.048735395839971885,-0.0485669165175473,0.9977984134905421,0.9974086021922871,0.9973615565416108
4,8,11,shift_rank8_feature,0.0529359400942046,0.04741948843002319,0.0980124969035387,0.3539114851528887,0.4938791200521776,-0.1157134539574931,-0.048735395839971885,-0.0485669165175473,0.9977984134905421,0.9974086021922871,0.9973615565416108
4,8,11,shift_rank8_noise,0.05139839997079848,0.04533854126930237,0.10887551866471766,0.3488701673657676,0.4938791200521776,-0.1157134539574931,-0.048735395839971885,-0.0485669165175473,0.9977984134905421,0.9974086021922871,0.9973615565416108
4,8,11,shift_rank8_noisy_delta,0.05138189292567617,0.04521569609642029,0.10902836881577967,0.34885736927367306,0.4938791200521776,-0.1157134539574931,-0.048735395839971885,-0.0485669165175473,0.9977984134905421,0.9974086021922871,0.9973615565416108
4,8,11,shift_rank8_state,0.02833205573563211,0.027141382917761803,0.04841305557638406,0.25758809545362993,0.4938791200521776,-0.1157134539574931,-0.048735395839971885,-0.0485669165175473,0.9977984134905421,0.9974086021922871,0.9973615565416108
4,8,11,shift_rank8_state_noise,0.02854885278150036,0.027365943416953087,0.04877415634691715,0.2576281321517324,0.4938791200521776,-0.1157134539574931,-0.048735395839971885,-0.0485669165175473,0.9977984134905421,0.9974086021922871,0.9973615565416108
4,8,11,shift_rank8_state_noisy_condition,0.028240289885247533,0.02697424590587616,0.048182047717273226,0.2576329740965749,0.4938791200521776,-0.1157134539574931,-0.048735395839971885,-0.0485669165175473,0.9977984134905421,0.9974086021922871,0.9973615565416108
4,8,11,shift_rank8_oracle,0.028203036367855053,0.02700444869697094,0.048401960916817185,0.2573619531663191,0.4938791200521776,-0.1157134539574931,-0.048735395839971885,-0.0485669165175473,0.9977984134905421,0.9974086021922871,0.9973615565416108
5,8,11,raw_reuse,0.07019162497856522,0.051117029041051865,0.14758044332265854,0.36671520023424853,0.592622207555314,-0.15097867072723492,-0.05774678770067121,-0.06493213414197951,0.9964641297220922,0.9957592096960168,0.996323576354642
5,8,11,shift_reuse,0.07621570339330673,0.06099025905132294,0.15001687556505197,0.43116723326515616,0.592622207555314,-0.15097867072723492,-0.05774678770067121,-0.06493213414197951,0.9964641297220922,0.9957592096960168,0.996323576354642
5,8,11,shift_local_r2,0.07409318214607961,0.06020974740386009,0.1263633482158184,0.4132660812656635,0.592622207555314,-0.15097867072723492,-0.05774678770067121,-0.06493213414197951,0.9964641297220922,0.9957592096960168,0.996323576354642
5,8,11,shift_rank8_feature,0.08644723179046505,0.06677890568971634,0.23343686982989312,0.4180093361847578,0.592622207555314,-0.15097867072723492,-0.05774678770067121,-0.06493213414197951,0.9964641297220922,0.9957592096960168,0.996323576354642
5,8,11,shift_rank8_noise,0.07521935426194026,0.062027718871831894,0.1389310352504253,0.40830468577872875,0.592622207555314,-0.15097867072723492,-0.05774678770067121,-0.06493213414197951,0.9964641297220922,0.9957592096960168,0.996323576354642
5,8,11,shift_rank8_noisy_delta,0.07371963397639228,0.061701249331235886,0.13826804533600803,0.4090608084532541,0.592622207555314,-0.15097867072723492,-0.05774678770067121,-0.06493213414197951,0.9964641297220922,0.9957592096960168,0.996323576354642
5,8,11,shift_rank8_state,0.028807184647718035,0.026130912825465202,0.051299404725432395,0.27574944799170703,0.592622207555314,-0.15097867072723492,-0.05774678770067121,-0.06493213414197951,0.9964641297220922,0.9957592096960168,0.996323576354642
5,8,11,shift_rank8_state_noise,0.029045948546578233,0.026352768763899803,0.05207205396145582,0.2758593642994666,0.592622207555314,-0.15097867072723492,-0.05774678770067121,-0.06493213414197951,0.9964641297220922,0.9957592096960168,0.996323576354642
5,8,11,shift_rank8_state_noisy_condition,0.028643516039056075,0.025955557823181152,0.05204170662909746,0.27577137782017436,0.592622207555314,-0.15097867072723492,-0.05774678770067121,-0.06493213414197951,0.9964641297220922,0.9957592096960168,0.996323576354642
5,8,11,shift_rank8_oracle,0.028503608960918088,0.025874437764286995,0.05091722104698419,0.2751974619641024,0.592622207555314,-0.15097867072723492,-0.05774678770067121,-0.06493213414197951,0.9964641297220922,0.9957592096960168,0.996323576354642
6,8,11,raw_reuse,0.06578176727591468,0.049491364508867264,0.12813345119357109,0.33603534220057046,0.7852388376957872,0.14697053415480277,-0.0579979683913876,-0.0701426339674851,0.9972141051237962,0.9969262523014478,0.9962752913637463
6,8,11,shift_reuse,0.0986925558817883,0.08731251209974289,0.20442768558859817,0.5185156259714686,0.7852388376957872,0.14697053415480277,-0.0579979683913876,-0.0701426339674851,0.9972141051237962,0.9969262523014478,0.9962752913637463
6,8,11,shift_local_r2,0.09669867712005652,0.08563955873250961,0.18211280480027198,0.501409588539414,0.7852388376957872,0.14697053415480277,-0.0579979683913876,-0.0701426339674851,0.9972141051237962,0.9969262523014478,0.9962752913637463
6,8,11,shift_rank8_feature,0.09448579186500596,0.08424542099237442,0.18954389169812202,0.44844478352761524,0.7852388376957872,0.14697053415480277,-0.0579979683913876,-0.0701426339674851,0.9972141051237962,0.9969262523014478,0.9962752913637463
6,8,11,shift_rank8_noise,0.09418326506751916,0.08256971091032028,0.18993403539061543,0.4853352410773032,0.7852388376957872,0.14697053415480277,-0.0579979683913876,-0.0701426339674851,0.9972141051237962,0.9969262523014478,0.9962752913637463
6,8,11,shift_rank8_noisy_delta,0.09507687090426352,0.08365937322378159,0.1930130504071712,0.48743339843569555,0.7852388376957872,0.14697053415480277,-0.0579979683913876,-0.0701426339674851,0.9972141051237962,0.9969262523014478,0.9962752913637463
6,8,11,shift_rank8_state,0.03331987737295342,0.028527408838272095,0.0612761178985238,0.2412645302020006,0.7852388376957872,0.14697053415480277,-0.0579979683913876,-0.0701426339674851,0.9972141051237962,0.9969262523014478,0.9962752913637463
6,8,11,shift_rank8_state_noise,0.0332291644000543,0.028421545401215553,0.06131666135042905,0.24136473088415142,0.7852388376957872,0.14697053415480277,-0.0579979683913876,-0.0701426339674851,0.9972141051237962,0.9969262523014478,0.9962752913637463
6,8,11,shift_rank8_state_noisy_condition,0.03288282354175242,0.028193647041916847,0.05888233836740255,0.24159128550896647,0.7852388376957872,0.14697053415480277,-0.0579979683913876,-0.0701426339674851,0.9972141051237962,0.9969262523014478,0.9962752913637463
6,8,11,shift_rank8_oracle,0.03341320858096315,0.028337949886918068,0.06252903435379266,0.24029222658510896,0.7852388376957872,0.14697053415480277,-0.0579979683913876,-0.0701426339674851,0.9972141051237962,0.9969262523014478,0.9962752913637463
7,8,11,raw_reuse,0.05240729190402764,0.04137468338012695,0.09145752303302288,0.2621527865540406,0.7672250900001599,-0.4045461612615735,-0.059298993511156084,-0.08388864522695538,0.9916285377128914,0.9904290349805744,0.9879104994514527
7,8,11,shift_reuse,0.07371224788130494,0.0636366531252861,0.15678077638149257,0.34164683645521865,0.7672250900001599,-0.4045461612615735,-0.059298993511156084,-0.08388864522695538,0.9916285377128914,0.9904290349805744,0.9879104994514527
7,8,11,shift_local_r2,0.07622040943661292,0.06658642739057541,0.16134177371859548,0.35296261866836703,0.7672250900001599,-0.4045461612615735,-0.059298993511156084,-0.08388864522695538,0.9916285377128914,0.9904290349805744,0.9879104994514527
7,8,11,shift_rank8_feature,0.08053407242354708,0.07294871658086777,0.13511264026165007,0.3576220458638959,0.7672250900001599,-0.4045461612615735,-0.059298993511156084,-0.08388864522695538,0.9916285377128914,0.9904290349805744,0.9879104994514527
7,8,11,shift_rank8_noise,0.07392116429872146,0.06500140577554703,0.1488499663770199,0.3211464043635852,0.7672250900001599,-0.4045461612615735,-0.059298993511156084,-0.08388864522695538,0.9916285377128914,0.9904290349805744,0.9879104994514527
7,8,11,shift_rank8_noisy_delta,0.07455365651907352,0.06574755907058716,0.14487634301185606,0.3238802236754044,0.7672250900001599,-0.4045461612615735,-0.059298993511156084,-0.08388864522695538,0.9916285377128914,0.9904290349805744,0.9879104994514527
7,8,11,shift_rank8_state,0.02586802131266425,0.02447604201734066,0.040241931937634944,0.16664459362282746,0.7672250900001599,-0.4045461612615735,-0.059298993511156084,-0.08388864522695538,0.9916285377128914,0.9904290349805744,0.9879104994514527
7,8,11,shift_rank8_state_noise,0.025562916161789788,0.024122001603245735,0.03936671577394008,0.16690248128216983,0.7672250900001599,-0.4045461612615735,-0.059298993511156084,-0.08388864522695538,0.9916285377128914,0.9904290349805744,0.9879104994514527
7,8,11,shift_rank8_state_noisy_condition,0.025337534575060033,0.024117866531014442,0.03982327450066805,0.16744267956865197,0.7672250900001599,-0.4045461612615735,-0.059298993511156084,-0.08388864522695538,0.9916285377128914,0.9904290349805744,0.9879104994514527
7,8,11,shift_rank8_oracle,0.025439896999228124,0.024094894528388977,0.03866320978850126,0.1648335026598189,0.7672250900001599,-0.4045461612615735,-0.059298993511156084,-0.08388864522695538,0.9916285377128914,0.9904290349805744,0.9879104994514527
0,9,0,raw_reuse,1.0002536964591229,0.970959484577179,1.6844744741916655,0.307709085418866,0.9240266025359667,0.8300520843368134,-1.166664564890041,0.09708476511810693,0.962050133959033,0.9935410803736667,0.971082582262033
0,9,0,shift_reuse,0.6876257496149211,0.6930685043334961,1.0880111634731293,0.3868272359824412,0.9240266025359667,0.8300520843368134,-1.166664564890041,0.09708476511810693,0.962050133959033,0.9935410803736667,0.971082582262033
0,9,0,shift_local_r2,0.372517837646787,0.37658393383026123,0.6747157365083694,0.19671559433145314,0.9240266025359667,0.8300520843368134,-1.166664564890041,0.09708476511810693,0.962050133959033,0.9935410803736667,0.971082582262033
0,9,0,shift_rank8_feature,0.2441090356131927,0.24587754905223846,0.47570762187242505,0.12605231919328883,0.9240266025359667,0.8300520843368134,-1.166664564890041,0.09708476511810693,0.962050133959033,0.9935410803736667,0.971082582262033
0,9,0,shift_rank8_noise,0.6504302303384637,0.6543184518814087,1.228192466497421,0.26268815111621674,0.9240266025359667,0.8300520843368134,-1.166664564890041,0.09708476511810693,0.962050133959033,0.9935410803736667,0.971082582262033
0,9,0,shift_rank8_noisy_delta,0.36623288820978683,0.37235140800476074,0.5990715831518173,0.18811512281791956,0.9240266025359667,0.8300520843368134,-1.166664564890041,0.09708476511810693,0.962050133959033,0.9935410803736667,0.971082582262033
0,9,0,shift_rank8_state,0.1919046544357047,0.1875830441713333,0.37171825319528573,0.11125569742865354,0.9240266025359667,0.8300520843368134,-1.166664564890041,0.09708476511810693,0.962050133959033,0.9935410803736667,0.971082582262033
0,9,0,shift_rank8_state_noise,0.14299280203112646,0.14316494762897491,0.2802538998425006,0.10742494858597672,0.9240266025359667,0.8300520843368134,-1.166664564890041,0.09708476511810693,0.962050133959033,0.9935410803736667,0.971082582262033
0,9,0,shift_rank8_state_noisy_condition,0.17837848540951437,0.1772383451461792,0.3504686668515205,0.110170570092447,0.9240266025359667,0.8300520843368134,-1.166664564890041,0.09708476511810693,0.962050133959033,0.9935410803736667,0.971082582262033
0,9,0,shift_rank8_oracle,0.1432703210812326,0.14252032339572906,0.28461345136165617,0.10662224401645538,0.9240266025359667,0.8300520843368134,-1.166664564890041,0.09708476511810693,0.962050133959033,0.9935410803736667,0.971082582262033
1,9,0,raw_reuse,0.19665763395567745,0.18422763049602509,0.3799499362707137,0.2604578078050055,0.8487744131680282,0.9098796675584228,-0.10112094838975016,-0.0011259208674403443,0.9883431050314302,0.9925970048112668,0.9893389306073873
1,9,0,shift_reuse,0.15641318282046504,0.15915890038013458,0.2555090837180614,0.4056035996787725,0.8487744131680282,0.9098796675584228,-0.10112094838975016,-0.0011259208674403443,0.9883431050314302,0.9925970048112668,0.9893389306073873
1,9,0,shift_local_r2,0.10192440277252264,0.10348278284072876,0.16214966103434564,0.2773096730792907,0.8487744131680282,0.9098796675584228,-0.10112094838975016,-0.0011259208674403443,0.9883431050314302,0.9925970048112668,0.9893389306073873
1,9,0,shift_rank8_feature,0.07539361113574915,0.07350797206163406,0.1330263614654541,0.17484407422453205,0.8487744131680282,0.9098796675584228,-0.10112094838975016,-0.0011259208674403443,0.9883431050314302,0.9925970048112668,0.9893389306073873
1,9,0,shift_rank8_noise,0.12164075769304561,0.12241394072771072,0.23330688327550883,0.3072812016411858,0.8487744131680282,0.9098796675584228,-0.10112094838975016,-0.0011259208674403443,0.9883431050314302,0.9925970048112668,0.9893389306073873
1,9,0,shift_rank8_noisy_delta,0.10446955878916327,0.10510114580392838,0.1828691340982914,0.29682719092512794,0.8487744131680282,0.9098796675584228,-0.10112094838975016,-0.0011259208674403443,0.9883431050314302,0.9925970048112668,0.9893389306073873
1,9,0,shift_rank8_state,0.04964448380839647,0.04905584827065468,0.09691436290740965,0.1600467865444484,0.8487744131680282,0.9098796675584228,-0.10112094838975016,-0.0011259208674403443,0.9883431050314302,0.9925970048112668,0.9893389306073873
1,9,0,shift_rank8_state_noise,0.05020278884158822,0.049543093889951706,0.09647624157369135,0.1592052587086462,0.8487744131680282,0.9098796675584228,-0.10112094838975016,-0.0011259208674403443,0.9883431050314302,0.9925970048112668,0.9893389306073873
1,9,0,shift_rank8_state_noisy_condition,0.04929270868872074,0.04859409108757973,0.10086718648672101,0.15985018705709708,0.8487744131680282,0.9098796675584228,-0.10112094838975016,-0.0011259208674403443,0.9883431050314302,0.9925970048112668,0.9893389306073873
1,9,0,shift_rank8_oracle,0.048405426395592616,0.048571109771728516,0.09765309281647204,0.15773003357651874,0.8487744131680282,0.9098796675584228,-0.10112094838975016,-0.0011259208674403443,0.9883431050314302,0.9925970048112668,0.9893389306073873
2,9,0,raw_reuse,0.10508301620418752,0.09880093485116959,0.21178038865327833,0.3267421418689592,0.6908155013133936,0.8494830252405783,-0.008262405756856106,-0.004217216523813017,0.9919297122020433,0.9923056298790465,0.9920789702019742
2,9,0,shift_reuse,0.11140617944130876,0.1055685505270958,0.1971724584698677,0.4050952139045926,0.6908155013133936,0.8494830252405783,-0.008262405756856106,-0.004217216523813017,0.9919297122020433,0.9923056298790465,0.9920789702019742
2,9,0,shift_local_r2,0.10041271546594957,0.09527397155761719,0.17809310778975482,0.34469333620080944,0.6908155013133936,0.8494830252405783,-0.008262405756856106,-0.004217216523813017,0.9919297122020433,0.9923056298790465,0.9920789702019742
2,9,0,shift_rank8_feature,0.06717659046760892,0.062291163951158524,0.10989054702222346,0.24869816721743743,0.6908155013133936,0.8494830252405783,-0.008262405756856106,-0.004217216523813017,0.9919297122020433,0.9923056298790465,0.9920789702019742
2,9,0,shift_rank8_noise,0.11187340546686485,0.10546469688415527,0.20231199190020557,0.35380747496600107,0.6908155013133936,0.8494830252405783,-0.008262405756856106,-0.004217216523813017,0.9919297122020433,0.9923056298790465,0.9920789702019742
2,9,0,shift_rank8_noisy_delta,0.11140935321690726,0.10691455751657486,0.19670879691839213,0.3533851242327749,0.6908155013133936,0.8494830252405783,-0.008262405756856106,-0.004217216523813017,0.9919297122020433,0.9923056298790465,0.9920789702019742
2,9,0,shift_rank8_state,0.062402505982370904,0.05744193121790886,0.10533262379467487,0.2265693750780268,0.6908155013133936,0.8494830252405783,-0.008262405756856106,-0.004217216523813017,0.9919297122020433,0.9923056298790465,0.9920789702019742
2,9,0,shift_rank8_state_noise,0.06336947317175022,0.05822184681892395,0.10920349545776843,0.22650811310417235,0.6908155013133936,0.8494830252405783,-0.008262405756856106,-0.004217216523813017,0.9919297122020433,0.9923056298790465,0.9920789702019742
2,9,0,shift_rank8_state_noisy_condition,0.0623189662979434,0.05756610631942749,0.10596321448683738,0.22654506879332964,0.6908155013133936,0.8494830252405783,-0.008262405756856106,-0.004217216523813017,0.9919297122020433,0.9923056298790465,0.9920789702019742
2,9,0,shift_rank8_oracle,0.0633994120265862,0.05800387263298035,0.1097565073519945,0.22525060603106462,0.6908155013133936,0.8494830252405783,-0.008262405756856106,-0.004217216523813017,0.9919297122020433,0.9923056298790465,0.9920789702019742
3,9,0,raw_reuse,0.13476406280693026,0.12837858498096466,0.2884344488382339,0.29430536963068354,0.6497970857904167,0.5871646746422896,-0.028278621520669622,-0.01183838794019687,0.993192398557238,0.9934840370555906,0.9938281746516702
3,9,0,shift_reuse,0.13737542481049894,0.13564728200435638,0.2214312307536602,0.36255387304838865,0.6497970857904167,0.5871646746422896,-0.028278621520669622,-0.01183838794019687,0.993192398557238,0.9934840370555906,0.9938281746516702
3,9,0,shift_local_r2,0.13418409707651116,0.13328006863594055,0.218603515625,0.3289716512998862,0.6497970857904167,0.5871646746422896,-0.028278621520669622,-0.01183838794019687,0.993192398557238,0.9934840370555906,0.9938281746516702
3,9,0,shift_rank8_feature,0.11457286222955602,0.10778143256902695,0.18430132791399953,0.27105294297239946,0.6497970857904167,0.5871646746422896,-0.028278621520669622,-0.01183838794019687,0.993192398557238,0.9934840370555906,0.9938281746516702
3,9,0,shift_rank8_noise,0.14333078985842493,0.14122170209884644,0.2473346211016178,0.3381896859219573,0.6497970857904167,0.5871646746422896,-0.028278621520669622,-0.01183838794019687,0.993192398557238,0.9934840370555906,0.9938281746516702
3,9,0,shift_rank8_noisy_delta,0.14247137768381152,0.1414753943681717,0.24074248820543287,0.3365704082679287,0.6497970857904167,0.5871646746422896,-0.028278621520669622,-0.01183838794019687,0.993192398557238,0.9934840370555906,0.9938281746516702
3,9,0,shift_rank8_state,0.08128324562062218,0.07774668186903,0.13075008615851402,0.21560372339517841,0.6497970857904167,0.5871646746422896,-0.028278621520669622,-0.01183838794019687,0.993192398557238,0.9934840370555906,0.9938281746516702
3,9,0,shift_rank8_state_noise,0.08162642456266475,0.07807786762714386,0.1317963846027851,0.2155587852788036,0.6497970857904167,0.5871646746422896,-0.028278621520669622,-0.01183838794019687,0.993192398557238,0.9934840370555906,0.9938281746516702
3,9,0,shift_rank8_state_noisy_condition,0.0809243198688794,0.07750683277845383,0.12975655198097227,0.21550571765393886,0.6497970857904167,0.5871646746422896,-0.028278621520669622,-0.01183838794019687,0.993192398557238,0.9934840370555906,0.9938281746516702
3,9,0,shift_rank8_oracle,0.08082406325306064,0.07742822915315628,0.1383772037923336,0.21455193059768207,0.6497970857904167,0.5871646746422896,-0.028278621520669622,-0.01183838794019687,0.993192398557238,0.9934840370555906,0.9938281746516702
4,9,0,raw_reuse,0.15318888379827594,0.13770447671413422,0.28560722470283506,0.3278350258395499,0.6532642612630941,0.5054270030733448,-0.04323174802198859,-0.02798167930881723,0.9896246834629359,0.9903043714673896,0.9904723435311403
4,9,0,shift_reuse,0.17980659448377817,0.174177348613739,0.3257058352231979,0.39640644253686624,0.6532642612630941,0.5054270030733448,-0.04323174802198859,-0.02798167930881723,0.9896246834629359,0.9903043714673896,0.9904723435311403
4,9,0,shift_local_r2,0.17143269678615622,0.16686131060123444,0.32088330686092376,0.3601688973670028,0.6532642612630941,0.5054270030733448,-0.04323174802198859,-0.02798167930881723,0.9896246834629359,0.9903043714673896,0.9904723435311403
4,9,0,shift_rank8_feature,0.1431904627195135,0.13443951308727264,0.2822546623647212,0.3020336672630423,0.6532642612630941,0.5054270030733448,-0.04323174802198859,-0.02798167930881723,0.9896246834629359,0.9903043714673896,0.9904723435311403
4,9,0,shift_rank8_noise,0.18179873616399903,0.17680923640727997,0.3118857234716415,0.3632918778403227,0.6532642612630941,0.5054270030733448,-0.04323174802198859,-0.02798167930881723,0.9896246834629359,0.9903043714673896,0.9904723435311403
4,9,0,shift_rank8_noisy_delta,0.18043856130669564,0.17719413340091705,0.3096779942512512,0.3617294109579628,0.6532642612630941,0.5054270030733448,-0.04323174802198859,-0.02798167930881723,0.9896246834629359,0.9903043714673896,0.9904723435311403
4,9,0,shift_rank8_state,0.09393465399061043,0.08993466943502426,0.16617591157555578,0.23506617294109453,0.6532642612630941,0.5054270030733448,-0.04323174802198859,-0.02798167930881723,0.9896246834629359,0.9903043714673896,0.9904723435311403
4,9,0,shift_rank8_state_noise,0.09430941649711087,0.09038621187210083,0.1667523846030235,0.23495876269379537,0.6532642612630941,0.5054270030733448,-0.04323174802198859,-0.02798167930881723,0.9896246834629359,0.9903043714673896,0.9904723435311403
4,9,0,shift_rank8_state_noisy_condition,0.09336303387659303,0.0895141139626503,0.1657260291278362,0.23493220624263492,0.6532642612630941,0.5054270030733448,-0.04323174802198859,-0.02798167930881723,0.9896246834629359,0.9903043714673896,0.9904723435311403
4,9,0,shift_rank8_oracle,0.08970302172218912,0.0879625454545021,0.1672894977033138,0.2334210444290662,0.6532642612630941,0.5054270030733448,-0.04323174802198859,-0.02798167930881723,0.9896246834629359,0.9903043714673896,0.9904723435311403
5,9,0,raw_reuse,0.16745333470528626,0.15069182217121124,0.3529629975557326,0.3643534386268712,0.6838567286703692,0.46471756784031126,0.002729041504682339,-0.0016824886499233749,0.9834611945009425,0.9841219306145002,0.9846571763718591
5,9,0,shift_reuse,0.17401725516260566,0.17151783406734467,0.32094254493713376,0.42414447084186246,0.6838567286703692,0.46471756784031126,0.002729041504682339,-0.0016824886499233749,0.9834611945009425,0.9841219306145002,0.9846571763718591
5,9,0,shift_local_r2,0.17223340053684452,0.16381101310253143,0.3598307728767395,0.3908448664311666,0.6838567286703692,0.46471756784031126,0.002729041504682339,-0.0016824886499233749,0.9834611945009425,0.9841219306145002,0.9846571763718591
5,9,0,shift_rank8_feature,0.16107292786374688,0.14227484166622162,0.3244495302438735,0.32366724529096913,0.6838567286703692,0.46471756784031126,0.002729041504682339,-0.0016824886499233749,0.9834611945009425,0.9841219306145002,0.9846571763718591
5,9,0,shift_rank8_noise,0.1825334716396968,0.17480140924453735,0.3781784623861313,0.38221765026780524,0.6838567286703692,0.46471756784031126,0.002729041504682339,-0.0016824886499233749,0.9834611945009425,0.9841219306145002,0.9846571763718591
5,9,0,shift_rank8_noisy_delta,0.18333274911875985,0.17426812648773193,0.3794272914528847,0.3827335952870628,0.6838567286703692,0.46471756784031126,0.002729041504682339,-0.0016824886499233749,0.9834611945009425,0.9841219306145002,0.9846571763718591
5,9,0,shift_rank8_state,0.08437401478038406,0.0807001143693924,0.1754310868680477,0.24156426816306867,0.6838567286703692,0.46471756784031126,0.002729041504682339,-0.0016824886499233749,0.9834611945009425,0.9841219306145002,0.9846571763718591
5,9,0,shift_rank8_state_noise,0.08478938748032189,0.081104576587677,0.17509243711829184,0.24144187738832154,0.6838567286703692,0.46471756784031126,0.002729041504682339,-0.0016824886499233749,0.9834611945009425,0.9841219306145002,0.9846571763718591
5,9,0,shift_rank8_state_noisy_condition,0.08432236704346853,0.08080021291971207,0.17268274948000908,0.2413427092681191,0.6838567286703692,0.46471756784031126,0.002729041504682339,-0.0016824886499233749,0.9834611945009425,0.9841219306145002,0.9846571763718591
5,9,0,shift_rank8_oracle,0.07984204311585286,0.07777062803506851,0.14945833534002304,0.2384820967283452,0.6838567286703692,0.46471756784031126,0.002729041504682339,-0.0016824886499233749,0.9834611945009425,0.9841219306145002,0.9846571763718591
6,9,0,raw_reuse,0.20419393757976387,0.16750065982341766,0.35268586575984956,0.4040603487402467,0.7680377402684831,-0.04978777915322796,-0.15264925783216765,-0.0682972778844213,0.9727103979927241,0.9727360329157232,0.9720128045266399
6,9,0,shift_reuse,0.16572885666673415,0.16054213047027588,0.34519626498222333,0.43114623335317864,0.7680377402684831,-0.04978777915322796,-0.15264925783216765,-0.0682972778844213,0.9727103979927241,0.9727360329157232,0.9720128045266399
6,9,0,shift_local_r2,0.1699001743494902,0.15886884927749634,0.3703917264938353,0.40176682686622983,0.7680377402684831,-0.04978777915322796,-0.15264925783216765,-0.0682972778844213,0.9727103979927241,0.9727360329157232,0.9720128045266399
6,9,0,shift_rank8_feature,0.2084319559472639,0.19205909967422485,0.4024941235780714,0.3679752457994278,0.7680377402684831,-0.04978777915322796,-0.15264925783216765,-0.0682972778844213,0.9727103979927241,0.9727360329157232,0.9720128045266399
6,9,0,shift_rank8_noise,0.18476019002973978,0.1713273972272873,0.40041713863611217,0.38006364275513044,0.7680377402684831,-0.04978777915322796,-0.15264925783216765,-0.0682972778844213,0.9727103979927241,0.9727360329157232,0.9720128045266399
6,9,0,shift_rank8_noisy_delta,0.18030654766095108,0.16667085886001587,0.4270795390009878,0.37017964107012397,0.7680377402684831,-0.04978777915322796,-0.15264925783216765,-0.0682972778844213,0.9727103979927241,0.9727360329157232,0.9720128045266399
6,9,0,shift_rank8_state,0.0758613318591212,0.07659164816141129,0.14593021720647809,0.2133490491341172,0.7680377402684831,-0.04978777915322796,-0.15264925783216765,-0.0682972778844213,0.9727103979927241,0.9727360329157232,0.9720128045266399
6,9,0,shift_rank8_state_noise,0.07530584403362163,0.07589153945446014,0.143323078751564,0.21334376921868717,0.7680377402684831,-0.04978777915322796,-0.15264925783216765,-0.0682972778844213,0.9727103979927241,0.9727360329157232,0.9720128045266399
6,9,0,shift_rank8_state_noisy_condition,0.07554899122248906,0.0761786475777626,0.142219028621912,0.21349272806829023,0.7680377402684831,-0.04978777915322796,-0.15264925783216765,-0.0682972778844213,0.9727103979927241,0.9727360329157232,0.9720128045266399
6,9,0,shift_rank8_oracle,0.07460400917500862,0.07591283321380615,0.14595624208450317,0.20765063415249785,0.7680377402684831,-0.04978777915322796,-0.15264925783216765,-0.0682972778844213,0.9727103979927241,0.9727360329157232,0.9720128045266399
7,9,0,raw_reuse,0.2562097810675487,0.21941111981868744,0.5531813949346542,0.38393428175198735,0.8997253357328137,0.4655597559843577,-0.07664330904333183,-0.05242430845403945,0.9523661277501907,0.9496348662149555,0.9546018009740714
7,9,0,shift_reuse,0.19056167193366766,0.1735089272260666,0.38223378211259834,0.3799997345748682,0.8997253357328137,0.4655597559843577,-0.07664330904333183,-0.05242430845403945,0.9523661277501907,0.9496348662149555,0.9546018009740714
7,9,0,shift_local_r2,0.1857557404734464,0.1675659418106079,0.36906509846448887,0.32159031411288996,0.8997253357328137,0.4655597559843577,-0.07664330904333183,-0.05242430845403945,0.9523661277501907,0.9496348662149555,0.9546018009740714
7,9,0,shift_rank8_feature,0.16466968936882456,0.15543249249458313,0.32667059749364846,0.21669882480910038,0.8997253357328137,0.4655597559843577,-0.07664330904333183,-0.05242430845403945,0.9523661277501907,0.9496348662149555,0.9546018009740714
7,9,0,shift_rank8_noise,0.1917455930262564,0.17124535143375397,0.3606070399284363,0.2826815681181469,0.8997253357328137,0.4655597559843577,-0.07664330904333183,-0.05242430845403945,0.9523661277501907,0.9496348662149555,0.9546018009740714
7,9,0,shift_rank8_noisy_delta,0.18952193276816665,0.16947193443775177,0.3789687663316726,0.2800660950840722,0.8997253357328137,0.4655597559843577,-0.07664330904333183,-0.05242430845403945,0.9523661277501907,0.9496348662149555,0.9546018009740714
7,9,0,shift_rank8_state,0.08312118934914384,0.08362280577421188,0.16872885823249817,0.13181207469637948,0.8997253357328137,0.4655597559843577,-0.07664330904333183,-0.05242430845403945,0.9523661277501907,0.9496348662149555,0.9546018009740714
7,9,0,shift_rank8_state_noise,0.08276999887234152,0.08327607065439224,0.16688035428524015,0.13244019819649502,0.8997253357328137,0.4655597559843577,-0.07664330904333183,-0.05242430845403945,0.9523661277501907,0.9496348662149555,0.9546018009740714
7,9,0,shift_rank8_state_noisy_condition,0.08116886120613727,0.08117680996656418,0.16319706141948698,0.1312956896818428,0.8997253357328137,0.4655597559843577,-0.07664330904333183,-0.05242430845403945,0.9523661277501907,0.9496348662149555,0.9546018009740714
7,9,0,shift_rank8_oracle,0.07547453598886372,0.07319900393486023,0.14463146477937697,0.12033138116249073,0.8997253357328137,0.4655597559843577,-0.07664330904333183,-0.05242430845403945,0.9523661277501907,0.9496348662149555,0.9546018009740714
