{
  "generator_entropy": 6.852380942710325,
  "delta_entropy": 4.348665161559179,
  "generator_summary": {
    "mean": -8.991345384856686e-05,
    "median": -5.1178627472836524e-05,
    "std": 0.015613870695233345,
    "max_abs": 0.07185491919517517
  },
  "delta_summary": {
    "mean": -4.5982258598087355e-05,
    "median": -0.000967919360846281,
    "std": 0.0090443454682827,
    "max_abs": 0.07475892454385757
  },
  "threshold_sparsity": {
    "0.001": 0.0049540200270712376,
    "0.01": 0.91534423828125,
    "0.05": 0.9991047978401184
  },
  "quantization_mse": {
    "int8": 2.8890248415791575e-08,
    "int4": 1.1970833838859107e-05,
    "int2": 7.68176032579504e-05
  },
  "estimated_compressed_bits": {
    "fp16_base_int4_delta": 1966080,
    "entropy_delta": 2000355.1800419134
  }
}