selection_policy,memory_variant,samples,parsed_rate,correct,accuracy,accuracy_ci95_low,accuracy_ci95_high,mean_total_state_bytes,cold_start_total_state_bytes,mean_feature_state_bytes,codec_parameter_bytes,codec_rank,residual_tokens_per_frame,residual_value_vectors_per_frame,residual_value_vector_budget,sparse_residual_tokens_per_frame,mean_grid_mode_frames,mean_sparse_mode_frames,mean_residual_value_bytes,mean_residual_index_bytes,mean_feature_state_compression_ratio,mean_total_state_compression_ratio,mean_pool_reconstruction_error,mean_selected_reconstruction_error,mean_compression_seconds,mean_reconstruction_seconds,mean_inference_seconds,mean_policy_seconds
learned_recent_query_topk,full,2,1.0,2,1.0,0.34237195288961925,1.0,8413328.0,8413328.0,8388608.0,2105344,256,0,0,0,0,0.0,0.0,0.0,0.0,1.0,1.0,0.0,0.0,0.0,1.5023513697087765e-05,0.08225897746160626,12.25587951997295
learned_recent_query_topk,pca_r256_grid2x2,2,1.0,1,0.5,0.09452865480086614,0.9054713451991339,1073296.0,3178640.0,1048576.0,2105344,256,0,4,64,0,16.0,0.0,524288.0,0.0,8.0,7.838777000939163,0.04785043839365244,0.04740742687135935,0.004397817421704531,0.005548284854739904,0.08082469098735601,12.264376312261447
learned_recent_query_topk,pca_r256_route_grid2_s4,2,1.0,2,1.0,0.34237195288961925,1.0,1073376.0,3178720.0,1048656.0,2105344,256,-1,4,64,4,8.0,8.0,524288.0,80.0,7.999389695000076,7.8381927674924725,0.047609735280275345,0.04716556612402201,0.013949086074717343,0.0005742615321651101,0.08052200404927135,12.2686508706538
learned_recent_query_topk,pca_r256_s4,2,1.0,1,0.5,0.09452865480086614,0.9054713451991339,1073424.0,3178768.0,1048704.0,2105344,256,4,4,64,4,0.0,16.0,524288.0,128.0,7.999023556694739,7.837842269224463,0.049408864229917526,0.048903209157288074,0.029170924914069474,0.0005626060301437974,0.08146766666322947,12.28480671660509
