{
  "acceptance": {
    "cache_faster_than_uncached_hybrid": false,
    "cache_quality": false,
    "correctness": false,
    "hybrid_quality": false,
    "hybrid_runtime_within_15_percent": true,
    "primary_cache_method": "hybrid_middle1_cache008",
    "primary_method": "hybrid_middle1",
    "promote_to_f81": false,
    "reference_pairs": 1,
    "warning": "PSNR and SSIM are paired deviations from dense output, not standalone semantic quality"
  },
  "methods": [
    {
      "cached_model_forward_fraction_mean": 0.0,
      "candidate_seconds_mean": 6.126703594985884,
      "frame_ssim_mean": 0.9652432647293165,
      "frame_ssim_min": 0.9652432647293165,
      "frame_ssim_p05_mean": 0.9622402699247139,
      "hybrid_residual_calls_mean": 0.0,
      "method": "fp8_middle1",
      "paired_speedup_geomean": 0.9897058516046073,
      "paired_speedup_min": 0.9897058516046073,
      "pairs": 1,
      "peak_allocated_mib_mean": 21533.244140625,
      "pixel_psnr_db_mean": 32.971347605791415,
      "successful_pairs": 1
    },
    {
      "cached_model_forward_fraction_mean": 0.0,
      "candidate_seconds_mean": 6.078730456996709,
      "frame_ssim_mean": 0.9631069076985304,
      "frame_ssim_min": 0.9631069076985304,
      "frame_ssim_p05_mean": 0.9605605607382525,
      "hybrid_residual_calls_mean": 120.0,
      "method": "hybrid_middle1",
      "paired_speedup_geomean": 0.9975165771703498,
      "paired_speedup_min": 0.9975165771703498,
      "pairs": 1,
      "peak_allocated_mib_mean": 21535.119140625,
      "pixel_psnr_db_mean": 32.88439503682131,
      "successful_pairs": 1
    },
    {
      "cached_model_forward_fraction_mean": 0.0,
      "candidate_seconds_mean": 6.067708283022512,
      "frame_ssim_mean": 0.9593440074398082,
      "frame_ssim_min": 0.9593440074398082,
      "frame_ssim_p05_mean": 0.9553459830205397,
      "hybrid_residual_calls_mean": 240.0,
      "method": "hybrid_middle2",
      "paired_speedup_geomean": 0.9993285959330976,
      "paired_speedup_min": 0.9993285959330976,
      "pairs": 1,
      "peak_allocated_mib_mean": 21535.119140625,
      "pixel_psnr_db_mean": 31.6802875329142,
      "successful_pairs": 1
    },
    {
      "cached_model_forward_fraction_mean": 0.0,
      "candidate_seconds_mean": 6.0857122609741054,
      "frame_ssim_mean": 0.9342752685494422,
      "frame_ssim_min": 0.9342752685494422,
      "frame_ssim_p05_mean": 0.9221891118061402,
      "hybrid_residual_calls_mean": 480.0,
      "method": "hybrid_middle4",
      "paired_speedup_geomean": 0.996372181098477,
      "paired_speedup_min": 0.996372181098477,
      "pairs": 1,
      "peak_allocated_mib_mean": 21535.119140625,
      "pixel_psnr_db_mean": 28.40281737839806,
      "successful_pairs": 1
    },
    {
      "cached_model_forward_fraction_mean": 0.0,
      "candidate_seconds_mean": 6.281544039986329,
      "frame_ssim_mean": 0.9229438147290338,
      "frame_ssim_min": 0.9229438147290338,
      "frame_ssim_p05_mean": 0.9093551879807207,
      "hybrid_residual_calls_mean": 960.0,
      "method": "hybrid_middle8",
      "paired_speedup_geomean": 0.9653095417950314,
      "paired_speedup_min": 0.9653095417950314,
      "pairs": 1,
      "peak_allocated_mib_mean": 21535.119140625,
      "pixel_psnr_db_mean": 27.04243210936408,
      "successful_pairs": 1
    },
    {
      "cached_model_forward_fraction_mean": 0.0,
      "candidate_seconds_mean": 6.141330590995494,
      "frame_ssim_mean": 0.8711338705018237,
      "frame_ssim_min": 0.8711338705018237,
      "frame_ssim_p05_mean": 0.8287970229662693,
      "hybrid_residual_calls_mean": 960.0,
      "method": "hybrid_refresh2",
      "paired_speedup_geomean": 0.9873486387290565,
      "paired_speedup_min": 0.9873486387290565,
      "pairs": 1,
      "peak_allocated_mib_mean": 21535.119140625,
      "pixel_psnr_db_mean": 24.169133238661033,
      "successful_pairs": 1
    },
    {
      "cached_model_forward_fraction_mean": 0.0,
      "candidate_seconds_mean": 6.212589102011407,
      "frame_ssim_mean": 0.8723315378074914,
      "frame_ssim_min": 0.8723315378074914,
      "frame_ssim_p05_mean": 0.8551053823518918,
      "hybrid_residual_calls_mean": 1320.0,
      "method": "hybrid_refresh3",
      "paired_speedup_geomean": 0.9760237317226296,
      "paired_speedup_min": 0.9760237317226296,
      "pairs": 1,
      "peak_allocated_mib_mean": 21535.119140625,
      "pixel_psnr_db_mean": 24.268433728350676,
      "successful_pairs": 1
    },
    {
      "cached_model_forward_fraction_mean": 0.0,
      "candidate_seconds_mean": 6.186538745998405,
      "frame_ssim_mean": 0.8591630899102078,
      "frame_ssim_min": 0.8591630899102078,
      "frame_ssim_p05_mean": 0.8225622465849287,
      "hybrid_residual_calls_mean": 1440.0,
      "method": "hybrid_refresh4",
      "paired_speedup_geomean": 0.9801335848622319,
      "paired_speedup_min": 0.9801335848622319,
      "pairs": 1,
      "peak_allocated_mib_mean": 21535.119140625,
      "pixel_psnr_db_mean": 24.072079861243367,
      "successful_pairs": 1
    }
  ]
}
