selection_policy,memory_variant,reference_variant,noninferiority_margin,paired_prediction_matches,paired_prediction_disagreements,prediction_agreement_rate,worse_rate,worse_rate_upper_95,noninferior_at_margin,paired_samples,accuracy_gain,bootstrap_ci95_low,bootstrap_ci95_high,better_samples,worse_samples,tied_samples,mcnemar_exact_p
exact_recent,pca_r256_grid2x2,full,0.02,299,1,0.9966666666666667,0.0033333333333333335,0.015714554891583965,1,300,-0.0033333333333333335,-0.01,0.0,0,1,299,1.0
exact_recent,pca_r256_route_grid2_s4,full,0.02,299,1,0.9966666666666667,0.0033333333333333335,0.015714554891583965,1,300,-0.0033333333333333335,-0.01,0.0,0,1,299,1.0
exact_recent,pca_r256_s0,full,0.02,295,5,0.9833333333333333,0.006666666666666667,0.020836230527024602,0,300,-0.0033333333333333335,-0.016666666666666666,0.006666666666666667,1,2,297,1.0
exact_recent,pca_r256_s4,full,0.02,299,1,0.9966666666666667,0.0,0.00993608194445772,1,300,0.0,0.0,0.0,0,0,300,1.0
learned_recent_query_topk,pca_r256_grid2x2,full,0.02,297,3,0.99,0.006666666666666667,0.020836230527024602,0,300,-0.0033333333333333335,-0.013333333333333334,0.006666666666666667,1,2,297,1.0
learned_recent_query_topk,pca_r256_route_grid2_s4,full,0.02,298,2,0.9933333333333333,0.0033333333333333335,0.015714554891583965,1,300,0.0,-0.01,0.01,1,1,298,1.0
learned_recent_query_topk,pca_r256_s0,full,0.02,293,7,0.9766666666666667,0.016666666666666666,0.03472224430129495,0,300,-0.01,-0.02666666666666667,0.006666666666666667,2,5,293,0.453125
learned_recent_query_topk,pca_r256_s4,full,0.02,296,4,0.9866666666666667,0.006666666666666667,0.020836230527024602,0,300,0.0,-0.013333333333333334,0.013333333333333334,2,2,296,1.0
