task,memory_variant,samples,mean_grid_mode_frames,mean_sparse_mode_frames,grid_mode_share,sparse_mode_share
object_existence,pca_r256_route_grid2_s4,60,8.633333333333333,7.366666666666666,0.5395833333333333,0.46041666666666664
state_change,pca_r256_route_grid2_s4,60,13.366666666666667,2.6333333333333333,0.8354166666666667,0.16458333333333333
scene_transition,pca_r256_route_grid2_s4,60,15.316666666666666,0.6833333333333333,0.9572916666666667,0.042708333333333334
action_sequence,pca_r256_route_grid2_s4,60,14.75,1.25,0.921875,0.078125
moving_direction,pca_r256_route_grid2_s4,60,8.516666666666667,7.483333333333333,0.5322916666666667,0.46770833333333334
all,pca_r256_route_grid2_s4,300,12.116666666666667,3.8833333333333333,0.7572916666666667,0.24270833333333333
