policy,tasks,samples,parsed_rate,micro_accuracy,micro_accuracy_ci95_low,micro_accuracy_ci95_high,macro_task_accuracy,mean_inference_seconds,macro_gain_vs_uniform
hybrid,5,100,1.0,0.52,0.4231640509017654,0.6153561567991945,0.52,0.2809753365581855,-0.010000000000000009
recent,5,100,1.0,0.52,0.4231640509017654,0.6153561567991945,0.5199999999999999,0.2813344648270868,-0.01000000000000012
uniform,5,100,1.0,0.53,0.4328868313724773,0.6248934801789626,0.53,0.3478504802298266,0.0
