{
  "generator_entropy": 6.898871156651216,
  "delta_entropy": 1.338810559458298,
  "generator_summary": {
    "mean": -1.1876913958985824e-05,
    "median": -9.326809231424704e-05,
    "std": 0.06242306903004646,
    "max_abs": 0.280261754989624
  },
  "delta_summary": {
    "mean": 0.0005173604004085064,
    "median": 0.02953840047121048,
    "std": 0.029936905950307846,
    "max_abs": 0.02999928407371044
  },
  "threshold_sparsity": {
    "0.001": 1.0172526344831567e-05,
    "0.01": 0.0001220703125,
    "0.05": 1.0
  },
  "quantization_mse": {
    "int8": 1.0476560730054985e-09,
    "int4": 2.5440073159188614e-08,
    "int2": 1.4998728659065819e-07
  },
  "estimated_compressed_bits": {
    "fp16_base_int4_delta": 3932160,
    "entropy_delta": 3408948.866473977
  }
}