head,source,ascending_index,eigenvalue,mp_lower,mp_upper
0,q,0,0.0006873387610539794,0.8788919423236052,1.1289224654908026
0,q,1,0.001014739740639925,0.8788919423236052,1.1289224654908026
0,q,2,0.0010920080821961164,0.8788919423236052,1.1289224654908026
0,q,3,0.0018552921246737242,0.8788919423236052,1.1289224654908026
0,q,4,0.0021649254485964775,0.8788919423236052,1.1289224654908026
0,q,5,0.0026304014027118683,0.8788919423236052,1.1289224654908026
0,q,6,0.002782182302325964,0.8788919423236052,1.1289224654908026
0,q,7,0.0037184921093285084,0.8788919423236052,1.1289224654908026
0,q,8,0.00456642359495163,0.8788919423236052,1.1289224654908026
0,q,9,0.005268705077469349,0.8788919423236052,1.1289224654908026
0,q,10,0.005412915721535683,0.8788919423236052,1.1289224654908026
0,q,11,0.006912920158356428,0.8788919423236052,1.1289224654908026
0,q,12,0.007133849430829287,0.8788919423236052,1.1289224654908026
0,q,13,0.00785541720688343,0.8788919423236052,1.1289224654908026
0,q,14,0.009060504846274853,0.8788919423236052,1.1289224654908026
0,q,15,0.009500387124717236,0.8788919423236052,1.1289224654908026
0,q,16,0.009941005147993565,0.8788919423236052,1.1289224654908026
0,q,17,0.01202195044606924,0.8788919423236052,1.1289224654908026
0,q,18,0.01444735936820507,0.8788919423236052,1.1289224654908026
0,q,19,0.015810012817382812,0.8788919423236052,1.1289224654908026
0,q,20,0.016249673441052437,0.8788919423236052,1.1289224654908026
0,q,21,0.01716908998787403,0.8788919423236052,1.1289224654908026
0,q,22,0.017912304028868675,0.8788919423236052,1.1289224654908026
0,q,23,0.02033066935837269,0.8788919423236052,1.1289224654908026
0,q,24,0.020878974348306656,0.8788919423236052,1.1289224654908026
0,q,25,0.024246051907539368,0.8788919423236052,1.1289224654908026
0,q,26,0.024631349369883537,0.8788919423236052,1.1289224654908026
0,q,27,0.026675451546907425,0.8788919423236052,1.1289224654908026
0,q,28,0.028734784573316574,0.8788919423236052,1.1289224654908026
0,q,29,0.0320998914539814,0.8788919423236052,1.1289224654908026
0,q,30,0.03447972610592842,0.8788919423236052,1.1289224654908026
0,q,31,0.038319285959005356,0.8788919423236052,1.1289224654908026
0,q,32,0.039200201630592346,0.8788919423236052,1.1289224654908026
0,q,33,0.040202610194683075,0.8788919423236052,1.1289224654908026
0,q,34,0.046837590634822845,0.8788919423236052,1.1289224654908026
0,q,35,0.052913155406713486,0.8788919423236052,1.1289224654908026
0,q,36,0.053461361676454544,0.8788919423236052,1.1289224654908026
0,q,37,0.057025209069252014,0.8788919423236052,1.1289224654908026
0,q,38,0.0627906322479248,0.8788919423236052,1.1289224654908026
0,q,39,0.06717310845851898,0.8788919423236052,1.1289224654908026
0,q,40,0.07289168238639832,0.8788919423236052,1.1289224654908026
0,q,41,0.07586164772510529,0.8788919423236052,1.1289224654908026
0,q,42,0.08097697049379349,0.8788919423236052,1.1289224654908026
0,q,43,0.08574406802654266,0.8788919423236052,1.1289224654908026
0,q,44,0.0917682871222496,0.8788919423236052,1.1289224654908026
0,q,45,0.10454743355512619,0.8788919423236052,1.1289224654908026
0,q,46,0.117939792573452,0.8788919423236052,1.1289224654908026
0,q,47,0.11980056762695312,0.8788919423236052,1.1289224654908026
0,q,48,0.1280522495508194,0.8788919423236052,1.1289224654908026
0,q,49,0.13885854184627533,0.8788919423236052,1.1289224654908026
0,q,50,0.14588810503482819,0.8788919423236052,1.1289224654908026
0,q,51,0.15312814712524414,0.8788919423236052,1.1289224654908026
0,q,52,0.16839836537837982,0.8788919423236052,1.1289224654908026
0,q,53,0.18771018087863922,0.8788919423236052,1.1289224654908026
0,q,54,0.20362108945846558,0.8788919423236052,1.1289224654908026
0,q,55,0.20747160911560059,0.8788919423236052,1.1289224654908026
0,q,56,0.21681152284145355,0.8788919423236052,1.1289224654908026
0,q,57,0.22765567898750305,0.8788919423236052,1.1289224654908026
0,q,58,0.2482086718082428,0.8788919423236052,1.1289224654908026
0,q,59,0.2562527656555176,0.8788919423236052,1.1289224654908026
0,q,60,0.26395007967948914,0.8788919423236052,1.1289224654908026
0,q,61,0.2915917634963989,0.8788919423236052,1.1289224654908026
0,q,62,0.30144864320755005,0.8788919423236052,1.1289224654908026
0,q,63,0.3218652606010437,0.8788919423236052,1.1289224654908026
0,q,64,0.3460460901260376,0.8788919423236052,1.1289224654908026
0,q,65,0.36313602328300476,0.8788919423236052,1.1289224654908026
0,q,66,0.381100058555603,0.8788919423236052,1.1289224654908026
0,q,67,0.41927090287208557,0.8788919423236052,1.1289224654908026
0,q,68,0.44318893551826477,0.8788919423236052,1.1289224654908026
0,q,69,0.4656197130680084,0.8788919423236052,1.1289224654908026
0,q,70,0.4885721206665039,0.8788919423236052,1.1289224654908026
0,q,71,0.5120289325714111,0.8788919423236052,1.1289224654908026
0,q,72,0.5407879948616028,0.8788919423236052,1.1289224654908026
0,q,73,0.5670149326324463,0.8788919423236052,1.1289224654908026
0,q,74,0.5804176330566406,0.8788919423236052,1.1289224654908026
0,q,75,0.6005924940109253,0.8788919423236052,1.1289224654908026
0,q,76,0.6586582660675049,0.8788919423236052,1.1289224654908026
0,q,77,0.6706178188323975,0.8788919423236052,1.1289224654908026
0,q,78,0.6860311627388,0.8788919423236052,1.1289224654908026
0,q,79,0.7197155952453613,0.8788919423236052,1.1289224654908026
0,q,80,0.8055850267410278,0.8788919423236052,1.1289224654908026
0,q,81,0.8345041871070862,0.8788919423236052,1.1289224654908026
0,q,82,0.8482625484466553,0.8788919423236052,1.1289224654908026
0,q,83,0.8613330721855164,0.8788919423236052,1.1289224654908026
0,q,84,0.867419421672821,0.8788919423236052,1.1289224654908026
0,q,85,0.8777722716331482,0.8788919423236052,1.1289224654908026
0,q,86,0.8889603614807129,0.8788919423236052,1.1289224654908026
0,q,87,0.9326990842819214,0.8788919423236052,1.1289224654908026
0,q,88,0.9371057152748108,0.8788919423236052,1.1289224654908026
0,q,89,0.9572685956954956,0.8788919423236052,1.1289224654908026
0,q,90,0.9750128984451294,0.8788919423236052,1.1289224654908026
0,q,91,0.9786336421966553,0.8788919423236052,1.1289224654908026
0,q,92,1.0076637268066406,0.8788919423236052,1.1289224654908026
0,q,93,1.026181936264038,0.8788919423236052,1.1289224654908026
0,q,94,1.0399227142333984,0.8788919423236052,1.1289224654908026
0,q,95,1.0590131282806396,0.8788919423236052,1.1289224654908026
0,q,96,1.0792992115020752,0.8788919423236052,1.1289224654908026
0,q,97,1.1023948192596436,0.8788919423236052,1.1289224654908026
0,q,98,1.1435834169387817,0.8788919423236052,1.1289224654908026
0,q,99,1.2256474494934082,0.8788919423236052,1.1289224654908026
0,q,100,1.2814037799835205,0.8788919423236052,1.1289224654908026
0,q,101,1.3008077144622803,0.8788919423236052,1.1289224654908026
0,q,102,1.3112103939056396,0.8788919423236052,1.1289224654908026
0,q,103,1.3452246189117432,0.8788919423236052,1.1289224654908026
0,q,104,1.376288890838623,0.8788919423236052,1.1289224654908026
0,q,105,1.4174120426177979,0.8788919423236052,1.1289224654908026
0,q,106,1.4891581535339355,0.8788919423236052,1.1289224654908026
0,q,107,1.5073354244232178,0.8788919423236052,1.1289224654908026
0,q,108,1.524989366531372,0.8788919423236052,1.1289224654908026
0,q,109,1.6002641916275024,0.8788919423236052,1.1289224654908026
0,q,110,1.6669108867645264,0.8788919423236052,1.1289224654908026
0,q,111,1.8078923225402832,0.8788919423236052,1.1289224654908026
0,q,112,1.958566427230835,0.8788919423236052,1.1289224654908026
0,q,113,2.0545601844787598,0.8788919423236052,1.1289224654908026
0,q,114,2.3840646743774414,0.8788919423236052,1.1289224654908026
0,q,115,2.4384377002716064,0.8788919423236052,1.1289224654908026
0,q,116,2.5371201038360596,0.8788919423236052,1.1289224654908026
0,q,117,2.642446279525757,0.8788919423236052,1.1289224654908026
0,q,118,3.0123980045318604,0.8788919423236052,1.1289224654908026
0,q,119,3.0799765586853027,0.8788919423236052,1.1289224654908026
0,q,120,3.359093427658081,0.8788919423236052,1.1289224654908026
0,q,121,3.614926338195801,0.8788919423236052,1.1289224654908026
0,q,122,4.236901760101318,0.8788919423236052,1.1289224654908026
0,q,123,4.4902215003967285,0.8788919423236052,1.1289224654908026
0,q,124,4.970804214477539,0.8788919423236052,1.1289224654908026
0,q,125,5.675032615661621,0.8788919423236052,1.1289224654908026
0,q,126,11.169485092163086,0.8788919423236052,1.1289224654908026
0,q,127,19.80426788330078,0.8788919423236052,1.1289224654908026
0,k,0,0.0011365703539922833,0.8788919423236052,1.1289224654908026
0,k,1,0.0013603433035314083,0.8788919423236052,1.1289224654908026
0,k,2,0.0016634589992463589,0.8788919423236052,1.1289224654908026
0,k,3,0.0019735682290047407,0.8788919423236052,1.1289224654908026
0,k,4,0.0029274385888129473,0.8788919423236052,1.1289224654908026
0,k,5,0.003239583456888795,0.8788919423236052,1.1289224654908026
0,k,6,0.004293855745345354,0.8788919423236052,1.1289224654908026
0,k,7,0.0045167431235313416,0.8788919423236052,1.1289224654908026
0,k,8,0.005040491931140423,0.8788919423236052,1.1289224654908026
0,k,9,0.006002086214721203,0.8788919423236052,1.1289224654908026
0,k,10,0.008078555576503277,0.8788919423236052,1.1289224654908026
0,k,11,0.01036112941801548,0.8788919423236052,1.1289224654908026
0,k,12,0.012008764781057835,0.8788919423236052,1.1289224654908026
0,k,13,0.013450967147946358,0.8788919423236052,1.1289224654908026
0,k,14,0.015273094177246094,0.8788919423236052,1.1289224654908026
0,k,15,0.017830269411206245,0.8788919423236052,1.1289224654908026
0,k,16,0.01926310546696186,0.8788919423236052,1.1289224654908026
0,k,17,0.02294856309890747,0.8788919423236052,1.1289224654908026
0,k,18,0.02477482333779335,0.8788919423236052,1.1289224654908026
0,k,19,0.026440005749464035,0.8788919423236052,1.1289224654908026
0,k,20,0.029425302520394325,0.8788919423236052,1.1289224654908026
0,k,21,0.03124075196683407,0.8788919423236052,1.1289224654908026
0,k,22,0.03457358479499817,0.8788919423236052,1.1289224654908026
0,k,23,0.04201755300164223,0.8788919423236052,1.1289224654908026
0,k,24,0.04693765193223953,0.8788919423236052,1.1289224654908026
0,k,25,0.0536886602640152,0.8788919423236052,1.1289224654908026
0,k,26,0.056095272302627563,0.8788919423236052,1.1289224654908026
0,k,27,0.05963858589529991,0.8788919423236052,1.1289224654908026
0,k,28,0.06321166455745697,0.8788919423236052,1.1289224654908026
0,k,29,0.0696900337934494,0.8788919423236052,1.1289224654908026
0,k,30,0.07870261371135712,0.8788919423236052,1.1289224654908026
0,k,31,0.08540406078100204,0.8788919423236052,1.1289224654908026
0,k,32,0.08626813441514969,0.8788919423236052,1.1289224654908026
0,k,33,0.09580549597740173,0.8788919423236052,1.1289224654908026
0,k,34,0.09943214058876038,0.8788919423236052,1.1289224654908026
0,k,35,0.10159558802843094,0.8788919423236052,1.1289224654908026
0,k,36,0.10547850281000137,0.8788919423236052,1.1289224654908026
0,k,37,0.1084631010890007,0.8788919423236052,1.1289224654908026
0,k,38,0.11664149910211563,0.8788919423236052,1.1289224654908026
0,k,39,0.12199101597070694,0.8788919423236052,1.1289224654908026
0,k,40,0.1359225958585739,0.8788919423236052,1.1289224654908026
0,k,41,0.14185011386871338,0.8788919423236052,1.1289224654908026
0,k,42,0.14585235714912415,0.8788919423236052,1.1289224654908026
0,k,43,0.16198620200157166,0.8788919423236052,1.1289224654908026
0,k,44,0.17270304262638092,0.8788919423236052,1.1289224654908026
0,k,45,0.18659302592277527,0.8788919423236052,1.1289224654908026
0,k,46,0.2017422914505005,0.8788919423236052,1.1289224654908026
0,k,47,0.2060902863740921,0.8788919423236052,1.1289224654908026
0,k,48,0.22653897106647491,0.8788919423236052,1.1289224654908026
0,k,49,0.2364485114812851,0.8788919423236052,1.1289224654908026
0,k,50,0.2556646764278412,0.8788919423236052,1.1289224654908026
0,k,51,0.2700423300266266,0.8788919423236052,1.1289224654908026
0,k,52,0.28872382640838623,0.8788919423236052,1.1289224654908026
0,k,53,0.2975207567214966,0.8788919423236052,1.1289224654908026
0,k,54,0.3106561303138733,0.8788919423236052,1.1289224654908026
0,k,55,0.3583046793937683,0.8788919423236052,1.1289224654908026
0,k,56,0.3704754412174225,0.8788919423236052,1.1289224654908026
0,k,57,0.40650612115859985,0.8788919423236052,1.1289224654908026
0,k,58,0.4386616349220276,0.8788919423236052,1.1289224654908026
0,k,59,0.44123369455337524,0.8788919423236052,1.1289224654908026
0,k,60,0.4946344196796417,0.8788919423236052,1.1289224654908026
0,k,61,0.5058988332748413,0.8788919423236052,1.1289224654908026
0,k,62,0.5282697677612305,0.8788919423236052,1.1289224654908026
0,k,63,0.5485242009162903,0.8788919423236052,1.1289224654908026
0,k,64,0.565444827079773,0.8788919423236052,1.1289224654908026
0,k,65,0.6219265460968018,0.8788919423236052,1.1289224654908026
0,k,66,0.6268139481544495,0.8788919423236052,1.1289224654908026
0,k,67,0.6613479852676392,0.8788919423236052,1.1289224654908026
0,k,68,0.6971089839935303,0.8788919423236052,1.1289224654908026
0,k,69,0.718370258808136,0.8788919423236052,1.1289224654908026
0,k,70,0.759185254573822,0.8788919423236052,1.1289224654908026
0,k,71,0.7744587659835815,0.8788919423236052,1.1289224654908026
0,k,72,0.7877311706542969,0.8788919423236052,1.1289224654908026
0,k,73,0.8096222281455994,0.8788919423236052,1.1289224654908026
0,k,74,0.8276103734970093,0.8788919423236052,1.1289224654908026
0,k,75,0.8765859603881836,0.8788919423236052,1.1289224654908026
0,k,76,0.8807970285415649,0.8788919423236052,1.1289224654908026
0,k,77,0.8856346011161804,0.8788919423236052,1.1289224654908026
0,k,78,0.9002051949501038,0.8788919423236052,1.1289224654908026
0,k,79,0.924168586730957,0.8788919423236052,1.1289224654908026
0,k,80,0.9305555820465088,0.8788919423236052,1.1289224654908026
0,k,81,0.9411191940307617,0.8788919423236052,1.1289224654908026
0,k,82,0.9523581266403198,0.8788919423236052,1.1289224654908026
0,k,83,0.961842954158783,0.8788919423236052,1.1289224654908026
0,k,84,0.9651649594306946,0.8788919423236052,1.1289224654908026
0,k,85,0.9864102602005005,0.8788919423236052,1.1289224654908026
0,k,86,0.9914973378181458,0.8788919423236052,1.1289224654908026
0,k,87,0.9987999796867371,0.8788919423236052,1.1289224654908026
0,k,88,1.0064237117767334,0.8788919423236052,1.1289224654908026
0,k,89,1.0133671760559082,0.8788919423236052,1.1289224654908026
0,k,90,1.0278350114822388,0.8788919423236052,1.1289224654908026
0,k,91,1.0344738960266113,0.8788919423236052,1.1289224654908026
0,k,92,1.0428049564361572,0.8788919423236052,1.1289224654908026
0,k,93,1.0561715364456177,0.8788919423236052,1.1289224654908026
0,k,94,1.080257534980774,0.8788919423236052,1.1289224654908026
0,k,95,1.092542290687561,0.8788919423236052,1.1289224654908026
0,k,96,1.1230592727661133,0.8788919423236052,1.1289224654908026
0,k,97,1.1323904991149902,0.8788919423236052,1.1289224654908026
0,k,98,1.1505173444747925,0.8788919423236052,1.1289224654908026
0,k,99,1.1918823719024658,0.8788919423236052,1.1289224654908026
0,k,100,1.2865071296691895,0.8788919423236052,1.1289224654908026
0,k,101,1.3099206686019897,0.8788919423236052,1.1289224654908026
0,k,102,1.3366786241531372,0.8788919423236052,1.1289224654908026
0,k,103,1.3937935829162598,0.8788919423236052,1.1289224654908026
0,k,104,1.4493985176086426,0.8788919423236052,1.1289224654908026
0,k,105,1.5010344982147217,0.8788919423236052,1.1289224654908026
0,k,106,1.646504282951355,0.8788919423236052,1.1289224654908026
0,k,107,1.7219398021697998,0.8788919423236052,1.1289224654908026
0,k,108,1.7781366109848022,0.8788919423236052,1.1289224654908026
0,k,109,1.890574336051941,0.8788919423236052,1.1289224654908026
0,k,110,1.9143692255020142,0.8788919423236052,1.1289224654908026
0,k,111,1.9937480688095093,0.8788919423236052,1.1289224654908026
0,k,112,2.0638790130615234,0.8788919423236052,1.1289224654908026
0,k,113,2.352591037750244,0.8788919423236052,1.1289224654908026
0,k,114,2.4298131465911865,0.8788919423236052,1.1289224654908026
0,k,115,2.4541661739349365,0.8788919423236052,1.1289224654908026
0,k,116,2.4934070110321045,0.8788919423236052,1.1289224654908026
0,k,117,2.5893235206604004,0.8788919423236052,1.1289224654908026
0,k,118,2.655993938446045,0.8788919423236052,1.1289224654908026
0,k,119,2.914483070373535,0.8788919423236052,1.1289224654908026
0,k,120,3.31613826751709,0.8788919423236052,1.1289224654908026
0,k,121,3.5880441665649414,0.8788919423236052,1.1289224654908026
0,k,122,3.7415852546691895,0.8788919423236052,1.1289224654908026
0,k,123,3.940371513366699,0.8788919423236052,1.1289224654908026
0,k,124,4.789209365844727,0.8788919423236052,1.1289224654908026
0,k,125,5.506670951843262,0.8788919423236052,1.1289224654908026
0,k,126,6.6687397956848145,0.8788919423236052,1.1289224654908026
0,k,127,15.26066780090332,0.8788919423236052,1.1289224654908026
1,q,0,0.0009230626747012138,0.8788919423236052,1.1289224654908026
1,q,1,0.0011472945334389806,0.8788919423236052,1.1289224654908026
1,q,2,0.0012512373505160213,0.8788919423236052,1.1289224654908026
1,q,3,0.0022293247748166323,0.8788919423236052,1.1289224654908026
1,q,4,0.0029989953618496656,0.8788919423236052,1.1289224654908026
1,q,5,0.0037344188895076513,0.8788919423236052,1.1289224654908026
1,q,6,0.005586606916040182,0.8788919423236052,1.1289224654908026
1,q,7,0.006419442594051361,0.8788919423236052,1.1289224654908026
1,q,8,0.008759609423577785,0.8788919423236052,1.1289224654908026
1,q,9,0.010553502477705479,0.8788919423236052,1.1289224654908026
1,q,10,0.013536072336137295,0.8788919423236052,1.1289224654908026
1,q,11,0.014525370672345161,0.8788919423236052,1.1289224654908026
1,q,12,0.017847811803221703,0.8788919423236052,1.1289224654908026
1,q,13,0.019488729536533356,0.8788919423236052,1.1289224654908026
1,q,14,0.01983070559799671,0.8788919423236052,1.1289224654908026
1,q,15,0.02238553576171398,0.8788919423236052,1.1289224654908026
1,q,16,0.023904601112008095,0.8788919423236052,1.1289224654908026
1,q,17,0.024955319240689278,0.8788919423236052,1.1289224654908026
1,q,18,0.025823596864938736,0.8788919423236052,1.1289224654908026
1,q,19,0.028366869315505028,0.8788919423236052,1.1289224654908026
1,q,20,0.02911175973713398,0.8788919423236052,1.1289224654908026
1,q,21,0.03145384415984154,0.8788919423236052,1.1289224654908026
1,q,22,0.034636884927749634,0.8788919423236052,1.1289224654908026
1,q,23,0.03556601703166962,0.8788919423236052,1.1289224654908026
1,q,24,0.03928235173225403,0.8788919423236052,1.1289224654908026
1,q,25,0.04540837183594704,0.8788919423236052,1.1289224654908026
1,q,26,0.05027969926595688,0.8788919423236052,1.1289224654908026
1,q,27,0.05397726967930794,0.8788919423236052,1.1289224654908026
1,q,28,0.05663882568478584,0.8788919423236052,1.1289224654908026
1,q,29,0.05747436359524727,0.8788919423236052,1.1289224654908026
1,q,30,0.06225484609603882,0.8788919423236052,1.1289224654908026
1,q,31,0.0719340518116951,0.8788919423236052,1.1289224654908026
1,q,32,0.07918421924114227,0.8788919423236052,1.1289224654908026
1,q,33,0.08175397664308548,0.8788919423236052,1.1289224654908026
1,q,34,0.08287644386291504,0.8788919423236052,1.1289224654908026
1,q,35,0.08937079459428787,0.8788919423236052,1.1289224654908026
1,q,36,0.09741473197937012,0.8788919423236052,1.1289224654908026
1,q,37,0.10464323312044144,0.8788919423236052,1.1289224654908026
1,q,38,0.11138260364532471,0.8788919423236052,1.1289224654908026
1,q,39,0.12278612703084946,0.8788919423236052,1.1289224654908026
1,q,40,0.13668984174728394,0.8788919423236052,1.1289224654908026
1,q,41,0.1487037092447281,0.8788919423236052,1.1289224654908026
1,q,42,0.15702196955680847,0.8788919423236052,1.1289224654908026
1,q,43,0.16828590631484985,0.8788919423236052,1.1289224654908026
1,q,44,0.18386203050613403,0.8788919423236052,1.1289224654908026
1,q,45,0.19434091448783875,0.8788919423236052,1.1289224654908026
1,q,46,0.19819064438343048,0.8788919423236052,1.1289224654908026
1,q,47,0.21169324219226837,0.8788919423236052,1.1289224654908026
1,q,48,0.2206692397594452,0.8788919423236052,1.1289224654908026
1,q,49,0.23565784096717834,0.8788919423236052,1.1289224654908026
1,q,50,0.2784730792045593,0.8788919423236052,1.1289224654908026
1,q,51,0.2957332134246826,0.8788919423236052,1.1289224654908026
1,q,52,0.3489682376384735,0.8788919423236052,1.1289224654908026
1,q,53,0.3764209747314453,0.8788919423236052,1.1289224654908026
1,q,54,0.40084612369537354,0.8788919423236052,1.1289224654908026
1,q,55,0.45523226261138916,0.8788919423236052,1.1289224654908026
1,q,56,0.5389280319213867,0.8788919423236052,1.1289224654908026
1,q,57,0.5497314929962158,0.8788919423236052,1.1289224654908026
1,q,58,0.5896778106689453,0.8788919423236052,1.1289224654908026
1,q,59,0.6044577956199646,0.8788919423236052,1.1289224654908026
1,q,60,0.6409879922866821,0.8788919423236052,1.1289224654908026
1,q,61,0.6689247488975525,0.8788919423236052,1.1289224654908026
1,q,62,0.7129224538803101,0.8788919423236052,1.1289224654908026
1,q,63,0.769888699054718,0.8788919423236052,1.1289224654908026
1,q,64,0.7766664624214172,0.8788919423236052,1.1289224654908026
1,q,65,0.7948501110076904,0.8788919423236052,1.1289224654908026
1,q,66,0.8116192817687988,0.8788919423236052,1.1289224654908026
1,q,67,0.821435272693634,0.8788919423236052,1.1289224654908026
1,q,68,0.857296347618103,0.8788919423236052,1.1289224654908026
1,q,69,0.8634518384933472,0.8788919423236052,1.1289224654908026
1,q,70,0.8764727711677551,0.8788919423236052,1.1289224654908026
1,q,71,0.8944794535636902,0.8788919423236052,1.1289224654908026
1,q,72,0.9030104875564575,0.8788919423236052,1.1289224654908026
1,q,73,0.9266869425773621,0.8788919423236052,1.1289224654908026
1,q,74,0.9276702404022217,0.8788919423236052,1.1289224654908026
1,q,75,0.9515758156776428,0.8788919423236052,1.1289224654908026
1,q,76,0.9567511677742004,0.8788919423236052,1.1289224654908026
1,q,77,0.9774725437164307,0.8788919423236052,1.1289224654908026
1,q,78,0.9913615584373474,0.8788919423236052,1.1289224654908026
1,q,79,1.0088152885437012,0.8788919423236052,1.1289224654908026
1,q,80,1.0300806760787964,0.8788919423236052,1.1289224654908026
1,q,81,1.0342944860458374,0.8788919423236052,1.1289224654908026
1,q,82,1.06171715259552,0.8788919423236052,1.1289224654908026
1,q,83,1.0693318843841553,0.8788919423236052,1.1289224654908026
1,q,84,1.0769157409667969,0.8788919423236052,1.1289224654908026
1,q,85,1.0945000648498535,0.8788919423236052,1.1289224654908026
1,q,86,1.0991219282150269,0.8788919423236052,1.1289224654908026
1,q,87,1.1059541702270508,0.8788919423236052,1.1289224654908026
1,q,88,1.1463488340377808,0.8788919423236052,1.1289224654908026
1,q,89,1.1853376626968384,0.8788919423236052,1.1289224654908026
1,q,90,1.2153998613357544,0.8788919423236052,1.1289224654908026
1,q,91,1.2402960062026978,0.8788919423236052,1.1289224654908026
1,q,92,1.2534642219543457,0.8788919423236052,1.1289224654908026
1,q,93,1.3047715425491333,0.8788919423236052,1.1289224654908026
1,q,94,1.3215136528015137,0.8788919423236052,1.1289224654908026
1,q,95,1.3407100439071655,0.8788919423236052,1.1289224654908026
1,q,96,1.4078625440597534,0.8788919423236052,1.1289224654908026
1,q,97,1.4225051403045654,0.8788919423236052,1.1289224654908026
1,q,98,1.440195918083191,0.8788919423236052,1.1289224654908026
1,q,99,1.4694266319274902,0.8788919423236052,1.1289224654908026
1,q,100,1.50808846950531,0.8788919423236052,1.1289224654908026
1,q,101,1.5129443407058716,0.8788919423236052,1.1289224654908026
1,q,102,1.6013305187225342,0.8788919423236052,1.1289224654908026
1,q,103,1.6460556983947754,0.8788919423236052,1.1289224654908026
1,q,104,1.7173289060592651,0.8788919423236052,1.1289224654908026
1,q,105,1.8166368007659912,0.8788919423236052,1.1289224654908026
1,q,106,1.8362231254577637,0.8788919423236052,1.1289224654908026
1,q,107,1.9158422946929932,0.8788919423236052,1.1289224654908026
1,q,108,2.027115821838379,0.8788919423236052,1.1289224654908026
1,q,109,2.1523430347442627,0.8788919423236052,1.1289224654908026
1,q,110,2.2253434658050537,0.8788919423236052,1.1289224654908026
1,q,111,2.294257640838623,0.8788919423236052,1.1289224654908026
1,q,112,2.369076728820801,0.8788919423236052,1.1289224654908026
1,q,113,2.533677101135254,0.8788919423236052,1.1289224654908026
1,q,114,2.6103365421295166,0.8788919423236052,1.1289224654908026
1,q,115,2.635532855987549,0.8788919423236052,1.1289224654908026
1,q,116,2.6519765853881836,0.8788919423236052,1.1289224654908026
1,q,117,2.7248709201812744,0.8788919423236052,1.1289224654908026
1,q,118,2.732107162475586,0.8788919423236052,1.1289224654908026
1,q,119,3.2359445095062256,0.8788919423236052,1.1289224654908026
1,q,120,3.3456788063049316,0.8788919423236052,1.1289224654908026
1,q,121,3.6303210258483887,0.8788919423236052,1.1289224654908026
1,q,122,3.7620997428894043,0.8788919423236052,1.1289224654908026
1,q,123,3.932434558868408,0.8788919423236052,1.1289224654908026
1,q,124,4.1194682121276855,0.8788919423236052,1.1289224654908026
1,q,125,4.275516033172607,0.8788919423236052,1.1289224654908026
1,q,126,4.864406585693359,0.8788919423236052,1.1289224654908026
1,q,127,6.989580154418945,0.8788919423236052,1.1289224654908026
1,k,0,0.0006344961002469063,0.8788919423236052,1.1289224654908026
1,k,1,0.0009175501763820648,0.8788919423236052,1.1289224654908026
1,k,2,0.0013212064513936639,0.8788919423236052,1.1289224654908026
1,k,3,0.0019770583603531122,0.8788919423236052,1.1289224654908026
1,k,4,0.0024810011964291334,0.8788919423236052,1.1289224654908026
1,k,5,0.0028432027902454138,0.8788919423236052,1.1289224654908026
1,k,6,0.003370493883267045,0.8788919423236052,1.1289224654908026
1,k,7,0.003456771606579423,0.8788919423236052,1.1289224654908026
1,k,8,0.003883139230310917,0.8788919423236052,1.1289224654908026
1,k,9,0.004071070812642574,0.8788919423236052,1.1289224654908026
1,k,10,0.004272713325917721,0.8788919423236052,1.1289224654908026
1,k,11,0.00461962167173624,0.8788919423236052,1.1289224654908026
1,k,12,0.005199761595577002,0.8788919423236052,1.1289224654908026
1,k,13,0.0054794130846858025,0.8788919423236052,1.1289224654908026
1,k,14,0.005782539490610361,0.8788919423236052,1.1289224654908026
1,k,15,0.006127650383859873,0.8788919423236052,1.1289224654908026
1,k,16,0.006911997217684984,0.8788919423236052,1.1289224654908026
1,k,17,0.007947935722768307,0.8788919423236052,1.1289224654908026
1,k,18,0.008207045495510101,0.8788919423236052,1.1289224654908026
1,k,19,0.00983048602938652,0.8788919423236052,1.1289224654908026
1,k,20,0.010603792034089565,0.8788919423236052,1.1289224654908026
1,k,21,0.011111677624285221,0.8788919423236052,1.1289224654908026
1,k,22,0.011196205392479897,0.8788919423236052,1.1289224654908026
1,k,23,0.01209728792309761,0.8788919423236052,1.1289224654908026
1,k,24,0.013383057899773121,0.8788919423236052,1.1289224654908026
1,k,25,0.01580471359193325,0.8788919423236052,1.1289224654908026
1,k,26,0.01781344786286354,0.8788919423236052,1.1289224654908026
1,k,27,0.021025706082582474,0.8788919423236052,1.1289224654908026
1,k,28,0.021574027836322784,0.8788919423236052,1.1289224654908026
1,k,29,0.025949466973543167,0.8788919423236052,1.1289224654908026
1,k,30,0.02668951451778412,0.8788919423236052,1.1289224654908026
1,k,31,0.03142782300710678,0.8788919423236052,1.1289224654908026
1,k,32,0.037647515535354614,0.8788919423236052,1.1289224654908026
1,k,33,0.03917588293552399,0.8788919423236052,1.1289224654908026
1,k,34,0.040247708559036255,0.8788919423236052,1.1289224654908026
1,k,35,0.042534004896879196,0.8788919423236052,1.1289224654908026
1,k,36,0.04401044547557831,0.8788919423236052,1.1289224654908026
1,k,37,0.04833076521754265,0.8788919423236052,1.1289224654908026
1,k,38,0.05112165957689285,0.8788919423236052,1.1289224654908026
1,k,39,0.05747633054852486,0.8788919423236052,1.1289224654908026
1,k,40,0.05847858265042305,0.8788919423236052,1.1289224654908026
1,k,41,0.06814248114824295,0.8788919423236052,1.1289224654908026
1,k,42,0.07458105683326721,0.8788919423236052,1.1289224654908026
1,k,43,0.08350393921136856,0.8788919423236052,1.1289224654908026
1,k,44,0.09493677318096161,0.8788919423236052,1.1289224654908026
1,k,45,0.09973853826522827,0.8788919423236052,1.1289224654908026
1,k,46,0.1087229773402214,0.8788919423236052,1.1289224654908026
1,k,47,0.11633075773715973,0.8788919423236052,1.1289224654908026
1,k,48,0.12725114822387695,0.8788919423236052,1.1289224654908026
1,k,49,0.1370660662651062,0.8788919423236052,1.1289224654908026
1,k,50,0.15131835639476776,0.8788919423236052,1.1289224654908026
1,k,51,0.16245608031749725,0.8788919423236052,1.1289224654908026
1,k,52,0.16694733500480652,0.8788919423236052,1.1289224654908026
1,k,53,0.17095565795898438,0.8788919423236052,1.1289224654908026
1,k,54,0.194920152425766,0.8788919423236052,1.1289224654908026
1,k,55,0.2231043130159378,0.8788919423236052,1.1289224654908026
1,k,56,0.2527068853378296,0.8788919423236052,1.1289224654908026
1,k,57,0.3106623888015747,0.8788919423236052,1.1289224654908026
1,k,58,0.38142630457878113,0.8788919423236052,1.1289224654908026
1,k,59,0.4098389446735382,0.8788919423236052,1.1289224654908026
1,k,60,0.4490869641304016,0.8788919423236052,1.1289224654908026
1,k,61,0.47007817029953003,0.8788919423236052,1.1289224654908026
1,k,62,0.5029313564300537,0.8788919423236052,1.1289224654908026
1,k,63,0.5852631330490112,0.8788919423236052,1.1289224654908026
1,k,64,0.5982889533042908,0.8788919423236052,1.1289224654908026
1,k,65,0.611706554889679,0.8788919423236052,1.1289224654908026
1,k,66,0.638007640838623,0.8788919423236052,1.1289224654908026
1,k,67,0.7226654291152954,0.8788919423236052,1.1289224654908026
1,k,68,0.7811552882194519,0.8788919423236052,1.1289224654908026
1,k,69,0.7842442989349365,0.8788919423236052,1.1289224654908026
1,k,70,0.8109646439552307,0.8788919423236052,1.1289224654908026
1,k,71,0.8228327631950378,0.8788919423236052,1.1289224654908026
1,k,72,0.8274954557418823,0.8788919423236052,1.1289224654908026
1,k,73,0.8457987904548645,0.8788919423236052,1.1289224654908026
1,k,74,0.8556214570999146,0.8788919423236052,1.1289224654908026
1,k,75,0.8655792474746704,0.8788919423236052,1.1289224654908026
1,k,76,0.8814025521278381,0.8788919423236052,1.1289224654908026
1,k,77,0.9457452297210693,0.8788919423236052,1.1289224654908026
1,k,78,0.9514866471290588,0.8788919423236052,1.1289224654908026
1,k,79,0.9565697312355042,0.8788919423236052,1.1289224654908026
1,k,80,0.9997984766960144,0.8788919423236052,1.1289224654908026
1,k,81,1.0098867416381836,0.8788919423236052,1.1289224654908026
1,k,82,1.0268480777740479,0.8788919423236052,1.1289224654908026
1,k,83,1.0535852909088135,0.8788919423236052,1.1289224654908026
1,k,84,1.0757404565811157,0.8788919423236052,1.1289224654908026
1,k,85,1.0848146677017212,0.8788919423236052,1.1289224654908026
1,k,86,1.1002566814422607,0.8788919423236052,1.1289224654908026
1,k,87,1.125683307647705,0.8788919423236052,1.1289224654908026
1,k,88,1.1815904378890991,0.8788919423236052,1.1289224654908026
1,k,89,1.192230224609375,0.8788919423236052,1.1289224654908026
1,k,90,1.2503647804260254,0.8788919423236052,1.1289224654908026
1,k,91,1.2827208042144775,0.8788919423236052,1.1289224654908026
1,k,92,1.3055826425552368,0.8788919423236052,1.1289224654908026
1,k,93,1.3176072835922241,0.8788919423236052,1.1289224654908026
1,k,94,1.3219382762908936,0.8788919423236052,1.1289224654908026
1,k,95,1.365935206413269,0.8788919423236052,1.1289224654908026
1,k,96,1.4119367599487305,0.8788919423236052,1.1289224654908026
1,k,97,1.4464970827102661,0.8788919423236052,1.1289224654908026
1,k,98,1.467962622642517,0.8788919423236052,1.1289224654908026
1,k,99,1.5213290452957153,0.8788919423236052,1.1289224654908026
1,k,100,1.5517407655715942,0.8788919423236052,1.1289224654908026
1,k,101,1.5703787803649902,0.8788919423236052,1.1289224654908026
1,k,102,1.614159107208252,0.8788919423236052,1.1289224654908026
1,k,103,1.6681396961212158,0.8788919423236052,1.1289224654908026
1,k,104,1.7383891344070435,0.8788919423236052,1.1289224654908026
1,k,105,1.908639907836914,0.8788919423236052,1.1289224654908026
1,k,106,1.9287549257278442,0.8788919423236052,1.1289224654908026
1,k,107,2.0367753505706787,0.8788919423236052,1.1289224654908026
1,k,108,2.0546443462371826,0.8788919423236052,1.1289224654908026
1,k,109,2.2232437133789062,0.8788919423236052,1.1289224654908026
1,k,110,2.4132347106933594,0.8788919423236052,1.1289224654908026
1,k,111,2.501809597015381,0.8788919423236052,1.1289224654908026
1,k,112,2.555708408355713,0.8788919423236052,1.1289224654908026
1,k,113,2.6815731525421143,0.8788919423236052,1.1289224654908026
1,k,114,2.7560181617736816,0.8788919423236052,1.1289224654908026
1,k,115,2.7652666568756104,0.8788919423236052,1.1289224654908026
1,k,116,2.858496904373169,0.8788919423236052,1.1289224654908026
1,k,117,2.9496588706970215,0.8788919423236052,1.1289224654908026
1,k,118,3.1490228176116943,0.8788919423236052,1.1289224654908026
1,k,119,3.3169150352478027,0.8788919423236052,1.1289224654908026
1,k,120,3.524869441986084,0.8788919423236052,1.1289224654908026
1,k,121,3.9433295726776123,0.8788919423236052,1.1289224654908026
1,k,122,4.141615867614746,0.8788919423236052,1.1289224654908026
1,k,123,4.599414825439453,0.8788919423236052,1.1289224654908026
1,k,124,4.977134704589844,0.8788919423236052,1.1289224654908026
1,k,125,5.523384094238281,0.8788919423236052,1.1289224654908026
1,k,126,5.714901447296143,0.8788919423236052,1.1289224654908026
1,k,127,5.825806617736816,0.8788919423236052,1.1289224654908026
2,q,0,0.0009399086702615023,0.8788919423236052,1.1289224654908026
2,q,1,0.0013404219644144177,0.8788919423236052,1.1289224654908026
2,q,2,0.0014726523077115417,0.8788919423236052,1.1289224654908026
2,q,3,0.0024318292271345854,0.8788919423236052,1.1289224654908026
2,q,4,0.0024840531405061483,0.8788919423236052,1.1289224654908026
2,q,5,0.0025925172958523035,0.8788919423236052,1.1289224654908026
2,q,6,0.002857086481526494,0.8788919423236052,1.1289224654908026
2,q,7,0.003667660290375352,0.8788919423236052,1.1289224654908026
2,q,8,0.003915326204150915,0.8788919423236052,1.1289224654908026
2,q,9,0.004971418995410204,0.8788919423236052,1.1289224654908026
2,q,10,0.0061160908080637455,0.8788919423236052,1.1289224654908026
2,q,11,0.006877641659229994,0.8788919423236052,1.1289224654908026
2,q,12,0.007601001299917698,0.8788919423236052,1.1289224654908026
2,q,13,0.00852761510759592,0.8788919423236052,1.1289224654908026
2,q,14,0.009706149809062481,0.8788919423236052,1.1289224654908026
2,q,15,0.010883897542953491,0.8788919423236052,1.1289224654908026
2,q,16,0.011234450154006481,0.8788919423236052,1.1289224654908026
2,q,17,0.012649956159293652,0.8788919423236052,1.1289224654908026
2,q,18,0.015163032338023186,0.8788919423236052,1.1289224654908026
2,q,19,0.016588756814599037,0.8788919423236052,1.1289224654908026
2,q,20,0.017326902598142624,0.8788919423236052,1.1289224654908026
2,q,21,0.01847504824399948,0.8788919423236052,1.1289224654908026
2,q,22,0.01865689642727375,0.8788919423236052,1.1289224654908026
2,q,23,0.02001030184328556,0.8788919423236052,1.1289224654908026
2,q,24,0.02090216986835003,0.8788919423236052,1.1289224654908026
2,q,25,0.024572407826781273,0.8788919423236052,1.1289224654908026
2,q,26,0.02545906975865364,0.8788919423236052,1.1289224654908026
2,q,27,0.027107292786240578,0.8788919423236052,1.1289224654908026
2,q,28,0.028397098183631897,0.8788919423236052,1.1289224654908026
2,q,29,0.03285682201385498,0.8788919423236052,1.1289224654908026
2,q,30,0.03535306826233864,0.8788919423236052,1.1289224654908026
2,q,31,0.03912139683961868,0.8788919423236052,1.1289224654908026
2,q,32,0.04039234295487404,0.8788919423236052,1.1289224654908026
2,q,33,0.04335758090019226,0.8788919423236052,1.1289224654908026
2,q,34,0.051605284214019775,0.8788919423236052,1.1289224654908026
2,q,35,0.05529708042740822,0.8788919423236052,1.1289224654908026
2,q,36,0.058021146804094315,0.8788919423236052,1.1289224654908026
2,q,37,0.060736607760190964,0.8788919423236052,1.1289224654908026
2,q,38,0.06412951648235321,0.8788919423236052,1.1289224654908026
2,q,39,0.06715627014636993,0.8788919423236052,1.1289224654908026
2,q,40,0.07182984054088593,0.8788919423236052,1.1289224654908026
2,q,41,0.07755040377378464,0.8788919423236052,1.1289224654908026
2,q,42,0.08128564804792404,0.8788919423236052,1.1289224654908026
2,q,43,0.09179007261991501,0.8788919423236052,1.1289224654908026
2,q,44,0.09899447858333588,0.8788919423236052,1.1289224654908026
2,q,45,0.10596464574337006,0.8788919423236052,1.1289224654908026
2,q,46,0.11237155646085739,0.8788919423236052,1.1289224654908026
2,q,47,0.11658908426761627,0.8788919423236052,1.1289224654908026
2,q,48,0.1261327564716339,0.8788919423236052,1.1289224654908026
2,q,49,0.13439927995204926,0.8788919423236052,1.1289224654908026
2,q,50,0.15638436377048492,0.8788919423236052,1.1289224654908026
2,q,51,0.16926175355911255,0.8788919423236052,1.1289224654908026
2,q,52,0.1805640161037445,0.8788919423236052,1.1289224654908026
2,q,53,0.1868426650762558,0.8788919423236052,1.1289224654908026
2,q,54,0.19784843921661377,0.8788919423236052,1.1289224654908026
2,q,55,0.21225930750370026,0.8788919423236052,1.1289224654908026
2,q,56,0.2252614051103592,0.8788919423236052,1.1289224654908026
2,q,57,0.2262561172246933,0.8788919423236052,1.1289224654908026
2,q,58,0.24362999200820923,0.8788919423236052,1.1289224654908026
2,q,59,0.2584812641143799,0.8788919423236052,1.1289224654908026
2,q,60,0.2971741855144501,0.8788919423236052,1.1289224654908026
2,q,61,0.3014918267726898,0.8788919423236052,1.1289224654908026
2,q,62,0.31162452697753906,0.8788919423236052,1.1289224654908026
2,q,63,0.31495800614356995,0.8788919423236052,1.1289224654908026
2,q,64,0.3263566493988037,0.8788919423236052,1.1289224654908026
2,q,65,0.35801586508750916,0.8788919423236052,1.1289224654908026
2,q,66,0.37523168325424194,0.8788919423236052,1.1289224654908026
2,q,67,0.3888021409511566,0.8788919423236052,1.1289224654908026
2,q,68,0.38923850655555725,0.8788919423236052,1.1289224654908026
2,q,69,0.4291086196899414,0.8788919423236052,1.1289224654908026
2,q,70,0.45394447445869446,0.8788919423236052,1.1289224654908026
2,q,71,0.5044769048690796,0.8788919423236052,1.1289224654908026
2,q,72,0.5226519107818604,0.8788919423236052,1.1289224654908026
2,q,73,0.539142370223999,0.8788919423236052,1.1289224654908026
2,q,74,0.5758761763572693,0.8788919423236052,1.1289224654908026
2,q,75,0.6195326447486877,0.8788919423236052,1.1289224654908026
2,q,76,0.6395103931427002,0.8788919423236052,1.1289224654908026
2,q,77,0.6515973210334778,0.8788919423236052,1.1289224654908026
2,q,78,0.7314158082008362,0.8788919423236052,1.1289224654908026
2,q,79,0.7528721690177917,0.8788919423236052,1.1289224654908026
2,q,80,0.7809798121452332,0.8788919423236052,1.1289224654908026
2,q,81,0.7932431697845459,0.8788919423236052,1.1289224654908026
2,q,82,0.8344453573226929,0.8788919423236052,1.1289224654908026
2,q,83,0.8473572731018066,0.8788919423236052,1.1289224654908026
2,q,84,0.8604145050048828,0.8788919423236052,1.1289224654908026
2,q,85,0.8691763877868652,0.8788919423236052,1.1289224654908026
2,q,86,0.8784492611885071,0.8788919423236052,1.1289224654908026
2,q,87,0.9113305807113647,0.8788919423236052,1.1289224654908026
2,q,88,0.9451901316642761,0.8788919423236052,1.1289224654908026
2,q,89,0.9617668986320496,0.8788919423236052,1.1289224654908026
2,q,90,0.9912844896316528,0.8788919423236052,1.1289224654908026
2,q,91,1.0051547288894653,0.8788919423236052,1.1289224654908026
2,q,92,1.0215636491775513,0.8788919423236052,1.1289224654908026
2,q,93,1.025132179260254,0.8788919423236052,1.1289224654908026
2,q,94,1.0542184114456177,0.8788919423236052,1.1289224654908026
2,q,95,1.0666368007659912,0.8788919423236052,1.1289224654908026
2,q,96,1.0960668325424194,0.8788919423236052,1.1289224654908026
2,q,97,1.1122833490371704,0.8788919423236052,1.1289224654908026
2,q,98,1.1291342973709106,0.8788919423236052,1.1289224654908026
2,q,99,1.1594970226287842,0.8788919423236052,1.1289224654908026
2,q,100,1.202386498451233,0.8788919423236052,1.1289224654908026
2,q,101,1.2935657501220703,0.8788919423236052,1.1289224654908026
2,q,102,1.2995525598526,0.8788919423236052,1.1289224654908026
2,q,103,1.3458383083343506,0.8788919423236052,1.1289224654908026
2,q,104,1.3893864154815674,0.8788919423236052,1.1289224654908026
2,q,105,1.4221909046173096,0.8788919423236052,1.1289224654908026
2,q,106,1.44845449924469,0.8788919423236052,1.1289224654908026
2,q,107,1.4892984628677368,0.8788919423236052,1.1289224654908026
2,q,108,1.4992082118988037,0.8788919423236052,1.1289224654908026
2,q,109,1.5247300863265991,0.8788919423236052,1.1289224654908026
2,q,110,1.6647686958312988,0.8788919423236052,1.1289224654908026
2,q,111,1.9394367933273315,0.8788919423236052,1.1289224654908026
2,q,112,2.124283790588379,0.8788919423236052,1.1289224654908026
2,q,113,2.1967272758483887,0.8788919423236052,1.1289224654908026
2,q,114,2.4672646522521973,0.8788919423236052,1.1289224654908026
2,q,115,2.5048389434814453,0.8788919423236052,1.1289224654908026
2,q,116,2.703979015350342,0.8788919423236052,1.1289224654908026
2,q,117,2.8432726860046387,0.8788919423236052,1.1289224654908026
2,q,118,2.907179832458496,0.8788919423236052,1.1289224654908026
2,q,119,3.017064332962036,0.8788919423236052,1.1289224654908026
2,q,120,3.394912004470825,0.8788919423236052,1.1289224654908026
2,q,121,4.2122578620910645,0.8788919423236052,1.1289224654908026
2,q,122,4.71492862701416,0.8788919423236052,1.1289224654908026
2,q,123,5.237161636352539,0.8788919423236052,1.1289224654908026
2,q,124,5.637520790100098,0.8788919423236052,1.1289224654908026
2,q,125,6.874542713165283,0.8788919423236052,1.1289224654908026
2,q,126,10.187307357788086,0.8788919423236052,1.1289224654908026
2,q,127,16.68085479736328,0.8788919423236052,1.1289224654908026
2,k,0,0.0004958704230375588,0.8788919423236052,1.1289224654908026
2,k,1,0.0006672217859886587,0.8788919423236052,1.1289224654908026
2,k,2,0.0014460333622992039,0.8788919423236052,1.1289224654908026
2,k,3,0.0014861569507047534,0.8788919423236052,1.1289224654908026
2,k,4,0.001692316378466785,0.8788919423236052,1.1289224654908026
2,k,5,0.002165630692616105,0.8788919423236052,1.1289224654908026
2,k,6,0.002863178728148341,0.8788919423236052,1.1289224654908026
2,k,7,0.0032621710561215878,0.8788919423236052,1.1289224654908026
2,k,8,0.004545392002910376,0.8788919423236052,1.1289224654908026
2,k,9,0.006086037028580904,0.8788919423236052,1.1289224654908026
2,k,10,0.006987880449742079,0.8788919423236052,1.1289224654908026
2,k,11,0.007537410594522953,0.8788919423236052,1.1289224654908026
2,k,12,0.009746497496962547,0.8788919423236052,1.1289224654908026
2,k,13,0.010654864832758904,0.8788919423236052,1.1289224654908026
2,k,14,0.012981192208826542,0.8788919423236052,1.1289224654908026
2,k,15,0.014048890210688114,0.8788919423236052,1.1289224654908026
2,k,16,0.015534821897745132,0.8788919423236052,1.1289224654908026
2,k,17,0.016133766621351242,0.8788919423236052,1.1289224654908026
2,k,18,0.018855201080441475,0.8788919423236052,1.1289224654908026
2,k,19,0.019349634647369385,0.8788919423236052,1.1289224654908026
2,k,20,0.026052089408040047,0.8788919423236052,1.1289224654908026
2,k,21,0.02649538405239582,0.8788919423236052,1.1289224654908026
2,k,22,0.029013656079769135,0.8788919423236052,1.1289224654908026
2,k,23,0.03472612053155899,0.8788919423236052,1.1289224654908026
2,k,24,0.03772120922803879,0.8788919423236052,1.1289224654908026
2,k,25,0.042993299663066864,0.8788919423236052,1.1289224654908026
2,k,26,0.04634092003107071,0.8788919423236052,1.1289224654908026
2,k,27,0.05109897255897522,0.8788919423236052,1.1289224654908026
2,k,28,0.05674346536397934,0.8788919423236052,1.1289224654908026
2,k,29,0.0685727447271347,0.8788919423236052,1.1289224654908026
2,k,30,0.07089878618717194,0.8788919423236052,1.1289224654908026
2,k,31,0.07965324074029922,0.8788919423236052,1.1289224654908026
2,k,32,0.08229973912239075,0.8788919423236052,1.1289224654908026
2,k,33,0.08725354820489883,0.8788919423236052,1.1289224654908026
2,k,34,0.10454843938350677,0.8788919423236052,1.1289224654908026
2,k,35,0.10516541451215744,0.8788919423236052,1.1289224654908026
2,k,36,0.11842645704746246,0.8788919423236052,1.1289224654908026
2,k,37,0.1276773363351822,0.8788919423236052,1.1289224654908026
2,k,38,0.14326894283294678,0.8788919423236052,1.1289224654908026
2,k,39,0.16860410571098328,0.8788919423236052,1.1289224654908026
2,k,40,0.16995391249656677,0.8788919423236052,1.1289224654908026
2,k,41,0.18701063096523285,0.8788919423236052,1.1289224654908026
2,k,42,0.192408487200737,0.8788919423236052,1.1289224654908026
2,k,43,0.21038725972175598,0.8788919423236052,1.1289224654908026
2,k,44,0.21956263482570648,0.8788919423236052,1.1289224654908026
2,k,45,0.23460780084133148,0.8788919423236052,1.1289224654908026
2,k,46,0.24428363144397736,0.8788919423236052,1.1289224654908026
2,k,47,0.2692536413669586,0.8788919423236052,1.1289224654908026
2,k,48,0.29694268107414246,0.8788919423236052,1.1289224654908026
2,k,49,0.3184000551700592,0.8788919423236052,1.1289224654908026
2,k,50,0.3208734691143036,0.8788919423236052,1.1289224654908026
2,k,51,0.32176852226257324,0.8788919423236052,1.1289224654908026
2,k,52,0.3395647406578064,0.8788919423236052,1.1289224654908026
2,k,53,0.3445584177970886,0.8788919423236052,1.1289224654908026
2,k,54,0.3710916042327881,0.8788919423236052,1.1289224654908026
2,k,55,0.3969886600971222,0.8788919423236052,1.1289224654908026
2,k,56,0.4149792790412903,0.8788919423236052,1.1289224654908026
2,k,57,0.4348203241825104,0.8788919423236052,1.1289224654908026
2,k,58,0.4438738226890564,0.8788919423236052,1.1289224654908026
2,k,59,0.4835045635700226,0.8788919423236052,1.1289224654908026
2,k,60,0.4994683265686035,0.8788919423236052,1.1289224654908026
2,k,61,0.5141050815582275,0.8788919423236052,1.1289224654908026
2,k,62,0.5289859175682068,0.8788919423236052,1.1289224654908026
2,k,63,0.5470988154411316,0.8788919423236052,1.1289224654908026
2,k,64,0.5705581307411194,0.8788919423236052,1.1289224654908026
2,k,65,0.5993980169296265,0.8788919423236052,1.1289224654908026
2,k,66,0.6364495158195496,0.8788919423236052,1.1289224654908026
2,k,67,0.665067732334137,0.8788919423236052,1.1289224654908026
2,k,68,0.6751186847686768,0.8788919423236052,1.1289224654908026
2,k,69,0.6964913606643677,0.8788919423236052,1.1289224654908026
2,k,70,0.7062405943870544,0.8788919423236052,1.1289224654908026
2,k,71,0.7429056763648987,0.8788919423236052,1.1289224654908026
2,k,72,0.754595160484314,0.8788919423236052,1.1289224654908026
2,k,73,0.7703222036361694,0.8788919423236052,1.1289224654908026
2,k,74,0.7852219343185425,0.8788919423236052,1.1289224654908026
2,k,75,0.832258939743042,0.8788919423236052,1.1289224654908026
2,k,76,0.8683961033821106,0.8788919423236052,1.1289224654908026
2,k,77,0.8866320252418518,0.8788919423236052,1.1289224654908026
2,k,78,0.9113850593566895,0.8788919423236052,1.1289224654908026
2,k,79,0.9260220527648926,0.8788919423236052,1.1289224654908026
2,k,80,0.9396949410438538,0.8788919423236052,1.1289224654908026
2,k,81,0.9484996795654297,0.8788919423236052,1.1289224654908026
2,k,82,0.9533898234367371,0.8788919423236052,1.1289224654908026
2,k,83,0.9693324565887451,0.8788919423236052,1.1289224654908026
2,k,84,0.9840278029441833,0.8788919423236052,1.1289224654908026
2,k,85,0.995381236076355,0.8788919423236052,1.1289224654908026
2,k,86,1.0002483129501343,0.8788919423236052,1.1289224654908026
2,k,87,1.0077250003814697,0.8788919423236052,1.1289224654908026
2,k,88,1.0175317525863647,0.8788919423236052,1.1289224654908026
2,k,89,1.033726692199707,0.8788919423236052,1.1289224654908026
2,k,90,1.0466409921646118,0.8788919423236052,1.1289224654908026
2,k,91,1.066314697265625,0.8788919423236052,1.1289224654908026
2,k,92,1.0753730535507202,0.8788919423236052,1.1289224654908026
2,k,93,1.0795416831970215,0.8788919423236052,1.1289224654908026
2,k,94,1.0936044454574585,0.8788919423236052,1.1289224654908026
2,k,95,1.117956519126892,0.8788919423236052,1.1289224654908026
2,k,96,1.1266419887542725,0.8788919423236052,1.1289224654908026
2,k,97,1.1678144931793213,0.8788919423236052,1.1289224654908026
2,k,98,1.1867083311080933,0.8788919423236052,1.1289224654908026
2,k,99,1.19667649269104,0.8788919423236052,1.1289224654908026
2,k,100,1.2417219877243042,0.8788919423236052,1.1289224654908026
2,k,101,1.2491776943206787,0.8788919423236052,1.1289224654908026
2,k,102,1.280575156211853,0.8788919423236052,1.1289224654908026
2,k,103,1.3424644470214844,0.8788919423236052,1.1289224654908026
2,k,104,1.379532814025879,0.8788919423236052,1.1289224654908026
2,k,105,1.4307467937469482,0.8788919423236052,1.1289224654908026
2,k,106,1.4500192403793335,0.8788919423236052,1.1289224654908026
2,k,107,1.4874186515808105,0.8788919423236052,1.1289224654908026
2,k,108,1.5858213901519775,0.8788919423236052,1.1289224654908026
2,k,109,1.702667474746704,0.8788919423236052,1.1289224654908026
2,k,110,1.713648796081543,0.8788919423236052,1.1289224654908026
2,k,111,1.800960898399353,0.8788919423236052,1.1289224654908026
2,k,112,1.8672629594802856,0.8788919423236052,1.1289224654908026
2,k,113,1.9638755321502686,0.8788919423236052,1.1289224654908026
2,k,114,2.073441505432129,0.8788919423236052,1.1289224654908026
2,k,115,2.35491943359375,0.8788919423236052,1.1289224654908026
2,k,116,2.374145984649658,0.8788919423236052,1.1289224654908026
2,k,117,2.5252742767333984,0.8788919423236052,1.1289224654908026
2,k,118,2.747046947479248,0.8788919423236052,1.1289224654908026
2,k,119,2.801602363586426,0.8788919423236052,1.1289224654908026
2,k,120,2.89312481880188,0.8788919423236052,1.1289224654908026
2,k,121,2.972378730773926,0.8788919423236052,1.1289224654908026
2,k,122,3.226219892501831,0.8788919423236052,1.1289224654908026
2,k,123,3.4636058807373047,0.8788919423236052,1.1289224654908026
2,k,124,4.4194416999816895,0.8788919423236052,1.1289224654908026
2,k,125,4.756295680999756,0.8788919423236052,1.1289224654908026
2,k,126,5.8558149337768555,0.8788919423236052,1.1289224654908026
2,k,127,21.04222869873047,0.8788919423236052,1.1289224654908026
3,q,0,0.0012230526190251112,0.8788919423236052,1.1289224654908026
3,q,1,0.0016515873139724135,0.8788919423236052,1.1289224654908026
3,q,2,0.002437527757138014,0.8788919423236052,1.1289224654908026
3,q,3,0.0027279085479676723,0.8788919423236052,1.1289224654908026
3,q,4,0.003400300396606326,0.8788919423236052,1.1289224654908026
3,q,5,0.0036666598170995712,0.8788919423236052,1.1289224654908026
3,q,6,0.003982070833444595,0.8788919423236052,1.1289224654908026
3,q,7,0.00515765929594636,0.8788919423236052,1.1289224654908026
3,q,8,0.005314661655575037,0.8788919423236052,1.1289224654908026
3,q,9,0.006356308702379465,0.8788919423236052,1.1289224654908026
3,q,10,0.007365358527749777,0.8788919423236052,1.1289224654908026
3,q,11,0.007640242110937834,0.8788919423236052,1.1289224654908026
3,q,12,0.007997412234544754,0.8788919423236052,1.1289224654908026
3,q,13,0.008682345040142536,0.8788919423236052,1.1289224654908026
3,q,14,0.009611941874027252,0.8788919423236052,1.1289224654908026
3,q,15,0.010324990376830101,0.8788919423236052,1.1289224654908026
3,q,16,0.013288203626871109,0.8788919423236052,1.1289224654908026
3,q,17,0.014228448271751404,0.8788919423236052,1.1289224654908026
3,q,18,0.01522163487970829,0.8788919423236052,1.1289224654908026
3,q,19,0.016172898933291435,0.8788919423236052,1.1289224654908026
3,q,20,0.01703554205596447,0.8788919423236052,1.1289224654908026
3,q,21,0.01866316795349121,0.8788919423236052,1.1289224654908026
3,q,22,0.019073156639933586,0.8788919423236052,1.1289224654908026
3,q,23,0.020983174443244934,0.8788919423236052,1.1289224654908026
3,q,24,0.021981142461299896,0.8788919423236052,1.1289224654908026
3,q,25,0.024854447692632675,0.8788919423236052,1.1289224654908026
3,q,26,0.025963300839066505,0.8788919423236052,1.1289224654908026
3,q,27,0.028407728299498558,0.8788919423236052,1.1289224654908026
3,q,28,0.028892992064356804,0.8788919423236052,1.1289224654908026
3,q,29,0.03281722962856293,0.8788919423236052,1.1289224654908026
3,q,30,0.03446011617779732,0.8788919423236052,1.1289224654908026
3,q,31,0.03696659207344055,0.8788919423236052,1.1289224654908026
3,q,32,0.049382466822862625,0.8788919423236052,1.1289224654908026
3,q,33,0.05121000111103058,0.8788919423236052,1.1289224654908026
3,q,34,0.05829539895057678,0.8788919423236052,1.1289224654908026
3,q,35,0.06778580695390701,0.8788919423236052,1.1289224654908026
3,q,36,0.07363893836736679,0.8788919423236052,1.1289224654908026
3,q,37,0.08100088685750961,0.8788919423236052,1.1289224654908026
3,q,38,0.09147819876670837,0.8788919423236052,1.1289224654908026
3,q,39,0.10086923837661743,0.8788919423236052,1.1289224654908026
3,q,40,0.10748325288295746,0.8788919423236052,1.1289224654908026
3,q,41,0.12421564012765884,0.8788919423236052,1.1289224654908026
3,q,42,0.13492295145988464,0.8788919423236052,1.1289224654908026
3,q,43,0.13947898149490356,0.8788919423236052,1.1289224654908026
3,q,44,0.14879892766475677,0.8788919423236052,1.1289224654908026
3,q,45,0.16469381749629974,0.8788919423236052,1.1289224654908026
3,q,46,0.16929316520690918,0.8788919423236052,1.1289224654908026
3,q,47,0.19062696397304535,0.8788919423236052,1.1289224654908026
3,q,48,0.19630739092826843,0.8788919423236052,1.1289224654908026
3,q,49,0.2104630172252655,0.8788919423236052,1.1289224654908026
3,q,50,0.21748805046081543,0.8788919423236052,1.1289224654908026
3,q,51,0.22260263562202454,0.8788919423236052,1.1289224654908026
3,q,52,0.25214341282844543,0.8788919423236052,1.1289224654908026
3,q,53,0.2536211311817169,0.8788919423236052,1.1289224654908026
3,q,54,0.273661345243454,0.8788919423236052,1.1289224654908026
3,q,55,0.29717519879341125,0.8788919423236052,1.1289224654908026
3,q,56,0.32485198974609375,0.8788919423236052,1.1289224654908026
3,q,57,0.33818578720092773,0.8788919423236052,1.1289224654908026
3,q,58,0.37411269545555115,0.8788919423236052,1.1289224654908026
3,q,59,0.3829880654811859,0.8788919423236052,1.1289224654908026
3,q,60,0.42033863067626953,0.8788919423236052,1.1289224654908026
3,q,61,0.43378546833992004,0.8788919423236052,1.1289224654908026
3,q,62,0.44325971603393555,0.8788919423236052,1.1289224654908026
3,q,63,0.4823303520679474,0.8788919423236052,1.1289224654908026
3,q,64,0.5040426254272461,0.8788919423236052,1.1289224654908026
3,q,65,0.524210512638092,0.8788919423236052,1.1289224654908026
3,q,66,0.5615777969360352,0.8788919423236052,1.1289224654908026
3,q,67,0.6022277474403381,0.8788919423236052,1.1289224654908026
3,q,68,0.6261184215545654,0.8788919423236052,1.1289224654908026
3,q,69,0.6685835719108582,0.8788919423236052,1.1289224654908026
3,q,70,0.7166128158569336,0.8788919423236052,1.1289224654908026
3,q,71,0.742383599281311,0.8788919423236052,1.1289224654908026
3,q,72,0.8063549995422363,0.8788919423236052,1.1289224654908026
3,q,73,0.813242495059967,0.8788919423236052,1.1289224654908026
3,q,74,0.8314927816390991,0.8788919423236052,1.1289224654908026
3,q,75,0.8494836688041687,0.8788919423236052,1.1289224654908026
3,q,76,0.8612659573554993,0.8788919423236052,1.1289224654908026
3,q,77,0.8708868026733398,0.8788919423236052,1.1289224654908026
3,q,78,0.8759520649909973,0.8788919423236052,1.1289224654908026
3,q,79,0.8874526023864746,0.8788919423236052,1.1289224654908026
3,q,80,0.9135244488716125,0.8788919423236052,1.1289224654908026
3,q,81,0.9307469129562378,0.8788919423236052,1.1289224654908026
3,q,82,0.9481173157691956,0.8788919423236052,1.1289224654908026
3,q,83,0.9555683732032776,0.8788919423236052,1.1289224654908026
3,q,84,0.9649485349655151,0.8788919423236052,1.1289224654908026
3,q,85,0.9886360764503479,0.8788919423236052,1.1289224654908026
3,q,86,0.9920514822006226,0.8788919423236052,1.1289224654908026
3,q,87,1.0042918920516968,0.8788919423236052,1.1289224654908026
3,q,88,1.0253610610961914,0.8788919423236052,1.1289224654908026
3,q,89,1.033140778541565,0.8788919423236052,1.1289224654908026
3,q,90,1.0524324178695679,0.8788919423236052,1.1289224654908026
3,q,91,1.080708384513855,0.8788919423236052,1.1289224654908026
3,q,92,1.1017025709152222,0.8788919423236052,1.1289224654908026
3,q,93,1.1104342937469482,0.8788919423236052,1.1289224654908026
3,q,94,1.1638398170471191,0.8788919423236052,1.1289224654908026
3,q,95,1.2555538415908813,0.8788919423236052,1.1289224654908026
3,q,96,1.2778725624084473,0.8788919423236052,1.1289224654908026
3,q,97,1.2919995784759521,0.8788919423236052,1.1289224654908026
3,q,98,1.3140802383422852,0.8788919423236052,1.1289224654908026
3,q,99,1.3242988586425781,0.8788919423236052,1.1289224654908026
3,q,100,1.3942509889602661,0.8788919423236052,1.1289224654908026
3,q,101,1.447819709777832,0.8788919423236052,1.1289224654908026
3,q,102,1.486025094985962,0.8788919423236052,1.1289224654908026
3,q,103,1.5782067775726318,0.8788919423236052,1.1289224654908026
3,q,104,1.5973942279815674,0.8788919423236052,1.1289224654908026
3,q,105,1.6853283643722534,0.8788919423236052,1.1289224654908026
3,q,106,1.7338846921920776,0.8788919423236052,1.1289224654908026
3,q,107,1.851146936416626,0.8788919423236052,1.1289224654908026
3,q,108,1.9257214069366455,0.8788919423236052,1.1289224654908026
3,q,109,1.9855512380599976,0.8788919423236052,1.1289224654908026
3,q,110,2.223057746887207,0.8788919423236052,1.1289224654908026
3,q,111,2.350524425506592,0.8788919423236052,1.1289224654908026
3,q,112,2.5233042240142822,0.8788919423236052,1.1289224654908026
3,q,113,2.5993852615356445,0.8788919423236052,1.1289224654908026
3,q,114,2.6680030822753906,0.8788919423236052,1.1289224654908026
3,q,115,2.854576587677002,0.8788919423236052,1.1289224654908026
3,q,116,3.0261995792388916,0.8788919423236052,1.1289224654908026
3,q,117,3.0645339488983154,0.8788919423236052,1.1289224654908026
3,q,118,3.2054126262664795,0.8788919423236052,1.1289224654908026
3,q,119,3.356580972671509,0.8788919423236052,1.1289224654908026
3,q,120,3.5014679431915283,0.8788919423236052,1.1289224654908026
3,q,121,3.860704183578491,0.8788919423236052,1.1289224654908026
3,q,122,4.081287384033203,0.8788919423236052,1.1289224654908026
3,q,123,4.642050743103027,0.8788919423236052,1.1289224654908026
3,q,124,5.5147705078125,0.8788919423236052,1.1289224654908026
3,q,125,6.575088024139404,0.8788919423236052,1.1289224654908026
3,q,126,6.783529758453369,0.8788919423236052,1.1289224654908026
3,q,127,7.68387508392334,0.8788919423236052,1.1289224654908026
3,k,0,0.001410492928698659,0.8788919423236052,1.1289224654908026
3,k,1,0.0019429335370659828,0.8788919423236052,1.1289224654908026
3,k,2,0.002868320792913437,0.8788919423236052,1.1289224654908026
3,k,3,0.00330258603207767,0.8788919423236052,1.1289224654908026
3,k,4,0.004084207117557526,0.8788919423236052,1.1289224654908026
3,k,5,0.004398122429847717,0.8788919423236052,1.1289224654908026
3,k,6,0.005216817371547222,0.8788919423236052,1.1289224654908026
3,k,7,0.00605686055496335,0.8788919423236052,1.1289224654908026
3,k,8,0.00832374393939972,0.8788919423236052,1.1289224654908026
3,k,9,0.009201893582940102,0.8788919423236052,1.1289224654908026
3,k,10,0.010434595867991447,0.8788919423236052,1.1289224654908026
3,k,11,0.011484533548355103,0.8788919423236052,1.1289224654908026
3,k,12,0.013663501478731632,0.8788919423236052,1.1289224654908026
3,k,13,0.016298461705446243,0.8788919423236052,1.1289224654908026
3,k,14,0.018698884174227715,0.8788919423236052,1.1289224654908026
3,k,15,0.019105011597275734,0.8788919423236052,1.1289224654908026
3,k,16,0.02064884640276432,0.8788919423236052,1.1289224654908026
3,k,17,0.023958170786499977,0.8788919423236052,1.1289224654908026
3,k,18,0.025300977751612663,0.8788919423236052,1.1289224654908026
3,k,19,0.03252784162759781,0.8788919423236052,1.1289224654908026
3,k,20,0.034017812460660934,0.8788919423236052,1.1289224654908026
3,k,21,0.03739494830369949,0.8788919423236052,1.1289224654908026
3,k,22,0.05043882131576538,0.8788919423236052,1.1289224654908026
3,k,23,0.05129450932145119,0.8788919423236052,1.1289224654908026
3,k,24,0.05375882238149643,0.8788919423236052,1.1289224654908026
3,k,25,0.06109403818845749,0.8788919423236052,1.1289224654908026
3,k,26,0.06647907942533493,0.8788919423236052,1.1289224654908026
3,k,27,0.07356618344783783,0.8788919423236052,1.1289224654908026
3,k,28,0.07601228356361389,0.8788919423236052,1.1289224654908026
3,k,29,0.09153475612401962,0.8788919423236052,1.1289224654908026
3,k,30,0.09594277292490005,0.8788919423236052,1.1289224654908026
3,k,31,0.09783096611499786,0.8788919423236052,1.1289224654908026
3,k,32,0.10441388189792633,0.8788919423236052,1.1289224654908026
3,k,33,0.11718346178531647,0.8788919423236052,1.1289224654908026
3,k,34,0.12650446593761444,0.8788919423236052,1.1289224654908026
3,k,35,0.13639256358146667,0.8788919423236052,1.1289224654908026
3,k,36,0.14720842242240906,0.8788919423236052,1.1289224654908026
3,k,37,0.1555052250623703,0.8788919423236052,1.1289224654908026
3,k,38,0.16940218210220337,0.8788919423236052,1.1289224654908026
3,k,39,0.18514591455459595,0.8788919423236052,1.1289224654908026
3,k,40,0.19741135835647583,0.8788919423236052,1.1289224654908026
3,k,41,0.20876123011112213,0.8788919423236052,1.1289224654908026
3,k,42,0.22900022566318512,0.8788919423236052,1.1289224654908026
3,k,43,0.23143763840198517,0.8788919423236052,1.1289224654908026
3,k,44,0.26373520493507385,0.8788919423236052,1.1289224654908026
3,k,45,0.2871495485305786,0.8788919423236052,1.1289224654908026
3,k,46,0.30732083320617676,0.8788919423236052,1.1289224654908026
3,k,47,0.33459722995758057,0.8788919423236052,1.1289224654908026
3,k,48,0.3652634620666504,0.8788919423236052,1.1289224654908026
3,k,49,0.3741808533668518,0.8788919423236052,1.1289224654908026
3,k,50,0.3872268795967102,0.8788919423236052,1.1289224654908026
3,k,51,0.41954153776168823,0.8788919423236052,1.1289224654908026
3,k,52,0.4460957944393158,0.8788919423236052,1.1289224654908026
3,k,53,0.4671894609928131,0.8788919423236052,1.1289224654908026
3,k,54,0.48125335574150085,0.8788919423236052,1.1289224654908026
3,k,55,0.5167025327682495,0.8788919423236052,1.1289224654908026
3,k,56,0.5391390323638916,0.8788919423236052,1.1289224654908026
3,k,57,0.5592988133430481,0.8788919423236052,1.1289224654908026
3,k,58,0.589973509311676,0.8788919423236052,1.1289224654908026
3,k,59,0.5965930819511414,0.8788919423236052,1.1289224654908026
3,k,60,0.6102209091186523,0.8788919423236052,1.1289224654908026
3,k,61,0.6501339077949524,0.8788919423236052,1.1289224654908026
3,k,62,0.7140500545501709,0.8788919423236052,1.1289224654908026
3,k,63,0.7271015048027039,0.8788919423236052,1.1289224654908026
3,k,64,0.7471508979797363,0.8788919423236052,1.1289224654908026
3,k,65,0.7603453397750854,0.8788919423236052,1.1289224654908026
3,k,66,0.7779157757759094,0.8788919423236052,1.1289224654908026
3,k,67,0.7916551232337952,0.8788919423236052,1.1289224654908026
3,k,68,0.8281189799308777,0.8788919423236052,1.1289224654908026
3,k,69,0.8556872010231018,0.8788919423236052,1.1289224654908026
3,k,70,0.8698391318321228,0.8788919423236052,1.1289224654908026
3,k,71,0.8832224011421204,0.8788919423236052,1.1289224654908026
3,k,72,0.8993992805480957,0.8788919423236052,1.1289224654908026
3,k,73,0.9087185859680176,0.8788919423236052,1.1289224654908026
3,k,74,0.9137400984764099,0.8788919423236052,1.1289224654908026
3,k,75,0.924626350402832,0.8788919423236052,1.1289224654908026
3,k,76,0.9518558979034424,0.8788919423236052,1.1289224654908026
3,k,77,0.9543455839157104,0.8788919423236052,1.1289224654908026
3,k,78,0.9589290022850037,0.8788919423236052,1.1289224654908026
3,k,79,0.9701480269432068,0.8788919423236052,1.1289224654908026
3,k,80,0.9757445454597473,0.8788919423236052,1.1289224654908026
3,k,81,0.9814382195472717,0.8788919423236052,1.1289224654908026
3,k,82,0.9877576231956482,0.8788919423236052,1.1289224654908026
3,k,83,0.994116485118866,0.8788919423236052,1.1289224654908026
3,k,84,1.0015137195587158,0.8788919423236052,1.1289224654908026
3,k,85,1.008582592010498,0.8788919423236052,1.1289224654908026
3,k,86,1.0221316814422607,0.8788919423236052,1.1289224654908026
3,k,87,1.0246704816818237,0.8788919423236052,1.1289224654908026
3,k,88,1.036709189414978,0.8788919423236052,1.1289224654908026
3,k,89,1.0438728332519531,0.8788919423236052,1.1289224654908026
3,k,90,1.0587619543075562,0.8788919423236052,1.1289224654908026
3,k,91,1.0691745281219482,0.8788919423236052,1.1289224654908026
3,k,92,1.0844776630401611,0.8788919423236052,1.1289224654908026
3,k,93,1.0874079465866089,0.8788919423236052,1.1289224654908026
3,k,94,1.092576265335083,0.8788919423236052,1.1289224654908026
3,k,95,1.1252549886703491,0.8788919423236052,1.1289224654908026
3,k,96,1.155025839805603,0.8788919423236052,1.1289224654908026
3,k,97,1.1640466451644897,0.8788919423236052,1.1289224654908026
3,k,98,1.2203986644744873,0.8788919423236052,1.1289224654908026
3,k,99,1.2529163360595703,0.8788919423236052,1.1289224654908026
3,k,100,1.2911759614944458,0.8788919423236052,1.1289224654908026
3,k,101,1.3181946277618408,0.8788919423236052,1.1289224654908026
3,k,102,1.3877984285354614,0.8788919423236052,1.1289224654908026
3,k,103,1.4151495695114136,0.8788919423236052,1.1289224654908026
3,k,104,1.4884634017944336,0.8788919423236052,1.1289224654908026
3,k,105,1.5060031414031982,0.8788919423236052,1.1289224654908026
3,k,106,1.5842093229293823,0.8788919423236052,1.1289224654908026
3,k,107,1.6225674152374268,0.8788919423236052,1.1289224654908026
3,k,108,1.6770870685577393,0.8788919423236052,1.1289224654908026
3,k,109,1.754703402519226,0.8788919423236052,1.1289224654908026
3,k,110,1.8514162302017212,0.8788919423236052,1.1289224654908026
3,k,111,1.8787107467651367,0.8788919423236052,1.1289224654908026
3,k,112,2.047290802001953,0.8788919423236052,1.1289224654908026
3,k,113,2.139827013015747,0.8788919423236052,1.1289224654908026
3,k,114,2.235607147216797,0.8788919423236052,1.1289224654908026
3,k,115,2.3659656047821045,0.8788919423236052,1.1289224654908026
3,k,116,2.472625255584717,0.8788919423236052,1.1289224654908026
3,k,117,2.596557855606079,0.8788919423236052,1.1289224654908026
3,k,118,2.814920425415039,0.8788919423236052,1.1289224654908026
3,k,119,2.9473564624786377,0.8788919423236052,1.1289224654908026
3,k,120,3.2179665565490723,0.8788919423236052,1.1289224654908026
3,k,121,3.432891368865967,0.8788919423236052,1.1289224654908026
3,k,122,3.731539249420166,0.8788919423236052,1.1289224654908026
3,k,123,4.150794982910156,0.8788919423236052,1.1289224654908026
3,k,124,4.647866249084473,0.8788919423236052,1.1289224654908026
3,k,125,4.990720748901367,0.8788919423236052,1.1289224654908026
3,k,126,6.003173351287842,0.8788919423236052,1.1289224654908026
3,k,127,11.37761116027832,0.8788919423236052,1.1289224654908026
4,q,0,0.0005591295775957406,0.8788919423236052,1.1289224654908026
4,q,1,0.0008246796787716448,0.8788919423236052,1.1289224654908026
4,q,2,0.0011908713495358825,0.8788919423236052,1.1289224654908026
4,q,3,0.0015909670619294047,0.8788919423236052,1.1289224654908026
4,q,4,0.002621105406433344,0.8788919423236052,1.1289224654908026
4,q,5,0.004031749442219734,0.8788919423236052,1.1289224654908026
4,q,6,0.0044562239199876785,0.8788919423236052,1.1289224654908026
4,q,7,0.005094295833259821,0.8788919423236052,1.1289224654908026
4,q,8,0.006625442765653133,0.8788919423236052,1.1289224654908026
4,q,9,0.007232985459268093,0.8788919423236052,1.1289224654908026
4,q,10,0.008726187981665134,0.8788919423236052,1.1289224654908026
4,q,11,0.01045676413923502,0.8788919423236052,1.1289224654908026
4,q,12,0.011812449432909489,0.8788919423236052,1.1289224654908026
4,q,13,0.01201238390058279,0.8788919423236052,1.1289224654908026
4,q,14,0.013543671928346157,0.8788919423236052,1.1289224654908026
4,q,15,0.014756637625396252,0.8788919423236052,1.1289224654908026
4,q,16,0.01621730625629425,0.8788919423236052,1.1289224654908026
4,q,17,0.0179124865680933,0.8788919423236052,1.1289224654908026
4,q,18,0.018307827413082123,0.8788919423236052,1.1289224654908026
4,q,19,0.020014025270938873,0.8788919423236052,1.1289224654908026
4,q,20,0.021895889192819595,0.8788919423236052,1.1289224654908026
4,q,21,0.025278251618146896,0.8788919423236052,1.1289224654908026
4,q,22,0.026087071746587753,0.8788919423236052,1.1289224654908026
4,q,23,0.029032664373517036,0.8788919423236052,1.1289224654908026
4,q,24,0.03305863216519356,0.8788919423236052,1.1289224654908026
4,q,25,0.03794005513191223,0.8788919423236052,1.1289224654908026
4,q,26,0.040550731122493744,0.8788919423236052,1.1289224654908026
4,q,27,0.045981381088495255,0.8788919423236052,1.1289224654908026
4,q,28,0.05076167732477188,0.8788919423236052,1.1289224654908026
4,q,29,0.052510567009449005,0.8788919423236052,1.1289224654908026
4,q,30,0.0610358789563179,0.8788919423236052,1.1289224654908026
4,q,31,0.061867207288742065,0.8788919423236052,1.1289224654908026
4,q,32,0.06461930274963379,0.8788919423236052,1.1289224654908026
4,q,33,0.07294115424156189,0.8788919423236052,1.1289224654908026
4,q,34,0.07757329940795898,0.8788919423236052,1.1289224654908026
4,q,35,0.08455824106931686,0.8788919423236052,1.1289224654908026
4,q,36,0.09688063710927963,0.8788919423236052,1.1289224654908026
4,q,37,0.09884854406118393,0.8788919423236052,1.1289224654908026
4,q,38,0.10251524299383163,0.8788919423236052,1.1289224654908026
4,q,39,0.11798043549060822,0.8788919423236052,1.1289224654908026
4,q,40,0.13637949526309967,0.8788919423236052,1.1289224654908026
4,q,41,0.14426442980766296,0.8788919423236052,1.1289224654908026
4,q,42,0.1640280783176422,0.8788919423236052,1.1289224654908026
4,q,43,0.1711968630552292,0.8788919423236052,1.1289224654908026
4,q,44,0.18112558126449585,0.8788919423236052,1.1289224654908026
4,q,45,0.18463580310344696,0.8788919423236052,1.1289224654908026
4,q,46,0.20475928485393524,0.8788919423236052,1.1289224654908026
4,q,47,0.21947787702083588,0.8788919423236052,1.1289224654908026
4,q,48,0.23181825876235962,0.8788919423236052,1.1289224654908026
4,q,49,0.2653336226940155,0.8788919423236052,1.1289224654908026
4,q,50,0.2807159423828125,0.8788919423236052,1.1289224654908026
4,q,51,0.3059563636779785,0.8788919423236052,1.1289224654908026
4,q,52,0.32258036732673645,0.8788919423236052,1.1289224654908026
4,q,53,0.3445341885089874,0.8788919423236052,1.1289224654908026
4,q,54,0.37157103419303894,0.8788919423236052,1.1289224654908026
4,q,55,0.4037995934486389,0.8788919423236052,1.1289224654908026
4,q,56,0.4114851653575897,0.8788919423236052,1.1289224654908026
4,q,57,0.44746822118759155,0.8788919423236052,1.1289224654908026
4,q,58,0.46883460879325867,0.8788919423236052,1.1289224654908026
4,q,59,0.4949553906917572,0.8788919423236052,1.1289224654908026
4,q,60,0.5301111340522766,0.8788919423236052,1.1289224654908026
4,q,61,0.5488952398300171,0.8788919423236052,1.1289224654908026
4,q,62,0.5772898197174072,0.8788919423236052,1.1289224654908026
4,q,63,0.597216784954071,0.8788919423236052,1.1289224654908026
4,q,64,0.6380507349967957,0.8788919423236052,1.1289224654908026
4,q,65,0.6598654985427856,0.8788919423236052,1.1289224654908026
4,q,66,0.6911762356758118,0.8788919423236052,1.1289224654908026
4,q,67,0.7159020304679871,0.8788919423236052,1.1289224654908026
4,q,68,0.7290275692939758,0.8788919423236052,1.1289224654908026
4,q,69,0.7857818603515625,0.8788919423236052,1.1289224654908026
4,q,70,0.7959306836128235,0.8788919423236052,1.1289224654908026
4,q,71,0.8298570513725281,0.8788919423236052,1.1289224654908026
4,q,72,0.8390641808509827,0.8788919423236052,1.1289224654908026
4,q,73,0.8459669351577759,0.8788919423236052,1.1289224654908026
4,q,74,0.8521707057952881,0.8788919423236052,1.1289224654908026
4,q,75,0.8752171397209167,0.8788919423236052,1.1289224654908026
4,q,76,0.8802502155303955,0.8788919423236052,1.1289224654908026
4,q,77,0.9318132996559143,0.8788919423236052,1.1289224654908026
4,q,78,0.943665087223053,0.8788919423236052,1.1289224654908026
4,q,79,0.9581677317619324,0.8788919423236052,1.1289224654908026
4,q,80,0.998334527015686,0.8788919423236052,1.1289224654908026
4,q,81,1.0192999839782715,0.8788919423236052,1.1289224654908026
4,q,82,1.0257872343063354,0.8788919423236052,1.1289224654908026
4,q,83,1.0485717058181763,0.8788919423236052,1.1289224654908026
4,q,84,1.0722202062606812,0.8788919423236052,1.1289224654908026
4,q,85,1.0881762504577637,0.8788919423236052,1.1289224654908026
4,q,86,1.100483775138855,0.8788919423236052,1.1289224654908026
4,q,87,1.109950065612793,0.8788919423236052,1.1289224654908026
4,q,88,1.1700540781021118,0.8788919423236052,1.1289224654908026
4,q,89,1.2506186962127686,0.8788919423236052,1.1289224654908026
4,q,90,1.3025704622268677,0.8788919423236052,1.1289224654908026
4,q,91,1.3277173042297363,0.8788919423236052,1.1289224654908026
4,q,92,1.3404405117034912,0.8788919423236052,1.1289224654908026
4,q,93,1.3443002700805664,0.8788919423236052,1.1289224654908026
4,q,94,1.366285800933838,0.8788919423236052,1.1289224654908026
4,q,95,1.3915926218032837,0.8788919423236052,1.1289224654908026
4,q,96,1.4187304973602295,0.8788919423236052,1.1289224654908026
4,q,97,1.4887535572052002,0.8788919423236052,1.1289224654908026
4,q,98,1.5056159496307373,0.8788919423236052,1.1289224654908026
4,q,99,1.5611478090286255,0.8788919423236052,1.1289224654908026
4,q,100,1.581371545791626,0.8788919423236052,1.1289224654908026
4,q,101,1.6296077966690063,0.8788919423236052,1.1289224654908026
4,q,102,1.6865876913070679,0.8788919423236052,1.1289224654908026
4,q,103,1.8211926221847534,0.8788919423236052,1.1289224654908026
4,q,104,1.8534446954727173,0.8788919423236052,1.1289224654908026
4,q,105,1.9476040601730347,0.8788919423236052,1.1289224654908026
4,q,106,1.9491273164749146,0.8788919423236052,1.1289224654908026
4,q,107,1.9994734525680542,0.8788919423236052,1.1289224654908026
4,q,108,2.157696008682251,0.8788919423236052,1.1289224654908026
4,q,109,2.1848952770233154,0.8788919423236052,1.1289224654908026
4,q,110,2.292739152908325,0.8788919423236052,1.1289224654908026
4,q,111,2.4004693031311035,0.8788919423236052,1.1289224654908026
4,q,112,2.486788511276245,0.8788919423236052,1.1289224654908026
4,q,113,2.6818337440490723,0.8788919423236052,1.1289224654908026
4,q,114,2.7821412086486816,0.8788919423236052,1.1289224654908026
4,q,115,2.8532793521881104,0.8788919423236052,1.1289224654908026
4,q,116,2.9739747047424316,0.8788919423236052,1.1289224654908026
4,q,117,3.0208117961883545,0.8788919423236052,1.1289224654908026
4,q,118,3.1143014430999756,0.8788919423236052,1.1289224654908026
4,q,119,3.1789023876190186,0.8788919423236052,1.1289224654908026
4,q,120,3.220773220062256,0.8788919423236052,1.1289224654908026
4,q,121,3.3913865089416504,0.8788919423236052,1.1289224654908026
4,q,122,3.538559913635254,0.8788919423236052,1.1289224654908026
4,q,123,3.7443056106567383,0.8788919423236052,1.1289224654908026
4,q,124,4.042877197265625,0.8788919423236052,1.1289224654908026
4,q,125,4.844405651092529,0.8788919423236052,1.1289224654908026
4,q,126,4.986048221588135,0.8788919423236052,1.1289224654908026
4,q,127,6.348420143127441,0.8788919423236052,1.1289224654908026
4,k,0,0.0005321537610143423,0.8788919423236052,1.1289224654908026
4,k,1,0.0008884512353688478,0.8788919423236052,1.1289224654908026
4,k,2,0.0012974139535799623,0.8788919423236052,1.1289224654908026
4,k,3,0.0016481560887768865,0.8788919423236052,1.1289224654908026
4,k,4,0.001964758848771453,0.8788919423236052,1.1289224654908026
4,k,5,0.002490143058821559,0.8788919423236052,1.1289224654908026
4,k,6,0.0026982552371919155,0.8788919423236052,1.1289224654908026
4,k,7,0.003174883546307683,0.8788919423236052,1.1289224654908026
4,k,8,0.003429851960390806,0.8788919423236052,1.1289224654908026
4,k,9,0.003561172168701887,0.8788919423236052,1.1289224654908026
4,k,10,0.0037289082538336515,0.8788919423236052,1.1289224654908026
4,k,11,0.004568895325064659,0.8788919423236052,1.1289224654908026
4,k,12,0.00512758968397975,0.8788919423236052,1.1289224654908026
4,k,13,0.005522832740098238,0.8788919423236052,1.1289224654908026
4,k,14,0.005922404117882252,0.8788919423236052,1.1289224654908026
4,k,15,0.006257900036871433,0.8788919423236052,1.1289224654908026
4,k,16,0.006988896057009697,0.8788919423236052,1.1289224654908026
4,k,17,0.007869215682148933,0.8788919423236052,1.1289224654908026
4,k,18,0.008513976819813251,0.8788919423236052,1.1289224654908026
4,k,19,0.009068206883966923,0.8788919423236052,1.1289224654908026
4,k,20,0.009824375621974468,0.8788919423236052,1.1289224654908026
4,k,21,0.011572806164622307,0.8788919423236052,1.1289224654908026
4,k,22,0.012680950574576855,0.8788919423236052,1.1289224654908026
4,k,23,0.013334792107343674,0.8788919423236052,1.1289224654908026
4,k,24,0.014087696559727192,0.8788919423236052,1.1289224654908026
4,k,25,0.014828638173639774,0.8788919423236052,1.1289224654908026
4,k,26,0.016712896525859833,0.8788919423236052,1.1289224654908026
4,k,27,0.017096035182476044,0.8788919423236052,1.1289224654908026
4,k,28,0.01834377646446228,0.8788919423236052,1.1289224654908026
4,k,29,0.02070797234773636,0.8788919423236052,1.1289224654908026
4,k,30,0.023364242166280746,0.8788919423236052,1.1289224654908026
4,k,31,0.028968682512640953,0.8788919423236052,1.1289224654908026
4,k,32,0.030022447928786278,0.8788919423236052,1.1289224654908026
4,k,33,0.035295311361551285,0.8788919423236052,1.1289224654908026
4,k,34,0.037814803421497345,0.8788919423236052,1.1289224654908026
4,k,35,0.040514491498470306,0.8788919423236052,1.1289224654908026
4,k,36,0.04308275878429413,0.8788919423236052,1.1289224654908026
4,k,37,0.04870852828025818,0.8788919423236052,1.1289224654908026
4,k,38,0.05064215138554573,0.8788919423236052,1.1289224654908026
4,k,39,0.05394623056054115,0.8788919423236052,1.1289224654908026
4,k,40,0.059067029505968094,0.8788919423236052,1.1289224654908026
4,k,41,0.05975976586341858,0.8788919423236052,1.1289224654908026
4,k,42,0.06598277390003204,0.8788919423236052,1.1289224654908026
4,k,43,0.07868438959121704,0.8788919423236052,1.1289224654908026
4,k,44,0.08891981840133667,0.8788919423236052,1.1289224654908026
4,k,45,0.09983718395233154,0.8788919423236052,1.1289224654908026
4,k,46,0.11346732079982758,0.8788919423236052,1.1289224654908026
4,k,47,0.1176154688000679,0.8788919423236052,1.1289224654908026
4,k,48,0.12575292587280273,0.8788919423236052,1.1289224654908026
4,k,49,0.14025942981243134,0.8788919423236052,1.1289224654908026
4,k,50,0.1621241271495819,0.8788919423236052,1.1289224654908026
4,k,51,0.18084096908569336,0.8788919423236052,1.1289224654908026
4,k,52,0.18347223103046417,0.8788919423236052,1.1289224654908026
4,k,53,0.18755777180194855,0.8788919423236052,1.1289224654908026
4,k,54,0.21089479327201843,0.8788919423236052,1.1289224654908026
4,k,55,0.23389022052288055,0.8788919423236052,1.1289224654908026
4,k,56,0.25370487570762634,0.8788919423236052,1.1289224654908026
4,k,57,0.26902708411216736,0.8788919423236052,1.1289224654908026
4,k,58,0.2782958447933197,0.8788919423236052,1.1289224654908026
4,k,59,0.2987954318523407,0.8788919423236052,1.1289224654908026
4,k,60,0.33715522289276123,0.8788919423236052,1.1289224654908026
4,k,61,0.37866899371147156,0.8788919423236052,1.1289224654908026
4,k,62,0.3992742896080017,0.8788919423236052,1.1289224654908026
4,k,63,0.4310931861400604,0.8788919423236052,1.1289224654908026
4,k,64,0.5027617812156677,0.8788919423236052,1.1289224654908026
4,k,65,0.5535115003585815,0.8788919423236052,1.1289224654908026
4,k,66,0.5799648761749268,0.8788919423236052,1.1289224654908026
4,k,67,0.5979461669921875,0.8788919423236052,1.1289224654908026
4,k,68,0.601913332939148,0.8788919423236052,1.1289224654908026
4,k,69,0.6216915845870972,0.8788919423236052,1.1289224654908026
4,k,70,0.6846328377723694,0.8788919423236052,1.1289224654908026
4,k,71,0.7177277207374573,0.8788919423236052,1.1289224654908026
4,k,72,0.7791226506233215,0.8788919423236052,1.1289224654908026
4,k,73,0.8081036806106567,0.8788919423236052,1.1289224654908026
4,k,74,0.8200652003288269,0.8788919423236052,1.1289224654908026
4,k,75,0.8265869617462158,0.8788919423236052,1.1289224654908026
4,k,76,0.8456885814666748,0.8788919423236052,1.1289224654908026
4,k,77,0.8656542897224426,0.8788919423236052,1.1289224654908026
4,k,78,0.871233344078064,0.8788919423236052,1.1289224654908026
4,k,79,0.8889782428741455,0.8788919423236052,1.1289224654908026
4,k,80,0.9303278923034668,0.8788919423236052,1.1289224654908026
4,k,81,0.9555575251579285,0.8788919423236052,1.1289224654908026
4,k,82,0.9620351791381836,0.8788919423236052,1.1289224654908026
4,k,83,0.9777427315711975,0.8788919423236052,1.1289224654908026
4,k,84,1.017345666885376,0.8788919423236052,1.1289224654908026
4,k,85,1.0279786586761475,0.8788919423236052,1.1289224654908026
4,k,86,1.0500366687774658,0.8788919423236052,1.1289224654908026
4,k,87,1.0721288919448853,0.8788919423236052,1.1289224654908026
4,k,88,1.095585823059082,0.8788919423236052,1.1289224654908026
4,k,89,1.1195197105407715,0.8788919423236052,1.1289224654908026
4,k,90,1.128412127494812,0.8788919423236052,1.1289224654908026
4,k,91,1.2131489515304565,0.8788919423236052,1.1289224654908026
4,k,92,1.304242491722107,0.8788919423236052,1.1289224654908026
4,k,93,1.309428095817566,0.8788919423236052,1.1289224654908026
4,k,94,1.3138420581817627,0.8788919423236052,1.1289224654908026
4,k,95,1.3534976243972778,0.8788919423236052,1.1289224654908026
4,k,96,1.3728091716766357,0.8788919423236052,1.1289224654908026
4,k,97,1.4282722473144531,0.8788919423236052,1.1289224654908026
4,k,98,1.4394623041152954,0.8788919423236052,1.1289224654908026
4,k,99,1.4746145009994507,0.8788919423236052,1.1289224654908026
4,k,100,1.5120002031326294,0.8788919423236052,1.1289224654908026
4,k,101,1.567428469657898,0.8788919423236052,1.1289224654908026
4,k,102,1.5999504327774048,0.8788919423236052,1.1289224654908026
4,k,103,1.630319356918335,0.8788919423236052,1.1289224654908026
4,k,104,1.7021880149841309,0.8788919423236052,1.1289224654908026
4,k,105,1.8214716911315918,0.8788919423236052,1.1289224654908026
4,k,106,2.0380184650421143,0.8788919423236052,1.1289224654908026
4,k,107,2.0770106315612793,0.8788919423236052,1.1289224654908026
4,k,108,2.1648752689361572,0.8788919423236052,1.1289224654908026
4,k,109,2.455566883087158,0.8788919423236052,1.1289224654908026
4,k,110,2.511216402053833,0.8788919423236052,1.1289224654908026
4,k,111,2.7188808917999268,0.8788919423236052,1.1289224654908026
4,k,112,2.840343713760376,0.8788919423236052,1.1289224654908026
4,k,113,2.9401402473449707,0.8788919423236052,1.1289224654908026
4,k,114,2.9508206844329834,0.8788919423236052,1.1289224654908026
4,k,115,2.9866750240325928,0.8788919423236052,1.1289224654908026
4,k,116,3.029010534286499,0.8788919423236052,1.1289224654908026
4,k,117,3.0530049800872803,0.8788919423236052,1.1289224654908026
4,k,118,3.225121259689331,0.8788919423236052,1.1289224654908026
4,k,119,3.576108694076538,0.8788919423236052,1.1289224654908026
4,k,120,3.913567304611206,0.8788919423236052,1.1289224654908026
4,k,121,4.164865970611572,0.8788919423236052,1.1289224654908026
4,k,122,4.28159761428833,0.8788919423236052,1.1289224654908026
4,k,123,4.541932106018066,0.8788919423236052,1.1289224654908026
4,k,124,4.964699745178223,0.8788919423236052,1.1289224654908026
4,k,125,5.3469085693359375,0.8788919423236052,1.1289224654908026
4,k,126,5.568586349487305,0.8788919423236052,1.1289224654908026
4,k,127,6.329085350036621,0.8788919423236052,1.1289224654908026
5,q,0,0.0006989687099121511,0.8788919423236052,1.1289224654908026
5,q,1,0.0009179938933812082,0.8788919423236052,1.1289224654908026
5,q,2,0.001150124124251306,0.8788919423236052,1.1289224654908026
5,q,3,0.001510566333308816,0.8788919423236052,1.1289224654908026
5,q,4,0.002665171632543206,0.8788919423236052,1.1289224654908026
5,q,5,0.0030963076278567314,0.8788919423236052,1.1289224654908026
5,q,6,0.0035692465025931597,0.8788919423236052,1.1289224654908026
5,q,7,0.004516386892646551,0.8788919423236052,1.1289224654908026
5,q,8,0.004632142838090658,0.8788919423236052,1.1289224654908026
5,q,9,0.0053064050152897835,0.8788919423236052,1.1289224654908026
5,q,10,0.005725163500756025,0.8788919423236052,1.1289224654908026
5,q,11,0.007224368862807751,0.8788919423236052,1.1289224654908026
5,q,12,0.007536627352237701,0.8788919423236052,1.1289224654908026
5,q,13,0.009927584789693356,0.8788919423236052,1.1289224654908026
5,q,14,0.011275136843323708,0.8788919423236052,1.1289224654908026
5,q,15,0.011722289957106113,0.8788919423236052,1.1289224654908026
5,q,16,0.013962873257696629,0.8788919423236052,1.1289224654908026
5,q,17,0.01443102303892374,0.8788919423236052,1.1289224654908026
5,q,18,0.01694299466907978,0.8788919423236052,1.1289224654908026
5,q,19,0.018946804106235504,0.8788919423236052,1.1289224654908026
5,q,20,0.02115519717335701,0.8788919423236052,1.1289224654908026
5,q,21,0.02390977554023266,0.8788919423236052,1.1289224654908026
5,q,22,0.029406806454062462,0.8788919423236052,1.1289224654908026
5,q,23,0.032965704798698425,0.8788919423236052,1.1289224654908026
5,q,24,0.0372534915804863,0.8788919423236052,1.1289224654908026
5,q,25,0.04041676223278046,0.8788919423236052,1.1289224654908026
5,q,26,0.04221964254975319,0.8788919423236052,1.1289224654908026
5,q,27,0.049121201038360596,0.8788919423236052,1.1289224654908026
5,q,28,0.05176905542612076,0.8788919423236052,1.1289224654908026
5,q,29,0.05396779254078865,0.8788919423236052,1.1289224654908026
5,q,30,0.058674249798059464,0.8788919423236052,1.1289224654908026
5,q,31,0.06235593184828758,0.8788919423236052,1.1289224654908026
5,q,32,0.06573909521102905,0.8788919423236052,1.1289224654908026
5,q,33,0.06700949370861053,0.8788919423236052,1.1289224654908026
5,q,34,0.06936106085777283,0.8788919423236052,1.1289224654908026
5,q,35,0.08233428746461868,0.8788919423236052,1.1289224654908026
5,q,36,0.08266636729240417,0.8788919423236052,1.1289224654908026
5,q,37,0.08866752684116364,0.8788919423236052,1.1289224654908026
5,q,38,0.09458655118942261,0.8788919423236052,1.1289224654908026
5,q,39,0.09944875538349152,0.8788919423236052,1.1289224654908026
5,q,40,0.11976175010204315,0.8788919423236052,1.1289224654908026
5,q,41,0.1275046318769455,0.8788919423236052,1.1289224654908026
5,q,42,0.13545797765254974,0.8788919423236052,1.1289224654908026
5,q,43,0.17104966938495636,0.8788919423236052,1.1289224654908026
5,q,44,0.1797938197851181,0.8788919423236052,1.1289224654908026
5,q,45,0.2060963660478592,0.8788919423236052,1.1289224654908026
5,q,46,0.208916574716568,0.8788919423236052,1.1289224654908026
5,q,47,0.23233826458454132,0.8788919423236052,1.1289224654908026
5,q,48,0.23884081840515137,0.8788919423236052,1.1289224654908026
5,q,49,0.2667524814605713,0.8788919423236052,1.1289224654908026
5,q,50,0.30218255519866943,0.8788919423236052,1.1289224654908026
5,q,51,0.31837499141693115,0.8788919423236052,1.1289224654908026
5,q,52,0.32682639360427856,0.8788919423236052,1.1289224654908026
5,q,53,0.39628252387046814,0.8788919423236052,1.1289224654908026
5,q,54,0.4127073287963867,0.8788919423236052,1.1289224654908026
5,q,55,0.4420456886291504,0.8788919423236052,1.1289224654908026
5,q,56,0.4667615592479706,0.8788919423236052,1.1289224654908026
5,q,57,0.5101026296615601,0.8788919423236052,1.1289224654908026
5,q,58,0.5298867225646973,0.8788919423236052,1.1289224654908026
5,q,59,0.5531172156333923,0.8788919423236052,1.1289224654908026
5,q,60,0.5822336077690125,0.8788919423236052,1.1289224654908026
5,q,61,0.6094647645950317,0.8788919423236052,1.1289224654908026
5,q,62,0.6523639559745789,0.8788919423236052,1.1289224654908026
5,q,63,0.688096284866333,0.8788919423236052,1.1289224654908026
5,q,64,0.707996666431427,0.8788919423236052,1.1289224654908026
5,q,65,0.7524271607398987,0.8788919423236052,1.1289224654908026
5,q,66,0.783957839012146,0.8788919423236052,1.1289224654908026
5,q,67,0.7947744727134705,0.8788919423236052,1.1289224654908026
5,q,68,0.8103050589561462,0.8788919423236052,1.1289224654908026
5,q,69,0.8394920825958252,0.8788919423236052,1.1289224654908026
5,q,70,0.8722763657569885,0.8788919423236052,1.1289224654908026
5,q,71,0.8752308487892151,0.8788919423236052,1.1289224654908026
5,q,72,0.8871650695800781,0.8788919423236052,1.1289224654908026
5,q,73,0.8945257663726807,0.8788919423236052,1.1289224654908026
5,q,74,0.9001808166503906,0.8788919423236052,1.1289224654908026
5,q,75,0.9320032596588135,0.8788919423236052,1.1289224654908026
5,q,76,0.9536128640174866,0.8788919423236052,1.1289224654908026
5,q,77,0.9594641327857971,0.8788919423236052,1.1289224654908026
5,q,78,0.9635927081108093,0.8788919423236052,1.1289224654908026
5,q,79,1.0023698806762695,0.8788919423236052,1.1289224654908026
5,q,80,1.0067758560180664,0.8788919423236052,1.1289224654908026
5,q,81,1.0119456052780151,0.8788919423236052,1.1289224654908026
5,q,82,1.0331995487213135,0.8788919423236052,1.1289224654908026
5,q,83,1.063906192779541,0.8788919423236052,1.1289224654908026
5,q,84,1.0802829265594482,0.8788919423236052,1.1289224654908026
5,q,85,1.0909061431884766,0.8788919423236052,1.1289224654908026
5,q,86,1.1049573421478271,0.8788919423236052,1.1289224654908026
5,q,87,1.1995471715927124,0.8788919423236052,1.1289224654908026
5,q,88,1.2177033424377441,0.8788919423236052,1.1289224654908026
5,q,89,1.2586679458618164,0.8788919423236052,1.1289224654908026
5,q,90,1.2880158424377441,0.8788919423236052,1.1289224654908026
5,q,91,1.3468847274780273,0.8788919423236052,1.1289224654908026
5,q,92,1.368080496788025,0.8788919423236052,1.1289224654908026
5,q,93,1.387313961982727,0.8788919423236052,1.1289224654908026
5,q,94,1.4257957935333252,0.8788919423236052,1.1289224654908026
5,q,95,1.4452277421951294,0.8788919423236052,1.1289224654908026
5,q,96,1.47572922706604,0.8788919423236052,1.1289224654908026
5,q,97,1.4932880401611328,0.8788919423236052,1.1289224654908026
5,q,98,1.5173956155776978,0.8788919423236052,1.1289224654908026
5,q,99,1.5601235628128052,0.8788919423236052,1.1289224654908026
5,q,100,1.6019041538238525,0.8788919423236052,1.1289224654908026
5,q,101,1.647160291671753,0.8788919423236052,1.1289224654908026
5,q,102,1.6931143999099731,0.8788919423236052,1.1289224654908026
5,q,103,1.7914544343948364,0.8788919423236052,1.1289224654908026
5,q,104,1.872915506362915,0.8788919423236052,1.1289224654908026
5,q,105,1.9220082759857178,0.8788919423236052,1.1289224654908026
5,q,106,1.9724265336990356,0.8788919423236052,1.1289224654908026
5,q,107,2.041591167449951,0.8788919423236052,1.1289224654908026
5,q,108,2.1926512718200684,0.8788919423236052,1.1289224654908026
5,q,109,2.211843729019165,0.8788919423236052,1.1289224654908026
5,q,110,2.32014536857605,0.8788919423236052,1.1289224654908026
5,q,111,2.394666910171509,0.8788919423236052,1.1289224654908026
5,q,112,2.518632411956787,0.8788919423236052,1.1289224654908026
5,q,113,2.6110165119171143,0.8788919423236052,1.1289224654908026
5,q,114,2.65285587310791,0.8788919423236052,1.1289224654908026
5,q,115,2.7240519523620605,0.8788919423236052,1.1289224654908026
5,q,116,2.763416051864624,0.8788919423236052,1.1289224654908026
5,q,117,2.7822422981262207,0.8788919423236052,1.1289224654908026
5,q,118,3.143191337585449,0.8788919423236052,1.1289224654908026
5,q,119,3.272412061691284,0.8788919423236052,1.1289224654908026
5,q,120,3.3485653400421143,0.8788919423236052,1.1289224654908026
5,q,121,3.547273635864258,0.8788919423236052,1.1289224654908026
5,q,122,3.7064878940582275,0.8788919423236052,1.1289224654908026
5,q,123,3.8408753871917725,0.8788919423236052,1.1289224654908026
5,q,124,4.104477882385254,0.8788919423236052,1.1289224654908026
5,q,125,4.5672926902771,0.8788919423236052,1.1289224654908026
5,q,126,4.656177997589111,0.8788919423236052,1.1289224654908026
5,q,127,4.822187423706055,0.8788919423236052,1.1289224654908026
5,k,0,0.0008084086584858596,0.8788919423236052,1.1289224654908026
5,k,1,0.001050507533363998,0.8788919423236052,1.1289224654908026
5,k,2,0.0011909217573702335,0.8788919423236052,1.1289224654908026
5,k,3,0.0014919127570465207,0.8788919423236052,1.1289224654908026
5,k,4,0.001894059358164668,0.8788919423236052,1.1289224654908026
5,k,5,0.002187074162065983,0.8788919423236052,1.1289224654908026
5,k,6,0.002694668946787715,0.8788919423236052,1.1289224654908026
5,k,7,0.0028043873608112335,0.8788919423236052,1.1289224654908026
5,k,8,0.0032549630850553513,0.8788919423236052,1.1289224654908026
5,k,9,0.003378304885700345,0.8788919423236052,1.1289224654908026
5,k,10,0.003613078501075506,0.8788919423236052,1.1289224654908026
5,k,11,0.003693174570798874,0.8788919423236052,1.1289224654908026
5,k,12,0.004174009431153536,0.8788919423236052,1.1289224654908026
5,k,13,0.0046325442381203175,0.8788919423236052,1.1289224654908026
5,k,14,0.004686065949499607,0.8788919423236052,1.1289224654908026
5,k,15,0.0049241348169744015,0.8788919423236052,1.1289224654908026
5,k,16,0.005161571316421032,0.8788919423236052,1.1289224654908026
5,k,17,0.005669496022164822,0.8788919423236052,1.1289224654908026
5,k,18,0.006302697118371725,0.8788919423236052,1.1289224654908026
5,k,19,0.006826551631093025,0.8788919423236052,1.1289224654908026
5,k,20,0.006955975666642189,0.8788919423236052,1.1289224654908026
5,k,21,0.007706630975008011,0.8788919423236052,1.1289224654908026
5,k,22,0.007804992143064737,0.8788919423236052,1.1289224654908026
5,k,23,0.008374602533876896,0.8788919423236052,1.1289224654908026
5,k,24,0.009092619642615318,0.8788919423236052,1.1289224654908026
5,k,25,0.009976020082831383,0.8788919423236052,1.1289224654908026
5,k,26,0.01021003071218729,0.8788919423236052,1.1289224654908026
5,k,27,0.011939054355025291,0.8788919423236052,1.1289224654908026
5,k,28,0.0136361513286829,0.8788919423236052,1.1289224654908026
5,k,29,0.014811872504651546,0.8788919423236052,1.1289224654908026
5,k,30,0.01665470190346241,0.8788919423236052,1.1289224654908026
5,k,31,0.017338011413812637,0.8788919423236052,1.1289224654908026
5,k,32,0.019009876996278763,0.8788919423236052,1.1289224654908026
5,k,33,0.02104600891470909,0.8788919423236052,1.1289224654908026
5,k,34,0.02230897732079029,0.8788919423236052,1.1289224654908026
5,k,35,0.026386113837361336,0.8788919423236052,1.1289224654908026
5,k,36,0.026977883651852608,0.8788919423236052,1.1289224654908026
5,k,37,0.0314292348921299,0.8788919423236052,1.1289224654908026
5,k,38,0.03300610929727554,0.8788919423236052,1.1289224654908026
5,k,39,0.03355902433395386,0.8788919423236052,1.1289224654908026
5,k,40,0.04031357541680336,0.8788919423236052,1.1289224654908026
5,k,41,0.04294378310441971,0.8788919423236052,1.1289224654908026
5,k,42,0.04405780881643295,0.8788919423236052,1.1289224654908026
5,k,43,0.04630314186215401,0.8788919423236052,1.1289224654908026
5,k,44,0.04985356703400612,0.8788919423236052,1.1289224654908026
5,k,45,0.05475625768303871,0.8788919423236052,1.1289224654908026
5,k,46,0.06362755596637726,0.8788919423236052,1.1289224654908026
5,k,47,0.0656072124838829,0.8788919423236052,1.1289224654908026
5,k,48,0.07041358202695847,0.8788919423236052,1.1289224654908026
5,k,49,0.08218573033809662,0.8788919423236052,1.1289224654908026
5,k,50,0.09909134358167648,0.8788919423236052,1.1289224654908026
5,k,51,0.10027235746383667,0.8788919423236052,1.1289224654908026
5,k,52,0.12615498900413513,0.8788919423236052,1.1289224654908026
5,k,53,0.13358889520168304,0.8788919423236052,1.1289224654908026
5,k,54,0.17878475785255432,0.8788919423236052,1.1289224654908026
5,k,55,0.18147681653499603,0.8788919423236052,1.1289224654908026
5,k,56,0.18841180205345154,0.8788919423236052,1.1289224654908026
5,k,57,0.22891664505004883,0.8788919423236052,1.1289224654908026
5,k,58,0.26180365681648254,0.8788919423236052,1.1289224654908026
5,k,59,0.2673564851284027,0.8788919423236052,1.1289224654908026
5,k,60,0.3212597072124481,0.8788919423236052,1.1289224654908026
5,k,61,0.3397407829761505,0.8788919423236052,1.1289224654908026
5,k,62,0.3687053918838501,0.8788919423236052,1.1289224654908026
5,k,63,0.4238186776638031,0.8788919423236052,1.1289224654908026
5,k,64,0.4461061358451843,0.8788919423236052,1.1289224654908026
5,k,65,0.4923599064350128,0.8788919423236052,1.1289224654908026
5,k,66,0.5315382480621338,0.8788919423236052,1.1289224654908026
5,k,67,0.561729907989502,0.8788919423236052,1.1289224654908026
5,k,68,0.6083175539970398,0.8788919423236052,1.1289224654908026
5,k,69,0.6155064702033997,0.8788919423236052,1.1289224654908026
5,k,70,0.6502496004104614,0.8788919423236052,1.1289224654908026
5,k,71,0.7275922894477844,0.8788919423236052,1.1289224654908026
5,k,72,0.7329140305519104,0.8788919423236052,1.1289224654908026
5,k,73,0.7807385921478271,0.8788919423236052,1.1289224654908026
5,k,74,0.7975313663482666,0.8788919423236052,1.1289224654908026
5,k,75,0.827121376991272,0.8788919423236052,1.1289224654908026
5,k,76,0.8462671637535095,0.8788919423236052,1.1289224654908026
5,k,77,0.8487277626991272,0.8788919423236052,1.1289224654908026
5,k,78,0.870227575302124,0.8788919423236052,1.1289224654908026
5,k,79,0.8725369572639465,0.8788919423236052,1.1289224654908026
5,k,80,0.9064827561378479,0.8788919423236052,1.1289224654908026
5,k,81,0.9504261612892151,0.8788919423236052,1.1289224654908026
5,k,82,0.9567431211471558,0.8788919423236052,1.1289224654908026
5,k,83,0.968027651309967,0.8788919423236052,1.1289224654908026
5,k,84,1.0132086277008057,0.8788919423236052,1.1289224654908026
5,k,85,1.0264016389846802,0.8788919423236052,1.1289224654908026
5,k,86,1.038121223449707,0.8788919423236052,1.1289224654908026
5,k,87,1.0501874685287476,0.8788919423236052,1.1289224654908026
5,k,88,1.0784832239151,0.8788919423236052,1.1289224654908026
5,k,89,1.0950429439544678,0.8788919423236052,1.1289224654908026
5,k,90,1.105989933013916,0.8788919423236052,1.1289224654908026
5,k,91,1.1275124549865723,0.8788919423236052,1.1289224654908026
5,k,92,1.2016422748565674,0.8788919423236052,1.1289224654908026
5,k,93,1.2886639833450317,0.8788919423236052,1.1289224654908026
5,k,94,1.3183916807174683,0.8788919423236052,1.1289224654908026
5,k,95,1.339452862739563,0.8788919423236052,1.1289224654908026
5,k,96,1.3736804723739624,0.8788919423236052,1.1289224654908026
5,k,97,1.374642252922058,0.8788919423236052,1.1289224654908026
5,k,98,1.421008825302124,0.8788919423236052,1.1289224654908026
5,k,99,1.4611986875534058,0.8788919423236052,1.1289224654908026
5,k,100,1.5065990686416626,0.8788919423236052,1.1289224654908026
5,k,101,1.546299695968628,0.8788919423236052,1.1289224654908026
5,k,102,1.6059582233428955,0.8788919423236052,1.1289224654908026
5,k,103,1.7144545316696167,0.8788919423236052,1.1289224654908026
5,k,104,1.7575585842132568,0.8788919423236052,1.1289224654908026
5,k,105,1.8428874015808105,0.8788919423236052,1.1289224654908026
5,k,106,1.9206147193908691,0.8788919423236052,1.1289224654908026
5,k,107,2.0640735626220703,0.8788919423236052,1.1289224654908026
5,k,108,2.1346681118011475,0.8788919423236052,1.1289224654908026
5,k,109,2.167736053466797,0.8788919423236052,1.1289224654908026
5,k,110,2.394940137863159,0.8788919423236052,1.1289224654908026
5,k,111,2.4548113346099854,0.8788919423236052,1.1289224654908026
5,k,112,2.589613199234009,0.8788919423236052,1.1289224654908026
5,k,113,2.7816877365112305,0.8788919423236052,1.1289224654908026
5,k,114,2.8641598224639893,0.8788919423236052,1.1289224654908026
5,k,115,2.9799439907073975,0.8788919423236052,1.1289224654908026
5,k,116,3.0839271545410156,0.8788919423236052,1.1289224654908026
5,k,117,3.167715549468994,0.8788919423236052,1.1289224654908026
5,k,118,3.3496854305267334,0.8788919423236052,1.1289224654908026
5,k,119,3.4469261169433594,0.8788919423236052,1.1289224654908026
5,k,120,3.603419065475464,0.8788919423236052,1.1289224654908026
5,k,121,4.021230697631836,0.8788919423236052,1.1289224654908026
5,k,122,4.29079532623291,0.8788919423236052,1.1289224654908026
5,k,123,4.576735973358154,0.8788919423236052,1.1289224654908026
5,k,124,4.705027103424072,0.8788919423236052,1.1289224654908026
5,k,125,6.810250282287598,0.8788919423236052,1.1289224654908026
5,k,126,6.885530948638916,0.8788919423236052,1.1289224654908026
5,k,127,7.233779430389404,0.8788919423236052,1.1289224654908026
6,q,0,0.000952780363149941,0.8788919423236052,1.1289224654908026
6,q,1,0.001260046730749309,0.8788919423236052,1.1289224654908026
6,q,2,0.0015143017517402768,0.8788919423236052,1.1289224654908026
6,q,3,0.0024953996762633324,0.8788919423236052,1.1289224654908026
6,q,4,0.0027026503812521696,0.8788919423236052,1.1289224654908026
6,q,5,0.0032469930592924356,0.8788919423236052,1.1289224654908026
6,q,6,0.003608306869864464,0.8788919423236052,1.1289224654908026
6,q,7,0.00434349337592721,0.8788919423236052,1.1289224654908026
6,q,8,0.004909925162792206,0.8788919423236052,1.1289224654908026
6,q,9,0.005598864052444696,0.8788919423236052,1.1289224654908026
6,q,10,0.007125094532966614,0.8788919423236052,1.1289224654908026
6,q,11,0.010289537720382214,0.8788919423236052,1.1289224654908026
6,q,12,0.010684389621019363,0.8788919423236052,1.1289224654908026
6,q,13,0.014468549750745296,0.8788919423236052,1.1289224654908026
6,q,14,0.016660790890455246,0.8788919423236052,1.1289224654908026
6,q,15,0.019035931676626205,0.8788919423236052,1.1289224654908026
6,q,16,0.0204444732517004,0.8788919423236052,1.1289224654908026
6,q,17,0.02137022279202938,0.8788919423236052,1.1289224654908026
6,q,18,0.024334566667675972,0.8788919423236052,1.1289224654908026
6,q,19,0.028443554416298866,0.8788919423236052,1.1289224654908026
6,q,20,0.02963653951883316,0.8788919423236052,1.1289224654908026
6,q,21,0.03179048001766205,0.8788919423236052,1.1289224654908026
6,q,22,0.034424036741256714,0.8788919423236052,1.1289224654908026
6,q,23,0.04137103259563446,0.8788919423236052,1.1289224654908026
6,q,24,0.04386179521679878,0.8788919423236052,1.1289224654908026
6,q,25,0.04534825682640076,0.8788919423236052,1.1289224654908026
6,q,26,0.05351055786013603,0.8788919423236052,1.1289224654908026
6,q,27,0.058115698397159576,0.8788919423236052,1.1289224654908026
6,q,28,0.06205619126558304,0.8788919423236052,1.1289224654908026
6,q,29,0.06300999969244003,0.8788919423236052,1.1289224654908026
6,q,30,0.06678511947393417,0.8788919423236052,1.1289224654908026
6,q,31,0.07609584182500839,0.8788919423236052,1.1289224654908026
6,q,32,0.07835005968809128,0.8788919423236052,1.1289224654908026
6,q,33,0.08343411982059479,0.8788919423236052,1.1289224654908026
6,q,34,0.09131769835948944,0.8788919423236052,1.1289224654908026
6,q,35,0.0987778753042221,0.8788919423236052,1.1289224654908026
6,q,36,0.10079136490821838,0.8788919423236052,1.1289224654908026
6,q,37,0.11049077659845352,0.8788919423236052,1.1289224654908026
6,q,38,0.11264223605394363,0.8788919423236052,1.1289224654908026
6,q,39,0.1242656409740448,0.8788919423236052,1.1289224654908026
6,q,40,0.128315731883049,0.8788919423236052,1.1289224654908026
6,q,41,0.13523313403129578,0.8788919423236052,1.1289224654908026
6,q,42,0.1434028595685959,0.8788919423236052,1.1289224654908026
6,q,43,0.147917702794075,0.8788919423236052,1.1289224654908026
6,q,44,0.15464965999126434,0.8788919423236052,1.1289224654908026
6,q,45,0.1752050817012787,0.8788919423236052,1.1289224654908026
6,q,46,0.1794857680797577,0.8788919423236052,1.1289224654908026
6,q,47,0.18881075084209442,0.8788919423236052,1.1289224654908026
6,q,48,0.1937510222196579,0.8788919423236052,1.1289224654908026
6,q,49,0.20350968837738037,0.8788919423236052,1.1289224654908026
6,q,50,0.22251054644584656,0.8788919423236052,1.1289224654908026
6,q,51,0.2272333949804306,0.8788919423236052,1.1289224654908026
6,q,52,0.23330920934677124,0.8788919423236052,1.1289224654908026
6,q,53,0.24985434114933014,0.8788919423236052,1.1289224654908026
6,q,54,0.2716056704521179,0.8788919423236052,1.1289224654908026
6,q,55,0.27646514773368835,0.8788919423236052,1.1289224654908026
6,q,56,0.2894848585128784,0.8788919423236052,1.1289224654908026
6,q,57,0.30441123247146606,0.8788919423236052,1.1289224654908026
6,q,58,0.30868199467658997,0.8788919423236052,1.1289224654908026
6,q,59,0.32458654046058655,0.8788919423236052,1.1289224654908026
6,q,60,0.32677140831947327,0.8788919423236052,1.1289224654908026
6,q,61,0.3643724322319031,0.8788919423236052,1.1289224654908026
6,q,62,0.3805651366710663,0.8788919423236052,1.1289224654908026
6,q,63,0.4080789089202881,0.8788919423236052,1.1289224654908026
6,q,64,0.4185209572315216,0.8788919423236052,1.1289224654908026
6,q,65,0.43214869499206543,0.8788919423236052,1.1289224654908026
6,q,66,0.4758189618587494,0.8788919423236052,1.1289224654908026
6,q,67,0.4908124506473541,0.8788919423236052,1.1289224654908026
6,q,68,0.506675124168396,0.8788919423236052,1.1289224654908026
6,q,69,0.5316629409790039,0.8788919423236052,1.1289224654908026
6,q,70,0.5497878789901733,0.8788919423236052,1.1289224654908026
6,q,71,0.602605938911438,0.8788919423236052,1.1289224654908026
6,q,72,0.6060413718223572,0.8788919423236052,1.1289224654908026
6,q,73,0.6376118063926697,0.8788919423236052,1.1289224654908026
6,q,74,0.651378870010376,0.8788919423236052,1.1289224654908026
6,q,75,0.6653876900672913,0.8788919423236052,1.1289224654908026
6,q,76,0.6959689259529114,0.8788919423236052,1.1289224654908026
6,q,77,0.7735991477966309,0.8788919423236052,1.1289224654908026
6,q,78,0.7905832529067993,0.8788919423236052,1.1289224654908026
6,q,79,0.8031919002532959,0.8788919423236052,1.1289224654908026
6,q,80,0.840462863445282,0.8788919423236052,1.1289224654908026
6,q,81,0.8490030169487,0.8788919423236052,1.1289224654908026
6,q,82,0.8611240983009338,0.8788919423236052,1.1289224654908026
6,q,83,0.8729497194290161,0.8788919423236052,1.1289224654908026
6,q,84,0.8747220635414124,0.8788919423236052,1.1289224654908026
6,q,85,0.8908668756484985,0.8788919423236052,1.1289224654908026
6,q,86,0.9161461591720581,0.8788919423236052,1.1289224654908026
6,q,87,0.9325294494628906,0.8788919423236052,1.1289224654908026
6,q,88,0.9633448719978333,0.8788919423236052,1.1289224654908026
6,q,89,1.0059608221054077,0.8788919423236052,1.1289224654908026
6,q,90,1.0166397094726562,0.8788919423236052,1.1289224654908026
6,q,91,1.0319278240203857,0.8788919423236052,1.1289224654908026
6,q,92,1.0503913164138794,0.8788919423236052,1.1289224654908026
6,q,93,1.0827120542526245,0.8788919423236052,1.1289224654908026
6,q,94,1.1017684936523438,0.8788919423236052,1.1289224654908026
6,q,95,1.112831950187683,0.8788919423236052,1.1289224654908026
6,q,96,1.1393054723739624,0.8788919423236052,1.1289224654908026
6,q,97,1.2558155059814453,0.8788919423236052,1.1289224654908026
6,q,98,1.2850903272628784,0.8788919423236052,1.1289224654908026
6,q,99,1.2901097536087036,0.8788919423236052,1.1289224654908026
6,q,100,1.3008203506469727,0.8788919423236052,1.1289224654908026
6,q,101,1.3743736743927002,0.8788919423236052,1.1289224654908026
6,q,102,1.3952556848526,0.8788919423236052,1.1289224654908026
6,q,103,1.4005831480026245,0.8788919423236052,1.1289224654908026
6,q,104,1.4345088005065918,0.8788919423236052,1.1289224654908026
6,q,105,1.5267187356948853,0.8788919423236052,1.1289224654908026
6,q,106,1.576708197593689,0.8788919423236052,1.1289224654908026
6,q,107,1.7910912036895752,0.8788919423236052,1.1289224654908026
6,q,108,2.124462604522705,0.8788919423236052,1.1289224654908026
6,q,109,2.1961910724639893,0.8788919423236052,1.1289224654908026
6,q,110,2.234016180038452,0.8788919423236052,1.1289224654908026
6,q,111,2.2761616706848145,0.8788919423236052,1.1289224654908026
6,q,112,2.4675657749176025,0.8788919423236052,1.1289224654908026
6,q,113,2.612092971801758,0.8788919423236052,1.1289224654908026
6,q,114,2.774489402770996,0.8788919423236052,1.1289224654908026
6,q,115,2.8605358600616455,0.8788919423236052,1.1289224654908026
6,q,116,3.206115961074829,0.8788919423236052,1.1289224654908026
6,q,117,3.3764193058013916,0.8788919423236052,1.1289224654908026
6,q,118,3.5334815979003906,0.8788919423236052,1.1289224654908026
6,q,119,3.6781837940216064,0.8788919423236052,1.1289224654908026
6,q,120,3.832582712173462,0.8788919423236052,1.1289224654908026
6,q,121,4.238491058349609,0.8788919423236052,1.1289224654908026
6,q,122,5.031045913696289,0.8788919423236052,1.1289224654908026
6,q,123,5.3243727684021,0.8788919423236052,1.1289224654908026
6,q,124,5.773368835449219,0.8788919423236052,1.1289224654908026
6,q,125,5.835117816925049,0.8788919423236052,1.1289224654908026
6,q,126,6.900762557983398,0.8788919423236052,1.1289224654908026
6,q,127,8.475118637084961,0.8788919423236052,1.1289224654908026
6,k,0,0.0009155324078164995,0.8788919423236052,1.1289224654908026
6,k,1,0.0013311459915712476,0.8788919423236052,1.1289224654908026
6,k,2,0.001466069370508194,0.8788919423236052,1.1289224654908026
6,k,3,0.0018028834601864219,0.8788919423236052,1.1289224654908026
6,k,4,0.002036235062405467,0.8788919423236052,1.1289224654908026
6,k,5,0.0026602891739457846,0.8788919423236052,1.1289224654908026
6,k,6,0.0034952955320477486,0.8788919423236052,1.1289224654908026
6,k,7,0.00395027082413435,0.8788919423236052,1.1289224654908026
6,k,8,0.004732158966362476,0.8788919423236052,1.1289224654908026
6,k,9,0.005910373758524656,0.8788919423236052,1.1289224654908026
6,k,10,0.006992144975811243,0.8788919423236052,1.1289224654908026
6,k,11,0.007508426904678345,0.8788919423236052,1.1289224654908026
6,k,12,0.008313153870403767,0.8788919423236052,1.1289224654908026
6,k,13,0.009423435665667057,0.8788919423236052,1.1289224654908026
6,k,14,0.010202739387750626,0.8788919423236052,1.1289224654908026
6,k,15,0.012175977230072021,0.8788919423236052,1.1289224654908026
6,k,16,0.013051720336079597,0.8788919423236052,1.1289224654908026
6,k,17,0.014299318194389343,0.8788919423236052,1.1289224654908026
6,k,18,0.015105174854397774,0.8788919423236052,1.1289224654908026
6,k,19,0.016540806740522385,0.8788919423236052,1.1289224654908026
6,k,20,0.01788374036550522,0.8788919423236052,1.1289224654908026
6,k,21,0.019150618463754654,0.8788919423236052,1.1289224654908026
6,k,22,0.021063411608338356,0.8788919423236052,1.1289224654908026
6,k,23,0.02195816859602928,0.8788919423236052,1.1289224654908026
6,k,24,0.024362673982977867,0.8788919423236052,1.1289224654908026
6,k,25,0.02742265909910202,0.8788919423236052,1.1289224654908026
6,k,26,0.02858782187104225,0.8788919423236052,1.1289224654908026
6,k,27,0.03124411404132843,0.8788919423236052,1.1289224654908026
6,k,28,0.033410314470529556,0.8788919423236052,1.1289224654908026
6,k,29,0.035684216767549515,0.8788919423236052,1.1289224654908026
6,k,30,0.03796863183379173,0.8788919423236052,1.1289224654908026
6,k,31,0.0402354933321476,0.8788919423236052,1.1289224654908026
6,k,32,0.040742017328739166,0.8788919423236052,1.1289224654908026
6,k,33,0.04474993795156479,0.8788919423236052,1.1289224654908026
6,k,34,0.047603532671928406,0.8788919423236052,1.1289224654908026
6,k,35,0.04822513088583946,0.8788919423236052,1.1289224654908026
6,k,36,0.055682115256786346,0.8788919423236052,1.1289224654908026
6,k,37,0.06438764184713364,0.8788919423236052,1.1289224654908026
6,k,38,0.0692698284983635,0.8788919423236052,1.1289224654908026
6,k,39,0.07175014913082123,0.8788919423236052,1.1289224654908026
6,k,40,0.07555461674928665,0.8788919423236052,1.1289224654908026
6,k,41,0.08006712794303894,0.8788919423236052,1.1289224654908026
6,k,42,0.08273731917142868,0.8788919423236052,1.1289224654908026
6,k,43,0.08413981646299362,0.8788919423236052,1.1289224654908026
6,k,44,0.09187981486320496,0.8788919423236052,1.1289224654908026
6,k,45,0.09414467960596085,0.8788919423236052,1.1289224654908026
6,k,46,0.09644069522619247,0.8788919423236052,1.1289224654908026
6,k,47,0.11260534822940826,0.8788919423236052,1.1289224654908026
6,k,48,0.1213313415646553,0.8788919423236052,1.1289224654908026
6,k,49,0.1257028430700302,0.8788919423236052,1.1289224654908026
6,k,50,0.1410522758960724,0.8788919423236052,1.1289224654908026
6,k,51,0.14887450635433197,0.8788919423236052,1.1289224654908026
6,k,52,0.1833481639623642,0.8788919423236052,1.1289224654908026
6,k,53,0.20268507301807404,0.8788919423236052,1.1289224654908026
6,k,54,0.220060795545578,0.8788919423236052,1.1289224654908026
6,k,55,0.23613059520721436,0.8788919423236052,1.1289224654908026
6,k,56,0.2407791167497635,0.8788919423236052,1.1289224654908026
6,k,57,0.2745901942253113,0.8788919423236052,1.1289224654908026
6,k,58,0.2984394133090973,0.8788919423236052,1.1289224654908026
6,k,59,0.3072897791862488,0.8788919423236052,1.1289224654908026
6,k,60,0.3275625705718994,0.8788919423236052,1.1289224654908026
6,k,61,0.3859259784221649,0.8788919423236052,1.1289224654908026
6,k,62,0.3966979682445526,0.8788919423236052,1.1289224654908026
6,k,63,0.43433406949043274,0.8788919423236052,1.1289224654908026
6,k,64,0.4750584661960602,0.8788919423236052,1.1289224654908026
6,k,65,0.5033791661262512,0.8788919423236052,1.1289224654908026
6,k,66,0.5551025867462158,0.8788919423236052,1.1289224654908026
6,k,67,0.5739104151725769,0.8788919423236052,1.1289224654908026
6,k,68,0.5765779614448547,0.8788919423236052,1.1289224654908026
6,k,69,0.5971031785011292,0.8788919423236052,1.1289224654908026
6,k,70,0.6320934295654297,0.8788919423236052,1.1289224654908026
6,k,71,0.7074766159057617,0.8788919423236052,1.1289224654908026
6,k,72,0.7548516988754272,0.8788919423236052,1.1289224654908026
6,k,73,0.7726309895515442,0.8788919423236052,1.1289224654908026
6,k,74,0.8002762198448181,0.8788919423236052,1.1289224654908026
6,k,75,0.8251993656158447,0.8788919423236052,1.1289224654908026
6,k,76,0.8541621565818787,0.8788919423236052,1.1289224654908026
6,k,77,0.8651696443557739,0.8788919423236052,1.1289224654908026
6,k,78,0.8760130405426025,0.8788919423236052,1.1289224654908026
6,k,79,0.8992973566055298,0.8788919423236052,1.1289224654908026
6,k,80,0.9313569664955139,0.8788919423236052,1.1289224654908026
6,k,81,0.943188488483429,0.8788919423236052,1.1289224654908026
6,k,82,0.9680989980697632,0.8788919423236052,1.1289224654908026
6,k,83,1.003562092781067,0.8788919423236052,1.1289224654908026
6,k,84,1.009356141090393,0.8788919423236052,1.1289224654908026
6,k,85,1.0358052253723145,0.8788919423236052,1.1289224654908026
6,k,86,1.048160433769226,0.8788919423236052,1.1289224654908026
6,k,87,1.0739787817001343,0.8788919423236052,1.1289224654908026
6,k,88,1.0889068841934204,0.8788919423236052,1.1289224654908026
6,k,89,1.1228013038635254,0.8788919423236052,1.1289224654908026
6,k,90,1.1425021886825562,0.8788919423236052,1.1289224654908026
6,k,91,1.2142829895019531,0.8788919423236052,1.1289224654908026
6,k,92,1.2434085607528687,0.8788919423236052,1.1289224654908026
6,k,93,1.2809277772903442,0.8788919423236052,1.1289224654908026
6,k,94,1.304837703704834,0.8788919423236052,1.1289224654908026
6,k,95,1.3319334983825684,0.8788919423236052,1.1289224654908026
6,k,96,1.3726117610931396,0.8788919423236052,1.1289224654908026
6,k,97,1.3903933763504028,0.8788919423236052,1.1289224654908026
6,k,98,1.4150980710983276,0.8788919423236052,1.1289224654908026
6,k,99,1.4290486574172974,0.8788919423236052,1.1289224654908026
6,k,100,1.5003345012664795,0.8788919423236052,1.1289224654908026
6,k,101,1.5560580492019653,0.8788919423236052,1.1289224654908026
6,k,102,1.6813420057296753,0.8788919423236052,1.1289224654908026
6,k,103,1.7427736520767212,0.8788919423236052,1.1289224654908026
6,k,104,1.8907358646392822,0.8788919423236052,1.1289224654908026
6,k,105,1.9781066179275513,0.8788919423236052,1.1289224654908026
6,k,106,2.077946662902832,0.8788919423236052,1.1289224654908026
6,k,107,2.2320690155029297,0.8788919423236052,1.1289224654908026
6,k,108,2.366062641143799,0.8788919423236052,1.1289224654908026
6,k,109,2.4626412391662598,0.8788919423236052,1.1289224654908026
6,k,110,2.534647226333618,0.8788919423236052,1.1289224654908026
6,k,111,2.587512493133545,0.8788919423236052,1.1289224654908026
6,k,112,2.706371784210205,0.8788919423236052,1.1289224654908026
6,k,113,2.7659740447998047,0.8788919423236052,1.1289224654908026
6,k,114,2.8529889583587646,0.8788919423236052,1.1289224654908026
6,k,115,3.0279998779296875,0.8788919423236052,1.1289224654908026
6,k,116,3.1239349842071533,0.8788919423236052,1.1289224654908026
6,k,117,3.2525177001953125,0.8788919423236052,1.1289224654908026
6,k,118,3.4370713233947754,0.8788919423236052,1.1289224654908026
6,k,119,3.46547269821167,0.8788919423236052,1.1289224654908026
6,k,120,3.8310365676879883,0.8788919423236052,1.1289224654908026
6,k,121,4.12545108795166,0.8788919423236052,1.1289224654908026
6,k,122,4.263212203979492,0.8788919423236052,1.1289224654908026
6,k,123,4.534452438354492,0.8788919423236052,1.1289224654908026
6,k,124,4.825310707092285,0.8788919423236052,1.1289224654908026
6,k,125,5.081015586853027,0.8788919423236052,1.1289224654908026
6,k,126,5.566368103027344,0.8788919423236052,1.1289224654908026
6,k,127,6.230257034301758,0.8788919423236052,1.1289224654908026
7,q,0,0.000701307610142976,0.8788919423236052,1.1289224654908026
7,q,1,0.000836515857372433,0.8788919423236052,1.1289224654908026
7,q,2,0.001215154305100441,0.8788919423236052,1.1289224654908026
7,q,3,0.0021660837810486555,0.8788919423236052,1.1289224654908026
7,q,4,0.0028227048460394144,0.8788919423236052,1.1289224654908026
7,q,5,0.00323833292350173,0.8788919423236052,1.1289224654908026
7,q,6,0.00393248163163662,0.8788919423236052,1.1289224654908026
7,q,7,0.004509743303060532,0.8788919423236052,1.1289224654908026
7,q,8,0.005377809051424265,0.8788919423236052,1.1289224654908026
7,q,9,0.0063098701648414135,0.8788919423236052,1.1289224654908026
7,q,10,0.007091868668794632,0.8788919423236052,1.1289224654908026
7,q,11,0.007739107124507427,0.8788919423236052,1.1289224654908026
7,q,12,0.007916252128779888,0.8788919423236052,1.1289224654908026
7,q,13,0.010409582406282425,0.8788919423236052,1.1289224654908026
7,q,14,0.011130581609904766,0.8788919423236052,1.1289224654908026
7,q,15,0.012910550460219383,0.8788919423236052,1.1289224654908026
7,q,16,0.01625986024737358,0.8788919423236052,1.1289224654908026
7,q,17,0.01737114042043686,0.8788919423236052,1.1289224654908026
7,q,18,0.017837034538388252,0.8788919423236052,1.1289224654908026
7,q,19,0.019546033814549446,0.8788919423236052,1.1289224654908026
7,q,20,0.020808827131986618,0.8788919423236052,1.1289224654908026
7,q,21,0.02198375202715397,0.8788919423236052,1.1289224654908026
7,q,22,0.023997941985726357,0.8788919423236052,1.1289224654908026
7,q,23,0.02513735182583332,0.8788919423236052,1.1289224654908026
7,q,24,0.02746049501001835,0.8788919423236052,1.1289224654908026
7,q,25,0.029156092554330826,0.8788919423236052,1.1289224654908026
7,q,26,0.0346481129527092,0.8788919423236052,1.1289224654908026
7,q,27,0.0371021144092083,0.8788919423236052,1.1289224654908026
7,q,28,0.041318606585264206,0.8788919423236052,1.1289224654908026
7,q,29,0.042582977563142776,0.8788919423236052,1.1289224654908026
7,q,30,0.04466582462191582,0.8788919423236052,1.1289224654908026
7,q,31,0.04895154759287834,0.8788919423236052,1.1289224654908026
7,q,32,0.05008099600672722,0.8788919423236052,1.1289224654908026
7,q,33,0.05126195773482323,0.8788919423236052,1.1289224654908026
7,q,34,0.05798466503620148,0.8788919423236052,1.1289224654908026
7,q,35,0.06154072284698486,0.8788919423236052,1.1289224654908026
7,q,36,0.07088638097047806,0.8788919423236052,1.1289224654908026
7,q,37,0.07777070999145508,0.8788919423236052,1.1289224654908026
7,q,38,0.08078143745660782,0.8788919423236052,1.1289224654908026
7,q,39,0.0881756842136383,0.8788919423236052,1.1289224654908026
7,q,40,0.10083436220884323,0.8788919423236052,1.1289224654908026
7,q,41,0.1077168807387352,0.8788919423236052,1.1289224654908026
7,q,42,0.11497713625431061,0.8788919423236052,1.1289224654908026
7,q,43,0.12056133896112442,0.8788919423236052,1.1289224654908026
7,q,44,0.13368287682533264,0.8788919423236052,1.1289224654908026
7,q,45,0.14577336609363556,0.8788919423236052,1.1289224654908026
7,q,46,0.15267260372638702,0.8788919423236052,1.1289224654908026
7,q,47,0.16510507464408875,0.8788919423236052,1.1289224654908026
7,q,48,0.17129376530647278,0.8788919423236052,1.1289224654908026
7,q,49,0.1896722912788391,0.8788919423236052,1.1289224654908026
7,q,50,0.19474606215953827,0.8788919423236052,1.1289224654908026
7,q,51,0.20042790472507477,0.8788919423236052,1.1289224654908026
7,q,52,0.21055501699447632,0.8788919423236052,1.1289224654908026
7,q,53,0.22517454624176025,0.8788919423236052,1.1289224654908026
7,q,54,0.24685488641262054,0.8788919423236052,1.1289224654908026
7,q,55,0.25749725103378296,0.8788919423236052,1.1289224654908026
7,q,56,0.29272300004959106,0.8788919423236052,1.1289224654908026
7,q,57,0.3222976624965668,0.8788919423236052,1.1289224654908026
7,q,58,0.3369849920272827,0.8788919423236052,1.1289224654908026
7,q,59,0.3406481146812439,0.8788919423236052,1.1289224654908026
7,q,60,0.39938342571258545,0.8788919423236052,1.1289224654908026
7,q,61,0.4150274097919464,0.8788919423236052,1.1289224654908026
7,q,62,0.4406416118144989,0.8788919423236052,1.1289224654908026
7,q,63,0.4442960023880005,0.8788919423236052,1.1289224654908026
7,q,64,0.4777013063430786,0.8788919423236052,1.1289224654908026
7,q,65,0.5187752842903137,0.8788919423236052,1.1289224654908026
7,q,66,0.5478750467300415,0.8788919423236052,1.1289224654908026
7,q,67,0.5649587512016296,0.8788919423236052,1.1289224654908026
7,q,68,0.5759690999984741,0.8788919423236052,1.1289224654908026
7,q,69,0.6217406988143921,0.8788919423236052,1.1289224654908026
7,q,70,0.6333544850349426,0.8788919423236052,1.1289224654908026
7,q,71,0.662878155708313,0.8788919423236052,1.1289224654908026
7,q,72,0.6920198202133179,0.8788919423236052,1.1289224654908026
7,q,73,0.7085988521575928,0.8788919423236052,1.1289224654908026
7,q,74,0.7522425055503845,0.8788919423236052,1.1289224654908026
7,q,75,0.7865988612174988,0.8788919423236052,1.1289224654908026
7,q,76,0.788684070110321,0.8788919423236052,1.1289224654908026
7,q,77,0.8107720017433167,0.8788919423236052,1.1289224654908026
7,q,78,0.8247836828231812,0.8788919423236052,1.1289224654908026
7,q,79,0.8528979420661926,0.8788919423236052,1.1289224654908026
7,q,80,0.8583323955535889,0.8788919423236052,1.1289224654908026
7,q,81,0.8683412075042725,0.8788919423236052,1.1289224654908026
7,q,82,0.8877532482147217,0.8788919423236052,1.1289224654908026
7,q,83,0.9016798734664917,0.8788919423236052,1.1289224654908026
7,q,84,0.9066612720489502,0.8788919423236052,1.1289224654908026
7,q,85,0.950842559337616,0.8788919423236052,1.1289224654908026
7,q,86,0.9646665453910828,0.8788919423236052,1.1289224654908026
7,q,87,1.000928282737732,0.8788919423236052,1.1289224654908026
7,q,88,1.0213134288787842,0.8788919423236052,1.1289224654908026
7,q,89,1.0298981666564941,0.8788919423236052,1.1289224654908026
7,q,90,1.0539195537567139,0.8788919423236052,1.1289224654908026
7,q,91,1.0851153135299683,0.8788919423236052,1.1289224654908026
7,q,92,1.0894989967346191,0.8788919423236052,1.1289224654908026
7,q,93,1.1326382160186768,0.8788919423236052,1.1289224654908026
7,q,94,1.177951693534851,0.8788919423236052,1.1289224654908026
7,q,95,1.2432540655136108,0.8788919423236052,1.1289224654908026
7,q,96,1.2571313381195068,0.8788919423236052,1.1289224654908026
7,q,97,1.3037304878234863,0.8788919423236052,1.1289224654908026
7,q,98,1.3200337886810303,0.8788919423236052,1.1289224654908026
7,q,99,1.3575254678726196,0.8788919423236052,1.1289224654908026
7,q,100,1.425250768661499,0.8788919423236052,1.1289224654908026
7,q,101,1.4595520496368408,0.8788919423236052,1.1289224654908026
7,q,102,1.4981218576431274,0.8788919423236052,1.1289224654908026
7,q,103,1.5357517004013062,0.8788919423236052,1.1289224654908026
7,q,104,1.567563533782959,0.8788919423236052,1.1289224654908026
7,q,105,1.616260290145874,0.8788919423236052,1.1289224654908026
7,q,106,1.7040276527404785,0.8788919423236052,1.1289224654908026
7,q,107,1.7865793704986572,0.8788919423236052,1.1289224654908026
7,q,108,1.846062421798706,0.8788919423236052,1.1289224654908026
7,q,109,1.9541940689086914,0.8788919423236052,1.1289224654908026
7,q,110,2.114213466644287,0.8788919423236052,1.1289224654908026
7,q,111,2.2299258708953857,0.8788919423236052,1.1289224654908026
7,q,112,2.3052361011505127,0.8788919423236052,1.1289224654908026
7,q,113,2.407335042953491,0.8788919423236052,1.1289224654908026
7,q,114,2.431166887283325,0.8788919423236052,1.1289224654908026
7,q,115,2.611966609954834,0.8788919423236052,1.1289224654908026
7,q,116,2.6578426361083984,0.8788919423236052,1.1289224654908026
7,q,117,2.8889591693878174,0.8788919423236052,1.1289224654908026
7,q,118,2.9356794357299805,0.8788919423236052,1.1289224654908026
7,q,119,2.994847297668457,0.8788919423236052,1.1289224654908026
7,q,120,3.509667158126831,0.8788919423236052,1.1289224654908026
7,q,121,3.934843063354492,0.8788919423236052,1.1289224654908026
7,q,122,4.143253803253174,0.8788919423236052,1.1289224654908026
7,q,123,4.353130340576172,0.8788919423236052,1.1289224654908026
7,q,124,4.582640647888184,0.8788919423236052,1.1289224654908026
7,q,125,6.014865875244141,0.8788919423236052,1.1289224654908026
7,q,126,8.791659355163574,0.8788919423236052,1.1289224654908026
7,q,127,11.64708137512207,0.8788919423236052,1.1289224654908026
7,k,0,0.0007494608871638775,0.8788919423236052,1.1289224654908026
7,k,1,0.0012588200625032187,0.8788919423236052,1.1289224654908026
7,k,2,0.0015815807273611426,0.8788919423236052,1.1289224654908026
7,k,3,0.0022476366721093655,0.8788919423236052,1.1289224654908026
7,k,4,0.0028572585433721542,0.8788919423236052,1.1289224654908026
7,k,5,0.003193116979673505,0.8788919423236052,1.1289224654908026
7,k,6,0.004880034830421209,0.8788919423236052,1.1289224654908026
7,k,7,0.0051876092329621315,0.8788919423236052,1.1289224654908026
7,k,8,0.006391497328877449,0.8788919423236052,1.1289224654908026
7,k,9,0.007333357818424702,0.8788919423236052,1.1289224654908026
7,k,10,0.00877348892390728,0.8788919423236052,1.1289224654908026
7,k,11,0.009083021432161331,0.8788919423236052,1.1289224654908026
7,k,12,0.009911681525409222,0.8788919423236052,1.1289224654908026
7,k,13,0.011793939396739006,0.8788919423236052,1.1289224654908026
7,k,14,0.012112686410546303,0.8788919423236052,1.1289224654908026
7,k,15,0.013908222317695618,0.8788919423236052,1.1289224654908026
7,k,16,0.015240919776260853,0.8788919423236052,1.1289224654908026
7,k,17,0.016819830983877182,0.8788919423236052,1.1289224654908026
7,k,18,0.017746467143297195,0.8788919423236052,1.1289224654908026
7,k,19,0.018768325448036194,0.8788919423236052,1.1289224654908026
7,k,20,0.020395444706082344,0.8788919423236052,1.1289224654908026
7,k,21,0.022884028032422066,0.8788919423236052,1.1289224654908026
7,k,22,0.023348867893218994,0.8788919423236052,1.1289224654908026
7,k,23,0.025446316227316856,0.8788919423236052,1.1289224654908026
7,k,24,0.028089702129364014,0.8788919423236052,1.1289224654908026
7,k,25,0.030163519084453583,0.8788919423236052,1.1289224654908026
7,k,26,0.03109470009803772,0.8788919423236052,1.1289224654908026
7,k,27,0.03241022303700447,0.8788919423236052,1.1289224654908026
7,k,28,0.03361908346414566,0.8788919423236052,1.1289224654908026
7,k,29,0.03570900112390518,0.8788919423236052,1.1289224654908026
7,k,30,0.03802628815174103,0.8788919423236052,1.1289224654908026
7,k,31,0.04029756411910057,0.8788919423236052,1.1289224654908026
7,k,32,0.04367651790380478,0.8788919423236052,1.1289224654908026
7,k,33,0.04675043746829033,0.8788919423236052,1.1289224654908026
7,k,34,0.05145648121833801,0.8788919423236052,1.1289224654908026
7,k,35,0.056160490959882736,0.8788919423236052,1.1289224654908026
7,k,36,0.06372372806072235,0.8788919423236052,1.1289224654908026
7,k,37,0.07010965049266815,0.8788919423236052,1.1289224654908026
7,k,38,0.07607292383909225,0.8788919423236052,1.1289224654908026
7,k,39,0.07931414246559143,0.8788919423236052,1.1289224654908026
7,k,40,0.08279687166213989,0.8788919423236052,1.1289224654908026
7,k,41,0.08716578781604767,0.8788919423236052,1.1289224654908026
7,k,42,0.09264528751373291,0.8788919423236052,1.1289224654908026
7,k,43,0.0940190851688385,0.8788919423236052,1.1289224654908026
7,k,44,0.10657426714897156,0.8788919423236052,1.1289224654908026
7,k,45,0.11208687722682953,0.8788919423236052,1.1289224654908026
7,k,46,0.12403298169374466,0.8788919423236052,1.1289224654908026
7,k,47,0.13136497139930725,0.8788919423236052,1.1289224654908026
7,k,48,0.13641391694545746,0.8788919423236052,1.1289224654908026
7,k,49,0.1487310379743576,0.8788919423236052,1.1289224654908026
7,k,50,0.15474355220794678,0.8788919423236052,1.1289224654908026
7,k,51,0.16193053126335144,0.8788919423236052,1.1289224654908026
7,k,52,0.18671277165412903,0.8788919423236052,1.1289224654908026
7,k,53,0.2051720768213272,0.8788919423236052,1.1289224654908026
7,k,54,0.2201675921678543,0.8788919423236052,1.1289224654908026
7,k,55,0.22520065307617188,0.8788919423236052,1.1289224654908026
7,k,56,0.2461993545293808,0.8788919423236052,1.1289224654908026
7,k,57,0.2713915705680847,0.8788919423236052,1.1289224654908026
7,k,58,0.2755562365055084,0.8788919423236052,1.1289224654908026
7,k,59,0.3043433427810669,0.8788919423236052,1.1289224654908026
7,k,60,0.3150738775730133,0.8788919423236052,1.1289224654908026
7,k,61,0.33815959095954895,0.8788919423236052,1.1289224654908026
7,k,62,0.3609295189380646,0.8788919423236052,1.1289224654908026
7,k,63,0.4113923907279968,0.8788919423236052,1.1289224654908026
7,k,64,0.46063926815986633,0.8788919423236052,1.1289224654908026
7,k,65,0.48665547370910645,0.8788919423236052,1.1289224654908026
7,k,66,0.5125967264175415,0.8788919423236052,1.1289224654908026
7,k,67,0.5344597697257996,0.8788919423236052,1.1289224654908026
7,k,68,0.5604867339134216,0.8788919423236052,1.1289224654908026
7,k,69,0.5810889005661011,0.8788919423236052,1.1289224654908026
7,k,70,0.5915436744689941,0.8788919423236052,1.1289224654908026
7,k,71,0.6378145217895508,0.8788919423236052,1.1289224654908026
7,k,72,0.664199709892273,0.8788919423236052,1.1289224654908026
7,k,73,0.7221862077713013,0.8788919423236052,1.1289224654908026
7,k,74,0.7661017179489136,0.8788919423236052,1.1289224654908026
7,k,75,0.8055457472801208,0.8788919423236052,1.1289224654908026
7,k,76,0.8199028968811035,0.8788919423236052,1.1289224654908026
7,k,77,0.8415486216545105,0.8788919423236052,1.1289224654908026
7,k,78,0.8688556551933289,0.8788919423236052,1.1289224654908026
7,k,79,0.8735579252243042,0.8788919423236052,1.1289224654908026
7,k,80,0.8810819983482361,0.8788919423236052,1.1289224654908026
7,k,81,0.9008123278617859,0.8788919423236052,1.1289224654908026
7,k,82,0.9337128400802612,0.8788919423236052,1.1289224654908026
7,k,83,0.9461387991905212,0.8788919423236052,1.1289224654908026
7,k,84,0.9819089770317078,0.8788919423236052,1.1289224654908026
7,k,85,0.9980751276016235,0.8788919423236052,1.1289224654908026
7,k,86,1.0245978832244873,0.8788919423236052,1.1289224654908026
7,k,87,1.0335675477981567,0.8788919423236052,1.1289224654908026
7,k,88,1.0616344213485718,0.8788919423236052,1.1289224654908026
7,k,89,1.0942425727844238,0.8788919423236052,1.1289224654908026
7,k,90,1.1043622493743896,0.8788919423236052,1.1289224654908026
7,k,91,1.1173590421676636,0.8788919423236052,1.1289224654908026
7,k,92,1.217904806137085,0.8788919423236052,1.1289224654908026
7,k,93,1.2627193927764893,0.8788919423236052,1.1289224654908026
7,k,94,1.2818219661712646,0.8788919423236052,1.1289224654908026
7,k,95,1.2987076044082642,0.8788919423236052,1.1289224654908026
7,k,96,1.33059823513031,0.8788919423236052,1.1289224654908026
7,k,97,1.4069252014160156,0.8788919423236052,1.1289224654908026
7,k,98,1.4192911386489868,0.8788919423236052,1.1289224654908026
7,k,99,1.4438271522521973,0.8788919423236052,1.1289224654908026
7,k,100,1.4637364149093628,0.8788919423236052,1.1289224654908026
7,k,101,1.525155782699585,0.8788919423236052,1.1289224654908026
7,k,102,1.6693488359451294,0.8788919423236052,1.1289224654908026
7,k,103,1.677156686782837,0.8788919423236052,1.1289224654908026
7,k,104,1.7288167476654053,0.8788919423236052,1.1289224654908026
7,k,105,1.8023062944412231,0.8788919423236052,1.1289224654908026
7,k,106,1.9479676485061646,0.8788919423236052,1.1289224654908026
7,k,107,2.0487060546875,0.8788919423236052,1.1289224654908026
7,k,108,2.1712727546691895,0.8788919423236052,1.1289224654908026
7,k,109,2.3148112297058105,0.8788919423236052,1.1289224654908026
7,k,110,2.4268460273742676,0.8788919423236052,1.1289224654908026
7,k,111,2.534543991088867,0.8788919423236052,1.1289224654908026
7,k,112,2.6615917682647705,0.8788919423236052,1.1289224654908026
7,k,113,2.7006726264953613,0.8788919423236052,1.1289224654908026
7,k,114,2.8276329040527344,0.8788919423236052,1.1289224654908026
7,k,115,3.0195112228393555,0.8788919423236052,1.1289224654908026
7,k,116,3.207515239715576,0.8788919423236052,1.1289224654908026
7,k,117,3.322444200515747,0.8788919423236052,1.1289224654908026
7,k,118,3.397902011871338,0.8788919423236052,1.1289224654908026
7,k,119,3.4835734367370605,0.8788919423236052,1.1289224654908026
7,k,120,4.173320770263672,0.8788919423236052,1.1289224654908026
7,k,121,4.301761627197266,0.8788919423236052,1.1289224654908026
7,k,122,4.659150123596191,0.8788919423236052,1.1289224654908026
7,k,123,4.814095973968506,0.8788919423236052,1.1289224654908026
7,k,124,4.850305557250977,0.8788919423236052,1.1289224654908026
7,k,125,5.557126522064209,0.8788919423236052,1.1289224654908026
7,k,126,5.864210605621338,0.8788919423236052,1.1289224654908026
7,k,127,6.57455587387085,0.8788919423236052,1.1289224654908026
8,q,0,0.0012123846681788564,0.8788919423236052,1.1289224654908026
8,q,1,0.0013340325094759464,0.8788919423236052,1.1289224654908026
8,q,2,0.0019477319438010454,0.8788919423236052,1.1289224654908026
8,q,3,0.0029364018701016903,0.8788919423236052,1.1289224654908026
8,q,4,0.003430156037211418,0.8788919423236052,1.1289224654908026
8,q,5,0.004728279542177916,0.8788919423236052,1.1289224654908026
8,q,6,0.005023790057748556,0.8788919423236052,1.1289224654908026
8,q,7,0.005777355749160051,0.8788919423236052,1.1289224654908026
8,q,8,0.006455591414123774,0.8788919423236052,1.1289224654908026
8,q,9,0.006822468712925911,0.8788919423236052,1.1289224654908026
8,q,10,0.008175317198038101,0.8788919423236052,1.1289224654908026
8,q,11,0.008807085454463959,0.8788919423236052,1.1289224654908026
8,q,12,0.009699336253106594,0.8788919423236052,1.1289224654908026
8,q,13,0.011396514251828194,0.8788919423236052,1.1289224654908026
8,q,14,0.012494153343141079,0.8788919423236052,1.1289224654908026
8,q,15,0.014150399714708328,0.8788919423236052,1.1289224654908026
8,q,16,0.015240445733070374,0.8788919423236052,1.1289224654908026
8,q,17,0.015845870599150658,0.8788919423236052,1.1289224654908026
8,q,18,0.017048129811882973,0.8788919423236052,1.1289224654908026
8,q,19,0.019979042932391167,0.8788919423236052,1.1289224654908026
8,q,20,0.020264606922864914,0.8788919423236052,1.1289224654908026
8,q,21,0.02093106508255005,0.8788919423236052,1.1289224654908026
8,q,22,0.02251620963215828,0.8788919423236052,1.1289224654908026
8,q,23,0.025601539760828018,0.8788919423236052,1.1289224654908026
8,q,24,0.02744334377348423,0.8788919423236052,1.1289224654908026
8,q,25,0.027856191620230675,0.8788919423236052,1.1289224654908026
8,q,26,0.029689909890294075,0.8788919423236052,1.1289224654908026
8,q,27,0.03311118111014366,0.8788919423236052,1.1289224654908026
8,q,28,0.034438975155353546,0.8788919423236052,1.1289224654908026
8,q,29,0.037991564720869064,0.8788919423236052,1.1289224654908026
8,q,30,0.045432645827531815,0.8788919423236052,1.1289224654908026
8,q,31,0.049037203192710876,0.8788919423236052,1.1289224654908026
8,q,32,0.050381410866975784,0.8788919423236052,1.1289224654908026
8,q,33,0.05534899979829788,0.8788919423236052,1.1289224654908026
8,q,34,0.060755327343940735,0.8788919423236052,1.1289224654908026
8,q,35,0.0720299556851387,0.8788919423236052,1.1289224654908026
8,q,36,0.07830682396888733,0.8788919423236052,1.1289224654908026
8,q,37,0.0824737548828125,0.8788919423236052,1.1289224654908026
8,q,38,0.08434576541185379,0.8788919423236052,1.1289224654908026
8,q,39,0.09191282838582993,0.8788919423236052,1.1289224654908026
8,q,40,0.09756030887365341,0.8788919423236052,1.1289224654908026
8,q,41,0.1078106090426445,0.8788919423236052,1.1289224654908026
8,q,42,0.10998322069644928,0.8788919423236052,1.1289224654908026
8,q,43,0.12756527960300446,0.8788919423236052,1.1289224654908026
8,q,44,0.12976375222206116,0.8788919423236052,1.1289224654908026
8,q,45,0.14320310950279236,0.8788919423236052,1.1289224654908026
8,q,46,0.15179984271526337,0.8788919423236052,1.1289224654908026
8,q,47,0.16844891011714935,0.8788919423236052,1.1289224654908026
8,q,48,0.1815749704837799,0.8788919423236052,1.1289224654908026
8,q,49,0.18480777740478516,0.8788919423236052,1.1289224654908026
8,q,50,0.20339268445968628,0.8788919423236052,1.1289224654908026
8,q,51,0.21259930729866028,0.8788919423236052,1.1289224654908026
8,q,52,0.2222823053598404,0.8788919423236052,1.1289224654908026
8,q,53,0.24632889032363892,0.8788919423236052,1.1289224654908026
8,q,54,0.2743954062461853,0.8788919423236052,1.1289224654908026
8,q,55,0.28475379943847656,0.8788919423236052,1.1289224654908026
8,q,56,0.29987719655036926,0.8788919423236052,1.1289224654908026
8,q,57,0.31112149357795715,0.8788919423236052,1.1289224654908026
8,q,58,0.33167722821235657,0.8788919423236052,1.1289224654908026
8,q,59,0.36863166093826294,0.8788919423236052,1.1289224654908026
8,q,60,0.38957276940345764,0.8788919423236052,1.1289224654908026
8,q,61,0.39907944202423096,0.8788919423236052,1.1289224654908026
8,q,62,0.40816766023635864,0.8788919423236052,1.1289224654908026
8,q,63,0.4362054169178009,0.8788919423236052,1.1289224654908026
8,q,64,0.451874703168869,0.8788919423236052,1.1289224654908026
8,q,65,0.5070204138755798,0.8788919423236052,1.1289224654908026
8,q,66,0.5309699177742004,0.8788919423236052,1.1289224654908026
8,q,67,0.5548228621482849,0.8788919423236052,1.1289224654908026
8,q,68,0.5969813466072083,0.8788919423236052,1.1289224654908026
8,q,69,0.6249347925186157,0.8788919423236052,1.1289224654908026
8,q,70,0.632940411567688,0.8788919423236052,1.1289224654908026
8,q,71,0.6576541066169739,0.8788919423236052,1.1289224654908026
8,q,72,0.6735431551933289,0.8788919423236052,1.1289224654908026
8,q,73,0.7166301608085632,0.8788919423236052,1.1289224654908026
8,q,74,0.720463752746582,0.8788919423236052,1.1289224654908026
8,q,75,0.7791633605957031,0.8788919423236052,1.1289224654908026
8,q,76,0.7992725372314453,0.8788919423236052,1.1289224654908026
8,q,77,0.8295349478721619,0.8788919423236052,1.1289224654908026
8,q,78,0.849953293800354,0.8788919423236052,1.1289224654908026
8,q,79,0.8602350354194641,0.8788919423236052,1.1289224654908026
8,q,80,0.8631886839866638,0.8788919423236052,1.1289224654908026
8,q,81,0.8664642572402954,0.8788919423236052,1.1289224654908026
8,q,82,0.8713116645812988,0.8788919423236052,1.1289224654908026
8,q,83,0.9013492465019226,0.8788919423236052,1.1289224654908026
8,q,84,0.9209337830543518,0.8788919423236052,1.1289224654908026
8,q,85,0.9464130401611328,0.8788919423236052,1.1289224654908026
8,q,86,0.964673638343811,0.8788919423236052,1.1289224654908026
8,q,87,0.9885169267654419,0.8788919423236052,1.1289224654908026
8,q,88,1.0098074674606323,0.8788919423236052,1.1289224654908026
8,q,89,1.0275356769561768,0.8788919423236052,1.1289224654908026
8,q,90,1.0349130630493164,0.8788919423236052,1.1289224654908026
8,q,91,1.0614928007125854,0.8788919423236052,1.1289224654908026
8,q,92,1.0919698476791382,0.8788919423236052,1.1289224654908026
8,q,93,1.105716347694397,0.8788919423236052,1.1289224654908026
8,q,94,1.1239391565322876,0.8788919423236052,1.1289224654908026
8,q,95,1.2288265228271484,0.8788919423236052,1.1289224654908026
8,q,96,1.2378524541854858,0.8788919423236052,1.1289224654908026
8,q,97,1.2639678716659546,0.8788919423236052,1.1289224654908026
8,q,98,1.2997393608093262,0.8788919423236052,1.1289224654908026
8,q,99,1.310360074043274,0.8788919423236052,1.1289224654908026
8,q,100,1.3301329612731934,0.8788919423236052,1.1289224654908026
8,q,101,1.4515901803970337,0.8788919423236052,1.1289224654908026
8,q,102,1.4859106540679932,0.8788919423236052,1.1289224654908026
8,q,103,1.5187674760818481,0.8788919423236052,1.1289224654908026
8,q,104,1.57192862033844,0.8788919423236052,1.1289224654908026
8,q,105,1.6368098258972168,0.8788919423236052,1.1289224654908026
8,q,106,1.6573294401168823,0.8788919423236052,1.1289224654908026
8,q,107,1.8116600513458252,0.8788919423236052,1.1289224654908026
8,q,108,1.9188448190689087,0.8788919423236052,1.1289224654908026
8,q,109,1.9951683282852173,0.8788919423236052,1.1289224654908026
8,q,110,2.0419812202453613,0.8788919423236052,1.1289224654908026
8,q,111,2.1575231552124023,0.8788919423236052,1.1289224654908026
8,q,112,2.3476603031158447,0.8788919423236052,1.1289224654908026
8,q,113,2.4035212993621826,0.8788919423236052,1.1289224654908026
8,q,114,2.6894426345825195,0.8788919423236052,1.1289224654908026
8,q,115,2.8351547718048096,0.8788919423236052,1.1289224654908026
8,q,116,2.9489307403564453,0.8788919423236052,1.1289224654908026
8,q,117,2.9921622276306152,0.8788919423236052,1.1289224654908026
8,q,118,3.259584426879883,0.8788919423236052,1.1289224654908026
8,q,119,3.4052648544311523,0.8788919423236052,1.1289224654908026
8,q,120,3.6764814853668213,0.8788919423236052,1.1289224654908026
8,q,121,3.7694056034088135,0.8788919423236052,1.1289224654908026
8,q,122,4.916217803955078,0.8788919423236052,1.1289224654908026
8,q,123,5.091953754425049,0.8788919423236052,1.1289224654908026
8,q,124,5.217564582824707,0.8788919423236052,1.1289224654908026
8,q,125,6.152085304260254,0.8788919423236052,1.1289224654908026
8,q,126,7.206940650939941,0.8788919423236052,1.1289224654908026
8,q,127,9.695959091186523,0.8788919423236052,1.1289224654908026
8,k,0,0.001616533612832427,0.8788919423236052,1.1289224654908026
8,k,1,0.0026425765827298164,0.8788919423236052,1.1289224654908026
8,k,2,0.003002225188538432,0.8788919423236052,1.1289224654908026
8,k,3,0.0038245872128754854,0.8788919423236052,1.1289224654908026
8,k,4,0.00430138548836112,0.8788919423236052,1.1289224654908026
8,k,5,0.00476231100037694,0.8788919423236052,1.1289224654908026
8,k,6,0.00499041099101305,0.8788919423236052,1.1289224654908026
8,k,7,0.006326669827103615,0.8788919423236052,1.1289224654908026
8,k,8,0.008481268770992756,0.8788919423236052,1.1289224654908026
8,k,9,0.009751415811479092,0.8788919423236052,1.1289224654908026
8,k,10,0.01028927881270647,0.8788919423236052,1.1289224654908026
8,k,11,0.012314106337726116,0.8788919423236052,1.1289224654908026
8,k,12,0.01391879003494978,0.8788919423236052,1.1289224654908026
8,k,13,0.01578623056411743,0.8788919423236052,1.1289224654908026
8,k,14,0.018432285636663437,0.8788919423236052,1.1289224654908026
8,k,15,0.021706920117139816,0.8788919423236052,1.1289224654908026
8,k,16,0.022336384281516075,0.8788919423236052,1.1289224654908026
8,k,17,0.02648521214723587,0.8788919423236052,1.1289224654908026
8,k,18,0.030034231022000313,0.8788919423236052,1.1289224654908026
8,k,19,0.03180797025561333,0.8788919423236052,1.1289224654908026
8,k,20,0.036567531526088715,0.8788919423236052,1.1289224654908026
8,k,21,0.03886494040489197,0.8788919423236052,1.1289224654908026
8,k,22,0.04531988129019737,0.8788919423236052,1.1289224654908026
8,k,23,0.05596455559134483,0.8788919423236052,1.1289224654908026
8,k,24,0.05932120978832245,0.8788919423236052,1.1289224654908026
8,k,25,0.0648767277598381,0.8788919423236052,1.1289224654908026
8,k,26,0.07107630372047424,0.8788919423236052,1.1289224654908026
8,k,27,0.08084916323423386,0.8788919423236052,1.1289224654908026
8,k,28,0.0825059711933136,0.8788919423236052,1.1289224654908026
8,k,29,0.08743685483932495,0.8788919423236052,1.1289224654908026
8,k,30,0.09545539319515228,0.8788919423236052,1.1289224654908026
8,k,31,0.10232929140329361,0.8788919423236052,1.1289224654908026
8,k,32,0.10419071465730667,0.8788919423236052,1.1289224654908026
8,k,33,0.12187989801168442,0.8788919423236052,1.1289224654908026
8,k,34,0.13851121068000793,0.8788919423236052,1.1289224654908026
8,k,35,0.14525453746318817,0.8788919423236052,1.1289224654908026
8,k,36,0.15905939042568207,0.8788919423236052,1.1289224654908026
8,k,37,0.1667531430721283,0.8788919423236052,1.1289224654908026
8,k,38,0.18788111209869385,0.8788919423236052,1.1289224654908026
8,k,39,0.2025345265865326,0.8788919423236052,1.1289224654908026
8,k,40,0.2193734496831894,0.8788919423236052,1.1289224654908026
8,k,41,0.24290971457958221,0.8788919423236052,1.1289224654908026
8,k,42,0.24896396696567535,0.8788919423236052,1.1289224654908026
8,k,43,0.2610132694244385,0.8788919423236052,1.1289224654908026
8,k,44,0.26355817914009094,0.8788919423236052,1.1289224654908026
8,k,45,0.275197297334671,0.8788919423236052,1.1289224654908026
8,k,46,0.31047651171684265,0.8788919423236052,1.1289224654908026
8,k,47,0.3323215842247009,0.8788919423236052,1.1289224654908026
8,k,48,0.3531802296638489,0.8788919423236052,1.1289224654908026
8,k,49,0.3664318025112152,0.8788919423236052,1.1289224654908026
8,k,50,0.37209847569465637,0.8788919423236052,1.1289224654908026
8,k,51,0.3926157057285309,0.8788919423236052,1.1289224654908026
8,k,52,0.4115736186504364,0.8788919423236052,1.1289224654908026
8,k,53,0.4447031617164612,0.8788919423236052,1.1289224654908026
8,k,54,0.48303312063217163,0.8788919423236052,1.1289224654908026
8,k,55,0.48992684483528137,0.8788919423236052,1.1289224654908026
8,k,56,0.5058369040489197,0.8788919423236052,1.1289224654908026
8,k,57,0.5392130017280579,0.8788919423236052,1.1289224654908026
8,k,58,0.5814505815505981,0.8788919423236052,1.1289224654908026
8,k,59,0.6089649796485901,0.8788919423236052,1.1289224654908026
8,k,60,0.6257317662239075,0.8788919423236052,1.1289224654908026
8,k,61,0.6663602590560913,0.8788919423236052,1.1289224654908026
8,k,62,0.6936652064323425,0.8788919423236052,1.1289224654908026
8,k,63,0.7306929230690002,0.8788919423236052,1.1289224654908026
8,k,64,0.7544371485710144,0.8788919423236052,1.1289224654908026
8,k,65,0.7596263289451599,0.8788919423236052,1.1289224654908026
8,k,66,0.8067403435707092,0.8788919423236052,1.1289224654908026
8,k,67,0.8090308904647827,0.8788919423236052,1.1289224654908026
8,k,68,0.818619430065155,0.8788919423236052,1.1289224654908026
8,k,69,0.8405771851539612,0.8788919423236052,1.1289224654908026
8,k,70,0.8539100885391235,0.8788919423236052,1.1289224654908026
8,k,71,0.8864004611968994,0.8788919423236052,1.1289224654908026
8,k,72,0.8983404636383057,0.8788919423236052,1.1289224654908026
8,k,73,0.9157148003578186,0.8788919423236052,1.1289224654908026
8,k,74,0.9289073348045349,0.8788919423236052,1.1289224654908026
8,k,75,0.9382162094116211,0.8788919423236052,1.1289224654908026
8,k,76,0.9444408416748047,0.8788919423236052,1.1289224654908026
8,k,77,0.9511377215385437,0.8788919423236052,1.1289224654908026
8,k,78,0.953838586807251,0.8788919423236052,1.1289224654908026
8,k,79,0.9627110362052917,0.8788919423236052,1.1289224654908026
8,k,80,0.9739016890525818,0.8788919423236052,1.1289224654908026
8,k,81,0.979287326335907,0.8788919423236052,1.1289224654908026
8,k,82,0.9829879403114319,0.8788919423236052,1.1289224654908026
8,k,83,0.9975154995918274,0.8788919423236052,1.1289224654908026
8,k,84,1.000117301940918,0.8788919423236052,1.1289224654908026
8,k,85,1.0075668096542358,0.8788919423236052,1.1289224654908026
8,k,86,1.015414834022522,0.8788919423236052,1.1289224654908026
8,k,87,1.0232280492782593,0.8788919423236052,1.1289224654908026
8,k,88,1.0379295349121094,0.8788919423236052,1.1289224654908026
8,k,89,1.0500648021697998,0.8788919423236052,1.1289224654908026
8,k,90,1.062185287475586,0.8788919423236052,1.1289224654908026
8,k,91,1.0701183080673218,0.8788919423236052,1.1289224654908026
8,k,92,1.079685091972351,0.8788919423236052,1.1289224654908026
8,k,93,1.0934544801712036,0.8788919423236052,1.1289224654908026
8,k,94,1.1015617847442627,0.8788919423236052,1.1289224654908026
8,k,95,1.1121070384979248,0.8788919423236052,1.1289224654908026
8,k,96,1.1463332176208496,0.8788919423236052,1.1289224654908026
8,k,97,1.1999844312667847,0.8788919423236052,1.1289224654908026
8,k,98,1.2343149185180664,0.8788919423236052,1.1289224654908026
8,k,99,1.2522656917572021,0.8788919423236052,1.1289224654908026
8,k,100,1.2878457307815552,0.8788919423236052,1.1289224654908026
8,k,101,1.3123193979263306,0.8788919423236052,1.1289224654908026
8,k,102,1.3522062301635742,0.8788919423236052,1.1289224654908026
8,k,103,1.4379017353057861,0.8788919423236052,1.1289224654908026
8,k,104,1.5242946147918701,0.8788919423236052,1.1289224654908026
8,k,105,1.5881986618041992,0.8788919423236052,1.1289224654908026
8,k,106,1.706605076789856,0.8788919423236052,1.1289224654908026
8,k,107,1.8064453601837158,0.8788919423236052,1.1289224654908026
8,k,108,1.8485215902328491,0.8788919423236052,1.1289224654908026
8,k,109,1.933620572090149,0.8788919423236052,1.1289224654908026
8,k,110,2.0210890769958496,0.8788919423236052,1.1289224654908026
8,k,111,2.1737515926361084,0.8788919423236052,1.1289224654908026
8,k,112,2.210575580596924,0.8788919423236052,1.1289224654908026
8,k,113,2.318227767944336,0.8788919423236052,1.1289224654908026
8,k,114,2.4273712635040283,0.8788919423236052,1.1289224654908026
8,k,115,2.4775428771972656,0.8788919423236052,1.1289224654908026
8,k,116,2.6507277488708496,0.8788919423236052,1.1289224654908026
8,k,117,2.7876501083374023,0.8788919423236052,1.1289224654908026
8,k,118,2.853137969970703,0.8788919423236052,1.1289224654908026
8,k,119,3.0547070503234863,0.8788919423236052,1.1289224654908026
8,k,120,3.193842887878418,0.8788919423236052,1.1289224654908026
8,k,121,3.3811631202697754,0.8788919423236052,1.1289224654908026
8,k,122,3.557046890258789,0.8788919423236052,1.1289224654908026
8,k,123,3.7897210121154785,0.8788919423236052,1.1289224654908026
8,k,124,4.415160179138184,0.8788919423236052,1.1289224654908026
8,k,125,4.885830879211426,0.8788919423236052,1.1289224654908026
8,k,126,7.8238444328308105,0.8788919423236052,1.1289224654908026
8,k,127,8.023153305053711,0.8788919423236052,1.1289224654908026
9,q,0,0.0007194520439952612,0.8788919423236052,1.1289224654908026
9,q,1,0.0012432229705154896,0.8788919423236052,1.1289224654908026
9,q,2,0.0020085929427295923,0.8788919423236052,1.1289224654908026
9,q,3,0.0024569230154156685,0.8788919423236052,1.1289224654908026
9,q,4,0.002688468201085925,0.8788919423236052,1.1289224654908026
9,q,5,0.003531151684001088,0.8788919423236052,1.1289224654908026
9,q,6,0.003982238937169313,0.8788919423236052,1.1289224654908026
9,q,7,0.0044096000492572784,0.8788919423236052,1.1289224654908026
9,q,8,0.004894728306680918,0.8788919423236052,1.1289224654908026
9,q,9,0.006085451226681471,0.8788919423236052,1.1289224654908026
9,q,10,0.00700351782143116,0.8788919423236052,1.1289224654908026
9,q,11,0.007553171366453171,0.8788919423236052,1.1289224654908026
9,q,12,0.007626199629157782,0.8788919423236052,1.1289224654908026
9,q,13,0.008884129114449024,0.8788919423236052,1.1289224654908026
9,q,14,0.01023570541292429,0.8788919423236052,1.1289224654908026
9,q,15,0.011861762031912804,0.8788919423236052,1.1289224654908026
9,q,16,0.012252861633896828,0.8788919423236052,1.1289224654908026
9,q,17,0.0130756301805377,0.8788919423236052,1.1289224654908026
9,q,18,0.014594633132219315,0.8788919423236052,1.1289224654908026
9,q,19,0.0152818001806736,0.8788919423236052,1.1289224654908026
9,q,20,0.016712604090571404,0.8788919423236052,1.1289224654908026
9,q,21,0.01770099252462387,0.8788919423236052,1.1289224654908026
9,q,22,0.018972065299749374,0.8788919423236052,1.1289224654908026
9,q,23,0.020179508253932,0.8788919423236052,1.1289224654908026
9,q,24,0.021565036848187447,0.8788919423236052,1.1289224654908026
9,q,25,0.023490162566304207,0.8788919423236052,1.1289224654908026
9,q,26,0.02558193728327751,0.8788919423236052,1.1289224654908026
9,q,27,0.027199819684028625,0.8788919423236052,1.1289224654908026
9,q,28,0.028568798676133156,0.8788919423236052,1.1289224654908026
9,q,29,0.03109562210738659,0.8788919423236052,1.1289224654908026
9,q,30,0.034246109426021576,0.8788919423236052,1.1289224654908026
9,q,31,0.03964931145310402,0.8788919423236052,1.1289224654908026
9,q,32,0.04277477413415909,0.8788919423236052,1.1289224654908026
9,q,33,0.0492359921336174,0.8788919423236052,1.1289224654908026
9,q,34,0.05172009766101837,0.8788919423236052,1.1289224654908026
9,q,35,0.05500409007072449,0.8788919423236052,1.1289224654908026
9,q,36,0.055960316210985184,0.8788919423236052,1.1289224654908026
9,q,37,0.05790390819311142,0.8788919423236052,1.1289224654908026
9,q,38,0.06390134990215302,0.8788919423236052,1.1289224654908026
9,q,39,0.06716321408748627,0.8788919423236052,1.1289224654908026
9,q,40,0.0764729306101799,0.8788919423236052,1.1289224654908026
9,q,41,0.07737473398447037,0.8788919423236052,1.1289224654908026
9,q,42,0.08375311642885208,0.8788919423236052,1.1289224654908026
9,q,43,0.08706937730312347,0.8788919423236052,1.1289224654908026
9,q,44,0.09241156280040741,0.8788919423236052,1.1289224654908026
9,q,45,0.09379303455352783,0.8788919423236052,1.1289224654908026
9,q,46,0.10406436771154404,0.8788919423236052,1.1289224654908026
9,q,47,0.11800167709589005,0.8788919423236052,1.1289224654908026
9,q,48,0.12996453046798706,0.8788919423236052,1.1289224654908026
9,q,49,0.15452846884727478,0.8788919423236052,1.1289224654908026
9,q,50,0.16612304747104645,0.8788919423236052,1.1289224654908026
9,q,51,0.17506632208824158,0.8788919423236052,1.1289224654908026
9,q,52,0.18005941808223724,0.8788919423236052,1.1289224654908026
9,q,53,0.18636158108711243,0.8788919423236052,1.1289224654908026
9,q,54,0.20329049229621887,0.8788919423236052,1.1289224654908026
9,q,55,0.213463693857193,0.8788919423236052,1.1289224654908026
9,q,56,0.23608539998531342,0.8788919423236052,1.1289224654908026
9,q,57,0.2511731684207916,0.8788919423236052,1.1289224654908026
9,q,58,0.25996026396751404,0.8788919423236052,1.1289224654908026
9,q,59,0.26184359192848206,0.8788919423236052,1.1289224654908026
9,q,60,0.2885969579219818,0.8788919423236052,1.1289224654908026
9,q,61,0.3099655210971832,0.8788919423236052,1.1289224654908026
9,q,62,0.33525192737579346,0.8788919423236052,1.1289224654908026
9,q,63,0.3526325523853302,0.8788919423236052,1.1289224654908026
9,q,64,0.36635273694992065,0.8788919423236052,1.1289224654908026
9,q,65,0.39954155683517456,0.8788919423236052,1.1289224654908026
9,q,66,0.433849573135376,0.8788919423236052,1.1289224654908026
9,q,67,0.43956080079078674,0.8788919423236052,1.1289224654908026
9,q,68,0.47433963418006897,0.8788919423236052,1.1289224654908026
9,q,69,0.5084375739097595,0.8788919423236052,1.1289224654908026
9,q,70,0.5243338942527771,0.8788919423236052,1.1289224654908026
9,q,71,0.5508518815040588,0.8788919423236052,1.1289224654908026
9,q,72,0.5724912285804749,0.8788919423236052,1.1289224654908026
9,q,73,0.6079902052879333,0.8788919423236052,1.1289224654908026
9,q,74,0.6416895389556885,0.8788919423236052,1.1289224654908026
9,q,75,0.656289279460907,0.8788919423236052,1.1289224654908026
9,q,76,0.689484715461731,0.8788919423236052,1.1289224654908026
9,q,77,0.711421012878418,0.8788919423236052,1.1289224654908026
9,q,78,0.7646832466125488,0.8788919423236052,1.1289224654908026
9,q,79,0.7831791639328003,0.8788919423236052,1.1289224654908026
9,q,80,0.7882257699966431,0.8788919423236052,1.1289224654908026
9,q,81,0.8295928835868835,0.8788919423236052,1.1289224654908026
9,q,82,0.8571037650108337,0.8788919423236052,1.1289224654908026
9,q,83,0.8592596054077148,0.8788919423236052,1.1289224654908026
9,q,84,0.8651849031448364,0.8788919423236052,1.1289224654908026
9,q,85,0.8865219950675964,0.8788919423236052,1.1289224654908026
9,q,86,0.9030839800834656,0.8788919423236052,1.1289224654908026
9,q,87,0.9547752737998962,0.8788919423236052,1.1289224654908026
9,q,88,0.9572482705116272,0.8788919423236052,1.1289224654908026
9,q,89,0.9679456353187561,0.8788919423236052,1.1289224654908026
9,q,90,0.9955926537513733,0.8788919423236052,1.1289224654908026
9,q,91,1.0099226236343384,0.8788919423236052,1.1289224654908026
9,q,92,1.0298633575439453,0.8788919423236052,1.1289224654908026
9,q,93,1.0415146350860596,0.8788919423236052,1.1289224654908026
9,q,94,1.0449104309082031,0.8788919423236052,1.1289224654908026
9,q,95,1.0982481241226196,0.8788919423236052,1.1289224654908026
9,q,96,1.1163650751113892,0.8788919423236052,1.1289224654908026
9,q,97,1.131914496421814,0.8788919423236052,1.1289224654908026
9,q,98,1.1919485330581665,0.8788919423236052,1.1289224654908026
9,q,99,1.2416322231292725,0.8788919423236052,1.1289224654908026
9,q,100,1.2851074934005737,0.8788919423236052,1.1289224654908026
9,q,101,1.3090838193893433,0.8788919423236052,1.1289224654908026
9,q,102,1.3297022581100464,0.8788919423236052,1.1289224654908026
9,q,103,1.3419139385223389,0.8788919423236052,1.1289224654908026
9,q,104,1.3898757696151733,0.8788919423236052,1.1289224654908026
9,q,105,1.4312529563903809,0.8788919423236052,1.1289224654908026
9,q,106,1.4628558158874512,0.8788919423236052,1.1289224654908026
9,q,107,1.486355185508728,0.8788919423236052,1.1289224654908026
9,q,108,1.5836066007614136,0.8788919423236052,1.1289224654908026
9,q,109,1.6034551858901978,0.8788919423236052,1.1289224654908026
9,q,110,1.7211796045303345,0.8788919423236052,1.1289224654908026
9,q,111,1.8001081943511963,0.8788919423236052,1.1289224654908026
9,q,112,1.9564225673675537,0.8788919423236052,1.1289224654908026
9,q,113,2.049139976501465,0.8788919423236052,1.1289224654908026
9,q,114,2.154982566833496,0.8788919423236052,1.1289224654908026
9,q,115,2.3855481147766113,0.8788919423236052,1.1289224654908026
9,q,116,2.558824062347412,0.8788919423236052,1.1289224654908026
9,q,117,2.6756978034973145,0.8788919423236052,1.1289224654908026
9,q,118,2.8987135887145996,0.8788919423236052,1.1289224654908026
9,q,119,3.1104350090026855,0.8788919423236052,1.1289224654908026
9,q,120,3.407334327697754,0.8788919423236052,1.1289224654908026
9,q,121,3.4545578956604004,0.8788919423236052,1.1289224654908026
9,q,122,3.9916281700134277,0.8788919423236052,1.1289224654908026
9,q,123,5.299537658691406,0.8788919423236052,1.1289224654908026
9,q,124,6.462466239929199,0.8788919423236052,1.1289224654908026
9,q,125,7.31804895401001,0.8788919423236052,1.1289224654908026
9,q,126,9.865066528320312,0.8788919423236052,1.1289224654908026
9,q,127,16.4493408203125,0.8788919423236052,1.1289224654908026
9,k,0,0.0007004713988862932,0.8788919423236052,1.1289224654908026
9,k,1,0.0009764822316356003,0.8788919423236052,1.1289224654908026
9,k,2,0.0012034997344017029,0.8788919423236052,1.1289224654908026
9,k,3,0.0013253100914880633,0.8788919423236052,1.1289224654908026
9,k,4,0.0016611148603260517,0.8788919423236052,1.1289224654908026
9,k,5,0.0024846361484378576,0.8788919423236052,1.1289224654908026
9,k,6,0.003287535160779953,0.8788919423236052,1.1289224654908026
9,k,7,0.003821740625426173,0.8788919423236052,1.1289224654908026
9,k,8,0.0045633455738425255,0.8788919423236052,1.1289224654908026
9,k,9,0.005650085862725973,0.8788919423236052,1.1289224654908026
9,k,10,0.006685869302600622,0.8788919423236052,1.1289224654908026
9,k,11,0.00791397225111723,0.8788919423236052,1.1289224654908026
9,k,12,0.008910192176699638,0.8788919423236052,1.1289224654908026
9,k,13,0.01118990033864975,0.8788919423236052,1.1289224654908026
9,k,14,0.014563229866325855,0.8788919423236052,1.1289224654908026
9,k,15,0.015587502159178257,0.8788919423236052,1.1289224654908026
9,k,16,0.017157215625047684,0.8788919423236052,1.1289224654908026
9,k,17,0.018594782799482346,0.8788919423236052,1.1289224654908026
9,k,18,0.021292731165885925,0.8788919423236052,1.1289224654908026
9,k,19,0.02380228042602539,0.8788919423236052,1.1289224654908026
9,k,20,0.026623191311955452,0.8788919423236052,1.1289224654908026
9,k,21,0.027914725244045258,0.8788919423236052,1.1289224654908026
9,k,22,0.03265244886279106,0.8788919423236052,1.1289224654908026
9,k,23,0.037984490394592285,0.8788919423236052,1.1289224654908026
9,k,24,0.040343768894672394,0.8788919423236052,1.1289224654908026
9,k,25,0.04502854496240616,0.8788919423236052,1.1289224654908026
9,k,26,0.05048828572034836,0.8788919423236052,1.1289224654908026
9,k,27,0.05584171786904335,0.8788919423236052,1.1289224654908026
9,k,28,0.05643942579627037,0.8788919423236052,1.1289224654908026
9,k,29,0.07101770490407944,0.8788919423236052,1.1289224654908026
9,k,30,0.07639192789793015,0.8788919423236052,1.1289224654908026
9,k,31,0.0797351747751236,0.8788919423236052,1.1289224654908026
9,k,32,0.08174770325422287,0.8788919423236052,1.1289224654908026
9,k,33,0.09281251579523087,0.8788919423236052,1.1289224654908026
9,k,34,0.0949707180261612,0.8788919423236052,1.1289224654908026
9,k,35,0.10205812752246857,0.8788919423236052,1.1289224654908026
9,k,36,0.10594923794269562,0.8788919423236052,1.1289224654908026
9,k,37,0.12518218159675598,0.8788919423236052,1.1289224654908026
9,k,38,0.1275324523448944,0.8788919423236052,1.1289224654908026
9,k,39,0.13488656282424927,0.8788919423236052,1.1289224654908026
9,k,40,0.1426309198141098,0.8788919423236052,1.1289224654908026
9,k,41,0.14889371395111084,0.8788919423236052,1.1289224654908026
9,k,42,0.1663520783185959,0.8788919423236052,1.1289224654908026
9,k,43,0.17706042528152466,0.8788919423236052,1.1289224654908026
9,k,44,0.19649820029735565,0.8788919423236052,1.1289224654908026
9,k,45,0.2026689052581787,0.8788919423236052,1.1289224654908026
9,k,46,0.20915499329566956,0.8788919423236052,1.1289224654908026
9,k,47,0.22915604710578918,0.8788919423236052,1.1289224654908026
9,k,48,0.24058522284030914,0.8788919423236052,1.1289224654908026
9,k,49,0.25111857056617737,0.8788919423236052,1.1289224654908026
9,k,50,0.2727096974849701,0.8788919423236052,1.1289224654908026
9,k,51,0.2856367230415344,0.8788919423236052,1.1289224654908026
9,k,52,0.30956903100013733,0.8788919423236052,1.1289224654908026
9,k,53,0.31902140378952026,0.8788919423236052,1.1289224654908026
9,k,54,0.3495853841304779,0.8788919423236052,1.1289224654908026
9,k,55,0.3664192259311676,0.8788919423236052,1.1289224654908026
9,k,56,0.380550742149353,0.8788919423236052,1.1289224654908026
9,k,57,0.38896921277046204,0.8788919423236052,1.1289224654908026
9,k,58,0.4181300103664398,0.8788919423236052,1.1289224654908026
9,k,59,0.4256422817707062,0.8788919423236052,1.1289224654908026
9,k,60,0.43541425466537476,0.8788919423236052,1.1289224654908026
9,k,61,0.5014027953147888,0.8788919423236052,1.1289224654908026
9,k,62,0.5184277296066284,0.8788919423236052,1.1289224654908026
9,k,63,0.5471736192703247,0.8788919423236052,1.1289224654908026
9,k,64,0.553171694278717,0.8788919423236052,1.1289224654908026
9,k,65,0.6047660708427429,0.8788919423236052,1.1289224654908026
9,k,66,0.6066848039627075,0.8788919423236052,1.1289224654908026
9,k,67,0.6473016738891602,0.8788919423236052,1.1289224654908026
9,k,68,0.6730495095252991,0.8788919423236052,1.1289224654908026
9,k,69,0.6956395506858826,0.8788919423236052,1.1289224654908026
9,k,70,0.711374044418335,0.8788919423236052,1.1289224654908026
9,k,71,0.745643138885498,0.8788919423236052,1.1289224654908026
9,k,72,0.7758362293243408,0.8788919423236052,1.1289224654908026
9,k,73,0.7940018177032471,0.8788919423236052,1.1289224654908026
9,k,74,0.8320668935775757,0.8788919423236052,1.1289224654908026
9,k,75,0.8495479226112366,0.8788919423236052,1.1289224654908026
9,k,76,0.8871287107467651,0.8788919423236052,1.1289224654908026
9,k,77,0.8942861557006836,0.8788919423236052,1.1289224654908026
9,k,78,0.8983250260353088,0.8788919423236052,1.1289224654908026
9,k,79,0.9097527861595154,0.8788919423236052,1.1289224654908026
9,k,80,0.9274868965148926,0.8788919423236052,1.1289224654908026
9,k,81,0.9393967390060425,0.8788919423236052,1.1289224654908026
9,k,82,0.9480128288269043,0.8788919423236052,1.1289224654908026
9,k,83,0.9722371697425842,0.8788919423236052,1.1289224654908026
9,k,84,0.9833279252052307,0.8788919423236052,1.1289224654908026
9,k,85,0.9889968037605286,0.8788919423236052,1.1289224654908026
9,k,86,0.991007387638092,0.8788919423236052,1.1289224654908026
9,k,87,0.9995231032371521,0.8788919423236052,1.1289224654908026
9,k,88,1.0057177543640137,0.8788919423236052,1.1289224654908026
9,k,89,1.0236787796020508,0.8788919423236052,1.1289224654908026
9,k,90,1.0500712394714355,0.8788919423236052,1.1289224654908026
9,k,91,1.058671236038208,0.8788919423236052,1.1289224654908026
9,k,92,1.0760151147842407,0.8788919423236052,1.1289224654908026
9,k,93,1.0836524963378906,0.8788919423236052,1.1289224654908026
9,k,94,1.110292673110962,0.8788919423236052,1.1289224654908026
9,k,95,1.1177901029586792,0.8788919423236052,1.1289224654908026
9,k,96,1.1393035650253296,0.8788919423236052,1.1289224654908026
9,k,97,1.1616414785385132,0.8788919423236052,1.1289224654908026
9,k,98,1.1775482892990112,0.8788919423236052,1.1289224654908026
9,k,99,1.186385154724121,0.8788919423236052,1.1289224654908026
9,k,100,1.2405939102172852,0.8788919423236052,1.1289224654908026
9,k,101,1.2517746686935425,0.8788919423236052,1.1289224654908026
9,k,102,1.2670899629592896,0.8788919423236052,1.1289224654908026
9,k,103,1.327819585800171,0.8788919423236052,1.1289224654908026
9,k,104,1.3661458492279053,0.8788919423236052,1.1289224654908026
9,k,105,1.4916366338729858,0.8788919423236052,1.1289224654908026
9,k,106,1.581383228302002,0.8788919423236052,1.1289224654908026
9,k,107,1.627808928489685,0.8788919423236052,1.1289224654908026
9,k,108,1.6708887815475464,0.8788919423236052,1.1289224654908026
9,k,109,1.792857050895691,0.8788919423236052,1.1289224654908026
9,k,110,1.8896154165267944,0.8788919423236052,1.1289224654908026
9,k,111,1.970930814743042,0.8788919423236052,1.1289224654908026
9,k,112,2.0945935249328613,0.8788919423236052,1.1289224654908026
9,k,113,2.241612434387207,0.8788919423236052,1.1289224654908026
9,k,114,2.300219774246216,0.8788919423236052,1.1289224654908026
9,k,115,2.385920286178589,0.8788919423236052,1.1289224654908026
9,k,116,2.4630496501922607,0.8788919423236052,1.1289224654908026
9,k,117,2.569298267364502,0.8788919423236052,1.1289224654908026
9,k,118,2.6498873233795166,0.8788919423236052,1.1289224654908026
9,k,119,3.0979678630828857,0.8788919423236052,1.1289224654908026
9,k,120,3.182159900665283,0.8788919423236052,1.1289224654908026
9,k,121,3.454648733139038,0.8788919423236052,1.1289224654908026
9,k,122,3.7009193897247314,0.8788919423236052,1.1289224654908026
9,k,123,3.88421368598938,0.8788919423236052,1.1289224654908026
9,k,124,4.624875545501709,0.8788919423236052,1.1289224654908026
9,k,125,4.939060211181641,0.8788919423236052,1.1289224654908026
9,k,126,5.7372002601623535,0.8788919423236052,1.1289224654908026
9,k,127,18.06066131591797,0.8788919423236052,1.1289224654908026
10,q,0,0.0006032441160641611,0.8788919423236052,1.1289224654908026
10,q,1,0.000918621604796499,0.8788919423236052,1.1289224654908026
10,q,2,0.0014659425942227244,0.8788919423236052,1.1289224654908026
10,q,3,0.0016490524867549539,0.8788919423236052,1.1289224654908026
10,q,4,0.0021191146224737167,0.8788919423236052,1.1289224654908026
10,q,5,0.0024925093166530132,0.8788919423236052,1.1289224654908026
10,q,6,0.0037833908572793007,0.8788919423236052,1.1289224654908026
10,q,7,0.004067401401698589,0.8788919423236052,1.1289224654908026
10,q,8,0.004720702301710844,0.8788919423236052,1.1289224654908026
10,q,9,0.00535159558057785,0.8788919423236052,1.1289224654908026
10,q,10,0.005727516021579504,0.8788919423236052,1.1289224654908026
10,q,11,0.0070073772221803665,0.8788919423236052,1.1289224654908026
10,q,12,0.008344604633748531,0.8788919423236052,1.1289224654908026
10,q,13,0.008660742081701756,0.8788919423236052,1.1289224654908026
10,q,14,0.009145516902208328,0.8788919423236052,1.1289224654908026
10,q,15,0.009377083741128445,0.8788919423236052,1.1289224654908026
10,q,16,0.010655800811946392,0.8788919423236052,1.1289224654908026
10,q,17,0.012607467360794544,0.8788919423236052,1.1289224654908026
10,q,18,0.015593117102980614,0.8788919423236052,1.1289224654908026
10,q,19,0.016460096463561058,0.8788919423236052,1.1289224654908026
10,q,20,0.01741621643304825,0.8788919423236052,1.1289224654908026
10,q,21,0.018277209252119064,0.8788919423236052,1.1289224654908026
10,q,22,0.01851893775165081,0.8788919423236052,1.1289224654908026
10,q,23,0.021823305636644363,0.8788919423236052,1.1289224654908026
10,q,24,0.023552153259515762,0.8788919423236052,1.1289224654908026
10,q,25,0.02656535804271698,0.8788919423236052,1.1289224654908026
10,q,26,0.028480440378189087,0.8788919423236052,1.1289224654908026
10,q,27,0.03075459413230419,0.8788919423236052,1.1289224654908026
10,q,28,0.03406691551208496,0.8788919423236052,1.1289224654908026
10,q,29,0.03660117834806442,0.8788919423236052,1.1289224654908026
10,q,30,0.03868494927883148,0.8788919423236052,1.1289224654908026
10,q,31,0.04114771634340286,0.8788919423236052,1.1289224654908026
10,q,32,0.04471443593502045,0.8788919423236052,1.1289224654908026
10,q,33,0.05039104074239731,0.8788919423236052,1.1289224654908026
10,q,34,0.05274740234017372,0.8788919423236052,1.1289224654908026
10,q,35,0.058864057064056396,0.8788919423236052,1.1289224654908026
10,q,36,0.061240531504154205,0.8788919423236052,1.1289224654908026
10,q,37,0.06502436846494675,0.8788919423236052,1.1289224654908026
10,q,38,0.06747522950172424,0.8788919423236052,1.1289224654908026
10,q,39,0.07622028142213821,0.8788919423236052,1.1289224654908026
10,q,40,0.08138133585453033,0.8788919423236052,1.1289224654908026
10,q,41,0.08923008292913437,0.8788919423236052,1.1289224654908026
10,q,42,0.103419728577137,0.8788919423236052,1.1289224654908026
10,q,43,0.10965750366449356,0.8788919423236052,1.1289224654908026
10,q,44,0.12177625298500061,0.8788919423236052,1.1289224654908026
10,q,45,0.1328793466091156,0.8788919423236052,1.1289224654908026
10,q,46,0.1381250023841858,0.8788919423236052,1.1289224654908026
10,q,47,0.13906629383563995,0.8788919423236052,1.1289224654908026
10,q,48,0.16278237104415894,0.8788919423236052,1.1289224654908026
10,q,49,0.17978034913539886,0.8788919423236052,1.1289224654908026
10,q,50,0.18145161867141724,0.8788919423236052,1.1289224654908026
10,q,51,0.18390147387981415,0.8788919423236052,1.1289224654908026
10,q,52,0.20399892330169678,0.8788919423236052,1.1289224654908026
10,q,53,0.2093401402235031,0.8788919423236052,1.1289224654908026
10,q,54,0.21945780515670776,0.8788919423236052,1.1289224654908026
10,q,55,0.22801490128040314,0.8788919423236052,1.1289224654908026
10,q,56,0.23166027665138245,0.8788919423236052,1.1289224654908026
10,q,57,0.25204676389694214,0.8788919423236052,1.1289224654908026
10,q,58,0.2714150547981262,0.8788919423236052,1.1289224654908026
10,q,59,0.2939600646495819,0.8788919423236052,1.1289224654908026
10,q,60,0.30739283561706543,0.8788919423236052,1.1289224654908026
10,q,61,0.33088305592536926,0.8788919423236052,1.1289224654908026
10,q,62,0.34658002853393555,0.8788919423236052,1.1289224654908026
10,q,63,0.3825441896915436,0.8788919423236052,1.1289224654908026
10,q,64,0.40912026166915894,0.8788919423236052,1.1289224654908026
10,q,65,0.434977650642395,0.8788919423236052,1.1289224654908026
10,q,66,0.44561588764190674,0.8788919423236052,1.1289224654908026
10,q,67,0.46035537123680115,0.8788919423236052,1.1289224654908026
10,q,68,0.4866614043712616,0.8788919423236052,1.1289224654908026
10,q,69,0.5116957426071167,0.8788919423236052,1.1289224654908026
10,q,70,0.5517503023147583,0.8788919423236052,1.1289224654908026
10,q,71,0.5813696384429932,0.8788919423236052,1.1289224654908026
10,q,72,0.5978203415870667,0.8788919423236052,1.1289224654908026
10,q,73,0.605457067489624,0.8788919423236052,1.1289224654908026
10,q,74,0.6156005263328552,0.8788919423236052,1.1289224654908026
10,q,75,0.6312530636787415,0.8788919423236052,1.1289224654908026
10,q,76,0.6793285012245178,0.8788919423236052,1.1289224654908026
10,q,77,0.7009471654891968,0.8788919423236052,1.1289224654908026
10,q,78,0.7652709484100342,0.8788919423236052,1.1289224654908026
10,q,79,0.7977263331413269,0.8788919423236052,1.1289224654908026
10,q,80,0.8015109300613403,0.8788919423236052,1.1289224654908026
10,q,81,0.8445428609848022,0.8788919423236052,1.1289224654908026
10,q,82,0.8549631834030151,0.8788919423236052,1.1289224654908026
10,q,83,0.8707669377326965,0.8788919423236052,1.1289224654908026
10,q,84,0.8770213723182678,0.8788919423236052,1.1289224654908026
10,q,85,0.8836939334869385,0.8788919423236052,1.1289224654908026
10,q,86,0.9099938869476318,0.8788919423236052,1.1289224654908026
10,q,87,0.9409398436546326,0.8788919423236052,1.1289224654908026
10,q,88,0.9476742148399353,0.8788919423236052,1.1289224654908026
10,q,89,0.9644418954849243,0.8788919423236052,1.1289224654908026
10,q,90,1.0008450746536255,0.8788919423236052,1.1289224654908026
10,q,91,1.0176042318344116,0.8788919423236052,1.1289224654908026
10,q,92,1.0358260869979858,0.8788919423236052,1.1289224654908026
10,q,93,1.0451128482818604,0.8788919423236052,1.1289224654908026
10,q,94,1.0860520601272583,0.8788919423236052,1.1289224654908026
10,q,95,1.0965311527252197,0.8788919423236052,1.1289224654908026
10,q,96,1.1097625494003296,0.8788919423236052,1.1289224654908026
10,q,97,1.1589566469192505,0.8788919423236052,1.1289224654908026
10,q,98,1.2511303424835205,0.8788919423236052,1.1289224654908026
10,q,99,1.286639928817749,0.8788919423236052,1.1289224654908026
10,q,100,1.3227601051330566,0.8788919423236052,1.1289224654908026
10,q,101,1.3512595891952515,0.8788919423236052,1.1289224654908026
10,q,102,1.3678083419799805,0.8788919423236052,1.1289224654908026
10,q,103,1.3997936248779297,0.8788919423236052,1.1289224654908026
10,q,104,1.4393470287322998,0.8788919423236052,1.1289224654908026
10,q,105,1.450968861579895,0.8788919423236052,1.1289224654908026
10,q,106,1.528888463973999,0.8788919423236052,1.1289224654908026
10,q,107,1.538374662399292,0.8788919423236052,1.1289224654908026
10,q,108,1.5622833967208862,0.8788919423236052,1.1289224654908026
10,q,109,1.7074339389801025,0.8788919423236052,1.1289224654908026
10,q,110,1.7801792621612549,0.8788919423236052,1.1289224654908026
10,q,111,1.9717814922332764,0.8788919423236052,1.1289224654908026
10,q,112,2.012002468109131,0.8788919423236052,1.1289224654908026
10,q,113,2.259995222091675,0.8788919423236052,1.1289224654908026
10,q,114,2.271174192428589,0.8788919423236052,1.1289224654908026
10,q,115,2.4210352897644043,0.8788919423236052,1.1289224654908026
10,q,116,2.6182239055633545,0.8788919423236052,1.1289224654908026
10,q,117,2.7796828746795654,0.8788919423236052,1.1289224654908026
10,q,118,2.9041953086853027,0.8788919423236052,1.1289224654908026
10,q,119,3.1714229583740234,0.8788919423236052,1.1289224654908026
10,q,120,3.542181968688965,0.8788919423236052,1.1289224654908026
10,q,121,4.46269416809082,0.8788919423236052,1.1289224654908026
10,q,122,4.6479949951171875,0.8788919423236052,1.1289224654908026
10,q,123,5.662959575653076,0.8788919423236052,1.1289224654908026
10,q,124,5.715273857116699,0.8788919423236052,1.1289224654908026
10,q,125,6.824410915374756,0.8788919423236052,1.1289224654908026
10,q,126,7.05481481552124,0.8788919423236052,1.1289224654908026
10,q,127,16.131942749023438,0.8788919423236052,1.1289224654908026
10,k,0,0.0010748837376013398,0.8788919423236052,1.1289224654908026
10,k,1,0.0012076504062861204,0.8788919423236052,1.1289224654908026
10,k,2,0.0013855446595698595,0.8788919423236052,1.1289224654908026
10,k,3,0.0016230883775278926,0.8788919423236052,1.1289224654908026
10,k,4,0.0029209863860160112,0.8788919423236052,1.1289224654908026
10,k,5,0.003574603470042348,0.8788919423236052,1.1289224654908026
10,k,6,0.004186740145087242,0.8788919423236052,1.1289224654908026
10,k,7,0.004497088957577944,0.8788919423236052,1.1289224654908026
10,k,8,0.0063467505387961864,0.8788919423236052,1.1289224654908026
10,k,9,0.006767820566892624,0.8788919423236052,1.1289224654908026
10,k,10,0.008988400921225548,0.8788919423236052,1.1289224654908026
10,k,11,0.009809528477489948,0.8788919423236052,1.1289224654908026
10,k,12,0.010457263328135014,0.8788919423236052,1.1289224654908026
10,k,13,0.012196104973554611,0.8788919423236052,1.1289224654908026
10,k,14,0.012906894087791443,0.8788919423236052,1.1289224654908026
10,k,15,0.01396658830344677,0.8788919423236052,1.1289224654908026
10,k,16,0.016361115500330925,0.8788919423236052,1.1289224654908026
10,k,17,0.017458761110901833,0.8788919423236052,1.1289224654908026
10,k,18,0.019593510776758194,0.8788919423236052,1.1289224654908026
10,k,19,0.020989999175071716,0.8788919423236052,1.1289224654908026
10,k,20,0.022543836385011673,0.8788919423236052,1.1289224654908026
10,k,21,0.023632586002349854,0.8788919423236052,1.1289224654908026
10,k,22,0.02820102870464325,0.8788919423236052,1.1289224654908026
10,k,23,0.030849581584334373,0.8788919423236052,1.1289224654908026
10,k,24,0.038440268486738205,0.8788919423236052,1.1289224654908026
10,k,25,0.04044177755713463,0.8788919423236052,1.1289224654908026
10,k,26,0.04528133571147919,0.8788919423236052,1.1289224654908026
10,k,27,0.0481569841504097,0.8788919423236052,1.1289224654908026
10,k,28,0.050117455422878265,0.8788919423236052,1.1289224654908026
10,k,29,0.053853608667850494,0.8788919423236052,1.1289224654908026
10,k,30,0.058959223330020905,0.8788919423236052,1.1289224654908026
10,k,31,0.06287655979394913,0.8788919423236052,1.1289224654908026
10,k,32,0.06601769477128983,0.8788919423236052,1.1289224654908026
10,k,33,0.07125432044267654,0.8788919423236052,1.1289224654908026
10,k,34,0.07301338762044907,0.8788919423236052,1.1289224654908026
10,k,35,0.07827547192573547,0.8788919423236052,1.1289224654908026
10,k,36,0.08094748109579086,0.8788919423236052,1.1289224654908026
10,k,37,0.09063156694173813,0.8788919423236052,1.1289224654908026
10,k,38,0.09782218933105469,0.8788919423236052,1.1289224654908026
10,k,39,0.10860539227724075,0.8788919423236052,1.1289224654908026
10,k,40,0.11944243311882019,0.8788919423236052,1.1289224654908026
10,k,41,0.12480198591947556,0.8788919423236052,1.1289224654908026
10,k,42,0.13981589674949646,0.8788919423236052,1.1289224654908026
10,k,43,0.15621772408485413,0.8788919423236052,1.1289224654908026
10,k,44,0.1680000126361847,0.8788919423236052,1.1289224654908026
10,k,45,0.17630062997341156,0.8788919423236052,1.1289224654908026
10,k,46,0.1947472095489502,0.8788919423236052,1.1289224654908026
10,k,47,0.196533203125,0.8788919423236052,1.1289224654908026
10,k,48,0.21590489149093628,0.8788919423236052,1.1289224654908026
10,k,49,0.22550033032894135,0.8788919423236052,1.1289224654908026
10,k,50,0.23346355557441711,0.8788919423236052,1.1289224654908026
10,k,51,0.2470371276140213,0.8788919423236052,1.1289224654908026
10,k,52,0.26161614060401917,0.8788919423236052,1.1289224654908026
10,k,53,0.2818385064601898,0.8788919423236052,1.1289224654908026
10,k,54,0.3063906729221344,0.8788919423236052,1.1289224654908026
10,k,55,0.329987108707428,0.8788919423236052,1.1289224654908026
10,k,56,0.3437148332595825,0.8788919423236052,1.1289224654908026
10,k,57,0.3474901020526886,0.8788919423236052,1.1289224654908026
10,k,58,0.39461520314216614,0.8788919423236052,1.1289224654908026
10,k,59,0.40649065375328064,0.8788919423236052,1.1289224654908026
10,k,60,0.4424416720867157,0.8788919423236052,1.1289224654908026
10,k,61,0.4615304172039032,0.8788919423236052,1.1289224654908026
10,k,62,0.5096626281738281,0.8788919423236052,1.1289224654908026
10,k,63,0.5183629393577576,0.8788919423236052,1.1289224654908026
10,k,64,0.553198516368866,0.8788919423236052,1.1289224654908026
10,k,65,0.5563777685165405,0.8788919423236052,1.1289224654908026
10,k,66,0.563382089138031,0.8788919423236052,1.1289224654908026
10,k,67,0.6152927279472351,0.8788919423236052,1.1289224654908026
10,k,68,0.6438462734222412,0.8788919423236052,1.1289224654908026
10,k,69,0.6865271925926208,0.8788919423236052,1.1289224654908026
10,k,70,0.7231041789054871,0.8788919423236052,1.1289224654908026
10,k,71,0.7404401898384094,0.8788919423236052,1.1289224654908026
10,k,72,0.7791516184806824,0.8788919423236052,1.1289224654908026
10,k,73,0.7897800803184509,0.8788919423236052,1.1289224654908026
10,k,74,0.8227608799934387,0.8788919423236052,1.1289224654908026
10,k,75,0.8451674580574036,0.8788919423236052,1.1289224654908026
10,k,76,0.914359986782074,0.8788919423236052,1.1289224654908026
10,k,77,0.9184749722480774,0.8788919423236052,1.1289224654908026
10,k,78,0.9220847487449646,0.8788919423236052,1.1289224654908026
10,k,79,0.9398004412651062,0.8788919423236052,1.1289224654908026
10,k,80,0.9479899406433105,0.8788919423236052,1.1289224654908026
10,k,81,0.953605055809021,0.8788919423236052,1.1289224654908026
10,k,82,0.9638351798057556,0.8788919423236052,1.1289224654908026
10,k,83,0.9717320203781128,0.8788919423236052,1.1289224654908026
10,k,84,0.9860575199127197,0.8788919423236052,1.1289224654908026
10,k,85,0.9906476736068726,0.8788919423236052,1.1289224654908026
10,k,86,0.9956871867179871,0.8788919423236052,1.1289224654908026
10,k,87,0.9968270659446716,0.8788919423236052,1.1289224654908026
10,k,88,1.0062695741653442,0.8788919423236052,1.1289224654908026
10,k,89,1.019034504890442,0.8788919423236052,1.1289224654908026
10,k,90,1.025931715965271,0.8788919423236052,1.1289224654908026
10,k,91,1.038097858428955,0.8788919423236052,1.1289224654908026
10,k,92,1.0542184114456177,0.8788919423236052,1.1289224654908026
10,k,93,1.0556812286376953,0.8788919423236052,1.1289224654908026
10,k,94,1.0879697799682617,0.8788919423236052,1.1289224654908026
10,k,95,1.1135997772216797,0.8788919423236052,1.1289224654908026
10,k,96,1.1224522590637207,0.8788919423236052,1.1289224654908026
10,k,97,1.1570193767547607,0.8788919423236052,1.1289224654908026
10,k,98,1.1843518018722534,0.8788919423236052,1.1289224654908026
10,k,99,1.2311201095581055,0.8788919423236052,1.1289224654908026
10,k,100,1.2756298780441284,0.8788919423236052,1.1289224654908026
10,k,101,1.2838325500488281,0.8788919423236052,1.1289224654908026
10,k,102,1.3675297498703003,0.8788919423236052,1.1289224654908026
10,k,103,1.3836793899536133,0.8788919423236052,1.1289224654908026
10,k,104,1.450352668762207,0.8788919423236052,1.1289224654908026
10,k,105,1.4814586639404297,0.8788919423236052,1.1289224654908026
10,k,106,1.529805302619934,0.8788919423236052,1.1289224654908026
10,k,107,1.583150863647461,0.8788919423236052,1.1289224654908026
10,k,108,1.6943109035491943,0.8788919423236052,1.1289224654908026
10,k,109,1.743316888809204,0.8788919423236052,1.1289224654908026
10,k,110,1.8553249835968018,0.8788919423236052,1.1289224654908026
10,k,111,2.012319803237915,0.8788919423236052,1.1289224654908026
10,k,112,2.1181888580322266,0.8788919423236052,1.1289224654908026
10,k,113,2.131981134414673,0.8788919423236052,1.1289224654908026
10,k,114,2.39748215675354,0.8788919423236052,1.1289224654908026
10,k,115,2.423140287399292,0.8788919423236052,1.1289224654908026
10,k,116,2.6516518592834473,0.8788919423236052,1.1289224654908026
10,k,117,2.6940948963165283,0.8788919423236052,1.1289224654908026
10,k,118,2.9624791145324707,0.8788919423236052,1.1289224654908026
10,k,119,3.1649394035339355,0.8788919423236052,1.1289224654908026
10,k,120,3.815161943435669,0.8788919423236052,1.1289224654908026
10,k,121,3.895508289337158,0.8788919423236052,1.1289224654908026
10,k,122,4.444079875946045,0.8788919423236052,1.1289224654908026
10,k,123,4.7019805908203125,0.8788919423236052,1.1289224654908026
10,k,124,5.03427791595459,0.8788919423236052,1.1289224654908026
10,k,125,5.4513044357299805,0.8788919423236052,1.1289224654908026
10,k,126,5.9791460037231445,0.8788919423236052,1.1289224654908026
10,k,127,14.41375732421875,0.8788919423236052,1.1289224654908026
11,q,0,0.0007824946660548449,0.8788919423236052,1.1289224654908026
11,q,1,0.001317896181717515,0.8788919423236052,1.1289224654908026
11,q,2,0.0017703651683405042,0.8788919423236052,1.1289224654908026
11,q,3,0.001975883264094591,0.8788919423236052,1.1289224654908026
11,q,4,0.002100638346746564,0.8788919423236052,1.1289224654908026
11,q,5,0.0028696993831545115,0.8788919423236052,1.1289224654908026
11,q,6,0.004100035410374403,0.8788919423236052,1.1289224654908026
11,q,7,0.004708782769739628,0.8788919423236052,1.1289224654908026
11,q,8,0.006100396625697613,0.8788919423236052,1.1289224654908026
11,q,9,0.006755271926522255,0.8788919423236052,1.1289224654908026
11,q,10,0.008467840030789375,0.8788919423236052,1.1289224654908026
11,q,11,0.010205397382378578,0.8788919423236052,1.1289224654908026
11,q,12,0.011516132391989231,0.8788919423236052,1.1289224654908026
11,q,13,0.012815932743251324,0.8788919423236052,1.1289224654908026
11,q,14,0.0142086585983634,0.8788919423236052,1.1289224654908026
11,q,15,0.014398758299648762,0.8788919423236052,1.1289224654908026
11,q,16,0.016885172575712204,0.8788919423236052,1.1289224654908026
11,q,17,0.018485052511096,0.8788919423236052,1.1289224654908026
11,q,18,0.024785121902823448,0.8788919423236052,1.1289224654908026
11,q,19,0.02652590163052082,0.8788919423236052,1.1289224654908026
11,q,20,0.02860298939049244,0.8788919423236052,1.1289224654908026
11,q,21,0.03309428319334984,0.8788919423236052,1.1289224654908026
11,q,22,0.03371959179639816,0.8788919423236052,1.1289224654908026
11,q,23,0.03423439338803291,0.8788919423236052,1.1289224654908026
11,q,24,0.03676532953977585,0.8788919423236052,1.1289224654908026
11,q,25,0.03882094472646713,0.8788919423236052,1.1289224654908026
11,q,26,0.04195484519004822,0.8788919423236052,1.1289224654908026
11,q,27,0.045491546392440796,0.8788919423236052,1.1289224654908026
11,q,28,0.04831802099943161,0.8788919423236052,1.1289224654908026
11,q,29,0.049517396837472916,0.8788919423236052,1.1289224654908026
11,q,30,0.06039993464946747,0.8788919423236052,1.1289224654908026
11,q,31,0.06407716870307922,0.8788919423236052,1.1289224654908026
11,q,32,0.06981933861970901,0.8788919423236052,1.1289224654908026
11,q,33,0.07396644353866577,0.8788919423236052,1.1289224654908026
11,q,34,0.08089146763086319,0.8788919423236052,1.1289224654908026
11,q,35,0.0851917713880539,0.8788919423236052,1.1289224654908026
11,q,36,0.08919130265712738,0.8788919423236052,1.1289224654908026
11,q,37,0.09606893360614777,0.8788919423236052,1.1289224654908026
11,q,38,0.0994049459695816,0.8788919423236052,1.1289224654908026
11,q,39,0.11528471112251282,0.8788919423236052,1.1289224654908026
11,q,40,0.13515198230743408,0.8788919423236052,1.1289224654908026
11,q,41,0.13966579735279083,0.8788919423236052,1.1289224654908026
11,q,42,0.15570375323295593,0.8788919423236052,1.1289224654908026
11,q,43,0.16388271749019623,0.8788919423236052,1.1289224654908026
11,q,44,0.18257030844688416,0.8788919423236052,1.1289224654908026
11,q,45,0.19330792129039764,0.8788919423236052,1.1289224654908026
11,q,46,0.21206264197826385,0.8788919423236052,1.1289224654908026
11,q,47,0.22743400931358337,0.8788919423236052,1.1289224654908026
11,q,48,0.2351880669593811,0.8788919423236052,1.1289224654908026
11,q,49,0.2558961808681488,0.8788919423236052,1.1289224654908026
11,q,50,0.2598434090614319,0.8788919423236052,1.1289224654908026
11,q,51,0.27714499831199646,0.8788919423236052,1.1289224654908026
11,q,52,0.3036644458770752,0.8788919423236052,1.1289224654908026
11,q,53,0.32106611132621765,0.8788919423236052,1.1289224654908026
11,q,54,0.3381856083869934,0.8788919423236052,1.1289224654908026
11,q,55,0.37536656856536865,0.8788919423236052,1.1289224654908026
11,q,56,0.38951218128204346,0.8788919423236052,1.1289224654908026
11,q,57,0.41800907254219055,0.8788919423236052,1.1289224654908026
11,q,58,0.4485272765159607,0.8788919423236052,1.1289224654908026
11,q,59,0.4834950268268585,0.8788919423236052,1.1289224654908026
11,q,60,0.5267608761787415,0.8788919423236052,1.1289224654908026
11,q,61,0.5351489186286926,0.8788919423236052,1.1289224654908026
11,q,62,0.5503377914428711,0.8788919423236052,1.1289224654908026
11,q,63,0.5653337836265564,0.8788919423236052,1.1289224654908026
11,q,64,0.6066352725028992,0.8788919423236052,1.1289224654908026
11,q,65,0.6495376825332642,0.8788919423236052,1.1289224654908026
11,q,66,0.6759825348854065,0.8788919423236052,1.1289224654908026
11,q,67,0.7411509156227112,0.8788919423236052,1.1289224654908026
11,q,68,0.7833413481712341,0.8788919423236052,1.1289224654908026
11,q,69,0.8181629776954651,0.8788919423236052,1.1289224654908026
11,q,70,0.8209236264228821,0.8788919423236052,1.1289224654908026
11,q,71,0.850558876991272,0.8788919423236052,1.1289224654908026
11,q,72,0.8529852628707886,0.8788919423236052,1.1289224654908026
11,q,73,0.877636194229126,0.8788919423236052,1.1289224654908026
11,q,74,0.8886717557907104,0.8788919423236052,1.1289224654908026
11,q,75,0.8997498750686646,0.8788919423236052,1.1289224654908026
11,q,76,0.9109797477722168,0.8788919423236052,1.1289224654908026
11,q,77,0.9409302473068237,0.8788919423236052,1.1289224654908026
11,q,78,0.9501698017120361,0.8788919423236052,1.1289224654908026
11,q,79,0.955746591091156,0.8788919423236052,1.1289224654908026
11,q,80,0.9913454055786133,0.8788919423236052,1.1289224654908026
11,q,81,1.0105866193771362,0.8788919423236052,1.1289224654908026
11,q,82,1.0300002098083496,0.8788919423236052,1.1289224654908026
11,q,83,1.039115071296692,0.8788919423236052,1.1289224654908026
11,q,84,1.0503029823303223,0.8788919423236052,1.1289224654908026
11,q,85,1.0718098878860474,0.8788919423236052,1.1289224654908026
11,q,86,1.0869418382644653,0.8788919423236052,1.1289224654908026
11,q,87,1.1355162858963013,0.8788919423236052,1.1289224654908026
11,q,88,1.1490434408187866,0.8788919423236052,1.1289224654908026
11,q,89,1.1764459609985352,0.8788919423236052,1.1289224654908026
11,q,90,1.2612712383270264,0.8788919423236052,1.1289224654908026
11,q,91,1.2840156555175781,0.8788919423236052,1.1289224654908026
11,q,92,1.2989287376403809,0.8788919423236052,1.1289224654908026
11,q,93,1.3074357509613037,0.8788919423236052,1.1289224654908026
11,q,94,1.3308541774749756,0.8788919423236052,1.1289224654908026
11,q,95,1.3750967979431152,0.8788919423236052,1.1289224654908026
11,q,96,1.402514100074768,0.8788919423236052,1.1289224654908026
11,q,97,1.4055943489074707,0.8788919423236052,1.1289224654908026
11,q,98,1.4239864349365234,0.8788919423236052,1.1289224654908026
11,q,99,1.5024555921554565,0.8788919423236052,1.1289224654908026
11,q,100,1.5084435939788818,0.8788919423236052,1.1289224654908026
11,q,101,1.6095771789550781,0.8788919423236052,1.1289224654908026
11,q,102,1.6772288084030151,0.8788919423236052,1.1289224654908026
11,q,103,1.7282387018203735,0.8788919423236052,1.1289224654908026
11,q,104,1.8091760873794556,0.8788919423236052,1.1289224654908026
11,q,105,1.8667770624160767,0.8788919423236052,1.1289224654908026
11,q,106,1.9446889162063599,0.8788919423236052,1.1289224654908026
11,q,107,2.0892391204833984,0.8788919423236052,1.1289224654908026
11,q,108,2.1188976764678955,0.8788919423236052,1.1289224654908026
11,q,109,2.2625789642333984,0.8788919423236052,1.1289224654908026
11,q,110,2.2759273052215576,0.8788919423236052,1.1289224654908026
11,q,111,2.399059772491455,0.8788919423236052,1.1289224654908026
11,q,112,2.423448085784912,0.8788919423236052,1.1289224654908026
11,q,113,2.496546745300293,0.8788919423236052,1.1289224654908026
11,q,114,2.589130163192749,0.8788919423236052,1.1289224654908026
11,q,115,2.63283371925354,0.8788919423236052,1.1289224654908026
11,q,116,2.814492702484131,0.8788919423236052,1.1289224654908026
11,q,117,2.877321243286133,0.8788919423236052,1.1289224654908026
11,q,118,2.909848690032959,0.8788919423236052,1.1289224654908026
11,q,119,3.2620887756347656,0.8788919423236052,1.1289224654908026
11,q,120,3.415393352508545,0.8788919423236052,1.1289224654908026
11,q,121,3.533146381378174,0.8788919423236052,1.1289224654908026
11,q,122,4.0140533447265625,0.8788919423236052,1.1289224654908026
11,q,123,4.153491973876953,0.8788919423236052,1.1289224654908026
11,q,124,4.549908638000488,0.8788919423236052,1.1289224654908026
11,q,125,4.765385627746582,0.8788919423236052,1.1289224654908026
11,q,126,5.140527725219727,0.8788919423236052,1.1289224654908026
11,q,127,6.471181392669678,0.8788919423236052,1.1289224654908026
11,k,0,0.0007411260739900172,0.8788919423236052,1.1289224654908026
11,k,1,0.0010570294689387083,0.8788919423236052,1.1289224654908026
11,k,2,0.001316460082307458,0.8788919423236052,1.1289224654908026
11,k,3,0.001824072329327464,0.8788919423236052,1.1289224654908026
11,k,4,0.0019691528286784887,0.8788919423236052,1.1289224654908026
11,k,5,0.0024896489921957254,0.8788919423236052,1.1289224654908026
11,k,6,0.0025593240279704332,0.8788919423236052,1.1289224654908026
11,k,7,0.002907171845436096,0.8788919423236052,1.1289224654908026
11,k,8,0.0033333420287817717,0.8788919423236052,1.1289224654908026
11,k,9,0.0036574567202478647,0.8788919423236052,1.1289224654908026
11,k,10,0.004060032311826944,0.8788919423236052,1.1289224654908026
11,k,11,0.004253502935171127,0.8788919423236052,1.1289224654908026
11,k,12,0.004896002355962992,0.8788919423236052,1.1289224654908026
11,k,13,0.005005966871976852,0.8788919423236052,1.1289224654908026
11,k,14,0.005827374756336212,0.8788919423236052,1.1289224654908026
11,k,15,0.006871983874589205,0.8788919423236052,1.1289224654908026
11,k,16,0.007390046492218971,0.8788919423236052,1.1289224654908026
11,k,17,0.007843210361897945,0.8788919423236052,1.1289224654908026
11,k,18,0.008740807883441448,0.8788919423236052,1.1289224654908026
11,k,19,0.010385990142822266,0.8788919423236052,1.1289224654908026
11,k,20,0.011323087848722935,0.8788919423236052,1.1289224654908026
11,k,21,0.01339059229940176,0.8788919423236052,1.1289224654908026
11,k,22,0.014766525477170944,0.8788919423236052,1.1289224654908026
11,k,23,0.015020478516817093,0.8788919423236052,1.1289224654908026
11,k,24,0.019712043926119804,0.8788919423236052,1.1289224654908026
11,k,25,0.021260719746351242,0.8788919423236052,1.1289224654908026
11,k,26,0.022478776052594185,0.8788919423236052,1.1289224654908026
11,k,27,0.024691438302397728,0.8788919423236052,1.1289224654908026
11,k,28,0.02563612163066864,0.8788919423236052,1.1289224654908026
11,k,29,0.029480108991265297,0.8788919423236052,1.1289224654908026
11,k,30,0.03130270540714264,0.8788919423236052,1.1289224654908026
11,k,31,0.032881494611501694,0.8788919423236052,1.1289224654908026
11,k,32,0.036181818693876266,0.8788919423236052,1.1289224654908026
11,k,33,0.03747180476784706,0.8788919423236052,1.1289224654908026
11,k,34,0.04178675264120102,0.8788919423236052,1.1289224654908026
11,k,35,0.04373457655310631,0.8788919423236052,1.1289224654908026
11,k,36,0.047402262687683105,0.8788919423236052,1.1289224654908026
11,k,37,0.05857643485069275,0.8788919423236052,1.1289224654908026
11,k,38,0.06662595272064209,0.8788919423236052,1.1289224654908026
11,k,39,0.07196386158466339,0.8788919423236052,1.1289224654908026
11,k,40,0.07620605081319809,0.8788919423236052,1.1289224654908026
11,k,41,0.08233370631933212,0.8788919423236052,1.1289224654908026
11,k,42,0.0944361612200737,0.8788919423236052,1.1289224654908026
11,k,43,0.0984003022313118,0.8788919423236052,1.1289224654908026
11,k,44,0.10110993683338165,0.8788919423236052,1.1289224654908026
11,k,45,0.11027071624994278,0.8788919423236052,1.1289224654908026
11,k,46,0.1160825788974762,0.8788919423236052,1.1289224654908026
11,k,47,0.11968200653791428,0.8788919423236052,1.1289224654908026
11,k,48,0.139203742146492,0.8788919423236052,1.1289224654908026
11,k,49,0.16002269089221954,0.8788919423236052,1.1289224654908026
11,k,50,0.17291419208049774,0.8788919423236052,1.1289224654908026
11,k,51,0.1914038509130478,0.8788919423236052,1.1289224654908026
11,k,52,0.19763712584972382,0.8788919423236052,1.1289224654908026
11,k,53,0.2270382046699524,0.8788919423236052,1.1289224654908026
11,k,54,0.22934849560260773,0.8788919423236052,1.1289224654908026
11,k,55,0.24179670214653015,0.8788919423236052,1.1289224654908026
11,k,56,0.25982099771499634,0.8788919423236052,1.1289224654908026
11,k,57,0.28106677532196045,0.8788919423236052,1.1289224654908026
11,k,58,0.3038613796234131,0.8788919423236052,1.1289224654908026
11,k,59,0.33532750606536865,0.8788919423236052,1.1289224654908026
11,k,60,0.3504922389984131,0.8788919423236052,1.1289224654908026
11,k,61,0.383579283952713,0.8788919423236052,1.1289224654908026
11,k,62,0.4306388199329376,0.8788919423236052,1.1289224654908026
11,k,63,0.5060120224952698,0.8788919423236052,1.1289224654908026
11,k,64,0.5149484276771545,0.8788919423236052,1.1289224654908026
11,k,65,0.5317294597625732,0.8788919423236052,1.1289224654908026
11,k,66,0.5732583999633789,0.8788919423236052,1.1289224654908026
11,k,67,0.5933922529220581,0.8788919423236052,1.1289224654908026
11,k,68,0.6089352369308472,0.8788919423236052,1.1289224654908026
11,k,69,0.6510010361671448,0.8788919423236052,1.1289224654908026
11,k,70,0.7371116876602173,0.8788919423236052,1.1289224654908026
11,k,71,0.7690795660018921,0.8788919423236052,1.1289224654908026
11,k,72,0.777011513710022,0.8788919423236052,1.1289224654908026
11,k,73,0.8157416582107544,0.8788919423236052,1.1289224654908026
11,k,74,0.8238457441329956,0.8788919423236052,1.1289224654908026
11,k,75,0.8424514532089233,0.8788919423236052,1.1289224654908026
11,k,76,0.8619615435600281,0.8788919423236052,1.1289224654908026
11,k,77,0.8720203042030334,0.8788919423236052,1.1289224654908026
11,k,78,0.9006938338279724,0.8788919423236052,1.1289224654908026
11,k,79,0.9341456890106201,0.8788919423236052,1.1289224654908026
11,k,80,0.9449578523635864,0.8788919423236052,1.1289224654908026
11,k,81,0.9516412019729614,0.8788919423236052,1.1289224654908026
11,k,82,0.9775253534317017,0.8788919423236052,1.1289224654908026
11,k,83,1.0075876712799072,0.8788919423236052,1.1289224654908026
11,k,84,1.0266250371932983,0.8788919423236052,1.1289224654908026
11,k,85,1.041747808456421,0.8788919423236052,1.1289224654908026
11,k,86,1.0515291690826416,0.8788919423236052,1.1289224654908026
11,k,87,1.0978827476501465,0.8788919423236052,1.1289224654908026
11,k,88,1.1331124305725098,0.8788919423236052,1.1289224654908026
11,k,89,1.1466052532196045,0.8788919423236052,1.1289224654908026
11,k,90,1.1602448225021362,0.8788919423236052,1.1289224654908026
11,k,91,1.2078170776367188,0.8788919423236052,1.1289224654908026
11,k,92,1.303350806236267,0.8788919423236052,1.1289224654908026
11,k,93,1.3058205842971802,0.8788919423236052,1.1289224654908026
11,k,94,1.3309091329574585,0.8788919423236052,1.1289224654908026
11,k,95,1.342712640762329,0.8788919423236052,1.1289224654908026
11,k,96,1.3994088172912598,0.8788919423236052,1.1289224654908026
11,k,97,1.429639220237732,0.8788919423236052,1.1289224654908026
11,k,98,1.4903590679168701,0.8788919423236052,1.1289224654908026
11,k,99,1.5227543115615845,0.8788919423236052,1.1289224654908026
11,k,100,1.5407832860946655,0.8788919423236052,1.1289224654908026
11,k,101,1.5929628610610962,0.8788919423236052,1.1289224654908026
11,k,102,1.6499645709991455,0.8788919423236052,1.1289224654908026
11,k,103,1.6777139902114868,0.8788919423236052,1.1289224654908026
11,k,104,1.7940711975097656,0.8788919423236052,1.1289224654908026
11,k,105,1.86478590965271,0.8788919423236052,1.1289224654908026
11,k,106,1.928458333015442,0.8788919423236052,1.1289224654908026
11,k,107,2.0668563842773438,0.8788919423236052,1.1289224654908026
11,k,108,2.2229974269866943,0.8788919423236052,1.1289224654908026
11,k,109,2.296125650405884,0.8788919423236052,1.1289224654908026
11,k,110,2.3753716945648193,0.8788919423236052,1.1289224654908026
11,k,111,2.391535758972168,0.8788919423236052,1.1289224654908026
11,k,112,2.5407049655914307,0.8788919423236052,1.1289224654908026
11,k,113,2.709963798522949,0.8788919423236052,1.1289224654908026
11,k,114,2.7640037536621094,0.8788919423236052,1.1289224654908026
11,k,115,2.837921619415283,0.8788919423236052,1.1289224654908026
11,k,116,3.124513626098633,0.8788919423236052,1.1289224654908026
11,k,117,3.244016647338867,0.8788919423236052,1.1289224654908026
11,k,118,3.455618143081665,0.8788919423236052,1.1289224654908026
11,k,119,3.5786519050598145,0.8788919423236052,1.1289224654908026
11,k,120,3.731774091720581,0.8788919423236052,1.1289224654908026
11,k,121,4.038243293762207,0.8788919423236052,1.1289224654908026
11,k,122,4.377276420593262,0.8788919423236052,1.1289224654908026
11,k,123,4.698261260986328,0.8788919423236052,1.1289224654908026
11,k,124,4.875247955322266,0.8788919423236052,1.1289224654908026
11,k,125,5.193911552429199,0.8788919423236052,1.1289224654908026
11,k,126,5.643643379211426,0.8788919423236052,1.1289224654908026
11,k,127,6.1474714279174805,0.8788919423236052,1.1289224654908026
