rank,eigenvalue,cumulative_energy,tail_energy_fraction
1,20321390.0,0.38345443153361863,0.6165455684663814
2,2647970.5,0.4334203060527973,0.5665796939472028
3,1210409.625,0.45626012826363993,0.5437398717363601
4,1065953.5,0.47637413588731975,0.5236258641126803
5,917395.3125,0.49368492506297623,0.5063150749370238
6,748135.375,0.5078018641567497,0.49219813584325034
7,621248.0,0.5195245021594354,0.48047549784056465
8,592927.8125,0.530712752435753,0.469287247564247
9,532021.8125,0.5407517370561787,0.45924826294382126
10,496750.3125,0.5501251661716986,0.4498748338283014
11,430488.21875,0.5582482628300818,0.4417517371699182
12,386142.21875,0.5655345727223634,0.4344654272776366
13,366746.8125,0.5724549010317928,0.42754509896820725
14,360588.96875,0.5792590339198149,0.4207409660801851
15,340256.03125,0.5856794944807733,0.4143205055192267
16,296248.90625,0.5912695626768243,0.4087304373231757
17,283629.125,0.5966215019336002,0.4033784980663998
18,267091.5,0.6016613845056074,0.39833861549439264
19,259659.875,0.6065610360432343,0.3934389639567657
20,243667.265625,0.6111589150674341,0.38884108493256586
21,233808.3125,0.6155707605936271,0.38442923940637286
22,226500.5625,0.6198447125445262,0.3801552874554738
23,220101.75,0.6239979221146297,0.3760020778853703
24,208428.171875,0.6279308571235991,0.3720691428764009
25,202027.0,0.6317430052315505,0.36825699476844953
26,194964.984375,0.6354218966485489,0.36457810335145113
27,184757.28125,0.6389081738300515,0.3610918261699485
28,179481.859375,0.6422949064481075,0.3577050935518925
29,170245.25,0.6455073488824119,0.3544926511175881
30,164809.90625,0.6486172291077411,0.3513827708922589
31,163068.21875,0.6516942445639663,0.3483057554360337
32,158270.453125,0.654680728590483,0.345319271409517
33,151962.09375,0.6575481770412811,0.3424518229587189
34,148299.890625,0.6603465215568929,0.3396534784431071
35,145505.140625,0.663092130542478,0.33690786945752205
36,143565.515625,0.6658011397776639,0.33419886022233614
37,138485.53125,0.6684142922569529,0.3315857077430471
38,133659.171875,0.6709363737568199,0.3290636262431801
39,130655.5234375,0.673401777917975,0.32659822208202505
40,129212.2734375,0.6758399486758878,0.3241600513241122
41,122841.4765625,0.6781579056937899,0.32184209430621014
42,119785.9140625,0.6804182057806722,0.31958179421932775
43,117457.8046875,0.6826345756119501,0.31736542438804993
44,114625.7890625,0.6847975067295583,0.3152024932704417
45,111229.375,0.6868963492182102,0.3131036507817898
46,108926.0703125,0.6889517295032631,0.3110482704967369
47,107736.484375,0.6909846628986384,0.30901533710136164
48,106494.0390625,0.692994151974456,0.307005848025544
49,103906.6875,0.694954819024685,0.30504518097531497
50,101504.734375,0.6968701624248037,0.3031298375751963
51,99892.828125,0.6987550899628785,0.3012449100371215
52,97073.8984375,0.7005868257123574,0.2994131742876426
53,94390.1875,0.7023679211831969,0.2976320788168031
54,93822.890625,0.7041383120466886,0.29586168795331136
55,92338.9765625,0.7058807021964849,0.2941192978035151
56,90172.8671875,0.7075822189493812,0.2924177810506188
57,88574.421875,0.7092535738413692,0.2907464261586308
58,87117.3046875,0.710897433663246,0.289102566336754
59,86013.9453125,0.7125204736474089,0.2874795263525911
60,84369.078125,0.7141124758131779,0.28588752418682206
61,83068.8125,0.7156799426191081,0.28432005738089194
62,81588.09375,0.7172194690052862,0.2827805309947138
63,81136.0546875,0.7187504656411993,0.28124953435880073
64,79840.828125,0.7202570220018539,0.27974297799814607
65,79652.671875,0.7217600279484925,0.2782399720515075
66,78424.203125,0.723239853306294,0.27676014669370597
67,77745.4140625,0.7247068702551189,0.27529312974488107
68,76543.3203125,0.7261512042981212,0.2738487957018788
69,75878.890625,0.7275830008863473,0.2724169991136527
70,74550.546875,0.728989732294606,0.27101026770539405
71,72118.734375,0.7303505766213321,0.26964942337866793
72,71534.0390625,0.7317003880409256,0.26829961195907437
73,71199.78125,0.733043892183336,0.266956107816664
74,69805.6015625,0.7343610888546764,0.26563891114532356
75,68794.2890625,0.7356592025666431,0.2643407974333569
76,67816.6328125,0.7369388683957837,0.2630611316042163
77,67110.234375,0.7382052048408967,0.2617947951591033
78,65774.390625,0.7394463345848059,0.2605536654151941
79,65635.40625,0.7406848417633046,0.2593151582366954
80,64264.0859375,0.7418974728156682,0.2581025271843318
81,63691.05078125,0.7430992909821964,0.2569007090178036
82,62740.34375,0.7442831697841327,0.25571683021586733
83,62212.98046875,0.7454570975055954,0.2545429024944046
84,61439.4140625,0.7466164284171667,0.2533835715828333
85,59942.125,0.7477475062355045,0.25225249376449554
86,59084.91796875,0.7488624089873299,0.2511375910126701
87,59024.953125,0.7499761802326456,0.25002381976735444
88,58147.265625,0.7510733899552812,0.24892661004471883
89,57653.5625,0.7521612837477001,0.24783871625229992
90,57326.84765625,0.753243012594971,0.24675698740502905
91,56379.97265625,0.7543068743861567,0.24569312561384327
92,55841.2890625,0.7553605714882529,0.24463942851174714
93,55488.36328125,0.7564076090579634,0.24359239094203655
94,53863.3203125,0.7574239828823398,0.2425760171176602
95,53471.4609375,0.7584329625169545,0.24156703748304553
96,52825.33203125,0.7594297500233512,0.24057024997664878
97,52452.75,0.7604195070937891,0.23958049290621086
98,52104.68359375,0.7614026963258091,0.23859730367419085
99,51495.9296875,0.7623743986771058,0.23762560132289423
100,51179.21484375,0.7633401247782361,0.2366598752217639
101,50635.9921875,0.7642956005404452,0.2357043994595548
102,50374.859375,0.7652461488575252,0.23475385114247482
103,50013.78515625,0.7661898838852932,0.2338101161147068
104,49742.09765625,0.7671284923062756,0.23287150769372444
105,48866.97265625,0.7680505875576669,0.23194941244233314
106,48356.00390625,0.7689630410851622,0.23103695891483778
107,47876.57421875,0.7698664480150439,0.2301335519849561
108,47413.3046875,0.7707611132813508,0.22923888671864923
109,47041.91796875,0.7716487706666456,0.2283512293333544
110,46516.796875,0.77252651928042,0.22747348071957996
111,46178.2890625,0.7733978804216439,0.22660211957835608
112,45382.8125,0.7742542313193229,0.22574576868067708
113,45106.5078125,0.7751053684862051,0.22489463151379485
114,44975.08203125,0.7759540257145477,0.22404597428545225
115,44120.265625,0.7767865529862722,0.2232134470137278
116,44063.328125,0.7776180058759441,0.2223819941240559
117,43883.98046875,0.7784460745653436,0.22155392543465635
118,42996.29296875,0.7792573930370813,0.2207426069629187
119,42645.40234375,0.7800620903788107,0.2199379096211893
120,42341.8984375,0.7808610607541346,0.21913893924586536
121,41843.86328125,0.7816506334559864,0.2183493665440136
122,41386.1640625,0.7824315696032649,0.21756843039673512
123,41233.2578125,0.7832096204863379,0.2167903795136621
124,40897.0078125,0.7839813265006493,0.21601867349935067
125,40554.80859375,0.7847465753874268,0.21525342461257324
126,40264.78515625,0.7855063516774794,0.2144936483225206
127,39941.71875,0.7862600318665687,0.21373996813343132
128,39565.09765625,0.7870066054046165,0.21299339459538347
129,39426.58203125,0.7877505652223311,0.2122494347776689
130,39148.34765625,0.7884892748970141,0.21151072510298585
131,38768.49609375,0.7892208169633316,0.21077918303666843
132,38452.17578125,0.7899463902240893,0.2100536097759107
133,38300.01953125,0.7906690923727653,0.20933090762723472
134,38115.12109375,0.7913883055807122,0.20861169441928784
135,37491.12109375,0.7920957442217973,0.2079042557782027
136,37352.6875,0.7928005706904377,0.20719942930956226
137,37139.34765625,0.7935013715432858,0.20649862845671418
138,36801.45703125,0.7941957965696017,0.2058042034303983
139,36582.6796875,0.7948860933772289,0.20511390662277107
140,36478.625,0.7955744267251201,0.20442557327487987
141,36166.7890625,0.7962568758853575,0.20374312411464246
142,36043.83984375,0.796937005055536,0.203062994944464
143,35887.16796875,0.797614177906055,0.20238582209394496
144,35573.15625,0.79828542551302,0.20171457448698005
145,35006.890625,0.7989459879718069,0.20105401202819306
146,34627.2734375,0.7995993872447669,0.20040061275523313
147,34359.4765625,0.8002477333250826,0.1997522666749174
148,34003.8828125,0.8008893695297813,0.1991106304702187
149,33994.3671875,0.8015308261794115,0.19846917382058848
150,33599.1640625,0.8021648255443954,0.1978351744556046
151,33281.0859375,0.8027928229347799,0.19720717706522006
152,33098.84765625,0.8034173815802488,0.19658261841975122
153,33012.5625,0.8040403120681192,0.1959596879318808
154,32878.75390625,0.804660717654974,0.19533928234502596
155,32716.107421875,0.8052780541842885,0.19472194581571145
156,32150.24609375,0.8058847131943043,0.19411528680569567
157,32009.826171875,0.8064887225508605,0.19351127744913954
158,31752.220703125,0.807087871021494,0.19291212897850596
159,31622.34765625,0.8076845688529064,0.1923154311470936
160,31323.73828125,0.808275632075262,0.19172436792473802
161,31215.8671875,0.8088646598242109,0.19113534017578915
162,30927.6953125,0.80944824991449,0.19055175008550995
163,30704.61328125,0.8100276305587876,0.18997236944121243
164,30646.111328125,0.8106059073005873,0.18939409269941265
165,30553.1328125,0.8111824295844562,0.1888175704155438
166,30172.095703125,0.8117517618892847,0.18824823811071534
167,29883.1640625,0.8123156421990475,0.1876843578009525
168,29717.76171875,0.8128764014495867,0.18712359855041327
169,29674.85546875,0.8134363510807199,0.18656364891928012
170,29455.82421875,0.8139921677020806,0.1860078322979194
171,29375.107421875,0.81454646123799,0.18545353876200998
172,29070.3125,0.8150950034466772,0.18490499655332282
173,28990.908203125,0.8156420473361292,0.18435795266387078
174,28678.21484375,0.8161831908588071,0.18381680914119292
175,28564.642578125,0.8167221913298258,0.18327780867017418
176,28329.330078125,0.8172567515720551,0.18274324842794487
177,28153.630859375,0.8177879964581967,0.18221200354180334
178,28068.373046875,0.8183176325722008,0.1816823674277992
179,27747.84765625,0.8188412205329313,0.1811587794670687
180,27660.193359375,0.8193631545010668,0.18063684549893322
181,27528.3203125,0.8198826000909849,0.1801173999090151
182,27356.00390625,0.8203987941567895,0.1796012058432105
183,27242.400390625,0.8209128445812633,0.17908715541873665
184,27116.998046875,0.8214245287264406,0.17857547127355944
185,26884.640625,0.8219318284036696,0.17806817159633037
186,26748.662109375,0.8224365622345461,0.1775634377654539
187,26625.650390625,0.8229389748960201,0.17706102510397992
188,26365.34765625,0.8234364757755226,0.1765635242244774
189,26322.771484375,0.8239331732640276,0.1760668267359724
190,26003.310546875,0.8244238426849552,0.17557615731504483
191,25941.138671875,0.8249133389538009,0.17508666104619908
192,25716.69140625,0.8253986000153773,0.17460139998462265
193,25536.533203125,0.8258804615820685,0.17411953841793149
194,25391.41796875,0.8263595848971095,0.17364041510289052
195,25248.513671875,0.8268360116797813,0.17316398832021873
196,25166.30859375,0.8273108872938812,0.17268911270611875
197,25089.408203125,0.8277843118362007,0.17221568816379929
198,24946.283203125,0.8282550356815936,0.17174496431840636
199,24815.69140625,0.8287232953253137,0.17127670467468625
200,24688.052734375,0.8291891464913478,0.17081085350865222
201,24433.1796875,0.8296501883308888,0.17034981166911123
202,24412.9296875,0.8301108480630917,0.16988915193690834
203,24334.7734375,0.8305700330260777,0.16942996697392232
204,24194.0078125,0.8310265618123597,0.16897343818764032
205,24021.03125,0.831479826617711,0.16852017338228897
206,23915.779296875,0.831931105371525,0.16806889462847496
207,23693.08984375,0.8323781820871095,0.16762181791289055
208,23625.96484375,0.8328239921876288,0.16717600781237119
209,23495.50390625,0.833267340555726,0.16673265944427396
210,23424.755859375,0.8337093539436817,0.16629064605631827
211,23226.115234375,0.8341476190827265,0.1658523809172735
212,23194.4921875,0.8345852875107459,0.1654147124892541
213,23047.26171875,0.8350201777737037,0.16497982222629626
214,22902.291015625,0.8354523325122435,0.1645476674877565
215,22811.634765625,0.8358827766128392,0.16411722338716084
216,22552.041015625,0.8363083223096429,0.16369167769035708
217,22535.810546875,0.8367335617456461,0.16326643825435394
218,22484.640625,0.8371578356309018,0.16284216436909815
219,22432.123046875,0.837581118535813,0.16241888146418704
220,22298.625,0.8380018823995721,0.16199811760042793
221,22041.57421875,0.8384177958440834,0.16158220415591662
222,21938.82421875,0.8388317704476571,0.1611682295523429
223,21880.5390625,0.8392446452395812,0.1607553547604188
224,21697.970703125,0.8396540750581812,0.16034592494181876
225,21604.169921875,0.8400617349031105,0.15993826509688946
226,21518.603515625,0.8404677801528933,0.15953221984710675
227,21319.50390625,0.8408700684929601,0.1591299315070399
228,21248.509765625,0.8412710172092198,0.15872898279078018
229,21112.697265625,0.8416694032117586,0.15833059678824135
230,20985.580078125,0.8420653905767598,0.15793460942324022
231,20949.189453125,0.8424606912689289,0.15753930873107114
232,20826.6796875,0.842853680263299,0.157146319736701
233,20766.779296875,0.8432455389673574,0.15675446103264257
234,20691.71875,0.8436359813165636,0.1563640186834364
235,20530.40625,0.8440233797798453,0.15597662022015468
236,20455.880859375,0.8444093719864045,0.15559062801359547
237,20359.46875,0.8447935449448418,0.15520645505515818
238,20303.953125,0.8451766703512945,0.1548233296487055
239,20222.841796875,0.845558265227689,0.15444173477231105
240,20080.3984375,0.8459371722693737,0.1540628277306263
241,19889.80859375,0.8463124829763493,0.1536875170236507
242,19845.31640625,0.8466869541380742,0.15331304586192585
243,19726.337890625,0.8470591802349154,0.15294081976508456
244,19693.494140625,0.847430786586676,0.15256921341332397
245,19612.255859375,0.8478008600128368,0.15219913998716317
246,19473.931640625,0.8481683233304042,0.15183167666959585
247,19326.720703125,0.848533008851455,0.151466991148545
248,19256.62890625,0.8488963717754724,0.1511036282245276
249,19163.44921875,0.8492579764455467,0.15074202355445332
250,19095.91015625,0.8496183066874042,0.15038169331259577
251,19057.791015625,0.8499779176402072,0.15002208235979275
252,18929.251953125,0.8503351031254051,0.14966489687459494
253,18826.822265625,0.8506903558138013,0.14930964418619874
254,18798.37890625,0.8510450717902798,0.14895492820972023
255,18691.71875,0.8513977751431344,0.14860222485686558
256,18502.45703125,0.8517469072223325,0.14825309277766752
257,18456.072265625,0.8520951640442801,0.1479048359557199
258,18351.921875,0.8524414556006218,0.1475585443993782
259,18351.458984375,0.8527877384224498,0.14721226157755019
260,18260.234375,0.8531322998816775,0.1468677001183225
261,18156.9765625,0.8534749129178006,0.14652508708219936
262,18065.525390625,0.853815800316203,0.14618419968379703
263,18008.40234375,0.8541556098313764,0.1458443901686236
264,17910.572265625,0.8544935733420692,0.1455064266579308
265,17815.1015625,0.8548297353685035,0.14517026463149652
266,17717.740234375,0.8551640602355344,0.14483593976446563
267,17563.3203125,0.8554954712761311,0.14450452872386887
268,17551.322265625,0.8558266559196043,0.14417334408039573
269,17469.265625,0.8561562921954469,0.14384370780455313
270,17388.77734375,0.8564844096978133,0.14351559030218675
271,17315.177734375,0.8568111384124847,0.14318886158751531
272,17264.794921875,0.8571369164287677,0.14286308357123234
273,17141.595703125,0.8574603697376172,0.1425396302623828
274,17088.66796875,0.8577828243266794,0.1422171756733206
275,17034.623046875,0.858104259115187,0.14189574088481305
276,17027.248046875,0.8584255547411453,0.14157444525885465
277,16917.30078125,0.8587447757173757,0.14125522428262427
278,16829.978515625,0.8590623489662742,0.1409376510337258
279,16781.22265625,0.859379002216573,0.14062099778342696
280,16706.49609375,0.8596942454141372,0.1403057545858628
281,16625.6796875,0.860007963646671,0.13999203635332902
282,16604.59765625,0.8603212840718546,0.1396787159281454
283,16501.505859375,0.8606326592065652,0.13936734079343482
284,16460.240234375,0.86094325567964,0.13905674432035997
285,16341.919921875,0.861251619507794,0.13874838049220595
286,16280.9765625,0.8615588333653394,0.13844116663466055
287,16270.697265625,0.8618658532577113,0.13813414674228874
288,16215.986328125,0.8621718407821477,0.1378281592178523
289,16129.5185546875,0.8624761967030911,0.13752380329690894
290,16054.8125,0.8627791429582717,0.13722085704172826
291,16016.2119140625,0.8630813608397665,0.1369186391602335
292,15945.650390625,0.8633822472607235,0.13661775273927645
293,15872.62109375,0.8636817556554963,0.13631824434450368
294,15872.396484375,0.863981259812003,0.13601874018799698
295,15732.5341796875,0.8642781248370064,0.1357218751629936
296,15656.7822265625,0.8645735604606686,0.13542643953933142
297,15569.7353515625,0.8648673535534818,0.13513264644651823
298,15513.6318359375,0.8651600880011092,0.13483991199889078
299,15408.2607421875,0.8654508341490753,0.1345491658509247
300,15373.5537109375,0.8657409253927786,0.13425907460722142
301,15323.0166015625,0.8660300630265887,0.1339699369734113
302,15242.75390625,0.866317686143616,0.13368231385638396
303,15159.7099609375,0.8666037422630687,0.1333962577369313
304,15138.0732421875,0.8668893901084965,0.13311060989150347
305,15088.3525390625,0.8671740997492073,0.13282590025079266
306,15042.8583984375,0.8674579509383147,0.13254204906168532
307,15006.849609375,0.8677411226596424,0.13225887734035757
308,14853.109375,0.8680213933798981,0.13197860662010186
309,14818.99609375,0.8683010203996556,0.13169897960034438
310,14769.3193359375,0.8685797100439221,0.1314202899560779
311,14730.73828125,0.8688576716830475,0.1311423283169525
312,14714.9580078125,0.869135335556332,0.13086466444366796
313,14608.4384765625,0.8694109894595161,0.13058901054048389
314,14553.36328125,0.8696856041214026,0.1303143958785974
315,14483.0029296875,0.8699588911187637,0.13004110888123632
316,14375.638671875,0.8702301522064578,0.12976984779354217
317,14346.744140625,0.8705008680688472,0.1294991319311528
318,14304.1171875,0.8707707795820224,0.12922922041797757
319,14276.9169921875,0.8710401778411617,0.12895982215883828
320,14244.462890625,0.8713089637076908,0.12869103629230916
321,14196.2314453125,0.8715768394710507,0.1284231605289493
322,14065.4091796875,0.8718422466839079,0.12815775331609214
323,14040.333984375,0.8721071807404129,0.12789281925958706
324,14023.921875,0.87237180510865,0.12762819489135002
325,13932.7548828125,0.8726347092014943,0.12736529079850567
326,13877.861328125,0.8728965774805086,0.12710342251949136
327,13855.7841796875,0.8731580291748108,0.12684197082518922
328,13807.0966796875,0.8734185621604206,0.12658143783957942
329,13784.3154296875,0.8736786652752749,0.12632133472472507
330,13673.7978515625,0.8739366829788905,0.1260633170211095
331,13659.18359375,0.874194424918795,0.12580557508120505
332,13572.5166015625,0.8744505314960483,0.12554946850395166
333,13554.1142578125,0.87470629083031,0.12529370916968996
334,13507.3828125,0.8749611683656496,0.12503883163435037
335,13429.1328125,0.8752145693627569,0.12478543063724312
336,13428.3818359375,0.8754679561893134,0.12453204381068661
337,13374.2109375,0.8757203208382005,0.1242796791617995
338,13327.3076171875,0.8759718004449707,0.1240281995550293
339,13209.84765625,0.8762210636412222,0.12377893635877779
340,13193.546875,0.8764700192499116,0.12352998075008836
341,13147.583984375,0.8767181075619203,0.12328189243807974
342,13074.93359375,0.8769648249975155,0.12303517500248451
343,13073.095703125,0.8772115077530369,0.12278849224696309
344,13004.8525390625,0.8774569027942987,0.12254309720570133
345,12927.5927734375,0.8777008399825538,0.12229916001744623
346,12925.515625,0.8779447379760603,0.12205526202393968
347,12855.0087890625,0.8781873055409547,0.1218126944590453
348,12813.658203125,0.8784290928410432,0.1215709071589568
349,12773.4140625,0.8786701207543937,0.12132987924560634
350,12757.623046875,0.8789108506992035,0.1210891493007965
351,12642.4150390625,0.87914940672672,0.12085059327327996
352,12630.6611328125,0.8793877409639241,0.12061225903607586
353,12622.00390625,0.8796259118436074,0.12037408815639261
354,12544.3701171875,0.8798626178126495,0.12013738218735048
355,12537.98046875,0.8800992032122321,0.11990079678776788
356,12463.1240234375,0.8803343761082565,0.11966562389174351
357,12429.966796875,0.8805689233440547,0.11943107665594532
358,12412.08203125,0.8808031331033006,0.1191968668966994
359,12353.2998046875,0.8810362336714296,0.11896376632857042
360,12245.2568359375,0.8812672955229568,0.1187327044770432
361,12242.9853515625,0.8814983145127139,0.11850168548728612
362,12239.8125,0.8817292736323541,0.1182707263676459
363,12199.4404296875,0.8819594709512871,0.11804052904871287
364,12129.30859375,0.88218834491767,0.11781165508233005
365,12065.4970703125,0.8824160147926278,0.11758398520737223
366,12045.623046875,0.8826433096547365,0.11735669034526353
367,11999.392578125,0.8828697321710994,0.11713026782890057
368,11963.2080078125,0.8830954719027789,0.11690452809722107
369,11908.4228515625,0.8833201778660524,0.11667982213394756
370,11902.583984375,0.8835447736528323,0.11645522634716765
371,11812.1162109375,0.8837676623581263,0.11623233764187368
372,11759.048828125,0.8839895497085372,0.11601045029146284
373,11747.96875,0.884211227983434,0.11578877201656601
374,11700.3798828125,0.8844320082802882,0.11556799171971177
375,11682.3828125,0.884652448981457,0.115347551018543
376,11638.6103515625,0.8848720637182541,0.11512793628174589
377,11627.9970703125,0.8850914781877599,0.1149085218122401
378,11577.9462890625,0.8853099482241402,0.11469005177585978
379,11540.375,0.8855277093091501,0.11447229069084985
380,11476.40625,0.8857442633359487,0.11425573666405131
381,11439.7724609375,0.8859601261015313,0.1140398738984687
382,11411.9638671875,0.8861754641329048,0.11382453586709518
383,11356.166015625,0.8863897492868201,0.11361025071317987
384,11353.1435546875,0.8866039774084143,0.11339602259158565
385,11268.826171875,0.8868166145033073,0.11318338549669271
386,11241.6953125,0.8870287396524988,0.11297126034750116
387,11215.7021484375,0.8872403743237285,0.11275962567627151
388,11197.818359375,0.887451671536833,0.11254832846316698
389,11114.564453125,0.8876613977905055,0.11233860220949454
390,11099.8564453125,0.8878708465114513,0.11212915348854868
391,11072.5068359375,0.8880797791589929,0.11192022084100706
392,11024.1455078125,0.8882877992525419,0.11171220074745813
393,11002.2099609375,0.8884954054333289,0.11150459456667106
394,10973.47265625,0.8887024693555976,0.1112975306444024
395,10963.3642578125,0.8889093425374605,0.11109065746253954
396,10883.6123046875,0.8891147108399893,0.11088528916001072
397,10821.5400390625,0.8893189078700151,0.11068109212998489
398,10786.8466796875,0.8895224502537595,0.11047754974624047
399,10780.408203125,0.8897258711466822,0.11027412885331778
400,10745.81640625,0.8899286393097569,0.11007136069024315
401,10718.759765625,0.8901308969276005,0.1098691030723995
402,10700.138671875,0.8903328031747497,0.10966719682525028
403,10634.408203125,0.8905334691209387,0.10946653087906133
404,10600.7333984375,0.8907334996404621,0.10926650035953789
405,10581.0029296875,0.8909331578559414,0.1090668421440586
406,10530.87890625,0.8911318702562518,0.10886812974374815
407,10512.1630859375,0.8913302294984251,0.10866977050157489
408,10457.7001953125,0.8915275610531831,0.10847243894681691
409,10428.4658203125,0.8917243409699552,0.10827565903004477
410,10419.1005859375,0.8919209441694546,0.10807905583054545
411,10400.65625,0.8921171993335905,0.10788280066640954
412,10343.1044921875,0.8923123685249373,0.10768763147506266
413,10318.7275390625,0.8925070777354117,0.10749292226458829
414,10294.5634765625,0.8927013309821528,0.10729866901784724
415,10234.2470703125,0.8928944460885762,0.10710555391142385
416,10216.7080078125,0.8930872302416918,0.10691276975830821
417,10187.28125,0.8932794591266544,0.10672054087334559
418,10144.3056640625,0.8934708770838766,0.10652912291612338
419,10129.4384765625,0.8936620145047315,0.10633798549526852
420,10074.2060546875,0.8938521097175025,0.10614789028249749
421,10066.41796875,0.8940420579730001,0.10595794202699993
422,10033.0029296875,0.8942313757034791,0.1057686242965209
423,10002.0908203125,0.8944201101379666,0.10557988986203337
424,9977.0263671875,0.8946083716188017,0.10539162838119831
425,9946.076171875,0.8947960490849827,0.10520395091501733
426,9925.732421875,0.8949833426748102,0.10501665732518983
427,9919.806640625,0.8951705244481192,0.10482947555188082
428,9905.466796875,0.8953574356357727,0.10464256436422725
429,9846.802734375,0.895543239862006,0.10445676013799399
430,9840.1689453125,0.8957289189119686,0.1042710810880314
431,9787.5859375,0.8959136057469612,0.10408639425303878
432,9781.96875,0.8960981865884445,0.10390181341155547
433,9740.9853515625,0.8962819940937657,0.10371800590623426
434,9725.6904296875,0.8964655129915866,0.10353448700841339
435,9699.919921875,0.8966485456128573,0.10335145438714266
436,9671.3759765625,0.8968310396242041,0.10316896037579593
437,9632.03125,0.8970127912203046,0.10298720877969536
438,9598.1025390625,0.8971939025986561,0.10280609740134394
439,9586.560546875,0.897374796185407,0.10262520381459295
440,9549.7880859375,0.8975549958942733,0.10244500410572666
441,9548.73046875,0.8977351756464341,0.10226482435356588
442,9489.6962890625,0.897914241453249,0.10208575854675095
443,9488.51953125,0.8980932850552344,0.10190671494476555
444,9459.28515625,0.8982717770192342,0.10172822298076578
445,9424.0380859375,0.898449603888705,0.10155039611129502
446,9403.552734375,0.8986270442098717,0.10137295579012828
447,9361.34375,0.8988036880686849,0.10119631193131506
448,9326.3828125,0.8989796722321517,0.1010203277678483
449,9273.8134765625,0.8991546644386299,0.1008453355613701
450,9273.3544921875,0.8993296479843033,0.10067035201569674
451,9247.91796875,0.8995041515555441,0.10049584844445592
452,9217.66796875,0.8996780843244649,0.10032191567553506
453,9182.0537109375,0.8998513450702131,0.10014865492978686
454,9155.4423828125,0.9000241036735538,0.09997589632644621
455,9141.896484375,0.9001966066725885,0.0998033933274115
456,9106.23046875,0.9003684366718065,0.09963156332819345
457,9101.80859375,0.9005401832324623,0.09945981676753768
458,9075.3955078125,0.9007114313914412,0.09928856860855884
459,9047.4287109375,0.9008821518309973,0.09911784816900271
460,9007.7119140625,0.9010521228345274,0.0989478771654726
461,8997.888671875,0.9012219084784069,0.09877809152159311
462,8975.1396484375,0.9013912648596302,0.09860873514036983
463,8932.9111328125,0.9015598244099549,0.09844017559004514
464,8925.75390625,0.901728248907006,0.09827175109299402
465,8898.0615234375,0.9018961508626901,0.09810384913730985
466,8869.2900390625,0.9020635099149025,0.09793649008509753
467,8865.072265625,0.9022307893798465,0.09776921062015353
468,8822.52734375,0.9023972660434648,0.09760273395653518
469,8770.9482421875,0.9025627694353203,0.09743723056467968
470,8759.6552734375,0.9027280597345226,0.09727194026547736
471,8751.349609375,0.902893193310012,0.09710680668998795
472,8743.7265625,0.9030581830424323,0.09694181695756765
473,8718.908203125,0.9032227044648657,0.09677729553513426
474,8668.447265625,0.903386273714731,0.09661372628526899
475,8657.8837890625,0.9035496436370946,0.09645035636290544
476,8636.1650390625,0.9037126037375446,0.09628739626245542
477,8624.1337890625,0.9038753368143446,0.09612466318565538
478,8586.0849609375,0.9040373519288519,0.09596264807114807
479,8576.3330078125,0.9041991830288973,0.09580081697110265
480,8546.5947265625,0.9043604529824991,0.09563954701750088
481,8510.2158203125,0.9045210364843956,0.09547896351560436
482,8469.7861328125,0.9046808570983778,0.09531914290162224
483,8459.04296875,0.9048404749942451,0.09515952500575486
484,8447.3603515625,0.9049998724449888,0.0950001275550112
485,8416.0888671875,0.9051586798185152,0.09484132018148483
486,8384.185546875,0.905316885192397,0.09468311480760305
487,8370.923828125,0.9054748403243011,0.09452515967569886
488,8339.8056640625,0.9056322082720653,0.09436779172793475
489,8332.2275390625,0.9057894332244134,0.09421056677558659
490,8298.8056640625,0.9059460275227523,0.09405397247724767
491,8265.578125,0.9061019948341035,0.09389800516589653
492,8251.81640625,0.9062577024687278,0.09374229753127217
493,8239.5751953125,0.9064131791178447,0.09358682088215531
494,8222.6337890625,0.9065683360911272,0.09343166390887281
495,8199.8251953125,0.9067230626776916,0.09327693732230835
496,8164.31640625,0.9068771192312256,0.0931228807687744
497,8150.71337890625,0.9070309191024599,0.09296908089754008
498,8115.07080078125,0.9071840464161313,0.09281595358386874
499,8104.33203125,0.9073369710946105,0.09266302890538947
500,8097.8525390625,0.9074897735083238,0.09251022649167617
501,8068.87744140625,0.9076420291764848,0.09235797082351516
502,8055.8251953125,0.9077940385553119,0.09220596144468807
503,8032.6982421875,0.9079456115401392,0.0920543884598608
504,8023.15185546875,0.9080970043894396,0.09190299561056037
505,7991.06982421875,0.90824779186691,0.09175220813309004
506,7965.00390625,0.9083980874935887,0.09160191250641125
507,7957.07861328125,0.9085482335739664,0.09145176642603359
508,7937.72900390625,0.9086980145369251,0.09130198546307489
509,7903.33154296875,0.9088471464370576,0.09115285356294245
510,7898.58056640625,0.9089961886886463,0.09100381131135371
511,7890.7978515625,0.9091450840843115,0.0908549159156885
512,7872.75537109375,0.9092936390274244,0.09070636097257556
513,7862.53173828125,0.9094420010557167,0.09055799894428329
514,7849.05126953125,0.9095901087143284,0.09040989128567156
515,7811.65380859375,0.9097375107016192,0.09026248929838077
516,7795.1640625,0.9098846015356763,0.0901153984643237
517,7779.79638671875,0.9100314023894032,0.08996859761059683
518,7765.05126953125,0.9101779250101681,0.08982207498983186
519,7727.28369140625,0.9103237349756866,0.08967626502431336
520,7704.20068359375,0.9104691093764312,0.08953089062356878
521,7699.73583984375,0.9106143995278149,0.08938560047218513
522,7663.888671875,0.910759013261128,0.08924098673887204
523,7637.3173828125,0.9109031256075505,0.08909687439244951
524,7603.04345703125,0.9110465912221931,0.08895340877780689
525,7588.1328125,0.9111897754804559,0.08881022451954412
526,7565.3076171875,0.9113325290387374,0.0886674709612626
527,7548.123046875,0.9114749583328007,0.08852504166719932
528,7534.50146484375,0.9116171305944467,0.08838286940555329
529,7511.5712890625,0.9117588701751826,0.08824112982481735
530,7508.77001953125,0.9119005568973683,0.08809944310263174
531,7484.52783203125,0.9120417861816411,0.08795821381835889
532,7468.033203125,0.9121827042205439,0.08781729577945607
533,7465.2919921875,0.9123235705341719,0.0876764294658281
534,7438.6767578125,0.9124639346316834,0.0875360653683166
535,7407.06298828125,0.9126037021932284,0.0873962978067716
536,7403.64794921875,0.9127434053147,0.0872565946853
537,7376.7099609375,0.912882600129851,0.08711739987014899
538,7355.22607421875,0.9130213895548406,0.08697861044515942
539,7349.46630859375,0.9131600702959434,0.08683992970405663
540,7332.619140625,0.9132984331394408,0.08670156686055919
541,7315.04638671875,0.9134364643938905,0.08656353560610952
542,7293.6669921875,0.913574092229894,0.08642590777010595
543,7269.65478515625,0.9137112669676009,0.08628873303239915
544,7252.6142578125,0.9138481201591081,0.0861518798408919
545,7241.5439453125,0.9139847644593737,0.08601523554062629
546,7238.00146484375,0.9141213419148106,0.08587865808518935
547,7213.98486328125,0.9142574661890281,0.08574253381097185
548,7193.19775390625,0.9143931982209232,0.08560680177907676
549,7186.42919921875,0.914528802533588,0.08547119746641196
550,7165.5693359375,0.9146640132311007,0.08533598676889931
551,7153.208984375,0.9147989906949822,0.08520100930501784
552,7126.0712890625,0.9149334560841713,0.08506654391582869
553,7086.26318359375,0.915067170314387,0.084932829685613
554,7059.7421875,0.9152003841067152,0.08479961589328477
555,7057.2138671875,0.915333550190908,0.08466644980909199
556,7045.68017578125,0.9154664986401317,0.08453350135986826
557,7022.072265625,0.915599001619938,0.08440099838006199
558,6997.15087890625,0.9157310343456829,0.08426896565431707
559,6976.66357421875,0.9158626804862694,0.0841373195137306
560,6976.12841796875,0.9159943165287261,0.0840056834712739
561,6960.5126953125,0.9161256579103325,0.08387434208966749
562,6934.08837890625,0.9162565006783487,0.08374349932165126
563,6912.4248046875,0.9163869346655907,0.08361306533440926
564,6911.43310546875,0.9165173499399661,0.08348265006003386
565,6892.009765625,0.9166473987056659,0.08335260129433408
566,6890.67333984375,0.9167774222536818,0.08322257774631825
567,6847.04541015625,0.9169066225645579,0.0830933774354421
568,6839.384765625,0.9170356783229161,0.0829643216770839
569,6827.25341796875,0.9171645051688319,0.08283549483116814
570,6810.87109375,0.9172930228885106,0.08270697711148944
571,6810.60693359375,0.9174215356236197,0.08257846437638028
572,6807.189453125,0.9175499838725875,0.08245001612741254
573,6775.439453125,0.9176778330149881,0.08232216698501194
574,6761.919921875,0.9178054270506184,0.0821945729493816
575,6745.40869140625,0.9179327095276155,0.08206729047238448
576,6720.80810546875,0.9180595278039012,0.08194047219609879
577,6716.87158203125,0.9181862717999651,0.08181372820003485
578,6684.74951171875,0.9183124096686818,0.08168759033131823
579,6654.86279296875,0.9184379835900135,0.0815620164099865
580,6642.21240234375,0.9185633188048224,0.08143668119517755
581,6633.42236328125,0.9186884881560053,0.08131151184399465
582,6625.67041015625,0.918813511231723,0.08118648876827705
583,6607.1552734375,0.9189381849361019,0.08106181506389809
584,6583.07080078125,0.9190624041785681,0.0809375958214319
585,6567.85107421875,0.9191863362324316,0.08081366376756838
586,6553.7255859375,0.9193100017454198,0.08068999825458023
587,6550.1640625,0.919433600054248,0.08056639994575199
588,6539.17431640625,0.9195569909920823,0.08044300900791768
589,6514.6728515625,0.9196799195995704,0.0803200804004296
590,6493.79052734375,0.9198024541680798,0.08019754583192018
591,6463.23974609375,0.9199244122586782,0.08007558774132184
592,6445.4697265625,0.9200460350379254,0.07995396496207463
593,6441.04296875,0.920167574286474,0.079832425713526
594,6419.548828125,0.9202887079513755,0.07971129204862448
595,6417.751953125,0.9204098077101474,0.07959019228985265
596,6416.12646484375,0.920530876796771,0.07946912320322896
597,6395.6328125,0.9206515591784593,0.07934844082154069
598,6381.5791015625,0.9207719763736746,0.07922802362632542
599,6367.2431640625,0.9208921230569433,0.07910787694305665
600,6362.8349609375,0.9210121865596314,0.07898781344036865
601,6341.2705078125,0.9211318431519104,0.07886815684808957
602,6339.16650390625,0.9212514600426917,0.07874853995730835
603,6326.63623046875,0.9213708404935012,0.07862915950649885
604,6313.43212890625,0.9214899717895402,0.07851002821045983
605,6304.13623046875,0.9216089276766407,0.07839107232335929
606,6275.04443359375,0.9217273346161331,0.0782726653838669
607,6270.953125,0.9218456643546855,0.07815433564531449
608,6257.53271484375,0.9219637408568329,0.07803625914316714
609,6227.27001953125,0.9220812463171063,0.0779187536828937
610,6218.43798828125,0.9221985851213822,0.0778014148786178
611,6217.38427734375,0.9223159040426614,0.0776840959573386
612,6212.28466796875,0.9224331267368708,0.07756687326312917
613,6173.85302734375,0.9225496242453076,0.07745037575469238
614,6164.27392578125,0.9226659410009049,0.07733405899909507
615,6149.33984375,0.9227819759578687,0.0772180240421313
616,6142.4853515625,0.9228978815740045,0.07710211842599546
617,6120.24365234375,0.9230133675004375,0.0769866324995625
618,6103.23583984375,0.9231285324979837,0.07687146750201634
619,6078.931640625,0.9232432388874868,0.07675676111251317
620,6074.26025390625,0.923357857130267,0.07664214286973303
621,6064.9677734375,0.9234723000286038,0.07652769997139619
622,6058.71435546875,0.9235866249280816,0.07641337507191837
623,6052.49365234375,0.9237008324460133,0.07629916755398669
624,6041.66845703125,0.9238148356979416,0.07618516430205835
625,6033.62158203125,0.923928687109377,0.07607131289062297
626,6024.31787109375,0.9240423629644557,0.07595763703554426
627,6007.46240234375,0.9241557207652976,0.07584427923470238
628,5987.515625,0.9242687021804608,0.07573129781953924
629,5972.3271484375,0.9243813969966932,0.0756186030033068
630,5968.0751953125,0.9244940115807039,0.07550598841929612
631,5956.14599609375,0.9246064010667115,0.07539359893328845
632,5943.23681640625,0.9247185469629768,0.07528145303702316
633,5937.62744140625,0.9248305870131507,0.07516941298684932
634,5899.1357421875,0.9249419007442764,0.0750580992557236
635,5889.89990234375,0.925053040199739,0.074946959800261
636,5873.44140625,0.9251638690916395,0.0748361309083605
637,5872.61279296875,0.9252746823480233,0.07472531765197665
638,5863.5751953125,0.9253853250694746,0.07461467493052543
639,5850.70068359375,0.9254957248553506,0.07450427514464941
640,5840.58154296875,0.9256059336981208,0.07439406630187917
641,5820.5419921875,0.9257157644046243,0.07428423559537567
642,5814.701171875,0.9258254848977795,0.0741745151022205
643,5799.763671875,0.9259349235278057,0.07406507647219429
644,5780.50390625,0.9260439987357196,0.07395600126428037
645,5770.74072265625,0.9261528897172585,0.07384711028274149
646,5759.16064453125,0.9262615621885343,0.07373843781146572
647,5750.43603515625,0.9263700700308094,0.0736299299691906
648,5747.740234375,0.9264785270046766,0.07352147299532341
649,5738.04345703125,0.9265868010052214,0.0734131989947786
650,5731.3271484375,0.9266949482723934,0.0733050517276066
651,5705.845703125,0.9268026147174796,0.0731973852825204
652,5692.50048828125,0.9269100293450587,0.07308997065494127
653,5689.796875,0.9270173929568118,0.07298260704318815
654,5679.75634765625,0.9271245671088526,0.0728754328911474
655,5672.681640625,0.927231607764722,0.07276839223527798
656,5647.4501953125,0.9273381723158801,0.07266182768411988
657,5628.68701171875,0.9274443828151795,0.07255561718482051
658,5616.4150390625,0.9275503617485134,0.07244963825148665
659,5609.1103515625,0.9276562028460598,0.07234379715394024
660,5590.01318359375,0.92776168358963,0.07223831641037004
661,5582.5302734375,0.9278670231344406,0.07213297686555942
662,5582.45703125,0.927972361297208,0.07202763870279205
663,5579.3916015625,0.9280776416168555,0.07192235838314454
664,5548.19140625,0.9281823332044743,0.0718176667955257
665,5532.703125,0.9282867325359985,0.07171326746400153
666,5516.5712890625,0.9283908274678738,0.07160917253212618
667,5515.95263671875,0.9284949107260899,0.07150508927391008
668,5503.69189453125,0.9285987626302536,0.07140123736974635
669,5502.412109375,0.9287025903855136,0.07129740961448638
670,5484.38134765625,0.9288060779093483,0.07119392209065167
671,5467.9921875,0.9289092561779554,0.07109074382204461
672,5467.134765625,0.9290124182674419,0.07098758173255815
673,5443.19970703125,0.929115128714384,0.07088487128561605
674,5425.63330078125,0.9292175076920552,0.07078249230794476
675,5422.6826171875,0.9293198309918079,0.07068016900819207
676,5416.0,0.9294220281939278,0.07057797180607217
677,5396.1787109375,0.9295238513782699,0.07047614862173013
678,5389.81689453125,0.9296255545183288,0.07037444548167116
679,5380.20166015625,0.9297270762237403,0.07027292377625971
680,5366.509765625,0.9298283395699728,0.0701716604300272
681,5365.84912109375,0.9299295904501746,0.07007040954982535
682,5352.173828125,0.9300305832844608,0.06996941671553925
683,5336.33984375,0.9301312773394075,0.06986872266059252
684,5327.68017578125,0.9302318079907654,0.06976819200923456
685,5322.13134765625,0.930332233938521,0.06966776606147895
686,5320.609375,0.9304326311674165,0.06956736883258352
687,5289.63671875,0.9305324439578313,0.0694675560421687
688,5288.1552734375,0.9306322287941164,0.06936777120588355
689,5281.65380859375,0.9307318909510227,0.06926810904897729
690,5267.6298828125,0.930831288483487,0.06916871151651305
691,5262.912109375,0.9309305969939339,0.06906940300606612
692,5250.44287109375,0.9310296702161118,0.06897032978388817
693,5231.873046875,0.9311283930350256,0.06887160696497441
694,5213.8837890625,0.9312267764056719,0.06877322359432814
695,5212.71337890625,0.9313251376912658,0.06867486230873421
696,5198.84130859375,0.9314232372178542,0.06857676278214575
697,5191.26806640625,0.9315211938411632,0.06847880615883684
698,5177.47119140625,0.9316188901243644,0.06838110987563562
699,5165.6455078125,0.9317163632628506,0.06828363673714943
700,5152.251953125,0.9318135836716811,0.0681864163283189
701,5142.83056640625,0.931910626303672,0.06808937369632795
702,5136.10400390625,0.9320075420088042,0.0679924579911958
703,5130.89990234375,0.9321043595151514,0.06789564048484864
704,5120.10888671875,0.9322009734004489,0.06779902659955106
705,5097.45947265625,0.9322971599026691,0.06770284009733085
706,5097.05224609375,0.9323933387207285,0.06760666127927151
707,5093.388671875,0.9324894484089808,0.06751055159101915
708,5084.40673828125,0.9325853886126536,0.06741461138734639
709,5052.689453125,0.9326807303270719,0.06731926967292812
710,5048.189453125,0.9327759871287485,0.06722401287125146
711,5043.2705078125,0.9328711511123955,0.06712884888760451
712,5042.900390625,0.9329663081121168,0.06703369188788322
713,5012.2763671875,0.9330608872518839,0.06693911274811615
714,5011.52880859375,0.9331554522855953,0.06684454771440473
715,4995.01416015625,0.9332497056961782,0.06675029430382184
716,4991.11962890625,0.9333438856189107,0.06665611438108932
717,4986.06640625,0.9334379701898676,0.06656202981013237
718,4971.07861328125,0.9335317719486924,0.06646822805130759
719,4959.40673828125,0.9336253534650932,0.06637464653490677
720,4959.06982421875,0.9337189286240947,0.06628107137590533
721,4953.4794921875,0.9338123982963361,0.06618760170366389
722,4938.21484375,0.9339055799323217,0.0660944200676783
723,4935.36572265625,0.933998707806822,0.06600129219317796
724,4905.14501953125,0.9340912654318198,0.06590873456818025
725,4904.79052734375,0.934183816367728,0.06581618363227204
726,4901.82421875,0.9342763113308814,0.0657236886691186
727,4898.5576171875,0.9343687446549027,0.06563125534509728
728,4878.50244140625,0.9344607995478212,0.06553920045217876
729,4870.06103515625,0.9345526951556399,0.06544730484436012
730,4854.65283203125,0.9346443000183978,0.06535569998160218
731,4847.4765625,0.9347357694685509,0.06526423053144914
732,4843.82958984375,0.93482717010216,0.06517282989784001
733,4834.2529296875,0.9349183900289979,0.0650816099710021
734,4833.51904296875,0.9350095961077616,0.06499040389223842
735,4818.87255859375,0.9351005258147151,0.06489947418528486
736,4807.19384765625,0.9351912351502539,0.06480876484974607
737,4804.57275390625,0.935281895027069,0.06471810497293096
738,4795.79052734375,0.935372389187676,0.06462761081232404
739,4783.1748046875,0.9354626452959273,0.06453735470407274
740,4773.8212890625,0.9355527249080327,0.06444727509196735
741,4761.1220703125,0.9356425648922528,0.06435743510774716
742,4750.98095703125,0.9357322135187546,0.06426778648124543
743,4743.6533203125,0.9358217238764286,0.06417827612357141
744,4741.7548828125,0.9359111984115397,0.06408880158846031
745,4737.20458984375,0.9360005870849059,0.06399941291509414
746,4722.5869140625,0.9360896999300655,0.06391030006993448
747,4701.9658203125,0.9361784236655344,0.06382157633446561
748,4701.408203125,0.9362671368790466,0.06373286312095339
749,4691.65185546875,0.9363556659951746,0.06364433400482539
750,4675.9326171875,0.9364438984971646,0.06355610150283542
751,4667.3525390625,0.936531969097386,0.06346803090261399
752,4659.63720703125,0.9366198941131637,0.06338010588683629
753,4651.10400390625,0.9367076581116807,0.06329234188831934
754,4641.9912109375,0.9367952501563672,0.06320474984363278
755,4641.56591796875,0.9368828341759889,0.06311716582401106
756,4634.224609375,0.9369702796688015,0.06302972033119847
757,4611.478515625,0.9370572959542396,0.06294270404576041
758,4597.328125,0.9371440452289076,0.0628559547710924
759,4590.1904296875,0.9372306598188469,0.0627693401811531
760,4585.2275390625,0.9373171807615307,0.0626828192384693
761,4571.15380859375,0.937403436139983,0.062596563860017
762,4568.30029296875,0.9374896376740274,0.06251036232597262
763,4553.95556640625,0.9375755685302801,0.06242443146971988
764,4548.34033203125,0.9376613934298781,0.06233860657012191
765,4540.95458984375,0.9377470789642273,0.062252921035772735
766,4516.80078125,0.9378323087283292,0.062167691271670766
767,4516.60693359375,0.9379175348346233,0.06208246516537674
768,4504.33984375,0.9380025294670878,0.06199747053291216
769,4500.69775390625,0.9380874553751448,0.06191254462485518
770,4495.69189453125,0.9381722868251473,0.061827713174852694
771,4492.97802734375,0.938257067065838,0.061742932934162
772,4479.7451171875,0.9383415976081545,0.0616584023918455
773,4477.95166015625,0.9384260943088369,0.061573905691163056
774,4466.767578125,0.9385103799715039,0.06148962002849612
775,4450.2646484375,0.9385943542321691,0.06140564576783092
776,4443.6416015625,0.9386782035192635,0.061321796480736546
777,4441.2197265625,0.9387620071067919,0.06123799289320808
778,4425.41455078125,0.9388455124585848,0.06115448754141517
779,4414.623046875,0.9389288141801144,0.061071185819885576
780,4413.09521484375,0.9390120870722203,0.06098791292777972
781,4408.0615234375,0.9390952649810954,0.06090473501890459
782,4399.20166015625,0.9391782757087964,0.06082172429120358
783,4391.81689453125,0.939261147089676,0.06073885291032399
784,4380.4287109375,0.939343803581246,0.06065619641875397
785,4378.205078125,0.9394264181139808,0.060573581886019245
786,4375.716796875,0.939508985694097,0.06049101430590298
787,4369.1875,0.9395914300696577,0.06040856993034227
788,4349.1337890625,0.9396734960417565,0.06032650395824346
789,4340.29638671875,0.9397553952565079,0.060244604743492136
790,4337.365234375,0.9398372391618854,0.06016276083811456
791,4334.541015625,0.9399190297756725,0.06008097022432746
792,4331.0478515625,0.9400007544752066,0.05999924552479341
793,4327.43115234375,0.9400824109294414,0.05991758907055855
794,4306.1142578125,0.9401636651445738,0.059836334855426165
795,4303.1796875,0.940244863985837,0.059755136014163046
796,4283.2646484375,0.940325687040307,0.059674312959693054
797,4276.73095703125,0.9404063868072987,0.05959361319270129
798,4270.765625,0.9404869740114687,0.059513025988531254
799,4259.228515625,0.9405673435161744,0.05943265648382556
800,4258.8564453125,0.9406477060001,0.05935229399990005
801,4246.609375,0.9407278373879546,0.059272162612045376
802,4242.86279296875,0.9408078980796866,0.059192101920313434
803,4227.98974609375,0.9408876781244875,0.05911232187551252
804,4216.2216796875,0.9409672361117809,0.0590327638882191
805,4209.16259765625,0.9410466608977388,0.05895333910226119
806,4205.2958984375,0.9411260127210228,0.05887398727897719
807,4203.7548828125,0.9412053354661154,0.0587946645338846
808,4189.02880859375,0.9412843803375772,0.05871561966242278
809,4182.53662109375,0.941363302704719,0.05863669729528098
810,4171.6201171875,0.9414420190829101,0.05855798091708986
811,4166.80517578125,0.9415206446055733,0.058479355394426724
812,4165.03076171875,0.9415992366459335,0.05840076335406652
813,4159.65966796875,0.9416777273364499,0.05832227266355006
814,4155.466796875,0.9417561389095929,0.058243861090407134
815,4154.4404296875,0.9418345311157021,0.058165468884297855
816,4147.36865234375,0.9419127898809216,0.05808721011907836
817,4141.5576171875,0.9419909389948239,0.05800906100517611
818,4122.07958984375,0.9420687205681247,0.05793127943187526
819,4118.419921875,0.9421464330853275,0.05785356691467247
820,4112.779296875,0.9422240391667672,0.057775960833232776
821,4104.662109375,0.942301492080952,0.05769850791904796
822,4102.06884765625,0.9423788960615898,0.057621103938410245
823,4089.379150390625,0.942456060594008,0.057543939405992006
824,4085.96875,0.9425331607738823,0.05746683922611773
825,4075.94921875,0.9426100718902298,0.05738992810977017
826,4061.815185546875,0.9426867163044638,0.05731328369553623
827,4060.183837890625,0.942763329935986,0.057236670064014006
828,4057.2626953125,0.9428398884470137,0.05716011155298628
829,4051.249755859375,0.9429163334968914,0.05708366650310859
830,4043.19775390625,0.942992626609533,0.05700737339046702
831,4041.843017578125,0.9430688941589798,0.056931105841020235
832,4036.16455078125,0.9431450545586078,0.056854945441392246
833,4027.6396484375,0.9432210540976065,0.05677894590239352
834,4020.06494140625,0.9432969107056848,0.05670308929431522
835,4016.8955078125,0.9433727075081416,0.05662729249185838
836,4007.910888671875,0.943448334775344,0.056551665224656045
837,3999.08544921875,0.9435237955109326,0.05647620448906743
838,3994.880615234375,0.9435991769034141,0.056400823096585895
839,3988.144775390625,0.943674431193978,0.05632556880602202
840,3985.248291015625,0.9437496308293352,0.05625036917066484
841,3972.31787109375,0.9438245864741572,0.056175413525842766
842,3967.2353515625,0.9438994462143863,0.05610055378561374
843,3961.85498046875,0.9439742044297128,0.056025795570287196
844,3949.922607421875,0.9440487374871479,0.055951262512852096
845,3949.8271484375,0.9441232687433199,0.055876731256680134
846,3934.470458984375,0.9441975102264683,0.05580248977353175
847,3934.1875,0.9442717463703225,0.05572825362967748
848,3925.571533203125,0.944345819935207,0.055654180064792946
849,3919.81103515625,0.9444197848023842,0.0555802151976158
850,3911.76171875,0.9444935977830001,0.05550640221699987
851,3902.981689453125,0.9445672450888691,0.055432754911130866
852,3897.485107421875,0.9446407886769936,0.05535921132300636
853,3894.968505859375,0.9447142847781096,0.05528571522189041
854,3883.530517578125,0.9447875650501265,0.05521243494987349
855,3878.983154296875,0.9448607595156803,0.05513924048431973
856,3866.7431640625,0.9449337230187606,0.05506627698123945
857,3863.543701171875,0.9450066261495818,0.05499337385041825
858,3861.908447265625,0.9450794984239823,0.05492050157601769
859,3855.325439453125,0.945152246480329,0.05484775351967097
860,3841.64990234375,0.9452247364861531,0.05477526351384687
861,3832.457763671875,0.9452970530409334,0.054702946959066634
862,3829.52783203125,0.9453693143093739,0.054630685690626124
863,3828.4462890625,0.9454415551696412,0.054558444830358765
864,3826.318115234375,0.9455137558723364,0.05448624412766356
865,3815.248779296875,0.9455857477022175,0.05441425229778252
866,3813.823974609375,0.9456577126467489,0.054342287353251084
867,3802.607421875,0.9457294659405591,0.054270534059440934
868,3800.839111328125,0.9458011858672366,0.054198814132763395
869,3795.4111328125,0.9458728033706835,0.05412719662931653
870,3788.598876953125,0.9459442923302808,0.05405570766971923
871,3775.43408203125,0.9460155328768043,0.05398446712319571
872,3771.51708984375,0.9460866995116508,0.05391330048834919
873,3768.325439453125,0.9461578059216562,0.053842194078343786
874,3762.818359375,0.9462288084158241,0.05377119158417587
875,3758.337158203125,0.9462997263519747,0.05370027364802532
876,3749.961181640625,0.9463704862376507,0.05362951376234926
877,3739.18603515625,0.9464410428017199,0.05355895719828008
878,3734.467041015625,0.9465115103207378,0.05348848967926223
879,3724.9765625,0.9465817987591886,0.053418201240811425
880,3724.66796875,0.9466520813746301,0.05334791862536992
881,3708.60009765625,0.9467220607974074,0.053277939202592606
882,3695.523681640625,0.9467917934747766,0.0532082065252234
883,3695.324462890625,0.9468615223929878,0.05313847760701218
884,3688.888916015625,0.9469311298756592,0.053068870124340806
885,3684.9111328125,0.9470006622995575,0.05299933770044252
886,3682.606689453125,0.9470701512397661,0.05292984876023388
887,3672.375732421875,0.9471394471269498,0.05286055287305025
888,3669.14990234375,0.9472086821443385,0.05279131785566149
889,3666.791259765625,0.9472778726553256,0.05272212734467441
890,3658.519775390625,0.9473469070875532,0.0526530929124468
891,3649.548095703125,0.9474157722286873,0.052584227771312664
892,3644.832275390625,0.9474845483846588,0.05251545161534121
893,3635.466552734375,0.9475531478141436,0.05244685218585643
894,3631.31982421875,0.9476216689969422,0.052378331003057776
895,3625.872802734375,0.9476900873971789,0.05230991260282114
896,3623.147216796875,0.9477584543669767,0.0522415456330233
897,3602.015869140625,0.9478264225988484,0.05217357740115158
898,3599.044189453125,0.9478943347566158,0.052105665243384225
899,3595.84912109375,0.9479621866250465,0.0520378133749535
900,3591.213134765625,0.9480299510147416,0.051970048985258366
901,3588.423828125,0.9480976627716203,0.05190233722837967
902,3578.5322265625,0.9481651878789412,0.05183481212105878
903,3576.89453125,0.9482326820837735,0.05176731791622646
904,3563.607666015625,0.9482999255721265,0.0517000744278735
905,3559.452392578125,0.9483670906525549,0.05163290934744513
906,3556.45556640625,0.9484341991843773,0.051565800815622675
907,3555.359375,0.948501287031618,0.05149871296838204
908,3546.106689453125,0.9485682002853256,0.051431799714674376
909,3532.889404296875,0.9486348641354951,0.05136513586450486
910,3532.376953125,0.9487015183159682,0.05129848168403184
911,3528.318115234375,0.948768095908207,0.05123190409179301
912,3518.942138671875,0.9488344965804733,0.05116550341952675
913,3514.378173828125,0.9489008111330132,0.05109918886698683
914,3504.393798828125,0.9489669372854073,0.051033062714592736
915,3498.7841796875,0.9490329575871032,0.050967042412896846
916,3498.7197265625,0.949098976672601,0.050901023327398986
917,3496.92626953125,0.9491649619164646,0.0508350380835354
918,3489.134521484375,0.9492308001339528,0.05076919986604722
919,3478.51123046875,0.9492964378952704,0.050703562104729594
920,3476.153076171875,0.9493620311593998,0.050637968840600234
921,3471.740966796875,0.9494275411692394,0.05057245883076056
922,3465.885009765625,0.9494929406801086,0.05050705931989141
923,3463.565185546875,0.9495582964170588,0.0504417035829412
924,3451.69677734375,0.9496234282031021,0.05037657179689792
925,3444.761474609375,0.9496884291234632,0.050311570876536815
926,3441.76953125,0.9497533735873545,0.050246626412645545
927,3437.392333984375,0.9498182354557299,0.05018176454427015
928,3436.2021484375,0.9498830748659013,0.05011692513409871
929,3434.80810546875,0.9499478879711815,0.05005211202881854
930,3431.2919921875,0.9500126347291685,0.049987365270831474
931,3413.00927734375,0.9500770365015011,0.049922963498498896
932,3411.302490234375,0.9501414060676175,0.049858593932382456
933,3410.116943359375,0.9502057532630593,0.04979424673694066
934,3407.122314453125,0.9502700439513565,0.0497299560486435
935,3397.2275390625,0.9503341479302074,0.04966585206979257
936,3388.479248046875,0.9503980868331969,0.04960191316680307
937,3388.08056640625,0.950462018213264,0.04953798178673596
938,3374.255615234375,0.9505256887234402,0.04947431127655977
939,3370.737548828125,0.9505892928494687,0.04941070715053131
940,3370.658203125,0.9506528954782837,0.04934710452171631
941,3367.86181640625,0.9507164453406846,0.04928355465931544
942,3359.391845703125,0.9507798353789886,0.04922016462101142
943,3358.24609375,0.9508432037975283,0.04915679620247171
944,3346.937744140625,0.9509063588331857,0.04909364116681425
945,3338.436767578125,0.9509693534596814,0.049030646540318634
946,3336.940673828125,0.9510323198556387,0.04896768014436126
947,3329.496337890625,0.9510951457807127,0.04890485421928725
948,3327.175537109375,0.9511579279134406,0.04884207208655944
949,3319.441650390625,0.9512205641116072,0.04877943588839284
950,3317.737060546875,0.9512831681450188,0.04871683185498121
951,3314.7431640625,0.9513457156851061,0.048654284314893936
952,3306.456298828125,0.951408106856205,0.04859189314379497
953,3296.409912109375,0.9514703084570281,0.04852969154297193
954,3292.42626953125,0.9515324348885148,0.0484675651114852
955,3291.7353515625,0.9515945482827262,0.04840545171727384
956,3281.372314453125,0.9516564661316276,0.048343533868372424
957,3273.05029296875,0.9517182269481599,0.048281773051840116
958,3267.58447265625,0.9517798846274058,0.048220115372594186
959,3267.521240234375,0.9518415411134876,0.04815845888651238
960,3261.72412109375,0.9519030882108404,0.048096911789159646
961,3261.195068359375,0.9519646253252335,0.048035374674766484
962,3251.8603515625,0.9520259862982051,0.04797401370179488
963,3247.845947265625,0.9520872715213822,0.04791272847861783
964,3243.400146484375,0.9521484728545294,0.047851527145470585
965,3240.48583984375,0.952209619196173,0.047790380803827026
966,3234.693359375,0.9522706562366168,0.047729343763383225
967,3226.969482421875,0.9523315475313785,0.0476684524686215
968,3224.529541015625,0.9523923927856703,0.04760760721432966
969,3214.751708984375,0.9524530535371785,0.04754694646282154
970,3209.94677734375,0.9525136236220378,0.04748637637796216
971,3207.21240234375,0.9525741421106131,0.04742585788938691
972,3204.1650390625,0.9526346030969725,0.047365396903027546
973,3201.44140625,0.9526950126897474,0.047304987310252566
974,3191.155517578125,0.9527552281929649,0.047244771807035124
975,3186.466796875,0.9528153552223756,0.04718464477762441
976,3179.8896484375,0.9528753581442959,0.047124641855704086
977,3178.3427734375,0.9529353318774612,0.047064668122538844
978,3175.056396484375,0.9529952435983425,0.047004756401657466
979,3170.343505859375,0.9530550663893428,0.046944933610657213
980,3161.65966796875,0.9531147253206799,0.04688527467932013
981,3157.02490234375,0.9531742967963154,0.04682570320368462
982,3146.814208984375,0.9532336756012912,0.04676632439870876
983,3143.560546875,0.9532929930112959,0.046707006988704114
984,3141.9609375,0.9533522802374743,0.046647719762525686
985,3131.184814453125,0.9534113641236185,0.04658863587638151
986,3130.859619140625,0.9534704418734904,0.04652955812650961
987,3129.73193359375,0.953529498344502,0.04647050165549804
988,3121.20654296875,0.9535883939456706,0.04641160605432937
989,3117.085205078125,0.9536472117792615,0.04635278822073852
990,3113.995849609375,0.953705971318265,0.046294028681735044
991,3109.725341796875,0.9537646502749291,0.04623534972507093
992,3109.66943359375,0.9538233281766334,0.0461766718233666
993,3104.307861328125,0.9538819049081597,0.04611809509184028
994,3099.3857421875,0.9539403887617679,0.0460596112382321
995,3098.456787109375,0.9539988550864599,0.046001144913540126
996,3086.7880859375,0.9540571012286164,0.04594289877138358
997,3078.964599609375,0.9541151997455118,0.045884800254488156
998,3076.29638671875,0.9541732479145691,0.045826752085430855
999,3074.217529296875,0.95423125685663,0.04576874314336998
1000,3071.513671875,0.9542892147782582,0.04571078522174177
1001,3065.86328125,0.9543470660798509,0.04565293392014913
1002,3061.56884765625,0.9544048363476366,0.04559516365236338
1003,3058.352294921875,0.9544625459206865,0.04553745407931353
1004,3053.095458984375,0.9545201562998802,0.045479843700119815
1005,3045.1826171875,0.95457761736772,0.045422382632280045
1006,3034.957763671875,0.954634885497705,0.04536511450229497
1007,3029.656494140625,0.9546920535953944,0.04530794640460556
1008,3025.601806640625,0.9547491451831653,0.04525085481683466
1009,3018.388916015625,0.9548061006673098,0.045193899332690246
1010,3013.949951171875,0.9548629723904152,0.04513702760958482
1011,3012.62939453125,0.9549198191952795,0.04508018080472054
1012,3008.01220703125,0.9549765788761327,0.04502342112386726
1013,3007.924072265625,0.9550333368939271,0.04496666310607289
1014,2995.64404296875,0.9550898631937311,0.044910136806268874
1015,2993.927001953125,0.9551463570938328,0.044853642906167224
1016,2987.97265625,0.9552027386384191,0.04479726136158091
1017,2986.52734375,0.9552590929106838,0.04474090708931622
1018,2986.15869140625,0.9553154402266637,0.044684559773336296
1019,2982.8564453125,0.9553717252309171,0.04462827476908293
1020,2975.463134765625,0.9554278707271106,0.04457212927288945
1021,2966.003662109375,0.955483837727802,0.04451616227219801
1022,2960.677734375,0.9555397042309097,0.044460295769090274
1023,2960.575439453125,0.9555955688037636,0.04440443119623638
1024,2959.5341796875,0.9556514137285683,0.04434858627143168
1025,2947.36474609375,0.955707029022268,0.044292970977731994
1026,2945.938720703125,0.9557626174075842,0.04423738259241583
1027,2939.4326171875,0.9558180830259919,0.044181916974008084
1028,2932.92236328125,0.9558734257991754,0.04412657420082455
1029,2932.348388671875,0.9559287577417461,0.04407124225825387
1030,2921.162109375,0.95598387860484,0.04401612139515998
1031,2920.672607421875,0.9560389902312777,0.0439610097687223
1032,2919.746337890625,0.9560940843794742,0.043905915620525815
1033,2918.379150390625,0.9561491527295286,0.043850847270471394
1034,2914.046630859375,0.9562041393271137,0.04379586067288632
1035,2912.4208984375,0.9562590952479437,0.043740904752056275
1036,2904.120849609375,0.9563138945510176,0.04368610544898244
1037,2899.228759765625,0.9563686015428111,0.043631398457188886
1038,2893.393310546875,0.9564231984226061,0.04357680157739385
1039,2890.062744140625,0.9564777324562845,0.043522267543715465
1040,2887.684326171875,0.9565322216104093,0.043467778389590706
1041,2887.2314453125,0.9565867022188996,0.04341329778110037
1042,2876.6611328125,0.9566409833708974,0.043359016629102576
1043,2873.012939453125,0.9566951956833174,0.0433048043166826
1044,2870.87158203125,0.9567493675893973,0.043250632410602674
1045,2864.348388671875,0.956803416406092,0.04319658359390799
1046,2862.914306640625,0.9568574381623786,0.04314256183762144
1047,2862.150390625,0.9569114455039531,0.04308855449604687
1048,2854.66796875,0.9569653116559818,0.043034688344018246
1049,2848.5498046875,0.9570190623613248,0.042980937638675165
1050,2846.466796875,0.9570727737613558,0.0429272262386442
1051,2842.7587890625,0.9571264151931401,0.04287358480685988
1052,2834.229248046875,0.9571798956767658,0.04282010432323424
1053,2833.90966796875,0.9572333701300758,0.04276662986992419
1054,2833.478271484375,0.9572868364431506,0.0427131635568494
1055,2829.679443359375,0.9573402310742449,0.04265976892575507
1056,2822.88623046875,0.9573934975208211,0.042606502479178854
1057,2814.01904296875,0.9574465966480189,0.0425534033519811
1058,2812.974609375,0.9574996760672789,0.042500323932721074
1059,2812.611328125,0.9575527486316041,0.04244725136839589
1060,2807.21435546875,0.9576057193577635,0.04239428064223649
1061,2799.572265625,0.9576585458815227,0.04234145411847734
1062,2795.685546875,0.9577112990648493,0.04228870093515069
1063,2789.207763671875,0.9577639300156577,0.04223606998434226
1064,2785.407470703125,0.9578164892568448,0.042183510743155184
1065,2782.169677734375,0.9578689874025035,0.04213101259749652
1066,2780.82275390625,0.9579214601323854,0.04207853986761456
1067,2780.51123046875,0.9579739269839763,0.04202607301602368
1068,2774.88671875,0.9580262877038537,0.041973712296146326
1069,2769.923828125,0.9580785547764755,0.04192144522352448
1070,2768.327880859375,0.9581307917343732,0.04186920826562679
1071,2757.599365234375,0.958182826250565,0.041817173749435055
1072,2749.843994140625,0.958234714426796,0.041765285573204025
1073,2748.455322265625,0.9582865763994856,0.04171342360051444
1074,2747.64794921875,0.958338423137451,0.04166157686254901
1075,2747.407958984375,0.9583902653469211,0.041609734653078934
1076,2746.80859375,0.95844209624667,0.04155790375333002
1077,2746.50634765625,0.9584939214431867,0.04150607855681332
1078,2735.842529296875,0.9585455454188024,0.041454454581197564
1079,2730.03857421875,0.9585970598766983,0.0414029401233017
1080,2723.373046875,0.9586484485594382,0.041351551440561796
1081,2718.4345703125,0.9586997440556037,0.04130025594439635
1082,2717.8740234375,0.9587510289745308,0.041248971025469205
1083,2713.93798828125,0.9588022396224497,0.041197760377550297
1084,2708.32421875,0.9588533443413547,0.04114665565864528
1085,2703.1640625,0.9589043516907009,0.041095648309299126
1086,2699.470458984375,0.9589552893436022,0.04104471065639781
1087,2694.990966796875,0.9590061424707338,0.04099385752926621
1088,2690.5029296875,0.9590569109108573,0.04094308908914268
1089,2689.71533203125,0.9591076644894084,0.04089233551059157
1090,2687.80029296875,0.9591583819321333,0.04084161806786668
1091,2683.316650390625,0.9592090147707728,0.040790985229227195
1092,2678.885498046875,0.9592595639957913,0.040740436004208735
1093,2674.676025390625,0.9593100337901731,0.0406899662098269
1094,2671.235107421875,0.9593604386561595,0.0406395613438405
1095,2665.859619140625,0.9594107420893797,0.04058925791062029
1096,2661.87939453125,0.9594609704177589,0.04053902958224109
1097,2657.386474609375,0.9595111139669937,0.040488886033006266
1098,2652.86279296875,0.9595611721566262,0.040438827843373826
1099,2651.148681640625,0.959611198001838,0.04038880199816197
1100,2650.819091796875,0.959661217627855,0.040338782372145054
1101,2645.29443359375,0.9597111330063439,0.04028886699365608
1102,2639.39111328125,0.959760936992141,0.040239063007858955
1103,2637.36962890625,0.9598107028335425,0.04018929716645747
1104,2632.49365234375,0.9598603766677131,0.04013962333228693
1105,2627.578857421875,0.9599099577621698,0.04009004223783019
1106,2623.57666015625,0.9599594633371725,0.040040536662827475
1107,2621.7041015625,0.9600089335779344,0.039991066422065624
1108,2610.041259765625,0.9600581837467241,0.039941816253275864
1109,2608.221435546875,0.9601073995763441,0.039892600423655944
1110,2606.37548828125,0.9601565805738655,0.03984341942613445
1111,2603.259521484375,0.9602057027746572,0.03979429722534278
1112,2600.8359375,0.9602547792436352,0.039745220756364774
1113,2599.28662109375,0.9603038264777902,0.03969617352220978
1114,2587.62548828125,0.9603526536722209,0.03964734632777911
1115,2586.912841796875,0.9604014674193699,0.039598532580630064
1116,2583.236083984375,0.9604502117879442,0.03954978821205579
1117,2582.19970703125,0.9604989366006055,0.03950106339939452
1118,2575.83056640625,0.9605475412307792,0.039452458769220766
1119,2572.149658203125,0.9605960764040625,0.03940392359593747
1120,2570.3125,0.9606445769110924,0.039355423088907604
1121,2564.3818359375,0.9606929655094675,0.03930703449053252
1122,2563.556640625,0.9607413385368212,0.0392586614631788
1123,2562.823486328125,0.9607896977299212,0.03921030227007882
1124,2562.270751953125,0.9608380464932009,0.039161953506799074
1125,2557.052490234375,0.9608862967905007,0.03911370320949925
1126,2548.328125,0.9609343824634066,0.03906561753659343
1127,2547.748291015625,0.9609824571951362,0.0390175428048638
1128,2544.036376953125,0.9610304618849101,0.03896953811508985
1129,2543.581298828125,0.9610784579875882,0.038921542012411825
1130,2535.954345703125,0.9611263101734883,0.03887368982651174
1131,2530.923095703125,0.9611740674222256,0.03882593257777445
1132,2530.5478515625,0.9612218175902942,0.038778182409705764
1133,2524.0048828125,0.9612694442958261,0.03873055570417394
1134,2522.4560546875,0.9613170417757484,0.03868295822425161
1135,2521.97412109375,0.9613646301618256,0.038635369838174394
1136,2519.269287109375,0.961412167509043,0.038587832490956986
1137,2515.695556640625,0.9614596374217598,0.03854036257824023
1138,2511.1044921875,0.9615070207033942,0.03849297929660578
1139,2508.447265625,0.9615543538444968,0.038445646155503166
1140,2501.927490234375,0.9616015639607096,0.038398436039290385
1141,2498.836181640625,0.9616487157454806,0.03835128425451939
1142,2498.223876953125,0.9616958559763694,0.03830414402363058
1143,2491.801025390625,0.9617428750112723,0.038257124988727687
1144,2490.05908203125,0.9617898611765782,0.038210138823421835
1145,2489.766357421875,0.9618368418183176,0.038163158181682366
1146,2482.19189453125,0.9618836795337433,0.03811632046625668
1147,2478.070556640625,0.9619304394815912,0.03806956051840882
1148,2477.656982421875,0.9619771916255011,0.038022808374498895
1149,2473.9736328125,0.9620238742664523,0.037976125733547694
1150,2471.343994140625,0.9620705072874415,0.03792949271255852
1151,2465.288330078125,0.9621170260410885,0.03788297395891149
1152,2463.81298828125,0.9621635169557763,0.03783648304422371
1153,2459.842041015625,0.9622099329406818,0.0377900670593182
1154,2456.185791015625,0.9622562799339847,0.03774372006601534
1155,2452.2119140625,0.9623025519422237,0.037697448057776306
1156,2444.399169921875,0.9623486765279012,0.03765132347209876
1157,2441.65234375,0.9623947492823475,0.03760525071765253
1158,2440.699462890625,0.9624408040564101,0.03755919594358992
1159,2438.065673828125,0.9624868091321946,0.03751319086780536
1160,2431.856201171875,0.9625326970383464,0.03746730296165357
1161,2427.0126953125,0.962578493549973,0.03742150645002695
1162,2423.4345703125,0.9626242225441767,0.03737577745582332
1163,2420.65283203125,0.9626698990483747,0.037330100951625256
1164,2420.127685546875,0.9627155656433223,0.03728443435667772
1165,2418.66748046875,0.9627612046849328,0.03723879531506724
1166,2414.5751953125,0.9628067665071759,0.03719323349282411
1167,2404.99072265625,0.9628521474752297,0.037147852524770264
1168,2401.645263671875,0.9628974653161514,0.03710253468384861
1169,2394.9541015625,0.9629426568982018,0.0370573431017982
1170,2393.004638671875,0.9629878116948658,0.0370121883051342
1171,2392.83349609375,0.9630329632621552,0.03696703673784485
1172,2388.37353515625,0.9630780306722198,0.036921969327780246
1173,2388.138427734375,0.9631230936459253,0.0368769063540747
1174,2386.083740234375,0.9631681178487089,0.03683188215129107
1175,2384.665771484375,0.9632131152951336,0.03678688470486635
1176,2383.505126953125,0.9632580908407786,0.036741909159221375
1177,2380.67919921875,0.9633030130625853,0.036696986937414744
1178,2373.937744140625,0.9633478080765177,0.03665219192348235
1179,2371.337646484375,0.9633925540279121,0.03660744597208787
1180,2366.325927734375,0.9634372054106887,0.03656279458931133
1181,2365.867919921875,0.9634818481510877,0.03651815184891227
1182,2365.86669921875,0.9635264908684527,0.036473509131547344
1183,2363.535400390625,0.9635710895953786,0.03642891040462137
1184,2354.52294921875,0.9636155182618737,0.03638448173812625
1185,2354.411865234375,0.9636599448322697,0.03634005516773031
1186,2352.334716796875,0.9637043322079171,0.03629566779208293
1187,2347.351806640625,0.9637486255585502,0.03625137444144977
1188,2344.45166015625,0.9637928641848748,0.036207135815125246
1189,2338.836669921875,0.9638369968591511,0.03616300314084886
1190,2337.7998046875,0.963881109968301,0.03611889003169899
1191,2333.304931640625,0.963925138261452,0.036074861738548014
1192,2330.8076171875,0.9639691194315325,0.03603088056846748
1193,2330.017578125,0.9640130856939725,0.03598691430602752
1194,2324.478759765625,0.9640569474416895,0.03594305255831054
1195,2322.599609375,0.9641007737307815,0.03589922626921849
1196,2318.28857421875,0.9641445186728036,0.0358554813271964
1197,2315.783935546875,0.9641882163535508,0.03581178364644921
1198,2312.71337890625,0.9642318560944351,0.03576814390556493
1199,2308.009765625,0.9642754070804972,0.03572459291950281
1200,2306.53369140625,0.9643189302137795,0.03568106978622054
1201,2303.30859375,0.9643623924910874,0.03563760750891265
1202,2303.039306640625,0.9644058496870828,0.03559415031291724
1203,2297.572021484375,0.9644492037181508,0.035550796281849206
1204,2294.629150390625,0.9644925022187181,0.03550749778128193
1205,2291.771728515625,0.9645357468011685,0.03546425319883151
1206,2289.5712890625,0.9645789498624308,0.03542105013756924
1207,2285.304931640625,0.9646220724196694,0.03537792758033065
1208,2285.037841796875,0.9646651899370566,0.03533481006294337
1209,2277.96142578125,0.9647081739260248,0.035291826073975185
1210,2273.110595703125,0.9647510663822637,0.03524893361773629
1211,2271.079345703125,0.9647939205098345,0.03520607949016552
1212,2270.47021484375,0.9648367631434115,0.03516323685658851
1213,2267.720703125,0.9648795538950823,0.03512044610491771
1214,2267.517822265625,0.9649223408184929,0.03507765918150707
1215,2262.70166015625,0.9649650368633416,0.03503496313665844
1216,2262.291259765625,0.9650077251641407,0.034992274835859316
1217,2251.61767578125,0.9650502120597663,0.034949787940233734
1218,2247.804931640625,0.9650926270108233,0.03490737298917668
1219,2245.879638671875,0.9651350056325682,0.034864994367431845
1220,2245.68994140625,0.9651773806748208,0.03482261932517916
1221,2243.149658203125,0.9652197077832042,0.034780292216795794
1222,2236.716064453125,0.9652619134929021,0.034738086507097865
1223,2235.819580078125,0.9653041022863896,0.03469589771361037
1224,2228.856201171875,0.9653461596844117,0.03465384031558827
1225,2226.8525390625,0.9653881792743352,0.03461182072566482
1226,2220.84912109375,0.9654300855827743,0.03456991441722568
1227,2219.260009765625,0.96547196190548,0.034528038094519986
1228,2215.359619140625,0.965513764629772,0.03448623537022799
1229,2213.3251953125,0.9655555289655073,0.03444447103449266
1230,2209.24560546875,0.9655972163214295,0.034402783678570525
1231,2209.074951171875,0.9656389004571907,0.034361099542809304
1232,2204.130859375,0.9656804913004208,0.034319508699579226
1233,2199.0966796875,0.9657219871512065,0.034278012848793504
1234,2198.0126953125,0.9657634625477509,0.03423653745224908
1235,2197.642333984375,0.965804930955763,0.03419506904423697
1236,2190.558837890625,0.9658462657017585,0.034153734298241534
1237,2190.072021484375,0.9658875912617726,0.03411240873822741
1238,2187.75830078125,0.9659288731630381,0.034071126836961896
1239,2185.359375,0.9659701097977781,0.03402989020222191
1240,2182.645263671875,0.9660112952185992,0.033988704781400814
1241,2178.7548828125,0.9660524072298858,0.033947592770114166
1242,2175.20458984375,0.9660934522489257,0.03390654775107427
1243,2172.587646484375,0.9661344478875578,0.03386555211244224
1244,2171.610595703125,0.9661754250897318,0.033824574910268246
1245,2171.455810546875,0.9662163993711876,0.03378360062881236
1246,2161.853759765625,0.9662571924667638,0.03374280753323622
1247,2157.560546875,0.966297904551567,0.033702095448432945
1248,2156.052001953125,0.9663385881708847,0.033661411829115306
1249,2154.48046875,0.9663792421361594,0.033620757863840556
1250,2149.457275390625,0.9664198013162963,0.033580198683703655
1251,2149.338623046875,0.966460358257523,0.03353964174247703
1252,2148.25439453125,0.9665008947399016,0.03349910526009836
1253,2145.634765625,0.9665413817911974,0.03345861820880258
1254,2138.0234375,0.966581725220551,0.03341827477944903
1255,2135.833740234375,0.966622027331416,0.033377972668584
1256,2130.68798828125,0.966662232344524,0.033337767655476025
1257,2123.617919921875,0.9667023039489899,0.03329769605101007
1258,2123.181884765625,0.9667423673256913,0.0332576326743087
1259,2121.198974609375,0.9667823932858731,0.03321760671412688
1260,2119.50048828125,0.9668223871964702,0.03317761280352982
1261,2118.677001953125,0.9668623655682935,0.033137634431706475
1262,2113.864990234375,0.9669022531398705,0.03309774686012945
1263,2113.2880859375,0.9669421298255529,0.03305787017444706
1264,2112.820556640625,0.9669819976891922,0.03301800231080776
1265,2109.47265625,0.9670218023796311,0.03297819762036891
1266,2104.51123046875,0.9670615134504552,0.03293848654954479
1267,2101.29296875,0.9671011637942958,0.03289883620570422
1268,2100.1806640625,0.9671407931495051,0.032859206850494926
1269,2098.98486328125,0.9671803999405536,0.0328196000594464
1270,2096.06005859375,0.9672199515420056,0.032780048457994426
1271,2092.336669921875,0.9672594328849817,0.03274056711501827
1272,2088.1806640625,0.9672988358062128,0.03270116419378721
1273,2084.92724609375,0.9673381773370796,0.03266182266292039
1274,2084.45849609375,0.967377510022869,0.03262248997713102
1275,2080.5166015625,0.9674167683270868,0.032583231672913215
1276,2080.366455078125,0.9674560237981158,0.032543976201884206
1277,2079.619140625,0.967495265167696,0.03250473483230398
1278,2078.208984375,0.9675344799283355,0.03246552007166448
1279,2077.115478515625,0.9675736740550682,0.03242632594493178
1280,2070.42431640625,0.9676127419229297,0.032387258077070324
1281,2070.2978515625,0.967651807404463,0.032348192595537006
1282,2066.025146484375,0.9676907922621956,0.032309207737804435
1283,2062.484619140625,0.967729710311954,0.03227028968804602
1284,2061.227294921875,0.9677686046366353,0.03223139536336472
1285,2057.474365234375,0.9678074281454168,0.03219257185458324
1286,2055.115966796875,0.9678462071524031,0.032153792847596896
1287,2048.572021484375,0.9678848626784254,0.03211513732157456
1288,2044.91015625,0.9679234491068883,0.03207655089311168
1289,2041.50341796875,0.9679619712519095,0.032038028748090475
1290,2040.8336181640625,0.9680004807581445,0.03199951924185551
1291,2037.9058837890625,0.968038935019501,0.031961064980499
1292,2034.899658203125,0.9680773325548893,0.03192266744511074
1293,2031.4652099609375,0.9681156652839626,0.031884334716037355
1294,2031.3731689453125,0.9681539962762684,0.031846003723731586
1295,2030.99755859375,0.9681923201809952,0.031807679819004786
1296,2028.9066162109375,0.9682306046306886,0.03176939536931145
1297,2022.6949462890625,0.9682687718692876,0.031731228130712386
1298,2022.5220947265625,0.9683069358462645,0.03169306415373552
1299,2020.162109375,0.968345055291502,0.031654944708497945
1300,2018.938232421875,0.9683831516427956,0.03161684835720435
1301,2018.5762939453125,0.9684212411644919,0.03157875883550809
1302,2015.594482421875,0.968459274420901,0.03154072557909904
1303,2015.094482421875,0.968497298242561,0.03150270175743897
1304,2007.1038818359375,0.9685351712855979,0.03146482871440215
1305,2006.2625732421875,0.9685730284535637,0.031426971546436255
1306,2005.2088623046875,0.968610865738533,0.031389134261467055
1307,2003.2486572265625,0.968648666035416,0.031351333964584005
1308,1997.7066650390625,0.9686863617576876,0.03131363824231237
1309,1994.8111572265625,0.9687240028431799,0.03127599715682006
1310,1990.763916015625,0.9687615675592615,0.03123843244073854
1311,1988.5322265625,0.9687990901644831,0.031200909835516932
1312,1984.9951171875,0.9688365460262257,0.03116345397377429
1313,1982.9827880859375,0.968873963916328,0.031126036083672037
1314,1982.22119140625,0.9689113674354831,0.031088632564516883
1315,1975.00244140625,0.9689486347404483,0.031051365259551655
1316,1971.0079345703125,0.9689858266710741,0.031014173328925865
1317,1969.781982421875,0.969022995468598,0.030977004531401953
1318,1966.875,0.9690601094128225,0.0309398905871775
1319,1965.0230712890625,0.9690971884120815,0.03090281158791852
1320,1958.8193359375,0.9691341503499675,0.030865849650032473
1321,1958.3350830078125,0.9691711031502439,0.030828896849756093
1322,1958.2230224609375,0.9692080538359938,0.030791946164006156
1323,1954.2679443359375,0.9692449298914044,0.030755070108595572
1324,1953.4427490234375,0.9692817903757935,0.03071820962420646
1325,1951.72900390625,0.9693186185226723,0.030681381477327685
1326,1948.2786865234375,0.9693553815637935,0.030644618436206472
1327,1946.089599609375,0.9693921032979432,0.03060789670205677
1328,1945.61328125,0.9694288160442045,0.0305711839557955
1329,1938.845947265625,0.9694654010942695,0.030534598905730514
1330,1938.7611083984375,0.9695019845434676,0.030498015456532412
1331,1936.009033203125,0.9695385160623878,0.030461483937612166
1332,1934.6549072265625,0.9695750220296304,0.030424977970369582
1333,1934.043701171875,0.9696115164637216,0.030388483536278432
1334,1930.501953125,0.9696479440668043,0.030352055933195676
1335,1929.55712890625,0.9696843538415282,0.03031564615847182
1336,1928.643798828125,0.9697207463821719,0.030279253617828128
1337,1921.6978759765625,0.9697570078567369,0.030242992143263092
1338,1919.8011474609375,0.9697932335409867,0.030206766459013323
1339,1918.7137451171875,0.9698294387065,0.030170561293500042
1340,1914.8797607421875,0.9698655715266521,0.030134428473347907
1341,1912.86181640625,0.9699016662692072,0.030098333730792848
1342,1910.6402587890625,0.9699377190920849,0.030062280907915073
1343,1909.4339599609375,0.9699737491527092,0.030026250847290825
1344,1907.4659423828125,0.9700097420778292,0.029990257922170804
1345,1906.1932373046875,0.9700457109876431,0.02995428901235686
1346,1904.43017578125,0.9700816466293709,0.02991835337062909
1347,1901.7059326171875,0.9701175308659972,0.02988246913400283
1348,1897.55615234375,0.9701533367983523,0.02984666320164775
1349,1895.6607666015625,0.9701891069657295,0.029810893034270536
1350,1894.6146240234375,0.9702248573929212,0.02977514260707881
1351,1887.0367431640625,0.970260464829304,0.029739535170696052
1352,1886.017578125,0.9702960530345538,0.029703946965446204
1353,1884.6666259765625,0.9703316157480145,0.02966838425198548
1354,1883.9591064453125,0.9703671651109368,0.02963283488906321
1355,1877.4365234375,0.9704025913959908,0.029597408604009168
1356,1876.5833740234375,0.9704380015825437,0.029561998417456326
1357,1874.6451416015625,0.9704733751956233,0.029526624804376733
1358,1874.21484375,0.9705087406891983,0.029491259310801654
1359,1869.64013671875,0.9705440198603474,0.02945598013965256
1360,1868.576416015625,0.9705792789596207,0.029420721040379294
1361,1868.5648193359375,0.9706145378400705,0.029385462159929543
1362,1867.4886474609375,0.9706497764136969,0.029350223586303126
1363,1862.4678955078125,0.9706849202482536,0.02931507975174641
1364,1861.23583984375,0.9707200408345381,0.02927995916546189
1365,1855.922119140625,0.9707550611535796,0.029244938846420432
1366,1855.4599609375,0.9707900727519276,0.029209927248072365
1367,1853.423583984375,0.9708250459248645,0.029174954075135484
1368,1851.7451171875,0.9708599874259752,0.029140012574024765
1369,1846.541015625,0.9708948307283011,0.029105169271698927
1370,1846.1866455078125,0.9709296673438406,0.029070332656159437
1371,1838.3828125,0.9709643567049673,0.02903564329503272
1372,1836.6099853515625,0.9709990126137354,0.029000987386264554
1373,1834.697509765625,0.971033632435049,0.028966367564950968
1374,1834.00830078125,0.9710682392513349,0.028931760748665103
1375,1831.22412109375,0.9711027935315473,0.02889720646845273
1376,1827.107177734375,0.9711372701271045,0.02886272987289551
1377,1825.09765625,0.9711717088039996,0.02882829119600039
1378,1824.2987060546875,0.9712061324051056,0.02879386759489444
1379,1822.9149169921875,0.9712405298948062,0.028759470105193752
1380,1820.17529296875,0.9712748756891765,0.028725124310823524
1381,1820.1199951171875,0.9713092204401039,0.028690779559896074
1382,1817.920166015625,0.9713435236813602,0.028656476318639768
1383,1811.9254150390625,0.971377713804674,0.02862228619532603
1384,1811.42724609375,0.9714118945277895,0.028588105472210468
1385,1809.5107421875,0.9714460390874383,0.028553960912561682
1386,1809.4879150390625,0.9714801832163501,0.0285198167836499
1387,1808.462158203125,0.9715143079897453,0.02848569201025475
1388,1804.2508544921875,0.9715483532979527,0.02845164670204725
1389,1803.0234375,0.9715823754454175,0.02841762455458252
1390,1801.72607421875,0.9716163731122881,0.0283836268877119
1391,1799.8143310546875,0.9716503347055246,0.028349665294475357
1392,1793.9815673828125,0.9716841862374377,0.028315813762562314
1393,1790.636962890625,0.9717179746583423,0.02828202534165769
1394,1789.685302734375,0.9717517451218974,0.028248254878102563
1395,1787.89306640625,0.9717854817668524,0.02821451823314758
1396,1786.0518798828125,0.9718191836695417,0.028180816330458325
1397,1783.6685791015625,0.9718528406005411,0.028147159399458888
1398,1783.25048828125,0.9718864896423767,0.028113510357623328
1399,1779.84521484375,0.9719200744284113,0.02807992557158867
1400,1777.6351318359375,0.9719536175112886,0.028046382488711386
1401,1775.822998046875,0.9719871264001108,0.028012873599889243
1402,1772.4072265625,0.972020570835039,0.02797942916496099
1403,1768.83984375,0.9720539479552438,0.027946052044756198
1404,1766.4793701171875,0.9720872805344958,0.02791271946550422
1405,1764.54541015625,0.9721205766208937,0.027879423379106316
1406,1762.9947509765625,0.9721538434471311,0.027846156552868928
1407,1758.12353515625,0.9721870183559704,0.027812981644029566
1408,1756.8719482421875,0.9722201696479928,0.02777983035200715
1409,1756.62646484375,0.9722533163078667,0.02774668369213329
1410,1755.3623046875,0.9722864391136727,0.02771356088632726
1411,1753.259765625,0.9723195222456218,0.027680477754378208
1412,1751.9791259765625,0.9723525812125434,0.02764741878745658
1413,1749.685546875,0.9723855969007783,0.027614403099221696
1414,1746.6453857421875,0.9724185552226983,0.027581444777301733
1415,1744.1453857421875,0.9724514663708728,0.027548533629127236
1416,1738.9736328125,0.9724842799306648,0.027515720069335226
1417,1737.5089111328125,0.9725170658518937,0.02748293414810632
1418,1737.1956787109375,0.9725498458625841,0.027450154137415916
1419,1735.9674072265625,0.9725826026964078,0.02741739730359216
1420,1733.503173828125,0.972615313031384,0.027384686968615957
1421,1729.1748046875,0.9726479416922067,0.027352058307793303
1422,1727.408935546875,0.9726805370319648,0.027319462968035224
1423,1725.545166015625,0.972713097203327,0.027286902796673007
1424,1724.6591796875,0.9727456406565719,0.027254359343428125
1425,1723.728759765625,0.9727781665532598,0.02722183344674023
1426,1723.3590087890625,0.9728106854729323,0.027189314527067743
1427,1722.9906005859375,0.9728431974409268,0.027156802559073157
1428,1718.7142333984375,0.9728756287160186,0.027124371283981374
1429,1717.396728515625,0.9729080351304544,0.02709196486954557
1430,1714.33837890625,0.9729403838353677,0.02705961616463226
1431,1713.65234375,0.972972719595142,0.027027280404858023
1432,1712.797607421875,0.9730050392264707,0.026994960773529253
1433,1712.050537109375,0.9730373447609575,0.02696265523904251
1434,1709.337890625,0.9730695991091663,0.02693040089083365
1435,1707.177001953125,0.9731018126824904,0.026898187317509592
1436,1706.0191650390625,0.9731340044080129,0.026865995591987102
1437,1700.06201171875,0.9731660837250417,0.026833916274958347
1438,1698.1669921875,0.9731981272840028,0.02680187271599721
1439,1695.3267822265625,0.9732301172496274,0.02676988275037262
1440,1695.1929931640625,0.9732621046907194,0.026737895309280613
1441,1694.6781005859375,0.9732940824160469,0.02670591758395313
1442,1690.0186767578125,0.973325972220385,0.026674027779615028
1443,1688.82763671875,0.9733578395503951,0.02664216044960488
1444,1686.83154296875,0.973389669215118,0.026610330784881953
1445,1686.682373046875,0.9734214960650792,0.026578503934920783
1446,1681.0194091796875,0.9734532160577541,0.026546783942245855
1447,1678.5882568359375,0.9734848901758044,0.026515109824195582
1448,1678.0941162109375,0.9735165549696689,0.026483445030331065
1449,1674.3037109375,0.9735481482404881,0.026451851759511924
1450,1671.3385009765625,0.9735796855592833,0.026420314440716686
1451,1669.437744140625,0.973611187011751,0.026388812988249022
1452,1669.2635498046875,0.9736426851772588,0.026357314822741174
1453,1668.723388671875,0.9736741731501972,0.02632582684980278
1454,1667.6595458984375,0.9737056410489563,0.026294358951043706
1455,1666.6541748046875,0.9737370899768674,0.026262910023132635
1456,1665.7451171875,0.9737685217513173,0.02623147824868266
1457,1664.1982421875,0.9737999243370125,0.026200075662987543
1458,1657.148681640625,0.9738311939010376,0.026168806098962438
1459,1656.846923828125,0.9738624577710442,0.026137542228955812
1460,1656.73681640625,0.9738937195633791,0.026106280436620888
1461,1650.5987548828125,0.9739248655335733,0.02607513446642673
1462,1650.4212646484375,0.9739560081546158,0.026043991845384196
1463,1648.9775390625,0.973987123533281,0.026012876466719015
1464,1642.7237548828125,0.974018120906177,0.02598187909382299
1465,1640.5360107421875,0.9740490769974389,0.025950923002561077
1466,1640.4190673828125,0.9740800308820383,0.025919969117961683
1467,1638.1695556640625,0.9741109423194805,0.025889057680519523
1468,1634.7301025390625,0.9741417888561682,0.0258582111438318
1469,1634.2423095703125,0.9741726261884474,0.025827373811552645
1470,1632.193603515625,0.9742034248626714,0.02579657513732858
1471,1628.9674072265625,0.9742341626601904,0.02576583733980964
1472,1626.825927734375,0.974264860049066,0.025735139950934016
1473,1626.486083984375,0.9742955510252607,0.025704448974739336
1474,1625.09228515625,0.9743262157011708,0.02567378429882916
1475,1624.4078369140625,0.9743568674618861,0.0256431325381139
1476,1621.4964599609375,0.9743874642863793,0.025612535713620654
1477,1616.76123046875,0.9744179717594683,0.025582028240531685
1478,1616.1351318359375,0.9744484674183902,0.025551532581609804
1479,1614.793212890625,0.974478937755975,0.02552106224402495
1480,1612.7779541015625,0.9745093700666378,0.025490629933362152
1481,1612.4232177734375,0.9745397956836042,0.02546020431639584
1482,1608.995361328125,0.9745701566186395,0.02542984338136045
1483,1608.493896484375,0.974600508091285,0.025399491908715044
1484,1607.2725830078125,0.9746308365183579,0.025369163481642087
1485,1603.1988525390625,0.9746610880761812,0.025338911923818763
1486,1603.1573486328125,0.9746913388508468,0.0253086611491532
1487,1601.2977294921875,0.9747215545354322,0.02527844546456781
1488,1598.8736572265625,0.9747517244789905,0.0252482755210095
1489,1595.8538818359375,0.9747818374409025,0.02521816255909748
1490,1592.392822265625,0.9748118850943573,0.025188114905642656
1491,1592.1380615234375,0.9748419279406049,0.02515807205939513
1492,1591.1234130859375,0.9748719516409454,0.025128048359054578
1493,1588.9432373046875,0.9749019342024632,0.025098065797536817
1494,1588.4129638671875,0.9749319067579871,0.025068093242012868
1495,1588.0335693359375,0.9749618721545268,0.025038127845473213
1496,1581.1546630859375,0.9749917077495575,0.025008292250442543
1497,1580.94189453125,0.9750215393297522,0.024978460670247782
1498,1577.86865234375,0.9750513129194093,0.024948687080590726
1499,1576.5985107421875,0.9750810625421316,0.02491893745786844
1500,1574.75830078125,0.9751107774410154,0.024889222558984625
1501,1572.4705810546875,0.975140449171776,0.024859550828223997
1502,1568.5623779296875,0.9751700471567049,0.024829952843295144
1503,1567.5931396484375,0.9751996268525938,0.02480037314740624
1504,1567.1612548828125,0.9752291983990339,0.02477080160096612
1505,1566.62841796875,0.9752587598911089,0.024741240108891116
1506,1565.2554931640625,0.9752882954767816,0.02471170452321836
1507,1560.61572265625,0.9753177435123134,0.024682256487686627
1508,1560.0323486328125,0.97534718053987,0.024652819460129982
1509,1559.6416015625,0.9753766101942255,0.024623389805774498
1510,1558.8212890625,0.9754060243696958,0.024593975630304188
1511,1552.9600830078125,0.9754353279471492,0.024564672052850844
1512,1551.3048095703125,0.9754646002904234,0.024535399709576633
1513,1550.8682861328125,0.9754938643967194,0.024506135603280632
1514,1548.240478515625,0.9755230789176043,0.02447692108239574
1515,1547.1815185546875,0.9755522734564462,0.02444772654355376
1516,1543.6876220703125,0.9755814020672148,0.024418597932785224
1517,1542.9163818359375,0.9756105161250672,0.024389483874932782
1518,1541.45849609375,0.9756396026733473,0.02436039732665274
1519,1539.7593994140625,0.9756686571605255,0.024331342839474468
1520,1538.4385986328125,0.9756976867248559,0.024302313275144094
1521,1538.2579345703125,0.9757267128801461,0.02427328711985388
1522,1535.3892822265625,0.9757556849054062,0.024244315094593794
1523,1532.55224609375,0.9757846033972181,0.024215396602781936
1524,1530.2437744140625,0.9758134783293279,0.024186521670672145
1525,1529.057373046875,0.9758423308746391,0.02415766912536088
1526,1528.296630859375,0.9758711690651272,0.024128830934872836
1527,1526.013916015625,0.9758999641819316,0.02410003581806841
1528,1525.720947265625,0.9759287537705627,0.02407124622943735
1529,1525.4432373046875,0.9759575381189463,0.024042461881053745
1530,1522.4991455078125,0.975986266913795,0.024013733086205025
1531,1522.356689453125,0.9760149930205694,0.023985006979430623
1532,1520.35498046875,0.9760436813560999,0.023956318643900132
1533,1516.88623046875,0.9760723042380585,0.023927695761941536
1534,1516.570068359375,0.9761009211541968,0.023899078845803223
1535,1515.876220703125,0.976129524977778,0.02387047502222195
1536,1511.9244384765625,0.9761580542332117,0.02384194576678833
1537,1510.5428466796875,0.9761865574187015,0.023813442581298472
1538,1505.834716796875,0.9762149717641431,0.02378502823585693
1539,1504.8275146484375,0.9762433671041856,0.023756632895814422
1540,1504.3436279296875,0.9762717533135284,0.023728246686471555
1541,1503.4437255859375,0.9763001225421658,0.023699877457834195
1542,1500.0653076171875,0.9763284280217513,0.02367157197824865
1543,1499.751220703125,0.9763567275746745,0.02364327242532549
1544,1494.5926513671875,0.976384929787983,0.02361507021201703
1545,1493.9793701171875,0.976413120428982,0.023586879571018016
1546,1493.9371337890625,0.9764413102730026,0.023558689726997373
1547,1493.1202392578125,0.9764694847026335,0.023530515297366494
1548,1492.7669677734375,0.9764976524662087,0.023502347533791323
1549,1488.778076171875,0.9765257449614011,0.0234742550385989
1550,1487.057861328125,0.9765538049970027,0.023446195002997272
1551,1486.98583984375,0.976581863673595,0.023418136326404992
1552,1485.8958740234375,0.9766099017830793,0.02339009821692073
1553,1483.0450439453125,0.9766378860988305,0.02336211390116949
1554,1478.2825927734375,0.976665780549518,0.023334219450481974
1555,1475.201416015625,0.9766936168599465,0.02330638314005351
1556,1474.2398681640625,0.9767214350264494,0.02327856497355063
1557,1473.6358642578125,0.9767492417957017,0.02325075820429834
1558,1470.322265625,0.9767769860390106,0.023223013960989358
1559,1469.45703125,0.9768047139557812,0.023195286044218832
1560,1465.431884765625,0.9768323659200574,0.0231676340799426
1561,1465.2506103515625,0.9768600144637765,0.02313998553622354
1562,1465.1370849609375,0.9768876608653284,0.02311233913467159
1563,1462.968994140625,0.9769152663560945,0.02308473364390551
1564,1460.760986328125,0.9769428301828612,0.02305716981713879
1565,1459.781982421875,0.9769703755363155,0.023029624463684506
1566,1457.26416015625,0.9769978733797271,0.0230021266202729
1567,1456.798095703125,0.9770253624287364,0.022974637571263612
1568,1456.45703125,0.9770528450420307,0.022947154957969285
1569,1450.737060546875,0.9770802197223482,0.022919780277651847
1570,1447.9443359375,0.9771075417053537,0.022892458294646256
1571,1447.25244140625,0.9771348506326567,0.022865149367343296
1572,1446.775146484375,0.977162150553644,0.02283784944635603
1573,1443.5172119140625,0.9771893889990408,0.022810611000959158
1574,1443.127197265625,0.977216620085057,0.022783379914942947
1575,1442.42041015625,0.9772438378343551,0.02275616216564491
1576,1440.2686767578125,0.9772710149815238,0.0227289850184762
1577,1439.9769287109375,0.9772981866235532,0.022701813376446833
1578,1437.142578125,0.9773253047828094,0.022674695217190566
1579,1437.0096435546875,0.977352420433657,0.022647579566343
1580,1436.427490234375,0.9773795250995636,0.022620474900436394
1581,1434.087890625,0.9774065856183995,0.022593414381600452
1582,1430.9776611328125,0.9774335874487659,0.02256641255123415
1583,1430.0299072265625,0.9774605713954915,0.022539428604508527
1584,1429.49365234375,0.9774875452233567,0.02251245477664332
1585,1427.9881591796875,0.9775144906433213,0.0224855093566787
1586,1426.0069580078125,0.977541398679014,0.022458601320985982
1587,1425.70556640625,0.9775683010275985,0.022431698972401493
1588,1421.095703125,0.9775951163903761,0.022404883609623893
1589,1419.3172607421875,0.9776218981948386,0.02237810180516142
1590,1416.66748046875,0.9776486299992768,0.02235137000072318
1591,1416.378662109375,0.9776753563538577,0.022324643646142284
1592,1416.1219482421875,0.9777020778643767,0.022297922135623316
1593,1415.6768798828125,0.9777287909766791,0.022271209023320915
1594,1412.974609375,0.9777554530984931,0.0222445469015069
1595,1411.386962890625,0.9777820852622147,0.022217914737785338
1596,1409.649658203125,0.9778086846438685,0.022191315356131502
1597,1405.5965576171875,0.9778352075455483,0.022164792454451687
1598,1405.4693603515625,0.9778617280470795,0.022138271952920507
1599,1404.989013671875,0.9778882394847099,0.02211176051529007
1600,1404.662109375,0.9779147447538203,0.022085255246179658
1601,1404.1787109375,0.9779412409014449,0.022058759098555147
1602,1401.969970703125,0.9779676953712494,0.02203230462875061
1603,1397.804931640625,0.9779940712488571,0.022005928751142934
1604,1395.9676513671875,0.9780204124579079,0.02197958754209206
1605,1394.8333740234375,0.9780467322637145,0.021953267736285476
1606,1392.87060546875,0.9780730150330635,0.021926984966936458
1607,1389.5518798828125,0.9780992351797261,0.02190076482027392
1608,1389.031494140625,0.9781254455069708,0.02187455449302922
1609,1388.36962890625,0.9781516433451507,0.0218483566548493
1610,1385.588134765625,0.978177788697932,0.021822211302067962
1611,1383.0399169921875,0.9782038859671226,0.0217961140328774
1612,1381.7095947265625,0.9782299581337998,0.02177004186620024
1613,1379.3359375,0.9782559855107562,0.02174401448924379
1614,1379.1986083984375,0.9782820102963813,0.021717989703618712
1615,1379.1082763671875,0.9783080333774864,0.021691966622513603
1616,1377.4322509765625,0.9783340248328334,0.021665975167166618
1617,1376.8380126953125,0.9783600050752023,0.021639994924797734
1618,1376.5849609375,0.9783859805426114,0.02161401945738861
1619,1371.5518798828125,0.9784118610383068,0.021588138961693204
1620,1370.2086181640625,0.9784377161873277,0.021562283812672334
1621,1369.8504638671875,0.9784635645781566,0.02153643542184336
1622,1367.7919921875,0.978489374126658,0.02151062587334196
1623,1362.74658203125,0.9785150884708017,0.02148491152919829
1624,1362.3240966796875,0.9785407948428587,0.02145920515714128
1625,1361.6204833984375,0.9785664879380863,0.021433512061913684
1626,1361.0704345703125,0.9785921706541685,0.02140782934583152
1627,1360.1104736328125,0.9786178352562694,0.02138216474373056
1628,1359.2491455078125,0.978643483605541,0.021356516394459013
1629,1358.714599609375,0.9786691218681998,0.021330878131800235
1630,1357.188720703125,0.9786947313382892,0.021305268661710786
1631,1356.1827392578125,0.9787203218260135,0.02127967817398646
1632,1354.3056640625,0.9787458768942711,0.02125412310572894
1633,1349.092041015625,0.9787713335840779,0.021228666415922137
1634,1349.0537109375,0.9787967895506153,0.02120321044938467
1635,1345.2637939453125,0.9788221740033212,0.021177825996678834
1636,1343.3236083984375,0.9788475218456992,0.02115247815430077
1637,1342.164794921875,0.9788728478218486,0.02112715217815142
1638,1342.0975341796875,0.9788981725288215,0.021101827471178503
1639,1341.0477294921875,0.9789234774265066,0.02107652257349335
1640,1338.4302978515625,0.9789487329345704,0.02105126706542959
1641,1337.5770263671875,0.9789739723418294,0.021026027658170632
1642,1336.4322509765625,0.9789991901477512,0.021000809852248836
1643,1333.5736083984375,0.979024354012522,0.02097564598747803
1644,1333.0784912109375,0.9790495085346801,0.02095049146531991
1645,1331.871337890625,0.9790746402784607,0.020925359721539305
1646,1330.5482177734375,0.9790997470556287,0.020900252944371256
1647,1328.8182373046875,0.9791248211889334,0.020875178811066597
1648,1325.0234375,0.9791498237162701,0.02085017628372987
1649,1323.21875,0.9791747921900594,0.02082520780994057
1650,1323.083740234375,0.9791997581162821,0.020800241883717874
1651,1321.7088623046875,0.9792246980992483,0.02077530190075172
1652,1318.0718994140625,0.9792495694545498,0.020750430545450227
1653,1317.7733154296875,0.9792744351757213,0.020725564824278675
1654,1317.4444580078125,0.9792992946915183,0.02070070530848167
1655,1316.685791015625,0.9793241398916499,0.020675860108350097
1656,1316.47998046875,0.9793489812082398,0.020651018791760234
1657,1315.4295654296875,0.979373802704025,0.020626197295975035
1658,1310.7684326171875,0.979398536246573,0.020601463753426974
1659,1310.5020751953125,0.9794232647630903,0.020576735236909727
1660,1309.6878662109375,0.9794479779158926,0.020552022084107446
1661,1307.15185546875,0.9794726432154447,0.020527356784555306
1662,1305.845947265625,0.9794972838731645,0.02050271612683552
1663,1304.8443603515625,0.9795219056314417,0.020478094368558297
1664,1303.6402587890625,0.9795465046689268,0.020453495331073213
1665,1303.1114501953125,0.9795710937280591,0.02042890627194094
1666,1300.235107421875,0.9795956285120466,0.020404371487953377
1667,1298.5552978515625,0.9796201315988705,0.020379868401129486
1668,1298.533447265625,0.9796446342733848,0.020355365726615227
1669,1298.31396484375,0.979669132806376,0.02033086719362398
1670,1295.56396484375,0.9796935794482472,0.020306420551752802
1671,1294.6024169921875,0.9797180079461929,0.020281992053807096
1672,1292.748291015625,0.979742401457712,0.020257598542288036
1673,1291.9716796875,0.9797667803149649,0.02023321968503511
1674,1289.2384033203125,0.9797911075966644,0.020208892403335565
1675,1287.3878173828125,0.979815399958736,0.02018460004126399
1676,1286.83251953125,0.9798396818426158,0.02016031815738417
1677,1285.785888671875,0.9798639439770965,0.02013605602290347
1678,1282.1455078125,0.9798881374194173,0.02011186258058273
1679,1280.8785400390625,0.9799123069546919,0.020087693045308108
1680,1280.4779052734375,0.9799364689301895,0.020063531069810514
1681,1279.1400146484375,0.9799606056603625,0.02003939433963753
1682,1278.8848876953125,0.9799847375764178,0.020015262423582203
1683,1277.357177734375,0.9800088406653529,0.019991159334647124
1684,1273.9239501953125,0.9800328789710071,0.019967121028992896
1685,1273.6466064453125,0.9800569120433239,0.019943087956676098
1686,1271.67919921875,0.9800809079916537,0.019919092008346295
1687,1271.013916015625,0.9801048913864233,0.019895108613576684
1688,1270.5322265625,0.9801288656919547,0.019871134308045324
1689,1268.61767578125,0.9801528038708736,0.019847196129126443
1690,1266.455810546875,0.9801767012564804,0.019823298743519624
1691,1264.672607421875,0.980200564993939,0.01979943500606096
1692,1263.623779296875,0.9802244089405373,0.019775591059462694
1693,1262.61083984375,0.9802482337734764,0.019751766226523637
1694,1261.4700927734375,0.9802720370810907,0.019727962918909325
1695,1259.0211181640625,0.9802957941777831,0.01970420582221688
1696,1256.1453857421875,0.9803194970108479,0.019680502989152138
1697,1254.5113525390625,0.9803431690105261,0.019656830989473906
1698,1253.966064453125,0.9803668307208917,0.019633169279108298
1699,1253.0885009765625,0.980390475872075,0.01960952412792505
1700,1250.8939208984375,0.9804140796126334,0.019585920387366618
1701,1248.8587646484375,0.9804376449508146,0.019562355049185354
1702,1248.3798828125,0.9804612012527361,0.01953879874726394
1703,1246.406005859375,0.9804847203085898,0.019515279691410203
1704,1245.607666015625,0.9805082243001714,0.01949177569982863
1705,1243.8424072265625,0.9805316949822055,0.019468305017794507
1706,1242.8724365234375,0.9805551473613792,0.019444852638620835
1707,1241.8856201171875,0.9805785811198224,0.019421418880177566
1708,1240.820556640625,0.9806019947810524,0.019398005218947634
1709,1239.11865234375,0.9806253763282023,0.019374623671797653
1710,1237.73681640625,0.9806487318008016,0.019351268199198413
1711,1236.112548828125,0.9806720566242867,0.019327943375713308
1712,1235.839599609375,0.980695376297357,0.019304623702642965
1713,1235.585205078125,0.9807186911701302,0.01928130882986978
1714,1234.555419921875,0.9807419866113744,0.01925801338862565
1715,1232.838623046875,0.9807652496575229,0.019234750342477125
1716,1232.5692138671875,0.9807885076200554,0.019211492379944572
1717,1230.5977783203125,0.9808117283825886,0.019188271617411434
1718,1229.96875,0.9808349372756728,0.019165062724327164
1719,1228.2833251953125,0.980858114365637,0.01914188563436303
1720,1225.3995361328125,0.9808812370399486,0.01911876296005144
1721,1224.5340576171875,0.9809043433831149,0.01909565661688506
1722,1223.53759765625,0.9809274309235818,0.01907256907641819
1723,1222.2393798828125,0.9809504939673309,0.019049506032669083
1724,1220.7734375,0.9809735293494828,0.019026470650517213
1725,1220.2196044921875,0.9809965542810838,0.019003445718916212
1726,1219.40869140625,0.9810195639111617,0.01898043608883826
1727,1218.643310546875,0.9810425590988869,0.018957440901113065
1728,1214.01953125,0.9810654670382172,0.018934532961782824
1729,1212.71337890625,0.9810883503311082,0.018911649668891806
1730,1211.511474609375,0.9811112109446682,0.018888789055331756
1731,1209.3349609375,0.9811340304885076,0.018865969511492442
1732,1209.208740234375,0.9811568476506255,0.018843152349374503
1733,1206.3087158203125,0.9811796100907381,0.018820389909261936
1734,1206.0684814453125,0.9812023679977485,0.018797632002251485
1735,1202.639892578125,0.9812250612090075,0.018774938790992457
1736,1201.7967529296875,0.9812477385106446,0.018752261489355382
1737,1201.3341064453125,0.9812704070823746,0.018729592917625437
1738,1199.3970947265625,0.9812930391036655,0.0187069608963345
1739,1198.300048828125,0.981315650424251,0.01868434957574905
1740,1197.7496337890625,0.9813382513587807,0.018661748641219278
1741,1197.7479248046875,0.9813608522610628,0.018639147738937156
1742,1197.584716796875,0.9813834500836917,0.018616549916308345
1743,1193.8712158203125,0.9814059778344207,0.01859402216557926
1744,1193.2291259765625,0.9814284934692366,0.01857150653076345
1745,1191.8487548828125,0.9814509830571426,0.018549016942857377
1746,1189.1337890625,0.981473421415006,0.018526578584993958
1747,1188.0513916015625,0.9814958393485725,0.01850416065142746
1748,1186.7242431640625,0.9815182322395141,0.018481767760485934
1749,1185.2266845703125,0.9815405968722763,0.01845940312772365
1750,1184.435546875,0.9815629465766674,0.018437053423332572
1751,1183.1136474609375,0.9815852713374799,0.01841472866252014
1752,1182.0833740234375,0.9816075766575496,0.018392423342450392
1753,1180.849365234375,0.9816298586924928,0.01837014130750725
1754,1177.2193603515625,0.9816520722310653,0.01834792776893468
1755,1177.1693115234375,0.9816742848252417,0.01832571517475834
1756,1176.9254150390625,0.9816964928172137,0.018303507182786283
1757,1176.710693359375,0.9817186967574955,0.018281303242504543
1758,1176.5797119140625,0.981740898226223,0.018259101773776987
1759,1174.7467041015625,0.981763065107013,0.018236934892986945
1760,1171.2159423828125,0.9817851653641012,0.01821483463589879
1761,1170.6787109375,0.9818072554839017,0.018192744516098314
1762,1170.3656005859375,0.9818293396954668,0.01817066030453318
1763,1168.3101806640625,0.9818513851222896,0.018148614877710356
1764,1167.4854736328125,0.9818734149873045,0.018126585012695484
1765,1166.52880859375,0.9818954268005302,0.018104573199469787
1766,1165.1099853515625,0.9819174118412733,0.018082588158726653
1767,1162.503662109375,0.9819393477020049,0.01806065229799514
1768,1161.8759765625,0.981961271718625,0.018038728281374983
1769,1161.43017578125,0.9819831873232082,0.018016812676791782
1770,1161.3587646484375,0.9820051015802991,0.017994898419700922
1771,1157.7578125,0.9820269478892301,0.017973052110769938
1772,1155.521240234375,0.9820487519951647,0.017951248004835274
1773,1154.4495849609375,0.9820705358795021,0.017929464120497896
1774,1154.342041015625,0.9820923177345392,0.0179076822654608
1775,1153.3448486328125,0.9821140807730565,0.017885919226943492
1776,1152.670166015625,0.9821358310806514,0.01786416891934861
1777,1150.1204833984375,0.9821575332770147,0.017842466722985284
1778,1149.27197265625,0.9821792194624063,0.017820780537593728
1779,1149.1478271484375,0.9822009033052342,0.01779909669476576
1780,1146.447021484375,0.9822225361852147,0.017777463814785288
1781,1145.4130859375,0.9822441495553503,0.017755850444649668
1782,1145.0234375,0.9822657555730154,0.01773424442698457
1783,1143.2821044921875,0.9822873287326005,0.017712671267399505
1784,1142.1754150390625,0.982308881009511,0.01769111899048903
1785,1141.419921875,0.9823304190306446,0.017669580969355447
1786,1139.4375,0.9823519196444722,0.017648080355527784
1787,1139.2337646484375,0.982373416413916,0.017626583586084044
1788,1137.09814453125,0.9823948728852798,0.017605127114720176
1789,1136.2353515625,0.9824163130761734,0.017583686923826614
1790,1134.675537109375,0.982437723834151,0.017562276165849044
1791,1132.8365478515625,0.982459099891324,0.01754090010867604
1792,1131.6990966796875,0.9824804544853643,0.017519545514635748
1793,1130.639892578125,0.9825017890927548,0.017498210907245237
1794,1128.842041015625,0.9825230897755883,0.017476910224411668
1795,1127.760986328125,0.9825443700594626,0.017455629940537398
1796,1126.4071044921875,0.982565624796266,0.01743437520373403
1797,1125.298828125,0.9825868586204504,0.017413141379549635
1798,1124.6744384765625,0.9826080806627155,0.017391919337284456
1799,1123.2469482421875,0.9826292757689563,0.017370724231043688
1800,1122.0987548828125,0.9826504492093646,0.017349550790635382
1801,1121.887451171875,0.9826716186625779,0.017328381337422094
1802,1121.3226318359375,0.9826927774579337,0.017307222542066292
1803,1120.3468017578125,0.9827139178398657,0.017286082160134275
1804,1120.008544921875,0.982735051839061,0.017264948160939042
1805,1119.7403564453125,0.9827561807776741,0.017243819222325873
1806,1116.177734375,0.9827772424913968,0.017222757508603248
1807,1113.4962158203125,0.9827982536062099,0.01720174639379013
1808,1112.3358154296875,0.9828192428248499,0.017180757175150108
1809,1112.10693359375,0.9828402277246047,0.017159772275395335
1810,1110.4066162109375,0.9828611805402235,0.017138819459776466
1811,1109.438232421875,0.9828821150829263,0.017117884917073667
1812,1108.737060546875,0.9829030363948678,0.017096963605132243
1813,1107.431640625,0.9829239330741902,0.017076066925809763
1814,1105.3414306640625,0.9829447903122998,0.017055209687700246
1815,1103.0225830078125,0.9829656037949176,0.017034396205082403
1816,1102.114013671875,0.9829864001332881,0.017013599866711915
1817,1102.094482421875,0.9830071961031136,0.0169928038968864
1818,1101.7049560546875,0.9830279847227721,0.016972015277227914
1819,1100.1905517578125,0.9830487447663815,0.016951255233618512
1820,1099.964111328125,0.9830695005371736,0.01693049946282643
1821,1099.0679931640625,0.9830902393986656,0.016909760601334423
1822,1098.091796875,0.9831109598398236,0.01688904016017645
1823,1095.7049560546875,0.9831316352424929,0.01686836475750708
1824,1095.57177734375,0.9831523081321469,0.016847691867853065
1825,1094.528564453125,0.9831729613368972,0.016827038663102756
1826,1094.052734375,0.9831936055629726,0.01680639443702736
1827,1092.515380859375,0.9832142207799588,0.016785779220041208
1828,1090.9637451171875,0.9832348067183571,0.016765193281642943
1829,1089.9267578125,0.9832553730893253,0.016744626910674687
1830,1089.8402099609375,0.983275937827179,0.016724062172820964
1831,1087.7969970703125,0.9832964640106308,0.016703535989369245
1832,1085.964111328125,0.9833169556084485,0.01668304439155155
1833,1083.6029052734375,0.9833374026514927,0.01666259734850728
1834,1082.9326171875,0.9833578370465372,0.01664216295346277
1835,1081.8304443359375,0.9833782506441331,0.01662174935586691
1836,1080.697265625,0.9833986428592153,0.0166013571407847
1837,1080.64453125,0.9834190340792264,0.016580965920773627
1838,1078.5047607421875,0.9834393849228417,0.016560615077158336
1839,1076.910400390625,0.9834597056816773,0.016540294318322712
1840,1076.1436767578125,0.9834800119728228,0.016519988027177246
1841,1075.2862548828125,0.9835003020848476,0.016499697915152378
1842,1074.072998046875,0.9835205693033249,0.016479430696675124
1843,1070.9488525390625,0.9835407775707442,0.016459222429255793
1844,1070.772705078125,0.9835609825143493,0.016439017485650687
1845,1070.3365478515625,0.9835811792278865,0.01641882077211354
1846,1068.859130859375,0.9836013480633063,0.016398651936693653
1847,1068.8359375,0.9836215164610792,0.016378483538920796
1848,1068.396240234375,0.9836416765619852,0.0163583234380148
1849,1068.2320556640625,0.9836618335648109,0.01633816643518915
1850,1067.3907470703125,0.9836819746925655,0.016318025307434536
1851,1064.579833984375,0.9837020627798008,0.016297937220199232
1852,1063.5020751953125,0.9837221305302686,0.01627786946973142
1853,1058.9527587890625,0.9837421124374188,0.016257887562581175
1854,1058.10400390625,0.9837620783289902,0.016237921671009792
1855,1057.9114990234375,0.9837820405880912,0.016217959411908844
1856,1057.69873046875,0.9838019988323562,0.016198001167643805
1857,1057.257568359375,0.9838219487521137,0.016178051247886294
1858,1056.466064453125,0.9838418837365897,0.01615811626341035
1859,1056.3118896484375,0.9838618158118644,0.016138184188135618
1860,1055.61279296875,0.9838817346955356,0.016118265304464363
1861,1055.2109375,0.9839016459963957,0.016098354003604265
1862,1052.35302734375,0.9839215033699255,0.016078496630074546
1863,1051.0684814453125,0.9839413365047187,0.01605866349528129
1864,1049.2152099609375,0.983961134669209,0.01603886533079102
1865,1046.2618408203125,0.9839808771051057,0.016019122894894267
1866,1045.9765625,0.9840006141579437,0.01599938584205629
1867,1045.6068115234375,0.9840203442337663,0.015979655766233725
1868,1044.1446533203125,0.9840400467193973,0.015959953280602734
1869,1043.5789794921875,0.9840597385310471,0.015940261468952888
1870,1043.35986328125,0.984079426208084,0.015920573791916026
1871,1041.7501220703125,0.9840990835101119,0.015900916489888117
1872,1039.8179931640625,0.9841187043538371,0.01588129564616292
1873,1039.378173828125,0.984138316898392,0.01586168310160796
1874,1038.0665283203125,0.9841579046928545,0.01584209530714553
1875,1037.3109130859375,0.9841774782292366,0.015822521770763376
1876,1035.93212890625,0.9841970257486532,0.015802974251346802
1877,1035.7235107421875,0.9842165693315497,0.015783430668450338
1878,1032.8616943359375,0.9842360589134068,0.01576394108659318
1879,1032.714111328125,0.9842555457104466,0.0157444542895534
1880,1031.41162109375,0.9842750079301492,0.015724992069850785
1881,1028.476318359375,0.9842944147621623,0.015705585237837716
1882,1027.2955322265625,0.9843137993133336,0.015686200686666374
1883,1025.6895751953125,0.9843331535609017,0.015666846439098325
1884,1025.5595703125,0.9843525053553428,0.0156474946446572
1885,1025.2423095703125,0.9843718511632329,0.01562814883676711
1886,1024.7607421875,0.9843911878841882,0.015608812115811777
1887,1023.8701171875,0.9844105077994967,0.015589492200503319
1888,1022.1157836914062,0.9844297946114124,0.015570205388587555
1889,1021.7420043945312,0.9844490743703004,0.015550925629699619
1890,1019.4700927734375,0.9844683112593562,0.015531688740643812
1891,1019.224853515625,0.9844875435208703,0.015512456479129688
1892,1018.9376220703125,0.9845067703624711,0.01549322963752886
1893,1018.0674438476562,0.9845259807842457,0.015474019215754309
1894,1016.6808471679688,0.9845451650416366,0.015454834958363417
1895,1015.7826538085938,0.9845643323505696,0.015435667649430385
1896,1015.6048583984375,0.9845834963045924,0.01541650369540759
1897,1011.61767578125,0.9846025850224801,0.015397414977519897
1898,1011.2202758789062,0.984621666241631,0.015378333758368945
1899,1011.0423583984375,0.9846407441035685,0.0153592558964315
1900,1009.2698974609375,0.9846597885200575,0.015340211479942467
1901,1007.4581298828125,0.9846787987494015,0.015321201250598548
1902,1006.7396240234375,0.9846977954209004,0.015302204579099588
1903,1006.6141967773438,0.9847167897256501,0.015283210274349868
1904,1005.517333984375,0.9847357633331495,0.015264236666850506
1905,1004.1680908203125,0.9847547114811074,0.015245288518892619
1906,1003.779052734375,0.9847736522881118,0.015226347711888244
1907,1002.1516723632812,0.9847925623872652,0.015207437612734798
1908,1002.0487060546875,0.9848114705434962,0.015188529456503841
1909,999.2543334960938,0.9848303259713191,0.015169674028680857
1910,998.0864868164062,0.9848491593624614,0.015150840637538576
1911,998.0020751953125,0.9848679911607987,0.015132008839201294
1912,996.1676635742188,0.9848867883447092,0.015113211655290781
1913,995.6089477539062,0.9849055749859327,0.015094425014067325
1914,994.8949584960938,0.984924348154537,0.015075651845463
1915,992.6217651367188,0.9849430784291234,0.015056921570876569
1916,991.6092529296875,0.9849617895981126,0.015038210401887353
1917,990.9302978515625,0.9849804879555603,0.015019512044439742
1918,990.8201293945312,0.9849991842341844,0.015000815765815578
1919,988.67578125,0.9850178400500351,0.01498215994996488
1920,987.9989013671875,0.9850364830935021,0.014963516906497887
1921,987.1464233398438,0.9850551100511364,0.01494488994886356
1922,986.6547241210938,0.9850737277306534,0.014926272269346619
1923,985.9109497070312,0.9850923313755203,0.014907668624479675
1924,984.6766967773438,0.9851109117306539,0.014889088269346096
1925,984.28369140625,0.9851294846699733,0.014870515330026701
1926,984.0291748046875,0.9851480528066922,0.014851947193307846
1927,983.767333984375,0.9851666160026061,0.014833383997393867
1928,982.2685546875,0.9851851509173069,0.014814849082693149
1929,977.9203491210938,0.9852036037835507,0.014796396216449348
1930,977.1708984375,0.9852220425080361,0.014777957491963867
1931,976.6216430664062,0.9852404708683483,0.014759529131651683
1932,975.5760498046875,0.9852588794988404,0.01474112050115961
1933,974.0228271484375,0.9852772588208004,0.014722741179199583
1934,973.8108520507812,0.9852956341428968,0.014704365857103219
1935,972.36181640625,0.9853139821224176,0.014686017877582391
1936,972.2943725585938,0.9853323288293069,0.01466767117069312
1937,971.6634521484375,0.9853506636310446,0.014649336368955379
1938,970.9265747070312,0.9853689845282748,0.014631015471725184
1939,970.7830200195312,0.9853873027167002,0.014612697283299836
1940,970.0530395507812,0.9854056071307603,0.014594392869239692
1941,967.730224609375,0.9854238677144682,0.014576132285531784
1942,965.1988525390625,0.9854420805324554,0.014557919467544589
1943,964.5244140625,0.985460280624127,0.01453971937587295
1944,964.2750244140625,0.9854784760099411,0.014521523990058904
1945,963.4002075195312,0.9854966548883994,0.014503345111600563
1946,962.4201049804688,0.9855148152728147,0.014485184727185296
1947,962.0816040039062,0.9855329692698863,0.014467030730113684
1948,961.7511596679688,0.9855511170316392,0.014448882968360777
1949,959.2725219726562,0.9855692180227426,0.014430781977257445
1950,958.3944091796875,0.9855873024442983,0.014412697555701737
1951,957.485107421875,0.9856053697077861,0.014394630292213884
1952,956.5223388671875,0.9856234188043144,0.014376581195685634
1953,955.2145385742188,0.9856414432233075,0.01435855677669251
1954,954.2847900390625,0.9856594500984123,0.014340549901587729
1955,953.6914672851562,0.9856774457778144,0.014322554222185646
1956,953.5185546875,0.9856954381944426,0.014304561805557392
1957,951.0867309570312,0.9857133847237773,0.014286615276222658
1958,950.7020874023438,0.9857313239950813,0.014268676004918657
1959,949.82177734375,0.9857492466553762,0.014250753344623779
1960,949.3426513671875,0.9857671602748043,0.014232839725195734
1961,947.2233276367188,0.9857850339036571,0.014214966096342874
1962,947.101318359375,0.9858029052302562,0.014197094769743845
1963,946.4393310546875,0.985820764065487,0.01417923593451298
1964,944.9932250976562,0.985838595613424,0.014161404386575982
1965,944.4950561523438,0.9858564177611632,0.014143582238836827
1966,943.0978393554688,0.9858742135441224,0.014125786455877587
1967,940.5902099609375,0.9858919620093733,0.014108037990626654
1968,939.809814453125,0.9859096957489527,0.014090304251047292
1969,939.5031127929688,0.9859274237012257,0.014072576298774342
1970,938.439453125,0.9859451315827745,0.014054868417225475
1971,937.382080078125,0.9859628195122245,0.014037180487775469
1972,936.0324096679688,0.9859804819740712,0.014019518025928823
1973,934.3502197265625,0.9859981126938379,0.014001887306162142
1974,934.2271118164062,0.98601574109062,0.013984258909380043
1975,931.594970703125,0.9860333198202201,0.013966680179779867
1976,930.44287109375,0.9860508768102789,0.01394912318972108
1977,930.0283813476562,0.9860684259791241,0.013931574020875859
1978,928.0294799804688,0.9860859374297036,0.01391406257029637
1979,927.8230590820312,0.9861034449852244,0.013896555014775602
1980,927.5716552734375,0.9861209477968815,0.01387905220311847
1981,927.4445190429688,0.9861384482095417,0.013861551790458337
1982,927.1285400390625,0.9861559426598366,0.013844057340163363
1983,926.6947631835938,0.9861734289249801,0.013826571075019944
1984,926.2930908203125,0.9861909076107674,0.013809092389232558
1985,924.0884399414062,0.9862083446958991,0.01379165530410087
1986,924.05810546875,0.9862257812086346,0.013774218791365422
1987,922.236083984375,0.9862431833407389,0.013756816659261095
1988,921.1474609375,0.9862605649310727,0.013739435068927275
1989,920.0413208007812,0.9862779256490971,0.01372207435090289
1990,919.162353515625,0.98629526978145,0.01370473021855001
1991,918.3984375,0.986312599499091,0.013687400500908997
1992,918.3069458007812,0.9863299274903295,0.01367007250967045
1993,917.304931640625,0.9863472365740638,0.013652763425936243
1994,915.73046875,0.9863645159484733,0.013635484051526703
1995,913.6349487304688,0.9863817557814717,0.013618244218528308
1996,913.2396850585938,0.986398988156043,0.013601011843957012
1997,911.7088623046875,0.986416191644757,0.013583808355242977
1998,911.694091796875,0.986433394854759,0.013566605145240995
1999,910.9613647460938,0.9864505842385692,0.013549415761430761
2000,909.2796630859375,0.9864677418895131,0.013532258110486861
2001,908.5596313476562,0.9864848859538193,0.013515114046180665
2002,907.1494140625,0.9865020034080332,0.013497996591966821
2003,906.3146362304688,0.9865191051104082,0.01348089488959181
2004,905.0851440429688,0.9865361836128825,0.013463816387117467
2005,904.7059326171875,0.9865532549598277,0.013446745040172292
2006,903.1578369140625,0.9865702970949838,0.013429702905016216
2007,902.1724243164062,0.9865873206358986,0.013412679364101399
2008,902.114013671875,0.9866043430746338,0.01339565692536615
2009,900.52783203125,0.9866213355829176,0.013378664417082353
2010,899.8928833007812,0.9866383161100374,0.013361683889962617
2011,898.2904052734375,0.986655266399201,0.01334473360079902
2012,898.145751953125,0.9866722139588291,0.013327786041170908
2013,897.4148559570312,0.9866891477268164,0.013310852273183627
2014,897.2531127929688,0.9867060784427915,0.013293921557208543
2015,896.9674682617188,0.9867230037687975,0.013276996231202487
2016,895.0179443359375,0.9867398923082654,0.01326010769173458
2017,893.7369995117188,0.9867567566769473,0.013243243323052711
2018,893.1170043945312,0.9867736093466325,0.013226390653367504
2019,891.827392578125,0.9867904376819898,0.013209562318010182
2020,891.372802734375,0.9868072574394648,0.013192742560535153
2021,890.018310546875,0.9868240516383522,0.013175948361647816
2022,889.5233764648438,0.9868408364980816,0.01315916350191837
2023,889.4657592773438,0.9868576202706036,0.013142379729396358
2024,886.8806762695312,0.9868743552639067,0.013125644736093345
2025,886.4833374023438,0.9868910827596246,0.01310891724037544
2026,885.521484375,0.9869077921056586,0.013092207894341401
2027,883.0057983398438,0.9869244539819595,0.013075546018040507
2028,882.4248046875,0.9869411048952018,0.013058895104798185
2029,881.8441772460938,0.9869577448522957,0.013042255147704296
2030,881.5354614257812,0.9869743789840769,0.013025621015923083
2031,881.34228515625,0.9869910094707188,0.013008990529281172
2032,881.2100830078125,0.9870076374627726,0.012992362537227353
2033,880.0645751953125,0.9870242438396688,0.012975756160331198
2034,878.8070678710938,0.9870408264880328,0.012959173511967181
2035,877.7759399414062,0.9870573896795303,0.012942610320469727
2036,876.8440551757812,0.9870739352868299,0.012926064713170149
2037,875.271728515625,0.9870904512251143,0.012909548774885704
2038,875.18310546875,0.9871069654911264,0.01289303450887358
2039,874.9727783203125,0.9871234757883708,0.012876524211629214
2040,871.166015625,0.9871399142539133,0.012860085746086658
2041,870.6064453125,0.987156342160645,0.012843657839355038
2042,869.9202880859375,0.987172757119934,0.012827242880065981
2043,868.9407958984375,0.9871891535966971,0.012810846403302878
2044,868.64208984375,0.9872055444370268,0.012794455562973206
2045,868.3853759765625,0.9872219304332946,0.012778069566705352
2046,866.9791870117188,0.9872382898954823,0.012761710104517654
2047,866.7886352539062,0.987254645762054,0.012745354237945983
2048,866.450439453125,0.9872709952470407,0.01272900475295935
2049,865.7780151367188,0.9872873320437179,0.01271266795628212
2050,863.7838745117188,0.9873036312119622,0.012696368788037815
2051,862.570556640625,0.9873199074855072,0.012680092514492758
2052,862.3314819335938,0.9873361792478325,0.012663820752167543
2053,862.3065185546875,0.9873524505391112,0.012647549460888752
2054,859.0494384765625,0.9873686603709234,0.012631339629076588
2055,858.3611450195312,0.9873848572149835,0.01261514278501652
2056,858.16796875,0.9874010504139044,0.012598949586095642
2057,857.6173706054688,0.9874172332233144,0.012582766776685572
2058,857.2415161132812,0.987433408940539,0.012566591059461008
2059,856.3150634765625,0.9874495671760671,0.012550432823932867
2060,856.1554565429688,0.9874657223998925,0.012534277600107502
2061,855.4661865234375,0.9874818646175385,0.012518135382461493
2062,855.4049682617188,0.9874980056800267,0.012501994319973342
2063,853.4005126953125,0.9875141089194441,0.012485891080555866
2064,852.64013671875,0.9875301978109485,0.012469802189051471
2065,851.296630859375,0.9875462613511715,0.012453738648828483
2066,849.7728881835938,0.9875622961391349,0.012437703860865068
2067,849.0185546875,0.9875783166932037,0.012421683306796272
2068,848.5814208984375,0.9875943289987773,0.012405671001222696
2069,848.0515747070312,0.9876103313064192,0.012389668693580824
2070,844.44921875,0.9876262656394119,0.012373734360588085
2071,844.2383422851562,0.9876421959932716,0.012357804006728368
2072,844.2330932617188,0.9876581262480848,0.0123418737519152
2073,843.38720703125,0.9876740405414494,0.01232595945855064
2074,842.24365234375,0.9876899332565108,0.012310066743489223
2075,841.64794921875,0.9877058147309532,0.012294185269046798
2076,840.6676635742188,0.9877216777078974,0.012278322292102573
2077,840.4674682617188,0.9877375369072565,0.01226246309274348
2078,839.7340698242188,0.9877533822677552,0.01224661773224478
2079,839.228759765625,0.9877692180933066,0.012230781906693355
2080,837.9056396484375,0.9877850289522454,0.012214971047754597
2081,836.7369384765625,0.9878008177583796,0.012199182241620421
2082,836.5866088867188,0.9878166037278698,0.012183396272130165
2083,836.4749755859375,0.9878323875908956,0.012167612409104356
2084,836.2044067382812,0.9878481663484232,0.012151833651576793
2085,836.1571655273438,0.9878639442145327,0.012136055785467281
2086,836.0,0.9878797191150076,0.012120280884992396
2087,835.69677734375,0.9878954882938232,0.012104511706176768
2088,832.8427734375,0.9879112036190173,0.012088796380982703
2089,831.7258911132812,0.9879268978692024,0.012073102130797597
2090,831.5015258789062,0.9879425878857281,0.012057412114271915
2091,830.5645751953125,0.9879582602224646,0.01204173977753542
2092,828.83544921875,0.9879738999314616,0.012026100068538437
2093,828.3786010742188,0.9879895310199633,0.01201046898003666
2094,828.2109985351562,0.9880051589458894,0.011994841054110639
2095,828.020751953125,0.9880207832819579,0.01197921671804214
2096,825.6775512695312,0.9880363634030053,0.011963636596994731
2097,824.8548583984375,0.9880519280002511,0.0119480719997489
2098,824.6691284179688,0.9880674890928653,0.011932510907134652
2099,824.1399536132812,0.9880830402002166,0.011916959799783355
2100,822.6065673828125,0.9880985623733392,0.011901437626660849
2101,820.9616088867188,0.9881140535069204,0.011885946493079613
2102,819.3178100585938,0.9881295136228427,0.011870486377157263
2103,818.6961059570312,0.9881449620075206,0.011855037992479445
2104,817.2510986328125,0.9881603831256354,0.011839616874364634
2105,817.1165771484375,0.9881758017053972,0.011824198294602795
2106,816.383544921875,0.9881912064532088,0.011808793546791208
2107,815.5662231445312,0.9882065957785686,0.01179340422143138
2108,815.230224609375,0.9882219787638047,0.011778021236195313
2109,814.9124145507812,0.9882373557521245,0.011762644247875542
2110,813.0526733398438,0.9882526976480608,0.011747302351939215
2111,812.5957641601562,0.9882680309223503,0.011731969077649729
2112,812.3140258789062,0.9882833588803798,0.01171664111962023
2113,812.1576538085938,0.9882986838877467,0.011701316112253335
2114,811.1005249023438,0.9883139889476217,0.01168601105237832
2115,810.7886352539062,0.9883292881222955,0.01167071187770452
2116,809.8687744140625,0.9883445699396569,0.011655430060343086
2117,808.1369018554688,0.9883598190774522,0.011640180922547816
2118,806.6896362304688,0.9883750409060715,0.011624959093928466
2119,805.5635986328125,0.9883902414869263,0.011609758513073665
2120,805.4627075195312,0.9884054401640165,0.011594559835983453
2121,803.6422119140625,0.9884206044892682,0.011579395510731838
2122,802.3948974609375,0.988435745278322,0.011564254721677991
2123,802.2675170898438,0.9884508836637722,0.011549116336227794
2124,802.1555786132812,0.9884660199369996,0.011533980063000437
2125,801.5865478515625,0.9884811454729019,0.01151885452709811
2126,800.0462646484375,0.9884962419444332,0.011503758055566804
2127,799.22021484375,0.9885113228288193,0.011488677171180739
2128,798.7346801757812,0.9885263945514097,0.01147360544859033
2129,798.6902465820312,0.9885414654355605,0.01145853456443946
2130,796.8495483398438,0.9885565015866593,0.011443498413340691
2131,795.639404296875,0.9885715149029473,0.011428485097052743
2132,795.5076293945312,0.9885865257327089,0.011413474267291113
2133,795.2999877929688,0.9886015326443778,0.011398467355622222
2134,795.0491333007812,0.9886165348225482,0.011383465177451813
2135,793.7815551757812,0.9886315130821555,0.011368486917844534
2136,792.996337890625,0.9886464765251067,0.011353523474893268
2137,792.40966796875,0.9886614288978909,0.011338571102109118
2138,792.2578735351562,0.9886763784063902,0.011323621593609778
2139,791.0328369140625,0.9886913047990634,0.01130869520093658
2140,789.3192749023438,0.9887061988576812,0.011293801142318816
2141,788.7858276367188,0.9887210828504169,0.011278917149583068
2142,786.1129150390625,0.9887359164066332,0.011264083593366836
2143,785.4293823242188,0.9887507370649301,0.011249262935069892
2144,784.038330078125,0.9887655314747692,0.0112344685252308
2145,782.119140625,0.9887802896704665,0.011219710329533505
2146,782.026123046875,0.9887950461109687,0.01120495388903131
2147,781.9017333984375,0.9888098002043006,0.011190199795699352
2148,781.8966674804688,0.9888245542020413,0.011175445797958705
2149,781.8187866210938,0.9888393067302091,0.011160693269790856
2150,781.6049194335938,0.9888540552228106,0.011145944777189443
2151,780.8240356445312,0.9888687889805268,0.01113121101947323
2152,780.5381469726562,0.9888835173436672,0.011116482656332805
2153,780.2006225585938,0.9888982393378912,0.011101760662108773
2154,779.9262084960938,0.9889129561540597,0.011087043845940281
2155,779.554931640625,0.9889276659644202,0.011072334035579834
2156,779.2696533203125,0.988942370391722,0.011057629608278052
2157,776.8841552734375,0.9889570298058726,0.011042970194127366
2158,774.5198974609375,0.9889716446076648,0.011028355392335154
2159,774.1015625,0.9889862515156863,0.01101374848431369
2160,772.5427856445312,0.9890008290103707,0.010999170989629325
2161,771.7767333984375,0.9890153920500336,0.010984607949966363
2162,770.2372436523438,0.9890299260402976,0.010970073959702398
2163,770.1338500976562,0.9890444580795771,0.010955541920422918
2164,770.0888671875,0.9890589892700516,0.010941010729948353
2165,769.2147216796875,0.9890735039658392,0.010926496034160849
2166,767.8683471679688,0.9890879932562152,0.010912006743784786
2167,767.6650390625,0.9891024787102695,0.010897521289730538
2168,767.0870361328125,0.9891169532576983,0.010883046742301672
2169,767.0042114257812,0.9891314262422667,0.010868573757733313
2170,766.6259765625,0.9891458920897329,0.010854107910267086
2171,765.5599365234375,0.9891603378215585,0.010839662178441456
2172,764.8279418945312,0.9891747697410129,0.010825230258987073
2173,764.5433959960938,0.9891891962912289,0.010810803708771077
2174,762.8013916015625,0.9892035899706962,0.01079641002930376
2175,761.65380859375,0.989217961995848,0.010782038004152006
2176,761.4124755859375,0.9892323294671671,0.010767670532832896
2177,759.900390625,0.9892466684062017,0.010753331593798321
2178,759.7088012695312,0.9892610037300413,0.010738996269958667
2179,759.5966186523438,0.9892753369370513,0.010724663062948725
2180,757.685546875,0.9892896340830959,0.010710365916904108
2181,757.519287109375,0.989303928091902,0.01069607190809796
2182,757.0577392578125,0.9893182133915319,0.01068178660846808
2183,755.1041259765625,0.9893324618274596,0.010667538172540403
2184,755.0735473632812,0.989346709686384,0.010653290313615948
2185,753.9876098632812,0.9893609370542129,0.010639062945787092
2186,752.6859741210938,0.9893751398608285,0.010624860139171521
2187,751.8008422851562,0.9893893259654505,0.010610674034549517
2188,751.0250854492188,0.9894034974319303,0.010596502568069655
2189,750.7890625,0.9894176644447755,0.010582335555224476
2190,750.4354248046875,0.989431824784655,0.010568175215345033
2191,750.3944091796875,0.9894459843505901,0.010554015649409942
2192,750.298583984375,0.9894601421083518,0.010539857891648241
2193,749.7974853515625,0.9894742904106338,0.010525709589366161
2194,749.3735961914062,0.9894884307143401,0.010511569285659883
2195,747.0029907226562,0.9895025262859108,0.010497473714089156
2196,746.5878295898438,0.9895166140235993,0.01048338597640075
2197,745.6298828125,0.9895306836853128,0.010469316314687171
2198,744.8963012695312,0.9895447395047108,0.01045526049528922
2199,744.8416748046875,0.9895587942933347,0.01044120570666529
2200,744.495361328125,0.9895728425471971,0.010427157452802871
2201,743.1194458007812,0.989586864838224,0.010413135161776
2202,742.85107421875,0.9896008820652138,0.010399117934786206
2203,742.0546264648438,0.9896148842636342,0.010385115736365802
2204,741.3314819335938,0.9896288728166802,0.010371127183319784
2205,740.9609985351562,0.9896428543788903,0.010357145621109676
2206,739.7639770507812,0.9896568133539058,0.010343186646094238
2207,738.9852905273438,0.9896707576354973,0.010329242364502722
2208,737.9317016601562,0.9896846820363956,0.010315317963604409
2209,736.36181640625,0.9896985768143469,0.01030142318565308
2210,736.28759765625,0.9897124701918277,0.010287529808172269
2211,734.4868774414062,0.9897263295906218,0.01027367040937821
2212,733.8001708984375,0.9897401760316079,0.01025982396839209
2213,733.6044311523438,0.9897540187790832,0.0102459812209168
2214,732.5950927734375,0.9897678424808499,0.010232157519150076
2215,732.3972778320312,0.9897816624499478,0.010218337550052192
2216,732.1755981445312,0.9897954782360614,0.010204521763938601
2217,731.2713623046875,0.9898092769596983,0.010190723040301664
2218,729.2191162109375,0.9898230369584814,0.010176963041518605
2219,729.17236328125,0.9898367960750601,0.010163203924939856
2220,728.9603881835938,0.9898505511917751,0.010149448808224881
2221,728.1005859375,0.9898642900844533,0.010135709915546687
2222,726.9879760742188,0.9898780079827416,0.010121992017258385
2223,726.84814453125,0.9898917232424789,0.010108276757521129
2224,726.641357421875,0.9899054346002472,0.010094565399752842
2225,726.4573974609375,0.9899191424867834,0.010080857513216634
2226,723.9856567382812,0.9899328037328124,0.01006719626718755
2227,723.0308837890625,0.989946446962755,0.010053553037244978
2228,722.516357421875,0.9899600804838434,0.01003991951615657
2229,722.0661010742188,0.9899737055088204,0.010026294491179644
2230,721.4041748046875,0.9899873180435809,0.010012681956419134
2231,720.760009765625,0.9900009184232702,0.009999081576729796
2232,720.7353515625,0.9900145183376717,0.009985481662328266
2233,720.2481689453125,0.9900281090591817,0.009971890940818295
2234,716.9296875,0.9900416371626122,0.009958362837387824
2235,716.6992797851562,0.9900551609183647,0.009944839081635348
2236,716.5466918945312,0.9900686817948602,0.009931318205139816
2237,716.5183715820312,0.9900822021369656,0.009917797863034372
2238,715.815185546875,0.9900957092103034,0.009904290789696568
2239,713.8269653320312,0.9901091787669236,0.009890821233076386
2240,713.8184814453125,0.9901226481634571,0.009877351836542925
2241,713.42138671875,0.9901361100670123,0.009863889932987702
2242,711.08203125,0.9901495278281037,0.009850472171896274
2243,710.8334350585938,0.9901629408983098,0.009837059101690193
2244,710.0712890625,0.9901763395872035,0.009823660412796476
2245,709.9838256835938,0.990189736625707,0.009810263374293027
2246,709.0277709960938,0.9902031156239384,0.009796884376061632
2247,708.9303588867188,0.9902164927840521,0.009783507215947895
2248,707.53759765625,0.9902298436634603,0.00977015633653966
2249,707.4384155273438,0.9902431926713516,0.009756807328648365
2250,706.7752075195312,0.9902565291648405,0.009743470835159473
2251,706.5397338867188,0.9902698612150602,0.009730138784939779
2252,705.9330444335938,0.9902831818173544,0.009716818182645581
2253,705.2417602539062,0.990296489375463,0.009703510624537004
2254,703.9849243164062,0.9903097732177081,0.009690226782291922
2255,703.677490234375,0.9903230512588264,0.009676948741173641
2256,702.93701171875,0.9903363153274867,0.009663684672513329
2257,701.3363647460938,0.9903495491927419,0.009650450807258126
2258,700.1583862304688,0.9903627608301335,0.009637239169866474
2259,699.7861328125,0.9903759654432901,0.009624034556709904
2260,698.9652099609375,0.9903891545660444,0.009610845433955628
2261,698.9511108398438,0.9904023434227552,0.009597656577244762
2262,698.8389892578125,0.9904155301637882,0.00958446983621175
2263,697.40673828125,0.9904286898789639,0.00957131012103607
2264,697.1605834960938,0.9904418449493224,0.009558155050677586
2265,694.915283203125,0.9904549576519911,0.009545042348008903
2266,694.90185546875,0.9904680701012852,0.009531929898714764
2267,694.7511596679688,0.9904811797070252,0.009518820292974794
2268,694.7091064453125,0.9904942885192419,0.009505711480758072
2269,693.7332153320312,0.9905073789168831,0.009492621083116881
2270,693.7297973632812,0.9905204692500289,0.009479530749971099
2271,693.1522827148438,0.990533548685763,0.009466451314236957
2272,693.090576171875,0.9905466269571258,0.009453373042874191
2273,692.7525024414062,0.9905596988492068,0.009440301150793196
2274,692.5089721679688,0.9905727661459939,0.009427233854006123
2275,691.6050415039062,0.9905858163860628,0.0094141836139372
2276,691.4188232421875,0.9905988631122867,0.009401136887713268
2277,689.3685302734375,0.9906118711505111,0.00938812884948892
2278,686.8928833007812,0.9906248324745195,0.00937516752548051
2279,686.7958374023438,0.9906377919673205,0.009362208032679509
2280,685.1171264648438,0.9906507197836885,0.00934928021631154
2281,685.0465698242188,0.9906636462686881,0.00933635373131192
2282,684.60546875,0.9906765644303317,0.009323435569668304
2283,684.60400390625,0.9906894825643345,0.009310517435665466
2284,683.283935546875,0.9907023757893099,0.009297624210690136
2285,681.7789306640625,0.9907152406155983,0.009284759384401653
2286,681.7055053710938,0.9907281040563883,0.009271895943611663
2287,681.362548828125,0.9907409610257605,0.00925903897423952
2288,680.9449462890625,0.9907538101151823,0.009246189884817735
2289,680.5796508789062,0.9907666523116629,0.009233347688337057
2290,680.0547485351562,0.9907794846034998,0.00922051539650015
2291,678.7820434570312,0.9907922928800306,0.009207707119969433
2292,678.2755126953125,0.99080509159858,0.00919490840142001
2293,678.0632934570312,0.990817886312659,0.00918211368734101
2294,677.40234375,0.9908306685549486,0.009169331445051387
2295,675.4300537109375,0.9908434135811149,0.00915658641888506
2296,674.995849609375,0.9908561504140677,0.009143849585932284
2297,674.83740234375,0.9908688842572002,0.009131115742799789
2298,672.3463134765625,0.9908815710947358,0.009118428905264153
2299,672.330078125,0.9908942576259185,0.00910574237408146
2300,671.5406494140625,0.9909069292609776,0.009093070739022435
2301,670.5833740234375,0.9909195828327304,0.009080417167269594
2302,670.3489379882812,0.9909322319807928,0.009067768019207167
2303,669.2179565429688,0.990944859787803,0.009055140212197
2304,668.3984375,0.9909574721309001,0.00904252786909987
2305,667.7567749023438,0.990970072366146,0.009029927633854018
2306,666.7919921875,0.9909826543964262,0.009017345603573812
2307,666.1717529296875,0.9909952247231028,0.009004775276897248
2308,665.2755737304688,0.9910077781393277,0.008992221860672278
2309,665.2185668945312,0.9910203304798622,0.008979669520137845
2310,664.653564453125,0.9910328721590841,0.008967127840915912
2311,663.3677978515625,0.9910453895765355,0.00895461042346446
2312,663.266357421875,0.9910579050798569,0.008942094920143084
2313,662.7219848632812,0.9910704103111413,0.008929589688858708
2314,662.4277954101562,0.9910829099912184,0.008917090008781603
2315,661.4169921875,0.9910953905979458,0.008904609402054176
2316,661.3007202148438,0.9911078690106796,0.008892130989320401
2317,658.9143676757812,0.9911203023941384,0.008879697605861603
2318,658.5905151367188,0.9911327296666623,0.008867270333337673
2319,658.4844360351562,0.9911451549375269,0.008854845062473138
2320,657.93603515625,0.991157569860342,0.00884243013965802
2321,657.41796875,0.991169975007504,0.008830024992495966
2322,657.093994140625,0.9911823740414277,0.008817625958572273
2323,655.4723510742188,0.9911947424757607,0.00880525752423933
2324,655.2922973632812,0.9912071075125704,0.008792892487429649
2325,654.88671875,0.9912194648963151,0.008780535103684928
2326,654.4491577148438,0.9912318140235027,0.008768185976497311
2327,654.4427490234375,0.9912441630297615,0.008755836970238517
2328,653.9024047851562,0.9912565018399957,0.008743498160004304
2329,653.8873291015625,0.9912688403657594,0.008731159634240648
2330,653.276611328125,0.9912811673675851,0.008718832632414908
2331,652.9346313476562,0.9912934879164201,0.008706512083579865
2332,652.8851928710938,0.9913058075323761,0.008694192467623929
2333,650.5193481445312,0.9913180825060292,0.008681917493970848
2334,650.032958984375,0.9913303483017628,0.00866965169823719
2335,649.673095703125,0.991342607307057,0.008657392692942967
2336,649.0577392578125,0.9913548547008839,0.008645145299116086
2337,648.9510498046875,0.9913671000815344,0.008632899918465609
2338,647.2786865234375,0.9913793139055289,0.008620686094471086
2339,647.0277099609375,0.9913915229937217,0.008608477006278314
2340,646.1035766601562,0.9914037146439828,0.008596285356017197
2341,645.390380859375,0.991415892836597,0.008584107163402965
2342,644.3974609375,0.9914280522933107,0.008571947706689342
2343,644.2704467773438,0.9914402093533309,0.008559790646669119
2344,642.324951171875,0.9914523297028253,0.008547670297174736
2345,642.0423583984375,0.9914644447199358,0.008535555280064222
2346,641.7985229492188,0.9914765551359938,0.008523444864006247
2347,640.4512329101562,0.9914886401293648,0.008511359870635227
2348,640.443603515625,0.9915007249787731,0.008499275021226937
2349,639.3706665039062,0.9915127895823982,0.00848721041760181
2350,639.3690795898438,0.9915248541560792,0.00847514584392084
2351,638.5357055664062,0.9915369030044106,0.008463096995589448
2352,637.864013671875,0.9915489391782529,0.00845106082174707
2353,637.0706176757812,0.991560960381111,0.008439039618889033
2354,636.8705444335938,0.9915729778086874,0.008427022191312639
2355,636.5188598632812,0.9915849886001523,0.008415011399847683
2356,636.2379150390625,0.9915969940903295,0.008403005909670469
2357,636.1987915039062,0.9916089988422652,0.008391001157734834
2358,635.650146484375,0.9916209932415447,0.008379006758455265
2359,633.6285400390625,0.9916329494941251,0.00836705050587494
2360,632.791748046875,0.9916448899568605,0.008355110043139491
2361,632.3128051757812,0.9916568213821843,0.00834317861781575
2362,632.2676391601562,0.991668751955248,0.008331248044752049
2363,631.8590087890625,0.9916806748176616,0.008319325182338355
2364,631.56201171875,0.9916925920758896,0.008307407924110444
2365,631.1790771484375,0.9917045021083344,0.008295497891665615
2366,628.3651123046875,0.9917163590426747,0.008283640957325256
2367,628.322509765625,0.9917282151731266,0.008271784826873407
2368,627.6812744140625,0.991740059203789,0.008259940796210952
2369,626.1201782226562,0.9917518737773499,0.008248126222650143
2370,625.8387451171875,0.9917636830404092,0.008236316959590817
2371,625.130126953125,0.9917754789321993,0.008224521067800694
2372,624.9720458984375,0.9917872718410793,0.008212728158920712
2373,624.8473510742188,0.9917990623970305,0.008200937602969471
2374,624.3907470703125,0.9918108443370933,0.008189155662906678
2375,624.1204223632812,0.9918226211762645,0.008177378823735482
2376,623.073974609375,0.9918343782694917,0.008165621730508277
2377,622.1029052734375,0.991846117039128,0.00815388296087205
2378,621.3936157226562,0.9918578424248262,0.00814215757517378
2379,621.0758056640625,0.9918695618136082,0.008130438186391808
2380,619.8536987304688,0.9918812581418456,0.008118741858154421
2381,619.2924194335938,0.9918929438790244,0.00810705612097562
2382,618.83447265625,0.9919046209749772,0.008095379025022775
2383,618.4707641601562,0.9919162912079333,0.008083708792066657
2384,618.4025268554688,0.9919279601532857,0.00807203984671434
2385,617.9663696289062,0.9919396208685701,0.008060379131429873
2386,616.2078247070312,0.9919512484009942,0.008048751599005755
2387,616.0271606445312,0.9919628725243783,0.008037127475621686
2388,615.5385131835938,0.9919744874272299,0.008025512572770066
2389,615.303466796875,0.9919860978948741,0.00801390210512587
2390,615.101806640625,0.9919977045572924,0.008002295442707585
2391,614.217529296875,0.992009294533841,0.007990705466158987
2392,613.8912353515625,0.9920208783533866,0.007979121646613407
2393,613.5814819335938,0.9920324563280406,0.007967543671959398
2394,613.402587890625,0.9920440309270538,0.007955969072946156
2395,612.5810546875,0.9920555900241478,0.007944409975852218
2396,611.8018798828125,0.9920671344186041,0.007932865581395943
2397,611.5636596679688,0.9920786743179646,0.007921325682035407
2398,611.370361328125,0.9920902105698823,0.007909789430117664
2399,611.3447875976562,0.9921017463392366,0.007898253660763355
2400,611.137939453125,0.9921132782054704,0.00788672179452965
2401,610.8890991210938,0.9921248053762117,0.007875194623788273
2402,610.8314819335938,0.9921363314597458,0.00786366854025422
2403,608.75244140625,0.9921478183128284,0.007852181687171611
2404,607.7183837890625,0.9921592856537627,0.007840714346237343
2405,606.4010620117188,0.9921707281374961,0.007829271862503928
2406,606.1441040039062,0.9921821657725608,0.007817834227439202
2407,605.8472900390625,0.992193597806895,0.007806402193105022
2408,604.54150390625,0.9922050052017001,0.007794994798299926
2409,603.8833618164062,0.9922164001776943,0.007783599822305698
2410,603.205810546875,0.992227782368636,0.007772217631364042
2411,602.8280639648438,0.9922391574316892,0.007760842568310777
2412,602.3124389648438,0.9922505227651576,0.007749477234842428
2413,601.337646484375,0.9922618697047809,0.007738130295219081
2414,600.2266845703125,0.9922731956811104,0.007726804318889613
2415,599.72607421875,0.9922845122111739,0.007715487788826136
2416,599.5839233398438,0.9922958260589215,0.007704173941078474
2417,599.3655395507812,0.9923071357858767,0.007692864214123296
2418,598.5380249023438,0.9923184298980456,0.00768157010195436
2419,597.589599609375,0.9923297061139054,0.007670293886094637
2420,597.2156372070312,0.9923409752732821,0.007659024726717867
2421,596.978759765625,0.9923522399629005,0.007647760037099549
2422,596.3287963867188,0.992363492388036,0.007636507611963994
2423,595.462158203125,0.992374728460144,0.007625271539856038
2424,595.3809814453125,0.9923859630004872,0.0076140369995127966
2425,594.2664184570312,0.9923971765095863,0.007602823490413746
2426,594.263916015625,0.9924083899714654,0.00759161002853459
2427,594.0704956054688,0.9924195997835985,0.007580400216401495
2428,593.9052734375,0.9924308064780722,0.007569193521927753
2429,592.9974975585938,0.9924419960432705,0.007558003956729453
2430,592.51806640625,0.9924531765618437,0.007546823438156269
2431,590.3678588867188,0.99246431650708,0.007535683492919998
2432,590.0480346679688,0.9924754504173938,0.007524549582606177
2433,589.6315307617188,0.9924865764684878,0.007513423531512187
2434,589.1846313476562,0.9924976940868142,0.007502305913185792
2435,587.6337280273438,0.9925087824403733,0.007491217559626673
2436,586.8240356445312,0.9925198555154433,0.0074801444845566945
2437,586.7236938476562,0.9925309266971141,0.007469073302885931
2438,586.0476684570312,0.9925419851225249,0.007458014877475105
2439,585.9722900390625,0.9925530421255828,0.007446957874417182
2440,585.9711303710938,0.9925640991067585,0.007435900893241532
2441,585.408447265625,0.9925751454703862,0.0074248545296138335
2442,583.6201782226562,0.9925861580902745,0.007413841909725494
2443,583.3561401367188,0.9925971657278966,0.00740283427210342
2444,582.7633056640625,0.9926081621790297,0.007391837820970304
2445,581.856201171875,0.9926191415135562,0.007380858486443764
2446,581.732666015625,0.9926301185170364,0.007369881482963581
2447,580.2753295898438,0.9926410680213096,0.0073589319786904195
2448,579.8379516601562,0.9926520092724807,0.007347990727519349
2449,579.7965698242188,0.9926629497427972,0.007337050257202771
2450,578.7642211914062,0.9926738707332132,0.007326129266786774
2451,578.381103515625,0.9926847844943909,0.007315215505609096
2452,578.1039428710938,0.9926956930256863,0.0073043069743137234
2453,577.64501953125,0.9927065928973285,0.007293407102671456
2454,576.8985595703125,0.9927174786836459,0.007282521316354096
2455,576.8367309570312,0.9927283633032884,0.007271636696711603
2456,576.791259765625,0.9927392470649123,0.007260752935087655
2457,575.7684326171875,0.9927501115263013,0.0072498884736986735
2458,575.5133666992188,0.9927609711747244,0.007239028825275606
2459,575.2371215820312,0.9927718256105407,0.00722817438945933
2460,574.8468017578125,0.9927826726812178,0.0072173273187822184
2461,574.04150390625,0.9927935045563285,0.007206495443671468
2462,572.9116821289062,0.9928043151122693,0.007195684887730702
2463,571.7716064453125,0.9928151041555541,0.0071848958444459265
2464,571.1796264648438,0.9928258820284737,0.007174117971526339
2465,570.9549560546875,0.9928366556619754,0.007163344338024569
2466,570.4734497070312,0.992847420209694,0.007152579790306035
2467,570.2550659179688,0.99285818063662,0.0071418193633799865
2468,569.8908081054688,0.992868934190184,0.0071310658098160395
2469,568.6781005859375,0.9928796648605656,0.007120335139434442
2470,568.2428588867188,0.9928903873181547,0.00710961268184529
2471,568.00537109375,0.9929011052944683,0.007098894705531711
2472,567.2835693359375,0.992911809650745,0.007088190349255008
2473,567.032958984375,0.9929225092781302,0.007077490721869806
2474,565.3195190429688,0.9929331765737635,0.007066823426236546
2475,565.1502075195312,0.9929438406745733,0.007056159325426692
2476,564.9381713867188,0.9929545007743676,0.007045499225632357
2477,564.4154663085938,0.9929651510109796,0.0070348489890204036
2478,564.1993408203125,0.9929757971694119,0.007024202830588133
2479,563.927734375,0.992986438202767,0.007013561797233003
2480,563.5003662109375,0.9929970711718992,0.0070029288281008295
2481,562.8909301757812,0.9930076926412793,0.006992307358720695
2482,562.7534790039062,0.9930183115170248,0.006981688482975201
2483,561.9548950195312,0.9930289153238911,0.006971084676108852
2484,561.3750610351562,0.9930395081895813,0.00696049181041869
2485,559.9407348632812,0.9930500739902564,0.0069499260097436455
2486,559.7166748046875,0.9930606355630305,0.0069393644369695195
2487,559.575439453125,0.9930711944707644,0.006928805529235582
2488,558.4624633789062,0.9930817323771984,0.006918267622801566
2489,558.3859252929688,0.993092268839397,0.006907731160602948
2490,558.3705444335938,0.9931028050113666,0.006897194988633393
2491,558.2330932617188,0.9931133385897016,0.006886661410298367
2492,554.8327026367188,0.9931238080043718,0.006876191995628167
2493,554.7728271484375,0.9931342762892217,0.006865723710778315
2494,554.1984252929688,0.9931447337353967,0.00685526626460331
2495,554.0587158203125,0.9931551885453241,0.006844811454675859
2496,553.5498046875,0.9931656337523539,0.0068343662476461065
2497,552.8327026367188,0.9931760654280278,0.006823934571972168
2498,552.7300415039062,0.9931864951665377,0.006813504833462325
2499,552.6658325195312,0.9931969236934561,0.006803076306543865
2500,552.4493408203125,0.993207348135285,0.006792651864715005
2501,552.256591796875,0.9932177689400364,0.006782231059963562
2502,550.8031616210938,0.9932281623192898,0.006771837680710213
2503,550.3052368164062,0.993238546302952,0.006761453697047948
2504,549.7005615234375,0.9932489188766949,0.006751081123305136
2505,549.2158203125,0.9932592823036144,0.006740717696385623
2506,549.0933837890625,0.9932696434202181,0.006730356579781938
2507,548.739990234375,0.9932799978684628,0.006720002131537228
2508,548.182373046875,0.993290341794751,0.006709658205249047
2509,548.0516967773438,0.9933006832552436,0.006699316744756434
2510,547.3482666015625,0.9933110114423617,0.006688988557638331
2511,547.297607421875,0.9933213386735665,0.006678661326433466
2512,545.9100341796875,0.9933316397219606,0.006668360278039409
2513,545.6783447265625,0.9933419363984909,0.006658063601509112
2514,545.4822998046875,0.993352229375752,0.0066477706242480394
2515,544.7239379882812,0.9933625080431061,0.006637491956893893
2516,544.6792602539062,0.9933727858674138,0.006627214132586157
2517,543.2789916992188,0.9933830372693567,0.006616962730643272
2518,543.0068359375,0.9933932835358568,0.006606716464143236
2519,542.1257934570312,0.9934035131775275,0.0065964868224724915
2520,541.7188720703125,0.9934137351407958,0.006586264859204216
2521,541.652587890625,0.9934239558533149,0.006576044146685112
2522,540.171142578125,0.9934341486117043,0.006565851388295685
2523,539.9286499023438,0.9934443367943787,0.006555663205621287
2524,539.9063110351562,0.9934545245555298,0.00654547544447015
2525,539.8278198242188,0.9934647108355913,0.0065352891644087086
2526,539.6339111328125,0.9934748934566929,0.006525106543307069
2527,539.2764282226562,0.9934850693322715,0.006514930667728458
2528,538.4839477539062,0.9934952302541413,0.006504769745858674
2529,538.2964477539062,0.9935053876379802,0.006494612362019758
2530,537.8931884765625,0.993515537412519,0.0064844625874810324
2531,537.5950927734375,0.9935256815621413,0.006474318437858728
2532,536.817138671875,0.9935358110321602,0.006464188967839846
2533,535.556640625,0.9935459167172135,0.006454083282786516
2534,533.8170166015625,0.9935559895764344,0.0064440104235655715
2535,533.6722412109375,0.9935660597038164,0.0064339402961836045
2536,533.0660400390625,0.9935761183924865,0.006423881607513504
2537,532.7758178710938,0.9935861716048099,0.006413828395190113
2538,532.381103515625,0.9935962173690714,0.006403782630928556
2539,530.0816650390625,0.9936062197440829,0.006393780255917081
2540,530.0006103515625,0.9936162205896331,0.006383779410366941
2541,529.7885131835938,0.9936262174330162,0.006373782566983843
2542,529.5457153320312,0.9936362096949255,0.0063637903050745015
2543,529.3092651367188,0.9936461974951385,0.0063538025048615054
2544,527.8798828125,0.9936561583236242,0.006343841676375805
2545,527.8153686523438,0.9936661179347601,0.006333882065239882
2546,527.3129272460938,0.9936760680650788,0.006323931934921201
2547,526.9734497070312,0.9936860117896268,0.0063139882103732115
2548,526.7875366210938,0.9936959520060881,0.006304047993911932
2549,526.4063110351562,0.9937058850290138,0.006294114970986198
2550,525.9488525390625,0.9937158094199273,0.006284190580072679
2551,525.77490234375,0.9937257305284879,0.006274269471512106
2552,525.67578125,0.9937356497666833,0.006264350233316729
2553,525.2900390625,0.993745561726117,0.006254438273882945
2554,525.0587158203125,0.9937554693205974,0.00624453067940256
2555,523.8428344726562,0.9937653539720069,0.006234646027993063
2556,523.751708984375,0.9937752369039241,0.0062247630960758915
2557,523.0616455078125,0.9937851068146898,0.006214893185310211
2558,523.011962890625,0.9937949757879695,0.006205024212030508
2559,522.4016723632812,0.9938048332453732,0.006195166754626835
2560,521.7515258789062,0.993814678434839,0.0061853215651610505
2561,521.7451782226562,0.9938245235045275,0.006175476495472454
2562,521.3464965820312,0.9938343610512937,0.0061656389487062535
2563,518.4375,0.9938441437067542,0.006155856293245776
2564,517.8233642578125,0.9938539147737815,0.006146085226218512
2565,517.3950805664062,0.9938636777593104,0.006136322240689607
2566,517.3729248046875,0.9938734403267712,0.006126559673228837
2567,517.1913452148438,0.9938831994679161,0.006116800532083855
2568,516.9227294921875,0.9938929535404174,0.006107046459582599
2569,516.6677856445312,0.993902702802256,0.006097297197743989
2570,516.0050659179688,0.9939124395589061,0.006087560441093931
2571,515.5219116210938,0.993922167198677,0.006077832801323013
2572,514.5828247070312,0.9939318771183491,0.006068122881650928
2573,513.8724365234375,0.9939415736333526,0.00605842636664744
2574,513.2159423828125,0.9939512577606411,0.006048742239358917
2575,513.0040283203125,0.9939609378892177,0.006039062110782312
2576,512.66748046875,0.9939706116673052,0.0060293883326948405
2577,512.450439453125,0.9939802813499375,0.0060197186500624555
2578,511.6407775878906,0.9939899357546569,0.006010064245343116
2579,511.43206787109375,0.9939995862211286,0.006000413778871394
2580,510.6908264160156,0.994009222700746,0.005990777299254013
2581,510.6625671386719,0.994018858647125,0.005981141352874975
2582,510.5854187011719,0.9940284931377518,0.005971506862248233
2583,510.21197509765625,0.9940381205816852,0.0059618794183148305
2584,508.84234619140625,0.9940477221814084,0.005952277818591645
2585,508.8085021972656,0.9940573231425124,0.0059426768574876165
2586,508.78997802734375,0.9940669237540746,0.005933076245925428
2587,507.7179870605469,0.9940765041377052,0.005923495862294792
2588,506.5682678222656,0.9940860628267107,0.005913937173289252
2589,506.3987121582031,0.9940956183162861,0.005904381683713877
2590,505.51922607421875,0.9941051572104003,0.00589484278959973
2591,505.4002685546875,0.9941146938598457,0.005885306140154256
2592,505.2000427246094,0.9941242267311303,0.005875773268869677
2593,505.1400451660156,0.9941337584702912,0.005866241529708827
2594,504.6606140136719,0.9941432811628267,0.005856718837173314
2595,504.6098327636719,0.9941528028971455,0.005847197102854529
2596,503.2417297363281,0.9941622988160467,0.0058377011839533255
2597,502.5053405761719,0.994171780839654,0.005828219160346038
2598,502.0333251953125,0.9941812539565679,0.0058187460434321325
2599,501.6893310546875,0.994190720582485,0.005809279417514968
2600,501.320556640625,0.994200180249814,0.005799819750185953
2601,501.1202392578125,0.9942096361372545,0.005790363862745451
2602,500.7445373535156,0.9942190849353886,0.005780915064611425
2603,499.81884765625,0.9942285162662227,0.005771483733777338
2604,499.33892822265625,0.9942379385412179,0.005762061458782108
2605,498.60308837890625,0.9942473469312845,0.00575265306871553
2606,497.85223388671875,0.9942567411531036,0.005743258846896415
2607,497.7077331542969,0.9942661326482664,0.005733867351733646
2608,497.66375732421875,0.9942755233136273,0.005724476686372659
2609,496.8721618652344,0.9942848990419793,0.005715100958020747
2610,496.5223388671875,0.9942942681693467,0.00570573183065326
2611,495.3971862792969,0.9943036160656494,0.0056963839343505684
2612,495.0739440917969,0.9943129578625344,0.0056870421374656255
2613,494.96844482421875,0.9943222976687011,0.005677702331298939
2614,494.83721923828125,0.9943316349987067,0.005668365001293307
2615,494.6853332519531,0.9943409694627001,0.005659030537299881
2616,493.3679504394531,0.9943502790683408,0.0056497209316591634
2617,492.8627624511719,0.9943595791413379,0.005640420858662121
2618,490.6935729980469,0.9943688382828184,0.0056311617171815875
2619,490.2794494628906,0.9943780896099956,0.00562191039000437
2620,490.1861267089844,0.9943873391762194,0.005612660823780646
2621,489.5586853027344,0.9943965769029386,0.005603423097061411
2622,489.3031005859375,0.9944058098069025,0.005594190193097481
2623,489.29669189453125,0.9944150425899376,0.0055849574100623744
2624,488.2154235839844,0.9944242549699823,0.005575745030017676
2625,488.04443359375,0.9944334641235316,0.0055665358764683814
2626,487.7408447265625,0.9944426675485114,0.005557332451488595
2627,487.6087951660156,0.9944518684817824,0.005548131518217647
2628,487.5573425292969,0.9944610684441677,0.005538931555832294
2629,486.1180419921875,0.9944702412476744,0.005529758752325642
2630,485.73248291015625,0.9944794067758745,0.0055205932241254585
2631,484.8097229003906,0.9944885548920563,0.005511445107943658
2632,484.2699279785156,0.9944976928225789,0.005502307177421062
2633,483.93841552734375,0.9945068244976278,0.005493175502372161
2634,483.7814025878906,0.9945159532099215,0.005484046790078523
2635,483.7175598144531,0.994525080717534,0.0054749192824660176
2636,483.508056640625,0.9945342042719267,0.005465795728073264
2637,482.7673034667969,0.9945433138486788,0.005456686151321222
2638,482.4519958496094,0.9945524174757343,0.005447582524265693
2639,481.657470703125,0.9945615061104991,0.005438493889500906
2640,481.2964782714844,0.9945705879335178,0.0054294120664821754
2641,481.2583312988281,0.9945796690367223,0.005420330963277653
2642,481.0321960449219,0.994588745872868,0.005411254127131948
2643,480.9268798828125,0.9945978207217507,0.005402179278249264
2644,480.896728515625,0.9946068950016922,0.005393104998307807
2645,480.73583984375,0.9946159662457451,0.005384033754254891
2646,479.4527282714844,0.9946250132781266,0.00537498672187342
2647,478.6615295410156,0.9946340453809851,0.005365954619014901
2648,477.6995544433594,0.9946430593318561,0.00535694066814385
2649,477.4145812988281,0.994652067905427,0.00534793209457296
2650,477.245361328125,0.994661073285902,0.005338926714097969
2651,476.7353210449219,0.9946700690421728,0.005329930957827189
2652,475.83966064453125,0.9946790478977813,0.005320952102218723
2653,475.2125244140625,0.9946880149196438,0.005311985080356241
2654,474.75726318359375,0.9946969733509554,0.005303026649044584
2655,473.4253234863281,0.9947059066492332,0.005294093350766804
2656,473.4037780761719,0.9947148395409601,0.005285160459039928
2657,473.1842956542969,0.9947237682911637,0.0052762317088362876
2658,473.1295166015625,0.9947326960077141,0.005267303992285921
2659,473.0852355957031,0.9947416228887042,0.005258377111295842
2660,472.1601867675781,0.994750532314487,0.005249467685513043
2661,471.6226806640625,0.9947594315977994,0.005240568402200552
2662,471.4928283691406,0.9947683284308643,0.005231671569135732
2663,470.8075256347656,0.9947772123326103,0.005222787667389706
2664,470.5140075683594,0.9947860906958178,0.005213909304182196
2665,470.3690185546875,0.9947949663231553,0.0052050336768446614
2666,469.16619873046875,0.9948038192538864,0.00519618074611361
2667,468.4515075683594,0.9948126586987539,0.005187341301246096
2668,468.02734375,0.994821490139863,0.005178509860137015
2669,467.5559997558594,0.9948303126869474,0.005169687313052562
2670,466.037841796875,0.994839106587153,0.0051608934128469786
2671,465.718994140625,0.9948478944708634,0.005152105529136586
2672,465.3612365722656,0.9948566756038679,0.005143324396132076
2673,465.26226806640625,0.9948654548693865,0.00513454513061351
2674,465.2198181152344,0.9948742333338957,0.005125766666104314
2675,464.9833984375,0.9948830073372843,0.0051169926627157025
2676,464.88568115234375,0.9948917794967967,0.0051082205032032535
2677,464.49176025390625,0.9949005442232195,0.005099455776780504
2678,463.9658203125,0.9949092990254195,0.005090700974580531
2679,463.4970703125,0.9949180449825422,0.005081955017457784
2680,462.6247863769531,0.9949267744801048,0.005073225519895197
2681,462.493896484375,0.9949355015078408,0.005064498492159175
2682,462.1763916015625,0.994944222544419,0.005055777455580945
2683,462.0973815917969,0.994952942090118,0.0050470579098820245
2684,461.8406066894531,0.9949616567906033,0.005038343209396667
2685,461.0397644042969,0.9949703563795967,0.005029643620403257
2686,460.4975891113281,0.9949790457380144,0.005020954261985566
2687,460.0284118652344,0.9949877262432929,0.005012273756707097
2688,459.9046936035156,0.9949964044140699,0.0050035955859301096
2689,458.4118957519531,0.9950050544165006,0.004994945583499444
2690,457.62091064453125,0.995013689493439,0.004986310506560954
2691,456.9876403808594,0.9950223126208856,0.004977687379114415
2692,456.7781677246094,0.9950309317956882,0.004969068204311755
2693,456.39874267578125,0.9950395438109305,0.004960456189069484
2694,455.6787414550781,0.9950481422401112,0.0049518577598888225
2695,454.8000183105469,0.995056724088227,0.004943275911773015
2696,454.477294921875,0.9950652998467144,0.004934700153285565
2697,454.14697265625,0.9950738693721864,0.004926130627813552
2698,453.0474548339844,0.9950824181503091,0.004917581849690933
2699,452.6825866699219,0.9950909600435524,0.004909039956447647
2700,452.4681701660156,0.9950994978908639,0.004900502109136062
2701,452.1747131347656,0.9951080302007885,0.004891969799211471
2702,452.0822448730469,0.9951165607658834,0.004883439234116604
2703,452.02020263671875,0.9951250901602725,0.004874909839727493
2704,451.95391845703125,0.9951336183039123,0.004866381696087663
2705,451.4900817871094,0.995142137695187,0.004857862304812999
2706,451.4630126953125,0.9951506565756815,0.004849343424318531
2707,450.91461181640625,0.9951591651081265,0.00484083489187348
2708,450.20184326171875,0.9951676601909867,0.00483233980901332
2709,450.0828857421875,0.9951761530291782,0.004823846970821832
2710,449.967529296875,0.9951846436906513,0.004815356309348706
2711,449.8376770019531,0.995193131901877,0.004806868098123029
2712,449.7191162109375,0.9952016178759199,0.004798382124080125
2713,449.5860595703125,0.9952101013392508,0.004789898660749192
2714,448.6295166015625,0.9952185667530958,0.004781433246904165
2715,448.3646545410156,0.9952270271691268,0.00477297283087319
2716,448.0416259765625,0.9952354814897708,0.004764518510229188
2717,446.9048767089844,0.9952439143605266,0.004756085639473384
2718,446.9039001464844,0.9952523472128552,0.00474765278714484
2719,446.8360290527344,0.9952607787844903,0.004739221215509737
2720,445.6378173828125,0.9952691877464723,0.004730812253527672
2721,443.4532470703125,0.995277555486709,0.004722444513290958
2722,443.0664978027344,0.995285915929181,0.004714084070818969
2723,442.7344970703125,0.9952942701069658,0.004705729893034194
2724,442.3604736328125,0.9953026172271161,0.004697382772883896
2725,441.952392578125,0.9953109566469815,0.004689043353018452
2726,440.9534606933594,0.9953192772175037,0.004680722782496316
2727,440.83941650390625,0.9953275956360692,0.004672404363930793
2728,440.5841369628906,0.9953359092376379,0.004664090762362072
2729,440.1363220214844,0.9953442143891634,0.004655785610836571
2730,439.7854919433594,0.9953525129207014,0.004647487079298629
2731,439.6238098144531,0.9953608084013786,0.004639191598621362
2732,439.0340881347656,0.9953690927543037,0.0046309072456962586
2733,438.9589538574219,0.9953773756894828,0.004622624310517187
2734,438.6221008300781,0.9953856522684142,0.004614347731585755
2735,438.106689453125,0.9953939191217916,0.004606080878208352
2736,437.69970703125,0.9954021782956151,0.004597821704384941
2737,436.39752197265625,0.9954104128978598,0.004589587102140191
2738,436.20281982421875,0.9954186438261727,0.004581356173827267
2739,436.0007019042969,0.995426870940622,0.004573129059378012
2740,435.5875549316406,0.9954350902591951,0.004564909740804923
2741,435.3115234375,0.9954433043691925,0.004556695630807517
2742,434.8510437011719,0.9954515097901684,0.004548490209831613
2743,434.3992614746094,0.9954597066862403,0.0045402933137597135
2744,434.02691650390625,0.9954678965563495,0.004532103443650515
2745,433.3870849609375,0.9954760743531585,0.0045239256468414535
2746,433.3188781738281,0.9954842508629398,0.00451574913706021
2747,433.28851318359375,0.9954924267997488,0.0045075732002511915
2748,433.07574462890625,0.995500598721722,0.00449940127827797
2749,432.95489501953125,0.9955087683633238,0.004491231636676196
2750,432.7785949707031,0.9955169346782321,0.004483065321767898
2751,432.5719299316406,0.9955250970934748,0.004474902906525191
2752,431.4698181152344,0.9955332387124206,0.0044667612875793905
2753,430.8890380859375,0.9955413693723387,0.004458630627661275
2754,430.755859375,0.9955494975192415,0.004450502480758511
2755,430.32635498046875,0.9955576175616118,0.004442382438388237
2756,430.2694396972656,0.9955657365300191,0.004434263469980881
2757,430.20513916015625,0.9955738542851077,0.0044261457148923045
2758,430.16259765625,0.9955819712374595,0.0044180287625404935
2759,429.52838134765625,0.9955900762224678,0.004409923777532243
2760,428.70111083984375,0.9955981655972967,0.004401834402703253
2761,427.8240966796875,0.9956062384233085,0.004393761576691468
2762,427.3468933105469,0.9956143022447322,0.004385697755267759
2763,426.8259582519531,0.9956223562363729,0.004377643763627148
2764,426.6033630371094,0.9956304060277534,0.004369593972246566
2765,425.7538757324219,0.9956384397897349,0.004361560210265125
2766,425.5536804199219,0.9956464697741313,0.004353530225868707
2767,424.4408264160156,0.9956544787595311,0.004345521240468941
2768,424.0114440917969,0.9956624796427018,0.004337520357298175
2769,423.0086669921875,0.995670461603972,0.00432953839602801
2770,422.64178466796875,0.9956784366423568,0.004321563357643221
2771,422.0832214355469,0.9956864011409337,0.004313598859066348
2772,420.8988037109375,0.9956943432901424,0.004305656709857608
2773,420.5922546386719,0.9957022796549241,0.004297720345075917
2774,420.55194091796875,0.995710215259006,0.004289784740993952
2775,420.3309326171875,0.9957181466927723,0.004281853307227745
2776,420.2017517089844,0.9957260756889595,0.004273924311040456
2777,420.05804443359375,0.9957340019734627,0.0042659980265372655
2778,420.0418701171875,0.9957419279527646,0.004258072047235384
2779,419.4070129394531,0.9957498419526302,0.004250158047369834
2780,419.3338317871094,0.9957577545716041,0.004242245428395908
2781,418.9677429199219,0.9957656602826649,0.004234339717335112
2782,418.2290344238281,0.995773552054667,0.004226447945333001
2783,417.91925048828125,0.9957814379812017,0.004218562018798333
2784,417.8053894042969,0.9957893217592348,0.004210678240765153
2785,417.76715087890625,0.9957972048157262,0.0042027951842738
2786,417.7223815917969,0.9958050870274436,0.004194912972556364
2787,417.5592346191406,0.9958129661606596,0.004187033839340382
2788,417.3678283691406,0.9958208416821356,0.004179158317864418
2789,416.94195556640625,0.9958287091676056,0.004171290832394425
2790,416.5177307128906,0.9958365686481654,0.004163431351834612
2791,416.516845703125,0.9958444281120256,0.004155571887974441
2792,416.34686279296875,0.9958522843683935,0.004147715631606541
2793,416.3286437988281,0.9958601402809781,0.0041398597190218656
2794,416.0444030761719,0.995867990830083,0.004132009169916961
2795,415.46502685546875,0.9958758304466494,0.004124169553350598
2796,414.1452941894531,0.9958836451605226,0.004116354839477365
2797,413.7173156738281,0.995891451798656,0.004108548201343987
2798,413.47576904296875,0.9958992538789256,0.004100746121074361
2799,412.791259765625,0.9959070430428487,0.004092956957151284
2800,411.9471435546875,0.9959148162787226,0.004085183721277419
2801,411.67333984375,0.9959225843480578,0.004077415651942196
2802,409.1513671875,0.9959303048290346,0.004069695170965448
2803,408.2846984863281,0.9959380089564078,0.0040619910435921724
2804,407.7345886230469,0.995945702703484,0.004054297296515963
2805,407.4753112792969,0.9959533915581268,0.004046608441873212
2806,407.1601867675781,0.9959610744665283,0.004038925533471738
2807,407.03460693359375,0.9959687550053012,0.004031244994698757
2808,406.7843017578125,0.9959764308209412,0.004023569179058772
2809,406.7054443359375,0.9959841051485812,0.004015894851418844
2810,406.65228271484375,0.9959917784730881,0.004008221526911937
2811,405.39501953125,0.9959994280736695,0.004000571926330521
2812,404.96490478515625,0.9960070695582016,0.003992930441798381
2813,404.3978271484375,0.9960147003422632,0.003985299657736752
2814,403.88592529296875,0.9960223214669938,0.003977678533006235
2815,403.7934265136719,0.9960299408463188,0.003970059153681205
2816,403.7261047363281,0.9960375589553156,0.0039624410446843505
2817,403.59686279296875,0.9960451746255818,0.003954825374418158
2818,402.65338134765625,0.9960527724928266,0.0039472275071733565
2819,402.23321533203125,0.9960603624317496,0.0039396375682504425
2820,402.02783203125,0.9960679484951926,0.0039320515048073545
2821,401.9619445800781,0.9960755333153726,0.003924466684627426
2822,401.68939208984375,0.9960831129926239,0.003916887007376135
2823,401.230224609375,0.9960906840056152,0.003909315994384821
2824,401.11322021484375,0.9960982528107923,0.0039017471892076605
2825,400.9938049316406,0.996105819362663,0.0038941806373370413
2826,400.344482421875,0.9961133736621437,0.0038866263378563026
2827,400.2766418457031,0.9961209266815068,0.0038790733184932424
2828,399.9615783691406,0.9961284737557802,0.003871526244219825
2829,399.85369873046875,0.9961360187944189,0.0038639812055810685
2830,398.65264892578125,0.9961435411698506,0.0038564588301494007
2831,398.4672546386719,0.9961510600469851,0.0038489399530149404
2832,398.1960144042969,0.9961585738059525,0.0038414261940474814
2833,397.82440185546875,0.9961660805527776,0.0038339194472224447
2834,397.7951965332031,0.9961735867485129,0.0038264132514871374
2835,397.4476623535156,0.9961810863864526,0.003818913613547359
2836,396.636474609375,0.9961885707176867,0.003811429282313261
2837,396.2722473144531,0.9961960481761345,0.0038039518238655035
2838,396.00213623046875,0.9962035205377217,0.003796479462278346
2839,394.8979797363281,0.9962109720644299,0.0037890279355701217
2840,394.7210998535156,0.9962184202535035,0.0037815797464965106
2841,394.6228942871094,0.9962258665894874,0.0037741334105125812
2842,393.6710510253906,0.9962332949646665,0.003766705035333495
2843,392.8966369628906,0.996240708727041,0.003759291272959042
2844,392.04150390625,0.9962481063534837,0.003751893646516291
2845,391.7951354980469,0.9962554993310783,0.0037445006689217353
2846,391.74774169921875,0.9962628914143756,0.0037371085856243713
2847,390.8323059082031,0.9962702662238591,0.003729733776140942
2848,390.2030334472656,0.9962776291592869,0.0037223708407131406
2849,390.0361633300781,0.9962849889459593,0.0037150110540407066
2850,389.8916320800781,0.9962923460053995,0.0037076539946004905
2851,389.6707763671875,0.9962996988974033,0.0037003011025966703
2852,389.38494873046875,0.9963070463959831,0.003692953604016891
2853,389.37432861328125,0.9963143936941665,0.0036856063058334776
2854,388.6563720703125,0.9963217274448702,0.003678272555129758
2855,388.3941955566406,0.9963290562484348,0.003670943751565181
2856,387.6572570800781,0.9963363711463401,0.003663628853659895
2857,387.5989990234375,0.9963436849449451,0.003656315055054926
2858,387.1249084472656,0.9963509897976989,0.0036490102023011284
2859,386.2350769042969,0.9963582778597778,0.003641722140222181
2860,386.05828857421875,0.9963655625859499,0.003634437414050118
2861,386.01788330078125,0.9963728465496946,0.003627153450305398
2862,385.9819641113281,0.9963801298356623,0.003619870164337735
2863,385.937744140625,0.9963874122872213,0.0036125877127787254
2864,385.8286437988281,0.9963946926801116,0.0036053073198883956
2865,385.551025390625,0.9964019678344819,0.003598032165518128
2866,385.2636413574219,0.9964092375660596,0.0035907624339404087
2867,384.0159606933594,0.9964164837545294,0.003583516245470597
2868,383.069091796875,0.9964237120760583,0.0035762879239417122
2869,382.8572082519531,0.9964309363994509,0.003569063600549094
2870,382.6269226074219,0.996438156377469,0.00356184362253098
2871,382.2156677246094,0.996445368595314,0.0035546314046860372
2872,382.1593933105469,0.9964525797512889,0.0035474202487111306
2873,381.8180847167969,0.9964597844669418,0.0035402155330581664
2874,381.8011779785156,0.9964669888635732,0.003533011136426789
2875,381.3080139160156,0.9964741839544462,0.003525816045553798
2876,380.4528503417969,0.9964813629088117,0.0035186370911882703
2877,380.38470458984375,0.9964885405773011,0.003511459422698926
2878,379.55401611328125,0.9964957025711157,0.003504297428884251
2879,379.1943359375,0.9965028577779459,0.003497142222054106
2880,378.9212951660156,0.9965100078326338,0.0034899921673662293
2881,378.2363586425781,0.9965171449629132,0.003482855037086785
2882,377.378662109375,0.9965242659088894,0.0034757340911105716
2883,377.17138671875,0.996531382943683,0.0034686170563169583
2884,377.117919921875,0.9965384989695851,0.0034615010304148708
2885,376.40460205078125,0.9965456015355368,0.00345439846446316
2886,376.01129150390625,0.996552696679916,0.0034473033200840275
2887,375.95733642578125,0.9965597908061897,0.003440209193810273
2888,375.87640380859375,0.9965668834053057,0.003433116594694252
2889,375.7546691894531,0.9965739737073506,0.003426026292649431
2890,375.73101806640625,0.9965810635631105,0.003418936436889508
2891,375.6136474609375,0.996588151204146,0.003411848795853989
2892,375.57373046875,0.996595238091968,0.0034047619080319613
2893,374.54034423828125,0.9966023054803104,0.0033976945196896313
2894,373.197998046875,0.9966093475392537,0.003390652460746324
2895,372.8270568847656,0.9966163825987234,0.003383617401276573
2896,372.3321838378906,0.9966234083201871,0.003376591679812857
2897,372.0897216796875,0.9966304294665116,0.0033695705334884085
2898,371.5798034667969,0.9966374409909352,0.0033625590090647917
2899,371.373779296875,0.9966444486277862,0.003355551372213772
2900,370.994140625,0.996651449101046,0.003348550898954028
2901,370.9342041015625,0.9966584484433336,0.003341551556666378
2902,370.478759765625,0.9966654391916151,0.003334560808384901
2903,370.3019104003906,0.996672426602838,0.0033275733971620536
2904,369.88348388671875,0.9966794061185623,0.0033205938814376834
2905,369.8825378417969,0.9966863856164354,0.0033136143835645893
2906,369.8446350097656,0.9966933643991011,0.003306635600898944
2907,369.04345703125,0.9967003280639403,0.0032996719360597337
2908,368.9585876464844,0.9967072901273367,0.0032927098726632797
2909,368.43072509765625,0.9967142422302319,0.0032857577697681384
2910,367.3853454589844,0.9967211746073378,0.0032788253926622213
2911,367.3758850097656,0.9967281068059298,0.0032718931940701745
2912,367.2696838378906,0.996735037000559,0.0032649629994410123
2913,366.69830322265625,0.9967419564135227,0.0032580435864772994
2914,366.590576171875,0.996748873793731,0.003251126206268995
2915,365.89691162109375,0.9967557780848374,0.003244221915162604
2916,365.6307678222656,0.9967626773539437,0.003237322646056251
2917,365.5922546386719,0.9967695758963258,0.0032304241036742454
2918,364.9598083496094,0.9967764625047636,0.003223537495236406
2919,364.58721923828125,0.996783342082632,0.0032166579173680265
2920,363.5472717285156,0.9967902020372126,0.0032097979627874196
2921,363.09552001953125,0.9967970534674653,0.003202946532534723
2922,362.8345031738281,0.996803899972461,0.003196100027539006
2923,362.4837341308594,0.9968107398586209,0.003189260141379102
2924,362.47454833984375,0.9968175795714496,0.0031824204285504365
2925,362.37689208984375,0.9968244174415538,0.0031755825584461883
2926,362.2849426269531,0.9968312535766178,0.0031687464233821627
2927,362.15869140625,0.9968380873293846,0.0031619126706153855
2928,361.9877624511719,0.9968449178568078,0.003155082143192156
2929,361.7543640136719,0.9968517439801197,0.0031482560198803355
2930,361.5548095703125,0.9968585663379392,0.0031414336620607664
2931,360.9388732910156,0.9968653770733504,0.003134622926649566
2932,360.66790771484375,0.996872182695777,0.0031278173042229573
2933,360.6591491699219,0.9968789881529344,0.003121011847065591
2934,359.8443603515625,0.9968857782354356,0.00311422176456444
2935,358.6972351074219,0.9968925466722591,0.0031074533277408722
2936,358.0007629394531,0.9968993019670023,0.0031006980329977285
2937,357.32000732421875,0.9969060444162287,0.003093955583771346
2938,356.9745178222656,0.9969127803462415,0.003087219653758466
2939,356.6497497558594,0.9969195101480439,0.003080489851956081
2940,356.4691162109375,0.9969262365413819,0.003073763458618095
2941,355.70538330078125,0.9969329485234633,0.003067051476536742
2942,355.66748046875,0.9969396597903372,0.0030603402096628374
2943,355.2992858886719,0.996946364109564,0.003053635890435946
2944,355.27880859375,0.9969530680423947,0.0030469319576053033
2945,355.0445556640625,0.99695976755499,0.0030402324450099494
2946,354.6577453613281,0.9969664597686692,0.0030335402313308446
2947,354.3712463378906,0.9969731465762555,0.0030268534237445355
2948,354.22540283203125,0.996979830631848,0.0030201693681519703
2949,353.8045654296875,0.99698650674645,0.003013493253550048
2950,353.17523193359375,0.9969931709858447,0.0030068290141552767
2951,352.78125,0.996999827790998,0.00300017220900195
2952,352.44158935546875,0.9970064781869254,0.002993521813074551
2953,352.2541809082031,0.9970131250465495,0.0029868749534505135
2954,351.5974426269531,0.9970197595138517,0.002980240486148311
2955,351.590087890625,0.9970263938423738,0.0029736061576262074
2956,351.19219970703125,0.9970330206629454,0.002966979337054587
2957,350.8675842285156,0.997039641358186,0.002960358641813987
2958,350.5771179199219,0.997046256572473,0.002953743427526967
2959,350.4068603515625,0.9970528685740853,0.0029471314259147396
2960,350.1358642578125,0.9970594754621371,0.0029405245378628653
2961,349.5196838378906,0.9970660707231737,0.0029339292768263414
2962,349.31500244140625,0.997072662121975,0.002927337878025016
2963,348.543212890625,0.9970792389574948,0.00292076104250516
2964,348.4169006347656,0.9970858134095657,0.002914186590434298
2965,348.19622802734375,0.9970923836976553,0.0029076163023447066
2966,347.78546142578125,0.9970989462347852,0.002901053765214767
2967,347.71728515625,0.9971055074854631,0.002894492514536884
2968,347.45770263671875,0.9971120638379491,0.0028879361620508526
2969,347.1111755371094,0.9971186136516428,0.0028813863483572177
2970,346.8671875,0.9971251588614045,0.0028748411385954853
2971,346.52239990234375,0.9971316975651974,0.0028683024348026276
2972,346.4632873535156,0.997138235153566,0.0028617648464339673
2973,346.22943115234375,0.9971447683291855,0.002855231670814473
2974,345.62493896484375,0.9971512900983408,0.0028487099016591966
2975,345.3266296386719,0.9971578062385489,0.0028421937614511172
2976,345.3121643066406,0.9971643221058033,0.0028356778941966976
2977,345.1771545410156,0.9971708354254912,0.002829164574508769
2978,344.26556396484375,0.9971773315439224,0.0028226684560775928
2979,343.8226318359375,0.9971838193044467,0.0028161806955533386
2980,343.13592529296875,0.997190294107163,0.002809705892837022
2981,343.0500793457031,0.9971967672900094,0.0028032327099906107
2982,342.7391662597656,0.9972032346060818,0.0027967653939181547
2983,342.65606689453125,0.997209700354111,0.0027902996458889495
2984,342.5923156738281,0.9972161648991866,0.00278383510081337
2985,342.09881591796875,0.9972226201321696,0.002777379867830443
2986,342.0814514160156,0.997229075037493,0.002770924962506971
2987,341.4700012207031,0.9972355184050581,0.0027644815949419144
2988,340.245361328125,0.997241938664283,0.002758061335716988
2989,339.6431884765625,0.9972483475608084,0.002751652439191621
2990,338.3822937011719,0.9972547326648821,0.002745267335117929
2991,338.0080261230469,0.9972611107067144,0.0027388892932855846
2992,337.886474609375,0.9972674864549307,0.002732513545069315
2993,337.7863464355469,0.9972738603137785,0.002726139686221485
2994,337.501220703125,0.9972802287924468,0.002719771207553179
2995,337.2562561035156,0.9972865926487562,0.002713407351243813
2996,336.8991394042969,0.9972929497664526,0.0027070502335474478
2997,336.68634033203125,0.9972993028687372,0.0027006971312627526
2998,336.49127197265625,0.9973056522901799,0.002694347709820133
2999,335.7081298828125,0.9973119869341243,0.0026880130658757384
3000,335.4275817871094,0.9973183162842669,0.002681683715733074
3001,335.09234619140625,0.9973246393086821,0.0026753606913179073
3002,334.4762268066406,0.9973309507072337,0.0026690492927663456
3003,334.4599914550781,0.9973372617994323,0.002662738200567727
3004,334.00079345703125,0.9973435642267952,0.002656435773204846
3005,333.4721984863281,0.9973498566798361,0.002650143320163889
3006,333.1656188964844,0.9973561433478741,0.0026438566521258533
3007,332.8929748535156,0.9973624248712558,0.002637575128744185
3008,332.55853271484375,0.9973687000838822,0.0026312999161177686
3009,332.5274353027344,0.997374974709716,0.0026250252902839666
3010,332.3846130371094,0.9973812466405654,0.0026187533594346224
3011,332.1968078613281,0.9973875150276253,0.0026124849723746513
3012,331.99810791015625,0.9973937796653168,0.0026062203346831625
3013,331.9736022949219,0.9974000438405998,0.0025999561594002296
3014,331.8773193359375,0.9974063061990716,0.0025936938009284427
3015,331.730712890625,0.9974125657911533,0.0025874342088466618
3016,331.14697265625,0.9974188143683498,0.002581185631650218
3017,331.03302001953125,0.9974250607953171,0.00257493920468288
3018,330.5445556640625,0.9974312980052072,0.0025687019947927547
3019,330.4216003417969,0.997437532894992,0.0025624671050079595
3020,330.0252380371094,0.9974437603056192,0.002556239694380791
3021,329.47003173828125,0.997449977239782,0.002550022760217985
3022,329.4385070800781,0.9974561935790904,0.0025438064209095668
3023,329.2645263671875,0.99746240663547,0.0025375933645299664
3024,329.03778076171875,0.9974686154132738,0.002531384586726193
3025,328.458984375,0.9974748132694803,0.002525186730519713
3026,326.5216369628906,0.9974809745689134,0.002519025431086619
3027,325.972412109375,0.9974871255047489,0.0025128744952510607
3028,325.9668884277344,0.9974932763363555,0.002506723663644461
3029,325.8104553222656,0.9974994242161479,0.0025005757838520992
3030,325.74078369140625,0.9975055707812714,0.0024944292187285555
3031,325.6220397949219,0.9975117151057574,0.002488284894242576
3032,325.0779113769531,0.997517849162813,0.002482150837186947
3033,324.7683410644531,0.9975239773784323,0.002476022621567653
3034,324.6949462890625,0.997530104209129,0.0024698957908709795
3035,323.79107666015625,0.9975362139842594,0.002463786015740599
3036,322.4212951660156,0.9975422979123003,0.002457702087699687
3037,322.036865234375,0.9975483745863414,0.00245162541365862
3038,321.9684753417969,0.9975544499698995,0.002445550030100496
3039,321.0612487792969,0.9975605082345477,0.0024394917654523285
3040,320.94757080078125,0.9975665643541494,0.0024334356458506345
3041,320.41552734375,0.9975726104343581,0.002427389565641924
3042,320.28021240234375,0.9975786539612417,0.0024213460387583208
3043,320.1385803222656,0.9975846948155991,0.0024153051844009177
3044,319.8768310546875,0.9975907307308791,0.002409269269120884
3045,319.5796813964844,0.9975967610390942,0.0024032389609057736
3046,319.13922119140625,0.9976027830360463,0.0023972169639536745
3047,319.1070251464844,0.9976088044254752,0.0023911955745248292
3048,319.0282287597656,0.9976148243280558,0.002385175671944184
3049,318.74652099609375,0.9976208389149522,0.002379161085047765
3050,318.70550537109375,0.9976268527279045,0.002373147272095477
3051,317.8959655761719,0.997632851265247,0.0023671487347529663
3052,317.829345703125,0.9976388485455059,0.002361151454494115
3053,317.6454772949219,0.9976448423562603,0.002355157643739725
3054,317.2402038574219,0.9976508285197082,0.0023491714802917896
3055,317.1494445800781,0.9976568129705742,0.0023431870294258195
3056,316.9174499511719,0.9976627930438179,0.002337206956182114
3057,316.86395263671875,0.9976687721075942,0.002331227892405807
3058,315.28179931640625,0.9976747213169311,0.0023252786830688654
3059,315.2338562011719,0.9976806696216057,0.0023193303783942687
3060,314.82904052734375,0.9976866102876116,0.0023133897123883695
3061,313.8661193847656,0.9976925327837788,0.002307467216221215
3062,313.7837219238281,0.9976984537251472,0.002301546274852795
3063,313.5418395996094,0.9977043701023175,0.002295629897682505
3064,313.22357177734375,0.9977102804739338,0.0022897195260661585
3065,312.9176025390625,0.997716185072064,0.0022838149279359454
3066,312.6295166015625,0.9977220842341573,0.0022779157658426863
3067,312.3691711425781,0.9977279784836623,0.0022720215163376523
3068,311.7870788574219,0.9977338617493781,0.0022661382506219407
3069,311.7144775390625,0.9977397436451433,0.0022602563548567156
3070,311.02203369140625,0.9977456124748406,0.002254387525159385
3071,310.8785705566406,0.9977514785974606,0.002248521402539394
3072,310.7845153808594,0.9977573429453067,0.0022426570546932867
3073,310.4609069824219,0.9977632011868246,0.0022367988131754
3074,310.4317932128906,0.9977690588789804,0.002230941121019625
3075,309.3914794921875,0.9977748969409382,0.0022251030590617615
3076,309.0081481933594,0.9977807277696268,0.002219272230373215
3077,308.7674865722656,0.9977865540571514,0.0022134459428485576
3078,308.53070068359375,0.9977923758766452,0.0022076241233548455
3079,308.20501708984375,0.9977981915506529,0.0022018084493471424
3080,308.103759765625,0.9978040053139857,0.00219599468601428
3081,307.7273254394531,0.9978098119741917,0.0021901880258082818
3082,306.7763977050781,0.9978156006908686,0.0021843993091313907
3083,306.50567626953125,0.9978213842991678,0.0021786157008322204
3084,306.04937744140625,0.9978271592973371,0.0021728407026628815
3085,305.9964294433594,0.9978329332964043,0.002167066703595677
3086,305.9489440917969,0.9978387063994467,0.0021612936005532823
3087,305.51580810546875,0.9978444713294304,0.002155528670569562
3088,305.3432922363281,0.9978502330041262,0.0021497669958737697
3089,305.2929992675781,0.997855993729819,0.002144006270180965
3090,305.0661315917969,0.9978617501746325,0.0021382498253674775
3091,305.0328369140625,0.9978675059911922,0.0021324940088077726
3092,304.6959533691406,0.9978732554509285,0.0021267445490714687
3093,303.92498779296875,0.9978789903629313,0.002121009637068738
3094,303.9226379394531,0.9978847252305934,0.00211527476940665
3095,303.2195129394531,0.9978904468306397,0.0021095531693603453
3096,302.869384765625,0.9978961618239429,0.0021038381760570823
3097,302.0303955078125,0.99790186098594,0.0020981390140599743
3098,301.9024963378906,0.9979075577345439,0.002092442265456129
3099,301.7269592285156,0.9979132511708506,0.0020867488291493874
3100,301.6899719238281,0.9979189439092255,0.002081056090774469
3101,301.450439453125,0.9979246321277428,0.00207536787225715
3102,301.4501953125,0.9979303203416534,0.0020696796583465904
3103,300.49542236328125,0.9979359905394775,0.0020640094605225423
3104,299.84283447265625,0.9979416484232956,0.0020583515767044203
3105,299.8385925292969,0.9979473062270703,0.0020526937729297146
3106,299.5704345703125,0.9979529589708389,0.0020470410291610897
3107,299.3220520019531,0.9979586070277532,0.002041392972246814
3108,299.29931640625,0.9979642546556581,0.0020357453443419216
3109,299.05010986328125,0.9979698975811606,0.0020301024188393857
3110,298.9692077636719,0.9979755389800812,0.0020244610199188218
3111,298.9573059082031,0.9979811801544196,0.0020188198455803885
3112,298.4171142578125,0.9979868111356127,0.002013188864387283
3113,298.34967041015625,0.9979924408441743,0.0020075591558257333
3114,298.2850341796875,0.9979980693330825,0.002001930666917451
3115,297.9657287597656,0.9980036917968578,0.0019963082031422275
3116,297.4855041503906,0.9980093051990356,0.0019906948009643655
3117,297.20574951171875,0.9980149133223839,0.001985086677616099
3118,296.4324951171875,0.9980205068548097,0.001979493145190303
3119,296.29278564453125,0.9980260977509879,0.0019739022490120606
3120,295.7431640625,0.9980316782760827,0.0019683217239172546
3121,295.2659912109375,0.9980372497971652,0.001962750202834762
3122,294.9181823730469,0.9980428147552696,0.0019571852447304305
3123,294.75506591796875,0.9980483766354481,0.001951623364551902
3124,294.75030517578125,0.9980539384257939,0.0019460615742060705
3125,294.46014404296875,0.9980594947409448,0.001940505259055203
3126,293.9505615234375,0.9980650414405292,0.0019349585594707897
3127,293.9075927734375,0.998070587329315,0.0019294126706850268
3128,293.3506774902344,0.9980761227093887,0.0019238772906112755
3129,293.23760986328125,0.998081655955933,0.0019183440440669886
3130,292.4033203125,0.9980871734598523,0.001912826540147683
3131,291.5206604003906,0.9980926743084219,0.0019073256915781434
3132,291.3418884277344,0.9980981717836541,0.00190182821634588
3133,291.3140869140625,0.9981036687342857,0.0018963312657143128
3134,290.958251953125,0.9981091589704901,0.001890841029509871
3135,290.8563232421875,0.998114647283351,0.0018853527166490247
3136,290.74920654296875,0.9981201335749734,0.0018798664250265773
3137,290.64691162109375,0.998125617936342,0.0018743820636579756
3138,290.5338134765625,0.9981311001636054,0.0018688998363945997
3139,290.2652893066406,0.9981365773239524,0.0018634226760475547
3140,290.20928955078125,0.9981420534276122,0.001857946572387803
3141,289.6407470703125,0.9981475188031607,0.0018524811968393395
3142,289.4024658203125,0.9981529796824615,0.0018470203175384725
3143,289.3677062988281,0.9981584399058677,0.0018415600941322774
3144,289.1046447753906,0.9981638951654349,0.0018361048345650888
3145,288.8733215332031,0.9981693460600486,0.00183065393995141
3146,288.8635559082031,0.9981747967703898,0.0018252032296102172
3147,288.5729675292969,0.9981802419974741,0.001819758002525873
3148,287.32598876953125,0.9981856636946951,0.00181433630530492
3149,286.84869384765625,0.9981910763856003,0.00180892361439966
3150,286.6180419921875,0.9981964847242208,0.001803515275779155
3151,286.3452453613281,0.9982018879153058,0.001798112084694159
3152,286.0479431152344,0.9982072854964467,0.0017927145035533387
3153,285.70599365234375,0.9982126766251727,0.0017873233748273432
3154,285.45654296875,0.9982180630468895,0.0017819369531104634
3155,284.90631103515625,0.9982234390860059,0.0017765609139941407
3156,284.7919921875,0.9982288129679828,0.001771187032017174
3157,284.77581787109375,0.9982341865447587,0.001765813455241294
3158,284.33099365234375,0.9982395517279247,0.0017604482720753323
3159,283.7359619140625,0.9982449056831404,0.0017550943168596067
3160,283.1649169921875,0.998250248863025,0.001749751136974953
3161,282.9829406738281,0.9982555886091079,0.0017444113908920977
3162,282.4710998535156,0.9982609186970113,0.0017390813029887209
3163,282.0423889160156,0.9982662406953544,0.001733759304645588
3164,281.9027099609375,0.9982715600580258,0.0017284399419742469
3165,281.8202819824219,0.9982768778653225,0.0017231221346775127
3166,281.6372375488281,0.9982821922186627,0.0017178077813373438
3167,281.4863586425781,0.9982875037249935,0.0017124962750064698
3168,281.300048828125,0.9982928117157518,0.0017071882842482067
3169,281.2056884765625,0.9982981179259774,0.0017018820740225538
3170,280.89984130859375,0.9983034183650206,0.0016965816349794327
3171,280.3345947265625,0.9983087081381444,0.0016912918618555706
3172,279.8058166503906,0.9983139879334912,0.0016860120665087575
3173,279.7168884277344,0.9983192660508071,0.0016807339491928808
3174,279.2834167480469,0.99832453598873,0.0016754640112699448
3175,278.7497253417969,0.9983297958561639,0.0016702041438361181
3176,278.3597717285156,0.9983350483653687,0.0016649516346313176
3177,278.3177185058594,0.9983403000810502,0.001659699918949764
3178,278.2041931152344,0.9983455496545648,0.00165445034543521
3179,277.9930114746094,0.9983507952431877,0.0016492047568122947
3180,277.8448181152344,0.9983560380354762,0.0016439619645237658
3181,277.4536437988281,0.9983612734465017,0.001638726553498282
3182,277.29998779296875,0.9983665059581155,0.001633494041884509
3183,276.59478759765625,0.9983717251629555,0.00162827483704453
3184,275.6197509765625,0.9983769259693438,0.001623074030656202
3185,275.51678466796875,0.9983821248328094,0.0016178751671905856
3186,274.4150390625,0.9983873029068885,0.0016126970931115148
3187,274.13818359375,0.9983924757568436,0.0016075242431563552
3188,274.02191162109375,0.9983976464128052,0.001602353587194849
3189,273.9244689941406,0.9984028152300731,0.0015971847699268737
3190,273.9034729003906,0.9984079836511554,0.0015920163488446493
3191,273.60858154296875,0.9984131465077856,0.001586853492214435
3192,273.2582092285156,0.9984183027530662,0.0015816972469337998
3193,272.91534423828125,0.9984234525286564,0.0015765474713436145
3194,272.8482971191406,0.9984286010391011,0.001571398960898862
3195,272.805908203125,0.9984337487496883,0.0015662512503117343
3196,272.4661865234375,0.9984388900498978,0.0015611099501021686
3197,272.3619689941406,0.9984440293835749,0.0015559706164250953
3198,272.0720520019531,0.9984491632466639,0.0015508367533361156
3199,271.83929443359375,0.9984542927177342,0.0015457072822657736
3200,271.810546875,0.9984594216463527,0.0015405783536472928
3201,270.8517150878906,0.9984645324822964,0.0015354675177036148
3202,270.7196350097656,0.9984696408259554,0.0015303591740446487
3203,270.4302673339844,0.9984747437093915,0.001525256290608512
3204,270.2020568847656,0.998479842286611,0.001520157713388981
3205,269.89202880859375,0.9984849350137562,0.0015150649862437637
3206,269.4761047363281,0.998490019892623,0.001509980107377018
3207,269.01708984375,0.998495096110109,0.001504903889890996
3208,268.8431396484375,0.9985001690452422,0.0014998309547578081
3209,268.3480529785156,0.9985052326383383,0.001494767361661653
3210,268.0330810546875,0.9985102902880724,0.0014897097119276337
3211,267.8438720703125,0.9985153443675278,0.0014846556324722426
3212,267.2159729003906,0.9985203865988409,0.0014796134011590967
3213,266.62060546875,0.9985254175958694,0.0014745824041305644
3214,266.42669677734375,0.9985304449339383,0.001469555066061723
3215,266.31793212890625,0.9985354702196727,0.001464529780327295
3216,265.9095764160156,0.9985404877999398,0.0014595122000602423
3217,265.75537109375,0.9985455024704298,0.0014544975295701645
3218,265.7293395996094,0.9985505166497186,0.0014494833502813886
3219,265.7038879394531,0.9985555303487474,0.0014444696512525557
3220,265.5933532714844,0.9985605419620425,0.0014394580379575306
3221,265.1141662597656,0.998565544533319,0.0014344554666809728
3222,264.8109130859375,0.9985705413823605,0.0014294586176395452
3223,264.6208190917969,0.9985755346444236,0.0014244653555763875
3224,264.12042236328125,0.9985805184642516,0.0014194815357484458
3225,263.93865966796875,0.9985854988543087,0.0014145011456913048
3226,263.8164978027344,0.9985904769392326,0.0014095230607673592
3227,263.678955078125,0.9985954524287945,0.00140454757120545
3228,263.2568664550781,0.9986004199537558,0.0013995800462441865
3229,263.1576232910156,0.9986053856060485,0.0013946143939514988
3230,262.6881103515625,0.9986103423988675,0.0013896576011325212
3231,262.5832824707031,0.9986152972136371,0.0013847027863629346
3232,262.2915344238281,0.9986202465232674,0.0013797534767325814
3233,261.8091125488281,0.998625186729839,0.0013748132701609794
3234,261.1870422363281,0.9986301151982561,0.001369884801743937
3235,261.1343994140625,0.9986350426733294,0.001364957326670635
3236,261.0540771484375,0.9986399686327619,0.001360031367238057
3237,260.68896484375,0.9986448877027085,0.0013551122972914609
3238,259.6745300292969,0.9986497876307792,0.0013502123692208379
3239,259.2331237792969,0.9986546792297354,0.001345320770264613
3240,258.909912109375,0.9986595647298496,0.0013404352701503752
3241,257.89453125,0.9986644310702366,0.0013355689297633866
3242,257.36749267578125,0.9986692874656702,0.0013307125343298143
3243,257.05633544921875,0.9986741379897229,0.001325862010277068
3244,256.78753662109375,0.9986789834416768,0.0013210165583231737
3245,256.5539245605469,0.9986838244854883,0.001316175514511686
3246,256.45599365234375,0.9986886636813926,0.001311336318607359
3247,256.3424377441406,0.998693500734554,0.001306499265446015
3248,255.69480895996094,0.9986983255672852,0.0013016744327147833
3249,255.3497314453125,0.998703143888577,0.0012968561114230504
3250,255.1029052734375,0.9987079575523826,0.0012920424476173809
3251,254.60601806640625,0.9987127618401761,0.0012872381598239002
3252,254.58863830566406,0.9987175658000221,0.0012824341999778666
3253,254.38340759277344,0.9987223658872676,0.0012776341127324065
3254,254.2044677734375,0.9987271625980085,0.0012728374019914668
3255,253.8500518798828,0.9987319526210994,0.0012680473789006275
3256,253.25051879882812,0.9987367313313019,0.001263268668698081
3257,253.0601348876953,0.9987415064490556,0.0012584935509444284
3258,252.94375610351562,0.9987462793707998,0.0012537206292001501
3259,252.9033660888672,0.9987510515304049,0.0012489484695951125
3260,252.83514404296875,0.9987558224026942,0.0012441775973057734
3261,252.65097045898438,0.9987605897997204,0.0012394102002796226
3262,252.28895568847656,0.9987653503657096,0.00123464963429043
3263,251.28880310058594,0.9987700920593212,0.0012299079406787872
3264,251.26919555664062,0.9987748333829484,0.0012251666170516318
3265,251.2295684814453,0.9987795739588325,0.001220426041167455
3266,251.2274627685547,0.998784314494983,0.00121568550501705
3267,250.3804931640625,0.998789039049242,0.001210960950758011
3268,249.9344482421875,0.9987937551868571,0.0012062448131429093
3269,249.91281127929688,0.9987984709161937,0.0012015290838063297
3270,249.88742065429688,0.9988031861664218,0.0011968138335781697
3271,249.63711547851562,0.998807896693517,0.0011921033064830056
3272,249.54490661621094,0.9988126054806771,0.0011873945193229263
3273,249.4217071533203,0.9988173119431252,0.0011826880568748255
3274,248.78663635253906,0.9988220064221061,0.0011779935778939432
3275,248.68556213378906,0.998826698993867,0.0011733010061329985
3276,248.3828582763672,0.9988313858537582,0.0011686141462418087
3277,248.06793212890625,0.998836066771151,0.0011639332288490012
3278,246.6555633544922,0.9988407210378537,0.0011592789621462929
3279,246.21792602539062,0.9988453670465597,0.0011546329534403155
3280,246.1492156982422,0.9988500117587362,0.0011499882412637774
3281,245.9947967529297,0.9988546535571048,0.001145346442895212
3282,245.376220703125,0.9988592836832537,0.001140716316746282
3283,245.1394805908203,0.9988639093422356,0.0011360906577644325
3284,244.92665100097656,0.9988685309852299,0.0011314690147701256
3285,244.803466796875,0.9988731503038,0.0011268496962000274
3286,244.6028289794922,0.9988777658364352,0.001122234163564828
3287,244.60061645507812,0.9988823813273212,0.0011176186726787884
3288,243.72747802734375,0.9988869803425232,0.001113019657476788
3289,243.70425415039062,0.9988915789195023,0.0011084210804976902
3290,243.53199768066406,0.9988961742460882,0.001103825753911769
3291,243.51173400878906,0.9989007691903089,0.0010992308096910985
3292,243.3773651123047,0.998905361599056,0.0010946384009440369
3293,243.0411376953125,0.9989099476633603,0.0010900523366397241
3294,242.6800994873047,0.9989145269150549,0.00108547308494511
3295,242.46092224121094,0.9989191020309848,0.0010808979690152265
3296,242.11427307128906,0.9989236706058188,0.0010763293941812302
3297,241.86614990234375,0.9989282344986932,0.0010717655013068317
3298,241.260986328125,0.9989327869724346,0.0010672130275654057
3299,241.24830627441406,0.9989373392069097,0.0010626607930902532
3300,241.1762237548828,0.9989418900812239,0.0010581099187760845
3301,240.7178955078125,0.998946432307114,0.0010535676928860038
3302,240.11248779296875,0.9989509631092645,0.001049036890735544
3303,240.05702209472656,0.9989554928648049,0.0010445071351951052
3304,239.51065063476562,0.9989600123105902,0.001039987689409827
3305,239.0499725341797,0.9989645230636108,0.001035476936389168
3306,238.7443084716797,0.998969028048904,0.001030971951096027
3307,238.72091674804688,0.9989735325928071,0.0010264674071929214
3308,238.10166931152344,0.9989780254518218,0.001021974548178206
3309,237.9575653076172,0.9989825155916663,0.0010174844083337131
3310,237.65609741210938,0.9989870000429628,0.0010129999570371861
3311,237.63018798828125,0.9989914840053615,0.0010085159946384703
3312,237.58197021484375,0.9989959670579152,0.0010040329420848426
3313,237.48046875,0.999000448195187,0.000999551804813037
3314,237.2122802734375,0.9990049242718768,0.0009950757281231848
3315,236.45115661621094,0.9990093859865453,0.0009906140134546826
3316,236.22122192382812,0.9990138433624615,0.0009861566375385378
3317,235.57208251953125,0.9990182884894429,0.0009817115105571483
3318,235.3177947998047,0.9990227288181425,0.0009772711818575308
3319,234.33299255371094,0.9990271505641181,0.0009728494358819395
3320,234.06703186035156,0.9990315672915487,0.0009684327084512612
3321,234.06407165527344,0.9990359839631218,0.0009640160368782347
3322,234.01498413085938,0.9990403997084379,0.0009596002915620572
3323,233.65548706054688,0.9990448086702248,0.0009551913297751735
3324,233.62484741210938,0.9990492170538569,0.0009507829461431472
3325,233.58758544921875,0.9990536247343744,0.0009463752656255764
3326,233.45166015625,0.9990580298500498,0.0009419701499502331
3327,232.9668426513672,0.9990624258174622,0.0009375741825378148
3328,232.56039428710938,0.999066814115398,0.0009331858846020058
3329,232.2569580078125,0.9990711966876434,0.0009288033123565631
3330,232.03025817871094,0.9990755749821768,0.0009244250178231939
3331,231.84080505371094,0.9990799497018249,0.0009200502981751013
3332,231.6769256591797,0.9990843213291509,0.0009156786708490738
3333,231.43157958984375,0.9990886883269199,0.0009113116730801174
3334,230.6455078125,0.9990930404919087,0.0009069595080912762
3335,230.198974609375,0.9990973842310402,0.0009026157689597802
3336,230.07168579101562,0.9991017255682955,0.0008982744317045377
3337,229.93492126464844,0.9991060643248728,0.0008939356751271887
3338,229.8762969970703,0.9991104019752397,0.0008895980247602964
3339,229.3548126220703,0.999114729785458,0.0008852702145419888
3340,229.19541931152344,0.9991190545880047,0.0008809454119953486
3341,228.64988708496094,0.9991233690966319,0.0008766309033680919
3342,228.03744506835938,0.9991276720487856,0.0008723279512143911
3343,227.93739318847656,0.9991319731130106,0.0008680268869893926
3344,227.4295196533203,0.9991362645939168,0.0008637354060831992
3345,227.1234588623047,0.9991405502996095,0.0008594497003905355
3346,227.02142333984375,0.999144834079943,0.0008551659200569661
3347,226.8370819091797,0.9991491143818463,0.0008508856181537183
3348,226.6937713623047,0.9991533919795514,0.0008466080204485582
3349,226.6549530029297,0.9991576688447736,0.0008423311552263613
3350,226.3770751953125,0.9991619404665811,0.0008380595334188667
3351,225.63539123535156,0.9991661980931844,0.00083380190681559
3352,225.52882385253906,0.9991704537089147,0.0008295462910853368
3353,225.4991455078125,0.9991747087646294,0.0008252912353705621
3354,224.9221954345703,0.9991789529335859,0.0008210470664140601
3355,224.89569091796875,0.9991831966024154,0.000816803397584609
3356,224.35220336914062,0.9991874300159076,0.0008125699840924039
3357,224.29981994628906,0.9991916624409509,0.0008083375590490771
3358,224.06871032714844,0.9991958905050716,0.0008041094949283734
3359,223.6719207763672,0.9992001110819727,0.0007998889180272917
3360,223.60562133789062,0.9992043304078366,0.0007956695921633727
3361,223.49375915527344,0.9992085476229173,0.0007914523770826687
3362,223.31634521484375,0.9992127614902859,0.0007872385097140722
3363,223.24620056152344,0.9992169740340602,0.0007830259659398209
3364,222.0931854248047,0.9992211648210174,0.0007788351789825843
3365,221.99948120117188,0.9992253538398229,0.0007746461601770838
3366,221.88197326660156,0.9992295406413128,0.0007704593586872477
3367,221.43890380859375,0.9992337190823042,0.0007662809176958163
3368,221.43850708007812,0.9992378975158096,0.0007621024841903967
3369,221.3737030029297,0.9992420747264945,0.0007579252735054887
3370,221.31919860839844,0.999246250908709,0.0007537490912910005
3371,221.21841430664062,0.9992504251891742,0.000749574810825826
3372,220.9404754638672,0.9992545942250729,0.0007454057749270993
3373,220.62098693847656,0.9992587572323834,0.0007412427676165567
3374,220.591796875,0.9992629196888921,0.0007370803111078628
3375,220.45028686523438,0.999267079475178,0.0007329205248219894
3376,220.01791381835938,0.9992712311028015,0.0007287688971985284
3377,218.8000946044922,0.9992753597507874,0.0007246402492125936
3378,218.75534057617188,0.9992794875542873,0.0007205124457126955
3379,218.46046447753906,0.9992836097936233,0.0007163902063767047
3380,218.45535278320312,0.9992877319365041,0.0007122680634958911
3381,218.2106475830078,0.9992918494619206,0.0007081505380793773
3382,217.0472412109375,0.9992959450344426,0.0007040549655573658
3383,216.69723510742188,0.9993000340025252,0.000699965997474794
3384,216.5334014892578,0.9993041198791496,0.0006958801208504228
3385,216.458740234375,0.9993082043469536,0.0006917956530464453
3386,216.11183166503906,0.999312282268767,0.0006877177312329952
3387,216.01048278808594,0.9993163582781779,0.0006836417218221147
3388,215.9476776123047,0.9993204331024866,0.0006795668975133617
3389,215.64402770996094,0.9993245021970741,0.0006754978029258618
3390,215.54754638671875,0.9993285694711075,0.0006714305288925138
3391,214.6897430419922,0.9993326205588221,0.0006673794411778955
3392,214.44772338867188,0.9993366670797474,0.0006633329202525573
3393,213.748046875,0.999340700398128,0.0006592996018720543
3394,213.4281463623047,0.9993447276801464,0.0006552723198536281
3395,212.7285919189453,0.9993487417619236,0.0006512582380764353
3396,212.46975708007812,0.9993527509596172,0.0006472490403828246
3397,212.43441772460938,0.9993567594904749,0.0006432405095251337
3398,212.39572143554688,0.9993607672911531,0.0006392327088469152
3399,212.3651885986328,0.999364774515692,0.0006352254843080551
3400,212.31361389160156,0.9993687807670419,0.0006312192329580579
3401,212.0906219482422,0.9993727828106459,0.0006272171893541012
3402,211.68576049804688,0.9993767772147174,0.0006232227852825956
3403,211.29873657226562,0.9993807643158417,0.0006192356841583369
3404,210.9568634033203,0.9993847449659908,0.0006152550340091656
3405,210.8239288330078,0.9993887231077314,0.0006112768922685863
3406,210.5113525390625,0.9993926953513141,0.000607304648685858
3407,210.4434356689453,0.9993966663133396,0.0006033336866604344
3408,210.0894012451172,0.9994006305949131,0.0005993694050868692
3409,209.9602508544922,0.9994045924394835,0.0005954075605164588
3410,209.5543975830078,0.9994085466258065,0.0005914533741935291
3411,209.54051208496094,0.999412500550117,0.0005874994498830111
3412,209.04603576660156,0.9994164451439076,0.0005835548560924053
3413,208.7293701171875,0.9994203837623762,0.0005796162376238145
3414,208.3649444580078,0.9994243155043155,0.0005756844956844587
3415,207.86439514160156,0.9994282378011404,0.0005717621988595711
3416,207.5879364013672,0.9994321548813278,0.00056784511867225
3417,207.34579467773438,0.9994360673924221,0.0005639326075779216
3418,207.21156311035156,0.9994399773706342,0.0005600226293658306
3419,207.08560180664062,0.9994438849720197,0.0005561150279802529
3420,207.0808868408203,0.9994477924844362,0.0005522075155638406
3421,207.03636169433594,0.9994516991566855,0.0005483008433144754
3422,207.0232391357422,0.9994556055813187,0.0005443944186812599
3423,205.76377868652344,0.9994594882405653,0.0005405117594347031
3424,205.4065399169922,0.9994633641588956,0.0005366358411044159
3425,205.40628051757812,0.999467240072331,0.0005327599276689909
3426,204.60890197753906,0.9994711009396336,0.0005288990603663501
3427,204.26589965820312,0.9994749553346546,0.0005250446653454199
3428,203.94227600097656,0.9994788036230596,0.0005211963769403694
3429,203.31875610351562,0.999482640145957,0.000517359854042998
3430,203.3107147216797,0.9994864765171175,0.000513523482882472
3431,203.2642364501953,0.9994903120112564,0.0005096879887436234
3432,203.16934204101562,0.9994941457147855,0.0005058542852145465
3433,202.48992919921875,0.9994979665981351,0.000502033401864943
3434,202.0096893310547,0.9995017784195994,0.0004982215804005818
3435,201.88926696777344,0.9995055879687541,0.0004944120312458944
3436,201.7428741455078,0.9995093947555498,0.0004906052444502151
3437,201.5727996826172,0.9995131983331257,0.0004868016668743147
3438,201.3018341064453,0.9995169967977171,0.0004830032022828945
3439,200.80833435058594,0.9995207859502159,0.00047921404978412685
3440,200.3126983642578,0.9995245657503122,0.00047543424968776726
3441,200.30389404296875,0.9995283453842754,0.00047165461572462597
3442,199.02882385253906,0.999532100958304,0.00046789904169597385
3443,198.4285888671875,0.9995358452061996,0.0004641547938003532
3444,198.356689453125,0.9995395880973894,0.0004604119026105913
3445,197.71469116210938,0.9995433188743936,0.000456681125606373
3446,197.6336669921875,0.9995470481225124,0.00045295187748761734
3447,197.60214233398438,0.9995507767757768,0.0004492232242232497
3448,197.44158935546875,0.9995545023994868,0.0004454976005131561
3449,196.71498107910156,0.9995582143124635,0.00044178568753650005
3450,196.23019409179688,0.999561917077753,0.0004380829222470073
3451,196.07791137695312,0.9995656169695439,0.00043438303045606474
3452,195.7209014892578,0.9995693101247376,0.0004306898752624022
3453,195.66709899902344,0.9995730022647052,0.00042699773529475404
3454,195.6318359375,0.9995766937392765,0.0004233062607235105
3455,195.58480834960938,0.9995803843264609,0.0004196156735390977
3456,195.35926818847656,0.9995840706578156,0.0004159293421843735
3457,195.12637329101562,0.9995877525945605,0.0004122474054395475
3458,194.91461181640625,0.9995914305354725,0.0004085694645274973
3459,194.21316528320312,0.9995950952404405,0.0004049047595594546
3460,193.9241485595703,0.999598754491808,0.000401245508191983
3461,193.58657836914062,0.9996024073733955,0.0003975926266045482
3462,193.5815887451172,0.9996060601608311,0.00039393983916891084
3463,193.3115234375,0.99960970785227,0.0003902921477300092
3464,193.26678466796875,0.9996133546995107,0.0003866453004892634
3465,193.07070922851562,0.9996169978469063,0.00038300215309372554
3466,192.3599395751953,0.9996206275824352,0.000379372417564805
3467,192.1934356689453,0.9996242541761189,0.0003757458238811129
3468,190.89004516601562,0.9996278561754779,0.0003721438245221087
3469,190.48036193847656,0.99963145044432,0.0003685495556799978
3470,190.38140869140625,0.999635042845964,0.00036495715403594975
3471,189.8809814453125,0.999638625804797,0.0003613741952029903
3472,189.7426300048828,0.9996422061530078,0.00035779384699219374
3473,189.6623077392578,0.9996457849855777,0.00035421501442234327
3474,189.45411682128906,0.9996493598896894,0.00035064011031060716
3475,188.6817169189453,0.9996529202190026,0.00034707978099735026
3476,188.4647674560547,0.9996564764545883,0.0003435235454116725
3477,188.34805297851562,0.9996600304878304,0.00033996951216963556
3478,188.31494140625,0.9996635838962737,0.00033641610372625586
3479,188.0886688232422,0.9996671330350669,0.0003328669649330651
3480,187.8052215576172,0.9996706768253526,0.00032932317464740013
3481,187.15170288085938,0.9996742082840686,0.00032579171593138945
3482,187.14219665527344,0.999677739563407,0.00032226043659300263
3483,186.92100524902344,0.9996812666689746,0.00031873333102538925
3484,186.6761932373047,0.9996847891550623,0.0003152108449376856
3485,185.5448455810547,0.9996882902931875,0.00031170970681249077
3486,185.0688018798828,0.999691782448607,0.00030821755139298634
3487,184.51470947265625,0.9996952641485808,0.00030473585141921333
3488,184.48153686523438,0.9996987452226042,0.00030125477739584294
3489,184.20556640625,0.9997022210892034,0.0002977789107966311
3490,184.139892578125,0.9997056957165705,0.00029430428342946957
3491,184.07928466796875,0.9997091692002967,0.00029083079970326775
3492,184.0564422607422,0.9997126422529982,0.00028735774700183736
3493,183.95616149902344,0.999716113413452,0.0002838865865479878
3494,183.3951416015625,0.9997195739877419,0.0002804260122580837
3495,183.0703125,0.9997230284326697,0.0002769715673303086
3496,183.01229858398438,0.9997264817829039,0.0002735182170960915
3497,182.9709930419922,0.9997299343537234,0.0002700656462766293
3498,182.8846893310547,0.9997333852960351,0.00026661470396494025
3499,182.1869659423828,0.9997368230726565,0.0002631769273434559
3500,181.95115661621094,0.9997402563996745,0.000259743600325546
3501,181.6301727294922,0.9997436836698874,0.0002563163301125826
3502,181.1520233154297,0.9997471019176608,0.0002528980823391924
3503,180.84796142578125,0.999750514427939,0.0002494855720609479
3504,180.34693908691406,0.9997539174841772,0.0002460825158228097
3505,180.1442413330078,0.9997573167156104,0.00024268328438958875
3506,179.95098876953125,0.9997607123004647,0.0002392876995352955
3507,179.92250061035156,0.9997641073477618,0.0002358926522382232
3508,179.82716369628906,0.9997675005960991,0.00023249940390090984
3509,179.58355712890625,0.9997708892477026,0.00022911075229736788
3510,179.1900177001953,0.9997742704734148,0.0002257295265851722
3511,178.59104919433594,0.9997776403968918,0.00022235960310823533
3512,178.51516723632812,0.9997810088885143,0.00021899111148571127
3513,178.35557556152344,0.9997843743687219,0.00021562563127808243
3514,177.9684295654297,0.999787732543679,0.00021226745632096922
3515,177.22315979003906,0.9997910766557694,0.00020892334423061598
3516,176.25100708007812,0.9997944024238259,0.00020559757617411023
3517,176.22889709472656,0.9997977277746781,0.0002022722253218756
3518,175.2356719970703,0.9998010343838712,0.00019896561612875452
3519,175.0930633544922,0.9998043383021108,0.0001956616978892045
3520,174.655517578125,0.9998076339640811,0.00019236603591887835
3521,174.59873962402344,0.9998109285546799,0.00018907144532009923
3522,174.20835876464844,0.9998142157789879,0.00018578422101211967
3523,173.6065673828125,0.9998174916477944,0.00018250835220556816
3524,173.15525817871094,0.9998207590006227,0.00017924099937727256
3525,173.05517578125,0.9998240244649464,0.0001759755350535519
3526,172.79568481445312,0.9998272850328058,0.00017271496719417634
3527,172.36398315429688,0.9998305374546715,0.00016946254532845817
3528,172.31155395507812,0.9998337888872245,0.00016621111277548284
3529,172.04434204101562,0.9998370352776228,0.00016296472237720128
3530,171.7302703857422,0.9998402757416466,0.00015972425835342197
3531,170.58644104003906,0.9998434946221846,0.00015650537781541907
3532,170.4515380859375,0.9998467109571715,0.0001532890428285194
3533,170.06849670410156,0.9998499200643598,0.0001500799356402016
3534,169.95455932617188,0.999853127021607,0.00014687297839299784
3535,169.57208251953125,0.9998563267617088,0.0001436732382912309
3536,169.50955200195312,0.999859525321891,0.00014047467810895942
3537,168.29147338867188,0.9998627008975411,0.00013729910245885435
3538,168.1290740966797,0.9998658734087981,0.00013412659120193293
3539,167.3335418701172,0.9998690309087611,0.00013096909123888612
3540,167.3302764892578,0.9998721883471081,0.0001278116528918849
3541,166.9373779296875,0.9998753383716564,0.00012466162834356975
3542,166.55169677734375,0.9998784811185949,0.0001215188814051027
3543,165.71951293945312,0.999881608162642,0.00011839183735795622
3544,165.70468139648438,0.9998847349268254,0.00011526507317460855
3545,165.64036560058594,0.9998878604774019,0.00011213952259814253
3546,165.50759887695312,0.999890983522737,0.00010901647726302421
3547,165.29931640625,0.9998941026378864,0.00010589736211363832
3548,165.1439971923828,0.9998972188222401,0.00010278117775985862
3549,163.73611450195312,0.999900308440554,9.969155944600239e-05
3550,163.25479125976562,0.9999033889765399,9.661102346014694e-05
3551,163.053466796875,0.9999064657136342,9.353428636582617e-05
3552,162.6942596435547,0.9999095356726697,9.046432733028631e-05
3553,162.09352111816406,0.9999125942960707,8.740570392928859e-05
3554,162.07972717285156,0.9999156526591869,8.434734081308459e-05
3555,161.7581329345703,0.9999187049539813,8.129504601872561e-05
3556,161.72015380859375,0.9999217565321286,7.824346787144165e-05
3557,160.74392700195312,0.9999247896893658,7.521031063417727e-05
3558,160.63995361328125,0.9999278208846775,7.217911532253485e-05
3559,160.5017852783203,0.9999308494728221,6.915052717793024e-05
3560,160.392578125,0.9999338760002824,6.612399971761551e-05
3561,159.93988037109375,0.9999368939855633,6.310601443670905e-05
3562,158.3399200439453,0.9999398817803956,6.0118219604388123e-05
3563,158.17440795898438,0.9999428664520981,5.7133547901933035e-05
3564,157.86724853515625,0.9999458453278564,5.4154672143647e-05
3565,157.80795288085938,0.9999488230847353,5.117691526468349e-05
3566,157.16651916503906,0.999951788738082,4.821126191800751e-05
3567,156.3458709716797,0.9999547389062091,4.526109379088261e-05
3568,156.14505004882812,0.9999576852849461,4.2314715053892726e-05
3569,155.60446166992188,0.9999606214630518,3.937853694824245e-05
3570,155.53134155273438,0.9999635562614174,3.64437385825811e-05
3571,153.36190795898438,0.9999664501236599,3.354987634007767e-05
3572,152.34266662597656,0.9999693247533299,3.067524667010879e-05
3573,152.23631286621094,0.9999721973761578,2.7802623842165808e-05
3574,151.04583740234375,0.9999750475353112,2.495246468880996e-05
3575,150.2124786376953,0.9999778819694027,2.211803059726236e-05
3576,149.82542419433594,0.9999807090999713,1.9290900028723357e-05
3577,148.87924194335938,0.9999835183765555,1.6481623444475346e-05
3578,144.4727325439453,0.9999862445045188,1.3755495481215796e-05
3579,144.44601440429688,0.999988970128324,1.1029871676004888e-05
3580,143.882568359375,0.9999916851201852,8.314879814785847e-06
3581,143.4958953857422,0.9999943928157214,5.607184278555444e-06
3582,135.94329833984375,0.9999969579975414,3.042002458597537e-06
3583,95.04947662353516,0.9999987515334672,1.2484665328216238e-06
3584,66.1632080078125,1.0,0.0
